period_type,period_start,period_label,reporter_country,reporter_iso,partner_country,partner_iso,flow,commodity_group,analysis_bucket,hs6,hs_description,export_value_usd,export_quantity_ton,export_unit_value_usd_per_ton,export_value_usd_yoy_pct,export_quantity_ton_yoy_pct,export_unit_value_yoy_pct,export_value_usd_mom_pct,export_quantity_ton_mom_pct,export_unit_value_mom_pct,market_share_by_value_pct,market_share_by_quantity_pct,unit_value_rank_by_period,value_rank_by_period,quantity_rank_by_period,data_quality_flag,unit_value_flag,confidence_score,notes,source_name,source_url,fetched_at
A,2020-01-01,2020,Vietnam,VNM,Germany,DEU,Export,coffee,coffee_raw_core,090111,Coffee; not roasted or decaffeinated,324793743.384,212181.556967,1530.735037,,,,,,,17.21243,17.563667,57,1,1,ok,ok,0.85,"Export unit value is calculated as total export value USD divided by total quantity tons. It is an average proxy, not a transaction, contract, FOB invoice, or exact selling price.",UN Comtrade,https://comtradeapi.un.org/public/v1/preview/C/A/HS?reporterCode=704&flowCode=X&cmdCode=090111&period=2020%2C2021%2C2022%2C2023%2C2024%2C2025%2C2026&includeDesc=true,2026-05-26T17:43:55.608Z
A,2020-01-01,2020,Vietnam,VNM,Italy,ITA,Export,coffee,coffee_raw_core,090111,Coffee; not roasted or decaffeinated,219128387.988,138964.510326,1576.865831,,,,,,,11.612699,11.503009,34,2,2,ok,ok,0.85,"Export unit value is calculated as total export value USD divided by total quantity tons. It is an average proxy, not a transaction, contract, FOB invoice, or exact selling price.",UN Comtrade,https://comtradeapi.un.org/public/v1/preview/C/A/HS?reporterCode=704&flowCode=X&cmdCode=090111&period=2020%2C2021%2C2022%2C2023%2C2024%2C2025%2C2026&includeDesc=true,2026-05-26T17:43:55.608Z
A,2020-01-01,2020,Vietnam,VNM,USA,USA,Export,coffee,coffee_raw_core,090111,Coffee; not roasted or decaffeinated,204017375.824,127457.702248,1600.667298,,,,,,,10.811892,10.550514,29,3,3,ok,ok,0.85,"Export unit value is calculated as total export value USD divided by total quantity tons. It is an average proxy, not a transaction, contract, FOB invoice, or exact selling price.",UN Comtrade,https://comtradeapi.un.org/public/v1/preview/C/A/HS?reporterCode=704&flowCode=X&cmdCode=090111&period=2020%2C2021%2C2022%2C2023%2C2024%2C2025%2C2026&includeDesc=true,2026-05-26T17:43:55.608Z
A,2020-01-01,2020,Vietnam,VNM,Japan,JPN,Export,coffee,coffee_raw_core,090111,Coffee; not roasted or decaffeinated,148550704.418,93866.752201,1582.569983,,,,,,,7.872438,7.76997,32,4,4,ok,ok,0.85,"Export unit value is calculated as total export value USD divided by total quantity tons. It is an average proxy, not a transaction, contract, FOB invoice, or exact selling price.",UN Comtrade,https://comtradeapi.un.org/public/v1/preview/C/A/HS?reporterCode=704&flowCode=X&cmdCode=090111&period=2020%2C2021%2C2022%2C2023%2C2024%2C2025%2C2026&includeDesc=true,2026-05-26T17:43:55.608Z
A,2020-01-01,2020,Vietnam,VNM,Spain,ESP,Export,coffee,coffee_raw_core,090111,Coffee; not roasted or decaffeinated,124828746.595,81596.538783,1529.828942,,,,,,,6.615294,6.754284,58,5,5,ok,ok,0.85,"Export unit value is calculated as total export value USD divided by total quantity tons. It is an average proxy, not a transaction, contract, FOB invoice, or exact selling price.",UN Comtrade,https://comtradeapi.un.org/public/v1/preview/C/A/HS?reporterCode=704&flowCode=X&cmdCode=090111&period=2020%2C2021%2C2022%2C2023%2C2024%2C2025%2C2026&includeDesc=true,2026-05-26T17:43:55.608Z
A,2020-01-01,2020,Vietnam,VNM,Belgium,BEL,Export,coffee,coffee_raw_core,090111,Coffee; not roasted or decaffeinated,111863668.417,69208.319913,1616.332669,,,,,,,5.92821,5.728829,25,6,6,ok,ok,0.85,"Export unit value is calculated as total export value USD divided by total quantity tons. It is an average proxy, not a transaction, contract, FOB invoice, or exact selling price.",UN Comtrade,https://comtradeapi.un.org/public/v1/preview/C/A/HS?reporterCode=704&flowCode=X&cmdCode=090111&period=2020%2C2021%2C2022%2C2023%2C2024%2C2025%2C2026&includeDesc=true,2026-05-26T17:43:55.608Z
A,2020-01-01,2020,Vietnam,VNM,Algeria,DZA,Export,coffee,coffee_raw_core,090111,Coffee; not roasted or decaffeinated,93745129.556,60141.636503,1558.739253,,,,,,,4.968019,4.97832,45,7,7,ok,ok,0.85,"Export unit value is calculated as total export value USD divided by total quantity tons. It is an average proxy, not a transaction, contract, FOB invoice, or exact selling price.",UN Comtrade,https://comtradeapi.un.org/public/v1/preview/C/A/HS?reporterCode=704&flowCode=X&cmdCode=090111&period=2020%2C2021%2C2022%2C2023%2C2024%2C2025%2C2026&includeDesc=true,2026-05-26T17:43:55.608Z
A,2020-01-01,2020,Vietnam,VNM,Russian Federation,RUS,Export,coffee,coffee_raw_core,090111,Coffee; not roasted or decaffeinated,91408712.591,59377.071911,1539.461439,,,,,,,4.844201,4.915032,53,8,8,ok,ok,0.85,"Export unit value is calculated as total export value USD divided by total quantity tons. It is an average proxy, not a transaction, contract, FOB invoice, or exact selling price.",UN Comtrade,https://comtradeapi.un.org/public/v1/preview/C/A/HS?reporterCode=704&flowCode=X&cmdCode=090111&period=2020%2C2021%2C2022%2C2023%2C2024%2C2025%2C2026&includeDesc=true,2026-05-26T17:43:55.608Z
A,2020-01-01,2020,Vietnam,VNM,Malaysia,MYS,Export,coffee,coffee_raw_core,090111,Coffee; not roasted or decaffeinated,51603176.258,34029.743388,1516.413911,,,,,,,2.734708,2.816866,60,9,9,ok,ok,0.85,"Export unit value is calculated as total export value USD divided by total quantity tons. It is an average proxy, not a transaction, contract, FOB invoice, or exact selling price.",UN Comtrade,https://comtradeapi.un.org/public/v1/preview/C/A/HS?reporterCode=704&flowCode=X&cmdCode=090111&period=2020%2C2021%2C2022%2C2023%2C2024%2C2025%2C2026&includeDesc=true,2026-05-26T17:43:55.608Z
A,2020-01-01,2020,Vietnam,VNM,Thailand,THA,Export,coffee,coffee_raw_core,090111,Coffee; not roasted or decaffeinated,48297405.063,31396.324184,1538.314001,,,,,,,2.559519,2.598881,54,10,10,ok,ok,0.85,"Export unit value is calculated as total export value USD divided by total quantity tons. It is an average proxy, not a transaction, contract, FOB invoice, or exact selling price.",UN Comtrade,https://comtradeapi.un.org/public/v1/preview/C/A/HS?reporterCode=704&flowCode=X&cmdCode=090111&period=2020%2C2021%2C2022%2C2023%2C2024%2C2025%2C2026&includeDesc=true,2026-05-26T17:43:55.608Z
A,2020-01-01,2020,Vietnam,VNM,Philippines,PHL,Export,coffee,coffee_raw_core,090111,Coffee; not roasted or decaffeinated,47334828.103,31068.330524,1523.571666,,,,,,,2.508507,2.571731,59,11,11,ok,ok,0.85,"Export unit value is calculated as total export value USD divided by total quantity tons. It is an average proxy, not a transaction, contract, FOB invoice, or exact selling price.",UN Comtrade,https://comtradeapi.un.org/public/v1/preview/C/A/HS?reporterCode=704&flowCode=X&cmdCode=090111&period=2020%2C2021%2C2022%2C2023%2C2024%2C2025%2C2026&includeDesc=true,2026-05-26T17:43:55.608Z
A,2020-01-01,2020,Vietnam,VNM,Rep. of Korea,KOR,Export,coffee,coffee_raw_core,090111,Coffee; not roasted or decaffeinated,46897953.791,29878.348575,1569.630051,,,,,,,2.485355,2.473228,37,12,12,ok,ok,0.85,"Export unit value is calculated as total export value USD divided by total quantity tons. It is an average proxy, not a transaction, contract, FOB invoice, or exact selling price.",UN Comtrade,https://comtradeapi.un.org/public/v1/preview/C/A/HS?reporterCode=704&flowCode=X&cmdCode=090111&period=2020%2C2021%2C2022%2C2023%2C2024%2C2025%2C2026&includeDesc=true,2026-05-26T17:43:55.608Z
A,2020-01-01,2020,Vietnam,VNM,United Kingdom,GBR,Export,coffee,coffee_raw_core,090111,Coffee; not roasted or decaffeinated,38641888.452,24489.002412,1577.928239,,,,,,,2.047825,2.027116,33,13,13,ok,ok,0.85,"Export unit value is calculated as total export value USD divided by total quantity tons. It is an average proxy, not a transaction, contract, FOB invoice, or exact selling price.",UN Comtrade,https://comtradeapi.un.org/public/v1/preview/C/A/HS?reporterCode=704&flowCode=X&cmdCode=090111&period=2020%2C2021%2C2022%2C2023%2C2024%2C2025%2C2026&includeDesc=true,2026-05-26T17:43:55.608Z
A,2020-01-01,2020,Vietnam,VNM,China,CHN,Export,coffee,coffee_raw_core,090111,Coffee; not roasted or decaffeinated,35576966.828,23558.1244,1510.178239,,,,,,,1.8854,1.950061,61,14,14,ok,ok,0.85,"Export unit value is calculated as total export value USD divided by total quantity tons. It is an average proxy, not a transaction, contract, FOB invoice, or exact selling price.",UN Comtrade,https://comtradeapi.un.org/public/v1/preview/C/A/HS?reporterCode=704&flowCode=X&cmdCode=090111&period=2020%2C2021%2C2022%2C2023%2C2024%2C2025%2C2026&includeDesc=true,2026-05-26T17:43:55.608Z
A,2020-01-01,2020,Vietnam,VNM,France,FRA,Export,coffee,coffee_raw_core,090111,Coffee; not roasted or decaffeinated,28762956.679,18731.72861,1535.520681,,,,,,,1.524292,1.550549,56,15,16,ok,ok,0.85,"Export unit value is calculated as total export value USD divided by total quantity tons. It is an average proxy, not a transaction, contract, FOB invoice, or exact selling price.",UN Comtrade,https://comtradeapi.un.org/public/v1/preview/C/A/HS?reporterCode=704&flowCode=X&cmdCode=090111&period=2020%2C2021%2C2022%2C2023%2C2024%2C2025%2C2026&includeDesc=true,2026-05-26T17:43:55.608Z
A,2020-01-01,2020,Vietnam,VNM,India,IND,Export,coffee,coffee_raw_core,090111,Coffee; not roasted or decaffeinated,28725594.449,19865.187916,1446.026817,,,,,,,1.522312,1.644373,65,16,15,ok,ok,0.85,"Export unit value is calculated as total export value USD divided by total quantity tons. It is an average proxy, not a transaction, contract, FOB invoice, or exact selling price.",UN Comtrade,https://comtradeapi.un.org/public/v1/preview/C/A/HS?reporterCode=704&flowCode=X&cmdCode=090111&period=2020%2C2021%2C2022%2C2023%2C2024%2C2025%2C2026&includeDesc=true,2026-05-26T17:43:55.608Z
A,2020-01-01,2020,Vietnam,VNM,Australia,AUS,Export,coffee,coffee_raw_core,090111,Coffee; not roasted or decaffeinated,23186038.823,14981.931002,1547.60016,,,,,,,1.228743,1.240153,48,17,17,ok,ok,0.85,"Export unit value is calculated as total export value USD divided by total quantity tons. It is an average proxy, not a transaction, contract, FOB invoice, or exact selling price.",UN Comtrade,https://comtradeapi.un.org/public/v1/preview/C/A/HS?reporterCode=704&flowCode=X&cmdCode=090111&period=2020%2C2021%2C2022%2C2023%2C2024%2C2025%2C2026&includeDesc=true,2026-05-26T17:43:55.608Z
A,2020-01-01,2020,Vietnam,VNM,Poland,POL,Export,coffee,coffee_raw_core,090111,Coffee; not roasted or decaffeinated,19843392.251,13150.902997,1508.899598,,,,,,,1.0516,1.088587,62,18,18,ok,ok,0.85,"Export unit value is calculated as total export value USD divided by total quantity tons. It is an average proxy, not a transaction, contract, FOB invoice, or exact selling price.",UN Comtrade,https://comtradeapi.un.org/public/v1/preview/C/A/HS?reporterCode=704&flowCode=X&cmdCode=090111&period=2020%2C2021%2C2022%2C2023%2C2024%2C2025%2C2026&includeDesc=true,2026-05-26T17:43:55.608Z
A,2020-01-01,2020,Vietnam,VNM,Netherlands,NLD,Export,coffee,coffee_raw_core,090111,Coffee; not roasted or decaffeinated,18222344.832,10736.808399,1697.184504,,,,,,,0.965692,0.888756,15,19,20,ok,ok,0.85,"Export unit value is calculated as total export value USD divided by total quantity tons. It is an average proxy, not a transaction, contract, FOB invoice, or exact selling price.",UN Comtrade,https://comtradeapi.un.org/public/v1/preview/C/A/HS?reporterCode=704&flowCode=X&cmdCode=090111&period=2020%2C2021%2C2022%2C2023%2C2024%2C2025%2C2026&includeDesc=true,2026-05-26T17:43:55.608Z
A,2020-01-01,2020,Vietnam,VNM,Egypt,EGY,Export,coffee,coffee_raw_core,090111,Coffee; not roasted or decaffeinated,17623578.206,10928.126079,1612.680717,,,,,,,0.933961,0.904593,26,20,19,ok,ok,0.85,"Export unit value is calculated as total export value USD divided by total quantity tons. It is an average proxy, not a transaction, contract, FOB invoice, or exact selling price.",UN Comtrade,https://comtradeapi.un.org/public/v1/preview/C/A/HS?reporterCode=704&flowCode=X&cmdCode=090111&period=2020%2C2021%2C2022%2C2023%2C2024%2C2025%2C2026&includeDesc=true,2026-05-26T17:43:55.608Z
A,2020-01-01,2020,Vietnam,VNM,Portugal,PRT,Export,coffee,coffee_raw_core,090111,Coffee; not roasted or decaffeinated,16154463.482,10099.465966,1599.536405,,,,,,,0.856105,0.835999,30,21,22,ok,ok,0.85,"Export unit value is calculated as total export value USD divided by total quantity tons. It is an average proxy, not a transaction, contract, FOB invoice, or exact selling price.",UN Comtrade,https://comtradeapi.un.org/public/v1/preview/C/A/HS?reporterCode=704&flowCode=X&cmdCode=090111&period=2020%2C2021%2C2022%2C2023%2C2024%2C2025%2C2026&includeDesc=true,2026-05-26T17:43:55.608Z
A,2020-01-01,2020,Vietnam,VNM,Greece,GRC,Export,coffee,coffee_raw_core,090111,Coffee; not roasted or decaffeinated,16090834.993,10340.623092,1556.079827,,,,,,,0.852733,0.855962,46,22,21,ok,ok,0.85,"Export unit value is calculated as total export value USD divided by total quantity tons. It is an average proxy, not a transaction, contract, FOB invoice, or exact selling price.",UN Comtrade,https://comtradeapi.un.org/public/v1/preview/C/A/HS?reporterCode=704&flowCode=X&cmdCode=090111&period=2020%2C2021%2C2022%2C2023%2C2024%2C2025%2C2026&includeDesc=true,2026-05-26T17:43:55.608Z
A,2020-01-01,2020,Vietnam,VNM,Ecuador,ECU,Export,coffee,coffee_raw_core,090111,Coffee; not roasted or decaffeinated,13446042.4,8725.43934,1541.016088,,,,,,,0.712572,0.722262,51,23,23,ok,ok,0.85,"Export unit value is calculated as total export value USD divided by total quantity tons. It is an average proxy, not a transaction, contract, FOB invoice, or exact selling price.",UN Comtrade,https://comtradeapi.un.org/public/v1/preview/C/A/HS?reporterCode=704&flowCode=X&cmdCode=090111&period=2020%2C2021%2C2022%2C2023%2C2024%2C2025%2C2026&includeDesc=true,2026-05-26T17:43:55.608Z
A,2020-01-01,2020,Vietnam,VNM,Indonesia,IDN,Export,coffee,coffee_raw_core,090111,Coffee; not roasted or decaffeinated,13120117.35,8403.416574,1561.283703,,,,,,,0.6953,0.695606,44,24,24,ok,ok,0.85,"Export unit value is calculated as total export value USD divided by total quantity tons. It is an average proxy, not a transaction, contract, FOB invoice, or exact selling price.",UN Comtrade,https://comtradeapi.un.org/public/v1/preview/C/A/HS?reporterCode=704&flowCode=X&cmdCode=090111&period=2020%2C2021%2C2022%2C2023%2C2024%2C2025%2C2026&includeDesc=true,2026-05-26T17:43:55.608Z
A,2020-01-01,2020,Vietnam,VNM,Tunisia,TUN,Export,coffee,coffee_raw_core,090111,Coffee; not roasted or decaffeinated,12160654.945,7773.804705,1564.311866,,,,,,,0.644453,0.643489,41,25,25,ok,ok,0.85,"Export unit value is calculated as total export value USD divided by total quantity tons. It is an average proxy, not a transaction, contract, FOB invoice, or exact selling price.",UN Comtrade,https://comtradeapi.un.org/public/v1/preview/C/A/HS?reporterCode=704&flowCode=X&cmdCode=090111&period=2020%2C2021%2C2022%2C2023%2C2024%2C2025%2C2026&includeDesc=true,2026-05-26T17:43:55.608Z
A,2020-01-01,2020,Vietnam,VNM,Israel,ISR,Export,coffee,coffee_raw_core,090111,Coffee; not roasted or decaffeinated,10234437.164,6496.669983,1575.335855,,,,,,,0.542374,0.537772,35,26,26,ok,ok,0.85,"Export unit value is calculated as total export value USD divided by total quantity tons. It is an average proxy, not a transaction, contract, FOB invoice, or exact selling price.",UN Comtrade,https://comtradeapi.un.org/public/v1/preview/C/A/HS?reporterCode=704&flowCode=X&cmdCode=090111&period=2020%2C2021%2C2022%2C2023%2C2024%2C2025%2C2026&includeDesc=true,2026-05-26T17:43:55.608Z
A,2020-01-01,2020,Vietnam,VNM,Canada,CAN,Export,coffee,coffee_raw_core,090111,Coffee; not roasted or decaffeinated,9840552.51,5892.12091,1670.1206,,,,,,,0.5215,0.48773,18,27,27,ok,ok,0.85,"Export unit value is calculated as total export value USD divided by total quantity tons. It is an average proxy, not a transaction, contract, FOB invoice, or exact selling price.",UN Comtrade,https://comtradeapi.un.org/public/v1/preview/C/A/HS?reporterCode=704&flowCode=X&cmdCode=090111&period=2020%2C2021%2C2022%2C2023%2C2024%2C2025%2C2026&includeDesc=true,2026-05-26T17:43:55.608Z
A,2020-01-01,2020,Vietnam,VNM,Ukraine,UKR,Export,coffee,coffee_raw_core,090111,Coffee; not roasted or decaffeinated,8876263.127,5368.376271,1653.435355,,,,,,,0.470397,0.444376,20,28,28,ok,ok,0.85,"Export unit value is calculated as total export value USD divided by total quantity tons. It is an average proxy, not a transaction, contract, FOB invoice, or exact selling price.",UN Comtrade,https://comtradeapi.un.org/public/v1/preview/C/A/HS?reporterCode=704&flowCode=X&cmdCode=090111&period=2020%2C2021%2C2022%2C2023%2C2024%2C2025%2C2026&includeDesc=true,2026-05-26T17:43:55.608Z
A,2020-01-01,2020,Vietnam,VNM,Ireland,IRL,Export,coffee,coffee_raw_core,090111,Coffee; not roasted or decaffeinated,6972393.6,3381.533678,2061.902753,,,,,,,0.369502,0.279912,3,29,32,ok,ok,0.85,"Export unit value is calculated as total export value USD divided by total quantity tons. It is an average proxy, not a transaction, contract, FOB invoice, or exact selling price.",UN Comtrade,https://comtradeapi.un.org/public/v1/preview/C/A/HS?reporterCode=704&flowCode=X&cmdCode=090111&period=2020%2C2021%2C2022%2C2023%2C2024%2C2025%2C2026&includeDesc=true,2026-05-26T17:43:55.608Z
A,2020-01-01,2020,Vietnam,VNM,Slovenia,SVN,Export,coffee,coffee_raw_core,090111,Coffee; not roasted or decaffeinated,6667620.839,4234.59639,1574.55876,,,,,,,0.35335,0.350525,36,30,29,ok,ok,0.85,"Export unit value is calculated as total export value USD divided by total quantity tons. It is an average proxy, not a transaction, contract, FOB invoice, or exact selling price.",UN Comtrade,https://comtradeapi.un.org/public/v1/preview/C/A/HS?reporterCode=704&flowCode=X&cmdCode=090111&period=2020%2C2021%2C2022%2C2023%2C2024%2C2025%2C2026&includeDesc=true,2026-05-26T17:43:55.608Z
A,2020-01-01,2020,Vietnam,VNM,Dominican Rep.,DOM,Export,coffee,coffee_raw_core,090111,Coffee; not roasted or decaffeinated,6118560.038,4152.649259,1473.411227,,,,,,,0.324253,0.343742,64,31,30,ok,ok,0.85,"Export unit value is calculated as total export value USD divided by total quantity tons. It is an average proxy, not a transaction, contract, FOB invoice, or exact selling price.",UN Comtrade,https://comtradeapi.un.org/public/v1/preview/C/A/HS?reporterCode=704&flowCode=X&cmdCode=090111&period=2020%2C2021%2C2022%2C2023%2C2024%2C2025%2C2026&includeDesc=true,2026-05-26T17:43:55.608Z
A,2020-01-01,2020,Vietnam,VNM,Morocco,MAR,Export,coffee,coffee_raw_core,090111,Coffee; not roasted or decaffeinated,5918282.961,3853.698252,1535.741144,,,,,,,0.313639,0.318996,55,32,31,ok,ok,0.85,"Export unit value is calculated as total export value USD divided by total quantity tons. It is an average proxy, not a transaction, contract, FOB invoice, or exact selling price.",UN Comtrade,https://comtradeapi.un.org/public/v1/preview/C/A/HS?reporterCode=704&flowCode=X&cmdCode=090111&period=2020%2C2021%2C2022%2C2023%2C2024%2C2025%2C2026&includeDesc=true,2026-05-26T17:43:55.608Z
A,2020-01-01,2020,Vietnam,VNM,Sweden,SWE,Export,coffee,coffee_raw_core,090111,Coffee; not roasted or decaffeinated,3845276.058,2451.139637,1568.770706,,,,,,,0.20378,0.202897,39,33,33,ok,ok,0.85,"Export unit value is calculated as total export value USD divided by total quantity tons. It is an average proxy, not a transaction, contract, FOB invoice, or exact selling price.",UN Comtrade,https://comtradeapi.un.org/public/v1/preview/C/A/HS?reporterCode=704&flowCode=X&cmdCode=090111&period=2020%2C2021%2C2022%2C2023%2C2024%2C2025%2C2026&includeDesc=true,2026-05-26T17:43:55.608Z
A,2020-01-01,2020,Vietnam,VNM,Romania,ROU,Export,coffee,coffee_raw_core,090111,Coffee; not roasted or decaffeinated,3564597.18,2281.757086,1562.215891,,,,,,,0.188906,0.188876,42,34,34,ok,ok,0.85,"Export unit value is calculated as total export value USD divided by total quantity tons. It is an average proxy, not a transaction, contract, FOB invoice, or exact selling price.",UN Comtrade,https://comtradeapi.un.org/public/v1/preview/C/A/HS?reporterCode=704&flowCode=X&cmdCode=090111&period=2020%2C2021%2C2022%2C2023%2C2024%2C2025%2C2026&includeDesc=true,2026-05-26T17:43:55.608Z
A,2020-01-01,2020,Vietnam,VNM,Croatia,HRV,Export,coffee,coffee_raw_core,090111,Coffee; not roasted or decaffeinated,2902790.92,1938.359436,1497.550385,,,,,,,0.153833,0.160451,63,35,35,ok,ok,0.85,"Export unit value is calculated as total export value USD divided by total quantity tons. It is an average proxy, not a transaction, contract, FOB invoice, or exact selling price.",UN Comtrade,https://comtradeapi.un.org/public/v1/preview/C/A/HS?reporterCode=704&flowCode=X&cmdCode=090111&period=2020%2C2021%2C2022%2C2023%2C2024%2C2025%2C2026&includeDesc=true,2026-05-26T17:43:55.608Z
A,2020-01-01,2020,Vietnam,VNM,Finland,FIN,Export,coffee,coffee_raw_core,090111,Coffee; not roasted or decaffeinated,2886754.78,1794.827117,1608.374842,,,,,,,0.152983,0.14857,28,36,36,ok,ok,0.85,"Export unit value is calculated as total export value USD divided by total quantity tons. It is an average proxy, not a transaction, contract, FOB invoice, or exact selling price.",UN Comtrade,https://comtradeapi.un.org/public/v1/preview/C/A/HS?reporterCode=704&flowCode=X&cmdCode=090111&period=2020%2C2021%2C2022%2C2023%2C2024%2C2025%2C2026&includeDesc=true,2026-05-26T17:43:55.608Z
A,2020-01-01,2020,Vietnam,VNM,Mexico,MEX,Export,coffee,coffee_raw_core,090111,Coffee; not roasted or decaffeinated,2606125.718,1684.935561,1546.721298,,,,,,,0.138112,0.139473,49,37,37,ok,ok,0.85,"Export unit value is calculated as total export value USD divided by total quantity tons. It is an average proxy, not a transaction, contract, FOB invoice, or exact selling price.",UN Comtrade,https://comtradeapi.un.org/public/v1/preview/C/A/HS?reporterCode=704&flowCode=X&cmdCode=090111&period=2020%2C2021%2C2022%2C2023%2C2024%2C2025%2C2026&includeDesc=true,2026-05-26T17:43:55.608Z
A,2020-01-01,2020,Vietnam,VNM,Denmark,DNK,Export,coffee,coffee_raw_core,090111,Coffee; not roasted or decaffeinated,2417619.45,1520.71529,1589.790979,,,,,,,0.128122,0.12588,31,38,38,ok,ok,0.85,"Export unit value is calculated as total export value USD divided by total quantity tons. It is an average proxy, not a transaction, contract, FOB invoice, or exact selling price.",UN Comtrade,https://comtradeapi.un.org/public/v1/preview/C/A/HS?reporterCode=704&flowCode=X&cmdCode=090111&period=2020%2C2021%2C2022%2C2023%2C2024%2C2025%2C2026&includeDesc=true,2026-05-26T17:43:55.608Z
A,2020-01-01,2020,Vietnam,VNM,"Other Asia, nes",S19,Export,coffee,coffee_raw_core,090111,Coffee; not roasted or decaffeinated,1988845.008,1081.342858,1839.236273,,,,,,,0.105399,0.08951,8,39,41,ok,ok,0.85,"Export unit value is calculated as total export value USD divided by total quantity tons. It is an average proxy, not a transaction, contract, FOB invoice, or exact selling price.",UN Comtrade,https://comtradeapi.un.org/public/v1/preview/C/A/HS?reporterCode=704&flowCode=X&cmdCode=090111&period=2020%2C2021%2C2022%2C2023%2C2024%2C2025%2C2026&includeDesc=true,2026-05-26T17:43:55.608Z
A,2020-01-01,2020,Vietnam,VNM,Bulgaria,BGR,Export,coffee,coffee_raw_core,090111,Coffee; not roasted or decaffeinated,1815061.709,1167.435815,1554.742184,,,,,,,0.096189,0.096636,47,40,39,ok,ok,0.85,"Export unit value is calculated as total export value USD divided by total quantity tons. It is an average proxy, not a transaction, contract, FOB invoice, or exact selling price.",UN Comtrade,https://comtradeapi.un.org/public/v1/preview/C/A/HS?reporterCode=704&flowCode=X&cmdCode=090111&period=2020%2C2021%2C2022%2C2023%2C2024%2C2025%2C2026&includeDesc=true,2026-05-26T17:43:55.608Z
A,2020-01-01,2020,Vietnam,VNM,United Arab Emirates,ARE,Export,coffee,coffee_raw_core,090111,Coffee; not roasted or decaffeinated,1748367.154,1046.586265,1670.542804,,,,,,,0.092655,0.086633,17,41,42,ok,ok,0.85,"Export unit value is calculated as total export value USD divided by total quantity tons. It is an average proxy, not a transaction, contract, FOB invoice, or exact selling price.",UN Comtrade,https://comtradeapi.un.org/public/v1/preview/C/A/HS?reporterCode=704&flowCode=X&cmdCode=090111&period=2020%2C2021%2C2022%2C2023%2C2024%2C2025%2C2026&includeDesc=true,2026-05-26T17:43:55.608Z
A,2020-01-01,2020,Vietnam,VNM,Czechia,CZE,Export,coffee,coffee_raw_core,090111,Coffee; not roasted or decaffeinated,1730425.4,1123.861782,1539.713715,,,,,,,0.091704,0.093029,52,42,40,ok,ok,0.85,"Export unit value is calculated as total export value USD divided by total quantity tons. It is an average proxy, not a transaction, contract, FOB invoice, or exact selling price.",UN Comtrade,https://comtradeapi.un.org/public/v1/preview/C/A/HS?reporterCode=704&flowCode=X&cmdCode=090111&period=2020%2C2021%2C2022%2C2023%2C2024%2C2025%2C2026&includeDesc=true,2026-05-26T17:43:55.608Z
A,2020-01-01,2020,Vietnam,VNM,Lithuania,LTU,Export,coffee,coffee_raw_core,090111,Coffee; not roasted or decaffeinated,1639520.7,994.248038,1649.005718,,,,,,,0.086886,0.0823,21,43,44,ok,ok,0.85,"Export unit value is calculated as total export value USD divided by total quantity tons. It is an average proxy, not a transaction, contract, FOB invoice, or exact selling price.",UN Comtrade,https://comtradeapi.un.org/public/v1/preview/C/A/HS?reporterCode=704&flowCode=X&cmdCode=090111&period=2020%2C2021%2C2022%2C2023%2C2024%2C2025%2C2026&includeDesc=true,2026-05-26T17:43:55.608Z
A,2020-01-01,2020,Vietnam,VNM,South Africa,ZAF,Export,coffee,coffee_raw_core,090111,Coffee; not roasted or decaffeinated,1590566.875,1015.648738,1566.060012,,,,,,,0.084292,0.084072,40,44,43,ok,ok,0.85,"Export unit value is calculated as total export value USD divided by total quantity tons. It is an average proxy, not a transaction, contract, FOB invoice, or exact selling price.",UN Comtrade,https://comtradeapi.un.org/public/v1/preview/C/A/HS?reporterCode=704&flowCode=X&cmdCode=090111&period=2020%2C2021%2C2022%2C2023%2C2024%2C2025%2C2026&includeDesc=true,2026-05-26T17:43:55.608Z
A,2020-01-01,2020,Vietnam,VNM,Kuwait,KWT,Export,coffee,coffee_raw_core,090111,Coffee; not roasted or decaffeinated,1562847.893,906.318755,1724.390988,,,,,,,0.082823,0.075022,14,45,45,ok,ok,0.85,"Export unit value is calculated as total export value USD divided by total quantity tons. It is an average proxy, not a transaction, contract, FOB invoice, or exact selling price.",UN Comtrade,https://comtradeapi.un.org/public/v1/preview/C/A/HS?reporterCode=704&flowCode=X&cmdCode=090111&period=2020%2C2021%2C2022%2C2023%2C2024%2C2025%2C2026&includeDesc=true,2026-05-26T17:43:55.608Z
A,2020-01-01,2020,Vietnam,VNM,New Zealand,NZL,Export,coffee,coffee_raw_core,090111,Coffee; not roasted or decaffeinated,1089638.4,673.042538,1618.974045,,,,,,,0.057745,0.055712,24,46,46,ok,ok,0.85,"Export unit value is calculated as total export value USD divided by total quantity tons. It is an average proxy, not a transaction, contract, FOB invoice, or exact selling price.",UN Comtrade,https://comtradeapi.un.org/public/v1/preview/C/A/HS?reporterCode=704&flowCode=X&cmdCode=090111&period=2020%2C2021%2C2022%2C2023%2C2024%2C2025%2C2026&includeDesc=true,2026-05-26T17:43:55.608Z
A,2020-01-01,2020,Vietnam,VNM,"China, Hong Kong SAR",HKG,Export,coffee,coffee_raw_core,090111,Coffee; not roasted or decaffeinated,1069398.603,635.862781,1681.8072,,,,,,,0.056673,0.052635,16,47,47,ok,ok,0.85,"Export unit value is calculated as total export value USD divided by total quantity tons. It is an average proxy, not a transaction, contract, FOB invoice, or exact selling price.",UN Comtrade,https://comtradeapi.un.org/public/v1/preview/C/A/HS?reporterCode=704&flowCode=X&cmdCode=090111&period=2020%2C2021%2C2022%2C2023%2C2024%2C2025%2C2026&includeDesc=true,2026-05-26T17:43:55.608Z
A,2020-01-01,2020,Vietnam,VNM,Türkiye,TUR,Export,coffee,coffee_raw_core,090111,Coffee; not roasted or decaffeinated,922724.05,556.525746,1658.00784,,,,,,,0.0489,0.046067,19,48,48,ok,ok,0.85,"Export unit value is calculated as total export value USD divided by total quantity tons. It is an average proxy, not a transaction, contract, FOB invoice, or exact selling price.",UN Comtrade,https://comtradeapi.un.org/public/v1/preview/C/A/HS?reporterCode=704&flowCode=X&cmdCode=090111&period=2020%2C2021%2C2022%2C2023%2C2024%2C2025%2C2026&includeDesc=true,2026-05-26T17:43:55.608Z
A,2020-01-01,2020,Vietnam,VNM,Venezuela,VEN,Export,coffee,coffee_raw_core,090111,Coffee; not roasted or decaffeinated,864109.08,458.705824,1883.797926,,,,,,,0.045793,0.03797,7,49,49,ok,ok,0.85,"Export unit value is calculated as total export value USD divided by total quantity tons. It is an average proxy, not a transaction, contract, FOB invoice, or exact selling price.",UN Comtrade,https://comtradeapi.un.org/public/v1/preview/C/A/HS?reporterCode=704&flowCode=X&cmdCode=090111&period=2020%2C2021%2C2022%2C2023%2C2024%2C2025%2C2026&includeDesc=true,2026-05-26T17:43:55.608Z
A,2020-01-01,2020,Vietnam,VNM,Cambodia,KHM,Export,coffee,coffee_raw_core,090111,Coffee; not roasted or decaffeinated,690445.473,385.434612,1791.342686,,,,,,,0.03659,0.031905,11,50,50,ok,ok,0.85,"Export unit value is calculated as total export value USD divided by total quantity tons. It is an average proxy, not a transaction, contract, FOB invoice, or exact selling price.",UN Comtrade,https://comtradeapi.un.org/public/v1/preview/C/A/HS?reporterCode=704&flowCode=X&cmdCode=090111&period=2020%2C2021%2C2022%2C2023%2C2024%2C2025%2C2026&includeDesc=true,2026-05-26T17:43:55.608Z
A,2020-01-01,2020,Vietnam,VNM,Chile,CHL,Export,coffee,coffee_raw_core,090111,Coffee; not roasted or decaffeinated,590307.718,361.534908,1632.782077,,,,,,,0.031283,0.029927,23,51,51,ok,ok,0.85,"Export unit value is calculated as total export value USD divided by total quantity tons. It is an average proxy, not a transaction, contract, FOB invoice, or exact selling price.",UN Comtrade,https://comtradeapi.un.org/public/v1/preview/C/A/HS?reporterCode=704&flowCode=X&cmdCode=090111&period=2020%2C2021%2C2022%2C2023%2C2024%2C2025%2C2026&includeDesc=true,2026-05-26T17:43:55.608Z
A,2020-01-01,2020,Vietnam,VNM,Norway,NOR,Export,coffee,coffee_raw_core,090111,Coffee; not roasted or decaffeinated,560933.53,342.137201,1639.498799,,,,,,,0.029727,0.028321,22,52,52,ok,ok,0.85,"Export unit value is calculated as total export value USD divided by total quantity tons. It is an average proxy, not a transaction, contract, FOB invoice, or exact selling price.",UN Comtrade,https://comtradeapi.un.org/public/v1/preview/C/A/HS?reporterCode=704&flowCode=X&cmdCode=090111&period=2020%2C2021%2C2022%2C2023%2C2024%2C2025%2C2026&includeDesc=true,2026-05-26T17:43:55.608Z
A,2020-01-01,2020,Vietnam,VNM,Argentina,ARG,Export,coffee,coffee_raw_core,090111,Coffee; not roasted or decaffeinated,519309.094,335.933141,1545.870385,,,,,,,0.027521,0.027807,50,53,53,ok,ok,0.85,"Export unit value is calculated as total export value USD divided by total quantity tons. It is an average proxy, not a transaction, contract, FOB invoice, or exact selling price.",UN Comtrade,https://comtradeapi.un.org/public/v1/preview/C/A/HS?reporterCode=704&flowCode=X&cmdCode=090111&period=2020%2C2021%2C2022%2C2023%2C2024%2C2025%2C2026&includeDesc=true,2026-05-26T17:43:55.608Z
A,2020-01-01,2020,Vietnam,VNM,Latvia,LVA,Export,coffee,coffee_raw_core,090111,Coffee; not roasted or decaffeinated,453829.4,281.527789,1612.023458,,,,,,,0.024051,0.023304,27,54,54,ok,ok,0.85,"Export unit value is calculated as total export value USD divided by total quantity tons. It is an average proxy, not a transaction, contract, FOB invoice, or exact selling price.",UN Comtrade,https://comtradeapi.un.org/public/v1/preview/C/A/HS?reporterCode=704&flowCode=X&cmdCode=090111&period=2020%2C2021%2C2022%2C2023%2C2024%2C2025%2C2026&includeDesc=true,2026-05-26T17:43:55.608Z
A,2020-01-01,2020,Vietnam,VNM,Myanmar,MMR,Export,coffee,coffee_raw_core,090111,Coffee; not roasted or decaffeinated,294735.185,154.022803,1913.581491,,,,,,,0.015619,0.012749,4,55,55,ok,ok,0.85,"Export unit value is calculated as total export value USD divided by total quantity tons. It is an average proxy, not a transaction, contract, FOB invoice, or exact selling price.",UN Comtrade,https://comtradeapi.un.org/public/v1/preview/C/A/HS?reporterCode=704&flowCode=X&cmdCode=090111&period=2020%2C2021%2C2022%2C2023%2C2024%2C2025%2C2026&includeDesc=true,2026-05-26T17:43:55.608Z
A,2020-01-01,2020,Vietnam,VNM,Singapore,SGP,Export,coffee,coffee_raw_core,090111,Coffee; not roasted or decaffeinated,245496.75,140.747303,1744.237685,,,,,,,0.01301,0.011651,13,56,56,ok,ok,0.85,"Export unit value is calculated as total export value USD divided by total quantity tons. It is an average proxy, not a transaction, contract, FOB invoice, or exact selling price.",UN Comtrade,https://comtradeapi.un.org/public/v1/preview/C/A/HS?reporterCode=704&flowCode=X&cmdCode=090111&period=2020%2C2021%2C2022%2C2023%2C2024%2C2025%2C2026&includeDesc=true,2026-05-26T17:43:55.608Z
A,2020-01-01,2020,Vietnam,VNM,Malta,MLT,Export,coffee,coffee_raw_core,090111,Coffee; not roasted or decaffeinated,184780.8,117.76977,1569.000262,,,,,,,0.009792,0.009749,38,57,57,ok,ok,0.85,"Export unit value is calculated as total export value USD divided by total quantity tons. It is an average proxy, not a transaction, contract, FOB invoice, or exact selling price.",UN Comtrade,https://comtradeapi.un.org/public/v1/preview/C/A/HS?reporterCode=704&flowCode=X&cmdCode=090111&period=2020%2C2021%2C2022%2C2023%2C2024%2C2025%2C2026&includeDesc=true,2026-05-26T17:43:55.608Z
A,2020-01-01,2020,Vietnam,VNM,Saudi Arabia,SAU,Export,coffee,coffee_raw_core,090111,Coffee; not roasted or decaffeinated,175896,93.113631,1889.046728,,,,,,,0.009322,0.007708,6,58,58,ok,ok,0.85,"Export unit value is calculated as total export value USD divided by total quantity tons. It is an average proxy, not a transaction, contract, FOB invoice, or exact selling price.",UN Comtrade,https://comtradeapi.un.org/public/v1/preview/C/A/HS?reporterCode=704&flowCode=X&cmdCode=090111&period=2020%2C2021%2C2022%2C2023%2C2024%2C2025%2C2026&includeDesc=true,2026-05-26T17:43:55.608Z
A,2020-01-01,2020,Vietnam,VNM,Estonia,EST,Export,coffee,coffee_raw_core,090111,Coffee; not roasted or decaffeinated,135099.2,73.872,1828.828243,,,,,,,0.00716,0.006115,9,59,59,ok,ok,0.85,"Export unit value is calculated as total export value USD divided by total quantity tons. It is an average proxy, not a transaction, contract, FOB invoice, or exact selling price.",UN Comtrade,https://comtradeapi.un.org/public/v1/preview/C/A/HS?reporterCode=704&flowCode=X&cmdCode=090111&period=2020%2C2021%2C2022%2C2023%2C2024%2C2025%2C2026&includeDesc=true,2026-05-26T17:43:55.608Z
A,2020-01-01,2020,Vietnam,VNM,Sri Lanka,LKA,Export,coffee,coffee_raw_core,090111,Coffee; not roasted or decaffeinated,95996,55.03,1744.430311,,,,,,,0.005087,0.004555,12,60,60,ok,ok,0.85,"Export unit value is calculated as total export value USD divided by total quantity tons. It is an average proxy, not a transaction, contract, FOB invoice, or exact selling price.",UN Comtrade,https://comtradeapi.un.org/public/v1/preview/C/A/HS?reporterCode=704&flowCode=X&cmdCode=090111&period=2020%2C2021%2C2022%2C2023%2C2024%2C2025%2C2026&includeDesc=true,2026-05-26T17:43:55.608Z
A,2020-01-01,2020,Vietnam,VNM,Senegal,SEN,Export,coffee,coffee_raw_core,090111,Coffee; not roasted or decaffeinated,69312,38.4,1805,,,,,,,0.003673,0.003179,10,61,61,ok,ok,0.85,"Export unit value is calculated as total export value USD divided by total quantity tons. It is an average proxy, not a transaction, contract, FOB invoice, or exact selling price.",UN Comtrade,https://comtradeapi.un.org/public/v1/preview/C/A/HS?reporterCode=704&flowCode=X&cmdCode=090111&period=2020%2C2021%2C2022%2C2023%2C2024%2C2025%2C2026&includeDesc=true,2026-05-26T17:43:55.608Z
A,2020-01-01,2020,Vietnam,VNM,Brazil,BRA,Export,coffee,coffee_raw_core,090111,Coffee; not roasted or decaffeinated,29800,19.078457,1561.97118,,,,,,,0.001579,0.001579,43,62,62,ok,ok,0.85,"Export unit value is calculated as total export value USD divided by total quantity tons. It is an average proxy, not a transaction, contract, FOB invoice, or exact selling price.",UN Comtrade,https://comtradeapi.un.org/public/v1/preview/C/A/HS?reporterCode=704&flowCode=X&cmdCode=090111&period=2020%2C2021%2C2022%2C2023%2C2024%2C2025%2C2026&includeDesc=true,2026-05-26T17:43:55.608Z
A,2020-01-01,2020,Vietnam,VNM,Kazakhstan,KAZ,Export,coffee,coffee_raw_core,090111,Coffee; not roasted or decaffeinated,17145,9,1905,,,,,,,0.000909,0.000745,5,63,63,ok,low_volume,0.55,"Low volume market; export unit value may be noisy. Do not use as a strong pricing signal without verification. Export unit value is an average proxy, not a transaction, contract, FOB invoice, or exact selling price.",UN Comtrade,https://comtradeapi.un.org/public/v1/preview/C/A/HS?reporterCode=704&flowCode=X&cmdCode=090111&period=2020%2C2021%2C2022%2C2023%2C2024%2C2025%2C2026&includeDesc=true,2026-05-26T17:43:55.608Z
A,2020-01-01,2020,Vietnam,VNM,Austria,AUT,Export,coffee,coffee_raw_core,090111,Coffee; not roasted or decaffeinated,8673,0.42,20650,,,,,,,0.00046,0.000035,1,64,65,suspicious_unit_price,low_volume,0.55,"Low volume market; export unit value may be noisy. Do not use as a strong pricing signal without verification. Export unit value is an average proxy, not a transaction, contract, FOB invoice, or exact selling price.",UN Comtrade,https://comtradeapi.un.org/public/v1/preview/C/A/HS?reporterCode=704&flowCode=X&cmdCode=090111&period=2020%2C2021%2C2022%2C2023%2C2024%2C2025%2C2026&includeDesc=true,2026-05-26T17:43:55.608Z
A,2020-01-01,2020,Vietnam,VNM,Brunei Darussalam,BRN,Export,coffee,coffee_raw_core,090111,Coffee; not roasted or decaffeinated,2820,0.59513,4738.460504,,,,,,,0.000149,0.000049,2,65,64,ok,low_volume,0.55,"Low volume market; export unit value may be noisy. Do not use as a strong pricing signal without verification. Export unit value is an average proxy, not a transaction, contract, FOB invoice, or exact selling price.",UN Comtrade,https://comtradeapi.un.org/public/v1/preview/C/A/HS?reporterCode=704&flowCode=X&cmdCode=090111&period=2020%2C2021%2C2022%2C2023%2C2024%2C2025%2C2026&includeDesc=true,2026-05-26T17:43:55.608Z
A,2021-01-01,2021,Vietnam,VNM,Germany,DEU,Export,coffee,coffee_raw_core,090111,Coffee; not roasted or decaffeinated,394019748.936,220846.1,1784.137229,21.313836,4.083551,16.554282,,,,19.126318,18.976162,31,1,1,ok,ok,0.85,"Export unit value is calculated as total export value USD divided by total quantity tons. It is an average proxy, not a transaction, contract, FOB invoice, or exact selling price.",UN Comtrade,https://comtradeapi.un.org/public/v1/preview/C/A/HS?reporterCode=704&flowCode=X&cmdCode=090111&period=2020%2C2021%2C2022%2C2023%2C2024%2C2025%2C2026&includeDesc=true,2026-05-26T17:43:55.608Z
A,2021-01-01,2021,Vietnam,VNM,USA,USA,Export,coffee,coffee_raw_core,090111,Coffee; not roasted or decaffeinated,226239632.851,122241.06,1850.766288,10.892335,-4.092842,15.62467,,,,10.982016,10.503541,24,2,3,ok,ok,0.85,"Export unit value is calculated as total export value USD divided by total quantity tons. It is an average proxy, not a transaction, contract, FOB invoice, or exact selling price.",UN Comtrade,https://comtradeapi.un.org/public/v1/preview/C/A/HS?reporterCode=704&flowCode=X&cmdCode=090111&period=2020%2C2021%2C2022%2C2023%2C2024%2C2025%2C2026&includeDesc=true,2026-05-26T17:43:55.608Z
A,2021-01-01,2021,Vietnam,VNM,Italy,ITA,Export,coffee,coffee_raw_core,090111,Coffee; not roasted or decaffeinated,220369535.031,127260.1,1731.646722,0.566402,-8.42259,9.81573,,,,10.697072,10.934801,42,3,2,ok,ok,0.85,"Export unit value is calculated as total export value USD divided by total quantity tons. It is an average proxy, not a transaction, contract, FOB invoice, or exact selling price.",UN Comtrade,https://comtradeapi.un.org/public/v1/preview/C/A/HS?reporterCode=704&flowCode=X&cmdCode=090111&period=2020%2C2021%2C2022%2C2023%2C2024%2C2025%2C2026&includeDesc=true,2026-05-26T17:43:55.608Z
A,2021-01-01,2021,Vietnam,VNM,Japan,JPN,Export,coffee,coffee_raw_core,090111,Coffee; not roasted or decaffeinated,185051441.51,103053.38,1795.685319,24.571231,9.786881,13.466408,,,,8.982678,8.854843,30,4,4,ok,ok,0.85,"Export unit value is calculated as total export value USD divided by total quantity tons. It is an average proxy, not a transaction, contract, FOB invoice, or exact selling price.",UN Comtrade,https://comtradeapi.un.org/public/v1/preview/C/A/HS?reporterCode=704&flowCode=X&cmdCode=090111&period=2020%2C2021%2C2022%2C2023%2C2024%2C2025%2C2026&includeDesc=true,2026-05-26T17:43:55.608Z
A,2021-01-01,2021,Vietnam,VNM,Russian Federation,RUS,Export,coffee,coffee_raw_core,090111,Coffee; not roasted or decaffeinated,129111841.558,73942.21,1746.11824,41.246756,24.529903,13.423967,,,,6.267285,6.353471,40,5,5,ok,ok,0.85,"Export unit value is calculated as total export value USD divided by total quantity tons. It is an average proxy, not a transaction, contract, FOB invoice, or exact selling price.",UN Comtrade,https://comtradeapi.un.org/public/v1/preview/C/A/HS?reporterCode=704&flowCode=X&cmdCode=090111&period=2020%2C2021%2C2022%2C2023%2C2024%2C2025%2C2026&includeDesc=true,2026-05-26T17:43:55.608Z
A,2021-01-01,2021,Vietnam,VNM,Belgium,BEL,Export,coffee,coffee_raw_core,090111,Coffee; not roasted or decaffeinated,111574394.123,60433.2,1846.243358,-0.258595,-12.679285,14.224218,,,,5.415991,5.192712,26,6,6,ok,ok,0.85,"Export unit value is calculated as total export value USD divided by total quantity tons. It is an average proxy, not a transaction, contract, FOB invoice, or exact selling price.",UN Comtrade,https://comtradeapi.un.org/public/v1/preview/C/A/HS?reporterCode=704&flowCode=X&cmdCode=090111&period=2020%2C2021%2C2022%2C2023%2C2024%2C2025%2C2026&includeDesc=true,2026-05-26T17:43:55.608Z
A,2021-01-01,2021,Vietnam,VNM,Algeria,DZA,Export,coffee,coffee_raw_core,090111,Coffee; not roasted or decaffeinated,99643739.153,56525.3,1762.816635,6.292177,-6.013033,13.092464,,,,4.836859,4.856926,35,7,7,ok,ok,0.85,"Export unit value is calculated as total export value USD divided by total quantity tons. It is an average proxy, not a transaction, contract, FOB invoice, or exact selling price.",UN Comtrade,https://comtradeapi.un.org/public/v1/preview/C/A/HS?reporterCode=704&flowCode=X&cmdCode=090111&period=2020%2C2021%2C2022%2C2023%2C2024%2C2025%2C2026&includeDesc=true,2026-05-26T17:43:55.608Z
A,2021-01-01,2021,Vietnam,VNM,Spain,ESP,Export,coffee,coffee_raw_core,090111,Coffee; not roasted or decaffeinated,89091394.551,51593.09,1726.808659,-28.629104,-36.770492,12.875931,,,,4.324632,4.433127,44,8,8,ok,ok,0.85,"Export unit value is calculated as total export value USD divided by total quantity tons. It is an average proxy, not a transaction, contract, FOB invoice, or exact selling price.",UN Comtrade,https://comtradeapi.un.org/public/v1/preview/C/A/HS?reporterCode=704&flowCode=X&cmdCode=090111&period=2020%2C2021%2C2022%2C2023%2C2024%2C2025%2C2026&includeDesc=true,2026-05-26T17:43:55.608Z
A,2021-01-01,2021,Vietnam,VNM,Rep. of Korea,KOR,Export,coffee,coffee_raw_core,090111,Coffee; not roasted or decaffeinated,56521105.67,30188.03,1872.301892,20.519343,1.036474,19.283005,,,,2.74362,2.593901,20,9,12,ok,ok,0.85,"Export unit value is calculated as total export value USD divided by total quantity tons. It is an average proxy, not a transaction, contract, FOB invoice, or exact selling price.",UN Comtrade,https://comtradeapi.un.org/public/v1/preview/C/A/HS?reporterCode=704&flowCode=X&cmdCode=090111&period=2020%2C2021%2C2022%2C2023%2C2024%2C2025%2C2026&includeDesc=true,2026-05-26T17:43:55.608Z
A,2021-01-01,2021,Vietnam,VNM,Malaysia,MYS,Export,coffee,coffee_raw_core,090111,Coffee; not roasted or decaffeinated,56407223.267,32928.27,1713.033307,9.309596,-3.236796,12.966077,,,,2.738092,2.829356,46,10,10,ok,ok,0.85,"Export unit value is calculated as total export value USD divided by total quantity tons. It is an average proxy, not a transaction, contract, FOB invoice, or exact selling price.",UN Comtrade,https://comtradeapi.un.org/public/v1/preview/C/A/HS?reporterCode=704&flowCode=X&cmdCode=090111&period=2020%2C2021%2C2022%2C2023%2C2024%2C2025%2C2026&includeDesc=true,2026-05-26T17:43:55.608Z
A,2021-01-01,2021,Vietnam,VNM,China,CHN,Export,coffee,coffee_raw_core,090111,Coffee; not roasted or decaffeinated,54661343.05,35177.48,1553.87319,53.642505,49.322074,2.893364,,,,2.653345,3.022619,64,11,9,ok,ok,0.85,"Export unit value is calculated as total export value USD divided by total quantity tons. It is an average proxy, not a transaction, contract, FOB invoice, or exact selling price.",UN Comtrade,https://comtradeapi.un.org/public/v1/preview/C/A/HS?reporterCode=704&flowCode=X&cmdCode=090111&period=2020%2C2021%2C2022%2C2023%2C2024%2C2025%2C2026&includeDesc=true,2026-05-26T17:43:55.608Z
A,2021-01-01,2021,Vietnam,VNM,Thailand,THA,Export,coffee,coffee_raw_core,090111,Coffee; not roasted or decaffeinated,53658931.545,31534.65,1701.586399,11.101065,0.44058,10.613724,,,,2.604686,2.709609,51,12,11,ok,ok,0.85,"Export unit value is calculated as total export value USD divided by total quantity tons. It is an average proxy, not a transaction, contract, FOB invoice, or exact selling price.",UN Comtrade,https://comtradeapi.un.org/public/v1/preview/C/A/HS?reporterCode=704&flowCode=X&cmdCode=090111&period=2020%2C2021%2C2022%2C2023%2C2024%2C2025%2C2026&includeDesc=true,2026-05-26T17:43:55.608Z
A,2021-01-01,2021,Vietnam,VNM,United Kingdom,GBR,Export,coffee,coffee_raw_core,090111,Coffee; not roasted or decaffeinated,49509285.222,28131.51,1759.922778,28.123358,14.874055,11.533765,,,,2.403256,2.417195,36,13,13,ok,ok,0.85,"Export unit value is calculated as total export value USD divided by total quantity tons. It is an average proxy, not a transaction, contract, FOB invoice, or exact selling price.",UN Comtrade,https://comtradeapi.un.org/public/v1/preview/C/A/HS?reporterCode=704&flowCode=X&cmdCode=090111&period=2020%2C2021%2C2022%2C2023%2C2024%2C2025%2C2026&includeDesc=true,2026-05-26T17:43:55.608Z
A,2021-01-01,2021,Vietnam,VNM,Philippines,PHL,Export,coffee,coffee_raw_core,090111,Coffee; not roasted or decaffeinated,41995366.844,24830.07,1691.310852,-11.280196,-20.079162,11.009603,,,,2.038519,2.133519,53,14,14,ok,ok,0.85,"Export unit value is calculated as total export value USD divided by total quantity tons. It is an average proxy, not a transaction, contract, FOB invoice, or exact selling price.",UN Comtrade,https://comtradeapi.un.org/public/v1/preview/C/A/HS?reporterCode=704&flowCode=X&cmdCode=090111&period=2020%2C2021%2C2022%2C2023%2C2024%2C2025%2C2026&includeDesc=true,2026-05-26T17:43:55.608Z
A,2021-01-01,2021,Vietnam,VNM,Egypt,EGY,Export,coffee,coffee_raw_core,090111,Coffee; not roasted or decaffeinated,26398399.861,14349.436,1839.682052,49.790239,31.30738,14.076025,,,,1.281418,1.232973,27,15,16,ok,ok,0.85,"Export unit value is calculated as total export value USD divided by total quantity tons. It is an average proxy, not a transaction, contract, FOB invoice, or exact selling price.",UN Comtrade,https://comtradeapi.un.org/public/v1/preview/C/A/HS?reporterCode=704&flowCode=X&cmdCode=090111&period=2020%2C2021%2C2022%2C2023%2C2024%2C2025%2C2026&includeDesc=true,2026-05-26T17:43:55.608Z
A,2021-01-01,2021,Vietnam,VNM,France,FRA,Export,coffee,coffee_raw_core,090111,Coffee; not roasted or decaffeinated,25154433.307,14532.536,1730.904593,-12.545732,-22.417539,12.724277,,,,1.221034,1.248706,43,16,15,ok,ok,0.85,"Export unit value is calculated as total export value USD divided by total quantity tons. It is an average proxy, not a transaction, contract, FOB invoice, or exact selling price.",UN Comtrade,https://comtradeapi.un.org/public/v1/preview/C/A/HS?reporterCode=704&flowCode=X&cmdCode=090111&period=2020%2C2021%2C2022%2C2023%2C2024%2C2025%2C2026&includeDesc=true,2026-05-26T17:43:55.608Z
A,2021-01-01,2021,Vietnam,VNM,Australia,AUS,Export,coffee,coffee_raw_core,090111,Coffee; not roasted or decaffeinated,21500474.326,12902.762,1666.346657,-7.269739,-13.877844,7.672944,,,,1.043666,1.108668,58,17,17,ok,ok,0.85,"Export unit value is calculated as total export value USD divided by total quantity tons. It is an average proxy, not a transaction, contract, FOB invoice, or exact selling price.",UN Comtrade,https://comtradeapi.un.org/public/v1/preview/C/A/HS?reporterCode=704&flowCode=X&cmdCode=090111&period=2020%2C2021%2C2022%2C2023%2C2024%2C2025%2C2026&includeDesc=true,2026-05-26T17:43:55.608Z
A,2021-01-01,2021,Vietnam,VNM,Netherlands,NLD,Export,coffee,coffee_raw_core,090111,Coffee; not roasted or decaffeinated,20800661.365,10687.284,1946.300048,14.149203,-0.461258,14.678165,,,,1.009696,0.918303,17,18,20,ok,ok,0.85,"Export unit value is calculated as total export value USD divided by total quantity tons. It is an average proxy, not a transaction, contract, FOB invoice, or exact selling price.",UN Comtrade,https://comtradeapi.un.org/public/v1/preview/C/A/HS?reporterCode=704&flowCode=X&cmdCode=090111&period=2020%2C2021%2C2022%2C2023%2C2024%2C2025%2C2026&includeDesc=true,2026-05-26T17:43:55.608Z
A,2021-01-01,2021,Vietnam,VNM,Poland,POL,Export,coffee,coffee_raw_core,090111,Coffee; not roasted or decaffeinated,19100659.104,11178.59,1708.682321,-3.742975,-14.997548,13.240293,,,,0.927175,0.960518,47,19,19,ok,ok,0.85,"Export unit value is calculated as total export value USD divided by total quantity tons. It is an average proxy, not a transaction, contract, FOB invoice, or exact selling price.",UN Comtrade,https://comtradeapi.un.org/public/v1/preview/C/A/HS?reporterCode=704&flowCode=X&cmdCode=090111&period=2020%2C2021%2C2022%2C2023%2C2024%2C2025%2C2026&includeDesc=true,2026-05-26T17:43:55.608Z
A,2021-01-01,2021,Vietnam,VNM,India,IND,Export,coffee,coffee_raw_core,090111,Coffee; not roasted or decaffeinated,19033273.447,12326.757,1544.061706,-33.741063,-37.947947,6.779604,,,,0.923904,1.059174,65,20,18,ok,ok,0.85,"Export unit value is calculated as total export value USD divided by total quantity tons. It is an average proxy, not a transaction, contract, FOB invoice, or exact selling price.",UN Comtrade,https://comtradeapi.un.org/public/v1/preview/C/A/HS?reporterCode=704&flowCode=X&cmdCode=090111&period=2020%2C2021%2C2022%2C2023%2C2024%2C2025%2C2026&includeDesc=true,2026-05-26T17:43:55.608Z
A,2021-01-01,2021,Vietnam,VNM,Greece,GRC,Export,coffee,coffee_raw_core,090111,Coffee; not roasted or decaffeinated,17801684.997,10027.526,1775.281859,10.63245,-3.027836,14.086811,,,,0.864121,0.861613,32,21,21,ok,ok,0.85,"Export unit value is calculated as total export value USD divided by total quantity tons. It is an average proxy, not a transaction, contract, FOB invoice, or exact selling price.",UN Comtrade,https://comtradeapi.un.org/public/v1/preview/C/A/HS?reporterCode=704&flowCode=X&cmdCode=090111&period=2020%2C2021%2C2022%2C2023%2C2024%2C2025%2C2026&includeDesc=true,2026-05-26T17:43:55.608Z
A,2021-01-01,2021,Vietnam,VNM,Portugal,PRT,Export,coffee,coffee_raw_core,090111,Coffee; not roasted or decaffeinated,15520892.577,8746.942,1774.436435,-3.921956,-13.392034,10.93442,,,,0.753408,0.751579,33,22,22,ok,ok,0.85,"Export unit value is calculated as total export value USD divided by total quantity tons. It is an average proxy, not a transaction, contract, FOB invoice, or exact selling price.",UN Comtrade,https://comtradeapi.un.org/public/v1/preview/C/A/HS?reporterCode=704&flowCode=X&cmdCode=090111&period=2020%2C2021%2C2022%2C2023%2C2024%2C2025%2C2026&includeDesc=true,2026-05-26T17:43:55.608Z
A,2021-01-01,2021,Vietnam,VNM,Canada,CAN,Export,coffee,coffee_raw_core,090111,Coffee; not roasted or decaffeinated,12944213.029,6512.374,1987.633546,31.539495,10.526822,19.011378,,,,0.628332,0.559575,14,23,24,ok,ok,0.85,"Export unit value is calculated as total export value USD divided by total quantity tons. It is an average proxy, not a transaction, contract, FOB invoice, or exact selling price.",UN Comtrade,https://comtradeapi.un.org/public/v1/preview/C/A/HS?reporterCode=704&flowCode=X&cmdCode=090111&period=2020%2C2021%2C2022%2C2023%2C2024%2C2025%2C2026&includeDesc=true,2026-05-26T17:43:55.608Z
A,2021-01-01,2021,Vietnam,VNM,Indonesia,IDN,Export,coffee,coffee_raw_core,090111,Coffee; not roasted or decaffeinated,11670357.995,7423.428,1572.098227,-11.049896,-11.661787,0.692669,,,,0.566497,0.637857,63,24,23,ok,ok,0.85,"Export unit value is calculated as total export value USD divided by total quantity tons. It is an average proxy, not a transaction, contract, FOB invoice, or exact selling price.",UN Comtrade,https://comtradeapi.un.org/public/v1/preview/C/A/HS?reporterCode=704&flowCode=X&cmdCode=090111&period=2020%2C2021%2C2022%2C2023%2C2024%2C2025%2C2026&includeDesc=true,2026-05-26T17:43:55.608Z
A,2021-01-01,2021,Vietnam,VNM,Ukraine,UKR,Export,coffee,coffee_raw_core,090111,Coffee; not roasted or decaffeinated,10752699.273,6080.547,1768.376969,21.139934,13.266036,6.951685,,,,0.521952,0.52247,34,25,25,ok,ok,0.85,"Export unit value is calculated as total export value USD divided by total quantity tons. It is an average proxy, not a transaction, contract, FOB invoice, or exact selling price.",UN Comtrade,https://comtradeapi.un.org/public/v1/preview/C/A/HS?reporterCode=704&flowCode=X&cmdCode=090111&period=2020%2C2021%2C2022%2C2023%2C2024%2C2025%2C2026&includeDesc=true,2026-05-26T17:43:55.608Z
A,2021-01-01,2021,Vietnam,VNM,Israel,ISR,Export,coffee,coffee_raw_core,090111,Coffee; not roasted or decaffeinated,9705342.985,5218.88,1859.660116,-5.169744,-19.668384,18.048485,,,,0.471112,0.448431,23,26,26,ok,ok,0.85,"Export unit value is calculated as total export value USD divided by total quantity tons. It is an average proxy, not a transaction, contract, FOB invoice, or exact selling price.",UN Comtrade,https://comtradeapi.un.org/public/v1/preview/C/A/HS?reporterCode=704&flowCode=X&cmdCode=090111&period=2020%2C2021%2C2022%2C2023%2C2024%2C2025%2C2026&includeDesc=true,2026-05-26T17:43:55.608Z
A,2021-01-01,2021,Vietnam,VNM,Dominican Rep.,DOM,Export,coffee,coffee_raw_core,090111,Coffee; not roasted or decaffeinated,8400581.2,4796.294,1751.473367,37.296703,15.499617,18.871998,,,,0.407777,0.412121,39,27,28,ok,ok,0.85,"Export unit value is calculated as total export value USD divided by total quantity tons. It is an average proxy, not a transaction, contract, FOB invoice, or exact selling price.",UN Comtrade,https://comtradeapi.un.org/public/v1/preview/C/A/HS?reporterCode=704&flowCode=X&cmdCode=090111&period=2020%2C2021%2C2022%2C2023%2C2024%2C2025%2C2026&includeDesc=true,2026-05-26T17:43:55.608Z
A,2021-01-01,2021,Vietnam,VNM,Tunisia,TUN,Export,coffee,coffee_raw_core,090111,Coffee; not roasted or decaffeinated,8051085.026,4921.761,1635.813894,-33.793985,-36.687874,4.570829,,,,0.390812,0.422901,60,28,27,ok,ok,0.85,"Export unit value is calculated as total export value USD divided by total quantity tons. It is an average proxy, not a transaction, contract, FOB invoice, or exact selling price.",UN Comtrade,https://comtradeapi.un.org/public/v1/preview/C/A/HS?reporterCode=704&flowCode=X&cmdCode=090111&period=2020%2C2021%2C2022%2C2023%2C2024%2C2025%2C2026&includeDesc=true,2026-05-26T17:43:55.608Z
A,2021-01-01,2021,Vietnam,VNM,United Arab Emirates,ARE,Export,coffee,coffee_raw_core,090111,Coffee; not roasted or decaffeinated,7680092.275,3549.742,2163.563514,339.272281,239.173379,29.512606,,,,0.372803,0.305011,9,29,31,ok,ok,0.85,"Export unit value is calculated as total export value USD divided by total quantity tons. It is an average proxy, not a transaction, contract, FOB invoice, or exact selling price.",UN Comtrade,https://comtradeapi.un.org/public/v1/preview/C/A/HS?reporterCode=704&flowCode=X&cmdCode=090111&period=2020%2C2021%2C2022%2C2023%2C2024%2C2025%2C2026&includeDesc=true,2026-05-26T17:43:55.608Z
A,2021-01-01,2021,Vietnam,VNM,Ecuador,ECU,Export,coffee,coffee_raw_core,090111,Coffee; not roasted or decaffeinated,7414754.2,4435.68,1671.616122,-44.85549,-49.163821,8.47493,,,,0.359923,0.381135,57,30,29,ok,ok,0.85,"Export unit value is calculated as total export value USD divided by total quantity tons. It is an average proxy, not a transaction, contract, FOB invoice, or exact selling price.",UN Comtrade,https://comtradeapi.un.org/public/v1/preview/C/A/HS?reporterCode=704&flowCode=X&cmdCode=090111&period=2020%2C2021%2C2022%2C2023%2C2024%2C2025%2C2026&includeDesc=true,2026-05-26T17:43:55.608Z
A,2021-01-01,2021,Vietnam,VNM,Morocco,MAR,Export,coffee,coffee_raw_core,090111,Coffee; not roasted or decaffeinated,7029853.841,4195.134,1675.716161,18.781983,8.85995,9.114493,,,,0.34124,0.360466,56,31,30,ok,ok,0.85,"Export unit value is calculated as total export value USD divided by total quantity tons. It is an average proxy, not a transaction, contract, FOB invoice, or exact selling price.",UN Comtrade,https://comtradeapi.un.org/public/v1/preview/C/A/HS?reporterCode=704&flowCode=X&cmdCode=090111&period=2020%2C2021%2C2022%2C2023%2C2024%2C2025%2C2026&includeDesc=true,2026-05-26T17:43:55.608Z
A,2021-01-01,2021,Vietnam,VNM,Slovenia,SVN,Export,coffee,coffee_raw_core,090111,Coffee; not roasted or decaffeinated,5007110.716,2846.992,1758.737192,-24.904087,-32.76828,11.697146,,,,0.243053,0.244627,37,32,32,ok,ok,0.85,"Export unit value is calculated as total export value USD divided by total quantity tons. It is an average proxy, not a transaction, contract, FOB invoice, or exact selling price.",UN Comtrade,https://comtradeapi.un.org/public/v1/preview/C/A/HS?reporterCode=704&flowCode=X&cmdCode=090111&period=2020%2C2021%2C2022%2C2023%2C2024%2C2025%2C2026&includeDesc=true,2026-05-26T17:43:55.608Z
A,2021-01-01,2021,Vietnam,VNM,Sweden,SWE,Export,coffee,coffee_raw_core,090111,Coffee; not roasted or decaffeinated,4292482.55,2368.02,1812.68847,11.630023,-3.391061,15.548338,,,,0.208364,0.203472,29,33,33,ok,ok,0.85,"Export unit value is calculated as total export value USD divided by total quantity tons. It is an average proxy, not a transaction, contract, FOB invoice, or exact selling price.",UN Comtrade,https://comtradeapi.un.org/public/v1/preview/C/A/HS?reporterCode=704&flowCode=X&cmdCode=090111&period=2020%2C2021%2C2022%2C2023%2C2024%2C2025%2C2026&includeDesc=true,2026-05-26T17:43:55.608Z
A,2021-01-01,2021,Vietnam,VNM,South Africa,ZAF,Export,coffee,coffee_raw_core,090111,Coffee; not roasted or decaffeinated,3361635.21,1986.55,1692.197634,111.348247,95.594198,8.054456,,,,0.163179,0.170694,52,34,34,ok,ok,0.85,"Export unit value is calculated as total export value USD divided by total quantity tons. It is an average proxy, not a transaction, contract, FOB invoice, or exact selling price.",UN Comtrade,https://comtradeapi.un.org/public/v1/preview/C/A/HS?reporterCode=704&flowCode=X&cmdCode=090111&period=2020%2C2021%2C2022%2C2023%2C2024%2C2025%2C2026&includeDesc=true,2026-05-26T17:43:55.608Z
A,2021-01-01,2021,Vietnam,VNM,Mexico,MEX,Export,coffee,coffee_raw_core,090111,Coffee; not roasted or decaffeinated,3232653.27,1658.296,1949.382541,24.040573,-1.581043,26.033213,,,,0.156918,0.142489,16,35,36,ok,ok,0.85,"Export unit value is calculated as total export value USD divided by total quantity tons. It is an average proxy, not a transaction, contract, FOB invoice, or exact selling price.",UN Comtrade,https://comtradeapi.un.org/public/v1/preview/C/A/HS?reporterCode=704&flowCode=X&cmdCode=090111&period=2020%2C2021%2C2022%2C2023%2C2024%2C2025%2C2026&includeDesc=true,2026-05-26T17:43:55.608Z
A,2021-01-01,2021,Vietnam,VNM,Romania,ROU,Export,coffee,coffee_raw_core,090111,Coffee; not roasted or decaffeinated,3161025.584,1855.71,1703.404942,-11.321661,-18.671886,9.037743,,,,0.153441,0.159452,49,36,35,ok,ok,0.85,"Export unit value is calculated as total export value USD divided by total quantity tons. It is an average proxy, not a transaction, contract, FOB invoice, or exact selling price.",UN Comtrade,https://comtradeapi.un.org/public/v1/preview/C/A/HS?reporterCode=704&flowCode=X&cmdCode=090111&period=2020%2C2021%2C2022%2C2023%2C2024%2C2025%2C2026&includeDesc=true,2026-05-26T17:43:55.608Z
A,2021-01-01,2021,Vietnam,VNM,Finland,FIN,Export,coffee,coffee_raw_core,090111,Coffee; not roasted or decaffeinated,2939519.14,1559.77,1884.584997,1.827809,-13.096365,17.173245,,,,0.142689,0.134023,19,37,37,ok,ok,0.85,"Export unit value is calculated as total export value USD divided by total quantity tons. It is an average proxy, not a transaction, contract, FOB invoice, or exact selling price.",UN Comtrade,https://comtradeapi.un.org/public/v1/preview/C/A/HS?reporterCode=704&flowCode=X&cmdCode=090111&period=2020%2C2021%2C2022%2C2023%2C2024%2C2025%2C2026&includeDesc=true,2026-05-26T17:43:55.608Z
A,2021-01-01,2021,Vietnam,VNM,"Other Asia, nes",S19,Export,coffee,coffee_raw_core,090111,Coffee; not roasted or decaffeinated,2436149.816,1049.58,2321.07111,22.490682,-2.937353,26.19755,,,,0.118254,0.090185,7,38,39,ok,ok,0.85,"Export unit value is calculated as total export value USD divided by total quantity tons. It is an average proxy, not a transaction, contract, FOB invoice, or exact selling price.",UN Comtrade,https://comtradeapi.un.org/public/v1/preview/C/A/HS?reporterCode=704&flowCode=X&cmdCode=090111&period=2020%2C2021%2C2022%2C2023%2C2024%2C2025%2C2026&includeDesc=true,2026-05-26T17:43:55.608Z
A,2021-01-01,2021,Vietnam,VNM,Czechia,CZE,Export,coffee,coffee_raw_core,090111,Coffee; not roasted or decaffeinated,2384063.462,1278.038,1865.408902,37.773259,13.718432,21.15297,,,,0.115726,0.109815,21,39,38,ok,ok,0.85,"Export unit value is calculated as total export value USD divided by total quantity tons. It is an average proxy, not a transaction, contract, FOB invoice, or exact selling price.",UN Comtrade,https://comtradeapi.un.org/public/v1/preview/C/A/HS?reporterCode=704&flowCode=X&cmdCode=090111&period=2020%2C2021%2C2022%2C2023%2C2024%2C2025%2C2026&includeDesc=true,2026-05-26T17:43:55.608Z
A,2021-01-01,2021,Vietnam,VNM,Türkiye,TUR,Export,coffee,coffee_raw_core,090111,Coffee; not roasted or decaffeinated,2106937.408,998.02,2111.11742,128.338842,79.330428,27.328555,,,,0.102274,0.085755,12,40,40,ok,ok,0.85,"Export unit value is calculated as total export value USD divided by total quantity tons. It is an average proxy, not a transaction, contract, FOB invoice, or exact selling price.",UN Comtrade,https://comtradeapi.un.org/public/v1/preview/C/A/HS?reporterCode=704&flowCode=X&cmdCode=090111&period=2020%2C2021%2C2022%2C2023%2C2024%2C2025%2C2026&includeDesc=true,2026-05-26T17:43:55.608Z
A,2021-01-01,2021,Vietnam,VNM,Ireland,IRL,Export,coffee,coffee_raw_core,090111,Coffee; not roasted or decaffeinated,1811187.614,616.312,2938.751175,-74.023446,-81.774187,42.526177,,,,0.087918,0.052956,5,41,46,ok,ok,0.85,"Export unit value is calculated as total export value USD divided by total quantity tons. It is an average proxy, not a transaction, contract, FOB invoice, or exact selling price.",UN Comtrade,https://comtradeapi.un.org/public/v1/preview/C/A/HS?reporterCode=704&flowCode=X&cmdCode=090111&period=2020%2C2021%2C2022%2C2023%2C2024%2C2025%2C2026&includeDesc=true,2026-05-26T17:43:55.608Z
A,2021-01-01,2021,Vietnam,VNM,Croatia,HRV,Export,coffee,coffee_raw_core,090111,Coffee; not roasted or decaffeinated,1687287.56,991.48,1701.786783,-41.87361,-48.849528,13.638032,,,,0.081904,0.085193,50,42,41,ok,ok,0.85,"Export unit value is calculated as total export value USD divided by total quantity tons. It is an average proxy, not a transaction, contract, FOB invoice, or exact selling price.",UN Comtrade,https://comtradeapi.un.org/public/v1/preview/C/A/HS?reporterCode=704&flowCode=X&cmdCode=090111&period=2020%2C2021%2C2022%2C2023%2C2024%2C2025%2C2026&includeDesc=true,2026-05-26T17:43:55.608Z
A,2021-01-01,2021,Vietnam,VNM,"China, Hong Kong SAR",HKG,Export,coffee,coffee_raw_core,090111,Coffee; not roasted or decaffeinated,1537015.044,883.472,1739.743924,43.727048,38.940669,3.444909,,,,0.074609,0.075912,41,43,42,ok,ok,0.85,"Export unit value is calculated as total export value USD divided by total quantity tons. It is an average proxy, not a transaction, contract, FOB invoice, or exact selling price.",UN Comtrade,https://comtradeapi.un.org/public/v1/preview/C/A/HS?reporterCode=704&flowCode=X&cmdCode=090111&period=2020%2C2021%2C2022%2C2023%2C2024%2C2025%2C2026&includeDesc=true,2026-05-26T17:43:55.608Z
A,2021-01-01,2021,Vietnam,VNM,Denmark,DNK,Export,coffee,coffee_raw_core,090111,Coffee; not roasted or decaffeinated,1437905.4,843.6,1704.487198,-40.523915,-44.526105,7.214547,,,,0.069798,0.072486,48,44,43,ok,ok,0.85,"Export unit value is calculated as total export value USD divided by total quantity tons. It is an average proxy, not a transaction, contract, FOB invoice, or exact selling price.",UN Comtrade,https://comtradeapi.un.org/public/v1/preview/C/A/HS?reporterCode=704&flowCode=X&cmdCode=090111&period=2020%2C2021%2C2022%2C2023%2C2024%2C2025%2C2026&includeDesc=true,2026-05-26T17:43:55.608Z
A,2021-01-01,2021,Vietnam,VNM,Bulgaria,BGR,Export,coffee,coffee_raw_core,090111,Coffee; not roasted or decaffeinated,1361525.24,835.76,1629.086388,-24.987386,-28.410625,4.781771,,,,0.066091,0.071813,61,45,44,ok,ok,0.85,"Export unit value is calculated as total export value USD divided by total quantity tons. It is an average proxy, not a transaction, contract, FOB invoice, or exact selling price.",UN Comtrade,https://comtradeapi.un.org/public/v1/preview/C/A/HS?reporterCode=704&flowCode=X&cmdCode=090111&period=2020%2C2021%2C2022%2C2023%2C2024%2C2025%2C2026&includeDesc=true,2026-05-26T17:43:55.608Z
A,2021-01-01,2021,Vietnam,VNM,New Zealand,NZL,Export,coffee,coffee_raw_core,090111,Coffee; not roasted or decaffeinated,1306914.5,786.23,1662.254684,19.940202,16.817282,2.673337,,,,0.06344,0.067557,59,46,45,ok,ok,0.85,"Export unit value is calculated as total export value USD divided by total quantity tons. It is an average proxy, not a transaction, contract, FOB invoice, or exact selling price.",UN Comtrade,https://comtradeapi.un.org/public/v1/preview/C/A/HS?reporterCode=704&flowCode=X&cmdCode=090111&period=2020%2C2021%2C2022%2C2023%2C2024%2C2025%2C2026&includeDesc=true,2026-05-26T17:43:55.608Z
A,2021-01-01,2021,Vietnam,VNM,Lithuania,LTU,Export,coffee,coffee_raw_core,090111,Coffee; not roasted or decaffeinated,821187.78,447.746,1834.048277,-49.912936,-54.966368,11.221463,,,,0.039862,0.038472,28,47,47,ok,ok,0.85,"Export unit value is calculated as total export value USD divided by total quantity tons. It is an average proxy, not a transaction, contract, FOB invoice, or exact selling price.",UN Comtrade,https://comtradeapi.un.org/public/v1/preview/C/A/HS?reporterCode=704&flowCode=X&cmdCode=090111&period=2020%2C2021%2C2022%2C2023%2C2024%2C2025%2C2026&includeDesc=true,2026-05-26T17:43:55.608Z
A,2021-01-01,2021,Vietnam,VNM,Estonia,EST,Export,coffee,coffee_raw_core,090111,Coffee; not roasted or decaffeinated,730158.276,348.092,2097.601427,440.460844,371.20966,14.696469,,,,0.035443,0.02991,13,48,49,ok,ok,0.85,"Export unit value is calculated as total export value USD divided by total quantity tons. It is an average proxy, not a transaction, contract, FOB invoice, or exact selling price.",UN Comtrade,https://comtradeapi.un.org/public/v1/preview/C/A/HS?reporterCode=704&flowCode=X&cmdCode=090111&period=2020%2C2021%2C2022%2C2023%2C2024%2C2025%2C2026&includeDesc=true,2026-05-26T17:43:55.608Z
A,2021-01-01,2021,Vietnam,VNM,Kuwait,KWT,Export,coffee,coffee_raw_core,090111,Coffee; not roasted or decaffeinated,717430,368.68,1945.942281,-54.094701,-59.321155,12.848089,,,,0.034825,0.031679,18,49,48,ok,ok,0.85,"Export unit value is calculated as total export value USD divided by total quantity tons. It is an average proxy, not a transaction, contract, FOB invoice, or exact selling price.",UN Comtrade,https://comtradeapi.un.org/public/v1/preview/C/A/HS?reporterCode=704&flowCode=X&cmdCode=090111&period=2020%2C2021%2C2022%2C2023%2C2024%2C2025%2C2026&includeDesc=true,2026-05-26T17:43:55.608Z
A,2021-01-01,2021,Vietnam,VNM,Argentina,ARG,Export,coffee,coffee_raw_core,090111,Coffee; not roasted or decaffeinated,452376.068,268.626,1684.036795,-12.888861,-20.035874,8.937775,,,,0.021959,0.023082,54,50,50,ok,ok,0.85,"Export unit value is calculated as total export value USD divided by total quantity tons. It is an average proxy, not a transaction, contract, FOB invoice, or exact selling price.",UN Comtrade,https://comtradeapi.un.org/public/v1/preview/C/A/HS?reporterCode=704&flowCode=X&cmdCode=090111&period=2020%2C2021%2C2022%2C2023%2C2024%2C2025%2C2026&includeDesc=true,2026-05-26T17:43:55.608Z
A,2021-01-01,2021,Vietnam,VNM,Cambodia,KHM,Export,coffee,coffee_raw_core,090111,Coffee; not roasted or decaffeinated,449933.708,192.16,2341.453518,-34.834288,-50.144592,30.709413,,,,0.02184,0.016511,6,51,53,ok,ok,0.85,"Export unit value is calculated as total export value USD divided by total quantity tons. It is an average proxy, not a transaction, contract, FOB invoice, or exact selling price.",UN Comtrade,https://comtradeapi.un.org/public/v1/preview/C/A/HS?reporterCode=704&flowCode=X&cmdCode=090111&period=2020%2C2021%2C2022%2C2023%2C2024%2C2025%2C2026&includeDesc=true,2026-05-26T17:43:55.608Z
A,2021-01-01,2021,Vietnam,VNM,Norway,NOR,Export,coffee,coffee_raw_core,090111,Coffee; not roasted or decaffeinated,426053.088,216,1972.468,-24.045709,-36.867432,20.309207,,,,0.020681,0.01856,15,52,52,ok,ok,0.85,"Export unit value is calculated as total export value USD divided by total quantity tons. It is an average proxy, not a transaction, contract, FOB invoice, or exact selling price.",UN Comtrade,https://comtradeapi.un.org/public/v1/preview/C/A/HS?reporterCode=704&flowCode=X&cmdCode=090111&period=2020%2C2021%2C2022%2C2023%2C2024%2C2025%2C2026&includeDesc=true,2026-05-26T17:43:55.608Z
A,2021-01-01,2021,Vietnam,VNM,Chile,CHL,Export,coffee,coffee_raw_core,090111,Coffee; not roasted or decaffeinated,422153.24,228.64,1846.366515,-28.485902,-36.758527,13.081013,,,,0.020492,0.019646,25,53,51,ok,ok,0.85,"Export unit value is calculated as total export value USD divided by total quantity tons. It is an average proxy, not a transaction, contract, FOB invoice, or exact selling price.",UN Comtrade,https://comtradeapi.un.org/public/v1/preview/C/A/HS?reporterCode=704&flowCode=X&cmdCode=090111&period=2020%2C2021%2C2022%2C2023%2C2024%2C2025%2C2026&includeDesc=true,2026-05-26T17:43:55.608Z
A,2021-01-01,2021,Vietnam,VNM,Singapore,SGP,Export,coffee,coffee_raw_core,090111,Coffee; not roasted or decaffeinated,303560.17,143.242,2119.212033,23.651401,1.772465,21.497893,,,,0.014735,0.012308,11,54,54,ok,ok,0.85,"Export unit value is calculated as total export value USD divided by total quantity tons. It is an average proxy, not a transaction, contract, FOB invoice, or exact selling price.",UN Comtrade,https://comtradeapi.un.org/public/v1/preview/C/A/HS?reporterCode=704&flowCode=X&cmdCode=090111&period=2020%2C2021%2C2022%2C2023%2C2024%2C2025%2C2026&includeDesc=true,2026-05-26T17:43:55.608Z
A,2021-01-01,2021,Vietnam,VNM,Senegal,SEN,Export,coffee,coffee_raw_core,090111,Coffee; not roasted or decaffeinated,202368,115.2,1756.666667,191.966759,200,-2.677747,,,,0.009823,0.009899,38,55,56,ok,ok,0.85,"Export unit value is calculated as total export value USD divided by total quantity tons. It is an average proxy, not a transaction, contract, FOB invoice, or exact selling price.",UN Comtrade,https://comtradeapi.un.org/public/v1/preview/C/A/HS?reporterCode=704&flowCode=X&cmdCode=090111&period=2020%2C2021%2C2022%2C2023%2C2024%2C2025%2C2026&includeDesc=true,2026-05-26T17:43:55.608Z
A,2021-01-01,2021,Vietnam,VNM,Latvia,LVA,Export,coffee,coffee_raw_core,090111,Coffee; not roasted or decaffeinated,201525.6,117.6,1713.653061,-55.594415,-58.227925,6.304474,,,,0.009782,0.010105,45,56,55,ok,ok,0.85,"Export unit value is calculated as total export value USD divided by total quantity tons. It is an average proxy, not a transaction, contract, FOB invoice, or exact selling price.",UN Comtrade,https://comtradeapi.un.org/public/v1/preview/C/A/HS?reporterCode=704&flowCode=X&cmdCode=090111&period=2020%2C2021%2C2022%2C2023%2C2024%2C2025%2C2026&includeDesc=true,2026-05-26T17:43:55.608Z
A,2021-01-01,2021,Vietnam,VNM,Nigeria,NGA,Export,coffee,coffee_raw_core,090111,Coffee; not roasted or decaffeinated,129288.524,79.79,1620.359995,,,,,,,0.006276,0.006856,62,57,57,ok,ok,0.85,"Export unit value is calculated as total export value USD divided by total quantity tons. It is an average proxy, not a transaction, contract, FOB invoice, or exact selling price.",UN Comtrade,https://comtradeapi.un.org/public/v1/preview/C/A/HS?reporterCode=704&flowCode=X&cmdCode=090111&period=2020%2C2021%2C2022%2C2023%2C2024%2C2025%2C2026&includeDesc=true,2026-05-26T17:43:55.608Z
A,2021-01-01,2021,Vietnam,VNM,Myanmar,MMR,Export,coffee,coffee_raw_core,090111,Coffee; not roasted or decaffeinated,123360,58.048,2125.137817,-58.145479,-62.312074,11.055517,,,,0.005988,0.004988,10,58,58,ok,ok,0.85,"Export unit value is calculated as total export value USD divided by total quantity tons. It is an average proxy, not a transaction, contract, FOB invoice, or exact selling price.",UN Comtrade,https://comtradeapi.un.org/public/v1/preview/C/A/HS?reporterCode=704&flowCode=X&cmdCode=090111&period=2020%2C2021%2C2022%2C2023%2C2024%2C2025%2C2026&includeDesc=true,2026-05-26T17:43:55.608Z
A,2021-01-01,2021,Vietnam,VNM,Saudi Arabia,SAU,Export,coffee,coffee_raw_core,090111,Coffee; not roasted or decaffeinated,119571.25,52.89,2260.753451,-32.021621,-43.198435,19.676947,,,,0.005804,0.004545,8,59,59,ok,ok,0.85,"Export unit value is calculated as total export value USD divided by total quantity tons. It is an average proxy, not a transaction, contract, FOB invoice, or exact selling price.",UN Comtrade,https://comtradeapi.un.org/public/v1/preview/C/A/HS?reporterCode=704&flowCode=X&cmdCode=090111&period=2020%2C2021%2C2022%2C2023%2C2024%2C2025%2C2026&includeDesc=true,2026-05-26T17:43:55.608Z
A,2021-01-01,2021,Vietnam,VNM,Panama,PAN,Export,coffee,coffee_raw_core,090111,Coffee; not roasted or decaffeinated,60000,19.2,3125,,,,,,,0.002912,0.00165,4,60,60,ok,ok,0.85,"Export unit value is calculated as total export value USD divided by total quantity tons. It is an average proxy, not a transaction, contract, FOB invoice, or exact selling price.",UN Comtrade,https://comtradeapi.un.org/public/v1/preview/C/A/HS?reporterCode=704&flowCode=X&cmdCode=090111&period=2020%2C2021%2C2022%2C2023%2C2024%2C2025%2C2026&includeDesc=true,2026-05-26T17:43:55.608Z
A,2021-01-01,2021,Vietnam,VNM,Malta,MLT,Export,coffee,coffee_raw_core,090111,Coffee; not roasted or decaffeinated,32198.4,19.2,1677,-82.574813,-83.697005,6.883347,,,,0.001563,0.00165,55,61,60,ok,ok,0.85,"Export unit value is calculated as total export value USD divided by total quantity tons. It is an average proxy, not a transaction, contract, FOB invoice, or exact selling price.",UN Comtrade,https://comtradeapi.un.org/public/v1/preview/C/A/HS?reporterCode=704&flowCode=X&cmdCode=090111&period=2020%2C2021%2C2022%2C2023%2C2024%2C2025%2C2026&includeDesc=true,2026-05-26T17:43:55.608Z
A,2021-01-01,2021,Vietnam,VNM,Bangladesh,BGD,Export,coffee,coffee_raw_core,090111,Coffee; not roasted or decaffeinated,11568,3.18,3637.735849,,,,,,,0.000562,0.000273,3,62,62,ok,low_volume,0.55,"Low volume market; export unit value may be noisy. Do not use as a strong pricing signal without verification. Export unit value is an average proxy, not a transaction, contract, FOB invoice, or exact selling price.",UN Comtrade,https://comtradeapi.un.org/public/v1/preview/C/A/HS?reporterCode=704&flowCode=X&cmdCode=090111&period=2020%2C2021%2C2022%2C2023%2C2024%2C2025%2C2026&includeDesc=true,2026-05-26T17:43:55.608Z
A,2021-01-01,2021,Vietnam,VNM,Austria,AUT,Export,coffee,coffee_raw_core,090111,Coffee; not roasted or decaffeinated,6450,0.3,21500,-25.631269,-28.571429,4.116223,,,,0.000313,0.000026,1,63,65,suspicious_unit_price,low_volume,0.55,"Low volume market; export unit value may be noisy. Do not use as a strong pricing signal without verification. Export unit value is an average proxy, not a transaction, contract, FOB invoice, or exact selling price.",UN Comtrade,https://comtradeapi.un.org/public/v1/preview/C/A/HS?reporterCode=704&flowCode=X&cmdCode=090111&period=2020%2C2021%2C2022%2C2023%2C2024%2C2025%2C2026&includeDesc=true,2026-05-26T17:43:55.608Z
A,2021-01-01,2021,Vietnam,VNM,Uruguay,URY,Export,coffee,coffee_raw_core,090111,Coffee; not roasted or decaffeinated,3500,0.7,5000,,,,,,,0.00017,0.00006,2,64,64,ok,low_volume,0.55,"Low volume market; export unit value may be noisy. Do not use as a strong pricing signal without verification. Export unit value is an average proxy, not a transaction, contract, FOB invoice, or exact selling price.",UN Comtrade,https://comtradeapi.un.org/public/v1/preview/C/A/HS?reporterCode=704&flowCode=X&cmdCode=090111&period=2020%2C2021%2C2022%2C2023%2C2024%2C2025%2C2026&includeDesc=true,2026-05-26T17:43:55.608Z
A,2021-01-01,2021,Vietnam,VNM,Sri Lanka,LKA,Export,coffee,coffee_raw_core,090111,Coffee; not roasted or decaffeinated,1500,0.805,1863.354037,-98.437435,-98.537162,6.817339,,,,0.000073,0.000069,22,65,63,ok,low_volume,0.55,"Low volume market; export unit value may be noisy. Do not use as a strong pricing signal without verification. Export unit value is an average proxy, not a transaction, contract, FOB invoice, or exact selling price.",UN Comtrade,https://comtradeapi.un.org/public/v1/preview/C/A/HS?reporterCode=704&flowCode=X&cmdCode=090111&period=2020%2C2021%2C2022%2C2023%2C2024%2C2025%2C2026&includeDesc=true,2026-05-26T17:43:55.608Z
A,2022-01-01,2022,Vietnam,VNM,Germany,DEU,Export,coffee,coffee_raw_core,090111,Coffee; not roasted or decaffeinated,454090248.877,220082.686734,2063.271108,15.245556,-0.345677,15.645314,,,,16.086769,16.26746,41,1,1,ok,ok,0.85,"Export unit value is calculated as total export value USD divided by total quantity tons. It is an average proxy, not a transaction, contract, FOB invoice, or exact selling price.",UN Comtrade,https://comtradeapi.un.org/public/v1/preview/C/A/HS?reporterCode=704&flowCode=X&cmdCode=090111&period=2020%2C2021%2C2022%2C2023%2C2024%2C2025%2C2026&includeDesc=true,2026-05-26T17:43:55.608Z
A,2022-01-01,2022,Vietnam,VNM,Italy,ITA,Export,coffee,coffee_raw_core,090111,Coffee; not roasted or decaffeinated,290820187.608,138298.93,2102.837582,31.969325,8.674227,21.435715,,,,10.302703,10.222396,34,2,2,ok,ok,0.85,"Export unit value is calculated as total export value USD divided by total quantity tons. It is an average proxy, not a transaction, contract, FOB invoice, or exact selling price.",UN Comtrade,https://comtradeapi.un.org/public/v1/preview/C/A/HS?reporterCode=704&flowCode=X&cmdCode=090111&period=2020%2C2021%2C2022%2C2023%2C2024%2C2025%2C2026&includeDesc=true,2026-05-26T17:43:55.608Z
A,2022-01-01,2022,Vietnam,VNM,USA,USA,Export,coffee,coffee_raw_core,090111,Coffee; not roasted or decaffeinated,254532081.849,117804.527851,2160.63072,12.505523,-3.629331,16.742494,,,,9.017148,8.707548,28,3,4,ok,ok,0.85,"Export unit value is calculated as total export value USD divided by total quantity tons. It is an average proxy, not a transaction, contract, FOB invoice, or exact selling price.",UN Comtrade,https://comtradeapi.un.org/public/v1/preview/C/A/HS?reporterCode=704&flowCode=X&cmdCode=090111&period=2020%2C2021%2C2022%2C2023%2C2024%2C2025%2C2026&includeDesc=true,2026-05-26T17:43:55.608Z
A,2022-01-01,2022,Vietnam,VNM,Belgium,BEL,Export,coffee,coffee_raw_core,090111,Coffee; not roasted or decaffeinated,253068843.617,120673.6,2097.135112,126.816238,99.68097,13.589311,,,,8.96531,8.919616,35,4,3,ok,ok,0.85,"Export unit value is calculated as total export value USD divided by total quantity tons. It is an average proxy, not a transaction, contract, FOB invoice, or exact selling price.",UN Comtrade,https://comtradeapi.un.org/public/v1/preview/C/A/HS?reporterCode=704&flowCode=X&cmdCode=090111&period=2020%2C2021%2C2022%2C2023%2C2024%2C2025%2C2026&includeDesc=true,2026-05-26T17:43:55.608Z
A,2022-01-01,2022,Vietnam,VNM,Japan,JPN,Export,coffee,coffee_raw_core,090111,Coffee; not roasted or decaffeinated,206550035.42,95805.005376,2155.942005,11.617631,-7.033612,20.062351,,,,7.317318,7.081448,29,5,5,ok,ok,0.85,"Export unit value is calculated as total export value USD divided by total quantity tons. It is an average proxy, not a transaction, contract, FOB invoice, or exact selling price.",UN Comtrade,https://comtradeapi.un.org/public/v1/preview/C/A/HS?reporterCode=704&flowCode=X&cmdCode=090111&period=2020%2C2021%2C2022%2C2023%2C2024%2C2025%2C2026&includeDesc=true,2026-05-26T17:43:55.608Z
A,2022-01-01,2022,Vietnam,VNM,Russian Federation,RUS,Export,coffee,coffee_raw_core,090111,Coffee; not roasted or decaffeinated,196297466.576,95405.7,2057.502503,52.036765,29.027385,17.832943,,,,6.954107,7.051933,43,6,6,ok,ok,0.85,"Export unit value is calculated as total export value USD divided by total quantity tons. It is an average proxy, not a transaction, contract, FOB invoice, or exact selling price.",UN Comtrade,https://comtradeapi.un.org/public/v1/preview/C/A/HS?reporterCode=704&flowCode=X&cmdCode=090111&period=2020%2C2021%2C2022%2C2023%2C2024%2C2025%2C2026&includeDesc=true,2026-05-26T17:43:55.608Z
A,2022-01-01,2022,Vietnam,VNM,Spain,ESP,Export,coffee,coffee_raw_core,090111,Coffee; not roasted or decaffeinated,161034432.594,79622.41,2022.476242,80.75195,54.327663,17.122197,,,,5.704865,5.885308,47,7,7,ok,ok,0.85,"Export unit value is calculated as total export value USD divided by total quantity tons. It is an average proxy, not a transaction, contract, FOB invoice, or exact selling price.",UN Comtrade,https://comtradeapi.un.org/public/v1/preview/C/A/HS?reporterCode=704&flowCode=X&cmdCode=090111&period=2020%2C2021%2C2022%2C2023%2C2024%2C2025%2C2026&includeDesc=true,2026-05-26T17:43:55.608Z
A,2022-01-01,2022,Vietnam,VNM,Algeria,DZA,Export,coffee,coffee_raw_core,090111,Coffee; not roasted or decaffeinated,84978580.273,42493.93,1999.781622,-14.717592,-24.823168,13.442407,,,,3.010483,3.140948,51,8,8,ok,ok,0.85,"Export unit value is calculated as total export value USD divided by total quantity tons. It is an average proxy, not a transaction, contract, FOB invoice, or exact selling price.",UN Comtrade,https://comtradeapi.un.org/public/v1/preview/C/A/HS?reporterCode=704&flowCode=X&cmdCode=090111&period=2020%2C2021%2C2022%2C2023%2C2024%2C2025%2C2026&includeDesc=true,2026-05-26T17:43:55.608Z
A,2022-01-01,2022,Vietnam,VNM,United Kingdom,GBR,Export,coffee,coffee_raw_core,090111,Coffee; not roasted or decaffeinated,79878628.286,39960.115,1998.958919,61.340702,42.04753,13.582195,,,,2.82981,2.953661,52,9,9,ok,ok,0.85,"Export unit value is calculated as total export value USD divided by total quantity tons. It is an average proxy, not a transaction, contract, FOB invoice, or exact selling price.",UN Comtrade,https://comtradeapi.un.org/public/v1/preview/C/A/HS?reporterCode=704&flowCode=X&cmdCode=090111&period=2020%2C2021%2C2022%2C2023%2C2024%2C2025%2C2026&includeDesc=true,2026-05-26T17:43:55.608Z
A,2022-01-01,2022,Vietnam,VNM,Philippines,PHL,Export,coffee,coffee_raw_core,090111,Coffee; not roasted or decaffeinated,72521955.151,35333.61,2052.492093,72.690372,42.301693,21.355107,,,,2.56919,2.611692,44,10,10,ok,ok,0.85,"Export unit value is calculated as total export value USD divided by total quantity tons. It is an average proxy, not a transaction, contract, FOB invoice, or exact selling price.",UN Comtrade,https://comtradeapi.un.org/public/v1/preview/C/A/HS?reporterCode=704&flowCode=X&cmdCode=090111&period=2020%2C2021%2C2022%2C2023%2C2024%2C2025%2C2026&includeDesc=true,2026-05-26T17:43:55.608Z
A,2022-01-01,2022,Vietnam,VNM,Rep. of Korea,KOR,Export,coffee,coffee_raw_core,090111,Coffee; not roasted or decaffeinated,66282983.159,30977.36,2139.723435,17.271208,2.614712,14.283035,,,,2.348165,2.289698,31,11,12,ok,ok,0.85,"Export unit value is calculated as total export value USD divided by total quantity tons. It is an average proxy, not a transaction, contract, FOB invoice, or exact selling price.",UN Comtrade,https://comtradeapi.un.org/public/v1/preview/C/A/HS?reporterCode=704&flowCode=X&cmdCode=090111&period=2020%2C2021%2C2022%2C2023%2C2024%2C2025%2C2026&includeDesc=true,2026-05-26T17:43:55.608Z
A,2022-01-01,2022,Vietnam,VNM,Netherlands,NLD,Export,coffee,coffee_raw_core,090111,Coffee; not roasted or decaffeinated,63885489.528,29176.96,2189.586904,207.132011,173.006313,12.499967,,,,2.263231,2.156621,27,12,14,ok,ok,0.85,"Export unit value is calculated as total export value USD divided by total quantity tons. It is an average proxy, not a transaction, contract, FOB invoice, or exact selling price.",UN Comtrade,https://comtradeapi.un.org/public/v1/preview/C/A/HS?reporterCode=704&flowCode=X&cmdCode=090111&period=2020%2C2021%2C2022%2C2023%2C2024%2C2025%2C2026&includeDesc=true,2026-05-26T17:43:55.608Z
A,2022-01-01,2022,Vietnam,VNM,Mexico,MEX,Export,coffee,coffee_raw_core,090111,Coffee; not roasted or decaffeinated,61716878.707,31011.17,1990.149959,1809.170998,1770.062401,2.091299,,,,2.186405,2.292197,55,13,11,ok,ok,0.85,"Export unit value is calculated as total export value USD divided by total quantity tons. It is an average proxy, not a transaction, contract, FOB invoice, or exact selling price.",UN Comtrade,https://comtradeapi.un.org/public/v1/preview/C/A/HS?reporterCode=704&flowCode=X&cmdCode=090111&period=2020%2C2021%2C2022%2C2023%2C2024%2C2025%2C2026&includeDesc=true,2026-05-26T17:43:55.608Z
A,2022-01-01,2022,Vietnam,VNM,Thailand,THA,Export,coffee,coffee_raw_core,090111,Coffee; not roasted or decaffeinated,61628251.4,27921.32,2207.211242,14.851805,-11.458285,29.714909,,,,2.183265,2.06381,25,14,15,ok,ok,0.85,"Export unit value is calculated as total export value USD divided by total quantity tons. It is an average proxy, not a transaction, contract, FOB invoice, or exact selling price.",UN Comtrade,https://comtradeapi.un.org/public/v1/preview/C/A/HS?reporterCode=704&flowCode=X&cmdCode=090111&period=2020%2C2021%2C2022%2C2023%2C2024%2C2025%2C2026&includeDesc=true,2026-05-26T17:43:55.608Z
A,2022-01-01,2022,Vietnam,VNM,India,IND,Export,coffee,coffee_raw_core,090111,Coffee; not roasted or decaffeinated,55675962.169,29234.88,1904.436145,192.51911,137.166028,23.339381,,,,1.972397,2.160903,65,15,13,ok,ok,0.85,"Export unit value is calculated as total export value USD divided by total quantity tons. It is an average proxy, not a transaction, contract, FOB invoice, or exact selling price.",UN Comtrade,https://comtradeapi.un.org/public/v1/preview/C/A/HS?reporterCode=704&flowCode=X&cmdCode=090111&period=2020%2C2021%2C2022%2C2023%2C2024%2C2025%2C2026&includeDesc=true,2026-05-26T17:43:55.608Z
A,2022-01-01,2022,Vietnam,VNM,France,FRA,Export,coffee,coffee_raw_core,090111,Coffee; not roasted or decaffeinated,51808787.76,22106.73,2343.575362,105.96285,52.118873,35.395987,,,,1.835397,1.634024,19,16,17,ok,ok,0.85,"Export unit value is calculated as total export value USD divided by total quantity tons. It is an average proxy, not a transaction, contract, FOB invoice, or exact selling price.",UN Comtrade,https://comtradeapi.un.org/public/v1/preview/C/A/HS?reporterCode=704&flowCode=X&cmdCode=090111&period=2020%2C2021%2C2022%2C2023%2C2024%2C2025%2C2026&includeDesc=true,2026-05-26T17:43:55.608Z
A,2022-01-01,2022,Vietnam,VNM,China,CHN,Export,coffee,coffee_raw_core,090111,Coffee; not roasted or decaffeinated,41651557.729,22212.366,1875.151784,-23.800706,-36.85629,20.675985,,,,1.475563,1.641832,67,17,16,ok,ok,0.85,"Export unit value is calculated as total export value USD divided by total quantity tons. It is an average proxy, not a transaction, contract, FOB invoice, or exact selling price.",UN Comtrade,https://comtradeapi.un.org/public/v1/preview/C/A/HS?reporterCode=704&flowCode=X&cmdCode=090111&period=2020%2C2021%2C2022%2C2023%2C2024%2C2025%2C2026&includeDesc=true,2026-05-26T17:43:55.608Z
A,2022-01-01,2022,Vietnam,VNM,Malaysia,MYS,Export,coffee,coffee_raw_core,090111,Coffee; not roasted or decaffeinated,41405199.739,20583.28,2011.593864,-26.595926,-37.490551,17.428765,,,,1.466836,1.521418,48,18,18,ok,ok,0.85,"Export unit value is calculated as total export value USD divided by total quantity tons. It is an average proxy, not a transaction, contract, FOB invoice, or exact selling price.",UN Comtrade,https://comtradeapi.un.org/public/v1/preview/C/A/HS?reporterCode=704&flowCode=X&cmdCode=090111&period=2020%2C2021%2C2022%2C2023%2C2024%2C2025%2C2026&includeDesc=true,2026-05-26T17:43:55.608Z
A,2022-01-01,2022,Vietnam,VNM,Australia,AUS,Export,coffee,coffee_raw_core,090111,Coffee; not roasted or decaffeinated,38665818.01,18653.08,2072.891877,79.837046,44.566566,24.397398,,,,1.36979,1.378746,39,19,20,ok,ok,0.85,"Export unit value is calculated as total export value USD divided by total quantity tons. It is an average proxy, not a transaction, contract, FOB invoice, or exact selling price.",UN Comtrade,https://comtradeapi.un.org/public/v1/preview/C/A/HS?reporterCode=704&flowCode=X&cmdCode=090111&period=2020%2C2021%2C2022%2C2023%2C2024%2C2025%2C2026&includeDesc=true,2026-05-26T17:43:55.608Z
A,2022-01-01,2022,Vietnam,VNM,Ecuador,ECU,Export,coffee,coffee_raw_core,090111,Coffee; not roasted or decaffeinated,36844611.986,18860.77,1953.505185,396.909419,325.205831,16.863265,,,,1.305271,1.394098,62,20,19,ok,ok,0.85,"Export unit value is calculated as total export value USD divided by total quantity tons. It is an average proxy, not a transaction, contract, FOB invoice, or exact selling price.",UN Comtrade,https://comtradeapi.un.org/public/v1/preview/C/A/HS?reporterCode=704&flowCode=X&cmdCode=090111&period=2020%2C2021%2C2022%2C2023%2C2024%2C2025%2C2026&includeDesc=true,2026-05-26T17:43:55.608Z
A,2022-01-01,2022,Vietnam,VNM,Egypt,EGY,Export,coffee,coffee_raw_core,090111,Coffee; not roasted or decaffeinated,35642113.602,16257.68,2192.324711,35.01619,13.29839,19.168674,,,,1.262671,1.20169,26,21,21,ok,ok,0.85,"Export unit value is calculated as total export value USD divided by total quantity tons. It is an average proxy, not a transaction, contract, FOB invoice, or exact selling price.",UN Comtrade,https://comtradeapi.un.org/public/v1/preview/C/A/HS?reporterCode=704&flowCode=X&cmdCode=090111&period=2020%2C2021%2C2022%2C2023%2C2024%2C2025%2C2026&includeDesc=true,2026-05-26T17:43:55.608Z
A,2022-01-01,2022,Vietnam,VNM,Portugal,PRT,Export,coffee,coffee_raw_core,090111,Coffee; not roasted or decaffeinated,22838837.778,10913.85,2092.647212,47.148997,24.773321,17.933061,,,,0.809097,0.8067,37,22,22,ok,ok,0.85,"Export unit value is calculated as total export value USD divided by total quantity tons. It is an average proxy, not a transaction, contract, FOB invoice, or exact selling price.",UN Comtrade,https://comtradeapi.un.org/public/v1/preview/C/A/HS?reporterCode=704&flowCode=X&cmdCode=090111&period=2020%2C2021%2C2022%2C2023%2C2024%2C2025%2C2026&includeDesc=true,2026-05-26T17:43:55.608Z
A,2022-01-01,2022,Vietnam,VNM,Poland,POL,Export,coffee,coffee_raw_core,090111,Coffee; not roasted or decaffeinated,19463912.22,9877.35,1970.560142,1.901783,-11.640466,15.326302,,,,0.689536,0.730086,59,23,23,ok,ok,0.85,"Export unit value is calculated as total export value USD divided by total quantity tons. It is an average proxy, not a transaction, contract, FOB invoice, or exact selling price.",UN Comtrade,https://comtradeapi.un.org/public/v1/preview/C/A/HS?reporterCode=704&flowCode=X&cmdCode=090111&period=2020%2C2021%2C2022%2C2023%2C2024%2C2025%2C2026&includeDesc=true,2026-05-26T17:43:55.608Z
A,2022-01-01,2022,Vietnam,VNM,Greece,GRC,Export,coffee,coffee_raw_core,090111,Coffee; not roasted or decaffeinated,16582964.377,7947.424,2086.583574,-6.846097,-20.74392,17.53534,,,,0.587474,0.587436,38,24,24,ok,ok,0.85,"Export unit value is calculated as total export value USD divided by total quantity tons. It is an average proxy, not a transaction, contract, FOB invoice, or exact selling price.",UN Comtrade,https://comtradeapi.un.org/public/v1/preview/C/A/HS?reporterCode=704&flowCode=X&cmdCode=090111&period=2020%2C2021%2C2022%2C2023%2C2024%2C2025%2C2026&includeDesc=true,2026-05-26T17:43:55.608Z
A,2022-01-01,2022,Vietnam,VNM,Canada,CAN,Export,coffee,coffee_raw_core,090111,Coffee; not roasted or decaffeinated,16194601.21,6317.216,2563.566167,25.110744,-2.996726,28.975795,,,,0.573716,0.466938,11,25,26,ok,ok,0.85,"Export unit value is calculated as total export value USD divided by total quantity tons. It is an average proxy, not a transaction, contract, FOB invoice, or exact selling price.",UN Comtrade,https://comtradeapi.un.org/public/v1/preview/C/A/HS?reporterCode=704&flowCode=X&cmdCode=090111&period=2020%2C2021%2C2022%2C2023%2C2024%2C2025%2C2026&includeDesc=true,2026-05-26T17:43:55.608Z
A,2022-01-01,2022,Vietnam,VNM,Morocco,MAR,Export,coffee,coffee_raw_core,090111,Coffee; not roasted or decaffeinated,12477648.847,6358.08,1962.486922,77.495139,51.558448,17.113325,,,,0.442038,0.469959,60,26,25,ok,ok,0.85,"Export unit value is calculated as total export value USD divided by total quantity tons. It is an average proxy, not a transaction, contract, FOB invoice, or exact selling price.",UN Comtrade,https://comtradeapi.un.org/public/v1/preview/C/A/HS?reporterCode=704&flowCode=X&cmdCode=090111&period=2020%2C2021%2C2022%2C2023%2C2024%2C2025%2C2026&includeDesc=true,2026-05-26T17:43:55.608Z
A,2022-01-01,2022,Vietnam,VNM,Israel,ISR,Export,coffee,coffee_raw_core,090111,Coffee; not roasted or decaffeinated,11913645.619,5681.518,2096.912413,22.753473,8.864699,12.757831,,,,0.422057,0.419951,36,27,28,ok,ok,0.85,"Export unit value is calculated as total export value USD divided by total quantity tons. It is an average proxy, not a transaction, contract, FOB invoice, or exact selling price.",UN Comtrade,https://comtradeapi.un.org/public/v1/preview/C/A/HS?reporterCode=704&flowCode=X&cmdCode=090111&period=2020%2C2021%2C2022%2C2023%2C2024%2C2025%2C2026&includeDesc=true,2026-05-26T17:43:55.608Z
A,2022-01-01,2022,Vietnam,VNM,Indonesia,IDN,Export,coffee,coffee_raw_core,090111,Coffee; not roasted or decaffeinated,11779322.633,5944.69,1981.486441,0.933687,-19.919881,26.04088,,,,0.417299,0.439403,57,28,27,ok,ok,0.85,"Export unit value is calculated as total export value USD divided by total quantity tons. It is an average proxy, not a transaction, contract, FOB invoice, or exact selling price.",UN Comtrade,https://comtradeapi.un.org/public/v1/preview/C/A/HS?reporterCode=704&flowCode=X&cmdCode=090111&period=2020%2C2021%2C2022%2C2023%2C2024%2C2025%2C2026&includeDesc=true,2026-05-26T17:43:55.608Z
A,2022-01-01,2022,Vietnam,VNM,Slovenia,SVN,Export,coffee,coffee_raw_core,090111,Coffee; not roasted or decaffeinated,10736849.946,5045.349,2128.068831,114.432046,77.216831,20.99982,,,,0.380368,0.372928,32,29,29,ok,ok,0.85,"Export unit value is calculated as total export value USD divided by total quantity tons. It is an average proxy, not a transaction, contract, FOB invoice, or exact selling price.",UN Comtrade,https://comtradeapi.un.org/public/v1/preview/C/A/HS?reporterCode=704&flowCode=X&cmdCode=090111&period=2020%2C2021%2C2022%2C2023%2C2024%2C2025%2C2026&includeDesc=true,2026-05-26T17:43:55.608Z
A,2022-01-01,2022,Vietnam,VNM,United Arab Emirates,ARE,Export,coffee,coffee_raw_core,090111,Coffee; not roasted or decaffeinated,10530841.52,4623.062,2277.893206,37.118685,30.236564,5.284323,,,,0.373069,0.341715,21,30,32,ok,ok,0.85,"Export unit value is calculated as total export value USD divided by total quantity tons. It is an average proxy, not a transaction, contract, FOB invoice, or exact selling price.",UN Comtrade,https://comtradeapi.un.org/public/v1/preview/C/A/HS?reporterCode=704&flowCode=X&cmdCode=090111&period=2020%2C2021%2C2022%2C2023%2C2024%2C2025%2C2026&includeDesc=true,2026-05-26T17:43:55.608Z
A,2022-01-01,2022,Vietnam,VNM,South Africa,ZAF,Export,coffee,coffee_raw_core,090111,Coffee; not roasted or decaffeinated,9779628.956,5029.92,1944.291153,190.918804,153.198762,14.897404,,,,0.346457,0.371788,63,31,30,ok,ok,0.85,"Export unit value is calculated as total export value USD divided by total quantity tons. It is an average proxy, not a transaction, contract, FOB invoice, or exact selling price.",UN Comtrade,https://comtradeapi.un.org/public/v1/preview/C/A/HS?reporterCode=704&flowCode=X&cmdCode=090111&period=2020%2C2021%2C2022%2C2023%2C2024%2C2025%2C2026&includeDesc=true,2026-05-26T17:43:55.608Z
A,2022-01-01,2022,Vietnam,VNM,Dominican Rep.,DOM,Export,coffee,coffee_raw_core,090111,Coffee; not roasted or decaffeinated,9704085.442,4863.892,1995.127655,15.516834,1.40938,13.91139,,,,0.343781,0.359516,53,32,31,ok,ok,0.85,"Export unit value is calculated as total export value USD divided by total quantity tons. It is an average proxy, not a transaction, contract, FOB invoice, or exact selling price.",UN Comtrade,https://comtradeapi.un.org/public/v1/preview/C/A/HS?reporterCode=704&flowCode=X&cmdCode=090111&period=2020%2C2021%2C2022%2C2023%2C2024%2C2025%2C2026&includeDesc=true,2026-05-26T17:43:55.608Z
A,2022-01-01,2022,Vietnam,VNM,Tunisia,TUN,Export,coffee,coffee_raw_core,090111,Coffee; not roasted or decaffeinated,6965140.05,3659.057,1903.534176,-13.488182,-25.655533,16.366182,,,,0.24675,0.27046,66,33,33,ok,ok,0.85,"Export unit value is calculated as total export value USD divided by total quantity tons. It is an average proxy, not a transaction, contract, FOB invoice, or exact selling price.",UN Comtrade,https://comtradeapi.un.org/public/v1/preview/C/A/HS?reporterCode=704&flowCode=X&cmdCode=090111&period=2020%2C2021%2C2022%2C2023%2C2024%2C2025%2C2026&includeDesc=true,2026-05-26T17:43:55.608Z
A,2022-01-01,2022,Vietnam,VNM,Colombia,COL,Export,coffee,coffee_raw_core,090111,Coffee; not roasted or decaffeinated,4712280.11,2234.354,2109.012319,,,,,,,0.166939,0.165153,33,34,34,ok,ok,0.85,"Export unit value is calculated as total export value USD divided by total quantity tons. It is an average proxy, not a transaction, contract, FOB invoice, or exact selling price.",UN Comtrade,https://comtradeapi.un.org/public/v1/preview/C/A/HS?reporterCode=704&flowCode=X&cmdCode=090111&period=2020%2C2021%2C2022%2C2023%2C2024%2C2025%2C2026&includeDesc=true,2026-05-26T17:43:55.608Z
A,2022-01-01,2022,Vietnam,VNM,Sweden,SWE,Export,coffee,coffee_raw_core,090111,Coffee; not roasted or decaffeinated,4667944.978,1811.53,2576.79695,8.746976,-23.500224,42.153326,,,,0.165368,0.1339,10,35,36,ok,ok,0.85,"Export unit value is calculated as total export value USD divided by total quantity tons. It is an average proxy, not a transaction, contract, FOB invoice, or exact selling price.",UN Comtrade,https://comtradeapi.un.org/public/v1/preview/C/A/HS?reporterCode=704&flowCode=X&cmdCode=090111&period=2020%2C2021%2C2022%2C2023%2C2024%2C2025%2C2026&includeDesc=true,2026-05-26T17:43:55.608Z
A,2022-01-01,2022,Vietnam,VNM,Türkiye,TUR,Export,coffee,coffee_raw_core,090111,Coffee; not roasted or decaffeinated,3910009.716,1638.6,2386.189257,85.577877,64.185086,13.02968,,,,0.138517,0.121117,17,36,40,ok,ok,0.85,"Export unit value is calculated as total export value USD divided by total quantity tons. It is an average proxy, not a transaction, contract, FOB invoice, or exact selling price.",UN Comtrade,https://comtradeapi.un.org/public/v1/preview/C/A/HS?reporterCode=704&flowCode=X&cmdCode=090111&period=2020%2C2021%2C2022%2C2023%2C2024%2C2025%2C2026&includeDesc=true,2026-05-26T17:43:55.608Z
A,2022-01-01,2022,Vietnam,VNM,Romania,ROU,Export,coffee,coffee_raw_core,090111,Coffee; not roasted or decaffeinated,3822122.468,1932.412,1977.90247,20.914,4.133297,16.114637,,,,0.135404,0.142835,58,37,35,ok,ok,0.85,"Export unit value is calculated as total export value USD divided by total quantity tons. It is an average proxy, not a transaction, contract, FOB invoice, or exact selling price.",UN Comtrade,https://comtradeapi.un.org/public/v1/preview/C/A/HS?reporterCode=704&flowCode=X&cmdCode=090111&period=2020%2C2021%2C2022%2C2023%2C2024%2C2025%2C2026&includeDesc=true,2026-05-26T17:43:55.608Z
A,2022-01-01,2022,Vietnam,VNM,Croatia,HRV,Export,coffee,coffee_raw_core,090111,Coffee; not roasted or decaffeinated,3537779.778,1762.11,2007.695194,109.672605,77.725219,17.975719,,,,0.125331,0.130247,49,38,37,ok,ok,0.85,"Export unit value is calculated as total export value USD divided by total quantity tons. It is an average proxy, not a transaction, contract, FOB invoice, or exact selling price.",UN Comtrade,https://comtradeapi.un.org/public/v1/preview/C/A/HS?reporterCode=704&flowCode=X&cmdCode=090111&period=2020%2C2021%2C2022%2C2023%2C2024%2C2025%2C2026&includeDesc=true,2026-05-26T17:43:55.608Z
A,2022-01-01,2022,Vietnam,VNM,Estonia,EST,Export,coffee,coffee_raw_core,090111,Coffee; not roasted or decaffeinated,3447315.836,1666.452,2068.655944,372.13268,378.738954,-1.379932,,,,0.122126,0.123176,40,39,39,ok,ok,0.85,"Export unit value is calculated as total export value USD divided by total quantity tons. It is an average proxy, not a transaction, contract, FOB invoice, or exact selling price.",UN Comtrade,https://comtradeapi.un.org/public/v1/preview/C/A/HS?reporterCode=704&flowCode=X&cmdCode=090111&period=2020%2C2021%2C2022%2C2023%2C2024%2C2025%2C2026&includeDesc=true,2026-05-26T17:43:55.608Z
A,2022-01-01,2022,Vietnam,VNM,Czechia,CZE,Export,coffee,coffee_raw_core,090111,Coffee; not roasted or decaffeinated,3433538.406,1694.1,2026.762532,44.020428,32.554744,8.649773,,,,0.121638,0.12522,46,40,38,ok,ok,0.85,"Export unit value is calculated as total export value USD divided by total quantity tons. It is an average proxy, not a transaction, contract, FOB invoice, or exact selling price.",UN Comtrade,https://comtradeapi.un.org/public/v1/preview/C/A/HS?reporterCode=704&flowCode=X&cmdCode=090111&period=2020%2C2021%2C2022%2C2023%2C2024%2C2025%2C2026&includeDesc=true,2026-05-26T17:43:55.608Z
A,2022-01-01,2022,Vietnam,VNM,Bulgaria,BGR,Export,coffee,coffee_raw_core,090111,Coffee; not roasted or decaffeinated,3053038.619,1010.22,3022.152223,124.236652,20.874414,85.512091,,,,0.108158,0.074671,5,41,43,ok,ok,0.85,"Export unit value is calculated as total export value USD divided by total quantity tons. It is an average proxy, not a transaction, contract, FOB invoice, or exact selling price.",UN Comtrade,https://comtradeapi.un.org/public/v1/preview/C/A/HS?reporterCode=704&flowCode=X&cmdCode=090111&period=2020%2C2021%2C2022%2C2023%2C2024%2C2025%2C2026&includeDesc=true,2026-05-26T17:43:55.608Z
A,2022-01-01,2022,Vietnam,VNM,Ireland,IRL,Export,coffee,coffee_raw_core,090111,Coffee; not roasted or decaffeinated,2551910.784,711.744,3585.433504,40.897098,15.484365,22.005345,,,,0.090405,0.052609,3,42,47,ok,ok,0.85,"Export unit value is calculated as total export value USD divided by total quantity tons. It is an average proxy, not a transaction, contract, FOB invoice, or exact selling price.",UN Comtrade,https://comtradeapi.un.org/public/v1/preview/C/A/HS?reporterCode=704&flowCode=X&cmdCode=090111&period=2020%2C2021%2C2022%2C2023%2C2024%2C2025%2C2026&includeDesc=true,2026-05-26T17:43:55.608Z
A,2022-01-01,2022,Vietnam,VNM,"Other Asia, nes",S19,Export,coffee,coffee_raw_core,090111,Coffee; not roasted or decaffeinated,2302764.696,838.472,2746.382343,-5.475243,-20.113569,18.323921,,,,0.081579,0.061976,7,43,45,ok,ok,0.85,"Export unit value is calculated as total export value USD divided by total quantity tons. It is an average proxy, not a transaction, contract, FOB invoice, or exact selling price.",UN Comtrade,https://comtradeapi.un.org/public/v1/preview/C/A/HS?reporterCode=704&flowCode=X&cmdCode=090111&period=2020%2C2021%2C2022%2C2023%2C2024%2C2025%2C2026&includeDesc=true,2026-05-26T17:43:55.608Z
A,2022-01-01,2022,Vietnam,VNM,Denmark,DNK,Export,coffee,coffee_raw_core,090111,Coffee; not roasted or decaffeinated,2073111.114,1042.8,1988.0237,44.175765,23.613087,16.63471,,,,0.073443,0.077079,56,44,42,ok,ok,0.85,"Export unit value is calculated as total export value USD divided by total quantity tons. It is an average proxy, not a transaction, contract, FOB invoice, or exact selling price.",UN Comtrade,https://comtradeapi.un.org/public/v1/preview/C/A/HS?reporterCode=704&flowCode=X&cmdCode=090111&period=2020%2C2021%2C2022%2C2023%2C2024%2C2025%2C2026&includeDesc=true,2026-05-26T17:43:55.608Z
A,2022-01-01,2022,Vietnam,VNM,New Zealand,NZL,Export,coffee,coffee_raw_core,090111,Coffee; not roasted or decaffeinated,2015954.82,1098.511,1835.170353,54.253,39.718785,10.402477,,,,0.071418,0.081197,68,45,41,ok,ok,0.85,"Export unit value is calculated as total export value USD divided by total quantity tons. It is an average proxy, not a transaction, contract, FOB invoice, or exact selling price.",UN Comtrade,https://comtradeapi.un.org/public/v1/preview/C/A/HS?reporterCode=704&flowCode=X&cmdCode=090111&period=2020%2C2021%2C2022%2C2023%2C2024%2C2025%2C2026&includeDesc=true,2026-05-26T17:43:55.608Z
A,2022-01-01,2022,Vietnam,VNM,"China, Hong Kong SAR",HKG,Export,coffee,coffee_raw_core,090111,Coffee; not roasted or decaffeinated,1747195.71,871.432,2004.970795,13.6746,-1.362805,15.245167,,,,0.061897,0.064412,50,46,44,ok,ok,0.85,"Export unit value is calculated as total export value USD divided by total quantity tons. It is an average proxy, not a transaction, contract, FOB invoice, or exact selling price.",UN Comtrade,https://comtradeapi.un.org/public/v1/preview/C/A/HS?reporterCode=704&flowCode=X&cmdCode=090111&period=2020%2C2021%2C2022%2C2023%2C2024%2C2025%2C2026&includeDesc=true,2026-05-26T17:43:55.608Z
A,2022-01-01,2022,Vietnam,VNM,Ukraine,UKR,Export,coffee,coffee_raw_core,090111,Coffee; not roasted or decaffeinated,1673969.2,780.757,2144.033547,-84.432103,-87.159757,21.243015,,,,0.059303,0.05771,30,47,46,ok,ok,0.85,"Export unit value is calculated as total export value USD divided by total quantity tons. It is an average proxy, not a transaction, contract, FOB invoice, or exact selling price.",UN Comtrade,https://comtradeapi.un.org/public/v1/preview/C/A/HS?reporterCode=704&flowCode=X&cmdCode=090111&period=2020%2C2021%2C2022%2C2023%2C2024%2C2025%2C2026&includeDesc=true,2026-05-26T17:43:55.608Z
A,2022-01-01,2022,Vietnam,VNM,Saudi Arabia,SAU,Export,coffee,coffee_raw_core,090111,Coffee; not roasted or decaffeinated,1537244,601.4,2556.109079,1185.630116,1037.076952,13.064478,,,,0.054459,0.044453,12,48,50,ok,ok,0.85,"Export unit value is calculated as total export value USD divided by total quantity tons. It is an average proxy, not a transaction, contract, FOB invoice, or exact selling price.",UN Comtrade,https://comtradeapi.un.org/public/v1/preview/C/A/HS?reporterCode=704&flowCode=X&cmdCode=090111&period=2020%2C2021%2C2022%2C2023%2C2024%2C2025%2C2026&includeDesc=true,2026-05-26T17:43:55.608Z
A,2022-01-01,2022,Vietnam,VNM,Finland,FIN,Export,coffee,coffee_raw_core,090111,Coffee; not roasted or decaffeinated,1480524.799,604.037,2451.049851,-49.633776,-61.27397,30.057803,,,,0.05245,0.044648,15,49,49,ok,ok,0.85,"Export unit value is calculated as total export value USD divided by total quantity tons. It is an average proxy, not a transaction, contract, FOB invoice, or exact selling price.",UN Comtrade,https://comtradeapi.un.org/public/v1/preview/C/A/HS?reporterCode=704&flowCode=X&cmdCode=090111&period=2020%2C2021%2C2022%2C2023%2C2024%2C2025%2C2026&includeDesc=true,2026-05-26T17:43:55.608Z
A,2022-01-01,2022,Vietnam,VNM,Lithuania,LTU,Export,coffee,coffee_raw_core,090111,Coffee; not roasted or decaffeinated,1331099,585.82,2272.197945,62.094351,30.837573,23.889757,,,,0.047156,0.043301,22,50,51,ok,ok,0.85,"Export unit value is calculated as total export value USD divided by total quantity tons. It is an average proxy, not a transaction, contract, FOB invoice, or exact selling price.",UN Comtrade,https://comtradeapi.un.org/public/v1/preview/C/A/HS?reporterCode=704&flowCode=X&cmdCode=090111&period=2020%2C2021%2C2022%2C2023%2C2024%2C2025%2C2026&includeDesc=true,2026-05-26T17:43:55.608Z
A,2022-01-01,2022,Vietnam,VNM,Chile,CHL,Export,coffee,coffee_raw_core,090111,Coffee; not roasted or decaffeinated,1260434.855,632.26,1993.538821,198.572825,176.530791,7.970915,,,,0.044653,0.046734,54,51,48,ok,ok,0.85,"Export unit value is calculated as total export value USD divided by total quantity tons. It is an average proxy, not a transaction, contract, FOB invoice, or exact selling price.",UN Comtrade,https://comtradeapi.un.org/public/v1/preview/C/A/HS?reporterCode=704&flowCode=X&cmdCode=090111&period=2020%2C2021%2C2022%2C2023%2C2024%2C2025%2C2026&includeDesc=true,2026-05-26T17:43:55.608Z
A,2022-01-01,2022,Vietnam,VNM,Kuwait,KWT,Export,coffee,coffee_raw_core,090111,Coffee; not roasted or decaffeinated,1196319.5,516.76,2315.038896,66.750693,40.164913,18.967501,,,,0.042381,0.038196,20,52,52,ok,ok,0.85,"Export unit value is calculated as total export value USD divided by total quantity tons. It is an average proxy, not a transaction, contract, FOB invoice, or exact selling price.",UN Comtrade,https://comtradeapi.un.org/public/v1/preview/C/A/HS?reporterCode=704&flowCode=X&cmdCode=090111&period=2020%2C2021%2C2022%2C2023%2C2024%2C2025%2C2026&includeDesc=true,2026-05-26T17:43:55.608Z
A,2022-01-01,2022,Vietnam,VNM,Cambodia,KHM,Export,coffee,coffee_raw_core,090111,Coffee; not roasted or decaffeinated,1107135.554,326.621,3389.664333,146.066373,69.97346,44.767526,,,,0.039222,0.024142,4,53,54,ok,ok,0.85,"Export unit value is calculated as total export value USD divided by total quantity tons. It is an average proxy, not a transaction, contract, FOB invoice, or exact selling price.",UN Comtrade,https://comtradeapi.un.org/public/v1/preview/C/A/HS?reporterCode=704&flowCode=X&cmdCode=090111&period=2020%2C2021%2C2022%2C2023%2C2024%2C2025%2C2026&includeDesc=true,2026-05-26T17:43:55.608Z
A,2022-01-01,2022,Vietnam,VNM,Venezuela,VEN,Export,coffee,coffee_raw_core,090111,Coffee; not roasted or decaffeinated,755821.6,342.4,2207.422897,-12.531691,-25.35521,17.179389,,,,0.026776,0.025309,24,54,53,ok,ok,0.85,"Export unit value is calculated as total export value USD divided by total quantity tons. It is an average proxy, not a transaction, contract, FOB invoice, or exact selling price.",UN Comtrade,https://comtradeapi.un.org/public/v1/preview/C/A/HS?reporterCode=704&flowCode=X&cmdCode=090111&period=2020%2C2021%2C2022%2C2023%2C2024%2C2025%2C2026&includeDesc=true,2026-05-26T17:43:55.608Z
A,2022-01-01,2022,Vietnam,VNM,Latvia,LVA,Export,coffee,coffee_raw_core,090111,Coffee; not roasted or decaffeinated,638656.8,326.4,1956.669118,216.911003,177.55102,14.18117,,,,0.022625,0.024126,61,55,55,ok,ok,0.85,"Export unit value is calculated as total export value USD divided by total quantity tons. It is an average proxy, not a transaction, contract, FOB invoice, or exact selling price.",UN Comtrade,https://comtradeapi.un.org/public/v1/preview/C/A/HS?reporterCode=704&flowCode=X&cmdCode=090111&period=2020%2C2021%2C2022%2C2023%2C2024%2C2025%2C2026&includeDesc=true,2026-05-26T17:43:55.608Z
A,2022-01-01,2022,Vietnam,VNM,Brazil,BRA,Export,coffee,coffee_raw_core,090111,Coffee; not roasted or decaffeinated,574500,300,1915,1827.852349,1472.454208,22.601494,,,,0.020352,0.022175,64,56,56,ok,ok,0.85,"Export unit value is calculated as total export value USD divided by total quantity tons. It is an average proxy, not a transaction, contract, FOB invoice, or exact selling price.",UN Comtrade,https://comtradeapi.un.org/public/v1/preview/C/A/HS?reporterCode=704&flowCode=X&cmdCode=090111&period=2020%2C2021%2C2022%2C2023%2C2024%2C2025%2C2026&includeDesc=true,2026-05-26T17:43:55.608Z
A,2022-01-01,2022,Vietnam,VNM,Argentina,ARG,Export,coffee,coffee_raw_core,090111,Coffee; not roasted or decaffeinated,513261.28,248.8,2062.947267,13.458982,-7.380522,22.50013,,,,0.018183,0.01839,42,57,57,ok,ok,0.85,"Export unit value is calculated as total export value USD divided by total quantity tons. It is an average proxy, not a transaction, contract, FOB invoice, or exact selling price.",UN Comtrade,https://comtradeapi.un.org/public/v1/preview/C/A/HS?reporterCode=704&flowCode=X&cmdCode=090111&period=2020%2C2021%2C2022%2C2023%2C2024%2C2025%2C2026&includeDesc=true,2026-05-26T17:43:55.608Z
A,2022-01-01,2022,Vietnam,VNM,Norway,NOR,Export,coffee,coffee_raw_core,090111,Coffee; not roasted or decaffeinated,398732.328,194.4,2051.092222,-6.412525,-10,3.986084,,,,0.014126,0.014369,45,58,58,ok,ok,0.85,"Export unit value is calculated as total export value USD divided by total quantity tons. It is an average proxy, not a transaction, contract, FOB invoice, or exact selling price.",UN Comtrade,https://comtradeapi.un.org/public/v1/preview/C/A/HS?reporterCode=704&flowCode=X&cmdCode=090111&period=2020%2C2021%2C2022%2C2023%2C2024%2C2025%2C2026&includeDesc=true,2026-05-26T17:43:55.608Z
A,2022-01-01,2022,Vietnam,VNM,Singapore,SGP,Export,coffee,coffee_raw_core,090111,Coffee; not roasted or decaffeinated,277651.709,112,2479.033116,-8.534868,-21.810642,16.979003,,,,0.009836,0.008279,14,59,59,ok,ok,0.85,"Export unit value is calculated as total export value USD divided by total quantity tons. It is an average proxy, not a transaction, contract, FOB invoice, or exact selling price.",UN Comtrade,https://comtradeapi.un.org/public/v1/preview/C/A/HS?reporterCode=704&flowCode=X&cmdCode=090111&period=2020%2C2021%2C2022%2C2023%2C2024%2C2025%2C2026&includeDesc=true,2026-05-26T17:43:55.608Z
A,2022-01-01,2022,Vietnam,VNM,Costa Rica,CRI,Export,coffee,coffee_raw_core,090111,Coffee; not roasted or decaffeinated,186672.39,76.8,2430.630078,,,,,,,0.006613,0.005677,16,60,60,ok,ok,0.85,"Export unit value is calculated as total export value USD divided by total quantity tons. It is an average proxy, not a transaction, contract, FOB invoice, or exact selling price.",UN Comtrade,https://comtradeapi.un.org/public/v1/preview/C/A/HS?reporterCode=704&flowCode=X&cmdCode=090111&period=2020%2C2021%2C2022%2C2023%2C2024%2C2025%2C2026&includeDesc=true,2026-05-26T17:43:55.608Z
A,2022-01-01,2022,Vietnam,VNM,Myanmar,MMR,Export,coffee,coffee_raw_core,090111,Coffee; not roasted or decaffeinated,166140.299,38.348,4332.437128,34.679231,-33.937431,103.866173,,,,0.005886,0.002835,1,61,63,ok,ok,0.85,"Export unit value is calculated as total export value USD divided by total quantity tons. It is an average proxy, not a transaction, contract, FOB invoice, or exact selling price.",UN Comtrade,https://comtradeapi.un.org/public/v1/preview/C/A/HS?reporterCode=704&flowCode=X&cmdCode=090111&period=2020%2C2021%2C2022%2C2023%2C2024%2C2025%2C2026&includeDesc=true,2026-05-26T17:43:55.608Z
A,2022-01-01,2022,Vietnam,VNM,Kazakhstan,KAZ,Export,coffee,coffee_raw_core,090111,Coffee; not roasted or decaffeinated,113940,38.4,2967.1875,564.566929,326.666667,55.757874,,,,0.004036,0.002838,6,62,61,ok,ok,0.85,"Export unit value is calculated as total export value USD divided by total quantity tons. It is an average proxy, not a transaction, contract, FOB invoice, or exact selling price.",UN Comtrade,https://comtradeapi.un.org/public/v1/preview/C/A/HS?reporterCode=704&flowCode=X&cmdCode=090111&period=2020%2C2021%2C2022%2C2023%2C2024%2C2025%2C2026&includeDesc=true,2026-05-26T17:43:55.608Z
A,2022-01-01,2022,Vietnam,VNM,Iraq,IRQ,Export,coffee,coffee_raw_core,090111,Coffee; not roasted or decaffeinated,96000,38.4,2500,,,,,,,0.003401,0.002838,13,63,61,ok,ok,0.85,"Export unit value is calculated as total export value USD divided by total quantity tons. It is an average proxy, not a transaction, contract, FOB invoice, or exact selling price.",UN Comtrade,https://comtradeapi.un.org/public/v1/preview/C/A/HS?reporterCode=704&flowCode=X&cmdCode=090111&period=2020%2C2021%2C2022%2C2023%2C2024%2C2025%2C2026&includeDesc=true,2026-05-26T17:43:55.608Z
A,2022-01-01,2022,Vietnam,VNM,Qatar,QAT,Export,coffee,coffee_raw_core,090111,Coffee; not roasted or decaffeinated,67400,25.2,2674.603175,,,,,,,0.002388,0.001863,9,64,64,ok,ok,0.85,"Export unit value is calculated as total export value USD divided by total quantity tons. It is an average proxy, not a transaction, contract, FOB invoice, or exact selling price.",UN Comtrade,https://comtradeapi.un.org/public/v1/preview/C/A/HS?reporterCode=704&flowCode=X&cmdCode=090111&period=2020%2C2021%2C2022%2C2023%2C2024%2C2025%2C2026&includeDesc=true,2026-05-26T17:43:55.608Z
A,2022-01-01,2022,Vietnam,VNM,Switzerland,CHE,Export,coffee,coffee_raw_core,090111,Coffee; not roasted or decaffeinated,53386.5,19.792,2697.377728,,,,,,,0.001891,0.001463,8,65,65,ok,ok,0.85,"Export unit value is calculated as total export value USD divided by total quantity tons. It is an average proxy, not a transaction, contract, FOB invoice, or exact selling price.",UN Comtrade,https://comtradeapi.un.org/public/v1/preview/C/A/HS?reporterCode=704&flowCode=X&cmdCode=090111&period=2020%2C2021%2C2022%2C2023%2C2024%2C2025%2C2026&includeDesc=true,2026-05-26T17:43:55.608Z
A,2022-01-01,2022,Vietnam,VNM,Panama,PAN,Export,coffee,coffee_raw_core,090111,Coffee; not roasted or decaffeinated,44650,19,2350,-25.583333,-1.041667,-24.8,,,,0.001582,0.001404,18,66,67,ok,ok,0.85,"Export unit value is calculated as total export value USD divided by total quantity tons. It is an average proxy, not a transaction, contract, FOB invoice, or exact selling price.",UN Comtrade,https://comtradeapi.un.org/public/v1/preview/C/A/HS?reporterCode=704&flowCode=X&cmdCode=090111&period=2020%2C2021%2C2022%2C2023%2C2024%2C2025%2C2026&includeDesc=true,2026-05-26T17:43:55.608Z
A,2022-01-01,2022,Vietnam,VNM,Senegal,SEN,Export,coffee,coffee_raw_core,090111,Coffee; not roasted or decaffeinated,43875,19.5,2250,-78.319201,-83.072917,28.083491,,,,0.001554,0.001441,23,67,66,ok,ok,0.85,"Export unit value is calculated as total export value USD divided by total quantity tons. It is an average proxy, not a transaction, contract, FOB invoice, or exact selling price.",UN Comtrade,https://comtradeapi.un.org/public/v1/preview/C/A/HS?reporterCode=704&flowCode=X&cmdCode=090111&period=2020%2C2021%2C2022%2C2023%2C2024%2C2025%2C2026&includeDesc=true,2026-05-26T17:43:55.608Z
A,2022-01-01,2022,Vietnam,VNM,Bangladesh,BGD,Export,coffee,coffee_raw_core,090111,Coffee; not roasted or decaffeinated,16100,4,4025,39.17704,25.786164,10.645747,,,,0.00057,0.000296,2,68,68,ok,low_volume,0.55,"Low volume market; export unit value may be noisy. Do not use as a strong pricing signal without verification. Export unit value is an average proxy, not a transaction, contract, FOB invoice, or exact selling price.",UN Comtrade,https://comtradeapi.un.org/public/v1/preview/C/A/HS?reporterCode=704&flowCode=X&cmdCode=090111&period=2020%2C2021%2C2022%2C2023%2C2024%2C2025%2C2026&includeDesc=true,2026-05-26T17:43:55.608Z
A,2023-01-01,2023,Vietnam,VNM,Germany,DEU,Export,coffee,coffee_raw_core,090111,Coffee; not roasted or decaffeinated,440611665.078,155843.388342,2827.272108,-2.968261,-29.188711,37.028629,,,,14.795781,15.054718,44,1,1,ok,ok,0.85,"Export unit value is calculated as total export value USD divided by total quantity tons. It is an average proxy, not a transaction, contract, FOB invoice, or exact selling price.",UN Comtrade,https://comtradeapi.un.org/public/v1/preview/C/A/HS?reporterCode=704&flowCode=X&cmdCode=090111&period=2020%2C2021%2C2022%2C2023%2C2024%2C2025%2C2026&includeDesc=true,2026-05-26T17:43:55.608Z
A,2023-01-01,2023,Vietnam,VNM,Italy,ITA,Export,coffee,coffee_raw_core,090111,Coffee; not roasted or decaffeinated,318124614.973,115835.034321,2746.359224,9.388766,-16.243,30.602537,,,,10.682655,11.189847,49,2,2,ok,ok,0.85,"Export unit value is calculated as total export value USD divided by total quantity tons. It is an average proxy, not a transaction, contract, FOB invoice, or exact selling price.",UN Comtrade,https://comtradeapi.un.org/public/v1/preview/C/A/HS?reporterCode=704&flowCode=X&cmdCode=090111&period=2020%2C2021%2C2022%2C2023%2C2024%2C2025%2C2026&includeDesc=true,2026-05-26T17:43:55.608Z
A,2023-01-01,2023,Vietnam,VNM,USA,USA,Export,coffee,coffee_raw_core,090111,Coffee; not roasted or decaffeinated,247811857.319,84899.023293,2918.901157,-2.640227,-27.932292,35.094865,,,,8.321546,8.20138,33,3,3,ok,ok,0.85,"Export unit value is calculated as total export value USD divided by total quantity tons. It is an average proxy, not a transaction, contract, FOB invoice, or exact selling price.",UN Comtrade,https://comtradeapi.un.org/public/v1/preview/C/A/HS?reporterCode=704&flowCode=X&cmdCode=090111&period=2020%2C2021%2C2022%2C2023%2C2024%2C2025%2C2026&includeDesc=true,2026-05-26T17:43:55.608Z
A,2023-01-01,2023,Vietnam,VNM,Japan,JPN,Export,coffee,coffee_raw_core,090111,Coffee; not roasted or decaffeinated,233694701.733,76540.680167,3053.209107,13.141933,-20.107848,41.618332,,,,7.84749,7.393951,22,4,4,ok,ok,0.85,"Export unit value is calculated as total export value USD divided by total quantity tons. It is an average proxy, not a transaction, contract, FOB invoice, or exact selling price.",UN Comtrade,https://comtradeapi.un.org/public/v1/preview/C/A/HS?reporterCode=704&flowCode=X&cmdCode=090111&period=2020%2C2021%2C2022%2C2023%2C2024%2C2025%2C2026&includeDesc=true,2026-05-26T17:43:55.608Z
A,2023-01-01,2023,Vietnam,VNM,Russian Federation,RUS,Export,coffee,coffee_raw_core,090111,Coffee; not roasted or decaffeinated,192279575.614,68949.045637,2788.719899,-2.046838,-27.730685,35.539077,,,,6.456766,6.660587,48,5,5,ok,ok,0.85,"Export unit value is calculated as total export value USD divided by total quantity tons. It is an average proxy, not a transaction, contract, FOB invoice, or exact selling price.",UN Comtrade,https://comtradeapi.un.org/public/v1/preview/C/A/HS?reporterCode=704&flowCode=X&cmdCode=090111&period=2020%2C2021%2C2022%2C2023%2C2024%2C2025%2C2026&includeDesc=true,2026-05-26T17:43:55.608Z
A,2023-01-01,2023,Vietnam,VNM,Spain,ESP,Export,coffee,coffee_raw_core,090111,Coffee; not roasted or decaffeinated,160427747.482,55762.888606,2876.962645,-0.376742,-29.965837,42.249515,,,,5.387179,5.386783,37,6,6,ok,ok,0.85,"Export unit value is calculated as total export value USD divided by total quantity tons. It is an average proxy, not a transaction, contract, FOB invoice, or exact selling price.",UN Comtrade,https://comtradeapi.un.org/public/v1/preview/C/A/HS?reporterCode=704&flowCode=X&cmdCode=090111&period=2020%2C2021%2C2022%2C2023%2C2024%2C2025%2C2026&includeDesc=true,2026-05-26T17:43:55.608Z
A,2023-01-01,2023,Vietnam,VNM,Algeria,DZA,Export,coffee,coffee_raw_core,090111,Coffee; not roasted or decaffeinated,160171544.473,53461.904998,2995.99396,88.484609,25.810686,49.816056,,,,5.378576,5.164504,25,7,7,ok,ok,0.85,"Export unit value is calculated as total export value USD divided by total quantity tons. It is an average proxy, not a transaction, contract, FOB invoice, or exact selling price.",UN Comtrade,https://comtradeapi.un.org/public/v1/preview/C/A/HS?reporterCode=704&flowCode=X&cmdCode=090111&period=2020%2C2021%2C2022%2C2023%2C2024%2C2025%2C2026&includeDesc=true,2026-05-26T17:43:55.608Z
A,2023-01-01,2023,Vietnam,VNM,Belgium,BEL,Export,coffee,coffee_raw_core,090111,Coffee; not roasted or decaffeinated,138717432.068,49351.138529,2810.825367,-45.185891,-59.103616,34.031677,,,,4.658145,4.767398,46,8,8,ok,ok,0.85,"Export unit value is calculated as total export value USD divided by total quantity tons. It is an average proxy, not a transaction, contract, FOB invoice, or exact selling price.",UN Comtrade,https://comtradeapi.un.org/public/v1/preview/C/A/HS?reporterCode=704&flowCode=X&cmdCode=090111&period=2020%2C2021%2C2022%2C2023%2C2024%2C2025%2C2026&includeDesc=true,2026-05-26T17:43:55.608Z
A,2023-01-01,2023,Vietnam,VNM,Netherlands,NLD,Export,coffee,coffee_raw_core,090111,Coffee; not roasted or decaffeinated,107551088.779,38337.065693,2805.407426,68.349792,31.394997,28.124964,,,,3.611576,3.703421,47,9,9,ok,ok,0.85,"Export unit value is calculated as total export value USD divided by total quantity tons. It is an average proxy, not a transaction, contract, FOB invoice, or exact selling price.",UN Comtrade,https://comtradeapi.un.org/public/v1/preview/C/A/HS?reporterCode=704&flowCode=X&cmdCode=090111&period=2020%2C2021%2C2022%2C2023%2C2024%2C2025%2C2026&includeDesc=true,2026-05-26T17:43:55.608Z
A,2023-01-01,2023,Vietnam,VNM,Philippines,PHL,Export,coffee,coffee_raw_core,090111,Coffee; not roasted or decaffeinated,79074884.812,23722.354773,3333.348884,9.035787,-32.861786,62.404956,,,,2.655342,2.291617,10,10,13,ok,ok,0.85,"Export unit value is calculated as total export value USD divided by total quantity tons. It is an average proxy, not a transaction, contract, FOB invoice, or exact selling price.",UN Comtrade,https://comtradeapi.un.org/public/v1/preview/C/A/HS?reporterCode=704&flowCode=X&cmdCode=090111&period=2020%2C2021%2C2022%2C2023%2C2024%2C2025%2C2026&includeDesc=true,2026-05-26T17:43:55.608Z
A,2023-01-01,2023,Vietnam,VNM,Rep. of Korea,KOR,Export,coffee,coffee_raw_core,090111,Coffee; not roasted or decaffeinated,74619443.776,24951.736881,2990.551084,12.577075,-19.4517,39.76344,,,,2.505728,2.410377,27,11,11,ok,ok,0.85,"Export unit value is calculated as total export value USD divided by total quantity tons. It is an average proxy, not a transaction, contract, FOB invoice, or exact selling price.",UN Comtrade,https://comtradeapi.un.org/public/v1/preview/C/A/HS?reporterCode=704&flowCode=X&cmdCode=090111&period=2020%2C2021%2C2022%2C2023%2C2024%2C2025%2C2026&includeDesc=true,2026-05-26T17:43:55.608Z
A,2023-01-01,2023,Vietnam,VNM,Thailand,THA,Export,coffee,coffee_raw_core,090111,Coffee; not roasted or decaffeinated,72064798.244,22298.074634,3231.884341,16.934679,-20.139611,46.42388,,,,2.419943,2.154029,12,12,15,ok,ok,0.85,"Export unit value is calculated as total export value USD divided by total quantity tons. It is an average proxy, not a transaction, contract, FOB invoice, or exact selling price.",UN Comtrade,https://comtradeapi.un.org/public/v1/preview/C/A/HS?reporterCode=704&flowCode=X&cmdCode=090111&period=2020%2C2021%2C2022%2C2023%2C2024%2C2025%2C2026&includeDesc=true,2026-05-26T17:43:55.608Z
A,2023-01-01,2023,Vietnam,VNM,United Kingdom,GBR,Export,coffee,coffee_raw_core,090111,Coffee; not roasted or decaffeinated,71042752.429,24866.981816,2856.910941,-11.061627,-37.770495,42.919943,,,,2.385622,2.40219,42,13,12,ok,ok,0.85,"Export unit value is calculated as total export value USD divided by total quantity tons. It is an average proxy, not a transaction, contract, FOB invoice, or exact selling price.",UN Comtrade,https://comtradeapi.un.org/public/v1/preview/C/A/HS?reporterCode=704&flowCode=X&cmdCode=090111&period=2020%2C2021%2C2022%2C2023%2C2024%2C2025%2C2026&includeDesc=true,2026-05-26T17:43:55.608Z
A,2023-01-01,2023,Vietnam,VNM,Mexico,MEX,Export,coffee,coffee_raw_core,090111,Coffee; not roasted or decaffeinated,65831366.102,25152.606625,2617.278085,6.666713,-18.891784,31.511602,,,,2.210624,2.429782,55,14,10,ok,ok,0.85,"Export unit value is calculated as total export value USD divided by total quantity tons. It is an average proxy, not a transaction, contract, FOB invoice, or exact selling price.",UN Comtrade,https://comtradeapi.un.org/public/v1/preview/C/A/HS?reporterCode=704&flowCode=X&cmdCode=090111&period=2020%2C2021%2C2022%2C2023%2C2024%2C2025%2C2026&includeDesc=true,2026-05-26T17:43:55.608Z
A,2023-01-01,2023,Vietnam,VNM,India,IND,Export,coffee,coffee_raw_core,090111,Coffee; not roasted or decaffeinated,59960430.883,22632.322169,2649.327384,7.695365,-22.584522,39.113479,,,,2.013477,2.186318,54,15,14,ok,ok,0.85,"Export unit value is calculated as total export value USD divided by total quantity tons. It is an average proxy, not a transaction, contract, FOB invoice, or exact selling price.",UN Comtrade,https://comtradeapi.un.org/public/v1/preview/C/A/HS?reporterCode=704&flowCode=X&cmdCode=090111&period=2020%2C2021%2C2022%2C2023%2C2024%2C2025%2C2026&includeDesc=true,2026-05-26T17:43:55.608Z
A,2023-01-01,2023,Vietnam,VNM,Indonesia,IDN,Export,coffee,coffee_raw_core,090111,Coffee; not roasted or decaffeinated,59202443.293,20113.312686,2943.445678,402.59633,238.340817,48.547354,,,,1.988024,1.942978,32,16,16,ok,ok,0.85,"Export unit value is calculated as total export value USD divided by total quantity tons. It is an average proxy, not a transaction, contract, FOB invoice, or exact selling price.",UN Comtrade,https://comtradeapi.un.org/public/v1/preview/C/A/HS?reporterCode=704&flowCode=X&cmdCode=090111&period=2020%2C2021%2C2022%2C2023%2C2024%2C2025%2C2026&includeDesc=true,2026-05-26T17:43:55.608Z
A,2023-01-01,2023,Vietnam,VNM,China,CHN,Export,coffee,coffee_raw_core,090111,Coffee; not roasted or decaffeinated,48804138.879,16479.499941,2961.506056,17.172422,-25.809344,57.934205,,,,1.638848,1.591946,29,17,17,ok,ok,0.85,"Export unit value is calculated as total export value USD divided by total quantity tons. It is an average proxy, not a transaction, contract, FOB invoice, or exact selling price.",UN Comtrade,https://comtradeapi.un.org/public/v1/preview/C/A/HS?reporterCode=704&flowCode=X&cmdCode=090111&period=2020%2C2021%2C2022%2C2023%2C2024%2C2025%2C2026&includeDesc=true,2026-05-26T17:43:55.608Z
A,2023-01-01,2023,Vietnam,VNM,France,FRA,Export,coffee,coffee_raw_core,090111,Coffee; not roasted or decaffeinated,47149558.302,16475.43533,2861.809558,-8.993126,-25.473214,22.112973,,,,1.583287,1.591553,39,18,18,ok,ok,0.85,"Export unit value is calculated as total export value USD divided by total quantity tons. It is an average proxy, not a transaction, contract, FOB invoice, or exact selling price.",UN Comtrade,https://comtradeapi.un.org/public/v1/preview/C/A/HS?reporterCode=704&flowCode=X&cmdCode=090111&period=2020%2C2021%2C2022%2C2023%2C2024%2C2025%2C2026&includeDesc=true,2026-05-26T17:43:55.608Z
A,2023-01-01,2023,Vietnam,VNM,Egypt,EGY,Export,coffee,coffee_raw_core,090111,Coffee; not roasted or decaffeinated,45789791.192,16004.989251,2860.969818,28.471032,-1.554285,30.499365,,,,1.537626,1.546107,40,19,19,ok,ok,0.85,"Export unit value is calculated as total export value USD divided by total quantity tons. It is an average proxy, not a transaction, contract, FOB invoice, or exact selling price.",UN Comtrade,https://comtradeapi.un.org/public/v1/preview/C/A/HS?reporterCode=704&flowCode=X&cmdCode=090111&period=2020%2C2021%2C2022%2C2023%2C2024%2C2025%2C2026&includeDesc=true,2026-05-26T17:43:55.608Z
A,2023-01-01,2023,Vietnam,VNM,Malaysia,MYS,Export,coffee,coffee_raw_core,090111,Coffee; not roasted or decaffeinated,41295639.691,13427.433296,3075.467871,-0.264605,-34.765337,52.887117,,,,1.386711,1.297111,20,20,20,ok,ok,0.85,"Export unit value is calculated as total export value USD divided by total quantity tons. It is an average proxy, not a transaction, contract, FOB invoice, or exact selling price.",UN Comtrade,https://comtradeapi.un.org/public/v1/preview/C/A/HS?reporterCode=704&flowCode=X&cmdCode=090111&period=2020%2C2021%2C2022%2C2023%2C2024%2C2025%2C2026&includeDesc=true,2026-05-26T17:43:55.608Z
A,2023-01-01,2023,Vietnam,VNM,Portugal,PRT,Export,coffee,coffee_raw_core,090111,Coffee; not roasted or decaffeinated,34474635.686,11654.095557,2958.156257,50.947417,6.782625,41.35953,,,,1.157662,1.125804,30,21,22,ok,ok,0.85,"Export unit value is calculated as total export value USD divided by total quantity tons. It is an average proxy, not a transaction, contract, FOB invoice, or exact selling price.",UN Comtrade,https://comtradeapi.un.org/public/v1/preview/C/A/HS?reporterCode=704&flowCode=X&cmdCode=090111&period=2020%2C2021%2C2022%2C2023%2C2024%2C2025%2C2026&includeDesc=true,2026-05-26T17:43:55.608Z
A,2023-01-01,2023,Vietnam,VNM,Australia,AUS,Export,coffee,coffee_raw_core,090111,Coffee; not roasted or decaffeinated,28012401.338,8715.929617,3213.931568,-27.552544,-53.27351,55.045789,,,,0.940659,0.841973,13,22,24,ok,ok,0.85,"Export unit value is calculated as total export value USD divided by total quantity tons. It is an average proxy, not a transaction, contract, FOB invoice, or exact selling price.",UN Comtrade,https://comtradeapi.un.org/public/v1/preview/C/A/HS?reporterCode=704&flowCode=X&cmdCode=090111&period=2020%2C2021%2C2022%2C2023%2C2024%2C2025%2C2026&includeDesc=true,2026-05-26T17:43:55.608Z
A,2023-01-01,2023,Vietnam,VNM,Ecuador,ECU,Export,coffee,coffee_raw_core,090111,Coffee; not roasted or decaffeinated,26454549.153,11790.767957,2243.666337,-28.19968,-37.485225,14.85336,,,,0.888346,1.139007,64,23,21,ok,ok,0.85,"Export unit value is calculated as total export value USD divided by total quantity tons. It is an average proxy, not a transaction, contract, FOB invoice, or exact selling price.",UN Comtrade,https://comtradeapi.un.org/public/v1/preview/C/A/HS?reporterCode=704&flowCode=X&cmdCode=090111&period=2020%2C2021%2C2022%2C2023%2C2024%2C2025%2C2026&includeDesc=true,2026-05-26T17:43:55.608Z
A,2023-01-01,2023,Vietnam,VNM,Poland,POL,Export,coffee,coffee_raw_core,090111,Coffee; not roasted or decaffeinated,26057711.978,9103.540001,2862.371339,33.877052,-7.834186,45.256736,,,,0.87502,0.879416,38,24,23,ok,ok,0.85,"Export unit value is calculated as total export value USD divided by total quantity tons. It is an average proxy, not a transaction, contract, FOB invoice, or exact selling price.",UN Comtrade,https://comtradeapi.un.org/public/v1/preview/C/A/HS?reporterCode=704&flowCode=X&cmdCode=090111&period=2020%2C2021%2C2022%2C2023%2C2024%2C2025%2C2026&includeDesc=true,2026-05-26T17:43:55.608Z
A,2023-01-01,2023,Vietnam,VNM,United Arab Emirates,ARE,Export,coffee,coffee_raw_core,090111,Coffee; not roasted or decaffeinated,25213111.324,7383.391852,3414.841286,139.42162,59.707827,49.912264,,,,0.846659,0.713247,9,25,25,ok,ok,0.85,"Export unit value is calculated as total export value USD divided by total quantity tons. It is an average proxy, not a transaction, contract, FOB invoice, or exact selling price.",UN Comtrade,https://comtradeapi.un.org/public/v1/preview/C/A/HS?reporterCode=704&flowCode=X&cmdCode=090111&period=2020%2C2021%2C2022%2C2023%2C2024%2C2025%2C2026&includeDesc=true,2026-05-26T17:43:55.608Z
A,2023-01-01,2023,Vietnam,VNM,Greece,GRC,Export,coffee,coffee_raw_core,090111,Coffee; not roasted or decaffeinated,19562353.034,6501.528738,3008.885113,17.966562,-18.193257,44.201514,,,,0.656906,0.628058,24,26,26,ok,ok,0.85,"Export unit value is calculated as total export value USD divided by total quantity tons. It is an average proxy, not a transaction, contract, FOB invoice, or exact selling price.",UN Comtrade,https://comtradeapi.un.org/public/v1/preview/C/A/HS?reporterCode=704&flowCode=X&cmdCode=090111&period=2020%2C2021%2C2022%2C2023%2C2024%2C2025%2C2026&includeDesc=true,2026-05-26T17:43:55.608Z
A,2023-01-01,2023,Vietnam,VNM,Morocco,MAR,Export,coffee,coffee_raw_core,090111,Coffee; not roasted or decaffeinated,18122139.648,5970.354455,3035.354062,45.236814,-6.098155,54.668754,,,,0.608543,0.576746,23,27,28,ok,ok,0.85,"Export unit value is calculated as total export value USD divided by total quantity tons. It is an average proxy, not a transaction, contract, FOB invoice, or exact selling price.",UN Comtrade,https://comtradeapi.un.org/public/v1/preview/C/A/HS?reporterCode=704&flowCode=X&cmdCode=090111&period=2020%2C2021%2C2022%2C2023%2C2024%2C2025%2C2026&includeDesc=true,2026-05-26T17:43:55.608Z
A,2023-01-01,2023,Vietnam,VNM,Canada,CAN,Export,coffee,coffee_raw_core,090111,Coffee; not roasted or decaffeinated,17483475.965,6118.391607,2857.528103,7.958669,-3.147342,11.466914,,,,0.587097,0.591046,41,28,27,ok,ok,0.85,"Export unit value is calculated as total export value USD divided by total quantity tons. It is an average proxy, not a transaction, contract, FOB invoice, or exact selling price.",UN Comtrade,https://comtradeapi.un.org/public/v1/preview/C/A/HS?reporterCode=704&flowCode=X&cmdCode=090111&period=2020%2C2021%2C2022%2C2023%2C2024%2C2025%2C2026&includeDesc=true,2026-05-26T17:43:55.608Z
A,2023-01-01,2023,Vietnam,VNM,South Africa,ZAF,Export,coffee,coffee_raw_core,090111,Coffee; not roasted or decaffeinated,13501008.72,5256.289453,2568.543616,38.052362,4.500458,32.106944,,,,0.453365,0.507766,57,29,29,ok,ok,0.85,"Export unit value is calculated as total export value USD divided by total quantity tons. It is an average proxy, not a transaction, contract, FOB invoice, or exact selling price.",UN Comtrade,https://comtradeapi.un.org/public/v1/preview/C/A/HS?reporterCode=704&flowCode=X&cmdCode=090111&period=2020%2C2021%2C2022%2C2023%2C2024%2C2025%2C2026&includeDesc=true,2026-05-26T17:43:55.608Z
A,2023-01-01,2023,Vietnam,VNM,Israel,ISR,Export,coffee,coffee_raw_core,090111,Coffee; not roasted or decaffeinated,13203916.556,4181.22924,3157.903047,10.830194,-26.406477,50.597756,,,,0.443389,0.403913,16,30,30,ok,ok,0.85,"Export unit value is calculated as total export value USD divided by total quantity tons. It is an average proxy, not a transaction, contract, FOB invoice, or exact selling price.",UN Comtrade,https://comtradeapi.un.org/public/v1/preview/C/A/HS?reporterCode=704&flowCode=X&cmdCode=090111&period=2020%2C2021%2C2022%2C2023%2C2024%2C2025%2C2026&includeDesc=true,2026-05-26T17:43:55.608Z
A,2023-01-01,2023,Vietnam,VNM,Slovenia,SVN,Export,coffee,coffee_raw_core,090111,Coffee; not roasted or decaffeinated,10001974.099,3957.21015,2527.5317,-6.844427,-21.567167,18.771144,,,,0.335867,0.382273,59,31,31,ok,ok,0.85,"Export unit value is calculated as total export value USD divided by total quantity tons. It is an average proxy, not a transaction, contract, FOB invoice, or exact selling price.",UN Comtrade,https://comtradeapi.un.org/public/v1/preview/C/A/HS?reporterCode=704&flowCode=X&cmdCode=090111&period=2020%2C2021%2C2022%2C2023%2C2024%2C2025%2C2026&includeDesc=true,2026-05-26T17:43:55.608Z
A,2023-01-01,2023,Vietnam,VNM,Colombia,COL,Export,coffee,coffee_raw_core,090111,Coffee; not roasted or decaffeinated,9752677.91,3786.642973,2575.547254,106.963035,69.473726,22.121015,,,,0.327496,0.365796,56,32,32,ok,ok,0.85,"Export unit value is calculated as total export value USD divided by total quantity tons. It is an average proxy, not a transaction, contract, FOB invoice, or exact selling price.",UN Comtrade,https://comtradeapi.un.org/public/v1/preview/C/A/HS?reporterCode=704&flowCode=X&cmdCode=090111&period=2020%2C2021%2C2022%2C2023%2C2024%2C2025%2C2026&includeDesc=true,2026-05-26T17:43:55.608Z
A,2023-01-01,2023,Vietnam,VNM,Tunisia,TUN,Export,coffee,coffee_raw_core,090111,Coffee; not roasted or decaffeinated,9427953.563,3028.276424,3113.306793,35.359138,-17.238884,63.554027,,,,0.316592,0.292536,19,33,34,ok,ok,0.85,"Export unit value is calculated as total export value USD divided by total quantity tons. It is an average proxy, not a transaction, contract, FOB invoice, or exact selling price.",UN Comtrade,https://comtradeapi.un.org/public/v1/preview/C/A/HS?reporterCode=704&flowCode=X&cmdCode=090111&period=2020%2C2021%2C2022%2C2023%2C2024%2C2025%2C2026&includeDesc=true,2026-05-26T17:43:55.608Z
A,2023-01-01,2023,Vietnam,VNM,Dominican Rep.,DOM,Export,coffee,coffee_raw_core,090111,Coffee; not roasted or decaffeinated,8845874.23,3680.491599,2403.449102,-8.843813,-24.330318,20.465931,,,,0.297045,0.355541,62,34,33,ok,ok,0.85,"Export unit value is calculated as total export value USD divided by total quantity tons. It is an average proxy, not a transaction, contract, FOB invoice, or exact selling price.",UN Comtrade,https://comtradeapi.un.org/public/v1/preview/C/A/HS?reporterCode=704&flowCode=X&cmdCode=090111&period=2020%2C2021%2C2022%2C2023%2C2024%2C2025%2C2026&includeDesc=true,2026-05-26T17:43:55.608Z
A,2023-01-01,2023,Vietnam,VNM,Romania,ROU,Export,coffee,coffee_raw_core,090111,Coffee; not roasted or decaffeinated,6585149.37,2328.697421,2827.825251,72.290381,20.507295,42.970915,,,,0.22113,0.224956,43,35,35,ok,ok,0.85,"Export unit value is calculated as total export value USD divided by total quantity tons. It is an average proxy, not a transaction, contract, FOB invoice, or exact selling price.",UN Comtrade,https://comtradeapi.un.org/public/v1/preview/C/A/HS?reporterCode=704&flowCode=X&cmdCode=090111&period=2020%2C2021%2C2022%2C2023%2C2024%2C2025%2C2026&includeDesc=true,2026-05-26T17:43:55.608Z
A,2023-01-01,2023,Vietnam,VNM,Türkiye,TUR,Export,coffee,coffee_raw_core,090111,Coffee; not roasted or decaffeinated,5868492.01,1799.667365,3260.87594,50.088937,9.829572,36.656216,,,,0.197065,0.173851,11,36,36,ok,ok,0.85,"Export unit value is calculated as total export value USD divided by total quantity tons. It is an average proxy, not a transaction, contract, FOB invoice, or exact selling price.",UN Comtrade,https://comtradeapi.un.org/public/v1/preview/C/A/HS?reporterCode=704&flowCode=X&cmdCode=090111&period=2020%2C2021%2C2022%2C2023%2C2024%2C2025%2C2026&includeDesc=true,2026-05-26T17:43:55.608Z
A,2023-01-01,2023,Vietnam,VNM,Denmark,DNK,Export,coffee,coffee_raw_core,090111,Coffee; not roasted or decaffeinated,4077338.148,1502.38982,2713.901608,96.677261,44.072672,36.512538,,,,0.136917,0.145133,51,37,37,ok,ok,0.85,"Export unit value is calculated as total export value USD divided by total quantity tons. It is an average proxy, not a transaction, contract, FOB invoice, or exact selling price.",UN Comtrade,https://comtradeapi.un.org/public/v1/preview/C/A/HS?reporterCode=704&flowCode=X&cmdCode=090111&period=2020%2C2021%2C2022%2C2023%2C2024%2C2025%2C2026&includeDesc=true,2026-05-26T17:43:55.608Z
A,2023-01-01,2023,Vietnam,VNM,Sweden,SWE,Export,coffee,coffee_raw_core,090111,Coffee; not roasted or decaffeinated,3821627.67,1436.877525,2659.675305,-18.130405,-20.68155,3.216332,,,,0.128331,0.138805,53,38,38,ok,ok,0.85,"Export unit value is calculated as total export value USD divided by total quantity tons. It is an average proxy, not a transaction, contract, FOB invoice, or exact selling price.",UN Comtrade,https://comtradeapi.un.org/public/v1/preview/C/A/HS?reporterCode=704&flowCode=X&cmdCode=090111&period=2020%2C2021%2C2022%2C2023%2C2024%2C2025%2C2026&includeDesc=true,2026-05-26T17:43:55.608Z
A,2023-01-01,2023,Vietnam,VNM,Croatia,HRV,Export,coffee,coffee_raw_core,090111,Coffee; not roasted or decaffeinated,3777523.036,1340.59084,2817.8046,6.776659,-23.921274,40.350219,,,,0.12685,0.129503,45,39,39,ok,ok,0.85,"Export unit value is calculated as total export value USD divided by total quantity tons. It is an average proxy, not a transaction, contract, FOB invoice, or exact selling price.",UN Comtrade,https://comtradeapi.un.org/public/v1/preview/C/A/HS?reporterCode=704&flowCode=X&cmdCode=090111&period=2020%2C2021%2C2022%2C2023%2C2024%2C2025%2C2026&includeDesc=true,2026-05-26T17:43:55.608Z
A,2023-01-01,2023,Vietnam,VNM,New Zealand,NZL,Export,coffee,coffee_raw_core,090111,Coffee; not roasted or decaffeinated,3398963.902,1172.590078,2898.680422,68.603178,6.74359,57.951572,,,,0.114138,0.113274,35,40,41,ok,ok,0.85,"Export unit value is calculated as total export value USD divided by total quantity tons. It is an average proxy, not a transaction, contract, FOB invoice, or exact selling price.",UN Comtrade,https://comtradeapi.un.org/public/v1/preview/C/A/HS?reporterCode=704&flowCode=X&cmdCode=090111&period=2020%2C2021%2C2022%2C2023%2C2024%2C2025%2C2026&includeDesc=true,2026-05-26T17:43:55.608Z
A,2023-01-01,2023,Vietnam,VNM,"Other Asia, nes",S19,Export,coffee,coffee_raw_core,090111,Coffee; not roasted or decaffeinated,3072372.714,962.228854,3192.97504,33.421045,14.759808,16.261126,,,,0.103171,0.092953,14,41,42,ok,ok,0.85,"Export unit value is calculated as total export value USD divided by total quantity tons. It is an average proxy, not a transaction, contract, FOB invoice, or exact selling price.",UN Comtrade,https://comtradeapi.un.org/public/v1/preview/C/A/HS?reporterCode=704&flowCode=X&cmdCode=090111&period=2020%2C2021%2C2022%2C2023%2C2024%2C2025%2C2026&includeDesc=true,2026-05-26T17:43:55.608Z
A,2023-01-01,2023,Vietnam,VNM,Latvia,LVA,Export,coffee,coffee_raw_core,090111,Coffee; not roasted or decaffeinated,2501180,1340,1866.552239,291.631311,310.539216,-4.605627,,,,0.08399,0.129446,69,42,40,ok,ok,0.85,"Export unit value is calculated as total export value USD divided by total quantity tons. It is an average proxy, not a transaction, contract, FOB invoice, or exact selling price.",UN Comtrade,https://comtradeapi.un.org/public/v1/preview/C/A/HS?reporterCode=704&flowCode=X&cmdCode=090111&period=2020%2C2021%2C2022%2C2023%2C2024%2C2025%2C2026&includeDesc=true,2026-05-26T17:43:55.608Z
A,2023-01-01,2023,Vietnam,VNM,Czechia,CZE,Export,coffee,coffee_raw_core,090111,Coffee; not roasted or decaffeinated,2228245.76,744.685896,2992.195464,-35.103514,-56.042389,47.63424,,,,0.074825,0.071938,26,43,43,ok,ok,0.85,"Export unit value is calculated as total export value USD divided by total quantity tons. It is an average proxy, not a transaction, contract, FOB invoice, or exact selling price.",UN Comtrade,https://comtradeapi.un.org/public/v1/preview/C/A/HS?reporterCode=704&flowCode=X&cmdCode=090111&period=2020%2C2021%2C2022%2C2023%2C2024%2C2025%2C2026&includeDesc=true,2026-05-26T17:43:55.608Z
A,2023-01-01,2023,Vietnam,VNM,Ireland,IRL,Export,coffee,coffee_raw_core,090111,Coffee; not roasted or decaffeinated,2099081.088,598.997538,3504.323398,-17.744731,-15.840873,-2.262212,,,,0.070487,0.057864,8,44,45,ok,ok,0.85,"Export unit value is calculated as total export value USD divided by total quantity tons. It is an average proxy, not a transaction, contract, FOB invoice, or exact selling price.",UN Comtrade,https://comtradeapi.un.org/public/v1/preview/C/A/HS?reporterCode=704&flowCode=X&cmdCode=090111&period=2020%2C2021%2C2022%2C2023%2C2024%2C2025%2C2026&includeDesc=true,2026-05-26T17:43:55.608Z
A,2023-01-01,2023,Vietnam,VNM,Chile,CHL,Export,coffee,coffee_raw_core,090111,Coffee; not roasted or decaffeinated,1617007.269,730.899292,2212.353038,28.289635,15.601065,10.97617,,,,0.054299,0.070606,65,45,44,ok,ok,0.85,"Export unit value is calculated as total export value USD divided by total quantity tons. It is an average proxy, not a transaction, contract, FOB invoice, or exact selling price.",UN Comtrade,https://comtradeapi.un.org/public/v1/preview/C/A/HS?reporterCode=704&flowCode=X&cmdCode=090111&period=2020%2C2021%2C2022%2C2023%2C2024%2C2025%2C2026&includeDesc=true,2026-05-26T17:43:55.608Z
A,2023-01-01,2023,Vietnam,VNM,Bulgaria,BGR,Export,coffee,coffee_raw_core,090111,Coffee; not roasted or decaffeinated,1551827.33,493.604854,3143.865619,-49.171055,-51.138875,4.027375,,,,0.052111,0.047683,18,46,47,ok,ok,0.85,"Export unit value is calculated as total export value USD divided by total quantity tons. It is an average proxy, not a transaction, contract, FOB invoice, or exact selling price.",UN Comtrade,https://comtradeapi.un.org/public/v1/preview/C/A/HS?reporterCode=704&flowCode=X&cmdCode=090111&period=2020%2C2021%2C2022%2C2023%2C2024%2C2025%2C2026&includeDesc=true,2026-05-26T17:43:55.608Z
A,2023-01-01,2023,Vietnam,VNM,Kuwait,KWT,Export,coffee,coffee_raw_core,090111,Coffee; not roasted or decaffeinated,1551813.7,522.017488,2972.723588,29.715657,1.017395,28.409229,,,,0.05211,0.050428,28,47,46,ok,ok,0.85,"Export unit value is calculated as total export value USD divided by total quantity tons. It is an average proxy, not a transaction, contract, FOB invoice, or exact selling price.",UN Comtrade,https://comtradeapi.un.org/public/v1/preview/C/A/HS?reporterCode=704&flowCode=X&cmdCode=090111&period=2020%2C2021%2C2022%2C2023%2C2024%2C2025%2C2026&includeDesc=true,2026-05-26T17:43:55.608Z
A,2023-01-01,2023,Vietnam,VNM,Lithuania,LTU,Export,coffee,coffee_raw_core,090111,Coffee; not roasted or decaffeinated,1486218.3,467.991243,3175.739551,11.653476,-20.113475,39.765092,,,,0.049907,0.045209,15,48,48,ok,ok,0.85,"Export unit value is calculated as total export value USD divided by total quantity tons. It is an average proxy, not a transaction, contract, FOB invoice, or exact selling price.",UN Comtrade,https://comtradeapi.un.org/public/v1/preview/C/A/HS?reporterCode=704&flowCode=X&cmdCode=090111&period=2020%2C2021%2C2022%2C2023%2C2024%2C2025%2C2026&includeDesc=true,2026-05-26T17:43:55.608Z
A,2023-01-01,2023,Vietnam,VNM,"China, Hong Kong SAR",HKG,Export,coffee,coffee_raw_core,090111,Coffee; not roasted or decaffeinated,1310811.468,450.725981,2908.222564,-24.976266,-48.27755,45.05062,,,,0.044017,0.043541,34,49,49,ok,ok,0.85,"Export unit value is calculated as total export value USD divided by total quantity tons. It is an average proxy, not a transaction, contract, FOB invoice, or exact selling price.",UN Comtrade,https://comtradeapi.un.org/public/v1/preview/C/A/HS?reporterCode=704&flowCode=X&cmdCode=090111&period=2020%2C2021%2C2022%2C2023%2C2024%2C2025%2C2026&includeDesc=true,2026-05-26T17:43:55.608Z
A,2023-01-01,2023,Vietnam,VNM,Argentina,ARG,Export,coffee,coffee_raw_core,090111,Coffee; not roasted or decaffeinated,1157801.74,399.513915,2898.026068,125.577456,60.576332,40.479891,,,,0.038879,0.038594,36,50,50,ok,ok,0.85,"Export unit value is calculated as total export value USD divided by total quantity tons. It is an average proxy, not a transaction, contract, FOB invoice, or exact selling price.",UN Comtrade,https://comtradeapi.un.org/public/v1/preview/C/A/HS?reporterCode=704&flowCode=X&cmdCode=090111&period=2020%2C2021%2C2022%2C2023%2C2024%2C2025%2C2026&includeDesc=true,2026-05-26T17:43:55.608Z
A,2023-01-01,2023,Vietnam,VNM,Estonia,EST,Export,coffee,coffee_raw_core,090111,Coffee; not roasted or decaffeinated,1011149.37,329.612806,3067.688365,-70.668502,-80.220684,48.293793,,,,0.033954,0.031841,21,51,53,ok,ok,0.85,"Export unit value is calculated as total export value USD divided by total quantity tons. It is an average proxy, not a transaction, contract, FOB invoice, or exact selling price.",UN Comtrade,https://comtradeapi.un.org/public/v1/preview/C/A/HS?reporterCode=704&flowCode=X&cmdCode=090111&period=2020%2C2021%2C2022%2C2023%2C2024%2C2025%2C2026&includeDesc=true,2026-05-26T17:43:55.608Z
A,2023-01-01,2023,Vietnam,VNM,Saudi Arabia,SAU,Export,coffee,coffee_raw_core,090111,Coffee; not roasted or decaffeinated,966122.2,356.05832,2713.381898,-37.152319,-40.795091,6.152821,,,,0.032442,0.034396,52,52,52,ok,ok,0.85,"Export unit value is calculated as total export value USD divided by total quantity tons. It is an average proxy, not a transaction, contract, FOB invoice, or exact selling price.",UN Comtrade,https://comtradeapi.un.org/public/v1/preview/C/A/HS?reporterCode=704&flowCode=X&cmdCode=090111&period=2020%2C2021%2C2022%2C2023%2C2024%2C2025%2C2026&includeDesc=true,2026-05-26T17:43:55.608Z
A,2023-01-01,2023,Vietnam,VNM,Cambodia,KHM,Export,coffee,coffee_raw_core,090111,Coffee; not roasted or decaffeinated,848988.084,229.565173,3698.244263,-23.316699,-29.715122,9.103554,,,,0.028509,0.022176,4,53,56,ok,ok,0.85,"Export unit value is calculated as total export value USD divided by total quantity tons. It is an average proxy, not a transaction, contract, FOB invoice, or exact selling price.",UN Comtrade,https://comtradeapi.un.org/public/v1/preview/C/A/HS?reporterCode=704&flowCode=X&cmdCode=090111&period=2020%2C2021%2C2022%2C2023%2C2024%2C2025%2C2026&includeDesc=true,2026-05-26T17:43:55.608Z
A,2023-01-01,2023,Vietnam,VNM,Singapore,SGP,Export,coffee,coffee_raw_core,090111,Coffee; not roasted or decaffeinated,840221.18,237.808122,3533.189586,202.616967,112.32868,42.522888,,,,0.028215,0.022973,7,54,55,ok,ok,0.85,"Export unit value is calculated as total export value USD divided by total quantity tons. It is an average proxy, not a transaction, contract, FOB invoice, or exact selling price.",UN Comtrade,https://comtradeapi.un.org/public/v1/preview/C/A/HS?reporterCode=704&flowCode=X&cmdCode=090111&period=2020%2C2021%2C2022%2C2023%2C2024%2C2025%2C2026&includeDesc=true,2026-05-26T17:43:55.608Z
A,2023-01-01,2023,Vietnam,VNM,Finland,FIN,Export,coffee,coffee_raw_core,090111,Coffee; not roasted or decaffeinated,815888.244,299.703318,2722.319691,-44.891957,-50.383285,11.067496,,,,0.027398,0.028952,50,55,54,ok,ok,0.85,"Export unit value is calculated as total export value USD divided by total quantity tons. It is an average proxy, not a transaction, contract, FOB invoice, or exact selling price.",UN Comtrade,https://comtradeapi.un.org/public/v1/preview/C/A/HS?reporterCode=704&flowCode=X&cmdCode=090111&period=2020%2C2021%2C2022%2C2023%2C2024%2C2025%2C2026&includeDesc=true,2026-05-26T17:43:55.608Z
A,2023-01-01,2023,Vietnam,VNM,Brazil,BRA,Export,coffee,coffee_raw_core,090111,Coffee; not roasted or decaffeinated,806053,365.133567,2207.556557,40.305135,21.711189,15.277105,,,,0.027067,0.035272,66,56,51,ok,ok,0.85,"Export unit value is calculated as total export value USD divided by total quantity tons. It is an average proxy, not a transaction, contract, FOB invoice, or exact selling price.",UN Comtrade,https://comtradeapi.un.org/public/v1/preview/C/A/HS?reporterCode=704&flowCode=X&cmdCode=090111&period=2020%2C2021%2C2022%2C2023%2C2024%2C2025%2C2026&includeDesc=true,2026-05-26T17:43:55.608Z
A,2023-01-01,2023,Vietnam,VNM,Switzerland,CHE,Export,coffee,coffee_raw_core,090111,Coffee; not roasted or decaffeinated,576892.8,183.379244,3145.900198,980.59678,826.532154,16.628093,,,,0.019372,0.017715,17,57,59,ok,ok,0.85,"Export unit value is calculated as total export value USD divided by total quantity tons. It is an average proxy, not a transaction, contract, FOB invoice, or exact selling price.",UN Comtrade,https://comtradeapi.un.org/public/v1/preview/C/A/HS?reporterCode=704&flowCode=X&cmdCode=090111&period=2020%2C2021%2C2022%2C2023%2C2024%2C2025%2C2026&includeDesc=true,2026-05-26T17:43:55.608Z
A,2023-01-01,2023,Vietnam,VNM,Norway,NOR,Export,coffee,coffee_raw_core,090111,Coffee; not roasted or decaffeinated,493208.354,199.713863,2469.574954,23.694097,2.733469,20.402921,,,,0.016562,0.019293,60,58,57,ok,ok,0.85,"Export unit value is calculated as total export value USD divided by total quantity tons. It is an average proxy, not a transaction, contract, FOB invoice, or exact selling price.",UN Comtrade,https://comtradeapi.un.org/public/v1/preview/C/A/HS?reporterCode=704&flowCode=X&cmdCode=090111&period=2020%2C2021%2C2022%2C2023%2C2024%2C2025%2C2026&includeDesc=true,2026-05-26T17:43:55.608Z
A,2023-01-01,2023,Vietnam,VNM,Venezuela,VEN,Export,coffee,coffee_raw_core,090111,Coffee; not roasted or decaffeinated,405510.27,191.461,2117.978439,-46.348415,-44.082652,-4.051986,,,,0.013617,0.018495,67,59,58,ok,ok,0.85,"Export unit value is calculated as total export value USD divided by total quantity tons. It is an average proxy, not a transaction, contract, FOB invoice, or exact selling price.",UN Comtrade,https://comtradeapi.un.org/public/v1/preview/C/A/HS?reporterCode=704&flowCode=X&cmdCode=090111&period=2020%2C2021%2C2022%2C2023%2C2024%2C2025%2C2026&includeDesc=true,2026-05-26T17:43:55.608Z
A,2023-01-01,2023,Vietnam,VNM,Myanmar,MMR,Export,coffee,coffee_raw_core,090111,Coffee; not roasted or decaffeinated,140530.176,38.4,3659.64,-15.414757,0.1356,-15.529299,,,,0.004719,0.00371,5,60,62,ok,ok,0.85,"Export unit value is calculated as total export value USD divided by total quantity tons. It is an average proxy, not a transaction, contract, FOB invoice, or exact selling price.",UN Comtrade,https://comtradeapi.un.org/public/v1/preview/C/A/HS?reporterCode=704&flowCode=X&cmdCode=090111&period=2020%2C2021%2C2022%2C2023%2C2024%2C2025%2C2026&includeDesc=true,2026-05-26T17:43:55.608Z
A,2023-01-01,2023,Vietnam,VNM,Iraq,IRQ,Export,coffee,coffee_raw_core,090111,Coffee; not roasted or decaffeinated,109764.702,48,2286.764625,14.338231,25,-8.529415,,,,0.003686,0.004637,63,61,60,ok,ok,0.85,"Export unit value is calculated as total export value USD divided by total quantity tons. It is an average proxy, not a transaction, contract, FOB invoice, or exact selling price.",UN Comtrade,https://comtradeapi.un.org/public/v1/preview/C/A/HS?reporterCode=704&flowCode=X&cmdCode=090111&period=2020%2C2021%2C2022%2C2023%2C2024%2C2025%2C2026&includeDesc=true,2026-05-26T17:43:55.608Z
A,2023-01-01,2023,Vietnam,VNM,Ukraine,UKR,Export,coffee,coffee_raw_core,090111,Coffee; not roasted or decaffeinated,100985.4,25.454874,3967.232366,-93.967308,-96.739719,85.035928,,,,0.003391,0.002459,2,62,63,ok,ok,0.85,"Export unit value is calculated as total export value USD divided by total quantity tons. It is an average proxy, not a transaction, contract, FOB invoice, or exact selling price.",UN Comtrade,https://comtradeapi.un.org/public/v1/preview/C/A/HS?reporterCode=704&flowCode=X&cmdCode=090111&period=2020%2C2021%2C2022%2C2023%2C2024%2C2025%2C2026&includeDesc=true,2026-05-26T17:43:55.608Z
A,2023-01-01,2023,Vietnam,VNM,Costa Rica,CRI,Export,coffee,coffee_raw_core,090111,Coffee; not roasted or decaffeinated,98760,40,2469,-47.094479,-47.916667,1.5786,,,,0.003316,0.003864,61,63,61,ok,ok,0.85,"Export unit value is calculated as total export value USD divided by total quantity tons. It is an average proxy, not a transaction, contract, FOB invoice, or exact selling price.",UN Comtrade,https://comtradeapi.un.org/public/v1/preview/C/A/HS?reporterCode=704&flowCode=X&cmdCode=090111&period=2020%2C2021%2C2022%2C2023%2C2024%2C2025%2C2026&includeDesc=true,2026-05-26T17:43:55.608Z
A,2023-01-01,2023,Vietnam,VNM,Sri Lanka,LKA,Export,coffee,coffee_raw_core,090111,Coffee; not roasted or decaffeinated,60219.6,23.450303,2567.966819,3914.64,2813.081118,37.814219,,,,0.002022,0.002265,58,64,64,ok,ok,0.85,"Export unit value is calculated as total export value USD divided by total quantity tons. It is an average proxy, not a transaction, contract, FOB invoice, or exact selling price.",UN Comtrade,https://comtradeapi.un.org/public/v1/preview/C/A/HS?reporterCode=704&flowCode=X&cmdCode=090111&period=2020%2C2021%2C2022%2C2023%2C2024%2C2025%2C2026&includeDesc=true,2026-05-26T17:43:55.608Z
A,2023-01-01,2023,Vietnam,VNM,Hungary,HUN,Export,coffee,coffee_raw_core,090111,Coffee; not roasted or decaffeinated,58900,20,2945,,,,,,,0.001978,0.001932,31,65,65,ok,ok,0.85,"Export unit value is calculated as total export value USD divided by total quantity tons. It is an average proxy, not a transaction, contract, FOB invoice, or exact selling price.",UN Comtrade,https://comtradeapi.un.org/public/v1/preview/C/A/HS?reporterCode=704&flowCode=X&cmdCode=090111&period=2020%2C2021%2C2022%2C2023%2C2024%2C2025%2C2026&includeDesc=true,2026-05-26T17:43:55.608Z
A,2023-01-01,2023,Vietnam,VNM,Bangladesh,BGD,Export,coffee,coffee_raw_core,090111,Coffee; not roasted or decaffeinated,56995,15.935924,3576.510531,254.006211,298.3981,-11.142596,,,,0.001914,0.001539,6,66,68,ok,ok,0.85,"Export unit value is calculated as total export value USD divided by total quantity tons. It is an average proxy, not a transaction, contract, FOB invoice, or exact selling price.",UN Comtrade,https://comtradeapi.un.org/public/v1/preview/C/A/HS?reporterCode=704&flowCode=X&cmdCode=090111&period=2020%2C2021%2C2022%2C2023%2C2024%2C2025%2C2026&includeDesc=true,2026-05-26T17:43:55.608Z
A,2023-01-01,2023,Vietnam,VNM,Senegal,SEN,Export,coffee,coffee_raw_core,090111,Coffee; not roasted or decaffeinated,47520,11.978124,3967.232264,8.307692,-38.573723,76.321434,,,,0.001596,0.001157,3,67,69,ok,ok,0.85,"Export unit value is calculated as total export value USD divided by total quantity tons. It is an average proxy, not a transaction, contract, FOB invoice, or exact selling price.",UN Comtrade,https://comtradeapi.un.org/public/v1/preview/C/A/HS?reporterCode=704&flowCode=X&cmdCode=090111&period=2020%2C2021%2C2022%2C2023%2C2024%2C2025%2C2026&includeDesc=true,2026-05-26T17:43:55.608Z
A,2023-01-01,2023,Vietnam,VNM,Lao People's Dem. Rep.,LAO,Export,coffee,coffee_raw_core,090111,Coffee; not roasted or decaffeinated,41580.041,20,2079.00205,,,,,,,0.001396,0.001932,68,68,65,ok,ok,0.85,"Export unit value is calculated as total export value USD divided by total quantity tons. It is an average proxy, not a transaction, contract, FOB invoice, or exact selling price.",UN Comtrade,https://comtradeapi.un.org/public/v1/preview/C/A/HS?reporterCode=704&flowCode=X&cmdCode=090111&period=2020%2C2021%2C2022%2C2023%2C2024%2C2025%2C2026&includeDesc=true,2026-05-26T17:43:55.608Z
A,2023-01-01,2023,Vietnam,VNM,Cyprus,CYP,Export,coffee,coffee_raw_core,090111,Coffee; not roasted or decaffeinated,28987.044,19.146,1514,,,,,,,0.000973,0.00185,70,69,67,ok,ok,0.85,"Export unit value is calculated as total export value USD divided by total quantity tons. It is an average proxy, not a transaction, contract, FOB invoice, or exact selling price.",UN Comtrade,https://comtradeapi.un.org/public/v1/preview/C/A/HS?reporterCode=704&flowCode=X&cmdCode=090111&period=2020%2C2021%2C2022%2C2023%2C2024%2C2025%2C2026&includeDesc=true,2026-05-26T17:43:55.608Z
A,2023-01-01,2023,Vietnam,VNM,Qatar,QAT,Export,coffee,coffee_raw_core,090111,Coffee; not roasted or decaffeinated,1680,0.423469,3967.232548,-97.507418,-98.319567,48.329763,,,,0.000056,0.000041,1,70,70,ok,low_volume,0.55,"Low volume market; export unit value may be noisy. Do not use as a strong pricing signal without verification. Export unit value is an average proxy, not a transaction, contract, FOB invoice, or exact selling price.",UN Comtrade,https://comtradeapi.un.org/public/v1/preview/C/A/HS?reporterCode=704&flowCode=X&cmdCode=090111&period=2020%2C2021%2C2022%2C2023%2C2024%2C2025%2C2026&includeDesc=true,2026-05-26T17:43:55.608Z