period_type,period_start,period_label,reporter_country,reporter_iso,partner_country,partner_iso,flow,commodity_group,analysis_bucket,hs6,hs_description,export_value_usd,export_quantity_ton,export_unit_value_usd_per_ton,tracked_reporter_share_by_value_pct,tracked_reporter_share_by_quantity_pct,rank_by_value_in_partner_market,rank_by_unit_value_in_partner_market,data_quality_flag,unit_value_flag,confidence_score,notes,source_name,source_url,fetched_at
A,2020-01-01,2020,Brazil,BRA,Albania,ALB,Export,coffee,coffee_raw_core,090111,Coffee; not roasted or decaffeinated,2941934,1668.525,1763.194438,98.141265,97.750341,1,1,ok,ok,0.82,"Export unit value is calculated as SUM(value_usd) / SUM(quantity_ton). Use as a directional competitor benchmark only; it is not a transaction price, invoice price, FOB contract price, margin, or profit. Reporter share fields are shares within Vietnam, Brazil, and Indonesia only, not global destination-market share.",UN Comtrade,https://comtradeapi.un.org/public/v1/preview/C/A/HS?reporterCode=76&flowCode=X&cmdCode=090111&period=2020&includeDesc=true,2026-05-30T19:13:38.772Z
A,2020-01-01,2020,Indonesia,IDN,Albania,ALB,Export,coffee,coffee_raw_core,090111,Coffee; not roasted or decaffeinated,55718.4,38.4,1451,1.858735,2.249659,2,2,ok,low_volume_for_competitor_benchmark,0.55,"Export unit value is calculated as SUM(value_usd) / SUM(quantity_ton). Use as a directional competitor benchmark only; it is not a transaction price, invoice price, FOB contract price, margin, or profit. Reporter share fields are shares within Vietnam, Brazil, and Indonesia only, not global destination-market share. Low-volume destination (< 50 tons); unit value can be unstable.",UN Comtrade,https://comtradeapi.un.org/public/v1/preview/C/A/HS?reporterCode=360&flowCode=X&cmdCode=090111&period=2020&includeDesc=true,2026-05-30T19:13:38.772Z
A,2020-01-01,2020,Brazil,BRA,Algeria,DZA,Export,coffee,coffee_raw_core,090111,Coffee; not roasted or decaffeinated,21017393,14258.415,1474.034316,16.972637,17.752088,2,3,ok,ok,0.82,"Export unit value is calculated as SUM(value_usd) / SUM(quantity_ton). Use as a directional competitor benchmark only; it is not a transaction price, invoice price, FOB contract price, margin, or profit. Reporter share fields are shares within Vietnam, Brazil, and Indonesia only, not global destination-market share.",UN Comtrade,https://comtradeapi.un.org/public/v1/preview/C/A/HS?reporterCode=76&flowCode=X&cmdCode=090111&period=2020&includeDesc=true,2026-05-30T19:13:38.772Z
A,2020-01-01,2020,Indonesia,IDN,Algeria,DZA,Export,coffee,coffee_raw_core,090111,Coffee; not roasted or decaffeinated,9068521.27,5919.6,1531.948319,7.323302,7.370052,3,2,ok,ok,0.82,"Export unit value is calculated as SUM(value_usd) / SUM(quantity_ton). Use as a directional competitor benchmark only; it is not a transaction price, invoice price, FOB contract price, margin, or profit. Reporter share fields are shares within Vietnam, Brazil, and Indonesia only, not global destination-market share.",UN Comtrade,https://comtradeapi.un.org/public/v1/preview/C/A/HS?reporterCode=360&flowCode=X&cmdCode=090111&period=2020&includeDesc=true,2026-05-30T19:13:38.772Z
A,2020-01-01,2020,Vietnam,VNM,Algeria,DZA,Export,coffee,coffee_raw_core,090111,Coffee; not roasted or decaffeinated,93745129.556,60141.636503,1558.739253,75.704061,74.87786,1,1,ok,ok,0.82,"Export unit value is calculated as SUM(value_usd) / SUM(quantity_ton). Use as a directional competitor benchmark only; it is not a transaction price, invoice price, FOB contract price, margin, or profit. Reporter share fields are shares within Vietnam, Brazil, and Indonesia only, not global destination-market share.",UN Comtrade,https://comtradeapi.un.org/public/v1/preview/C/A/HS?reporterCode=704&flowCode=X&cmdCode=090111&period=2020&includeDesc=true,2026-05-30T19:13:38.772Z
A,2020-01-01,2020,Brazil,BRA,Antigua and Barbuda,ATG,Export,coffee,coffee_raw_core,090111,Coffee; not roasted or decaffeinated,41,0.008,5125,100,100,1,1,ok,low_volume_for_competitor_benchmark,0.55,"Export unit value is calculated as SUM(value_usd) / SUM(quantity_ton). Use as a directional competitor benchmark only; it is not a transaction price, invoice price, FOB contract price, margin, or profit. Reporter share fields are shares within Vietnam, Brazil, and Indonesia only, not global destination-market share. Low-volume destination (< 50 tons); unit value can be unstable.",UN Comtrade,https://comtradeapi.un.org/public/v1/preview/C/A/HS?reporterCode=76&flowCode=X&cmdCode=090111&period=2020&includeDesc=true,2026-05-30T19:13:38.772Z
A,2020-01-01,2020,Brazil,BRA,Argentina,ARG,Export,coffee,coffee_raw_core,090111,Coffee; not roasted or decaffeinated,41928343,26775.181,1565.9406,98.776589,98.760902,1,1,ok,ok,0.82,"Export unit value is calculated as SUM(value_usd) / SUM(quantity_ton). Use as a directional competitor benchmark only; it is not a transaction price, invoice price, FOB contract price, margin, or profit. Reporter share fields are shares within Vietnam, Brazil, and Indonesia only, not global destination-market share.",UN Comtrade,https://comtradeapi.un.org/public/v1/preview/C/A/HS?reporterCode=76&flowCode=X&cmdCode=090111&period=2020&includeDesc=true,2026-05-30T19:13:38.772Z
A,2020-01-01,2020,Vietnam,VNM,Argentina,ARG,Export,coffee,coffee_raw_core,090111,Coffee; not roasted or decaffeinated,519309.094,335.933141,1545.870385,1.223411,1.239098,2,2,ok,ok,0.82,"Export unit value is calculated as SUM(value_usd) / SUM(quantity_ton). Use as a directional competitor benchmark only; it is not a transaction price, invoice price, FOB contract price, margin, or profit. Reporter share fields are shares within Vietnam, Brazil, and Indonesia only, not global destination-market share.",UN Comtrade,https://comtradeapi.un.org/public/v1/preview/C/A/HS?reporterCode=704&flowCode=X&cmdCode=090111&period=2020&includeDesc=true,2026-05-30T19:13:38.772Z
A,2020-01-01,2020,Brazil,BRA,Armenia,ARM,Export,coffee,coffee_raw_core,090111,Coffee; not roasted or decaffeinated,51072,38.4,1330,59.775281,66.666667,1,2,ok,low_volume_for_competitor_benchmark,0.55,"Export unit value is calculated as SUM(value_usd) / SUM(quantity_ton). Use as a directional competitor benchmark only; it is not a transaction price, invoice price, FOB contract price, margin, or profit. Reporter share fields are shares within Vietnam, Brazil, and Indonesia only, not global destination-market share. Low-volume destination (< 50 tons); unit value can be unstable.",UN Comtrade,https://comtradeapi.un.org/public/v1/preview/C/A/HS?reporterCode=76&flowCode=X&cmdCode=090111&period=2020&includeDesc=true,2026-05-30T19:13:38.772Z
A,2020-01-01,2020,Indonesia,IDN,Armenia,ARM,Export,coffee,coffee_raw_core,090111,Coffee; not roasted or decaffeinated,34368,19.2,1790,40.224719,33.333333,2,1,ok,low_volume_for_competitor_benchmark,0.55,"Export unit value is calculated as SUM(value_usd) / SUM(quantity_ton). Use as a directional competitor benchmark only; it is not a transaction price, invoice price, FOB contract price, margin, or profit. Reporter share fields are shares within Vietnam, Brazil, and Indonesia only, not global destination-market share. Low-volume destination (< 50 tons); unit value can be unstable.",UN Comtrade,https://comtradeapi.un.org/public/v1/preview/C/A/HS?reporterCode=360&flowCode=X&cmdCode=090111&period=2020&includeDesc=true,2026-05-30T19:13:38.772Z
A,2020-01-01,2020,Brazil,BRA,Australia,AUS,Export,coffee,coffee_raw_core,090111,Coffee; not roasted or decaffeinated,56452508,22031.086,2562.402416,60.398435,51.265911,1,1,ok,ok,0.82,"Export unit value is calculated as SUM(value_usd) / SUM(quantity_ton). Use as a directional competitor benchmark only; it is not a transaction price, invoice price, FOB contract price, margin, or profit. Reporter share fields are shares within Vietnam, Brazil, and Indonesia only, not global destination-market share.",UN Comtrade,https://comtradeapi.un.org/public/v1/preview/C/A/HS?reporterCode=76&flowCode=X&cmdCode=090111&period=2020&includeDesc=true,2026-05-30T19:13:38.772Z
A,2020-01-01,2020,Indonesia,IDN,Australia,AUS,Export,coffee,coffee_raw_core,090111,Coffee; not roasted or decaffeinated,13828292.307,5961.12595,2319.745032,14.794865,13.871425,3,2,ok,ok,0.82,"Export unit value is calculated as SUM(value_usd) / SUM(quantity_ton). Use as a directional competitor benchmark only; it is not a transaction price, invoice price, FOB contract price, margin, or profit. Reporter share fields are shares within Vietnam, Brazil, and Indonesia only, not global destination-market share.",UN Comtrade,https://comtradeapi.un.org/public/v1/preview/C/A/HS?reporterCode=360&flowCode=X&cmdCode=090111&period=2020&includeDesc=true,2026-05-30T19:13:38.772Z
A,2020-01-01,2020,Vietnam,VNM,Australia,AUS,Export,coffee,coffee_raw_core,090111,Coffee; not roasted or decaffeinated,23186038.823,14981.931002,1547.60016,24.8067,34.862664,2,3,ok,ok,0.82,"Export unit value is calculated as SUM(value_usd) / SUM(quantity_ton). Use as a directional competitor benchmark only; it is not a transaction price, invoice price, FOB contract price, margin, or profit. Reporter share fields are shares within Vietnam, Brazil, and Indonesia only, not global destination-market share.",UN Comtrade,https://comtradeapi.un.org/public/v1/preview/C/A/HS?reporterCode=704&flowCode=X&cmdCode=090111&period=2020&includeDesc=true,2026-05-30T19:13:38.772Z
A,2020-01-01,2020,Brazil,BRA,Austria,AUT,Export,coffee,coffee_raw_core,090111,Coffee; not roasted or decaffeinated,393677,134.148,2934.646808,97.844414,99.68789,1,2,ok,ok,0.82,"Export unit value is calculated as SUM(value_usd) / SUM(quantity_ton). Use as a directional competitor benchmark only; it is not a transaction price, invoice price, FOB contract price, margin, or profit. Reporter share fields are shares within Vietnam, Brazil, and Indonesia only, not global destination-market share.",UN Comtrade,https://comtradeapi.un.org/public/v1/preview/C/A/HS?reporterCode=76&flowCode=X&cmdCode=090111&period=2020&includeDesc=true,2026-05-30T19:13:38.772Z
A,2020-01-01,2020,Vietnam,VNM,Austria,AUT,Export,coffee,coffee_raw_core,090111,Coffee; not roasted or decaffeinated,8673,0.42,20650,2.155586,0.31211,2,1,ok,low_volume_for_competitor_benchmark,0.55,"Export unit value is calculated as SUM(value_usd) / SUM(quantity_ton). Use as a directional competitor benchmark only; it is not a transaction price, invoice price, FOB contract price, margin, or profit. Reporter share fields are shares within Vietnam, Brazil, and Indonesia only, not global destination-market share. Low-volume destination (< 50 tons); unit value can be unstable.",UN Comtrade,https://comtradeapi.un.org/public/v1/preview/C/A/HS?reporterCode=704&flowCode=X&cmdCode=090111&period=2020&includeDesc=true,2026-05-30T19:13:38.772Z
A,2020-01-01,2020,Brazil,BRA,Bahamas,BHS,Export,coffee,coffee_raw_core,090111,Coffee; not roasted or decaffeinated,240,0.028,8571.428571,100,100,1,1,ok,low_volume_for_competitor_benchmark,0.55,"Export unit value is calculated as SUM(value_usd) / SUM(quantity_ton). Use as a directional competitor benchmark only; it is not a transaction price, invoice price, FOB contract price, margin, or profit. Reporter share fields are shares within Vietnam, Brazil, and Indonesia only, not global destination-market share. Low-volume destination (< 50 tons); unit value can be unstable.",UN Comtrade,https://comtradeapi.un.org/public/v1/preview/C/A/HS?reporterCode=76&flowCode=X&cmdCode=090111&period=2020&includeDesc=true,2026-05-30T19:13:38.772Z
A,2020-01-01,2020,Brazil,BRA,Bahrain,BHR,Export,coffee,coffee_raw_core,090111,Coffee; not roasted or decaffeinated,176401,101.135,1744.21318,100,100,1,1,ok,ok,0.82,"Export unit value is calculated as SUM(value_usd) / SUM(quantity_ton). Use as a directional competitor benchmark only; it is not a transaction price, invoice price, FOB contract price, margin, or profit. Reporter share fields are shares within Vietnam, Brazil, and Indonesia only, not global destination-market share.",UN Comtrade,https://comtradeapi.un.org/public/v1/preview/C/A/HS?reporterCode=76&flowCode=X&cmdCode=090111&period=2020&includeDesc=true,2026-05-30T19:13:38.772Z
A,2020-01-01,2020,Brazil,BRA,Bangladesh,BGD,Export,coffee,coffee_raw_core,090111,Coffee; not roasted or decaffeinated,128,0.012,10666.666667,100,100,1,1,ok,low_volume_for_competitor_benchmark,0.55,"Export unit value is calculated as SUM(value_usd) / SUM(quantity_ton). Use as a directional competitor benchmark only; it is not a transaction price, invoice price, FOB contract price, margin, or profit. Reporter share fields are shares within Vietnam, Brazil, and Indonesia only, not global destination-market share. Low-volume destination (< 50 tons); unit value can be unstable.",UN Comtrade,https://comtradeapi.un.org/public/v1/preview/C/A/HS?reporterCode=76&flowCode=X&cmdCode=090111&period=2020&includeDesc=true,2026-05-30T19:13:38.772Z
A,2020-01-01,2020,Brazil,BRA,Belarus,BLR,Export,coffee,coffee_raw_core,090111,Coffee; not roasted or decaffeinated,355498,134.4,2645.074405,100,100,1,1,ok,ok,0.82,"Export unit value is calculated as SUM(value_usd) / SUM(quantity_ton). Use as a directional competitor benchmark only; it is not a transaction price, invoice price, FOB contract price, margin, or profit. Reporter share fields are shares within Vietnam, Brazil, and Indonesia only, not global destination-market share.",UN Comtrade,https://comtradeapi.un.org/public/v1/preview/C/A/HS?reporterCode=76&flowCode=X&cmdCode=090111&period=2020&includeDesc=true,2026-05-30T19:13:38.772Z
A,2020-01-01,2020,Brazil,BRA,Belgium,BEL,Export,coffee,coffee_raw_core,090111,Coffee; not roasted or decaffeinated,467390701,224546.677052,2081.485717,75.685032,72.783514,1,2,ok,ok,0.82,"Export unit value is calculated as SUM(value_usd) / SUM(quantity_ton). Use as a directional competitor benchmark only; it is not a transaction price, invoice price, FOB contract price, margin, or profit. Reporter share fields are shares within Vietnam, Brazil, and Indonesia only, not global destination-market share.",UN Comtrade,https://comtradeapi.un.org/public/v1/preview/C/A/HS?reporterCode=76&flowCode=X&cmdCode=090111&period=2020&includeDesc=true,2026-05-30T19:13:38.772Z
A,2020-01-01,2020,Indonesia,IDN,Belgium,BEL,Export,coffee,coffee_raw_core,090111,Coffee; not roasted or decaffeinated,38292709.03,14758.107,2594.689755,6.200776,4.783624,3,1,ok,ok,0.82,"Export unit value is calculated as SUM(value_usd) / SUM(quantity_ton). Use as a directional competitor benchmark only; it is not a transaction price, invoice price, FOB contract price, margin, or profit. Reporter share fields are shares within Vietnam, Brazil, and Indonesia only, not global destination-market share.",UN Comtrade,https://comtradeapi.un.org/public/v1/preview/C/A/HS?reporterCode=360&flowCode=X&cmdCode=090111&period=2020&includeDesc=true,2026-05-30T19:13:38.772Z
A,2020-01-01,2020,Vietnam,VNM,Belgium,BEL,Export,coffee,coffee_raw_core,090111,Coffee; not roasted or decaffeinated,111863668.417,69208.319913,1616.332669,18.114193,22.432862,2,3,ok,ok,0.82,"Export unit value is calculated as SUM(value_usd) / SUM(quantity_ton). Use as a directional competitor benchmark only; it is not a transaction price, invoice price, FOB contract price, margin, or profit. Reporter share fields are shares within Vietnam, Brazil, and Indonesia only, not global destination-market share.",UN Comtrade,https://comtradeapi.un.org/public/v1/preview/C/A/HS?reporterCode=704&flowCode=X&cmdCode=090111&period=2020&includeDesc=true,2026-05-30T19:13:38.772Z
A,2020-01-01,2020,Brazil,BRA,Belize,BLZ,Export,coffee,coffee_raw_core,090111,Coffee; not roasted or decaffeinated,82966,38.4,2160.572917,100,100,1,1,ok,low_volume_for_competitor_benchmark,0.55,"Export unit value is calculated as SUM(value_usd) / SUM(quantity_ton). Use as a directional competitor benchmark only; it is not a transaction price, invoice price, FOB contract price, margin, or profit. Reporter share fields are shares within Vietnam, Brazil, and Indonesia only, not global destination-market share. Low-volume destination (< 50 tons); unit value can be unstable.",UN Comtrade,https://comtradeapi.un.org/public/v1/preview/C/A/HS?reporterCode=76&flowCode=X&cmdCode=090111&period=2020&includeDesc=true,2026-05-30T19:13:38.772Z
A,2020-01-01,2020,Brazil,BRA,Bolivia (Plurinational State of),BOL,Export,coffee,coffee_raw_core,090111,Coffee; not roasted or decaffeinated,176,0.22,800,100,100,1,1,ok,low_volume_for_competitor_benchmark,0.55,"Export unit value is calculated as SUM(value_usd) / SUM(quantity_ton). Use as a directional competitor benchmark only; it is not a transaction price, invoice price, FOB contract price, margin, or profit. Reporter share fields are shares within Vietnam, Brazil, and Indonesia only, not global destination-market share. Low-volume destination (< 50 tons); unit value can be unstable.",UN Comtrade,https://comtradeapi.un.org/public/v1/preview/C/A/HS?reporterCode=76&flowCode=X&cmdCode=090111&period=2020&includeDesc=true,2026-05-30T19:13:38.772Z
A,2020-01-01,2020,Brazil,BRA,Bosnia Herzegovina,BIH,Export,coffee,coffee_raw_core,090111,Coffee; not roasted or decaffeinated,7,0.002,3500,100,100,1,1,ok,low_volume_for_competitor_benchmark,0.55,"Export unit value is calculated as SUM(value_usd) / SUM(quantity_ton). Use as a directional competitor benchmark only; it is not a transaction price, invoice price, FOB contract price, margin, or profit. Reporter share fields are shares within Vietnam, Brazil, and Indonesia only, not global destination-market share. Low-volume destination (< 50 tons); unit value can be unstable.",UN Comtrade,https://comtradeapi.un.org/public/v1/preview/C/A/HS?reporterCode=76&flowCode=X&cmdCode=090111&period=2020&includeDesc=true,2026-05-30T19:13:38.772Z
A,2020-01-01,2020,Vietnam,VNM,Brazil,BRA,Export,coffee,coffee_raw_core,090111,Coffee; not roasted or decaffeinated,29800,19.078457,1561.97118,100,100,1,1,ok,low_volume_for_competitor_benchmark,0.55,"Export unit value is calculated as SUM(value_usd) / SUM(quantity_ton). Use as a directional competitor benchmark only; it is not a transaction price, invoice price, FOB contract price, margin, or profit. Reporter share fields are shares within Vietnam, Brazil, and Indonesia only, not global destination-market share. Low-volume destination (< 50 tons); unit value can be unstable.",UN Comtrade,https://comtradeapi.un.org/public/v1/preview/C/A/HS?reporterCode=704&flowCode=X&cmdCode=090111&period=2020&includeDesc=true,2026-05-30T19:13:38.772Z
A,2020-01-01,2020,Vietnam,VNM,Brunei Darussalam,BRN,Export,coffee,coffee_raw_core,090111,Coffee; not roasted or decaffeinated,2820,0.59513,4738.460504,100,100,1,1,ok,low_volume_for_competitor_benchmark,0.55,"Export unit value is calculated as SUM(value_usd) / SUM(quantity_ton). Use as a directional competitor benchmark only; it is not a transaction price, invoice price, FOB contract price, margin, or profit. Reporter share fields are shares within Vietnam, Brazil, and Indonesia only, not global destination-market share. Low-volume destination (< 50 tons); unit value can be unstable.",UN Comtrade,https://comtradeapi.un.org/public/v1/preview/C/A/HS?reporterCode=704&flowCode=X&cmdCode=090111&period=2020&includeDesc=true,2026-05-30T19:13:38.772Z
A,2020-01-01,2020,Brazil,BRA,Bulgaria,BGR,Export,coffee,coffee_raw_core,090111,Coffee; not roasted or decaffeinated,1192390,494.58,2410.914311,26.283339,19.160738,3,1,ok,ok,0.82,"Export unit value is calculated as SUM(value_usd) / SUM(quantity_ton). Use as a directional competitor benchmark only; it is not a transaction price, invoice price, FOB contract price, margin, or profit. Reporter share fields are shares within Vietnam, Brazil, and Indonesia only, not global destination-market share.",UN Comtrade,https://comtradeapi.un.org/public/v1/preview/C/A/HS?reporterCode=76&flowCode=X&cmdCode=090111&period=2020&includeDesc=true,2026-05-30T19:13:38.772Z
A,2020-01-01,2020,Indonesia,IDN,Bulgaria,BGR,Export,coffee,coffee_raw_core,090111,Coffee; not roasted or decaffeinated,1529224.6,919.2,1663.647302,33.708039,35.611125,2,2,ok,ok,0.82,"Export unit value is calculated as SUM(value_usd) / SUM(quantity_ton). Use as a directional competitor benchmark only; it is not a transaction price, invoice price, FOB contract price, margin, or profit. Reporter share fields are shares within Vietnam, Brazil, and Indonesia only, not global destination-market share.",UN Comtrade,https://comtradeapi.un.org/public/v1/preview/C/A/HS?reporterCode=360&flowCode=X&cmdCode=090111&period=2020&includeDesc=true,2026-05-30T19:13:38.772Z
A,2020-01-01,2020,Vietnam,VNM,Bulgaria,BGR,Export,coffee,coffee_raw_core,090111,Coffee; not roasted or decaffeinated,1815061.709,1167.435815,1554.742184,40.008623,45.228137,1,3,ok,ok,0.82,"Export unit value is calculated as SUM(value_usd) / SUM(quantity_ton). Use as a directional competitor benchmark only; it is not a transaction price, invoice price, FOB contract price, margin, or profit. Reporter share fields are shares within Vietnam, Brazil, and Indonesia only, not global destination-market share.",UN Comtrade,https://comtradeapi.un.org/public/v1/preview/C/A/HS?reporterCode=704&flowCode=X&cmdCode=090111&period=2020&includeDesc=true,2026-05-30T19:13:38.772Z
A,2020-01-01,2020,Brazil,BRA,Cabo Verde,CPV,Export,coffee,coffee_raw_core,090111,Coffee; not roasted or decaffeinated,459660,305.6,1504.123037,100,100,1,1,ok,ok,0.82,"Export unit value is calculated as SUM(value_usd) / SUM(quantity_ton). Use as a directional competitor benchmark only; it is not a transaction price, invoice price, FOB contract price, margin, or profit. Reporter share fields are shares within Vietnam, Brazil, and Indonesia only, not global destination-market share.",UN Comtrade,https://comtradeapi.un.org/public/v1/preview/C/A/HS?reporterCode=76&flowCode=X&cmdCode=090111&period=2020&includeDesc=true,2026-05-30T19:13:38.772Z
A,2020-01-01,2020,Indonesia,IDN,Cambodia,KHM,Export,coffee,coffee_raw_core,090111,Coffee; not roasted or decaffeinated,75657.64,14,5404.117143,9.875647,3.504954,2,1,ok,low_volume_for_competitor_benchmark,0.55,"Export unit value is calculated as SUM(value_usd) / SUM(quantity_ton). Use as a directional competitor benchmark only; it is not a transaction price, invoice price, FOB contract price, margin, or profit. Reporter share fields are shares within Vietnam, Brazil, and Indonesia only, not global destination-market share. Low-volume destination (< 50 tons); unit value can be unstable.",UN Comtrade,https://comtradeapi.un.org/public/v1/preview/C/A/HS?reporterCode=360&flowCode=X&cmdCode=090111&period=2020&includeDesc=true,2026-05-30T19:13:38.772Z
A,2020-01-01,2020,Vietnam,VNM,Cambodia,KHM,Export,coffee,coffee_raw_core,090111,Coffee; not roasted or decaffeinated,690445.473,385.434612,1791.342686,90.124353,96.495046,1,2,ok,ok,0.82,"Export unit value is calculated as SUM(value_usd) / SUM(quantity_ton). Use as a directional competitor benchmark only; it is not a transaction price, invoice price, FOB contract price, margin, or profit. Reporter share fields are shares within Vietnam, Brazil, and Indonesia only, not global destination-market share.",UN Comtrade,https://comtradeapi.un.org/public/v1/preview/C/A/HS?reporterCode=704&flowCode=X&cmdCode=090111&period=2020&includeDesc=true,2026-05-30T19:13:38.772Z
A,2020-01-01,2020,Brazil,BRA,Canada,CAN,Export,coffee,coffee_raw_core,090111,Coffee; not roasted or decaffeinated,102696789,44199.924,2323.46076,77.782512,81.837366,1,2,ok,ok,0.82,"Export unit value is calculated as SUM(value_usd) / SUM(quantity_ton). Use as a directional competitor benchmark only; it is not a transaction price, invoice price, FOB contract price, margin, or profit. Reporter share fields are shares within Vietnam, Brazil, and Indonesia only, not global destination-market share.",UN Comtrade,https://comtradeapi.un.org/public/v1/preview/C/A/HS?reporterCode=76&flowCode=X&cmdCode=090111&period=2020&includeDesc=true,2026-05-30T19:13:38.772Z
A,2020-01-01,2020,Indonesia,IDN,Canada,CAN,Export,coffee,coffee_raw_core,090111,Coffee; not roasted or decaffeinated,19493350.62,3917.4205,4976.067956,14.764257,7.253211,2,1,ok,ok,0.82,"Export unit value is calculated as SUM(value_usd) / SUM(quantity_ton). Use as a directional competitor benchmark only; it is not a transaction price, invoice price, FOB contract price, margin, or profit. Reporter share fields are shares within Vietnam, Brazil, and Indonesia only, not global destination-market share.",UN Comtrade,https://comtradeapi.un.org/public/v1/preview/C/A/HS?reporterCode=360&flowCode=X&cmdCode=090111&period=2020&includeDesc=true,2026-05-30T19:13:38.772Z
A,2020-01-01,2020,Vietnam,VNM,Canada,CAN,Export,coffee,coffee_raw_core,090111,Coffee; not roasted or decaffeinated,9840552.51,5892.12091,1670.1206,7.453231,10.909423,3,3,ok,ok,0.82,"Export unit value is calculated as SUM(value_usd) / SUM(quantity_ton). Use as a directional competitor benchmark only; it is not a transaction price, invoice price, FOB contract price, margin, or profit. Reporter share fields are shares within Vietnam, Brazil, and Indonesia only, not global destination-market share.",UN Comtrade,https://comtradeapi.un.org/public/v1/preview/C/A/HS?reporterCode=704&flowCode=X&cmdCode=090111&period=2020&includeDesc=true,2026-05-30T19:13:38.772Z
A,2020-01-01,2020,Brazil,BRA,Cayman Isds,CYM,Export,coffee,coffee_raw_core,090111,Coffee; not roasted or decaffeinated,24,0.004,6000,13.015184,63.492063,2,2,ok,low_volume_for_competitor_benchmark,0.55,"Export unit value is calculated as SUM(value_usd) / SUM(quantity_ton). Use as a directional competitor benchmark only; it is not a transaction price, invoice price, FOB contract price, margin, or profit. Reporter share fields are shares within Vietnam, Brazil, and Indonesia only, not global destination-market share. Low-volume destination (< 50 tons); unit value can be unstable.",UN Comtrade,https://comtradeapi.un.org/public/v1/preview/C/A/HS?reporterCode=76&flowCode=X&cmdCode=090111&period=2020&includeDesc=true,2026-05-30T19:13:38.772Z
A,2020-01-01,2020,Indonesia,IDN,Cayman Isds,CYM,Export,coffee,coffee_raw_core,090111,Coffee; not roasted or decaffeinated,160.4,0.0023,69739.130435,86.984816,36.507937,1,1,ok,low_volume_for_competitor_benchmark,0.55,"Export unit value is calculated as SUM(value_usd) / SUM(quantity_ton). Use as a directional competitor benchmark only; it is not a transaction price, invoice price, FOB contract price, margin, or profit. Reporter share fields are shares within Vietnam, Brazil, and Indonesia only, not global destination-market share. Low-volume destination (< 50 tons); unit value can be unstable.",UN Comtrade,https://comtradeapi.un.org/public/v1/preview/C/A/HS?reporterCode=360&flowCode=X&cmdCode=090111&period=2020&includeDesc=true,2026-05-30T19:13:38.772Z
A,2020-01-01,2020,Brazil,BRA,Chile,CHL,Export,coffee,coffee_raw_core,090111,Coffee; not roasted or decaffeinated,15394571,10580.238,1455.03069,96.307087,96.695829,1,2,ok,ok,0.82,"Export unit value is calculated as SUM(value_usd) / SUM(quantity_ton). Use as a directional competitor benchmark only; it is not a transaction price, invoice price, FOB contract price, margin, or profit. Reporter share fields are shares within Vietnam, Brazil, and Indonesia only, not global destination-market share.",UN Comtrade,https://comtradeapi.un.org/public/v1/preview/C/A/HS?reporterCode=76&flowCode=X&cmdCode=090111&period=2020&includeDesc=true,2026-05-30T19:13:38.772Z
A,2020-01-01,2020,Vietnam,VNM,Chile,CHL,Export,coffee,coffee_raw_core,090111,Coffee; not roasted or decaffeinated,590307.718,361.534908,1632.782077,3.692913,3.304171,2,1,ok,ok,0.82,"Export unit value is calculated as SUM(value_usd) / SUM(quantity_ton). Use as a directional competitor benchmark only; it is not a transaction price, invoice price, FOB contract price, margin, or profit. Reporter share fields are shares within Vietnam, Brazil, and Indonesia only, not global destination-market share.",UN Comtrade,https://comtradeapi.un.org/public/v1/preview/C/A/HS?reporterCode=704&flowCode=X&cmdCode=090111&period=2020&includeDesc=true,2026-05-30T19:13:38.772Z
A,2020-01-01,2020,Brazil,BRA,China,CHN,Export,coffee,coffee_raw_core,090111,Coffee; not roasted or decaffeinated,24506102,9726.033,2519.640022,33.850907,26.087387,2,2,ok,ok,0.82,"Export unit value is calculated as SUM(value_usd) / SUM(quantity_ton). Use as a directional competitor benchmark only; it is not a transaction price, invoice price, FOB contract price, margin, or profit. Reporter share fields are shares within Vietnam, Brazil, and Indonesia only, not global destination-market share.",UN Comtrade,https://comtradeapi.un.org/public/v1/preview/C/A/HS?reporterCode=76&flowCode=X&cmdCode=090111&period=2020&includeDesc=true,2026-05-30T19:13:38.772Z
A,2020-01-01,2020,Indonesia,IDN,China,CHN,Export,coffee,coffee_raw_core,090111,Coffee; not roasted or decaffeinated,12311157.071,3998.35357,3079.056631,17.005717,10.724475,3,1,ok,ok,0.82,"Export unit value is calculated as SUM(value_usd) / SUM(quantity_ton). Use as a directional competitor benchmark only; it is not a transaction price, invoice price, FOB contract price, margin, or profit. Reporter share fields are shares within Vietnam, Brazil, and Indonesia only, not global destination-market share.",UN Comtrade,https://comtradeapi.un.org/public/v1/preview/C/A/HS?reporterCode=360&flowCode=X&cmdCode=090111&period=2020&includeDesc=true,2026-05-30T19:13:38.772Z
A,2020-01-01,2020,Vietnam,VNM,China,CHN,Export,coffee,coffee_raw_core,090111,Coffee; not roasted or decaffeinated,35576966.828,23558.1244,1510.178239,49.143376,63.188138,1,3,ok,ok,0.82,"Export unit value is calculated as SUM(value_usd) / SUM(quantity_ton). Use as a directional competitor benchmark only; it is not a transaction price, invoice price, FOB contract price, margin, or profit. Reporter share fields are shares within Vietnam, Brazil, and Indonesia only, not global destination-market share.",UN Comtrade,https://comtradeapi.un.org/public/v1/preview/C/A/HS?reporterCode=704&flowCode=X&cmdCode=090111&period=2020&includeDesc=true,2026-05-30T19:13:38.772Z
A,2020-01-01,2020,Brazil,BRA,"China, Hong Kong SAR",HKG,Export,coffee,coffee_raw_core,090111,Coffee; not roasted or decaffeinated,1924925,819.48,2348.959096,40.145308,34.570389,1,1,ok,ok,0.82,"Export unit value is calculated as SUM(value_usd) / SUM(quantity_ton). Use as a directional competitor benchmark only; it is not a transaction price, invoice price, FOB contract price, margin, or profit. Reporter share fields are shares within Vietnam, Brazil, and Indonesia only, not global destination-market share.",UN Comtrade,https://comtradeapi.un.org/public/v1/preview/C/A/HS?reporterCode=76&flowCode=X&cmdCode=090111&period=2020&includeDesc=true,2026-05-30T19:13:38.772Z
A,2020-01-01,2020,Indonesia,IDN,"China, Hong Kong SAR",HKG,Export,coffee,coffee_raw_core,090111,Coffee; not roasted or decaffeinated,1800570.483,915.12516,1967.567456,37.55183,38.605254,2,2,ok,ok,0.82,"Export unit value is calculated as SUM(value_usd) / SUM(quantity_ton). Use as a directional competitor benchmark only; it is not a transaction price, invoice price, FOB contract price, margin, or profit. Reporter share fields are shares within Vietnam, Brazil, and Indonesia only, not global destination-market share.",UN Comtrade,https://comtradeapi.un.org/public/v1/preview/C/A/HS?reporterCode=360&flowCode=X&cmdCode=090111&period=2020&includeDesc=true,2026-05-30T19:13:38.772Z
A,2020-01-01,2020,Vietnam,VNM,"China, Hong Kong SAR",HKG,Export,coffee,coffee_raw_core,090111,Coffee; not roasted or decaffeinated,1069398.603,635.862781,1681.8072,22.302862,26.824357,3,3,ok,ok,0.82,"Export unit value is calculated as SUM(value_usd) / SUM(quantity_ton). Use as a directional competitor benchmark only; it is not a transaction price, invoice price, FOB contract price, margin, or profit. Reporter share fields are shares within Vietnam, Brazil, and Indonesia only, not global destination-market share.",UN Comtrade,https://comtradeapi.un.org/public/v1/preview/C/A/HS?reporterCode=704&flowCode=X&cmdCode=090111&period=2020&includeDesc=true,2026-05-30T19:13:38.772Z
A,2020-01-01,2020,Brazil,BRA,"China, Macao SAR",MAC,Export,coffee,coffee_raw_core,090111,Coffee; not roasted or decaffeinated,75209,37.76,1991.763771,69.611536,66.292135,1,1,ok,low_volume_for_competitor_benchmark,0.55,"Export unit value is calculated as SUM(value_usd) / SUM(quantity_ton). Use as a directional competitor benchmark only; it is not a transaction price, invoice price, FOB contract price, margin, or profit. Reporter share fields are shares within Vietnam, Brazil, and Indonesia only, not global destination-market share. Low-volume destination (< 50 tons); unit value can be unstable.",UN Comtrade,https://comtradeapi.un.org/public/v1/preview/C/A/HS?reporterCode=76&flowCode=X&cmdCode=090111&period=2020&includeDesc=true,2026-05-30T19:13:38.772Z
A,2020-01-01,2020,Indonesia,IDN,"China, Macao SAR",MAC,Export,coffee,coffee_raw_core,090111,Coffee; not roasted or decaffeinated,32832,19.2,1710,30.388464,33.707865,2,2,ok,low_volume_for_competitor_benchmark,0.55,"Export unit value is calculated as SUM(value_usd) / SUM(quantity_ton). Use as a directional competitor benchmark only; it is not a transaction price, invoice price, FOB contract price, margin, or profit. Reporter share fields are shares within Vietnam, Brazil, and Indonesia only, not global destination-market share. Low-volume destination (< 50 tons); unit value can be unstable.",UN Comtrade,https://comtradeapi.un.org/public/v1/preview/C/A/HS?reporterCode=360&flowCode=X&cmdCode=090111&period=2020&includeDesc=true,2026-05-30T19:13:38.772Z
A,2020-01-01,2020,Brazil,BRA,Colombia,COL,Export,coffee,coffee_raw_core,090111,Coffee; not roasted or decaffeinated,65394864,42824.341,1527.048928,100,100,1,1,ok,ok,0.82,"Export unit value is calculated as SUM(value_usd) / SUM(quantity_ton). Use as a directional competitor benchmark only; it is not a transaction price, invoice price, FOB contract price, margin, or profit. Reporter share fields are shares within Vietnam, Brazil, and Indonesia only, not global destination-market share.",UN Comtrade,https://comtradeapi.un.org/public/v1/preview/C/A/HS?reporterCode=76&flowCode=X&cmdCode=090111&period=2020&includeDesc=true,2026-05-30T19:13:38.772Z
A,2020-01-01,2020,Brazil,BRA,Costa Rica,CRI,Export,coffee,coffee_raw_core,090111,Coffee; not roasted or decaffeinated,510706,299.85,1703.204936,100,100,1,1,ok,ok,0.82,"Export unit value is calculated as SUM(value_usd) / SUM(quantity_ton). Use as a directional competitor benchmark only; it is not a transaction price, invoice price, FOB contract price, margin, or profit. Reporter share fields are shares within Vietnam, Brazil, and Indonesia only, not global destination-market share.",UN Comtrade,https://comtradeapi.un.org/public/v1/preview/C/A/HS?reporterCode=76&flowCode=X&cmdCode=090111&period=2020&includeDesc=true,2026-05-30T19:13:38.772Z
A,2020-01-01,2020,Brazil,BRA,Croatia,HRV,Export,coffee,coffee_raw_core,090111,Coffee; not roasted or decaffeinated,20507969,11967.755,1713.602008,87.600612,86.0611,1,1,ok,ok,0.82,"Export unit value is calculated as SUM(value_usd) / SUM(quantity_ton). Use as a directional competitor benchmark only; it is not a transaction price, invoice price, FOB contract price, margin, or profit. Reporter share fields are shares within Vietnam, Brazil, and Indonesia only, not global destination-market share.",UN Comtrade,https://comtradeapi.un.org/public/v1/preview/C/A/HS?reporterCode=76&flowCode=X&cmdCode=090111&period=2020&includeDesc=true,2026-05-30T19:13:38.772Z
A,2020-01-01,2020,Vietnam,VNM,Croatia,HRV,Export,coffee,coffee_raw_core,090111,Coffee; not roasted or decaffeinated,2902790.92,1938.359436,1497.550385,12.399388,13.9389,2,2,ok,ok,0.82,"Export unit value is calculated as SUM(value_usd) / SUM(quantity_ton). Use as a directional competitor benchmark only; it is not a transaction price, invoice price, FOB contract price, margin, or profit. Reporter share fields are shares within Vietnam, Brazil, and Indonesia only, not global destination-market share.",UN Comtrade,https://comtradeapi.un.org/public/v1/preview/C/A/HS?reporterCode=704&flowCode=X&cmdCode=090111&period=2020&includeDesc=true,2026-05-30T19:13:38.772Z
A,2020-01-01,2020,Brazil,BRA,Cuba,CUB,Export,coffee,coffee_raw_core,090111,Coffee; not roasted or decaffeinated,3297192,1924.001,1713.716365,100,100,1,1,ok,ok,0.82,"Export unit value is calculated as SUM(value_usd) / SUM(quantity_ton). Use as a directional competitor benchmark only; it is not a transaction price, invoice price, FOB contract price, margin, or profit. Reporter share fields are shares within Vietnam, Brazil, and Indonesia only, not global destination-market share.",UN Comtrade,https://comtradeapi.un.org/public/v1/preview/C/A/HS?reporterCode=76&flowCode=X&cmdCode=090111&period=2020&includeDesc=true,2026-05-30T19:13:38.772Z
A,2020-01-01,2020,Brazil,BRA,Cyprus,CYP,Export,coffee,coffee_raw_core,090111,Coffee; not roasted or decaffeinated,2947343,1505.308,1957.966742,99.998643,99.999734,1,2,ok,ok,0.82,"Export unit value is calculated as SUM(value_usd) / SUM(quantity_ton). Use as a directional competitor benchmark only; it is not a transaction price, invoice price, FOB contract price, margin, or profit. Reporter share fields are shares within Vietnam, Brazil, and Indonesia only, not global destination-market share.",UN Comtrade,https://comtradeapi.un.org/public/v1/preview/C/A/HS?reporterCode=76&flowCode=X&cmdCode=090111&period=2020&includeDesc=true,2026-05-30T19:13:38.772Z
A,2020-01-01,2020,Indonesia,IDN,Cyprus,CYP,Export,coffee,coffee_raw_core,090111,Coffee; not roasted or decaffeinated,40,0.004,10000,0.001357,0.000266,2,1,ok,low_volume_for_competitor_benchmark,0.55,"Export unit value is calculated as SUM(value_usd) / SUM(quantity_ton). Use as a directional competitor benchmark only; it is not a transaction price, invoice price, FOB contract price, margin, or profit. Reporter share fields are shares within Vietnam, Brazil, and Indonesia only, not global destination-market share. Low-volume destination (< 50 tons); unit value can be unstable.",UN Comtrade,https://comtradeapi.un.org/public/v1/preview/C/A/HS?reporterCode=360&flowCode=X&cmdCode=090111&period=2020&includeDesc=true,2026-05-30T19:13:38.772Z
A,2020-01-01,2020,Brazil,BRA,Czechia,CZE,Export,coffee,coffee_raw_core,090111,Coffee; not roasted or decaffeinated,346021,134.52,2572.264347,16.649277,10.686743,2,2,ok,ok,0.82,"Export unit value is calculated as SUM(value_usd) / SUM(quantity_ton). Use as a directional competitor benchmark only; it is not a transaction price, invoice price, FOB contract price, margin, or profit. Reporter share fields are shares within Vietnam, Brazil, and Indonesia only, not global destination-market share.",UN Comtrade,https://comtradeapi.un.org/public/v1/preview/C/A/HS?reporterCode=76&flowCode=X&cmdCode=090111&period=2020&includeDesc=true,2026-05-30T19:13:38.772Z
A,2020-01-01,2020,Indonesia,IDN,Czechia,CZE,Export,coffee,coffee_raw_core,090111,Coffee; not roasted or decaffeinated,1848,0.374,4941.176471,0.088919,0.029712,3,1,ok,low_volume_for_competitor_benchmark,0.55,"Export unit value is calculated as SUM(value_usd) / SUM(quantity_ton). Use as a directional competitor benchmark only; it is not a transaction price, invoice price, FOB contract price, margin, or profit. Reporter share fields are shares within Vietnam, Brazil, and Indonesia only, not global destination-market share. Low-volume destination (< 50 tons); unit value can be unstable.",UN Comtrade,https://comtradeapi.un.org/public/v1/preview/C/A/HS?reporterCode=360&flowCode=X&cmdCode=090111&period=2020&includeDesc=true,2026-05-30T19:13:38.772Z
A,2020-01-01,2020,Vietnam,VNM,Czechia,CZE,Export,coffee,coffee_raw_core,090111,Coffee; not roasted or decaffeinated,1730425.4,1123.861782,1539.713715,83.261804,89.283545,1,3,ok,ok,0.82,"Export unit value is calculated as SUM(value_usd) / SUM(quantity_ton). Use as a directional competitor benchmark only; it is not a transaction price, invoice price, FOB contract price, margin, or profit. Reporter share fields are shares within Vietnam, Brazil, and Indonesia only, not global destination-market share.",UN Comtrade,https://comtradeapi.un.org/public/v1/preview/C/A/HS?reporterCode=704&flowCode=X&cmdCode=090111&period=2020&includeDesc=true,2026-05-30T19:13:38.772Z
A,2020-01-01,2020,Brazil,BRA,Denmark,DNK,Export,coffee,coffee_raw_core,090111,Coffee; not roasted or decaffeinated,9402508,4146.184,2267.749815,76.919892,72.202613,1,2,ok,ok,0.82,"Export unit value is calculated as SUM(value_usd) / SUM(quantity_ton). Use as a directional competitor benchmark only; it is not a transaction price, invoice price, FOB contract price, margin, or profit. Reporter share fields are shares within Vietnam, Brazil, and Indonesia only, not global destination-market share.",UN Comtrade,https://comtradeapi.un.org/public/v1/preview/C/A/HS?reporterCode=76&flowCode=X&cmdCode=090111&period=2020&includeDesc=true,2026-05-30T19:13:38.772Z
A,2020-01-01,2020,Indonesia,IDN,Denmark,DNK,Export,coffee,coffee_raw_core,090111,Coffee; not roasted or decaffeinated,403639.028,75.53,5344.088812,3.302084,1.315297,3,1,ok,ok,0.82,"Export unit value is calculated as SUM(value_usd) / SUM(quantity_ton). Use as a directional competitor benchmark only; it is not a transaction price, invoice price, FOB contract price, margin, or profit. Reporter share fields are shares within Vietnam, Brazil, and Indonesia only, not global destination-market share.",UN Comtrade,https://comtradeapi.un.org/public/v1/preview/C/A/HS?reporterCode=360&flowCode=X&cmdCode=090111&period=2020&includeDesc=true,2026-05-30T19:13:38.772Z
A,2020-01-01,2020,Vietnam,VNM,Denmark,DNK,Export,coffee,coffee_raw_core,090111,Coffee; not roasted or decaffeinated,2417619.45,1520.71529,1589.790979,19.778024,26.48209,2,3,ok,ok,0.82,"Export unit value is calculated as SUM(value_usd) / SUM(quantity_ton). Use as a directional competitor benchmark only; it is not a transaction price, invoice price, FOB contract price, margin, or profit. Reporter share fields are shares within Vietnam, Brazil, and Indonesia only, not global destination-market share.",UN Comtrade,https://comtradeapi.un.org/public/v1/preview/C/A/HS?reporterCode=704&flowCode=X&cmdCode=090111&period=2020&includeDesc=true,2026-05-30T19:13:38.772Z
A,2020-01-01,2020,Brazil,BRA,Dominican Rep.,DOM,Export,coffee,coffee_raw_core,090111,Coffee; not roasted or decaffeinated,9634566,4680.8,2058.3161,61.159709,52.989493,1,1,ok,ok,0.82,"Export unit value is calculated as SUM(value_usd) / SUM(quantity_ton). Use as a directional competitor benchmark only; it is not a transaction price, invoice price, FOB contract price, margin, or profit. Reporter share fields are shares within Vietnam, Brazil, and Indonesia only, not global destination-market share.",UN Comtrade,https://comtradeapi.un.org/public/v1/preview/C/A/HS?reporterCode=76&flowCode=X&cmdCode=090111&period=2020&includeDesc=true,2026-05-30T19:13:38.772Z
A,2020-01-01,2020,Vietnam,VNM,Dominican Rep.,DOM,Export,coffee,coffee_raw_core,090111,Coffee; not roasted or decaffeinated,6118560.038,4152.649259,1473.411227,38.840291,47.010507,2,2,ok,ok,0.82,"Export unit value is calculated as SUM(value_usd) / SUM(quantity_ton). Use as a directional competitor benchmark only; it is not a transaction price, invoice price, FOB contract price, margin, or profit. Reporter share fields are shares within Vietnam, Brazil, and Indonesia only, not global destination-market share.",UN Comtrade,https://comtradeapi.un.org/public/v1/preview/C/A/HS?reporterCode=704&flowCode=X&cmdCode=090111&period=2020&includeDesc=true,2026-05-30T19:13:38.772Z
A,2020-01-01,2020,Brazil,BRA,Ecuador,ECU,Export,coffee,coffee_raw_core,090111,Coffee; not roasted or decaffeinated,6409826,5196.8,1233.417873,30.722136,35.491839,2,3,ok,ok,0.82,"Export unit value is calculated as SUM(value_usd) / SUM(quantity_ton). Use as a directional competitor benchmark only; it is not a transaction price, invoice price, FOB contract price, margin, or profit. Reporter share fields are shares within Vietnam, Brazil, and Indonesia only, not global destination-market share.",UN Comtrade,https://comtradeapi.un.org/public/v1/preview/C/A/HS?reporterCode=76&flowCode=X&cmdCode=090111&period=2020&includeDesc=true,2026-05-30T19:13:38.772Z
A,2020-01-01,2020,Indonesia,IDN,Ecuador,ECU,Export,coffee,coffee_raw_core,090111,Coffee; not roasted or decaffeinated,1008000,720,1400,4.831319,4.917281,3,2,ok,ok,0.82,"Export unit value is calculated as SUM(value_usd) / SUM(quantity_ton). Use as a directional competitor benchmark only; it is not a transaction price, invoice price, FOB contract price, margin, or profit. Reporter share fields are shares within Vietnam, Brazil, and Indonesia only, not global destination-market share.",UN Comtrade,https://comtradeapi.un.org/public/v1/preview/C/A/HS?reporterCode=360&flowCode=X&cmdCode=090111&period=2020&includeDesc=true,2026-05-30T19:13:38.772Z
A,2020-01-01,2020,Vietnam,VNM,Ecuador,ECU,Export,coffee,coffee_raw_core,090111,Coffee; not roasted or decaffeinated,13446042.4,8725.43934,1541.016088,64.446545,59.59088,1,1,ok,ok,0.82,"Export unit value is calculated as SUM(value_usd) / SUM(quantity_ton). Use as a directional competitor benchmark only; it is not a transaction price, invoice price, FOB contract price, margin, or profit. Reporter share fields are shares within Vietnam, Brazil, and Indonesia only, not global destination-market share.",UN Comtrade,https://comtradeapi.un.org/public/v1/preview/C/A/HS?reporterCode=704&flowCode=X&cmdCode=090111&period=2020&includeDesc=true,2026-05-30T19:13:38.772Z
A,2020-01-01,2020,Brazil,BRA,Egypt,EGY,Export,coffee,coffee_raw_core,090111,Coffee; not roasted or decaffeinated,10630106,5931.761,1792.065796,12.76481,12.00844,3,1,ok,ok,0.82,"Export unit value is calculated as SUM(value_usd) / SUM(quantity_ton). Use as a directional competitor benchmark only; it is not a transaction price, invoice price, FOB contract price, margin, or profit. Reporter share fields are shares within Vietnam, Brazil, and Indonesia only, not global destination-market share.",UN Comtrade,https://comtradeapi.un.org/public/v1/preview/C/A/HS?reporterCode=76&flowCode=X&cmdCode=090111&period=2020&includeDesc=true,2026-05-30T19:13:38.772Z
A,2020-01-01,2020,Indonesia,IDN,Egypt,EGY,Export,coffee,coffee_raw_core,090111,Coffee; not roasted or decaffeinated,55022964.662,32536.712,1691.104026,66.072501,65.868324,1,2,ok,ok,0.82,"Export unit value is calculated as SUM(value_usd) / SUM(quantity_ton). Use as a directional competitor benchmark only; it is not a transaction price, invoice price, FOB contract price, margin, or profit. Reporter share fields are shares within Vietnam, Brazil, and Indonesia only, not global destination-market share.",UN Comtrade,https://comtradeapi.un.org/public/v1/preview/C/A/HS?reporterCode=360&flowCode=X&cmdCode=090111&period=2020&includeDesc=true,2026-05-30T19:13:38.772Z
A,2020-01-01,2020,Vietnam,VNM,Egypt,EGY,Export,coffee,coffee_raw_core,090111,Coffee; not roasted or decaffeinated,17623578.206,10928.126079,1612.680717,21.162689,22.123236,2,3,ok,ok,0.82,"Export unit value is calculated as SUM(value_usd) / SUM(quantity_ton). Use as a directional competitor benchmark only; it is not a transaction price, invoice price, FOB contract price, margin, or profit. Reporter share fields are shares within Vietnam, Brazil, and Indonesia only, not global destination-market share.",UN Comtrade,https://comtradeapi.un.org/public/v1/preview/C/A/HS?reporterCode=704&flowCode=X&cmdCode=090111&period=2020&includeDesc=true,2026-05-30T19:13:38.772Z
A,2020-01-01,2020,Brazil,BRA,Estonia,EST,Export,coffee,coffee_raw_core,090111,Coffee; not roasted or decaffeinated,809253,471.175,1717.521091,85.693982,86.446673,1,2,ok,ok,0.82,"Export unit value is calculated as SUM(value_usd) / SUM(quantity_ton). Use as a directional competitor benchmark only; it is not a transaction price, invoice price, FOB contract price, margin, or profit. Reporter share fields are shares within Vietnam, Brazil, and Indonesia only, not global destination-market share.",UN Comtrade,https://comtradeapi.un.org/public/v1/preview/C/A/HS?reporterCode=76&flowCode=X&cmdCode=090111&period=2020&includeDesc=true,2026-05-30T19:13:38.772Z
A,2020-01-01,2020,Vietnam,VNM,Estonia,EST,Export,coffee,coffee_raw_core,090111,Coffee; not roasted or decaffeinated,135099.2,73.872,1828.828243,14.306018,13.553327,2,1,ok,ok,0.82,"Export unit value is calculated as SUM(value_usd) / SUM(quantity_ton). Use as a directional competitor benchmark only; it is not a transaction price, invoice price, FOB contract price, margin, or profit. Reporter share fields are shares within Vietnam, Brazil, and Indonesia only, not global destination-market share.",UN Comtrade,https://comtradeapi.un.org/public/v1/preview/C/A/HS?reporterCode=704&flowCode=X&cmdCode=090111&period=2020&includeDesc=true,2026-05-30T19:13:38.772Z
A,2020-01-01,2020,Brazil,BRA,Finland,FIN,Export,coffee,coffee_raw_core,090111,Coffee; not roasted or decaffeinated,66103206,27075.33,2441.455229,95.15249,93.286769,1,2,ok,ok,0.82,"Export unit value is calculated as SUM(value_usd) / SUM(quantity_ton). Use as a directional competitor benchmark only; it is not a transaction price, invoice price, FOB contract price, margin, or profit. Reporter share fields are shares within Vietnam, Brazil, and Indonesia only, not global destination-market share.",UN Comtrade,https://comtradeapi.un.org/public/v1/preview/C/A/HS?reporterCode=76&flowCode=X&cmdCode=090111&period=2020&includeDesc=true,2026-05-30T19:13:38.772Z
A,2020-01-01,2020,Indonesia,IDN,Finland,FIN,Export,coffee,coffee_raw_core,090111,Coffee; not roasted or decaffeinated,480849.43,153.605,3130.428241,0.69216,0.529239,3,1,ok,ok,0.82,"Export unit value is calculated as SUM(value_usd) / SUM(quantity_ton). Use as a directional competitor benchmark only; it is not a transaction price, invoice price, FOB contract price, margin, or profit. Reporter share fields are shares within Vietnam, Brazil, and Indonesia only, not global destination-market share.",UN Comtrade,https://comtradeapi.un.org/public/v1/preview/C/A/HS?reporterCode=360&flowCode=X&cmdCode=090111&period=2020&includeDesc=true,2026-05-30T19:13:38.772Z
A,2020-01-01,2020,Vietnam,VNM,Finland,FIN,Export,coffee,coffee_raw_core,090111,Coffee; not roasted or decaffeinated,2886754.78,1794.827117,1608.374842,4.155349,6.183992,2,3,ok,ok,0.82,"Export unit value is calculated as SUM(value_usd) / SUM(quantity_ton). Use as a directional competitor benchmark only; it is not a transaction price, invoice price, FOB contract price, margin, or profit. Reporter share fields are shares within Vietnam, Brazil, and Indonesia only, not global destination-market share.",UN Comtrade,https://comtradeapi.un.org/public/v1/preview/C/A/HS?reporterCode=704&flowCode=X&cmdCode=090111&period=2020&includeDesc=true,2026-05-30T19:13:38.772Z
A,2020-01-01,2020,Brazil,BRA,France,FRA,Export,coffee,coffee_raw_core,090111,Coffee; not roasted or decaffeinated,104674292,49754.211,2103.827795,74.156493,68.285202,1,1,ok,ok,0.82,"Export unit value is calculated as SUM(value_usd) / SUM(quantity_ton). Use as a directional competitor benchmark only; it is not a transaction price, invoice price, FOB contract price, margin, or profit. Reporter share fields are shares within Vietnam, Brazil, and Indonesia only, not global destination-market share.",UN Comtrade,https://comtradeapi.un.org/public/v1/preview/C/A/HS?reporterCode=76&flowCode=X&cmdCode=090111&period=2020&includeDesc=true,2026-05-30T19:13:38.772Z
A,2020-01-01,2020,Indonesia,IDN,France,FRA,Export,coffee,coffee_raw_core,090111,Coffee; not roasted or decaffeinated,7715989.7,4376.422,1763.081737,5.466392,6.006423,3,2,ok,ok,0.82,"Export unit value is calculated as SUM(value_usd) / SUM(quantity_ton). Use as a directional competitor benchmark only; it is not a transaction price, invoice price, FOB contract price, margin, or profit. Reporter share fields are shares within Vietnam, Brazil, and Indonesia only, not global destination-market share.",UN Comtrade,https://comtradeapi.un.org/public/v1/preview/C/A/HS?reporterCode=360&flowCode=X&cmdCode=090111&period=2020&includeDesc=true,2026-05-30T19:13:38.772Z
A,2020-01-01,2020,Vietnam,VNM,France,FRA,Export,coffee,coffee_raw_core,090111,Coffee; not roasted or decaffeinated,28762956.679,18731.72861,1535.520681,20.377114,25.708374,2,3,ok,ok,0.82,"Export unit value is calculated as SUM(value_usd) / SUM(quantity_ton). Use as a directional competitor benchmark only; it is not a transaction price, invoice price, FOB contract price, margin, or profit. Reporter share fields are shares within Vietnam, Brazil, and Indonesia only, not global destination-market share.",UN Comtrade,https://comtradeapi.un.org/public/v1/preview/C/A/HS?reporterCode=704&flowCode=X&cmdCode=090111&period=2020&includeDesc=true,2026-05-30T19:13:38.772Z
A,2020-01-01,2020,Brazil,BRA,Georgia,GEO,Export,coffee,coffee_raw_core,090111,Coffee; not roasted or decaffeinated,255070,153.6,1660.611979,1.254716,1.19055,2,1,ok,ok,0.82,"Export unit value is calculated as SUM(value_usd) / SUM(quantity_ton). Use as a directional competitor benchmark only; it is not a transaction price, invoice price, FOB contract price, margin, or profit. Reporter share fields are shares within Vietnam, Brazil, and Indonesia only, not global destination-market share.",UN Comtrade,https://comtradeapi.un.org/public/v1/preview/C/A/HS?reporterCode=76&flowCode=X&cmdCode=090111&period=2020&includeDesc=true,2026-05-30T19:13:38.772Z
A,2020-01-01,2020,Indonesia,IDN,Georgia,GEO,Export,coffee,coffee_raw_core,090111,Coffee; not roasted or decaffeinated,20073840.06,12748,1574.665835,98.745284,98.80945,1,2,ok,ok,0.82,"Export unit value is calculated as SUM(value_usd) / SUM(quantity_ton). Use as a directional competitor benchmark only; it is not a transaction price, invoice price, FOB contract price, margin, or profit. Reporter share fields are shares within Vietnam, Brazil, and Indonesia only, not global destination-market share.",UN Comtrade,https://comtradeapi.un.org/public/v1/preview/C/A/HS?reporterCode=360&flowCode=X&cmdCode=090111&period=2020&includeDesc=true,2026-05-30T19:13:38.772Z
A,2020-01-01,2020,Brazil,BRA,Germany,DEU,Export,coffee,coffee_raw_core,090111,Coffee; not roasted or decaffeinated,965856265,441014.057,2190.080451,72.068954,65.382261,1,2,ok,ok,0.82,"Export unit value is calculated as SUM(value_usd) / SUM(quantity_ton). Use as a directional competitor benchmark only; it is not a transaction price, invoice price, FOB contract price, margin, or profit. Reporter share fields are shares within Vietnam, Brazil, and Indonesia only, not global destination-market share.",UN Comtrade,https://comtradeapi.un.org/public/v1/preview/C/A/HS?reporterCode=76&flowCode=X&cmdCode=090111&period=2020&includeDesc=true,2026-05-30T19:13:38.772Z
A,2020-01-01,2020,Indonesia,IDN,Germany,DEU,Export,coffee,coffee_raw_core,090111,Coffee; not roasted or decaffeinated,49533538.96,21320.75909,2323.254006,3.696026,3.160896,3,1,ok,ok,0.82,"Export unit value is calculated as SUM(value_usd) / SUM(quantity_ton). Use as a directional competitor benchmark only; it is not a transaction price, invoice price, FOB contract price, margin, or profit. Reporter share fields are shares within Vietnam, Brazil, and Indonesia only, not global destination-market share.",UN Comtrade,https://comtradeapi.un.org/public/v1/preview/C/A/HS?reporterCode=360&flowCode=X&cmdCode=090111&period=2020&includeDesc=true,2026-05-30T19:13:38.772Z
A,2020-01-01,2020,Vietnam,VNM,Germany,DEU,Export,coffee,coffee_raw_core,090111,Coffee; not roasted or decaffeinated,324793743.384,212181.556967,1530.735037,24.235019,31.456843,2,3,ok,ok,0.82,"Export unit value is calculated as SUM(value_usd) / SUM(quantity_ton). Use as a directional competitor benchmark only; it is not a transaction price, invoice price, FOB contract price, margin, or profit. Reporter share fields are shares within Vietnam, Brazil, and Indonesia only, not global destination-market share.",UN Comtrade,https://comtradeapi.un.org/public/v1/preview/C/A/HS?reporterCode=704&flowCode=X&cmdCode=090111&period=2020&includeDesc=true,2026-05-30T19:13:38.772Z
A,2020-01-01,2020,Brazil,BRA,Greece,GRC,Export,coffee,coffee_raw_core,090111,Coffee; not roasted or decaffeinated,63641339,31900.915541,1994.969045,76.835988,72.145716,1,1,ok,ok,0.82,"Export unit value is calculated as SUM(value_usd) / SUM(quantity_ton). Use as a directional competitor benchmark only; it is not a transaction price, invoice price, FOB contract price, margin, or profit. Reporter share fields are shares within Vietnam, Brazil, and Indonesia only, not global destination-market share.",UN Comtrade,https://comtradeapi.un.org/public/v1/preview/C/A/HS?reporterCode=76&flowCode=X&cmdCode=090111&period=2020&includeDesc=true,2026-05-30T19:13:38.772Z
A,2020-01-01,2020,Indonesia,IDN,Greece,GRC,Export,coffee,coffee_raw_core,090111,Coffee; not roasted or decaffeinated,3095340.52,1975.8,1566.62644,3.737092,4.468383,3,2,ok,ok,0.82,"Export unit value is calculated as SUM(value_usd) / SUM(quantity_ton). Use as a directional competitor benchmark only; it is not a transaction price, invoice price, FOB contract price, margin, or profit. Reporter share fields are shares within Vietnam, Brazil, and Indonesia only, not global destination-market share.",UN Comtrade,https://comtradeapi.un.org/public/v1/preview/C/A/HS?reporterCode=360&flowCode=X&cmdCode=090111&period=2020&includeDesc=true,2026-05-30T19:13:38.772Z
A,2020-01-01,2020,Vietnam,VNM,Greece,GRC,Export,coffee,coffee_raw_core,090111,Coffee; not roasted or decaffeinated,16090834.993,10340.623092,1556.079827,19.42692,23.385901,2,3,ok,ok,0.82,"Export unit value is calculated as SUM(value_usd) / SUM(quantity_ton). Use as a directional competitor benchmark only; it is not a transaction price, invoice price, FOB contract price, margin, or profit. Reporter share fields are shares within Vietnam, Brazil, and Indonesia only, not global destination-market share.",UN Comtrade,https://comtradeapi.un.org/public/v1/preview/C/A/HS?reporterCode=704&flowCode=X&cmdCode=090111&period=2020&includeDesc=true,2026-05-30T19:13:38.772Z
A,2020-01-01,2020,Brazil,BRA,Guatemala,GTM,Export,coffee,coffee_raw_core,090111,Coffee; not roasted or decaffeinated,9738,0.5,19476,100,100,1,1,ok,low_volume_for_competitor_benchmark,0.55,"Export unit value is calculated as SUM(value_usd) / SUM(quantity_ton). Use as a directional competitor benchmark only; it is not a transaction price, invoice price, FOB contract price, margin, or profit. Reporter share fields are shares within Vietnam, Brazil, and Indonesia only, not global destination-market share. Low-volume destination (< 50 tons); unit value can be unstable.",UN Comtrade,https://comtradeapi.un.org/public/v1/preview/C/A/HS?reporterCode=76&flowCode=X&cmdCode=090111&period=2020&includeDesc=true,2026-05-30T19:13:38.772Z
A,2020-01-01,2020,Brazil,BRA,Iceland,ISL,Export,coffee,coffee_raw_core,090111,Coffee; not roasted or decaffeinated,853082,357.239,2387.986754,92.216906,95.970331,1,2,ok,ok,0.82,"Export unit value is calculated as SUM(value_usd) / SUM(quantity_ton). Use as a directional competitor benchmark only; it is not a transaction price, invoice price, FOB contract price, margin, or profit. Reporter share fields are shares within Vietnam, Brazil, and Indonesia only, not global destination-market share.",UN Comtrade,https://comtradeapi.un.org/public/v1/preview/C/A/HS?reporterCode=76&flowCode=X&cmdCode=090111&period=2020&includeDesc=true,2026-05-30T19:13:38.772Z
A,2020-01-01,2020,Indonesia,IDN,Iceland,ISL,Export,coffee,coffee_raw_core,090111,Coffee; not roasted or decaffeinated,72000,15,4800,7.783094,4.029669,2,1,ok,low_volume_for_competitor_benchmark,0.55,"Export unit value is calculated as SUM(value_usd) / SUM(quantity_ton). Use as a directional competitor benchmark only; it is not a transaction price, invoice price, FOB contract price, margin, or profit. Reporter share fields are shares within Vietnam, Brazil, and Indonesia only, not global destination-market share. Low-volume destination (< 50 tons); unit value can be unstable.",UN Comtrade,https://comtradeapi.un.org/public/v1/preview/C/A/HS?reporterCode=360&flowCode=X&cmdCode=090111&period=2020&includeDesc=true,2026-05-30T19:13:38.772Z
A,2020-01-01,2020,Brazil,BRA,India,IND,Export,coffee,coffee_raw_core,090111,Coffee; not roasted or decaffeinated,3847056,3132.06,1228.282983,6.732615,7.284674,3,3,ok,ok,0.82,"Export unit value is calculated as SUM(value_usd) / SUM(quantity_ton). Use as a directional competitor benchmark only; it is not a transaction price, invoice price, FOB contract price, margin, or profit. Reporter share fields are shares within Vietnam, Brazil, and Indonesia only, not global destination-market share.",UN Comtrade,https://comtradeapi.un.org/public/v1/preview/C/A/HS?reporterCode=76&flowCode=X&cmdCode=090111&period=2020&includeDesc=true,2026-05-30T19:13:38.772Z
A,2020-01-01,2020,Indonesia,IDN,India,IND,Export,coffee,coffee_raw_core,090111,Coffee; not roasted or decaffeinated,24567940.86,19997.95,1228.522967,42.995601,46.512055,2,2,ok,ok,0.82,"Export unit value is calculated as SUM(value_usd) / SUM(quantity_ton). Use as a directional competitor benchmark only; it is not a transaction price, invoice price, FOB contract price, margin, or profit. Reporter share fields are shares within Vietnam, Brazil, and Indonesia only, not global destination-market share.",UN Comtrade,https://comtradeapi.un.org/public/v1/preview/C/A/HS?reporterCode=360&flowCode=X&cmdCode=090111&period=2020&includeDesc=true,2026-05-30T19:13:38.772Z
A,2020-01-01,2020,Vietnam,VNM,India,IND,Export,coffee,coffee_raw_core,090111,Coffee; not roasted or decaffeinated,28725594.449,19865.187916,1446.026817,50.271784,46.203271,1,1,ok,ok,0.82,"Export unit value is calculated as SUM(value_usd) / SUM(quantity_ton). Use as a directional competitor benchmark only; it is not a transaction price, invoice price, FOB contract price, margin, or profit. Reporter share fields are shares within Vietnam, Brazil, and Indonesia only, not global destination-market share.",UN Comtrade,https://comtradeapi.un.org/public/v1/preview/C/A/HS?reporterCode=704&flowCode=X&cmdCode=090111&period=2020&includeDesc=true,2026-05-30T19:13:38.772Z
A,2020-01-01,2020,Brazil,BRA,Indonesia,IDN,Export,coffee,coffee_raw_core,090111,Coffee; not roasted or decaffeinated,11253752,4900.225,2296.578626,46.171381,36.833712,2,1,ok,ok,0.82,"Export unit value is calculated as SUM(value_usd) / SUM(quantity_ton). Use as a directional competitor benchmark only; it is not a transaction price, invoice price, FOB contract price, margin, or profit. Reporter share fields are shares within Vietnam, Brazil, and Indonesia only, not global destination-market share.",UN Comtrade,https://comtradeapi.un.org/public/v1/preview/C/A/HS?reporterCode=76&flowCode=X&cmdCode=090111&period=2020&includeDesc=true,2026-05-30T19:13:38.772Z
A,2020-01-01,2020,Vietnam,VNM,Indonesia,IDN,Export,coffee,coffee_raw_core,090111,Coffee; not roasted or decaffeinated,13120117.35,8403.416574,1561.283703,53.828619,63.166288,1,2,ok,ok,0.82,"Export unit value is calculated as SUM(value_usd) / SUM(quantity_ton). Use as a directional competitor benchmark only; it is not a transaction price, invoice price, FOB contract price, margin, or profit. Reporter share fields are shares within Vietnam, Brazil, and Indonesia only, not global destination-market share.",UN Comtrade,https://comtradeapi.un.org/public/v1/preview/C/A/HS?reporterCode=704&flowCode=X&cmdCode=090111&period=2020&includeDesc=true,2026-05-30T19:13:38.772Z
A,2020-01-01,2020,Brazil,BRA,Iran,IRN,Export,coffee,coffee_raw_core,090111,Coffee; not roasted or decaffeinated,205623,96,2141.90625,7.080981,6.279681,2,1,ok,ok,0.82,"Export unit value is calculated as SUM(value_usd) / SUM(quantity_ton). Use as a directional competitor benchmark only; it is not a transaction price, invoice price, FOB contract price, margin, or profit. Reporter share fields are shares within Vietnam, Brazil, and Indonesia only, not global destination-market share.",UN Comtrade,https://comtradeapi.un.org/public/v1/preview/C/A/HS?reporterCode=76&flowCode=X&cmdCode=090111&period=2020&includeDesc=true,2026-05-30T19:13:38.772Z
A,2020-01-01,2020,Indonesia,IDN,Iran,IRN,Export,coffee,coffee_raw_core,090111,Coffee; not roasted or decaffeinated,2698254.465,1432.74,1883.282707,92.919019,93.720319,1,2,ok,ok,0.82,"Export unit value is calculated as SUM(value_usd) / SUM(quantity_ton). Use as a directional competitor benchmark only; it is not a transaction price, invoice price, FOB contract price, margin, or profit. Reporter share fields are shares within Vietnam, Brazil, and Indonesia only, not global destination-market share.",UN Comtrade,https://comtradeapi.un.org/public/v1/preview/C/A/HS?reporterCode=360&flowCode=X&cmdCode=090111&period=2020&includeDesc=true,2026-05-30T19:13:38.772Z
A,2020-01-01,2020,Brazil,BRA,Iraq,IRQ,Export,coffee,coffee_raw_core,090111,Coffee; not roasted or decaffeinated,215928,124.8,1730.192308,100,100,1,1,ok,ok,0.82,"Export unit value is calculated as SUM(value_usd) / SUM(quantity_ton). Use as a directional competitor benchmark only; it is not a transaction price, invoice price, FOB contract price, margin, or profit. Reporter share fields are shares within Vietnam, Brazil, and Indonesia only, not global destination-market share.",UN Comtrade,https://comtradeapi.un.org/public/v1/preview/C/A/HS?reporterCode=76&flowCode=X&cmdCode=090111&period=2020&includeDesc=true,2026-05-30T19:13:38.772Z
A,2020-01-01,2020,Brazil,BRA,Ireland,IRL,Export,coffee,coffee_raw_core,090111,Coffee; not roasted or decaffeinated,4276837,1490.569,2869.26469,34.959269,28.954879,2,2,ok,ok,0.82,"Export unit value is calculated as SUM(value_usd) / SUM(quantity_ton). Use as a directional competitor benchmark only; it is not a transaction price, invoice price, FOB contract price, margin, or profit. Reporter share fields are shares within Vietnam, Brazil, and Indonesia only, not global destination-market share.",UN Comtrade,https://comtradeapi.un.org/public/v1/preview/C/A/HS?reporterCode=76&flowCode=X&cmdCode=090111&period=2020&includeDesc=true,2026-05-30T19:13:38.772Z
A,2020-01-01,2020,Indonesia,IDN,Ireland,IRL,Export,coffee,coffee_raw_core,090111,Coffee; not roasted or decaffeinated,984540.48,275.8,3569.762437,8.047727,5.357522,3,1,ok,ok,0.82,"Export unit value is calculated as SUM(value_usd) / SUM(quantity_ton). Use as a directional competitor benchmark only; it is not a transaction price, invoice price, FOB contract price, margin, or profit. Reporter share fields are shares within Vietnam, Brazil, and Indonesia only, not global destination-market share.",UN Comtrade,https://comtradeapi.un.org/public/v1/preview/C/A/HS?reporterCode=360&flowCode=X&cmdCode=090111&period=2020&includeDesc=true,2026-05-30T19:13:38.772Z
A,2020-01-01,2020,Vietnam,VNM,Ireland,IRL,Export,coffee,coffee_raw_core,090111,Coffee; not roasted or decaffeinated,6972393.6,3381.533678,2061.902753,56.993004,65.687599,1,3,ok,ok,0.82,"Export unit value is calculated as SUM(value_usd) / SUM(quantity_ton). Use as a directional competitor benchmark only; it is not a transaction price, invoice price, FOB contract price, margin, or profit. Reporter share fields are shares within Vietnam, Brazil, and Indonesia only, not global destination-market share.",UN Comtrade,https://comtradeapi.un.org/public/v1/preview/C/A/HS?reporterCode=704&flowCode=X&cmdCode=090111&period=2020&includeDesc=true,2026-05-30T19:13:38.772Z
A,2020-01-01,2020,Brazil,BRA,Israel,ISR,Export,coffee,coffee_raw_core,090111,Coffee; not roasted or decaffeinated,15148480,7504.182,2018.671722,58.213852,52.846155,1,2,ok,ok,0.82,"Export unit value is calculated as SUM(value_usd) / SUM(quantity_ton). Use as a directional competitor benchmark only; it is not a transaction price, invoice price, FOB contract price, margin, or profit. Reporter share fields are shares within Vietnam, Brazil, and Indonesia only, not global destination-market share.",UN Comtrade,https://comtradeapi.un.org/public/v1/preview/C/A/HS?reporterCode=76&flowCode=X&cmdCode=090111&period=2020&includeDesc=true,2026-05-30T19:13:38.772Z
A,2020-01-01,2020,Indonesia,IDN,Israel,ISR,Export,coffee,coffee_raw_core,090111,Coffee; not roasted or decaffeinated,639205.5,199.2011,3208.845232,2.456393,1.402819,3,1,ok,ok,0.82,"Export unit value is calculated as SUM(value_usd) / SUM(quantity_ton). Use as a directional competitor benchmark only; it is not a transaction price, invoice price, FOB contract price, margin, or profit. Reporter share fields are shares within Vietnam, Brazil, and Indonesia only, not global destination-market share.",UN Comtrade,https://comtradeapi.un.org/public/v1/preview/C/A/HS?reporterCode=360&flowCode=X&cmdCode=090111&period=2020&includeDesc=true,2026-05-30T19:13:38.772Z
A,2020-01-01,2020,Vietnam,VNM,Israel,ISR,Export,coffee,coffee_raw_core,090111,Coffee; not roasted or decaffeinated,10234437.164,6496.669983,1575.335855,39.329755,45.751026,2,3,ok,ok,0.82,"Export unit value is calculated as SUM(value_usd) / SUM(quantity_ton). Use as a directional competitor benchmark only; it is not a transaction price, invoice price, FOB contract price, margin, or profit. Reporter share fields are shares within Vietnam, Brazil, and Indonesia only, not global destination-market share.",UN Comtrade,https://comtradeapi.un.org/public/v1/preview/C/A/HS?reporterCode=704&flowCode=X&cmdCode=090111&period=2020&includeDesc=true,2026-05-30T19:13:38.772Z
A,2020-01-01,2020,Brazil,BRA,Italy,ITA,Export,coffee,coffee_raw_core,090111,Coffee; not roasted or decaffeinated,417440520,181076.313,2305.329245,61.312009,52.141706,1,1,ok,ok,0.82,"Export unit value is calculated as SUM(value_usd) / SUM(quantity_ton). Use as a directional competitor benchmark only; it is not a transaction price, invoice price, FOB contract price, margin, or profit. Reporter share fields are shares within Vietnam, Brazil, and Indonesia only, not global destination-market share.",UN Comtrade,https://comtradeapi.un.org/public/v1/preview/C/A/HS?reporterCode=76&flowCode=X&cmdCode=090111&period=2020&includeDesc=true,2026-05-30T19:13:38.772Z
A,2020-01-01,2020,Indonesia,IDN,Italy,ITA,Export,coffee,coffee_raw_core,090111,Coffee; not roasted or decaffeinated,44277347.66,27236.482464,1625.663215,6.503281,7.842863,3,2,ok,ok,0.82,"Export unit value is calculated as SUM(value_usd) / SUM(quantity_ton). Use as a directional competitor benchmark only; it is not a transaction price, invoice price, FOB contract price, margin, or profit. Reporter share fields are shares within Vietnam, Brazil, and Indonesia only, not global destination-market share.",UN Comtrade,https://comtradeapi.un.org/public/v1/preview/C/A/HS?reporterCode=360&flowCode=X&cmdCode=090111&period=2020&includeDesc=true,2026-05-30T19:13:38.772Z
A,2020-01-01,2020,Vietnam,VNM,Italy,ITA,Export,coffee,coffee_raw_core,090111,Coffee; not roasted or decaffeinated,219128387.988,138964.510326,1576.865831,32.184709,40.015431,2,3,ok,ok,0.82,"Export unit value is calculated as SUM(value_usd) / SUM(quantity_ton). Use as a directional competitor benchmark only; it is not a transaction price, invoice price, FOB contract price, margin, or profit. Reporter share fields are shares within Vietnam, Brazil, and Indonesia only, not global destination-market share.",UN Comtrade,https://comtradeapi.un.org/public/v1/preview/C/A/HS?reporterCode=704&flowCode=X&cmdCode=090111&period=2020&includeDesc=true,2026-05-30T19:13:38.772Z
A,2020-01-01,2020,Brazil,BRA,Japan,JPN,Export,coffee,coffee_raw_core,090111,Coffee; not roasted or decaffeinated,292122976,120875.802,2416.720064,58.825007,50.742529,1,1,ok,ok,0.82,"Export unit value is calculated as SUM(value_usd) / SUM(quantity_ton). Use as a directional competitor benchmark only; it is not a transaction price, invoice price, FOB contract price, margin, or profit. Reporter share fields are shares within Vietnam, Brazil, and Indonesia only, not global destination-market share.",UN Comtrade,https://comtradeapi.un.org/public/v1/preview/C/A/HS?reporterCode=76&flowCode=X&cmdCode=090111&period=2020&includeDesc=true,2026-05-30T19:13:38.772Z
A,2020-01-01,2020,Indonesia,IDN,Japan,JPN,Export,coffee,coffee_raw_core,090111,Coffee; not roasted or decaffeinated,55922905.184,23471.434415,2382.594272,11.261234,9.853088,3,2,ok,ok,0.82,"Export unit value is calculated as SUM(value_usd) / SUM(quantity_ton). Use as a directional competitor benchmark only; it is not a transaction price, invoice price, FOB contract price, margin, or profit. Reporter share fields are shares within Vietnam, Brazil, and Indonesia only, not global destination-market share.",UN Comtrade,https://comtradeapi.un.org/public/v1/preview/C/A/HS?reporterCode=360&flowCode=X&cmdCode=090111&period=2020&includeDesc=true,2026-05-30T19:13:38.772Z
A,2020-01-01,2020,Vietnam,VNM,Japan,JPN,Export,coffee,coffee_raw_core,090111,Coffee; not roasted or decaffeinated,148550704.418,93866.752201,1582.569983,29.913759,39.404383,2,3,ok,ok,0.82,"Export unit value is calculated as SUM(value_usd) / SUM(quantity_ton). Use as a directional competitor benchmark only; it is not a transaction price, invoice price, FOB contract price, margin, or profit. Reporter share fields are shares within Vietnam, Brazil, and Indonesia only, not global destination-market share.",UN Comtrade,https://comtradeapi.un.org/public/v1/preview/C/A/HS?reporterCode=704&flowCode=X&cmdCode=090111&period=2020&includeDesc=true,2026-05-30T19:13:38.772Z
A,2020-01-01,2020,Brazil,BRA,Jordan,JOR,Export,coffee,coffee_raw_core,090111,Coffee; not roasted or decaffeinated,30432772,17759.775,1713.578691,100,100,1,1,ok,ok,0.82,"Export unit value is calculated as SUM(value_usd) / SUM(quantity_ton). Use as a directional competitor benchmark only; it is not a transaction price, invoice price, FOB contract price, margin, or profit. Reporter share fields are shares within Vietnam, Brazil, and Indonesia only, not global destination-market share.",UN Comtrade,https://comtradeapi.un.org/public/v1/preview/C/A/HS?reporterCode=76&flowCode=X&cmdCode=090111&period=2020&includeDesc=true,2026-05-30T19:13:38.772Z
A,2020-01-01,2020,Brazil,BRA,Kazakhstan,KAZ,Export,coffee,coffee_raw_core,090111,Coffee; not roasted or decaffeinated,40747,19.175,2125.006519,70.384509,68.056788,1,1,ok,low_volume_for_competitor_benchmark,0.55,"Export unit value is calculated as SUM(value_usd) / SUM(quantity_ton). Use as a directional competitor benchmark only; it is not a transaction price, invoice price, FOB contract price, margin, or profit. Reporter share fields are shares within Vietnam, Brazil, and Indonesia only, not global destination-market share. Low-volume destination (< 50 tons); unit value can be unstable.",UN Comtrade,https://comtradeapi.un.org/public/v1/preview/C/A/HS?reporterCode=76&flowCode=X&cmdCode=090111&period=2020&includeDesc=true,2026-05-30T19:13:38.772Z
A,2020-01-01,2020,Vietnam,VNM,Kazakhstan,KAZ,Export,coffee,coffee_raw_core,090111,Coffee; not roasted or decaffeinated,17145,9,1905,29.615491,31.943212,2,2,ok,low_volume_for_competitor_benchmark,0.55,"Export unit value is calculated as SUM(value_usd) / SUM(quantity_ton). Use as a directional competitor benchmark only; it is not a transaction price, invoice price, FOB contract price, margin, or profit. Reporter share fields are shares within Vietnam, Brazil, and Indonesia only, not global destination-market share. Low-volume destination (< 50 tons); unit value can be unstable.",UN Comtrade,https://comtradeapi.un.org/public/v1/preview/C/A/HS?reporterCode=704&flowCode=X&cmdCode=090111&period=2020&includeDesc=true,2026-05-30T19:13:38.772Z
A,2020-01-01,2020,Brazil,BRA,Kenya,KEN,Export,coffee,coffee_raw_core,090111,Coffee; not roasted or decaffeinated,262593,96.401,2723.965519,100,100,1,1,ok,ok,0.82,"Export unit value is calculated as SUM(value_usd) / SUM(quantity_ton). Use as a directional competitor benchmark only; it is not a transaction price, invoice price, FOB contract price, margin, or profit. Reporter share fields are shares within Vietnam, Brazil, and Indonesia only, not global destination-market share.",UN Comtrade,https://comtradeapi.un.org/public/v1/preview/C/A/HS?reporterCode=76&flowCode=X&cmdCode=090111&period=2020&includeDesc=true,2026-05-30T19:13:38.772Z
A,2020-01-01,2020,Brazil,BRA,Kuwait,KWT,Export,coffee,coffee_raw_core,090111,Coffee; not roasted or decaffeinated,555622,259.2,2143.603395,26.227515,22.239024,2,1,ok,ok,0.82,"Export unit value is calculated as SUM(value_usd) / SUM(quantity_ton). Use as a directional competitor benchmark only; it is not a transaction price, invoice price, FOB contract price, margin, or profit. Reporter share fields are shares within Vietnam, Brazil, and Indonesia only, not global destination-market share.",UN Comtrade,https://comtradeapi.un.org/public/v1/preview/C/A/HS?reporterCode=76&flowCode=X&cmdCode=090111&period=2020&includeDesc=true,2026-05-30T19:13:38.772Z
A,2020-01-01,2020,Vietnam,VNM,Kuwait,KWT,Export,coffee,coffee_raw_core,090111,Coffee; not roasted or decaffeinated,1562847.893,906.318755,1724.390988,73.772485,77.760976,1,2,ok,ok,0.82,"Export unit value is calculated as SUM(value_usd) / SUM(quantity_ton). Use as a directional competitor benchmark only; it is not a transaction price, invoice price, FOB contract price, margin, or profit. Reporter share fields are shares within Vietnam, Brazil, and Indonesia only, not global destination-market share.",UN Comtrade,https://comtradeapi.un.org/public/v1/preview/C/A/HS?reporterCode=704&flowCode=X&cmdCode=090111&period=2020&includeDesc=true,2026-05-30T19:13:38.772Z
A,2020-01-01,2020,Brazil,BRA,Latvia,LVA,Export,coffee,coffee_raw_core,090111,Coffee; not roasted or decaffeinated,5144234,2153.16,2389.155474,88.721267,86.007785,1,2,ok,ok,0.82,"Export unit value is calculated as SUM(value_usd) / SUM(quantity_ton). Use as a directional competitor benchmark only; it is not a transaction price, invoice price, FOB contract price, margin, or profit. Reporter share fields are shares within Vietnam, Brazil, and Indonesia only, not global destination-market share.",UN Comtrade,https://comtradeapi.un.org/public/v1/preview/C/A/HS?reporterCode=76&flowCode=X&cmdCode=090111&period=2020&includeDesc=true,2026-05-30T19:13:38.772Z
A,2020-01-01,2020,Indonesia,IDN,Latvia,LVA,Export,coffee,coffee_raw_core,090111,Coffee; not roasted or decaffeinated,200133.8,68.76,2910.613729,3.451656,2.746612,3,1,ok,ok,0.82,"Export unit value is calculated as SUM(value_usd) / SUM(quantity_ton). Use as a directional competitor benchmark only; it is not a transaction price, invoice price, FOB contract price, margin, or profit. Reporter share fields are shares within Vietnam, Brazil, and Indonesia only, not global destination-market share.",UN Comtrade,https://comtradeapi.un.org/public/v1/preview/C/A/HS?reporterCode=360&flowCode=X&cmdCode=090111&period=2020&includeDesc=true,2026-05-30T19:13:38.772Z
A,2020-01-01,2020,Vietnam,VNM,Latvia,LVA,Export,coffee,coffee_raw_core,090111,Coffee; not roasted or decaffeinated,453829.4,281.527789,1612.023458,7.827078,11.245603,2,3,ok,ok,0.82,"Export unit value is calculated as SUM(value_usd) / SUM(quantity_ton). Use as a directional competitor benchmark only; it is not a transaction price, invoice price, FOB contract price, margin, or profit. Reporter share fields are shares within Vietnam, Brazil, and Indonesia only, not global destination-market share.",UN Comtrade,https://comtradeapi.un.org/public/v1/preview/C/A/HS?reporterCode=704&flowCode=X&cmdCode=090111&period=2020&includeDesc=true,2026-05-30T19:13:38.772Z
A,2020-01-01,2020,Brazil,BRA,Lebanon,LBN,Export,coffee,coffee_raw_core,090111,Coffee; not roasted or decaffeinated,31652587,19957.926785,1585.965684,99.898532,99.90389,1,2,ok,ok,0.82,"Export unit value is calculated as SUM(value_usd) / SUM(quantity_ton). Use as a directional competitor benchmark only; it is not a transaction price, invoice price, FOB contract price, margin, or profit. Reporter share fields are shares within Vietnam, Brazil, and Indonesia only, not global destination-market share.",UN Comtrade,https://comtradeapi.un.org/public/v1/preview/C/A/HS?reporterCode=76&flowCode=X&cmdCode=090111&period=2020&includeDesc=true,2026-05-30T19:13:38.772Z
A,2020-01-01,2020,Indonesia,IDN,Lebanon,LBN,Export,coffee,coffee_raw_core,090111,Coffee; not roasted or decaffeinated,32149.82,19.2,1674.469792,0.101468,0.09611,2,1,ok,low_volume_for_competitor_benchmark,0.55,"Export unit value is calculated as SUM(value_usd) / SUM(quantity_ton). Use as a directional competitor benchmark only; it is not a transaction price, invoice price, FOB contract price, margin, or profit. Reporter share fields are shares within Vietnam, Brazil, and Indonesia only, not global destination-market share. Low-volume destination (< 50 tons); unit value can be unstable.",UN Comtrade,https://comtradeapi.un.org/public/v1/preview/C/A/HS?reporterCode=360&flowCode=X&cmdCode=090111&period=2020&includeDesc=true,2026-05-30T19:13:38.772Z
A,2020-01-01,2020,Brazil,BRA,Liberia,LBR,Export,coffee,coffee_raw_core,090111,Coffee; not roasted or decaffeinated,3130,0.587,5332.197615,100,100,1,1,ok,low_volume_for_competitor_benchmark,0.55,"Export unit value is calculated as SUM(value_usd) / SUM(quantity_ton). Use as a directional competitor benchmark only; it is not a transaction price, invoice price, FOB contract price, margin, or profit. Reporter share fields are shares within Vietnam, Brazil, and Indonesia only, not global destination-market share. Low-volume destination (< 50 tons); unit value can be unstable.",UN Comtrade,https://comtradeapi.un.org/public/v1/preview/C/A/HS?reporterCode=76&flowCode=X&cmdCode=090111&period=2020&includeDesc=true,2026-05-30T19:13:38.772Z
A,2020-01-01,2020,Brazil,BRA,Libya,LBY,Export,coffee,coffee_raw_core,090111,Coffee; not roasted or decaffeinated,7015666,3908.355,1795.043183,100,100,1,1,ok,ok,0.82,"Export unit value is calculated as SUM(value_usd) / SUM(quantity_ton). Use as a directional competitor benchmark only; it is not a transaction price, invoice price, FOB contract price, margin, or profit. Reporter share fields are shares within Vietnam, Brazil, and Indonesia only, not global destination-market share.",UN Comtrade,https://comtradeapi.un.org/public/v1/preview/C/A/HS?reporterCode=76&flowCode=X&cmdCode=090111&period=2020&includeDesc=true,2026-05-30T19:13:38.772Z
A,2020-01-01,2020,Brazil,BRA,Lithuania,LTU,Export,coffee,coffee_raw_core,090111,Coffee; not roasted or decaffeinated,2994580,1216.482,2461.672265,64.620521,55.026257,1,1,ok,ok,0.82,"Export unit value is calculated as SUM(value_usd) / SUM(quantity_ton). Use as a directional competitor benchmark only; it is not a transaction price, invoice price, FOB contract price, margin, or profit. Reporter share fields are shares within Vietnam, Brazil, and Indonesia only, not global destination-market share.",UN Comtrade,https://comtradeapi.un.org/public/v1/preview/C/A/HS?reporterCode=76&flowCode=X&cmdCode=090111&period=2020&includeDesc=true,2026-05-30T19:13:38.772Z
A,2020-01-01,2020,Vietnam,VNM,Lithuania,LTU,Export,coffee,coffee_raw_core,090111,Coffee; not roasted or decaffeinated,1639520.7,994.248038,1649.005718,35.379479,44.973743,2,2,ok,ok,0.82,"Export unit value is calculated as SUM(value_usd) / SUM(quantity_ton). Use as a directional competitor benchmark only; it is not a transaction price, invoice price, FOB contract price, margin, or profit. Reporter share fields are shares within Vietnam, Brazil, and Indonesia only, not global destination-market share.",UN Comtrade,https://comtradeapi.un.org/public/v1/preview/C/A/HS?reporterCode=704&flowCode=X&cmdCode=090111&period=2020&includeDesc=true,2026-05-30T19:13:38.772Z
A,2020-01-01,2020,Brazil,BRA,Malaysia,MYS,Export,coffee,coffee_raw_core,090111,Coffee; not roasted or decaffeinated,20173530,8685.6,2322.640923,15.861309,11.019654,3,1,ok,ok,0.82,"Export unit value is calculated as SUM(value_usd) / SUM(quantity_ton). Use as a directional competitor benchmark only; it is not a transaction price, invoice price, FOB contract price, margin, or profit. Reporter share fields are shares within Vietnam, Brazil, and Indonesia only, not global destination-market share.",UN Comtrade,https://comtradeapi.un.org/public/v1/preview/C/A/HS?reporterCode=76&flowCode=X&cmdCode=090111&period=2020&includeDesc=true,2026-05-30T19:13:38.772Z
A,2020-01-01,2020,Indonesia,IDN,Malaysia,MYS,Export,coffee,coffee_raw_core,090111,Coffee; not roasted or decaffeinated,55410338.1,36103.831605,1534.749517,43.566024,45.805899,1,2,ok,ok,0.82,"Export unit value is calculated as SUM(value_usd) / SUM(quantity_ton). Use as a directional competitor benchmark only; it is not a transaction price, invoice price, FOB contract price, margin, or profit. Reporter share fields are shares within Vietnam, Brazil, and Indonesia only, not global destination-market share.",UN Comtrade,https://comtradeapi.un.org/public/v1/preview/C/A/HS?reporterCode=360&flowCode=X&cmdCode=090111&period=2020&includeDesc=true,2026-05-30T19:13:38.772Z
A,2020-01-01,2020,Vietnam,VNM,Malaysia,MYS,Export,coffee,coffee_raw_core,090111,Coffee; not roasted or decaffeinated,51603176.258,34029.743388,1516.413911,40.572667,43.174448,2,3,ok,ok,0.82,"Export unit value is calculated as SUM(value_usd) / SUM(quantity_ton). Use as a directional competitor benchmark only; it is not a transaction price, invoice price, FOB contract price, margin, or profit. Reporter share fields are shares within Vietnam, Brazil, and Indonesia only, not global destination-market share.",UN Comtrade,https://comtradeapi.un.org/public/v1/preview/C/A/HS?reporterCode=704&flowCode=X&cmdCode=090111&period=2020&includeDesc=true,2026-05-30T19:13:38.772Z
A,2020-01-01,2020,Brazil,BRA,Malta,MLT,Export,coffee,coffee_raw_core,090111,Coffee; not roasted or decaffeinated,49008,19.788,2476.652517,20.96251,14.385229,2,1,ok,low_volume_for_competitor_benchmark,0.55,"Export unit value is calculated as SUM(value_usd) / SUM(quantity_ton). Use as a directional competitor benchmark only; it is not a transaction price, invoice price, FOB contract price, margin, or profit. Reporter share fields are shares within Vietnam, Brazil, and Indonesia only, not global destination-market share. Low-volume destination (< 50 tons); unit value can be unstable.",UN Comtrade,https://comtradeapi.un.org/public/v1/preview/C/A/HS?reporterCode=76&flowCode=X&cmdCode=090111&period=2020&includeDesc=true,2026-05-30T19:13:38.772Z
A,2020-01-01,2020,Vietnam,VNM,Malta,MLT,Export,coffee,coffee_raw_core,090111,Coffee; not roasted or decaffeinated,184780.8,117.76977,1569.000262,79.03749,85.614771,1,2,ok,ok,0.82,"Export unit value is calculated as SUM(value_usd) / SUM(quantity_ton). Use as a directional competitor benchmark only; it is not a transaction price, invoice price, FOB contract price, margin, or profit. Reporter share fields are shares within Vietnam, Brazil, and Indonesia only, not global destination-market share.",UN Comtrade,https://comtradeapi.un.org/public/v1/preview/C/A/HS?reporterCode=704&flowCode=X&cmdCode=090111&period=2020&includeDesc=true,2026-05-30T19:13:38.772Z
A,2020-01-01,2020,Brazil,BRA,Marshall Isds,MHL,Export,coffee,coffee_raw_core,090111,Coffee; not roasted or decaffeinated,2824,0.723,3905.947441,100,100,1,1,ok,low_volume_for_competitor_benchmark,0.55,"Export unit value is calculated as SUM(value_usd) / SUM(quantity_ton). Use as a directional competitor benchmark only; it is not a transaction price, invoice price, FOB contract price, margin, or profit. Reporter share fields are shares within Vietnam, Brazil, and Indonesia only, not global destination-market share. Low-volume destination (< 50 tons); unit value can be unstable.",UN Comtrade,https://comtradeapi.un.org/public/v1/preview/C/A/HS?reporterCode=76&flowCode=X&cmdCode=090111&period=2020&includeDesc=true,2026-05-30T19:13:38.772Z
A,2020-01-01,2020,Brazil,BRA,Mexico,MEX,Export,coffee,coffee_raw_core,090111,Coffee; not roasted or decaffeinated,79767579,60120.914,1326.785867,95.992626,97.019526,1,3,ok,ok,0.82,"Export unit value is calculated as SUM(value_usd) / SUM(quantity_ton). Use as a directional competitor benchmark only; it is not a transaction price, invoice price, FOB contract price, margin, or profit. Reporter share fields are shares within Vietnam, Brazil, and Indonesia only, not global destination-market share.",UN Comtrade,https://comtradeapi.un.org/public/v1/preview/C/A/HS?reporterCode=76&flowCode=X&cmdCode=090111&period=2020&includeDesc=true,2026-05-30T19:13:38.772Z
A,2020-01-01,2020,Indonesia,IDN,Mexico,MEX,Export,coffee,coffee_raw_core,090111,Coffee; not roasted or decaffeinated,723906,162,4468.555556,0.871151,0.261426,3,1,ok,ok,0.82,"Export unit value is calculated as SUM(value_usd) / SUM(quantity_ton). Use as a directional competitor benchmark only; it is not a transaction price, invoice price, FOB contract price, margin, or profit. Reporter share fields are shares within Vietnam, Brazil, and Indonesia only, not global destination-market share.",UN Comtrade,https://comtradeapi.un.org/public/v1/preview/C/A/HS?reporterCode=360&flowCode=X&cmdCode=090111&period=2020&includeDesc=true,2026-05-30T19:13:38.772Z
A,2020-01-01,2020,Vietnam,VNM,Mexico,MEX,Export,coffee,coffee_raw_core,090111,Coffee; not roasted or decaffeinated,2606125.718,1684.935561,1546.721298,3.136222,2.719048,2,2,ok,ok,0.82,"Export unit value is calculated as SUM(value_usd) / SUM(quantity_ton). Use as a directional competitor benchmark only; it is not a transaction price, invoice price, FOB contract price, margin, or profit. Reporter share fields are shares within Vietnam, Brazil, and Indonesia only, not global destination-market share.",UN Comtrade,https://comtradeapi.un.org/public/v1/preview/C/A/HS?reporterCode=704&flowCode=X&cmdCode=090111&period=2020&includeDesc=true,2026-05-30T19:13:38.772Z
A,2020-01-01,2020,Brazil,BRA,Montenegro,MNE,Export,coffee,coffee_raw_core,090111,Coffee; not roasted or decaffeinated,11282377,7105.91,1587.745553,100,100,1,1,ok,ok,0.82,"Export unit value is calculated as SUM(value_usd) / SUM(quantity_ton). Use as a directional competitor benchmark only; it is not a transaction price, invoice price, FOB contract price, margin, or profit. Reporter share fields are shares within Vietnam, Brazil, and Indonesia only, not global destination-market share.",UN Comtrade,https://comtradeapi.un.org/public/v1/preview/C/A/HS?reporterCode=76&flowCode=X&cmdCode=090111&period=2020&includeDesc=true,2026-05-30T19:13:38.772Z
A,2020-01-01,2020,Brazil,BRA,Morocco,MAR,Export,coffee,coffee_raw_core,090111,Coffee; not roasted or decaffeinated,4803715,2885.605,1664.716758,18.285132,17.656516,3,1,ok,ok,0.82,"Export unit value is calculated as SUM(value_usd) / SUM(quantity_ton). Use as a directional competitor benchmark only; it is not a transaction price, invoice price, FOB contract price, margin, or profit. Reporter share fields are shares within Vietnam, Brazil, and Indonesia only, not global destination-market share.",UN Comtrade,https://comtradeapi.un.org/public/v1/preview/C/A/HS?reporterCode=76&flowCode=X&cmdCode=090111&period=2020&includeDesc=true,2026-05-30T19:13:38.772Z
A,2020-01-01,2020,Indonesia,IDN,Morocco,MAR,Export,coffee,coffee_raw_core,090111,Coffee; not roasted or decaffeinated,15549154.81,9603.7,1619.079606,59.187181,58.763373,1,2,ok,ok,0.82,"Export unit value is calculated as SUM(value_usd) / SUM(quantity_ton). Use as a directional competitor benchmark only; it is not a transaction price, invoice price, FOB contract price, margin, or profit. Reporter share fields are shares within Vietnam, Brazil, and Indonesia only, not global destination-market share.",UN Comtrade,https://comtradeapi.un.org/public/v1/preview/C/A/HS?reporterCode=360&flowCode=X&cmdCode=090111&period=2020&includeDesc=true,2026-05-30T19:13:38.772Z
A,2020-01-01,2020,Vietnam,VNM,Morocco,MAR,Export,coffee,coffee_raw_core,090111,Coffee; not roasted or decaffeinated,5918282.961,3853.698252,1535.741144,22.527687,23.580111,2,3,ok,ok,0.82,"Export unit value is calculated as SUM(value_usd) / SUM(quantity_ton). Use as a directional competitor benchmark only; it is not a transaction price, invoice price, FOB contract price, margin, or profit. Reporter share fields are shares within Vietnam, Brazil, and Indonesia only, not global destination-market share.",UN Comtrade,https://comtradeapi.un.org/public/v1/preview/C/A/HS?reporterCode=704&flowCode=X&cmdCode=090111&period=2020&includeDesc=true,2026-05-30T19:13:38.772Z
A,2020-01-01,2020,Vietnam,VNM,Myanmar,MMR,Export,coffee,coffee_raw_core,090111,Coffee; not roasted or decaffeinated,294735.185,154.022803,1913.581491,100,100,1,1,ok,ok,0.82,"Export unit value is calculated as SUM(value_usd) / SUM(quantity_ton). Use as a directional competitor benchmark only; it is not a transaction price, invoice price, FOB contract price, margin, or profit. Reporter share fields are shares within Vietnam, Brazil, and Indonesia only, not global destination-market share.",UN Comtrade,https://comtradeapi.un.org/public/v1/preview/C/A/HS?reporterCode=704&flowCode=X&cmdCode=090111&period=2020&includeDesc=true,2026-05-30T19:13:38.772Z
A,2020-01-01,2020,Brazil,BRA,Netherlands,NLD,Export,coffee,coffee_raw_core,090111,Coffee; not roasted or decaffeinated,79008622,36223.612,2181.13594,76.75615,74.763031,1,2,ok,ok,0.82,"Export unit value is calculated as SUM(value_usd) / SUM(quantity_ton). Use as a directional competitor benchmark only; it is not a transaction price, invoice price, FOB contract price, margin, or profit. Reporter share fields are shares within Vietnam, Brazil, and Indonesia only, not global destination-market share.",UN Comtrade,https://comtradeapi.un.org/public/v1/preview/C/A/HS?reporterCode=76&flowCode=X&cmdCode=090111&period=2020&includeDesc=true,2026-05-30T19:13:38.772Z
A,2020-01-01,2020,Indonesia,IDN,Netherlands,NLD,Export,coffee,coffee_raw_core,090111,Coffee; not roasted or decaffeinated,5703614.925,1490.8147,3825.837594,5.541009,3.076938,3,1,ok,ok,0.82,"Export unit value is calculated as SUM(value_usd) / SUM(quantity_ton). Use as a directional competitor benchmark only; it is not a transaction price, invoice price, FOB contract price, margin, or profit. Reporter share fields are shares within Vietnam, Brazil, and Indonesia only, not global destination-market share.",UN Comtrade,https://comtradeapi.un.org/public/v1/preview/C/A/HS?reporterCode=360&flowCode=X&cmdCode=090111&period=2020&includeDesc=true,2026-05-30T19:13:38.772Z
A,2020-01-01,2020,Vietnam,VNM,Netherlands,NLD,Export,coffee,coffee_raw_core,090111,Coffee; not roasted or decaffeinated,18222344.832,10736.808399,1697.184504,17.702841,22.16003,2,3,ok,ok,0.82,"Export unit value is calculated as SUM(value_usd) / SUM(quantity_ton). Use as a directional competitor benchmark only; it is not a transaction price, invoice price, FOB contract price, margin, or profit. Reporter share fields are shares within Vietnam, Brazil, and Indonesia only, not global destination-market share.",UN Comtrade,https://comtradeapi.un.org/public/v1/preview/C/A/HS?reporterCode=704&flowCode=X&cmdCode=090111&period=2020&includeDesc=true,2026-05-30T19:13:38.772Z
A,2020-01-01,2020,Brazil,BRA,New Zealand,NZL,Export,coffee,coffee_raw_core,090111,Coffee; not roasted or decaffeinated,7867316,2977.552,2642.209439,74.653515,74.63856,1,2,ok,ok,0.82,"Export unit value is calculated as SUM(value_usd) / SUM(quantity_ton). Use as a directional competitor benchmark only; it is not a transaction price, invoice price, FOB contract price, margin, or profit. Reporter share fields are shares within Vietnam, Brazil, and Indonesia only, not global destination-market share.",UN Comtrade,https://comtradeapi.un.org/public/v1/preview/C/A/HS?reporterCode=76&flowCode=X&cmdCode=090111&period=2020&includeDesc=true,2026-05-30T19:13:38.772Z
A,2020-01-01,2020,Indonesia,IDN,New Zealand,NZL,Export,coffee,coffee_raw_core,090111,Coffee; not roasted or decaffeinated,1581485.71,338.7,4669.281695,15.006829,8.490223,2,1,ok,ok,0.82,"Export unit value is calculated as SUM(value_usd) / SUM(quantity_ton). Use as a directional competitor benchmark only; it is not a transaction price, invoice price, FOB contract price, margin, or profit. Reporter share fields are shares within Vietnam, Brazil, and Indonesia only, not global destination-market share.",UN Comtrade,https://comtradeapi.un.org/public/v1/preview/C/A/HS?reporterCode=360&flowCode=X&cmdCode=090111&period=2020&includeDesc=true,2026-05-30T19:13:38.772Z
A,2020-01-01,2020,Vietnam,VNM,New Zealand,NZL,Export,coffee,coffee_raw_core,090111,Coffee; not roasted or decaffeinated,1089638.4,673.042538,1618.974045,10.339655,16.871217,3,3,ok,ok,0.82,"Export unit value is calculated as SUM(value_usd) / SUM(quantity_ton). Use as a directional competitor benchmark only; it is not a transaction price, invoice price, FOB contract price, margin, or profit. Reporter share fields are shares within Vietnam, Brazil, and Indonesia only, not global destination-market share.",UN Comtrade,https://comtradeapi.un.org/public/v1/preview/C/A/HS?reporterCode=704&flowCode=X&cmdCode=090111&period=2020&includeDesc=true,2026-05-30T19:13:38.772Z
A,2020-01-01,2020,Brazil,BRA,Norway,NOR,Export,coffee,coffee_raw_core,090111,Coffee; not roasted or decaffeinated,33643747,14406.982,2335.239053,96.38987,96.649691,1,2,ok,ok,0.82,"Export unit value is calculated as SUM(value_usd) / SUM(quantity_ton). Use as a directional competitor benchmark only; it is not a transaction price, invoice price, FOB contract price, margin, or profit. Reporter share fields are shares within Vietnam, Brazil, and Indonesia only, not global destination-market share.",UN Comtrade,https://comtradeapi.un.org/public/v1/preview/C/A/HS?reporterCode=76&flowCode=X&cmdCode=090111&period=2020&includeDesc=true,2026-05-30T19:13:38.772Z
A,2020-01-01,2020,Indonesia,IDN,Norway,NOR,Export,coffee,coffee_raw_core,090111,Coffee; not roasted or decaffeinated,699139.76,157.273,4445.389609,2.003047,1.055071,2,1,ok,ok,0.82,"Export unit value is calculated as SUM(value_usd) / SUM(quantity_ton). Use as a directional competitor benchmark only; it is not a transaction price, invoice price, FOB contract price, margin, or profit. Reporter share fields are shares within Vietnam, Brazil, and Indonesia only, not global destination-market share.",UN Comtrade,https://comtradeapi.un.org/public/v1/preview/C/A/HS?reporterCode=360&flowCode=X&cmdCode=090111&period=2020&includeDesc=true,2026-05-30T19:13:38.772Z
A,2020-01-01,2020,Vietnam,VNM,Norway,NOR,Export,coffee,coffee_raw_core,090111,Coffee; not roasted or decaffeinated,560933.53,342.137201,1639.498799,1.607083,2.295238,3,3,ok,ok,0.82,"Export unit value is calculated as SUM(value_usd) / SUM(quantity_ton). Use as a directional competitor benchmark only; it is not a transaction price, invoice price, FOB contract price, margin, or profit. Reporter share fields are shares within Vietnam, Brazil, and Indonesia only, not global destination-market share.",UN Comtrade,https://comtradeapi.un.org/public/v1/preview/C/A/HS?reporterCode=704&flowCode=X&cmdCode=090111&period=2020&includeDesc=true,2026-05-30T19:13:38.772Z
A,2020-01-01,2020,Brazil,BRA,Oman,OMN,Export,coffee,coffee_raw_core,090111,Coffee; not roasted or decaffeinated,1067204,629.2,1696.128417,91.172872,94.572171,1,2,ok,ok,0.82,"Export unit value is calculated as SUM(value_usd) / SUM(quantity_ton). Use as a directional competitor benchmark only; it is not a transaction price, invoice price, FOB contract price, margin, or profit. Reporter share fields are shares within Vietnam, Brazil, and Indonesia only, not global destination-market share.",UN Comtrade,https://comtradeapi.un.org/public/v1/preview/C/A/HS?reporterCode=76&flowCode=X&cmdCode=090111&period=2020&includeDesc=true,2026-05-30T19:13:38.772Z
A,2020-01-01,2020,Indonesia,IDN,Oman,OMN,Export,coffee,coffee_raw_core,090111,Coffee; not roasted or decaffeinated,103324,36.112,2861.20957,8.827128,5.427829,2,1,ok,low_volume_for_competitor_benchmark,0.55,"Export unit value is calculated as SUM(value_usd) / SUM(quantity_ton). Use as a directional competitor benchmark only; it is not a transaction price, invoice price, FOB contract price, margin, or profit. Reporter share fields are shares within Vietnam, Brazil, and Indonesia only, not global destination-market share. Low-volume destination (< 50 tons); unit value can be unstable.",UN Comtrade,https://comtradeapi.un.org/public/v1/preview/C/A/HS?reporterCode=360&flowCode=X&cmdCode=090111&period=2020&includeDesc=true,2026-05-30T19:13:38.772Z
A,2020-01-01,2020,Brazil,BRA,"Other Asia, nes",S19,Export,coffee,coffee_raw_core,090111,Coffee; not roasted or decaffeinated,21582306,8913.12,2421.408665,54.330003,59.194352,1,2,ok,ok,0.82,"Export unit value is calculated as SUM(value_usd) / SUM(quantity_ton). Use as a directional competitor benchmark only; it is not a transaction price, invoice price, FOB contract price, margin, or profit. Reporter share fields are shares within Vietnam, Brazil, and Indonesia only, not global destination-market share.",UN Comtrade,https://comtradeapi.un.org/public/v1/preview/C/A/HS?reporterCode=76&flowCode=X&cmdCode=090111&period=2020&includeDesc=true,2026-05-30T19:13:38.772Z
A,2020-01-01,2020,Indonesia,IDN,"Other Asia, nes",S19,Export,coffee,coffee_raw_core,090111,Coffee; not roasted or decaffeinated,16153319.529,5062.919685,3190.51467,40.663398,33.624169,2,1,ok,ok,0.82,"Export unit value is calculated as SUM(value_usd) / SUM(quantity_ton). Use as a directional competitor benchmark only; it is not a transaction price, invoice price, FOB contract price, margin, or profit. Reporter share fields are shares within Vietnam, Brazil, and Indonesia only, not global destination-market share.",UN Comtrade,https://comtradeapi.un.org/public/v1/preview/C/A/HS?reporterCode=360&flowCode=X&cmdCode=090111&period=2020&includeDesc=true,2026-05-30T19:13:38.772Z
A,2020-01-01,2020,Vietnam,VNM,"Other Asia, nes",S19,Export,coffee,coffee_raw_core,090111,Coffee; not roasted or decaffeinated,1988845.008,1081.342858,1839.236273,5.006599,7.18148,3,3,ok,ok,0.82,"Export unit value is calculated as SUM(value_usd) / SUM(quantity_ton). Use as a directional competitor benchmark only; it is not a transaction price, invoice price, FOB contract price, margin, or profit. Reporter share fields are shares within Vietnam, Brazil, and Indonesia only, not global destination-market share.",UN Comtrade,https://comtradeapi.un.org/public/v1/preview/C/A/HS?reporterCode=704&flowCode=X&cmdCode=090111&period=2020&includeDesc=true,2026-05-30T19:13:38.772Z
A,2020-01-01,2020,Indonesia,IDN,Pakistan,PAK,Export,coffee,coffee_raw_core,090111,Coffee; not roasted or decaffeinated,2500,1,2500,100,100,1,1,ok,low_volume_for_competitor_benchmark,0.55,"Export unit value is calculated as SUM(value_usd) / SUM(quantity_ton). Use as a directional competitor benchmark only; it is not a transaction price, invoice price, FOB contract price, margin, or profit. Reporter share fields are shares within Vietnam, Brazil, and Indonesia only, not global destination-market share. Low-volume destination (< 50 tons); unit value can be unstable.",UN Comtrade,https://comtradeapi.un.org/public/v1/preview/C/A/HS?reporterCode=360&flowCode=X&cmdCode=090111&period=2020&includeDesc=true,2026-05-30T19:13:38.772Z
A,2020-01-01,2020,Brazil,BRA,Panama,PAN,Export,coffee,coffee_raw_core,090111,Coffee; not roasted or decaffeinated,3171,1.313862,2413.495481,100,100,1,1,ok,low_volume_for_competitor_benchmark,0.55,"Export unit value is calculated as SUM(value_usd) / SUM(quantity_ton). Use as a directional competitor benchmark only; it is not a transaction price, invoice price, FOB contract price, margin, or profit. Reporter share fields are shares within Vietnam, Brazil, and Indonesia only, not global destination-market share. Low-volume destination (< 50 tons); unit value can be unstable.",UN Comtrade,https://comtradeapi.un.org/public/v1/preview/C/A/HS?reporterCode=76&flowCode=X&cmdCode=090111&period=2020&includeDesc=true,2026-05-30T19:13:38.772Z
A,2020-01-01,2020,Brazil,BRA,Paraguay,PRY,Export,coffee,coffee_raw_core,090111,Coffee; not roasted or decaffeinated,1298814,864,1503.256944,100,100,1,1,ok,ok,0.82,"Export unit value is calculated as SUM(value_usd) / SUM(quantity_ton). Use as a directional competitor benchmark only; it is not a transaction price, invoice price, FOB contract price, margin, or profit. Reporter share fields are shares within Vietnam, Brazil, and Indonesia only, not global destination-market share.",UN Comtrade,https://comtradeapi.un.org/public/v1/preview/C/A/HS?reporterCode=76&flowCode=X&cmdCode=090111&period=2020&includeDesc=true,2026-05-30T19:13:38.772Z
A,2020-01-01,2020,Brazil,BRA,Peru,PER,Export,coffee,coffee_raw_core,090111,Coffee; not roasted or decaffeinated,471387,310.2,1519.622824,100,100,1,1,ok,ok,0.82,"Export unit value is calculated as SUM(value_usd) / SUM(quantity_ton). Use as a directional competitor benchmark only; it is not a transaction price, invoice price, FOB contract price, margin, or profit. Reporter share fields are shares within Vietnam, Brazil, and Indonesia only, not global destination-market share.",UN Comtrade,https://comtradeapi.un.org/public/v1/preview/C/A/HS?reporterCode=76&flowCode=X&cmdCode=090111&period=2020&includeDesc=true,2026-05-30T19:13:38.772Z
A,2020-01-01,2020,Brazil,BRA,Philippines,PHL,Export,coffee,coffee_raw_core,090111,Coffee; not roasted or decaffeinated,1608829,643.183,2501.35498,2.728344,1.682136,3,1,ok,ok,0.82,"Export unit value is calculated as SUM(value_usd) / SUM(quantity_ton). Use as a directional competitor benchmark only; it is not a transaction price, invoice price, FOB contract price, margin, or profit. Reporter share fields are shares within Vietnam, Brazil, and Indonesia only, not global destination-market share.",UN Comtrade,https://comtradeapi.un.org/public/v1/preview/C/A/HS?reporterCode=76&flowCode=X&cmdCode=090111&period=2020&includeDesc=true,2026-05-30T19:13:38.772Z
A,2020-01-01,2020,Indonesia,IDN,Philippines,PHL,Export,coffee,coffee_raw_core,090111,Coffee; not roasted or decaffeinated,10023579.09,6524.58,1536.27959,16.998557,17.063929,2,2,ok,ok,0.82,"Export unit value is calculated as SUM(value_usd) / SUM(quantity_ton). Use as a directional competitor benchmark only; it is not a transaction price, invoice price, FOB contract price, margin, or profit. Reporter share fields are shares within Vietnam, Brazil, and Indonesia only, not global destination-market share.",UN Comtrade,https://comtradeapi.un.org/public/v1/preview/C/A/HS?reporterCode=360&flowCode=X&cmdCode=090111&period=2020&includeDesc=true,2026-05-30T19:13:38.772Z
A,2020-01-01,2020,Vietnam,VNM,Philippines,PHL,Export,coffee,coffee_raw_core,090111,Coffee; not roasted or decaffeinated,47334828.103,31068.330524,1523.571666,80.273099,81.253935,1,3,ok,ok,0.82,"Export unit value is calculated as SUM(value_usd) / SUM(quantity_ton). Use as a directional competitor benchmark only; it is not a transaction price, invoice price, FOB contract price, margin, or profit. Reporter share fields are shares within Vietnam, Brazil, and Indonesia only, not global destination-market share.",UN Comtrade,https://comtradeapi.un.org/public/v1/preview/C/A/HS?reporterCode=704&flowCode=X&cmdCode=090111&period=2020&includeDesc=true,2026-05-30T19:13:38.772Z
A,2020-01-01,2020,Brazil,BRA,Poland,POL,Export,coffee,coffee_raw_core,090111,Coffee; not roasted or decaffeinated,25813322,12509.15,2063.555238,56.488371,48.709153,1,1,ok,ok,0.82,"Export unit value is calculated as SUM(value_usd) / SUM(quantity_ton). Use as a directional competitor benchmark only; it is not a transaction price, invoice price, FOB contract price, margin, or profit. Reporter share fields are shares within Vietnam, Brazil, and Indonesia only, not global destination-market share.",UN Comtrade,https://comtradeapi.un.org/public/v1/preview/C/A/HS?reporterCode=76&flowCode=X&cmdCode=090111&period=2020&includeDesc=true,2026-05-30T19:13:38.772Z
A,2020-01-01,2020,Indonesia,IDN,Poland,POL,Export,coffee,coffee_raw_core,090111,Coffee; not roasted or decaffeinated,39986.865,21.26,1880.849718,0.087505,0.082784,3,2,ok,low_volume_for_competitor_benchmark,0.55,"Export unit value is calculated as SUM(value_usd) / SUM(quantity_ton). Use as a directional competitor benchmark only; it is not a transaction price, invoice price, FOB contract price, margin, or profit. Reporter share fields are shares within Vietnam, Brazil, and Indonesia only, not global destination-market share. Low-volume destination (< 50 tons); unit value can be unstable.",UN Comtrade,https://comtradeapi.un.org/public/v1/preview/C/A/HS?reporterCode=360&flowCode=X&cmdCode=090111&period=2020&includeDesc=true,2026-05-30T19:13:38.772Z
A,2020-01-01,2020,Vietnam,VNM,Poland,POL,Export,coffee,coffee_raw_core,090111,Coffee; not roasted or decaffeinated,19843392.251,13150.902997,1508.899598,43.424124,51.208063,2,3,ok,ok,0.82,"Export unit value is calculated as SUM(value_usd) / SUM(quantity_ton). Use as a directional competitor benchmark only; it is not a transaction price, invoice price, FOB contract price, margin, or profit. Reporter share fields are shares within Vietnam, Brazil, and Indonesia only, not global destination-market share.",UN Comtrade,https://comtradeapi.un.org/public/v1/preview/C/A/HS?reporterCode=704&flowCode=X&cmdCode=090111&period=2020&includeDesc=true,2026-05-30T19:13:38.772Z
A,2020-01-01,2020,Brazil,BRA,Portugal,PRT,Export,coffee,coffee_raw_core,090111,Coffee; not roasted or decaffeinated,12626179,5828.265247,2166.370003,43.073854,35.851838,2,1,ok,ok,0.82,"Export unit value is calculated as SUM(value_usd) / SUM(quantity_ton). Use as a directional competitor benchmark only; it is not a transaction price, invoice price, FOB contract price, margin, or profit. Reporter share fields are shares within Vietnam, Brazil, and Indonesia only, not global destination-market share.",UN Comtrade,https://comtradeapi.un.org/public/v1/preview/C/A/HS?reporterCode=76&flowCode=X&cmdCode=090111&period=2020&includeDesc=true,2026-05-30T19:13:38.772Z
A,2020-01-01,2020,Indonesia,IDN,Portugal,PRT,Export,coffee,coffee_raw_core,090111,Coffee; not roasted or decaffeinated,532218.63,328.8,1618.669799,1.815649,2.022572,3,2,ok,ok,0.82,"Export unit value is calculated as SUM(value_usd) / SUM(quantity_ton). Use as a directional competitor benchmark only; it is not a transaction price, invoice price, FOB contract price, margin, or profit. Reporter share fields are shares within Vietnam, Brazil, and Indonesia only, not global destination-market share.",UN Comtrade,https://comtradeapi.un.org/public/v1/preview/C/A/HS?reporterCode=360&flowCode=X&cmdCode=090111&period=2020&includeDesc=true,2026-05-30T19:13:38.772Z
A,2020-01-01,2020,Vietnam,VNM,Portugal,PRT,Export,coffee,coffee_raw_core,090111,Coffee; not roasted or decaffeinated,16154463.482,10099.465966,1599.536405,55.110497,62.12559,1,3,ok,ok,0.82,"Export unit value is calculated as SUM(value_usd) / SUM(quantity_ton). Use as a directional competitor benchmark only; it is not a transaction price, invoice price, FOB contract price, margin, or profit. Reporter share fields are shares within Vietnam, Brazil, and Indonesia only, not global destination-market share.",UN Comtrade,https://comtradeapi.un.org/public/v1/preview/C/A/HS?reporterCode=704&flowCode=X&cmdCode=090111&period=2020&includeDesc=true,2026-05-30T19:13:38.772Z
A,2020-01-01,2020,Brazil,BRA,Qatar,QAT,Export,coffee,coffee_raw_core,090111,Coffee; not roasted or decaffeinated,331602,149.269,2221.50614,92.530883,98.359241,1,2,ok,ok,0.82,"Export unit value is calculated as SUM(value_usd) / SUM(quantity_ton). Use as a directional competitor benchmark only; it is not a transaction price, invoice price, FOB contract price, margin, or profit. Reporter share fields are shares within Vietnam, Brazil, and Indonesia only, not global destination-market share.",UN Comtrade,https://comtradeapi.un.org/public/v1/preview/C/A/HS?reporterCode=76&flowCode=X&cmdCode=090111&period=2020&includeDesc=true,2026-05-30T19:13:38.772Z
A,2020-01-01,2020,Indonesia,IDN,Qatar,QAT,Export,coffee,coffee_raw_core,090111,Coffee; not roasted or decaffeinated,26767,2.49,10749.799197,7.469117,1.640759,2,1,ok,low_volume_for_competitor_benchmark,0.55,"Export unit value is calculated as SUM(value_usd) / SUM(quantity_ton). Use as a directional competitor benchmark only; it is not a transaction price, invoice price, FOB contract price, margin, or profit. Reporter share fields are shares within Vietnam, Brazil, and Indonesia only, not global destination-market share. Low-volume destination (< 50 tons); unit value can be unstable.",UN Comtrade,https://comtradeapi.un.org/public/v1/preview/C/A/HS?reporterCode=360&flowCode=X&cmdCode=090111&period=2020&includeDesc=true,2026-05-30T19:13:38.772Z
A,2020-01-01,2020,Brazil,BRA,Rep. of Korea,KOR,Export,coffee,coffee_raw_core,090111,Coffee; not roasted or decaffeinated,83387504,35579.55339,2343.691701,59.614988,52.060935,1,2,ok,ok,0.82,"Export unit value is calculated as SUM(value_usd) / SUM(quantity_ton). Use as a directional competitor benchmark only; it is not a transaction price, invoice price, FOB contract price, margin, or profit. Reporter share fields are shares within Vietnam, Brazil, and Indonesia only, not global destination-market share.",UN Comtrade,https://comtradeapi.un.org/public/v1/preview/C/A/HS?reporterCode=76&flowCode=X&cmdCode=090111&period=2020&includeDesc=true,2026-05-30T19:13:38.772Z
A,2020-01-01,2020,Indonesia,IDN,Rep. of Korea,KOR,Export,coffee,coffee_raw_core,090111,Coffee; not roasted or decaffeinated,9591285.23,2884.2303,3325.42281,6.856955,4.220281,3,1,ok,ok,0.82,"Export unit value is calculated as SUM(value_usd) / SUM(quantity_ton). Use as a directional competitor benchmark only; it is not a transaction price, invoice price, FOB contract price, margin, or profit. Reporter share fields are shares within Vietnam, Brazil, and Indonesia only, not global destination-market share.",UN Comtrade,https://comtradeapi.un.org/public/v1/preview/C/A/HS?reporterCode=360&flowCode=X&cmdCode=090111&period=2020&includeDesc=true,2026-05-30T19:13:38.772Z
A,2020-01-01,2020,Vietnam,VNM,Rep. of Korea,KOR,Export,coffee,coffee_raw_core,090111,Coffee; not roasted or decaffeinated,46897953.791,29878.348575,1569.630051,33.528057,43.718783,2,3,ok,ok,0.82,"Export unit value is calculated as SUM(value_usd) / SUM(quantity_ton). Use as a directional competitor benchmark only; it is not a transaction price, invoice price, FOB contract price, margin, or profit. Reporter share fields are shares within Vietnam, Brazil, and Indonesia only, not global destination-market share.",UN Comtrade,https://comtradeapi.un.org/public/v1/preview/C/A/HS?reporterCode=704&flowCode=X&cmdCode=090111&period=2020&includeDesc=true,2026-05-30T19:13:38.772Z
A,2020-01-01,2020,Brazil,BRA,Romania,ROU,Export,coffee,coffee_raw_core,090111,Coffee; not roasted or decaffeinated,7161244,3230.28,2216.911228,61.325506,52.975844,1,1,ok,ok,0.82,"Export unit value is calculated as SUM(value_usd) / SUM(quantity_ton). Use as a directional competitor benchmark only; it is not a transaction price, invoice price, FOB contract price, margin, or profit. Reporter share fields are shares within Vietnam, Brazil, and Indonesia only, not global destination-market share.",UN Comtrade,https://comtradeapi.un.org/public/v1/preview/C/A/HS?reporterCode=76&flowCode=X&cmdCode=090111&period=2020&includeDesc=true,2026-05-30T19:13:38.772Z
A,2020-01-01,2020,Indonesia,IDN,Romania,ROU,Export,coffee,coffee_raw_core,090111,Coffee; not roasted or decaffeinated,951590.42,585.61,1624.955892,8.14897,9.603868,3,2,ok,ok,0.82,"Export unit value is calculated as SUM(value_usd) / SUM(quantity_ton). Use as a directional competitor benchmark only; it is not a transaction price, invoice price, FOB contract price, margin, or profit. Reporter share fields are shares within Vietnam, Brazil, and Indonesia only, not global destination-market share.",UN Comtrade,https://comtradeapi.un.org/public/v1/preview/C/A/HS?reporterCode=360&flowCode=X&cmdCode=090111&period=2020&includeDesc=true,2026-05-30T19:13:38.772Z
A,2020-01-01,2020,Vietnam,VNM,Romania,ROU,Export,coffee,coffee_raw_core,090111,Coffee; not roasted or decaffeinated,3564597.18,2281.757086,1562.215891,30.525524,37.420288,2,3,ok,ok,0.82,"Export unit value is calculated as SUM(value_usd) / SUM(quantity_ton). Use as a directional competitor benchmark only; it is not a transaction price, invoice price, FOB contract price, margin, or profit. Reporter share fields are shares within Vietnam, Brazil, and Indonesia only, not global destination-market share.",UN Comtrade,https://comtradeapi.un.org/public/v1/preview/C/A/HS?reporterCode=704&flowCode=X&cmdCode=090111&period=2020&includeDesc=true,2026-05-30T19:13:38.772Z
A,2020-01-01,2020,Brazil,BRA,Russian Federation,RUS,Export,coffee,coffee_raw_core,090111,Coffee; not roasted or decaffeinated,111316166,54477.825247,2043.329841,46.499543,39.46619,1,1,ok,ok,0.82,"Export unit value is calculated as SUM(value_usd) / SUM(quantity_ton). Use as a directional competitor benchmark only; it is not a transaction price, invoice price, FOB contract price, margin, or profit. Reporter share fields are shares within Vietnam, Brazil, and Indonesia only, not global destination-market share.",UN Comtrade,https://comtradeapi.un.org/public/v1/preview/C/A/HS?reporterCode=76&flowCode=X&cmdCode=090111&period=2020&includeDesc=true,2026-05-30T19:13:38.772Z
A,2020-01-01,2020,Indonesia,IDN,Russian Federation,RUS,Export,coffee,coffee_raw_core,090111,Coffee; not roasted or decaffeinated,36667077.85,24181.8,1516.308871,15.316754,17.518385,3,3,ok,ok,0.82,"Export unit value is calculated as SUM(value_usd) / SUM(quantity_ton). Use as a directional competitor benchmark only; it is not a transaction price, invoice price, FOB contract price, margin, or profit. Reporter share fields are shares within Vietnam, Brazil, and Indonesia only, not global destination-market share.",UN Comtrade,https://comtradeapi.un.org/public/v1/preview/C/A/HS?reporterCode=360&flowCode=X&cmdCode=090111&period=2020&includeDesc=true,2026-05-30T19:13:38.772Z
A,2020-01-01,2020,Vietnam,VNM,Russian Federation,RUS,Export,coffee,coffee_raw_core,090111,Coffee; not roasted or decaffeinated,91408712.591,59377.071911,1539.461439,38.183703,43.015425,2,2,ok,ok,0.82,"Export unit value is calculated as SUM(value_usd) / SUM(quantity_ton). Use as a directional competitor benchmark only; it is not a transaction price, invoice price, FOB contract price, margin, or profit. Reporter share fields are shares within Vietnam, Brazil, and Indonesia only, not global destination-market share.",UN Comtrade,https://comtradeapi.un.org/public/v1/preview/C/A/HS?reporterCode=704&flowCode=X&cmdCode=090111&period=2020&includeDesc=true,2026-05-30T19:13:38.772Z
A,2020-01-01,2020,Brazil,BRA,Saudi Arabia,SAU,Export,coffee,coffee_raw_core,090111,Coffee; not roasted or decaffeinated,13494730,6192.896954,2179.065807,91.091168,95.54024,1,2,ok,ok,0.82,"Export unit value is calculated as SUM(value_usd) / SUM(quantity_ton). Use as a directional competitor benchmark only; it is not a transaction price, invoice price, FOB contract price, margin, or profit. Reporter share fields are shares within Vietnam, Brazil, and Indonesia only, not global destination-market share.",UN Comtrade,https://comtradeapi.un.org/public/v1/preview/C/A/HS?reporterCode=76&flowCode=X&cmdCode=090111&period=2020&includeDesc=true,2026-05-30T19:13:38.772Z
A,2020-01-01,2020,Indonesia,IDN,Saudi Arabia,SAU,Export,coffee,coffee_raw_core,090111,Coffee; not roasted or decaffeinated,1143905.67,195.967,5837.236218,7.721511,3.023259,2,1,ok,ok,0.82,"Export unit value is calculated as SUM(value_usd) / SUM(quantity_ton). Use as a directional competitor benchmark only; it is not a transaction price, invoice price, FOB contract price, margin, or profit. Reporter share fields are shares within Vietnam, Brazil, and Indonesia only, not global destination-market share.",UN Comtrade,https://comtradeapi.un.org/public/v1/preview/C/A/HS?reporterCode=360&flowCode=X&cmdCode=090111&period=2020&includeDesc=true,2026-05-30T19:13:38.772Z
A,2020-01-01,2020,Vietnam,VNM,Saudi Arabia,SAU,Export,coffee,coffee_raw_core,090111,Coffee; not roasted or decaffeinated,175896,93.113631,1889.046728,1.187321,1.4365,3,3,ok,ok,0.82,"Export unit value is calculated as SUM(value_usd) / SUM(quantity_ton). Use as a directional competitor benchmark only; it is not a transaction price, invoice price, FOB contract price, margin, or profit. Reporter share fields are shares within Vietnam, Brazil, and Indonesia only, not global destination-market share.",UN Comtrade,https://comtradeapi.un.org/public/v1/preview/C/A/HS?reporterCode=704&flowCode=X&cmdCode=090111&period=2020&includeDesc=true,2026-05-30T19:13:38.772Z
A,2020-01-01,2020,Brazil,BRA,Senegal,SEN,Export,coffee,coffee_raw_core,090111,Coffee; not roasted or decaffeinated,19,0.02,950,0.027405,0.052056,2,2,ok,low_volume_for_competitor_benchmark,0.55,"Export unit value is calculated as SUM(value_usd) / SUM(quantity_ton). Use as a directional competitor benchmark only; it is not a transaction price, invoice price, FOB contract price, margin, or profit. Reporter share fields are shares within Vietnam, Brazil, and Indonesia only, not global destination-market share. Low-volume destination (< 50 tons); unit value can be unstable.",UN Comtrade,https://comtradeapi.un.org/public/v1/preview/C/A/HS?reporterCode=76&flowCode=X&cmdCode=090111&period=2020&includeDesc=true,2026-05-30T19:13:38.772Z
A,2020-01-01,2020,Vietnam,VNM,Senegal,SEN,Export,coffee,coffee_raw_core,090111,Coffee; not roasted or decaffeinated,69312,38.4,1805,99.972595,99.947944,1,1,ok,low_volume_for_competitor_benchmark,0.55,"Export unit value is calculated as SUM(value_usd) / SUM(quantity_ton). Use as a directional competitor benchmark only; it is not a transaction price, invoice price, FOB contract price, margin, or profit. Reporter share fields are shares within Vietnam, Brazil, and Indonesia only, not global destination-market share. Low-volume destination (< 50 tons); unit value can be unstable.",UN Comtrade,https://comtradeapi.un.org/public/v1/preview/C/A/HS?reporterCode=704&flowCode=X&cmdCode=090111&period=2020&includeDesc=true,2026-05-30T19:13:38.772Z
A,2020-01-01,2020,Brazil,BRA,Singapore,SGP,Export,coffee,coffee_raw_core,090111,Coffee; not roasted or decaffeinated,2024976,700.626,2890.238158,16.157646,11.572509,2,1,ok,ok,0.82,"Export unit value is calculated as SUM(value_usd) / SUM(quantity_ton). Use as a directional competitor benchmark only; it is not a transaction price, invoice price, FOB contract price, margin, or profit. Reporter share fields are shares within Vietnam, Brazil, and Indonesia only, not global destination-market share.",UN Comtrade,https://comtradeapi.un.org/public/v1/preview/C/A/HS?reporterCode=76&flowCode=X&cmdCode=090111&period=2020&includeDesc=true,2026-05-30T19:13:38.772Z
A,2020-01-01,2020,Indonesia,IDN,Singapore,SGP,Export,coffee,coffee_raw_core,090111,Coffee; not roasted or decaffeinated,10262145.123,5212.85377,1968.623249,81.883492,86.102713,1,2,ok,ok,0.82,"Export unit value is calculated as SUM(value_usd) / SUM(quantity_ton). Use as a directional competitor benchmark only; it is not a transaction price, invoice price, FOB contract price, margin, or profit. Reporter share fields are shares within Vietnam, Brazil, and Indonesia only, not global destination-market share.",UN Comtrade,https://comtradeapi.un.org/public/v1/preview/C/A/HS?reporterCode=360&flowCode=X&cmdCode=090111&period=2020&includeDesc=true,2026-05-30T19:13:38.772Z
A,2020-01-01,2020,Vietnam,VNM,Singapore,SGP,Export,coffee,coffee_raw_core,090111,Coffee; not roasted or decaffeinated,245496.75,140.747303,1744.237685,1.958862,2.324777,3,3,ok,ok,0.82,"Export unit value is calculated as SUM(value_usd) / SUM(quantity_ton). Use as a directional competitor benchmark only; it is not a transaction price, invoice price, FOB contract price, margin, or profit. Reporter share fields are shares within Vietnam, Brazil, and Indonesia only, not global destination-market share.",UN Comtrade,https://comtradeapi.un.org/public/v1/preview/C/A/HS?reporterCode=704&flowCode=X&cmdCode=090111&period=2020&includeDesc=true,2026-05-30T19:13:38.772Z
A,2020-01-01,2020,Brazil,BRA,Slovakia,SVK,Export,coffee,coffee_raw_core,090111,Coffee; not roasted or decaffeinated,13423348,7166.021,1873.194064,100,100,1,1,ok,ok,0.82,"Export unit value is calculated as SUM(value_usd) / SUM(quantity_ton). Use as a directional competitor benchmark only; it is not a transaction price, invoice price, FOB contract price, margin, or profit. Reporter share fields are shares within Vietnam, Brazil, and Indonesia only, not global destination-market share.",UN Comtrade,https://comtradeapi.un.org/public/v1/preview/C/A/HS?reporterCode=76&flowCode=X&cmdCode=090111&period=2020&includeDesc=true,2026-05-30T19:13:38.772Z
A,2020-01-01,2020,Brazil,BRA,Slovenia,SVN,Export,coffee,coffee_raw_core,090111,Coffee; not roasted or decaffeinated,38214048,21931.56,1742.4227,85.13884,83.815296,1,2,ok,ok,0.82,"Export unit value is calculated as SUM(value_usd) / SUM(quantity_ton). Use as a directional competitor benchmark only; it is not a transaction price, invoice price, FOB contract price, margin, or profit. Reporter share fields are shares within Vietnam, Brazil, and Indonesia only, not global destination-market share.",UN Comtrade,https://comtradeapi.un.org/public/v1/preview/C/A/HS?reporterCode=76&flowCode=X&cmdCode=090111&period=2020&includeDesc=true,2026-05-30T19:13:38.772Z
A,2020-01-01,2020,Indonesia,IDN,Slovenia,SVN,Export,coffee,coffee_raw_core,090111,Coffee; not roasted or decaffeinated,2720,0.38,7157.894737,0.00606,0.001452,3,1,ok,low_volume_for_competitor_benchmark,0.55,"Export unit value is calculated as SUM(value_usd) / SUM(quantity_ton). Use as a directional competitor benchmark only; it is not a transaction price, invoice price, FOB contract price, margin, or profit. Reporter share fields are shares within Vietnam, Brazil, and Indonesia only, not global destination-market share. Low-volume destination (< 50 tons); unit value can be unstable.",UN Comtrade,https://comtradeapi.un.org/public/v1/preview/C/A/HS?reporterCode=360&flowCode=X&cmdCode=090111&period=2020&includeDesc=true,2026-05-30T19:13:38.772Z
A,2020-01-01,2020,Vietnam,VNM,Slovenia,SVN,Export,coffee,coffee_raw_core,090111,Coffee; not roasted or decaffeinated,6667620.839,4234.59639,1574.55876,14.8551,16.183251,2,3,ok,ok,0.82,"Export unit value is calculated as SUM(value_usd) / SUM(quantity_ton). Use as a directional competitor benchmark only; it is not a transaction price, invoice price, FOB contract price, margin, or profit. Reporter share fields are shares within Vietnam, Brazil, and Indonesia only, not global destination-market share.",UN Comtrade,https://comtradeapi.un.org/public/v1/preview/C/A/HS?reporterCode=704&flowCode=X&cmdCode=090111&period=2020&includeDesc=true,2026-05-30T19:13:38.772Z
A,2020-01-01,2020,Brazil,BRA,South Africa,ZAF,Export,coffee,coffee_raw_core,090111,Coffee; not roasted or decaffeinated,26171509,18044.19,1450.411961,91.186661,93.732942,1,3,ok,ok,0.82,"Export unit value is calculated as SUM(value_usd) / SUM(quantity_ton). Use as a directional competitor benchmark only; it is not a transaction price, invoice price, FOB contract price, margin, or profit. Reporter share fields are shares within Vietnam, Brazil, and Indonesia only, not global destination-market share.",UN Comtrade,https://comtradeapi.un.org/public/v1/preview/C/A/HS?reporterCode=76&flowCode=X&cmdCode=090111&period=2020&includeDesc=true,2026-05-30T19:13:38.772Z
A,2020-01-01,2020,Indonesia,IDN,South Africa,ZAF,Export,coffee,coffee_raw_core,090111,Coffee; not roasted or decaffeinated,938952,190.8,4921.132075,3.271493,0.991136,3,1,ok,ok,0.82,"Export unit value is calculated as SUM(value_usd) / SUM(quantity_ton). Use as a directional competitor benchmark only; it is not a transaction price, invoice price, FOB contract price, margin, or profit. Reporter share fields are shares within Vietnam, Brazil, and Indonesia only, not global destination-market share.",UN Comtrade,https://comtradeapi.un.org/public/v1/preview/C/A/HS?reporterCode=360&flowCode=X&cmdCode=090111&period=2020&includeDesc=true,2026-05-30T19:13:38.772Z
A,2020-01-01,2020,Vietnam,VNM,South Africa,ZAF,Export,coffee,coffee_raw_core,090111,Coffee; not roasted or decaffeinated,1590566.875,1015.648738,1566.060012,5.541846,5.275922,2,2,ok,ok,0.82,"Export unit value is calculated as SUM(value_usd) / SUM(quantity_ton). Use as a directional competitor benchmark only; it is not a transaction price, invoice price, FOB contract price, margin, or profit. Reporter share fields are shares within Vietnam, Brazil, and Indonesia only, not global destination-market share.",UN Comtrade,https://comtradeapi.un.org/public/v1/preview/C/A/HS?reporterCode=704&flowCode=X&cmdCode=090111&period=2020&includeDesc=true,2026-05-30T19:13:38.772Z
A,2020-01-01,2020,Brazil,BRA,Spain,ESP,Export,coffee,coffee_raw_core,090111,Coffee; not roasted or decaffeinated,106835576,51715.628,2065.827684,42.506401,35.453375,2,1,ok,ok,0.82,"Export unit value is calculated as SUM(value_usd) / SUM(quantity_ton). Use as a directional competitor benchmark only; it is not a transaction price, invoice price, FOB contract price, margin, or profit. Reporter share fields are shares within Vietnam, Brazil, and Indonesia only, not global destination-market share.",UN Comtrade,https://comtradeapi.un.org/public/v1/preview/C/A/HS?reporterCode=76&flowCode=X&cmdCode=090111&period=2020&includeDesc=true,2026-05-30T19:13:38.772Z
A,2020-01-01,2020,Indonesia,IDN,Spain,ESP,Export,coffee,coffee_raw_core,090111,Coffee; not roasted or decaffeinated,19675649.57,12557.2423,1566.876636,7.828301,8.608551,3,2,ok,ok,0.82,"Export unit value is calculated as SUM(value_usd) / SUM(quantity_ton). Use as a directional competitor benchmark only; it is not a transaction price, invoice price, FOB contract price, margin, or profit. Reporter share fields are shares within Vietnam, Brazil, and Indonesia only, not global destination-market share.",UN Comtrade,https://comtradeapi.un.org/public/v1/preview/C/A/HS?reporterCode=360&flowCode=X&cmdCode=090111&period=2020&includeDesc=true,2026-05-30T19:13:38.772Z
A,2020-01-01,2020,Vietnam,VNM,Spain,ESP,Export,coffee,coffee_raw_core,090111,Coffee; not roasted or decaffeinated,124828746.595,81596.538783,1529.828942,49.665298,55.938075,1,3,ok,ok,0.82,"Export unit value is calculated as SUM(value_usd) / SUM(quantity_ton). Use as a directional competitor benchmark only; it is not a transaction price, invoice price, FOB contract price, margin, or profit. Reporter share fields are shares within Vietnam, Brazil, and Indonesia only, not global destination-market share.",UN Comtrade,https://comtradeapi.un.org/public/v1/preview/C/A/HS?reporterCode=704&flowCode=X&cmdCode=090111&period=2020&includeDesc=true,2026-05-30T19:13:38.772Z
A,2020-01-01,2020,Indonesia,IDN,Sri Lanka,LKA,Export,coffee,coffee_raw_core,090111,Coffee; not roasted or decaffeinated,6,0.005,1200,0.00625,0.009085,2,2,ok,low_volume_for_competitor_benchmark,0.55,"Export unit value is calculated as SUM(value_usd) / SUM(quantity_ton). Use as a directional competitor benchmark only; it is not a transaction price, invoice price, FOB contract price, margin, or profit. Reporter share fields are shares within Vietnam, Brazil, and Indonesia only, not global destination-market share. Low-volume destination (< 50 tons); unit value can be unstable.",UN Comtrade,https://comtradeapi.un.org/public/v1/preview/C/A/HS?reporterCode=360&flowCode=X&cmdCode=090111&period=2020&includeDesc=true,2026-05-30T19:13:38.772Z
A,2020-01-01,2020,Vietnam,VNM,Sri Lanka,LKA,Export,coffee,coffee_raw_core,090111,Coffee; not roasted or decaffeinated,95996,55.03,1744.430311,99.99375,99.990915,1,1,ok,ok,0.82,"Export unit value is calculated as SUM(value_usd) / SUM(quantity_ton). Use as a directional competitor benchmark only; it is not a transaction price, invoice price, FOB contract price, margin, or profit. Reporter share fields are shares within Vietnam, Brazil, and Indonesia only, not global destination-market share.",UN Comtrade,https://comtradeapi.un.org/public/v1/preview/C/A/HS?reporterCode=704&flowCode=X&cmdCode=090111&period=2020&includeDesc=true,2026-05-30T19:13:38.772Z
A,2020-01-01,2020,Brazil,BRA,Sweden,SWE,Export,coffee,coffee_raw_core,090111,Coffee; not roasted or decaffeinated,93988610,42342.771,2219.708531,95.515938,94.050925,1,2,ok,ok,0.82,"Export unit value is calculated as SUM(value_usd) / SUM(quantity_ton). Use as a directional competitor benchmark only; it is not a transaction price, invoice price, FOB contract price, margin, or profit. Reporter share fields are shares within Vietnam, Brazil, and Indonesia only, not global destination-market share.",UN Comtrade,https://comtradeapi.un.org/public/v1/preview/C/A/HS?reporterCode=76&flowCode=X&cmdCode=090111&period=2020&includeDesc=true,2026-05-30T19:13:38.772Z
A,2020-01-01,2020,Indonesia,IDN,Sweden,SWE,Export,coffee,coffee_raw_core,090111,Coffee; not roasted or decaffeinated,567084.32,227.2,2495.969718,0.5763,0.504652,3,1,ok,ok,0.82,"Export unit value is calculated as SUM(value_usd) / SUM(quantity_ton). Use as a directional competitor benchmark only; it is not a transaction price, invoice price, FOB contract price, margin, or profit. Reporter share fields are shares within Vietnam, Brazil, and Indonesia only, not global destination-market share.",UN Comtrade,https://comtradeapi.un.org/public/v1/preview/C/A/HS?reporterCode=360&flowCode=X&cmdCode=090111&period=2020&includeDesc=true,2026-05-30T19:13:38.772Z
A,2020-01-01,2020,Vietnam,VNM,Sweden,SWE,Export,coffee,coffee_raw_core,090111,Coffee; not roasted or decaffeinated,3845276.058,2451.139637,1568.770706,3.907762,5.444423,2,3,ok,ok,0.82,"Export unit value is calculated as SUM(value_usd) / SUM(quantity_ton). Use as a directional competitor benchmark only; it is not a transaction price, invoice price, FOB contract price, margin, or profit. Reporter share fields are shares within Vietnam, Brazil, and Indonesia only, not global destination-market share.",UN Comtrade,https://comtradeapi.un.org/public/v1/preview/C/A/HS?reporterCode=704&flowCode=X&cmdCode=090111&period=2020&includeDesc=true,2026-05-30T19:13:38.772Z
A,2020-01-01,2020,Brazil,BRA,Switzerland,CHE,Export,coffee,coffee_raw_core,090111,Coffee; not roasted or decaffeinated,9108026,4880.466,1866.220562,99.996387,99.999639,1,2,ok,ok,0.82,"Export unit value is calculated as SUM(value_usd) / SUM(quantity_ton). Use as a directional competitor benchmark only; it is not a transaction price, invoice price, FOB contract price, margin, or profit. Reporter share fields are shares within Vietnam, Brazil, and Indonesia only, not global destination-market share.",UN Comtrade,https://comtradeapi.un.org/public/v1/preview/C/A/HS?reporterCode=76&flowCode=X&cmdCode=090111&period=2020&includeDesc=true,2026-05-30T19:13:38.772Z
A,2020-01-01,2020,Indonesia,IDN,Switzerland,CHE,Export,coffee,coffee_raw_core,090111,Coffee; not roasted or decaffeinated,329.05,0.0176,18696.022727,0.003613,0.000361,2,1,ok,low_volume_for_competitor_benchmark,0.55,"Export unit value is calculated as SUM(value_usd) / SUM(quantity_ton). Use as a directional competitor benchmark only; it is not a transaction price, invoice price, FOB contract price, margin, or profit. Reporter share fields are shares within Vietnam, Brazil, and Indonesia only, not global destination-market share. Low-volume destination (< 50 tons); unit value can be unstable.",UN Comtrade,https://comtradeapi.un.org/public/v1/preview/C/A/HS?reporterCode=360&flowCode=X&cmdCode=090111&period=2020&includeDesc=true,2026-05-30T19:13:38.772Z
A,2020-01-01,2020,Brazil,BRA,Syria,SYR,Export,coffee,coffee_raw_core,090111,Coffee; not roasted or decaffeinated,42292146,27154.601,1557.457832,100,100,1,1,ok,ok,0.82,"Export unit value is calculated as SUM(value_usd) / SUM(quantity_ton). Use as a directional competitor benchmark only; it is not a transaction price, invoice price, FOB contract price, margin, or profit. Reporter share fields are shares within Vietnam, Brazil, and Indonesia only, not global destination-market share.",UN Comtrade,https://comtradeapi.un.org/public/v1/preview/C/A/HS?reporterCode=76&flowCode=X&cmdCode=090111&period=2020&includeDesc=true,2026-05-30T19:13:38.772Z
A,2020-01-01,2020,Brazil,BRA,Thailand,THA,Export,coffee,coffee_raw_core,090111,Coffee; not roasted or decaffeinated,172636,73.97,2333.86508,0.324779,0.215399,3,1,ok,ok,0.82,"Export unit value is calculated as SUM(value_usd) / SUM(quantity_ton). Use as a directional competitor benchmark only; it is not a transaction price, invoice price, FOB contract price, margin, or profit. Reporter share fields are shares within Vietnam, Brazil, and Indonesia only, not global destination-market share.",UN Comtrade,https://comtradeapi.un.org/public/v1/preview/C/A/HS?reporterCode=76&flowCode=X&cmdCode=090111&period=2020&includeDesc=true,2026-05-30T19:13:38.772Z
A,2020-01-01,2020,Indonesia,IDN,Thailand,THA,Export,coffee,coffee_raw_core,090111,Coffee; not roasted or decaffeinated,4684882.08,2870.583,1632.03157,8.813637,8.359085,2,2,ok,ok,0.82,"Export unit value is calculated as SUM(value_usd) / SUM(quantity_ton). Use as a directional competitor benchmark only; it is not a transaction price, invoice price, FOB contract price, margin, or profit. Reporter share fields are shares within Vietnam, Brazil, and Indonesia only, not global destination-market share.",UN Comtrade,https://comtradeapi.un.org/public/v1/preview/C/A/HS?reporterCode=360&flowCode=X&cmdCode=090111&period=2020&includeDesc=true,2026-05-30T19:13:38.772Z
A,2020-01-01,2020,Vietnam,VNM,Thailand,THA,Export,coffee,coffee_raw_core,090111,Coffee; not roasted or decaffeinated,48297405.063,31396.324184,1538.314001,90.861584,91.425516,1,3,ok,ok,0.82,"Export unit value is calculated as SUM(value_usd) / SUM(quantity_ton). Use as a directional competitor benchmark only; it is not a transaction price, invoice price, FOB contract price, margin, or profit. Reporter share fields are shares within Vietnam, Brazil, and Indonesia only, not global destination-market share.",UN Comtrade,https://comtradeapi.un.org/public/v1/preview/C/A/HS?reporterCode=704&flowCode=X&cmdCode=090111&period=2020&includeDesc=true,2026-05-30T19:13:38.772Z
A,2020-01-01,2020,Brazil,BRA,Trinidad and Tobago,TTO,Export,coffee,coffee_raw_core,090111,Coffee; not roasted or decaffeinated,576294,292.5,1970.235897,100,100,1,1,ok,ok,0.82,"Export unit value is calculated as SUM(value_usd) / SUM(quantity_ton). Use as a directional competitor benchmark only; it is not a transaction price, invoice price, FOB contract price, margin, or profit. Reporter share fields are shares within Vietnam, Brazil, and Indonesia only, not global destination-market share.",UN Comtrade,https://comtradeapi.un.org/public/v1/preview/C/A/HS?reporterCode=76&flowCode=X&cmdCode=090111&period=2020&includeDesc=true,2026-05-30T19:13:38.772Z
A,2020-01-01,2020,Brazil,BRA,Tunisia,TUN,Export,coffee,coffee_raw_core,090111,Coffee; not roasted or decaffeinated,18565886,11779.56,1576.110313,60.422961,60.243136,1,1,ok,ok,0.82,"Export unit value is calculated as SUM(value_usd) / SUM(quantity_ton). Use as a directional competitor benchmark only; it is not a transaction price, invoice price, FOB contract price, margin, or profit. Reporter share fields are shares within Vietnam, Brazil, and Indonesia only, not global destination-market share.",UN Comtrade,https://comtradeapi.un.org/public/v1/preview/C/A/HS?reporterCode=76&flowCode=X&cmdCode=090111&period=2020&includeDesc=true,2026-05-30T19:13:38.772Z
A,2020-01-01,2020,Vietnam,VNM,Tunisia,TUN,Export,coffee,coffee_raw_core,090111,Coffee; not roasted or decaffeinated,12160654.945,7773.804705,1564.311866,39.577039,39.756864,2,2,ok,ok,0.82,"Export unit value is calculated as SUM(value_usd) / SUM(quantity_ton). Use as a directional competitor benchmark only; it is not a transaction price, invoice price, FOB contract price, margin, or profit. Reporter share fields are shares within Vietnam, Brazil, and Indonesia only, not global destination-market share.",UN Comtrade,https://comtradeapi.un.org/public/v1/preview/C/A/HS?reporterCode=704&flowCode=X&cmdCode=090111&period=2020&includeDesc=true,2026-05-30T19:13:38.772Z
A,2020-01-01,2020,Brazil,BRA,Türkiye,TUR,Export,coffee,coffee_raw_core,090111,Coffee; not roasted or decaffeinated,152431854,81317.597,1874.524821,99.249066,99.227689,1,2,ok,ok,0.82,"Export unit value is calculated as SUM(value_usd) / SUM(quantity_ton). Use as a directional competitor benchmark only; it is not a transaction price, invoice price, FOB contract price, margin, or profit. Reporter share fields are shares within Vietnam, Brazil, and Indonesia only, not global destination-market share.",UN Comtrade,https://comtradeapi.un.org/public/v1/preview/C/A/HS?reporterCode=76&flowCode=X&cmdCode=090111&period=2020&includeDesc=true,2026-05-30T19:13:38.772Z
A,2020-01-01,2020,Indonesia,IDN,Türkiye,TUR,Export,coffee,coffee_raw_core,090111,Coffee; not roasted or decaffeinated,230599.2,76.38692,3018.830973,0.150144,0.093211,3,1,ok,ok,0.82,"Export unit value is calculated as SUM(value_usd) / SUM(quantity_ton). Use as a directional competitor benchmark only; it is not a transaction price, invoice price, FOB contract price, margin, or profit. Reporter share fields are shares within Vietnam, Brazil, and Indonesia only, not global destination-market share.",UN Comtrade,https://comtradeapi.un.org/public/v1/preview/C/A/HS?reporterCode=360&flowCode=X&cmdCode=090111&period=2020&includeDesc=true,2026-05-30T19:13:38.772Z
A,2020-01-01,2020,Vietnam,VNM,Türkiye,TUR,Export,coffee,coffee_raw_core,090111,Coffee; not roasted or decaffeinated,922724.05,556.525746,1658.00784,0.60079,0.6791,2,3,ok,ok,0.82,"Export unit value is calculated as SUM(value_usd) / SUM(quantity_ton). Use as a directional competitor benchmark only; it is not a transaction price, invoice price, FOB contract price, margin, or profit. Reporter share fields are shares within Vietnam, Brazil, and Indonesia only, not global destination-market share.",UN Comtrade,https://comtradeapi.un.org/public/v1/preview/C/A/HS?reporterCode=704&flowCode=X&cmdCode=090111&period=2020&includeDesc=true,2026-05-30T19:13:38.772Z
A,2020-01-01,2020,Brazil,BRA,Ukraine,UKR,Export,coffee,coffee_raw_core,090111,Coffee; not roasted or decaffeinated,8682986,3829.851,2267.186374,48.775854,41.039785,2,1,ok,ok,0.82,"Export unit value is calculated as SUM(value_usd) / SUM(quantity_ton). Use as a directional competitor benchmark only; it is not a transaction price, invoice price, FOB contract price, margin, or profit. Reporter share fields are shares within Vietnam, Brazil, and Indonesia only, not global destination-market share.",UN Comtrade,https://comtradeapi.un.org/public/v1/preview/C/A/HS?reporterCode=76&flowCode=X&cmdCode=090111&period=2020&includeDesc=true,2026-05-30T19:13:38.772Z
A,2020-01-01,2020,Indonesia,IDN,Ukraine,UKR,Export,coffee,coffee_raw_core,090111,Coffee; not roasted or decaffeinated,242563.23,133.8172,1812.646132,1.362576,1.433954,3,2,ok,ok,0.82,"Export unit value is calculated as SUM(value_usd) / SUM(quantity_ton). Use as a directional competitor benchmark only; it is not a transaction price, invoice price, FOB contract price, margin, or profit. Reporter share fields are shares within Vietnam, Brazil, and Indonesia only, not global destination-market share.",UN Comtrade,https://comtradeapi.un.org/public/v1/preview/C/A/HS?reporterCode=360&flowCode=X&cmdCode=090111&period=2020&includeDesc=true,2026-05-30T19:13:38.772Z
A,2020-01-01,2020,Vietnam,VNM,Ukraine,UKR,Export,coffee,coffee_raw_core,090111,Coffee; not roasted or decaffeinated,8876263.127,5368.376271,1653.435355,49.86157,57.526261,1,3,ok,ok,0.82,"Export unit value is calculated as SUM(value_usd) / SUM(quantity_ton). Use as a directional competitor benchmark only; it is not a transaction price, invoice price, FOB contract price, margin, or profit. Reporter share fields are shares within Vietnam, Brazil, and Indonesia only, not global destination-market share.",UN Comtrade,https://comtradeapi.un.org/public/v1/preview/C/A/HS?reporterCode=704&flowCode=X&cmdCode=090111&period=2020&includeDesc=true,2026-05-30T19:13:38.772Z
A,2020-01-01,2020,Brazil,BRA,United Arab Emirates,ARE,Export,coffee,coffee_raw_core,090111,Coffee; not roasted or decaffeinated,13481074,7161.682792,1882.389152,75.49557,75.680739,1,2,ok,ok,0.82,"Export unit value is calculated as SUM(value_usd) / SUM(quantity_ton). Use as a directional competitor benchmark only; it is not a transaction price, invoice price, FOB contract price, margin, or profit. Reporter share fields are shares within Vietnam, Brazil, and Indonesia only, not global destination-market share.",UN Comtrade,https://comtradeapi.un.org/public/v1/preview/C/A/HS?reporterCode=76&flowCode=X&cmdCode=090111&period=2020&includeDesc=true,2026-05-30T19:13:38.772Z
A,2020-01-01,2020,Indonesia,IDN,United Arab Emirates,ARE,Export,coffee,coffee_raw_core,090111,Coffee; not roasted or decaffeinated,2627333.834,1254.75,2093.910208,14.713373,13.25951,2,1,ok,ok,0.82,"Export unit value is calculated as SUM(value_usd) / SUM(quantity_ton). Use as a directional competitor benchmark only; it is not a transaction price, invoice price, FOB contract price, margin, or profit. Reporter share fields are shares within Vietnam, Brazil, and Indonesia only, not global destination-market share.",UN Comtrade,https://comtradeapi.un.org/public/v1/preview/C/A/HS?reporterCode=360&flowCode=X&cmdCode=090111&period=2020&includeDesc=true,2026-05-30T19:13:38.772Z
A,2020-01-01,2020,Vietnam,VNM,United Arab Emirates,ARE,Export,coffee,coffee_raw_core,090111,Coffee; not roasted or decaffeinated,1748367.154,1046.586265,1670.542804,9.791058,11.05975,3,3,ok,ok,0.82,"Export unit value is calculated as SUM(value_usd) / SUM(quantity_ton). Use as a directional competitor benchmark only; it is not a transaction price, invoice price, FOB contract price, margin, or profit. Reporter share fields are shares within Vietnam, Brazil, and Indonesia only, not global destination-market share.",UN Comtrade,https://comtradeapi.un.org/public/v1/preview/C/A/HS?reporterCode=704&flowCode=X&cmdCode=090111&period=2020&includeDesc=true,2026-05-30T19:13:38.772Z
A,2020-01-01,2020,Brazil,BRA,United Kingdom,GBR,Export,coffee,coffee_raw_core,090111,Coffee; not roasted or decaffeinated,96056626,42512.902248,2259.469971,55.053504,48.117973,1,1,ok,ok,0.82,"Export unit value is calculated as SUM(value_usd) / SUM(quantity_ton). Use as a directional competitor benchmark only; it is not a transaction price, invoice price, FOB contract price, margin, or profit. Reporter share fields are shares within Vietnam, Brazil, and Indonesia only, not global destination-market share.",UN Comtrade,https://comtradeapi.un.org/public/v1/preview/C/A/HS?reporterCode=76&flowCode=X&cmdCode=090111&period=2020&includeDesc=true,2026-05-30T19:13:38.772Z
A,2020-01-01,2020,Indonesia,IDN,United Kingdom,GBR,Export,coffee,coffee_raw_core,090111,Coffee; not roasted or decaffeinated,39780164.2,21349.4939,1863.28371,22.799441,24.164296,2,2,ok,ok,0.82,"Export unit value is calculated as SUM(value_usd) / SUM(quantity_ton). Use as a directional competitor benchmark only; it is not a transaction price, invoice price, FOB contract price, margin, or profit. Reporter share fields are shares within Vietnam, Brazil, and Indonesia only, not global destination-market share.",UN Comtrade,https://comtradeapi.un.org/public/v1/preview/C/A/HS?reporterCode=360&flowCode=X&cmdCode=090111&period=2020&includeDesc=true,2026-05-30T19:13:38.772Z
A,2020-01-01,2020,Vietnam,VNM,United Kingdom,GBR,Export,coffee,coffee_raw_core,090111,Coffee; not roasted or decaffeinated,38641888.452,24489.002412,1577.928239,22.147055,27.71773,3,3,ok,ok,0.82,"Export unit value is calculated as SUM(value_usd) / SUM(quantity_ton). Use as a directional competitor benchmark only; it is not a transaction price, invoice price, FOB contract price, margin, or profit. Reporter share fields are shares within Vietnam, Brazil, and Indonesia only, not global destination-market share.",UN Comtrade,https://comtradeapi.un.org/public/v1/preview/C/A/HS?reporterCode=704&flowCode=X&cmdCode=090111&period=2020&includeDesc=true,2026-05-30T19:13:38.772Z
A,2020-01-01,2020,Brazil,BRA,Uruguay,URY,Export,coffee,coffee_raw_core,090111,Coffee; not roasted or decaffeinated,2035432,1122.37,1813.512478,100,100,1,1,ok,ok,0.82,"Export unit value is calculated as SUM(value_usd) / SUM(quantity_ton). Use as a directional competitor benchmark only; it is not a transaction price, invoice price, FOB contract price, margin, or profit. Reporter share fields are shares within Vietnam, Brazil, and Indonesia only, not global destination-market share.",UN Comtrade,https://comtradeapi.un.org/public/v1/preview/C/A/HS?reporterCode=76&flowCode=X&cmdCode=090111&period=2020&includeDesc=true,2026-05-30T19:13:38.772Z
A,2020-01-01,2020,Brazil,BRA,USA,USA,Export,coffee,coffee_raw_core,090111,Coffee; not roasted or decaffeinated,929333166,429559.442,2163.456498,69.576357,70.247892,1,2,ok,ok,0.82,"Export unit value is calculated as SUM(value_usd) / SUM(quantity_ton). Use as a directional competitor benchmark only; it is not a transaction price, invoice price, FOB contract price, margin, or profit. Reporter share fields are shares within Vietnam, Brazil, and Indonesia only, not global destination-market share.",UN Comtrade,https://comtradeapi.un.org/public/v1/preview/C/A/HS?reporterCode=76&flowCode=X&cmdCode=090111&period=2020&includeDesc=true,2026-05-30T19:13:38.772Z
A,2020-01-01,2020,Indonesia,IDN,USA,USA,Export,coffee,coffee_raw_core,090111,Coffee; not roasted or decaffeinated,202351995.312,54473.72358,3714.671625,15.14948,8.908346,3,1,ok,ok,0.82,"Export unit value is calculated as SUM(value_usd) / SUM(quantity_ton). Use as a directional competitor benchmark only; it is not a transaction price, invoice price, FOB contract price, margin, or profit. Reporter share fields are shares within Vietnam, Brazil, and Indonesia only, not global destination-market share.",UN Comtrade,https://comtradeapi.un.org/public/v1/preview/C/A/HS?reporterCode=360&flowCode=X&cmdCode=090111&period=2020&includeDesc=true,2026-05-30T19:13:38.772Z
A,2020-01-01,2020,Vietnam,VNM,USA,USA,Export,coffee,coffee_raw_core,090111,Coffee; not roasted or decaffeinated,204017375.824,127457.702248,1600.667298,15.274162,20.843762,2,3,ok,ok,0.82,"Export unit value is calculated as SUM(value_usd) / SUM(quantity_ton). Use as a directional competitor benchmark only; it is not a transaction price, invoice price, FOB contract price, margin, or profit. Reporter share fields are shares within Vietnam, Brazil, and Indonesia only, not global destination-market share.",UN Comtrade,https://comtradeapi.un.org/public/v1/preview/C/A/HS?reporterCode=704&flowCode=X&cmdCode=090111&period=2020&includeDesc=true,2026-05-30T19:13:38.772Z
A,2020-01-01,2020,Brazil,BRA,Venezuela,VEN,Export,coffee,coffee_raw_core,090111,Coffee; not roasted or decaffeinated,3242023,2548.53,1272.114905,78.955643,84.746596,1,2,ok,ok,0.82,"Export unit value is calculated as SUM(value_usd) / SUM(quantity_ton). Use as a directional competitor benchmark only; it is not a transaction price, invoice price, FOB contract price, margin, or profit. Reporter share fields are shares within Vietnam, Brazil, and Indonesia only, not global destination-market share.",UN Comtrade,https://comtradeapi.un.org/public/v1/preview/C/A/HS?reporterCode=76&flowCode=X&cmdCode=090111&period=2020&includeDesc=true,2026-05-30T19:13:38.772Z
A,2020-01-01,2020,Vietnam,VNM,Venezuela,VEN,Export,coffee,coffee_raw_core,090111,Coffee; not roasted or decaffeinated,864109.08,458.705824,1883.797926,21.044357,15.253404,2,1,ok,ok,0.82,"Export unit value is calculated as SUM(value_usd) / SUM(quantity_ton). Use as a directional competitor benchmark only; it is not a transaction price, invoice price, FOB contract price, margin, or profit. Reporter share fields are shares within Vietnam, Brazil, and Indonesia only, not global destination-market share.",UN Comtrade,https://comtradeapi.un.org/public/v1/preview/C/A/HS?reporterCode=704&flowCode=X&cmdCode=090111&period=2020&includeDesc=true,2026-05-30T19:13:38.772Z
A,2020-01-01,2020,Brazil,BRA,Viet Nam,VNM,Export,coffee,coffee_raw_core,090111,Coffee; not roasted or decaffeinated,9354873,6941.128,1347.745352,49.254184,51.938414,2,2,ok,ok,0.82,"Export unit value is calculated as SUM(value_usd) / SUM(quantity_ton). Use as a directional competitor benchmark only; it is not a transaction price, invoice price, FOB contract price, margin, or profit. Reporter share fields are shares within Vietnam, Brazil, and Indonesia only, not global destination-market share.",UN Comtrade,https://comtradeapi.un.org/public/v1/preview/C/A/HS?reporterCode=76&flowCode=X&cmdCode=090111&period=2020&includeDesc=true,2026-05-30T19:13:38.772Z
A,2020-01-01,2020,Indonesia,IDN,Viet Nam,VNM,Export,coffee,coffee_raw_core,090111,Coffee; not roasted or decaffeinated,9638179.38,6423.0229,1500.567494,50.745816,48.061586,1,1,ok,ok,0.82,"Export unit value is calculated as SUM(value_usd) / SUM(quantity_ton). Use as a directional competitor benchmark only; it is not a transaction price, invoice price, FOB contract price, margin, or profit. Reporter share fields are shares within Vietnam, Brazil, and Indonesia only, not global destination-market share.",UN Comtrade,https://comtradeapi.un.org/public/v1/preview/C/A/HS?reporterCode=360&flowCode=X&cmdCode=090111&period=2020&includeDesc=true,2026-05-30T19:13:38.772Z
A,2021-01-01,2021,Brazil,BRA,Albania,ALB,Export,coffee,coffee_raw_core,090111,Coffee; not roasted or decaffeinated,3363387,1744.105,1928.431488,96.526591,96.801954,1,2,ok,ok,0.82,"Export unit value is calculated as SUM(value_usd) / SUM(quantity_ton). Use as a directional competitor benchmark only; it is not a transaction price, invoice price, FOB contract price, margin, or profit. Reporter share fields are shares within Vietnam, Brazil, and Indonesia only, not global destination-market share.",UN Comtrade,https://comtradeapi.un.org/public/v1/preview/C/A/HS?reporterCode=76&flowCode=X&cmdCode=090111&period=2021&includeDesc=true,2026-05-30T19:13:38.772Z
A,2021-01-01,2021,Indonesia,IDN,Albania,ALB,Export,coffee,coffee_raw_core,090111,Coffee; not roasted or decaffeinated,121028,57.62,2100.451232,3.473409,3.198046,2,1,ok,ok,0.82,"Export unit value is calculated as SUM(value_usd) / SUM(quantity_ton). Use as a directional competitor benchmark only; it is not a transaction price, invoice price, FOB contract price, margin, or profit. Reporter share fields are shares within Vietnam, Brazil, and Indonesia only, not global destination-market share.",UN Comtrade,https://comtradeapi.un.org/public/v1/preview/C/A/HS?reporterCode=360&flowCode=X&cmdCode=090111&period=2021&includeDesc=true,2026-05-30T19:13:38.772Z
A,2021-01-01,2021,Brazil,BRA,Algeria,DZA,Export,coffee,coffee_raw_core,090111,Coffee; not roasted or decaffeinated,31472550,19545.002,1610.260772,22.870223,24.434804,2,3,ok,ok,0.82,"Export unit value is calculated as SUM(value_usd) / SUM(quantity_ton). Use as a directional competitor benchmark only; it is not a transaction price, invoice price, FOB contract price, margin, or profit. Reporter share fields are shares within Vietnam, Brazil, and Indonesia only, not global destination-market share.",UN Comtrade,https://comtradeapi.un.org/public/v1/preview/C/A/HS?reporterCode=76&flowCode=X&cmdCode=090111&period=2021&includeDesc=true,2026-05-30T19:13:38.772Z
A,2021-01-01,2021,Indonesia,IDN,Algeria,DZA,Export,coffee,coffee_raw_core,090111,Coffee; not roasted or decaffeinated,6497365.48,3918.07,1658.307657,4.721454,4.898299,3,2,ok,ok,0.82,"Export unit value is calculated as SUM(value_usd) / SUM(quantity_ton). Use as a directional competitor benchmark only; it is not a transaction price, invoice price, FOB contract price, margin, or profit. Reporter share fields are shares within Vietnam, Brazil, and Indonesia only, not global destination-market share.",UN Comtrade,https://comtradeapi.un.org/public/v1/preview/C/A/HS?reporterCode=360&flowCode=X&cmdCode=090111&period=2021&includeDesc=true,2026-05-30T19:13:38.772Z
A,2021-01-01,2021,Vietnam,VNM,Algeria,DZA,Export,coffee,coffee_raw_core,090111,Coffee; not roasted or decaffeinated,99643739.153,56525.3,1762.816635,72.408323,70.666896,1,1,ok,ok,0.82,"Export unit value is calculated as SUM(value_usd) / SUM(quantity_ton). Use as a directional competitor benchmark only; it is not a transaction price, invoice price, FOB contract price, margin, or profit. Reporter share fields are shares within Vietnam, Brazil, and Indonesia only, not global destination-market share.",UN Comtrade,https://comtradeapi.un.org/public/v1/preview/C/A/HS?reporterCode=704&flowCode=X&cmdCode=090111&period=2021&includeDesc=true,2026-05-30T19:13:38.772Z
A,2021-01-01,2021,Brazil,BRA,Antigua and Barbuda,ATG,Export,coffee,coffee_raw_core,090111,Coffee; not roasted or decaffeinated,105,0.029,3620.689655,100,100,1,1,ok,low_volume_for_competitor_benchmark,0.55,"Export unit value is calculated as SUM(value_usd) / SUM(quantity_ton). Use as a directional competitor benchmark only; it is not a transaction price, invoice price, FOB contract price, margin, or profit. Reporter share fields are shares within Vietnam, Brazil, and Indonesia only, not global destination-market share. Low-volume destination (< 50 tons); unit value can be unstable.",UN Comtrade,https://comtradeapi.un.org/public/v1/preview/C/A/HS?reporterCode=76&flowCode=X&cmdCode=090111&period=2021&includeDesc=true,2026-05-30T19:13:38.772Z
A,2021-01-01,2021,Brazil,BRA,"Areas, nes",_X,Export,coffee,coffee_raw_core,090111,Coffee; not roasted or decaffeinated,105,0.014,7500,100,100,1,1,ok,low_volume_for_competitor_benchmark,0.55,"Export unit value is calculated as SUM(value_usd) / SUM(quantity_ton). Use as a directional competitor benchmark only; it is not a transaction price, invoice price, FOB contract price, margin, or profit. Reporter share fields are shares within Vietnam, Brazil, and Indonesia only, not global destination-market share. Low-volume destination (< 50 tons); unit value can be unstable.",UN Comtrade,https://comtradeapi.un.org/public/v1/preview/C/A/HS?reporterCode=76&flowCode=X&cmdCode=090111&period=2021&includeDesc=true,2026-05-30T19:13:38.772Z
A,2021-01-01,2021,Brazil,BRA,Argentina,ARG,Export,coffee,coffee_raw_core,090111,Coffee; not roasted or decaffeinated,54806755,24013.501,2282.330885,99.181355,98.89373,1,1,ok,ok,0.82,"Export unit value is calculated as SUM(value_usd) / SUM(quantity_ton). Use as a directional competitor benchmark only; it is not a transaction price, invoice price, FOB contract price, margin, or profit. Reporter share fields are shares within Vietnam, Brazil, and Indonesia only, not global destination-market share.",UN Comtrade,https://comtradeapi.un.org/public/v1/preview/C/A/HS?reporterCode=76&flowCode=X&cmdCode=090111&period=2021&includeDesc=true,2026-05-30T19:13:38.772Z
A,2021-01-01,2021,Vietnam,VNM,Argentina,ARG,Export,coffee,coffee_raw_core,090111,Coffee; not roasted or decaffeinated,452376.068,268.626,1684.036795,0.818645,1.10627,2,2,ok,ok,0.82,"Export unit value is calculated as SUM(value_usd) / SUM(quantity_ton). Use as a directional competitor benchmark only; it is not a transaction price, invoice price, FOB contract price, margin, or profit. Reporter share fields are shares within Vietnam, Brazil, and Indonesia only, not global destination-market share.",UN Comtrade,https://comtradeapi.un.org/public/v1/preview/C/A/HS?reporterCode=704&flowCode=X&cmdCode=090111&period=2021&includeDesc=true,2026-05-30T19:13:38.772Z
A,2021-01-01,2021,Brazil,BRA,Armenia,ARM,Export,coffee,coffee_raw_core,090111,Coffee; not roasted or decaffeinated,47361,19.2,2466.71875,6.71652,5.479428,2,1,ok,low_volume_for_competitor_benchmark,0.55,"Export unit value is calculated as SUM(value_usd) / SUM(quantity_ton). Use as a directional competitor benchmark only; it is not a transaction price, invoice price, FOB contract price, margin, or profit. Reporter share fields are shares within Vietnam, Brazil, and Indonesia only, not global destination-market share. Low-volume destination (< 50 tons); unit value can be unstable.",UN Comtrade,https://comtradeapi.un.org/public/v1/preview/C/A/HS?reporterCode=76&flowCode=X&cmdCode=090111&period=2021&includeDesc=true,2026-05-30T19:13:38.772Z
A,2021-01-01,2021,Indonesia,IDN,Armenia,ARM,Export,coffee,coffee_raw_core,090111,Coffee; not roasted or decaffeinated,657781,331.20156,1986.044389,93.28348,94.520572,1,2,ok,ok,0.82,"Export unit value is calculated as SUM(value_usd) / SUM(quantity_ton). Use as a directional competitor benchmark only; it is not a transaction price, invoice price, FOB contract price, margin, or profit. Reporter share fields are shares within Vietnam, Brazil, and Indonesia only, not global destination-market share.",UN Comtrade,https://comtradeapi.un.org/public/v1/preview/C/A/HS?reporterCode=360&flowCode=X&cmdCode=090111&period=2021&includeDesc=true,2026-05-30T19:13:38.772Z
A,2021-01-01,2021,Brazil,BRA,Australia,AUS,Export,coffee,coffee_raw_core,090111,Coffee; not roasted or decaffeinated,68422923,22132.109,3091.568137,66.751975,55.620852,1,1,ok,ok,0.82,"Export unit value is calculated as SUM(value_usd) / SUM(quantity_ton). Use as a directional competitor benchmark only; it is not a transaction price, invoice price, FOB contract price, margin, or profit. Reporter share fields are shares within Vietnam, Brazil, and Indonesia only, not global destination-market share.",UN Comtrade,https://comtradeapi.un.org/public/v1/preview/C/A/HS?reporterCode=76&flowCode=X&cmdCode=090111&period=2021&includeDesc=true,2026-05-30T19:13:38.772Z
A,2021-01-01,2021,Indonesia,IDN,Australia,AUS,Export,coffee,coffee_raw_core,090111,Coffee; not roasted or decaffeinated,12579821.239,4756.15735,2644.954806,12.272611,11.952838,3,2,ok,ok,0.82,"Export unit value is calculated as SUM(value_usd) / SUM(quantity_ton). Use as a directional competitor benchmark only; it is not a transaction price, invoice price, FOB contract price, margin, or profit. Reporter share fields are shares within Vietnam, Brazil, and Indonesia only, not global destination-market share.",UN Comtrade,https://comtradeapi.un.org/public/v1/preview/C/A/HS?reporterCode=360&flowCode=X&cmdCode=090111&period=2021&includeDesc=true,2026-05-30T19:13:38.772Z
A,2021-01-01,2021,Vietnam,VNM,Australia,AUS,Export,coffee,coffee_raw_core,090111,Coffee; not roasted or decaffeinated,21500474.326,12902.762,1666.346657,20.975414,32.426309,2,3,ok,ok,0.82,"Export unit value is calculated as SUM(value_usd) / SUM(quantity_ton). Use as a directional competitor benchmark only; it is not a transaction price, invoice price, FOB contract price, margin, or profit. Reporter share fields are shares within Vietnam, Brazil, and Indonesia only, not global destination-market share.",UN Comtrade,https://comtradeapi.un.org/public/v1/preview/C/A/HS?reporterCode=704&flowCode=X&cmdCode=090111&period=2021&includeDesc=true,2026-05-30T19:13:38.772Z
A,2021-01-01,2021,Brazil,BRA,Austria,AUT,Export,coffee,coffee_raw_core,090111,Coffee; not roasted or decaffeinated,82242,18.834,4366.677286,92.677485,98.349869,1,2,ok,low_volume_for_competitor_benchmark,0.55,"Export unit value is calculated as SUM(value_usd) / SUM(quantity_ton). Use as a directional competitor benchmark only; it is not a transaction price, invoice price, FOB contract price, margin, or profit. Reporter share fields are shares within Vietnam, Brazil, and Indonesia only, not global destination-market share. Low-volume destination (< 50 tons); unit value can be unstable.",UN Comtrade,https://comtradeapi.un.org/public/v1/preview/C/A/HS?reporterCode=76&flowCode=X&cmdCode=090111&period=2021&includeDesc=true,2026-05-30T19:13:38.772Z
A,2021-01-01,2021,Indonesia,IDN,Austria,AUT,Export,coffee,coffee_raw_core,090111,Coffee; not roasted or decaffeinated,48,0.016,3000,0.054091,0.083551,3,3,ok,low_volume_for_competitor_benchmark,0.55,"Export unit value is calculated as SUM(value_usd) / SUM(quantity_ton). Use as a directional competitor benchmark only; it is not a transaction price, invoice price, FOB contract price, margin, or profit. Reporter share fields are shares within Vietnam, Brazil, and Indonesia only, not global destination-market share. Low-volume destination (< 50 tons); unit value can be unstable.",UN Comtrade,https://comtradeapi.un.org/public/v1/preview/C/A/HS?reporterCode=360&flowCode=X&cmdCode=090111&period=2021&includeDesc=true,2026-05-30T19:13:38.772Z
A,2021-01-01,2021,Vietnam,VNM,Austria,AUT,Export,coffee,coffee_raw_core,090111,Coffee; not roasted or decaffeinated,6450,0.3,21500,7.268425,1.56658,2,1,ok,low_volume_for_competitor_benchmark,0.55,"Export unit value is calculated as SUM(value_usd) / SUM(quantity_ton). Use as a directional competitor benchmark only; it is not a transaction price, invoice price, FOB contract price, margin, or profit. Reporter share fields are shares within Vietnam, Brazil, and Indonesia only, not global destination-market share. Low-volume destination (< 50 tons); unit value can be unstable.",UN Comtrade,https://comtradeapi.un.org/public/v1/preview/C/A/HS?reporterCode=704&flowCode=X&cmdCode=090111&period=2021&includeDesc=true,2026-05-30T19:13:38.772Z
A,2021-01-01,2021,Brazil,BRA,Bahamas,BHS,Export,coffee,coffee_raw_core,090111,Coffee; not roasted or decaffeinated,477,0.175,2725.714286,100,100,1,1,ok,low_volume_for_competitor_benchmark,0.55,"Export unit value is calculated as SUM(value_usd) / SUM(quantity_ton). Use as a directional competitor benchmark only; it is not a transaction price, invoice price, FOB contract price, margin, or profit. Reporter share fields are shares within Vietnam, Brazil, and Indonesia only, not global destination-market share. Low-volume destination (< 50 tons); unit value can be unstable.",UN Comtrade,https://comtradeapi.un.org/public/v1/preview/C/A/HS?reporterCode=76&flowCode=X&cmdCode=090111&period=2021&includeDesc=true,2026-05-30T19:13:38.772Z
A,2021-01-01,2021,Brazil,BRA,Bahrain,BHR,Export,coffee,coffee_raw_core,090111,Coffee; not roasted or decaffeinated,214225,88.567,2418.790294,100,100,1,1,ok,ok,0.82,"Export unit value is calculated as SUM(value_usd) / SUM(quantity_ton). Use as a directional competitor benchmark only; it is not a transaction price, invoice price, FOB contract price, margin, or profit. Reporter share fields are shares within Vietnam, Brazil, and Indonesia only, not global destination-market share.",UN Comtrade,https://comtradeapi.un.org/public/v1/preview/C/A/HS?reporterCode=76&flowCode=X&cmdCode=090111&period=2021&includeDesc=true,2026-05-30T19:13:38.772Z
A,2021-01-01,2021,Brazil,BRA,Bangladesh,BGD,Export,coffee,coffee_raw_core,090111,Coffee; not roasted or decaffeinated,8,0.002,4000,0.069109,0.062854,2,1,ok,low_volume_for_competitor_benchmark,0.55,"Export unit value is calculated as SUM(value_usd) / SUM(quantity_ton). Use as a directional competitor benchmark only; it is not a transaction price, invoice price, FOB contract price, margin, or profit. Reporter share fields are shares within Vietnam, Brazil, and Indonesia only, not global destination-market share. Low-volume destination (< 50 tons); unit value can be unstable.",UN Comtrade,https://comtradeapi.un.org/public/v1/preview/C/A/HS?reporterCode=76&flowCode=X&cmdCode=090111&period=2021&includeDesc=true,2026-05-30T19:13:38.772Z
A,2021-01-01,2021,Vietnam,VNM,Bangladesh,BGD,Export,coffee,coffee_raw_core,090111,Coffee; not roasted or decaffeinated,11568,3.18,3637.735849,99.930891,99.937146,1,2,ok,low_volume_for_competitor_benchmark,0.55,"Export unit value is calculated as SUM(value_usd) / SUM(quantity_ton). Use as a directional competitor benchmark only; it is not a transaction price, invoice price, FOB contract price, margin, or profit. Reporter share fields are shares within Vietnam, Brazil, and Indonesia only, not global destination-market share. Low-volume destination (< 50 tons); unit value can be unstable.",UN Comtrade,https://comtradeapi.un.org/public/v1/preview/C/A/HS?reporterCode=704&flowCode=X&cmdCode=090111&period=2021&includeDesc=true,2026-05-30T19:13:38.772Z
A,2021-01-01,2021,Brazil,BRA,Barbados,BRB,Export,coffee,coffee_raw_core,090111,Coffee; not roasted or decaffeinated,106,0.015,7066.666667,100,100,1,1,ok,low_volume_for_competitor_benchmark,0.55,"Export unit value is calculated as SUM(value_usd) / SUM(quantity_ton). Use as a directional competitor benchmark only; it is not a transaction price, invoice price, FOB contract price, margin, or profit. Reporter share fields are shares within Vietnam, Brazil, and Indonesia only, not global destination-market share. Low-volume destination (< 50 tons); unit value can be unstable.",UN Comtrade,https://comtradeapi.un.org/public/v1/preview/C/A/HS?reporterCode=76&flowCode=X&cmdCode=090111&period=2021&includeDesc=true,2026-05-30T19:13:38.772Z
A,2021-01-01,2021,Brazil,BRA,Belarus,BLR,Export,coffee,coffee_raw_core,090111,Coffee; not roasted or decaffeinated,278609,115.2,2418.480903,100,100,1,1,ok,ok,0.82,"Export unit value is calculated as SUM(value_usd) / SUM(quantity_ton). Use as a directional competitor benchmark only; it is not a transaction price, invoice price, FOB contract price, margin, or profit. Reporter share fields are shares within Vietnam, Brazil, and Indonesia only, not global destination-market share.",UN Comtrade,https://comtradeapi.un.org/public/v1/preview/C/A/HS?reporterCode=76&flowCode=X&cmdCode=090111&period=2021&includeDesc=true,2026-05-30T19:13:38.772Z
A,2021-01-01,2021,Brazil,BRA,Belgium,BEL,Export,coffee,coffee_raw_core,090111,Coffee; not roasted or decaffeinated,493990676,175590.57,2813.309826,75.952502,70.107847,1,2,ok,ok,0.82,"Export unit value is calculated as SUM(value_usd) / SUM(quantity_ton). Use as a directional competitor benchmark only; it is not a transaction price, invoice price, FOB contract price, margin, or profit. Reporter share fields are shares within Vietnam, Brazil, and Indonesia only, not global destination-market share.",UN Comtrade,https://comtradeapi.un.org/public/v1/preview/C/A/HS?reporterCode=76&flowCode=X&cmdCode=090111&period=2021&includeDesc=true,2026-05-30T19:13:38.772Z
A,2021-01-01,2021,Indonesia,IDN,Belgium,BEL,Export,coffee,coffee_raw_core,090111,Coffee; not roasted or decaffeinated,44829142.54,14434.03,3105.7953,6.892611,5.763059,3,1,ok,ok,0.82,"Export unit value is calculated as SUM(value_usd) / SUM(quantity_ton). Use as a directional competitor benchmark only; it is not a transaction price, invoice price, FOB contract price, margin, or profit. Reporter share fields are shares within Vietnam, Brazil, and Indonesia only, not global destination-market share.",UN Comtrade,https://comtradeapi.un.org/public/v1/preview/C/A/HS?reporterCode=360&flowCode=X&cmdCode=090111&period=2021&includeDesc=true,2026-05-30T19:13:38.772Z
A,2021-01-01,2021,Vietnam,VNM,Belgium,BEL,Export,coffee,coffee_raw_core,090111,Coffee; not roasted or decaffeinated,111574394.123,60433.2,1846.243358,17.154887,24.129095,2,3,ok,ok,0.82,"Export unit value is calculated as SUM(value_usd) / SUM(quantity_ton). Use as a directional competitor benchmark only; it is not a transaction price, invoice price, FOB contract price, margin, or profit. Reporter share fields are shares within Vietnam, Brazil, and Indonesia only, not global destination-market share.",UN Comtrade,https://comtradeapi.un.org/public/v1/preview/C/A/HS?reporterCode=704&flowCode=X&cmdCode=090111&period=2021&includeDesc=true,2026-05-30T19:13:38.772Z
A,2021-01-01,2021,Brazil,BRA,Belize,BLZ,Export,coffee,coffee_raw_core,090111,Coffee; not roasted or decaffeinated,61193,21.6,2833.009259,100,100,1,1,ok,low_volume_for_competitor_benchmark,0.55,"Export unit value is calculated as SUM(value_usd) / SUM(quantity_ton). Use as a directional competitor benchmark only; it is not a transaction price, invoice price, FOB contract price, margin, or profit. Reporter share fields are shares within Vietnam, Brazil, and Indonesia only, not global destination-market share. Low-volume destination (< 50 tons); unit value can be unstable.",UN Comtrade,https://comtradeapi.un.org/public/v1/preview/C/A/HS?reporterCode=76&flowCode=X&cmdCode=090111&period=2021&includeDesc=true,2026-05-30T19:13:38.772Z
A,2021-01-01,2021,Brazil,BRA,Bolivia (Plurinational State of),BOL,Export,coffee,coffee_raw_core,090111,Coffee; not roasted or decaffeinated,19842,4.8,4133.75,100,100,1,1,ok,low_volume_for_competitor_benchmark,0.55,"Export unit value is calculated as SUM(value_usd) / SUM(quantity_ton). Use as a directional competitor benchmark only; it is not a transaction price, invoice price, FOB contract price, margin, or profit. Reporter share fields are shares within Vietnam, Brazil, and Indonesia only, not global destination-market share. Low-volume destination (< 50 tons); unit value can be unstable.",UN Comtrade,https://comtradeapi.un.org/public/v1/preview/C/A/HS?reporterCode=76&flowCode=X&cmdCode=090111&period=2021&includeDesc=true,2026-05-30T19:13:38.772Z
A,2021-01-01,2021,Indonesia,IDN,Brunei Darussalam,BRN,Export,coffee,coffee_raw_core,090111,Coffee; not roasted or decaffeinated,253.025,0.01324,19110.649547,100,100,1,1,ok,low_volume_for_competitor_benchmark,0.55,"Export unit value is calculated as SUM(value_usd) / SUM(quantity_ton). Use as a directional competitor benchmark only; it is not a transaction price, invoice price, FOB contract price, margin, or profit. Reporter share fields are shares within Vietnam, Brazil, and Indonesia only, not global destination-market share. Low-volume destination (< 50 tons); unit value can be unstable.",UN Comtrade,https://comtradeapi.un.org/public/v1/preview/C/A/HS?reporterCode=360&flowCode=X&cmdCode=090111&period=2021&includeDesc=true,2026-05-30T19:13:38.772Z
A,2021-01-01,2021,Brazil,BRA,Bulgaria,BGR,Export,coffee,coffee_raw_core,090111,Coffee; not roasted or decaffeinated,1009715,416.736,2422.912827,29.951655,22.569017,2,1,ok,ok,0.82,"Export unit value is calculated as SUM(value_usd) / SUM(quantity_ton). Use as a directional competitor benchmark only; it is not a transaction price, invoice price, FOB contract price, margin, or profit. Reporter share fields are shares within Vietnam, Brazil, and Indonesia only, not global destination-market share.",UN Comtrade,https://comtradeapi.un.org/public/v1/preview/C/A/HS?reporterCode=76&flowCode=X&cmdCode=090111&period=2021&includeDesc=true,2026-05-30T19:13:38.772Z
A,2021-01-01,2021,Indonesia,IDN,Bulgaria,BGR,Export,coffee,coffee_raw_core,090111,Coffee; not roasted or decaffeinated,999909,594,1683.348485,29.660775,32.169038,3,2,ok,ok,0.82,"Export unit value is calculated as SUM(value_usd) / SUM(quantity_ton). Use as a directional competitor benchmark only; it is not a transaction price, invoice price, FOB contract price, margin, or profit. Reporter share fields are shares within Vietnam, Brazil, and Indonesia only, not global destination-market share.",UN Comtrade,https://comtradeapi.un.org/public/v1/preview/C/A/HS?reporterCode=360&flowCode=X&cmdCode=090111&period=2021&includeDesc=true,2026-05-30T19:13:38.772Z
A,2021-01-01,2021,Vietnam,VNM,Bulgaria,BGR,Export,coffee,coffee_raw_core,090111,Coffee; not roasted or decaffeinated,1361525.24,835.76,1629.086388,40.387569,45.261945,1,3,ok,ok,0.82,"Export unit value is calculated as SUM(value_usd) / SUM(quantity_ton). Use as a directional competitor benchmark only; it is not a transaction price, invoice price, FOB contract price, margin, or profit. Reporter share fields are shares within Vietnam, Brazil, and Indonesia only, not global destination-market share.",UN Comtrade,https://comtradeapi.un.org/public/v1/preview/C/A/HS?reporterCode=704&flowCode=X&cmdCode=090111&period=2021&includeDesc=true,2026-05-30T19:13:38.772Z
A,2021-01-01,2021,Brazil,BRA,Cabo Verde,CPV,Export,coffee,coffee_raw_core,090111,Coffee; not roasted or decaffeinated,389059,210.56,1847.734612,100,100,1,1,ok,ok,0.82,"Export unit value is calculated as SUM(value_usd) / SUM(quantity_ton). Use as a directional competitor benchmark only; it is not a transaction price, invoice price, FOB contract price, margin, or profit. Reporter share fields are shares within Vietnam, Brazil, and Indonesia only, not global destination-market share.",UN Comtrade,https://comtradeapi.un.org/public/v1/preview/C/A/HS?reporterCode=76&flowCode=X&cmdCode=090111&period=2021&includeDesc=true,2026-05-30T19:13:38.772Z
A,2021-01-01,2021,Indonesia,IDN,Cambodia,KHM,Export,coffee,coffee_raw_core,090111,Coffee; not roasted or decaffeinated,66023,15.0116,4398.132111,12.796229,7.245974,2,1,ok,low_volume_for_competitor_benchmark,0.55,"Export unit value is calculated as SUM(value_usd) / SUM(quantity_ton). Use as a directional competitor benchmark only; it is not a transaction price, invoice price, FOB contract price, margin, or profit. Reporter share fields are shares within Vietnam, Brazil, and Indonesia only, not global destination-market share. Low-volume destination (< 50 tons); unit value can be unstable.",UN Comtrade,https://comtradeapi.un.org/public/v1/preview/C/A/HS?reporterCode=360&flowCode=X&cmdCode=090111&period=2021&includeDesc=true,2026-05-30T19:13:38.772Z
A,2021-01-01,2021,Vietnam,VNM,Cambodia,KHM,Export,coffee,coffee_raw_core,090111,Coffee; not roasted or decaffeinated,449933.708,192.16,2341.453518,87.203771,92.754026,1,2,ok,ok,0.82,"Export unit value is calculated as SUM(value_usd) / SUM(quantity_ton). Use as a directional competitor benchmark only; it is not a transaction price, invoice price, FOB contract price, margin, or profit. Reporter share fields are shares within Vietnam, Brazil, and Indonesia only, not global destination-market share.",UN Comtrade,https://comtradeapi.un.org/public/v1/preview/C/A/HS?reporterCode=704&flowCode=X&cmdCode=090111&period=2021&includeDesc=true,2026-05-30T19:13:38.772Z
A,2021-01-01,2021,Brazil,BRA,Cameroon,CMR,Export,coffee,coffee_raw_core,090111,Coffee; not roasted or decaffeinated,16,0.014,1142.857143,100,100,1,1,ok,low_volume_for_competitor_benchmark,0.55,"Export unit value is calculated as SUM(value_usd) / SUM(quantity_ton). Use as a directional competitor benchmark only; it is not a transaction price, invoice price, FOB contract price, margin, or profit. Reporter share fields are shares within Vietnam, Brazil, and Indonesia only, not global destination-market share. Low-volume destination (< 50 tons); unit value can be unstable.",UN Comtrade,https://comtradeapi.un.org/public/v1/preview/C/A/HS?reporterCode=76&flowCode=X&cmdCode=090111&period=2021&includeDesc=true,2026-05-30T19:13:38.772Z
A,2021-01-01,2021,Brazil,BRA,Canada,CAN,Export,coffee,coffee_raw_core,090111,Coffee; not roasted or decaffeinated,109653928,42870.535,2557.792386,78.913427,80.670541,1,2,ok,ok,0.82,"Export unit value is calculated as SUM(value_usd) / SUM(quantity_ton). Use as a directional competitor benchmark only; it is not a transaction price, invoice price, FOB contract price, margin, or profit. Reporter share fields are shares within Vietnam, Brazil, and Indonesia only, not global destination-market share.",UN Comtrade,https://comtradeapi.un.org/public/v1/preview/C/A/HS?reporterCode=76&flowCode=X&cmdCode=090111&period=2021&includeDesc=true,2026-05-30T19:13:38.772Z
A,2021-01-01,2021,Indonesia,IDN,Canada,CAN,Export,coffee,coffee_raw_core,090111,Coffee; not roasted or decaffeinated,16356574.784,3759.83,4350.349559,11.771155,7.074965,2,1,ok,ok,0.82,"Export unit value is calculated as SUM(value_usd) / SUM(quantity_ton). Use as a directional competitor benchmark only; it is not a transaction price, invoice price, FOB contract price, margin, or profit. Reporter share fields are shares within Vietnam, Brazil, and Indonesia only, not global destination-market share.",UN Comtrade,https://comtradeapi.un.org/public/v1/preview/C/A/HS?reporterCode=360&flowCode=X&cmdCode=090111&period=2021&includeDesc=true,2026-05-30T19:13:38.772Z
A,2021-01-01,2021,Vietnam,VNM,Canada,CAN,Export,coffee,coffee_raw_core,090111,Coffee; not roasted or decaffeinated,12944213.029,6512.374,1987.633546,9.315418,12.254494,3,3,ok,ok,0.82,"Export unit value is calculated as SUM(value_usd) / SUM(quantity_ton). Use as a directional competitor benchmark only; it is not a transaction price, invoice price, FOB contract price, margin, or profit. Reporter share fields are shares within Vietnam, Brazil, and Indonesia only, not global destination-market share.",UN Comtrade,https://comtradeapi.un.org/public/v1/preview/C/A/HS?reporterCode=704&flowCode=X&cmdCode=090111&period=2021&includeDesc=true,2026-05-30T19:13:38.772Z
A,2021-01-01,2021,Brazil,BRA,Chile,CHL,Export,coffee,coffee_raw_core,090111,Coffee; not roasted or decaffeinated,19950841,11331.531,1760.648318,97.927878,98.022175,1,2,ok,ok,0.82,"Export unit value is calculated as SUM(value_usd) / SUM(quantity_ton). Use as a directional competitor benchmark only; it is not a transaction price, invoice price, FOB contract price, margin, or profit. Reporter share fields are shares within Vietnam, Brazil, and Indonesia only, not global destination-market share.",UN Comtrade,https://comtradeapi.un.org/public/v1/preview/C/A/HS?reporterCode=76&flowCode=X&cmdCode=090111&period=2021&includeDesc=true,2026-05-30T19:13:38.772Z
A,2021-01-01,2021,Vietnam,VNM,Chile,CHL,Export,coffee,coffee_raw_core,090111,Coffee; not roasted or decaffeinated,422153.24,228.64,1846.366515,2.072122,1.977825,2,1,ok,ok,0.82,"Export unit value is calculated as SUM(value_usd) / SUM(quantity_ton). Use as a directional competitor benchmark only; it is not a transaction price, invoice price, FOB contract price, margin, or profit. Reporter share fields are shares within Vietnam, Brazil, and Indonesia only, not global destination-market share.",UN Comtrade,https://comtradeapi.un.org/public/v1/preview/C/A/HS?reporterCode=704&flowCode=X&cmdCode=090111&period=2021&includeDesc=true,2026-05-30T19:13:38.772Z
A,2021-01-01,2021,Brazil,BRA,China,CHN,Export,coffee,coffee_raw_core,090111,Coffee; not roasted or decaffeinated,49598624,18247.047,2718.172645,42.465735,31.660454,2,2,ok,ok,0.82,"Export unit value is calculated as SUM(value_usd) / SUM(quantity_ton). Use as a directional competitor benchmark only; it is not a transaction price, invoice price, FOB contract price, margin, or profit. Reporter share fields are shares within Vietnam, Brazil, and Indonesia only, not global destination-market share.",UN Comtrade,https://comtradeapi.un.org/public/v1/preview/C/A/HS?reporterCode=76&flowCode=X&cmdCode=090111&period=2021&includeDesc=true,2026-05-30T19:13:38.772Z
A,2021-01-01,2021,Indonesia,IDN,China,CHN,Export,coffee,coffee_raw_core,090111,Coffee; not roasted or decaffeinated,12536843.2,4209.03396,2978.555963,10.733892,7.303095,3,1,ok,ok,0.82,"Export unit value is calculated as SUM(value_usd) / SUM(quantity_ton). Use as a directional competitor benchmark only; it is not a transaction price, invoice price, FOB contract price, margin, or profit. Reporter share fields are shares within Vietnam, Brazil, and Indonesia only, not global destination-market share.",UN Comtrade,https://comtradeapi.un.org/public/v1/preview/C/A/HS?reporterCode=360&flowCode=X&cmdCode=090111&period=2021&includeDesc=true,2026-05-30T19:13:38.772Z
A,2021-01-01,2021,Vietnam,VNM,China,CHN,Export,coffee,coffee_raw_core,090111,Coffee; not roasted or decaffeinated,54661343.05,35177.48,1553.87319,46.800373,61.036451,1,3,ok,ok,0.82,"Export unit value is calculated as SUM(value_usd) / SUM(quantity_ton). Use as a directional competitor benchmark only; it is not a transaction price, invoice price, FOB contract price, margin, or profit. Reporter share fields are shares within Vietnam, Brazil, and Indonesia only, not global destination-market share.",UN Comtrade,https://comtradeapi.un.org/public/v1/preview/C/A/HS?reporterCode=704&flowCode=X&cmdCode=090111&period=2021&includeDesc=true,2026-05-30T19:13:38.772Z
A,2021-01-01,2021,Brazil,BRA,"China, Hong Kong SAR",HKG,Export,coffee,coffee_raw_core,090111,Coffee; not roasted or decaffeinated,3436667,1196.159,2873.085434,46.528311,36.897053,1,1,ok,ok,0.82,"Export unit value is calculated as SUM(value_usd) / SUM(quantity_ton). Use as a directional competitor benchmark only; it is not a transaction price, invoice price, FOB contract price, margin, or profit. Reporter share fields are shares within Vietnam, Brazil, and Indonesia only, not global destination-market share.",UN Comtrade,https://comtradeapi.un.org/public/v1/preview/C/A/HS?reporterCode=76&flowCode=X&cmdCode=090111&period=2021&includeDesc=true,2026-05-30T19:13:38.772Z
A,2021-01-01,2021,Indonesia,IDN,"China, Hong Kong SAR",HKG,Export,coffee,coffee_raw_core,090111,Coffee; not roasted or decaffeinated,2412502.642,1162.25125,2075.715248,32.662366,35.851125,2,2,ok,ok,0.82,"Export unit value is calculated as SUM(value_usd) / SUM(quantity_ton). Use as a directional competitor benchmark only; it is not a transaction price, invoice price, FOB contract price, margin, or profit. Reporter share fields are shares within Vietnam, Brazil, and Indonesia only, not global destination-market share.",UN Comtrade,https://comtradeapi.un.org/public/v1/preview/C/A/HS?reporterCode=360&flowCode=X&cmdCode=090111&period=2021&includeDesc=true,2026-05-30T19:13:38.772Z
A,2021-01-01,2021,Vietnam,VNM,"China, Hong Kong SAR",HKG,Export,coffee,coffee_raw_core,090111,Coffee; not roasted or decaffeinated,1537015.044,883.472,1739.743924,20.809323,27.251823,3,3,ok,ok,0.82,"Export unit value is calculated as SUM(value_usd) / SUM(quantity_ton). Use as a directional competitor benchmark only; it is not a transaction price, invoice price, FOB contract price, margin, or profit. Reporter share fields are shares within Vietnam, Brazil, and Indonesia only, not global destination-market share.",UN Comtrade,https://comtradeapi.un.org/public/v1/preview/C/A/HS?reporterCode=704&flowCode=X&cmdCode=090111&period=2021&includeDesc=true,2026-05-30T19:13:38.772Z
A,2021-01-01,2021,Brazil,BRA,"China, Macao SAR",MAC,Export,coffee,coffee_raw_core,090111,Coffee; not roasted or decaffeinated,40704,19.2,2120,28.548344,33.333333,2,2,ok,low_volume_for_competitor_benchmark,0.55,"Export unit value is calculated as SUM(value_usd) / SUM(quantity_ton). Use as a directional competitor benchmark only; it is not a transaction price, invoice price, FOB contract price, margin, or profit. Reporter share fields are shares within Vietnam, Brazil, and Indonesia only, not global destination-market share. Low-volume destination (< 50 tons); unit value can be unstable.",UN Comtrade,https://comtradeapi.un.org/public/v1/preview/C/A/HS?reporterCode=76&flowCode=X&cmdCode=090111&period=2021&includeDesc=true,2026-05-30T19:13:38.772Z
A,2021-01-01,2021,Indonesia,IDN,"China, Macao SAR",MAC,Export,coffee,coffee_raw_core,090111,Coffee; not roasted or decaffeinated,101875.2,38.4,2653,71.451656,66.666667,1,1,ok,low_volume_for_competitor_benchmark,0.55,"Export unit value is calculated as SUM(value_usd) / SUM(quantity_ton). Use as a directional competitor benchmark only; it is not a transaction price, invoice price, FOB contract price, margin, or profit. Reporter share fields are shares within Vietnam, Brazil, and Indonesia only, not global destination-market share. Low-volume destination (< 50 tons); unit value can be unstable.",UN Comtrade,https://comtradeapi.un.org/public/v1/preview/C/A/HS?reporterCode=360&flowCode=X&cmdCode=090111&period=2021&includeDesc=true,2026-05-30T19:13:38.772Z
A,2021-01-01,2021,Brazil,BRA,Colombia,COL,Export,coffee,coffee_raw_core,090111,Coffee; not roasted or decaffeinated,125203257,66793.817,1874.473756,100,100,1,1,ok,ok,0.82,"Export unit value is calculated as SUM(value_usd) / SUM(quantity_ton). Use as a directional competitor benchmark only; it is not a transaction price, invoice price, FOB contract price, margin, or profit. Reporter share fields are shares within Vietnam, Brazil, and Indonesia only, not global destination-market share.",UN Comtrade,https://comtradeapi.un.org/public/v1/preview/C/A/HS?reporterCode=76&flowCode=X&cmdCode=090111&period=2021&includeDesc=true,2026-05-30T19:13:38.772Z
A,2021-01-01,2021,Brazil,BRA,Costa Rica,CRI,Export,coffee,coffee_raw_core,090111,Coffee; not roasted or decaffeinated,1193333,508.35,2347.463362,100,100,1,1,ok,ok,0.82,"Export unit value is calculated as SUM(value_usd) / SUM(quantity_ton). Use as a directional competitor benchmark only; it is not a transaction price, invoice price, FOB contract price, margin, or profit. Reporter share fields are shares within Vietnam, Brazil, and Indonesia only, not global destination-market share.",UN Comtrade,https://comtradeapi.un.org/public/v1/preview/C/A/HS?reporterCode=76&flowCode=X&cmdCode=090111&period=2021&includeDesc=true,2026-05-30T19:13:38.772Z
A,2021-01-01,2021,Brazil,BRA,Croatia,HRV,Export,coffee,coffee_raw_core,090111,Coffee; not roasted or decaffeinated,27576348,11989.051,2300.127675,94.234183,92.361792,1,1,ok,ok,0.82,"Export unit value is calculated as SUM(value_usd) / SUM(quantity_ton). Use as a directional competitor benchmark only; it is not a transaction price, invoice price, FOB contract price, margin, or profit. Reporter share fields are shares within Vietnam, Brazil, and Indonesia only, not global destination-market share.",UN Comtrade,https://comtradeapi.un.org/public/v1/preview/C/A/HS?reporterCode=76&flowCode=X&cmdCode=090111&period=2021&includeDesc=true,2026-05-30T19:13:38.772Z
A,2021-01-01,2021,Vietnam,VNM,Croatia,HRV,Export,coffee,coffee_raw_core,090111,Coffee; not roasted or decaffeinated,1687287.56,991.48,1701.786783,5.765817,7.638208,2,2,ok,ok,0.82,"Export unit value is calculated as SUM(value_usd) / SUM(quantity_ton). Use as a directional competitor benchmark only; it is not a transaction price, invoice price, FOB contract price, margin, or profit. Reporter share fields are shares within Vietnam, Brazil, and Indonesia only, not global destination-market share.",UN Comtrade,https://comtradeapi.un.org/public/v1/preview/C/A/HS?reporterCode=704&flowCode=X&cmdCode=090111&period=2021&includeDesc=true,2026-05-30T19:13:38.772Z
A,2021-01-01,2021,Brazil,BRA,Cuba,CUB,Export,coffee,coffee_raw_core,090111,Coffee; not roasted or decaffeinated,5877453,2691,2184.114827,100,100,1,1,ok,ok,0.82,"Export unit value is calculated as SUM(value_usd) / SUM(quantity_ton). Use as a directional competitor benchmark only; it is not a transaction price, invoice price, FOB contract price, margin, or profit. Reporter share fields are shares within Vietnam, Brazil, and Indonesia only, not global destination-market share.",UN Comtrade,https://comtradeapi.un.org/public/v1/preview/C/A/HS?reporterCode=76&flowCode=X&cmdCode=090111&period=2021&includeDesc=true,2026-05-30T19:13:38.772Z
A,2021-01-01,2021,Brazil,BRA,Cyprus,CYP,Export,coffee,coffee_raw_core,090111,Coffee; not roasted or decaffeinated,2011590,932.443,2157.332942,100,100,1,1,ok,ok,0.82,"Export unit value is calculated as SUM(value_usd) / SUM(quantity_ton). Use as a directional competitor benchmark only; it is not a transaction price, invoice price, FOB contract price, margin, or profit. Reporter share fields are shares within Vietnam, Brazil, and Indonesia only, not global destination-market share.",UN Comtrade,https://comtradeapi.un.org/public/v1/preview/C/A/HS?reporterCode=76&flowCode=X&cmdCode=090111&period=2021&includeDesc=true,2026-05-30T19:13:38.772Z
A,2021-01-01,2021,Brazil,BRA,Czechia,CZE,Export,coffee,coffee_raw_core,090111,Coffee; not roasted or decaffeinated,153987,58.215,2645.143004,6.040206,4.351482,2,2,ok,ok,0.82,"Export unit value is calculated as SUM(value_usd) / SUM(quantity_ton). Use as a directional competitor benchmark only; it is not a transaction price, invoice price, FOB contract price, margin, or profit. Reporter share fields are shares within Vietnam, Brazil, and Indonesia only, not global destination-market share.",UN Comtrade,https://comtradeapi.un.org/public/v1/preview/C/A/HS?reporterCode=76&flowCode=X&cmdCode=090111&period=2021&includeDesc=true,2026-05-30T19:13:38.772Z
A,2021-01-01,2021,Indonesia,IDN,Czechia,CZE,Export,coffee,coffee_raw_core,090111,Coffee; not roasted or decaffeinated,11316.25,1.567,7221.601787,0.443885,0.117131,3,1,ok,low_volume_for_competitor_benchmark,0.55,"Export unit value is calculated as SUM(value_usd) / SUM(quantity_ton). Use as a directional competitor benchmark only; it is not a transaction price, invoice price, FOB contract price, margin, or profit. Reporter share fields are shares within Vietnam, Brazil, and Indonesia only, not global destination-market share. Low-volume destination (< 50 tons); unit value can be unstable.",UN Comtrade,https://comtradeapi.un.org/public/v1/preview/C/A/HS?reporterCode=360&flowCode=X&cmdCode=090111&period=2021&includeDesc=true,2026-05-30T19:13:38.772Z
A,2021-01-01,2021,Vietnam,VNM,Czechia,CZE,Export,coffee,coffee_raw_core,090111,Coffee; not roasted or decaffeinated,2384063.462,1278.038,1865.408902,93.515909,95.531387,1,3,ok,ok,0.82,"Export unit value is calculated as SUM(value_usd) / SUM(quantity_ton). Use as a directional competitor benchmark only; it is not a transaction price, invoice price, FOB contract price, margin, or profit. Reporter share fields are shares within Vietnam, Brazil, and Indonesia only, not global destination-market share.",UN Comtrade,https://comtradeapi.un.org/public/v1/preview/C/A/HS?reporterCode=704&flowCode=X&cmdCode=090111&period=2021&includeDesc=true,2026-05-30T19:13:38.772Z
A,2021-01-01,2021,Brazil,BRA,Denmark,DNK,Export,coffee,coffee_raw_core,090111,Coffee; not roasted or decaffeinated,12945291,4467.828091,2897.446083,89.078049,83.468243,1,2,ok,ok,0.82,"Export unit value is calculated as SUM(value_usd) / SUM(quantity_ton). Use as a directional competitor benchmark only; it is not a transaction price, invoice price, FOB contract price, margin, or profit. Reporter share fields are shares within Vietnam, Brazil, and Indonesia only, not global destination-market share.",UN Comtrade,https://comtradeapi.un.org/public/v1/preview/C/A/HS?reporterCode=76&flowCode=X&cmdCode=090111&period=2021&includeDesc=true,2026-05-30T19:13:38.772Z
A,2021-01-01,2021,Indonesia,IDN,Denmark,DNK,Export,coffee,coffee_raw_core,090111,Coffee; not roasted or decaffeinated,149330,41.3,3615.738499,1.027557,0.771569,3,1,ok,low_volume_for_competitor_benchmark,0.55,"Export unit value is calculated as SUM(value_usd) / SUM(quantity_ton). Use as a directional competitor benchmark only; it is not a transaction price, invoice price, FOB contract price, margin, or profit. Reporter share fields are shares within Vietnam, Brazil, and Indonesia only, not global destination-market share. Low-volume destination (< 50 tons); unit value can be unstable.",UN Comtrade,https://comtradeapi.un.org/public/v1/preview/C/A/HS?reporterCode=360&flowCode=X&cmdCode=090111&period=2021&includeDesc=true,2026-05-30T19:13:38.772Z
A,2021-01-01,2021,Vietnam,VNM,Denmark,DNK,Export,coffee,coffee_raw_core,090111,Coffee; not roasted or decaffeinated,1437905.4,843.6,1704.487198,9.894394,15.760188,2,3,ok,ok,0.82,"Export unit value is calculated as SUM(value_usd) / SUM(quantity_ton). Use as a directional competitor benchmark only; it is not a transaction price, invoice price, FOB contract price, margin, or profit. Reporter share fields are shares within Vietnam, Brazil, and Indonesia only, not global destination-market share.",UN Comtrade,https://comtradeapi.un.org/public/v1/preview/C/A/HS?reporterCode=704&flowCode=X&cmdCode=090111&period=2021&includeDesc=true,2026-05-30T19:13:38.772Z
A,2021-01-01,2021,Brazil,BRA,Dominican Rep.,DOM,Export,coffee,coffee_raw_core,090111,Coffee; not roasted or decaffeinated,22141888,7607.149,2910.668373,72.495409,61.330947,1,1,ok,ok,0.82,"Export unit value is calculated as SUM(value_usd) / SUM(quantity_ton). Use as a directional competitor benchmark only; it is not a transaction price, invoice price, FOB contract price, margin, or profit. Reporter share fields are shares within Vietnam, Brazil, and Indonesia only, not global destination-market share.",UN Comtrade,https://comtradeapi.un.org/public/v1/preview/C/A/HS?reporterCode=76&flowCode=X&cmdCode=090111&period=2021&includeDesc=true,2026-05-30T19:13:38.772Z
A,2021-01-01,2021,Vietnam,VNM,Dominican Rep.,DOM,Export,coffee,coffee_raw_core,090111,Coffee; not roasted or decaffeinated,8400581.2,4796.294,1751.473367,27.504591,38.669053,2,2,ok,ok,0.82,"Export unit value is calculated as SUM(value_usd) / SUM(quantity_ton). Use as a directional competitor benchmark only; it is not a transaction price, invoice price, FOB contract price, margin, or profit. Reporter share fields are shares within Vietnam, Brazil, and Indonesia only, not global destination-market share.",UN Comtrade,https://comtradeapi.un.org/public/v1/preview/C/A/HS?reporterCode=704&flowCode=X&cmdCode=090111&period=2021&includeDesc=true,2026-05-30T19:13:38.772Z
A,2021-01-01,2021,Brazil,BRA,Ecuador,ECU,Export,coffee,coffee_raw_core,090111,Coffee; not roasted or decaffeinated,14059130,9799.8,1434.63438,52.207361,56.387178,1,3,ok,ok,0.82,"Export unit value is calculated as SUM(value_usd) / SUM(quantity_ton). Use as a directional competitor benchmark only; it is not a transaction price, invoice price, FOB contract price, margin, or profit. Reporter share fields are shares within Vietnam, Brazil, and Indonesia only, not global destination-market share.",UN Comtrade,https://comtradeapi.un.org/public/v1/preview/C/A/HS?reporterCode=76&flowCode=X&cmdCode=090111&period=2021&includeDesc=true,2026-05-30T19:13:38.772Z
A,2021-01-01,2021,Indonesia,IDN,Ecuador,ECU,Export,coffee,coffee_raw_core,090111,Coffee; not roasted or decaffeinated,5455517.6,3144.003,1735.213866,20.258592,18.090314,3,1,ok,ok,0.82,"Export unit value is calculated as SUM(value_usd) / SUM(quantity_ton). Use as a directional competitor benchmark only; it is not a transaction price, invoice price, FOB contract price, margin, or profit. Reporter share fields are shares within Vietnam, Brazil, and Indonesia only, not global destination-market share.",UN Comtrade,https://comtradeapi.un.org/public/v1/preview/C/A/HS?reporterCode=360&flowCode=X&cmdCode=090111&period=2021&includeDesc=true,2026-05-30T19:13:38.772Z
A,2021-01-01,2021,Vietnam,VNM,Ecuador,ECU,Export,coffee,coffee_raw_core,090111,Coffee; not roasted or decaffeinated,7414754.2,4435.68,1671.616122,27.534047,25.522508,2,2,ok,ok,0.82,"Export unit value is calculated as SUM(value_usd) / SUM(quantity_ton). Use as a directional competitor benchmark only; it is not a transaction price, invoice price, FOB contract price, margin, or profit. Reporter share fields are shares within Vietnam, Brazil, and Indonesia only, not global destination-market share.",UN Comtrade,https://comtradeapi.un.org/public/v1/preview/C/A/HS?reporterCode=704&flowCode=X&cmdCode=090111&period=2021&includeDesc=true,2026-05-30T19:13:38.772Z
A,2021-01-01,2021,Brazil,BRA,Egypt,EGY,Export,coffee,coffee_raw_core,090111,Coffee; not roasted or decaffeinated,9578355,4120.705539,2324.445392,7.659044,6.151093,3,1,ok,ok,0.82,"Export unit value is calculated as SUM(value_usd) / SUM(quantity_ton). Use as a directional competitor benchmark only; it is not a transaction price, invoice price, FOB contract price, margin, or profit. Reporter share fields are shares within Vietnam, Brazil, and Indonesia only, not global destination-market share.",UN Comtrade,https://comtradeapi.un.org/public/v1/preview/C/A/HS?reporterCode=76&flowCode=X&cmdCode=090111&period=2021&includeDesc=true,2026-05-30T19:13:38.772Z
A,2021-01-01,2021,Indonesia,IDN,Egypt,EGY,Export,coffee,coffee_raw_core,090111,Coffee; not roasted or decaffeinated,89082656.311,48521.29796,1835.949574,71.232269,72.429102,1,3,ok,ok,0.82,"Export unit value is calculated as SUM(value_usd) / SUM(quantity_ton). Use as a directional competitor benchmark only; it is not a transaction price, invoice price, FOB contract price, margin, or profit. Reporter share fields are shares within Vietnam, Brazil, and Indonesia only, not global destination-market share.",UN Comtrade,https://comtradeapi.un.org/public/v1/preview/C/A/HS?reporterCode=360&flowCode=X&cmdCode=090111&period=2021&includeDesc=true,2026-05-30T19:13:38.772Z
A,2021-01-01,2021,Vietnam,VNM,Egypt,EGY,Export,coffee,coffee_raw_core,090111,Coffee; not roasted or decaffeinated,26398399.861,14349.436,1839.682052,21.108687,21.419805,2,2,ok,ok,0.82,"Export unit value is calculated as SUM(value_usd) / SUM(quantity_ton). Use as a directional competitor benchmark only; it is not a transaction price, invoice price, FOB contract price, margin, or profit. Reporter share fields are shares within Vietnam, Brazil, and Indonesia only, not global destination-market share.",UN Comtrade,https://comtradeapi.un.org/public/v1/preview/C/A/HS?reporterCode=704&flowCode=X&cmdCode=090111&period=2021&includeDesc=true,2026-05-30T19:13:38.772Z
A,2021-01-01,2021,Brazil,BRA,Estonia,EST,Export,coffee,coffee_raw_core,090111,Coffee; not roasted or decaffeinated,65661,19.2,3419.84375,6.436265,3.859359,3,1,ok,low_volume_for_competitor_benchmark,0.55,"Export unit value is calculated as SUM(value_usd) / SUM(quantity_ton). Use as a directional competitor benchmark only; it is not a transaction price, invoice price, FOB contract price, margin, or profit. Reporter share fields are shares within Vietnam, Brazil, and Indonesia only, not global destination-market share. Low-volume destination (< 50 tons); unit value can be unstable.",UN Comtrade,https://comtradeapi.un.org/public/v1/preview/C/A/HS?reporterCode=76&flowCode=X&cmdCode=090111&period=2021&includeDesc=true,2026-05-30T19:13:38.772Z
A,2021-01-01,2021,Indonesia,IDN,Estonia,EST,Export,coffee,coffee_raw_core,090111,Coffee; not roasted or decaffeinated,224353.2,130.2,1723.142857,21.991693,26.171275,2,3,ok,ok,0.82,"Export unit value is calculated as SUM(value_usd) / SUM(quantity_ton). Use as a directional competitor benchmark only; it is not a transaction price, invoice price, FOB contract price, margin, or profit. Reporter share fields are shares within Vietnam, Brazil, and Indonesia only, not global destination-market share.",UN Comtrade,https://comtradeapi.un.org/public/v1/preview/C/A/HS?reporterCode=360&flowCode=X&cmdCode=090111&period=2021&includeDesc=true,2026-05-30T19:13:38.772Z
A,2021-01-01,2021,Vietnam,VNM,Estonia,EST,Export,coffee,coffee_raw_core,090111,Coffee; not roasted or decaffeinated,730158.276,348.092,2097.601427,71.572042,69.969366,1,2,ok,ok,0.82,"Export unit value is calculated as SUM(value_usd) / SUM(quantity_ton). Use as a directional competitor benchmark only; it is not a transaction price, invoice price, FOB contract price, margin, or profit. Reporter share fields are shares within Vietnam, Brazil, and Indonesia only, not global destination-market share.",UN Comtrade,https://comtradeapi.un.org/public/v1/preview/C/A/HS?reporterCode=704&flowCode=X&cmdCode=090111&period=2021&includeDesc=true,2026-05-30T19:13:38.772Z
A,2021-01-01,2021,Brazil,BRA,Ethiopia,ETH,Export,coffee,coffee_raw_core,090111,Coffee; not roasted or decaffeinated,10500,0.5,21000,100,100,1,1,ok,low_volume_for_competitor_benchmark,0.55,"Export unit value is calculated as SUM(value_usd) / SUM(quantity_ton). Use as a directional competitor benchmark only; it is not a transaction price, invoice price, FOB contract price, margin, or profit. Reporter share fields are shares within Vietnam, Brazil, and Indonesia only, not global destination-market share. Low-volume destination (< 50 tons); unit value can be unstable.",UN Comtrade,https://comtradeapi.un.org/public/v1/preview/C/A/HS?reporterCode=76&flowCode=X&cmdCode=090111&period=2021&includeDesc=true,2026-05-30T19:13:38.772Z
A,2021-01-01,2021,Brazil,BRA,Finland,FIN,Export,coffee,coffee_raw_core,090111,Coffee; not roasted or decaffeinated,67811543,23274.905,2913.504609,95.604555,93.507026,1,2,ok,ok,0.82,"Export unit value is calculated as SUM(value_usd) / SUM(quantity_ton). Use as a directional competitor benchmark only; it is not a transaction price, invoice price, FOB contract price, margin, or profit. Reporter share fields are shares within Vietnam, Brazil, and Indonesia only, not global destination-market share.",UN Comtrade,https://comtradeapi.un.org/public/v1/preview/C/A/HS?reporterCode=76&flowCode=X&cmdCode=090111&period=2021&includeDesc=true,2026-05-30T19:13:38.772Z
A,2021-01-01,2021,Indonesia,IDN,Finland,FIN,Export,coffee,coffee_raw_core,090111,Coffee; not roasted or decaffeinated,178135,56.401,3158.365986,0.251145,0.226591,3,1,ok,ok,0.82,"Export unit value is calculated as SUM(value_usd) / SUM(quantity_ton). Use as a directional competitor benchmark only; it is not a transaction price, invoice price, FOB contract price, margin, or profit. Reporter share fields are shares within Vietnam, Brazil, and Indonesia only, not global destination-market share.",UN Comtrade,https://comtradeapi.un.org/public/v1/preview/C/A/HS?reporterCode=360&flowCode=X&cmdCode=090111&period=2021&includeDesc=true,2026-05-30T19:13:38.772Z
A,2021-01-01,2021,Vietnam,VNM,Finland,FIN,Export,coffee,coffee_raw_core,090111,Coffee; not roasted or decaffeinated,2939519.14,1559.77,1884.584997,4.144301,6.266382,2,3,ok,ok,0.82,"Export unit value is calculated as SUM(value_usd) / SUM(quantity_ton). Use as a directional competitor benchmark only; it is not a transaction price, invoice price, FOB contract price, margin, or profit. Reporter share fields are shares within Vietnam, Brazil, and Indonesia only, not global destination-market share.",UN Comtrade,https://comtradeapi.un.org/public/v1/preview/C/A/HS?reporterCode=704&flowCode=X&cmdCode=090111&period=2021&includeDesc=true,2026-05-30T19:13:38.772Z
A,2021-01-01,2021,Brazil,BRA,France,FRA,Export,coffee,coffee_raw_core,090111,Coffee; not roasted or decaffeinated,120060492,47265.697,2540.118937,76.55132,69.721988,1,1,ok,ok,0.82,"Export unit value is calculated as SUM(value_usd) / SUM(quantity_ton). Use as a directional competitor benchmark only; it is not a transaction price, invoice price, FOB contract price, margin, or profit. Reporter share fields are shares within Vietnam, Brazil, and Indonesia only, not global destination-market share.",UN Comtrade,https://comtradeapi.un.org/public/v1/preview/C/A/HS?reporterCode=76&flowCode=X&cmdCode=090111&period=2021&includeDesc=true,2026-05-30T19:13:38.772Z
A,2021-01-01,2021,Indonesia,IDN,France,FRA,Export,coffee,coffee_raw_core,090111,Coffee; not roasted or decaffeinated,11621680.523,5993.4328,1939.06913,7.410056,8.840958,3,2,ok,ok,0.82,"Export unit value is calculated as SUM(value_usd) / SUM(quantity_ton). Use as a directional competitor benchmark only; it is not a transaction price, invoice price, FOB contract price, margin, or profit. Reporter share fields are shares within Vietnam, Brazil, and Indonesia only, not global destination-market share.",UN Comtrade,https://comtradeapi.un.org/public/v1/preview/C/A/HS?reporterCode=360&flowCode=X&cmdCode=090111&period=2021&includeDesc=true,2026-05-30T19:13:38.772Z
A,2021-01-01,2021,Vietnam,VNM,France,FRA,Export,coffee,coffee_raw_core,090111,Coffee; not roasted or decaffeinated,25154433.307,14532.536,1730.904593,16.038624,21.437054,2,3,ok,ok,0.82,"Export unit value is calculated as SUM(value_usd) / SUM(quantity_ton). Use as a directional competitor benchmark only; it is not a transaction price, invoice price, FOB contract price, margin, or profit. Reporter share fields are shares within Vietnam, Brazil, and Indonesia only, not global destination-market share.",UN Comtrade,https://comtradeapi.un.org/public/v1/preview/C/A/HS?reporterCode=704&flowCode=X&cmdCode=090111&period=2021&includeDesc=true,2026-05-30T19:13:38.772Z
A,2021-01-01,2021,Brazil,BRA,Georgia,GEO,Export,coffee,coffee_raw_core,090111,Coffee; not roasted or decaffeinated,89488,38.375,2331.934853,0.381961,0.285605,2,1,ok,low_volume_for_competitor_benchmark,0.55,"Export unit value is calculated as SUM(value_usd) / SUM(quantity_ton). Use as a directional competitor benchmark only; it is not a transaction price, invoice price, FOB contract price, margin, or profit. Reporter share fields are shares within Vietnam, Brazil, and Indonesia only, not global destination-market share. Low-volume destination (< 50 tons); unit value can be unstable.",UN Comtrade,https://comtradeapi.un.org/public/v1/preview/C/A/HS?reporterCode=76&flowCode=X&cmdCode=090111&period=2021&includeDesc=true,2026-05-30T19:13:38.772Z
A,2021-01-01,2021,Indonesia,IDN,Georgia,GEO,Export,coffee,coffee_raw_core,090111,Coffee; not roasted or decaffeinated,23339096.02,13398,1741.983581,99.618039,99.714395,1,2,ok,ok,0.82,"Export unit value is calculated as SUM(value_usd) / SUM(quantity_ton). Use as a directional competitor benchmark only; it is not a transaction price, invoice price, FOB contract price, margin, or profit. Reporter share fields are shares within Vietnam, Brazil, and Indonesia only, not global destination-market share.",UN Comtrade,https://comtradeapi.un.org/public/v1/preview/C/A/HS?reporterCode=360&flowCode=X&cmdCode=090111&period=2021&includeDesc=true,2026-05-30T19:13:38.772Z
A,2021-01-01,2021,Brazil,BRA,Germany,DEU,Export,coffee,coffee_raw_core,090111,Coffee; not roasted or decaffeinated,1064625013,404045.919,2634.910942,71.497216,63.307573,1,1,ok,ok,0.82,"Export unit value is calculated as SUM(value_usd) / SUM(quantity_ton). Use as a directional competitor benchmark only; it is not a transaction price, invoice price, FOB contract price, margin, or profit. Reporter share fields are shares within Vietnam, Brazil, and Indonesia only, not global destination-market share.",UN Comtrade,https://comtradeapi.un.org/public/v1/preview/C/A/HS?reporterCode=76&flowCode=X&cmdCode=090111&period=2021&includeDesc=true,2026-05-30T19:13:38.772Z
A,2021-01-01,2021,Indonesia,IDN,Germany,DEU,Export,coffee,coffee_raw_core,090111,Coffee; not roasted or decaffeinated,30399245.508,13334.81864,2279.68946,2.041528,2.089354,3,2,ok,ok,0.82,"Export unit value is calculated as SUM(value_usd) / SUM(quantity_ton). Use as a directional competitor benchmark only; it is not a transaction price, invoice price, FOB contract price, margin, or profit. Reporter share fields are shares within Vietnam, Brazil, and Indonesia only, not global destination-market share.",UN Comtrade,https://comtradeapi.un.org/public/v1/preview/C/A/HS?reporterCode=360&flowCode=X&cmdCode=090111&period=2021&includeDesc=true,2026-05-30T19:13:38.772Z
A,2021-01-01,2021,Vietnam,VNM,Germany,DEU,Export,coffee,coffee_raw_core,090111,Coffee; not roasted or decaffeinated,394019748.936,220846.1,1784.137229,26.461256,34.603073,2,3,ok,ok,0.82,"Export unit value is calculated as SUM(value_usd) / SUM(quantity_ton). Use as a directional competitor benchmark only; it is not a transaction price, invoice price, FOB contract price, margin, or profit. Reporter share fields are shares within Vietnam, Brazil, and Indonesia only, not global destination-market share.",UN Comtrade,https://comtradeapi.un.org/public/v1/preview/C/A/HS?reporterCode=704&flowCode=X&cmdCode=090111&period=2021&includeDesc=true,2026-05-30T19:13:38.772Z
A,2021-01-01,2021,Brazil,BRA,Greece,GRC,Export,coffee,coffee_raw_core,090111,Coffee; not roasted or decaffeinated,73250737,29851.15135,2453.86639,77.17465,71.066594,1,1,ok,ok,0.82,"Export unit value is calculated as SUM(value_usd) / SUM(quantity_ton). Use as a directional competitor benchmark only; it is not a transaction price, invoice price, FOB contract price, margin, or profit. Reporter share fields are shares within Vietnam, Brazil, and Indonesia only, not global destination-market share.",UN Comtrade,https://comtradeapi.un.org/public/v1/preview/C/A/HS?reporterCode=76&flowCode=X&cmdCode=090111&period=2021&includeDesc=true,2026-05-30T19:13:38.772Z
A,2021-01-01,2021,Indonesia,IDN,Greece,GRC,Export,coffee,coffee_raw_core,090111,Coffee; not roasted or decaffeinated,3863119.58,2125.8,1817.254483,4.07006,5.060889,3,2,ok,ok,0.82,"Export unit value is calculated as SUM(value_usd) / SUM(quantity_ton). Use as a directional competitor benchmark only; it is not a transaction price, invoice price, FOB contract price, margin, or profit. Reporter share fields are shares within Vietnam, Brazil, and Indonesia only, not global destination-market share.",UN Comtrade,https://comtradeapi.un.org/public/v1/preview/C/A/HS?reporterCode=360&flowCode=X&cmdCode=090111&period=2021&includeDesc=true,2026-05-30T19:13:38.772Z
A,2021-01-01,2021,Vietnam,VNM,Greece,GRC,Export,coffee,coffee_raw_core,090111,Coffee; not roasted or decaffeinated,17801684.997,10027.526,1775.281859,18.75529,23.872517,2,3,ok,ok,0.82,"Export unit value is calculated as SUM(value_usd) / SUM(quantity_ton). Use as a directional competitor benchmark only; it is not a transaction price, invoice price, FOB contract price, margin, or profit. Reporter share fields are shares within Vietnam, Brazil, and Indonesia only, not global destination-market share.",UN Comtrade,https://comtradeapi.un.org/public/v1/preview/C/A/HS?reporterCode=704&flowCode=X&cmdCode=090111&period=2021&includeDesc=true,2026-05-30T19:13:38.772Z
A,2021-01-01,2021,Brazil,BRA,Hungary,HUN,Export,coffee,coffee_raw_core,090111,Coffee; not roasted or decaffeinated,6365,2.04,3120.098039,90.092003,88.695652,1,1,ok,low_volume_for_competitor_benchmark,0.55,"Export unit value is calculated as SUM(value_usd) / SUM(quantity_ton). Use as a directional competitor benchmark only; it is not a transaction price, invoice price, FOB contract price, margin, or profit. Reporter share fields are shares within Vietnam, Brazil, and Indonesia only, not global destination-market share. Low-volume destination (< 50 tons); unit value can be unstable.",UN Comtrade,https://comtradeapi.un.org/public/v1/preview/C/A/HS?reporterCode=76&flowCode=X&cmdCode=090111&period=2021&includeDesc=true,2026-05-30T19:13:38.772Z
A,2021-01-01,2021,Indonesia,IDN,Hungary,HUN,Export,coffee,coffee_raw_core,090111,Coffee; not roasted or decaffeinated,700,0.26,2692.307692,9.907997,11.304348,2,2,ok,low_volume_for_competitor_benchmark,0.55,"Export unit value is calculated as SUM(value_usd) / SUM(quantity_ton). Use as a directional competitor benchmark only; it is not a transaction price, invoice price, FOB contract price, margin, or profit. Reporter share fields are shares within Vietnam, Brazil, and Indonesia only, not global destination-market share. Low-volume destination (< 50 tons); unit value can be unstable.",UN Comtrade,https://comtradeapi.un.org/public/v1/preview/C/A/HS?reporterCode=360&flowCode=X&cmdCode=090111&period=2021&includeDesc=true,2026-05-30T19:13:38.772Z
A,2021-01-01,2021,Brazil,BRA,Iceland,ISL,Export,coffee,coffee_raw_core,090111,Coffee; not roasted or decaffeinated,729032,254.669,2862.664871,92.419172,95.143255,1,2,ok,ok,0.82,"Export unit value is calculated as SUM(value_usd) / SUM(quantity_ton). Use as a directional competitor benchmark only; it is not a transaction price, invoice price, FOB contract price, margin, or profit. Reporter share fields are shares within Vietnam, Brazil, and Indonesia only, not global destination-market share.",UN Comtrade,https://comtradeapi.un.org/public/v1/preview/C/A/HS?reporterCode=76&flowCode=X&cmdCode=090111&period=2021&includeDesc=true,2026-05-30T19:13:38.772Z
A,2021-01-01,2021,Indonesia,IDN,Iceland,ISL,Export,coffee,coffee_raw_core,090111,Coffee; not roasted or decaffeinated,59800,13,4600,7.580828,4.856745,2,1,ok,low_volume_for_competitor_benchmark,0.55,"Export unit value is calculated as SUM(value_usd) / SUM(quantity_ton). Use as a directional competitor benchmark only; it is not a transaction price, invoice price, FOB contract price, margin, or profit. Reporter share fields are shares within Vietnam, Brazil, and Indonesia only, not global destination-market share. Low-volume destination (< 50 tons); unit value can be unstable.",UN Comtrade,https://comtradeapi.un.org/public/v1/preview/C/A/HS?reporterCode=360&flowCode=X&cmdCode=090111&period=2021&includeDesc=true,2026-05-30T19:13:38.772Z
A,2021-01-01,2021,Brazil,BRA,India,IND,Export,coffee,coffee_raw_core,090111,Coffee; not roasted or decaffeinated,3035610,2262.066,1341.963497,5.608716,6.163929,3,3,ok,ok,0.82,"Export unit value is calculated as SUM(value_usd) / SUM(quantity_ton). Use as a directional competitor benchmark only; it is not a transaction price, invoice price, FOB contract price, margin, or profit. Reporter share fields are shares within Vietnam, Brazil, and Indonesia only, not global destination-market share.",UN Comtrade,https://comtradeapi.un.org/public/v1/preview/C/A/HS?reporterCode=76&flowCode=X&cmdCode=090111&period=2021&includeDesc=true,2026-05-30T19:13:38.772Z
A,2021-01-01,2021,Indonesia,IDN,India,IND,Export,coffee,coffee_raw_core,090111,Coffee; not roasted or decaffeinated,32054202.204,22109.62,1449.785306,59.224639,60.246752,1,2,ok,ok,0.82,"Export unit value is calculated as SUM(value_usd) / SUM(quantity_ton). Use as a directional competitor benchmark only; it is not a transaction price, invoice price, FOB contract price, margin, or profit. Reporter share fields are shares within Vietnam, Brazil, and Indonesia only, not global destination-market share.",UN Comtrade,https://comtradeapi.un.org/public/v1/preview/C/A/HS?reporterCode=360&flowCode=X&cmdCode=090111&period=2021&includeDesc=true,2026-05-30T19:13:38.772Z
A,2021-01-01,2021,Vietnam,VNM,India,IND,Export,coffee,coffee_raw_core,090111,Coffee; not roasted or decaffeinated,19033273.447,12326.757,1544.061706,35.166645,33.589319,2,1,ok,ok,0.82,"Export unit value is calculated as SUM(value_usd) / SUM(quantity_ton). Use as a directional competitor benchmark only; it is not a transaction price, invoice price, FOB contract price, margin, or profit. Reporter share fields are shares within Vietnam, Brazil, and Indonesia only, not global destination-market share.",UN Comtrade,https://comtradeapi.un.org/public/v1/preview/C/A/HS?reporterCode=704&flowCode=X&cmdCode=090111&period=2021&includeDesc=true,2026-05-30T19:13:38.772Z
A,2021-01-01,2021,Brazil,BRA,Indonesia,IDN,Export,coffee,coffee_raw_core,090111,Coffee; not roasted or decaffeinated,14042025,4830.35,2907.040898,54.611916,39.419271,1,1,ok,ok,0.82,"Export unit value is calculated as SUM(value_usd) / SUM(quantity_ton). Use as a directional competitor benchmark only; it is not a transaction price, invoice price, FOB contract price, margin, or profit. Reporter share fields are shares within Vietnam, Brazil, and Indonesia only, not global destination-market share.",UN Comtrade,https://comtradeapi.un.org/public/v1/preview/C/A/HS?reporterCode=76&flowCode=X&cmdCode=090111&period=2021&includeDesc=true,2026-05-30T19:13:38.772Z
A,2021-01-01,2021,Vietnam,VNM,Indonesia,IDN,Export,coffee,coffee_raw_core,090111,Coffee; not roasted or decaffeinated,11670357.995,7423.428,1572.098227,45.388084,60.580729,2,2,ok,ok,0.82,"Export unit value is calculated as SUM(value_usd) / SUM(quantity_ton). Use as a directional competitor benchmark only; it is not a transaction price, invoice price, FOB contract price, margin, or profit. Reporter share fields are shares within Vietnam, Brazil, and Indonesia only, not global destination-market share.",UN Comtrade,https://comtradeapi.un.org/public/v1/preview/C/A/HS?reporterCode=704&flowCode=X&cmdCode=090111&period=2021&includeDesc=true,2026-05-30T19:13:38.772Z
A,2021-01-01,2021,Brazil,BRA,Iran,IRN,Export,coffee,coffee_raw_core,090111,Coffee; not roasted or decaffeinated,205085,96,2136.302083,8.386176,7.818605,2,1,ok,ok,0.82,"Export unit value is calculated as SUM(value_usd) / SUM(quantity_ton). Use as a directional competitor benchmark only; it is not a transaction price, invoice price, FOB contract price, margin, or profit. Reporter share fields are shares within Vietnam, Brazil, and Indonesia only, not global destination-market share.",UN Comtrade,https://comtradeapi.un.org/public/v1/preview/C/A/HS?reporterCode=76&flowCode=X&cmdCode=090111&period=2021&includeDesc=true,2026-05-30T19:13:38.772Z
A,2021-01-01,2021,Indonesia,IDN,Iran,IRN,Export,coffee,coffee_raw_core,090111,Coffee; not roasted or decaffeinated,2240427.628,1131.8405,1979.455257,91.613824,92.181395,1,2,ok,ok,0.82,"Export unit value is calculated as SUM(value_usd) / SUM(quantity_ton). Use as a directional competitor benchmark only; it is not a transaction price, invoice price, FOB contract price, margin, or profit. Reporter share fields are shares within Vietnam, Brazil, and Indonesia only, not global destination-market share.",UN Comtrade,https://comtradeapi.un.org/public/v1/preview/C/A/HS?reporterCode=360&flowCode=X&cmdCode=090111&period=2021&includeDesc=true,2026-05-30T19:13:38.772Z
A,2021-01-01,2021,Brazil,BRA,Iraq,IRQ,Export,coffee,coffee_raw_core,090111,Coffee; not roasted or decaffeinated,118360,52.8,2241.666667,100,100,1,1,ok,ok,0.82,"Export unit value is calculated as SUM(value_usd) / SUM(quantity_ton). Use as a directional competitor benchmark only; it is not a transaction price, invoice price, FOB contract price, margin, or profit. Reporter share fields are shares within Vietnam, Brazil, and Indonesia only, not global destination-market share.",UN Comtrade,https://comtradeapi.un.org/public/v1/preview/C/A/HS?reporterCode=76&flowCode=X&cmdCode=090111&period=2021&includeDesc=true,2026-05-30T19:13:38.772Z
A,2021-01-01,2021,Brazil,BRA,Ireland,IRL,Export,coffee,coffee_raw_core,090111,Coffee; not roasted or decaffeinated,5524714,1470.469,3757.110146,62.817737,60.9076,1,2,ok,ok,0.82,"Export unit value is calculated as SUM(value_usd) / SUM(quantity_ton). Use as a directional competitor benchmark only; it is not a transaction price, invoice price, FOB contract price, margin, or profit. Reporter share fields are shares within Vietnam, Brazil, and Indonesia only, not global destination-market share.",UN Comtrade,https://comtradeapi.un.org/public/v1/preview/C/A/HS?reporterCode=76&flowCode=X&cmdCode=090111&period=2021&includeDesc=true,2026-05-30T19:13:38.772Z
A,2021-01-01,2021,Indonesia,IDN,Ireland,IRL,Export,coffee,coffee_raw_core,090111,Coffee; not roasted or decaffeinated,1458929.64,327.48093,4455.006403,16.588489,13.564433,3,1,ok,ok,0.82,"Export unit value is calculated as SUM(value_usd) / SUM(quantity_ton). Use as a directional competitor benchmark only; it is not a transaction price, invoice price, FOB contract price, margin, or profit. Reporter share fields are shares within Vietnam, Brazil, and Indonesia only, not global destination-market share.",UN Comtrade,https://comtradeapi.un.org/public/v1/preview/C/A/HS?reporterCode=360&flowCode=X&cmdCode=090111&period=2021&includeDesc=true,2026-05-30T19:13:38.772Z
A,2021-01-01,2021,Vietnam,VNM,Ireland,IRL,Export,coffee,coffee_raw_core,090111,Coffee; not roasted or decaffeinated,1811187.614,616.312,2938.751175,20.593773,25.527967,2,3,ok,ok,0.82,"Export unit value is calculated as SUM(value_usd) / SUM(quantity_ton). Use as a directional competitor benchmark only; it is not a transaction price, invoice price, FOB contract price, margin, or profit. Reporter share fields are shares within Vietnam, Brazil, and Indonesia only, not global destination-market share.",UN Comtrade,https://comtradeapi.un.org/public/v1/preview/C/A/HS?reporterCode=704&flowCode=X&cmdCode=090111&period=2021&includeDesc=true,2026-05-30T19:13:38.772Z
A,2021-01-01,2021,Brazil,BRA,Israel,ISR,Export,coffee,coffee_raw_core,090111,Coffee; not roasted or decaffeinated,15093047,6253.999,2413.343366,59.157416,53.437801,1,2,ok,ok,0.82,"Export unit value is calculated as SUM(value_usd) / SUM(quantity_ton). Use as a directional competitor benchmark only; it is not a transaction price, invoice price, FOB contract price, margin, or profit. Reporter share fields are shares within Vietnam, Brazil, and Indonesia only, not global destination-market share.",UN Comtrade,https://comtradeapi.un.org/public/v1/preview/C/A/HS?reporterCode=76&flowCode=X&cmdCode=090111&period=2021&includeDesc=true,2026-05-30T19:13:38.772Z
A,2021-01-01,2021,Indonesia,IDN,Israel,ISR,Export,coffee,coffee_raw_core,090111,Coffee; not roasted or decaffeinated,714974.251,230.445,3102.58088,2.802352,1.969056,3,1,ok,ok,0.82,"Export unit value is calculated as SUM(value_usd) / SUM(quantity_ton). Use as a directional competitor benchmark only; it is not a transaction price, invoice price, FOB contract price, margin, or profit. Reporter share fields are shares within Vietnam, Brazil, and Indonesia only, not global destination-market share.",UN Comtrade,https://comtradeapi.un.org/public/v1/preview/C/A/HS?reporterCode=360&flowCode=X&cmdCode=090111&period=2021&includeDesc=true,2026-05-30T19:13:38.772Z
A,2021-01-01,2021,Vietnam,VNM,Israel,ISR,Export,coffee,coffee_raw_core,090111,Coffee; not roasted or decaffeinated,9705342.985,5218.88,1859.660116,38.040232,44.593143,2,3,ok,ok,0.82,"Export unit value is calculated as SUM(value_usd) / SUM(quantity_ton). Use as a directional competitor benchmark only; it is not a transaction price, invoice price, FOB contract price, margin, or profit. Reporter share fields are shares within Vietnam, Brazil, and Indonesia only, not global destination-market share.",UN Comtrade,https://comtradeapi.un.org/public/v1/preview/C/A/HS?reporterCode=704&flowCode=X&cmdCode=090111&period=2021&includeDesc=true,2026-05-30T19:13:38.772Z
A,2021-01-01,2021,Brazil,BRA,Italy,ITA,Export,coffee,coffee_raw_core,090111,Coffee; not roasted or decaffeinated,477026534,174450.124,2734.457982,64.457909,53.463066,1,1,ok,ok,0.82,"Export unit value is calculated as SUM(value_usd) / SUM(quantity_ton). Use as a directional competitor benchmark only; it is not a transaction price, invoice price, FOB contract price, margin, or profit. Reporter share fields are shares within Vietnam, Brazil, and Indonesia only, not global destination-market share.",UN Comtrade,https://comtradeapi.un.org/public/v1/preview/C/A/HS?reporterCode=76&flowCode=X&cmdCode=090111&period=2021&includeDesc=true,2026-05-30T19:13:38.772Z
A,2021-01-01,2021,Indonesia,IDN,Italy,ITA,Export,coffee,coffee_raw_core,090111,Coffee; not roasted or decaffeinated,42662891.12,24590.0358,1734.966613,5.764796,7.536015,3,2,ok,ok,0.82,"Export unit value is calculated as SUM(value_usd) / SUM(quantity_ton). Use as a directional competitor benchmark only; it is not a transaction price, invoice price, FOB contract price, margin, or profit. Reporter share fields are shares within Vietnam, Brazil, and Indonesia only, not global destination-market share.",UN Comtrade,https://comtradeapi.un.org/public/v1/preview/C/A/HS?reporterCode=360&flowCode=X&cmdCode=090111&period=2021&includeDesc=true,2026-05-30T19:13:38.772Z
A,2021-01-01,2021,Vietnam,VNM,Italy,ITA,Export,coffee,coffee_raw_core,090111,Coffee; not roasted or decaffeinated,220369535.031,127260.1,1731.646722,29.777294,39.000919,2,3,ok,ok,0.82,"Export unit value is calculated as SUM(value_usd) / SUM(quantity_ton). Use as a directional competitor benchmark only; it is not a transaction price, invoice price, FOB contract price, margin, or profit. Reporter share fields are shares within Vietnam, Brazil, and Indonesia only, not global destination-market share.",UN Comtrade,https://comtradeapi.un.org/public/v1/preview/C/A/HS?reporterCode=704&flowCode=X&cmdCode=090111&period=2021&includeDesc=true,2026-05-30T19:13:38.772Z
A,2021-01-01,2021,Brazil,BRA,Japan,JPN,Export,coffee,coffee_raw_core,090111,Coffee; not roasted or decaffeinated,402345201,149211.502,2696.475778,61.630858,53.373335,1,1,ok,ok,0.82,"Export unit value is calculated as SUM(value_usd) / SUM(quantity_ton). Use as a directional competitor benchmark only; it is not a transaction price, invoice price, FOB contract price, margin, or profit. Reporter share fields are shares within Vietnam, Brazil, and Indonesia only, not global destination-market share.",UN Comtrade,https://comtradeapi.un.org/public/v1/preview/C/A/HS?reporterCode=76&flowCode=X&cmdCode=090111&period=2021&includeDesc=true,2026-05-30T19:13:38.772Z
A,2021-01-01,2021,Indonesia,IDN,Japan,JPN,Export,coffee,coffee_raw_core,090111,Coffee; not roasted or decaffeinated,65434124.959,27297.003266,2397.117527,10.023137,9.764208,3,2,ok,ok,0.82,"Export unit value is calculated as SUM(value_usd) / SUM(quantity_ton). Use as a directional competitor benchmark only; it is not a transaction price, invoice price, FOB contract price, margin, or profit. Reporter share fields are shares within Vietnam, Brazil, and Indonesia only, not global destination-market share.",UN Comtrade,https://comtradeapi.un.org/public/v1/preview/C/A/HS?reporterCode=360&flowCode=X&cmdCode=090111&period=2021&includeDesc=true,2026-05-30T19:13:38.772Z
A,2021-01-01,2021,Vietnam,VNM,Japan,JPN,Export,coffee,coffee_raw_core,090111,Coffee; not roasted or decaffeinated,185051441.51,103053.38,1795.685319,28.346005,36.862457,2,3,ok,ok,0.82,"Export unit value is calculated as SUM(value_usd) / SUM(quantity_ton). Use as a directional competitor benchmark only; it is not a transaction price, invoice price, FOB contract price, margin, or profit. Reporter share fields are shares within Vietnam, Brazil, and Indonesia only, not global destination-market share.",UN Comtrade,https://comtradeapi.un.org/public/v1/preview/C/A/HS?reporterCode=704&flowCode=X&cmdCode=090111&period=2021&includeDesc=true,2026-05-30T19:13:38.772Z
A,2021-01-01,2021,Brazil,BRA,Jordan,JOR,Export,coffee,coffee_raw_core,090111,Coffee; not roasted or decaffeinated,23654968,9318.412,2538.519224,99.828814,99.948428,1,2,ok,ok,0.82,"Export unit value is calculated as SUM(value_usd) / SUM(quantity_ton). Use as a directional competitor benchmark only; it is not a transaction price, invoice price, FOB contract price, margin, or profit. Reporter share fields are shares within Vietnam, Brazil, and Indonesia only, not global destination-market share.",UN Comtrade,https://comtradeapi.un.org/public/v1/preview/C/A/HS?reporterCode=76&flowCode=X&cmdCode=090111&period=2021&includeDesc=true,2026-05-30T19:13:38.772Z
A,2021-01-01,2021,Indonesia,IDN,Jordan,JOR,Export,coffee,coffee_raw_core,090111,Coffee; not roasted or decaffeinated,40563.44,4.8082,8436.304646,0.171186,0.051572,2,1,ok,low_volume_for_competitor_benchmark,0.55,"Export unit value is calculated as SUM(value_usd) / SUM(quantity_ton). Use as a directional competitor benchmark only; it is not a transaction price, invoice price, FOB contract price, margin, or profit. Reporter share fields are shares within Vietnam, Brazil, and Indonesia only, not global destination-market share. Low-volume destination (< 50 tons); unit value can be unstable.",UN Comtrade,https://comtradeapi.un.org/public/v1/preview/C/A/HS?reporterCode=360&flowCode=X&cmdCode=090111&period=2021&includeDesc=true,2026-05-30T19:13:38.772Z
A,2021-01-01,2021,Brazil,BRA,Kazakhstan,KAZ,Export,coffee,coffee_raw_core,090111,Coffee; not roasted or decaffeinated,50047,19.175,2610.013038,99.679334,99.980499,1,2,ok,low_volume_for_competitor_benchmark,0.55,"Export unit value is calculated as SUM(value_usd) / SUM(quantity_ton). Use as a directional competitor benchmark only; it is not a transaction price, invoice price, FOB contract price, margin, or profit. Reporter share fields are shares within Vietnam, Brazil, and Indonesia only, not global destination-market share. Low-volume destination (< 50 tons); unit value can be unstable.",UN Comtrade,https://comtradeapi.un.org/public/v1/preview/C/A/HS?reporterCode=76&flowCode=X&cmdCode=090111&period=2021&includeDesc=true,2026-05-30T19:13:38.772Z
A,2021-01-01,2021,Indonesia,IDN,Kazakhstan,KAZ,Export,coffee,coffee_raw_core,090111,Coffee; not roasted or decaffeinated,161,0.00374,43048.128342,0.320666,0.019501,2,1,ok,low_volume_for_competitor_benchmark,0.55,"Export unit value is calculated as SUM(value_usd) / SUM(quantity_ton). Use as a directional competitor benchmark only; it is not a transaction price, invoice price, FOB contract price, margin, or profit. Reporter share fields are shares within Vietnam, Brazil, and Indonesia only, not global destination-market share. Low-volume destination (< 50 tons); unit value can be unstable.",UN Comtrade,https://comtradeapi.un.org/public/v1/preview/C/A/HS?reporterCode=360&flowCode=X&cmdCode=090111&period=2021&includeDesc=true,2026-05-30T19:13:38.772Z
A,2021-01-01,2021,Brazil,BRA,Kenya,KEN,Export,coffee,coffee_raw_core,090111,Coffee; not roasted or decaffeinated,664875,211,3151.066351,100,100,1,1,ok,ok,0.82,"Export unit value is calculated as SUM(value_usd) / SUM(quantity_ton). Use as a directional competitor benchmark only; it is not a transaction price, invoice price, FOB contract price, margin, or profit. Reporter share fields are shares within Vietnam, Brazil, and Indonesia only, not global destination-market share.",UN Comtrade,https://comtradeapi.un.org/public/v1/preview/C/A/HS?reporterCode=76&flowCode=X&cmdCode=090111&period=2021&includeDesc=true,2026-05-30T19:13:38.772Z
A,2021-01-01,2021,Brazil,BRA,Kuwait,KWT,Export,coffee,coffee_raw_core,090111,Coffee; not roasted or decaffeinated,1164032,345.601,3368.138402,60.693936,47.977283,1,2,ok,ok,0.82,"Export unit value is calculated as SUM(value_usd) / SUM(quantity_ton). Use as a directional competitor benchmark only; it is not a transaction price, invoice price, FOB contract price, margin, or profit. Reporter share fields are shares within Vietnam, Brazil, and Indonesia only, not global destination-market share.",UN Comtrade,https://comtradeapi.un.org/public/v1/preview/C/A/HS?reporterCode=76&flowCode=X&cmdCode=090111&period=2021&includeDesc=true,2026-05-30T19:13:38.772Z
A,2021-01-01,2021,Indonesia,IDN,Kuwait,KWT,Export,coffee,coffee_raw_core,090111,Coffee; not roasted or decaffeinated,36410,6.062,6006.268558,1.898458,0.841544,3,1,ok,low_volume_for_competitor_benchmark,0.55,"Export unit value is calculated as SUM(value_usd) / SUM(quantity_ton). Use as a directional competitor benchmark only; it is not a transaction price, invoice price, FOB contract price, margin, or profit. Reporter share fields are shares within Vietnam, Brazil, and Indonesia only, not global destination-market share. Low-volume destination (< 50 tons); unit value can be unstable.",UN Comtrade,https://comtradeapi.un.org/public/v1/preview/C/A/HS?reporterCode=360&flowCode=X&cmdCode=090111&period=2021&includeDesc=true,2026-05-30T19:13:38.772Z
A,2021-01-01,2021,Vietnam,VNM,Kuwait,KWT,Export,coffee,coffee_raw_core,090111,Coffee; not roasted or decaffeinated,717430,368.68,1945.942281,37.407606,51.181173,2,3,ok,ok,0.82,"Export unit value is calculated as SUM(value_usd) / SUM(quantity_ton). Use as a directional competitor benchmark only; it is not a transaction price, invoice price, FOB contract price, margin, or profit. Reporter share fields are shares within Vietnam, Brazil, and Indonesia only, not global destination-market share.",UN Comtrade,https://comtradeapi.un.org/public/v1/preview/C/A/HS?reporterCode=704&flowCode=X&cmdCode=090111&period=2021&includeDesc=true,2026-05-30T19:13:38.772Z
A,2021-01-01,2021,Brazil,BRA,Latvia,LVA,Export,coffee,coffee_raw_core,090111,Coffee; not roasted or decaffeinated,6389525,2413.205,2647.73403,89.14044,87.985671,1,2,ok,ok,0.82,"Export unit value is calculated as SUM(value_usd) / SUM(quantity_ton). Use as a directional competitor benchmark only; it is not a transaction price, invoice price, FOB contract price, margin, or profit. Reporter share fields are shares within Vietnam, Brazil, and Indonesia only, not global destination-market share.",UN Comtrade,https://comtradeapi.un.org/public/v1/preview/C/A/HS?reporterCode=76&flowCode=X&cmdCode=090111&period=2021&includeDesc=true,2026-05-30T19:13:38.772Z
A,2021-01-01,2021,Indonesia,IDN,Latvia,LVA,Export,coffee,coffee_raw_core,090111,Coffee; not roasted or decaffeinated,576880.13,211.92,2722.159919,8.048071,7.726622,2,1,ok,ok,0.82,"Export unit value is calculated as SUM(value_usd) / SUM(quantity_ton). Use as a directional competitor benchmark only; it is not a transaction price, invoice price, FOB contract price, margin, or profit. Reporter share fields are shares within Vietnam, Brazil, and Indonesia only, not global destination-market share.",UN Comtrade,https://comtradeapi.un.org/public/v1/preview/C/A/HS?reporterCode=360&flowCode=X&cmdCode=090111&period=2021&includeDesc=true,2026-05-30T19:13:38.772Z
A,2021-01-01,2021,Vietnam,VNM,Latvia,LVA,Export,coffee,coffee_raw_core,090111,Coffee; not roasted or decaffeinated,201525.6,117.6,1713.653061,2.811489,4.287707,3,3,ok,ok,0.82,"Export unit value is calculated as SUM(value_usd) / SUM(quantity_ton). Use as a directional competitor benchmark only; it is not a transaction price, invoice price, FOB contract price, margin, or profit. Reporter share fields are shares within Vietnam, Brazil, and Indonesia only, not global destination-market share.",UN Comtrade,https://comtradeapi.un.org/public/v1/preview/C/A/HS?reporterCode=704&flowCode=X&cmdCode=090111&period=2021&includeDesc=true,2026-05-30T19:13:38.772Z
A,2021-01-01,2021,Brazil,BRA,Lebanon,LBN,Export,coffee,coffee_raw_core,090111,Coffee; not roasted or decaffeinated,34441587,18385.050787,1873.347395,99.139648,99.068852,1,1,ok,ok,0.82,"Export unit value is calculated as SUM(value_usd) / SUM(quantity_ton). Use as a directional competitor benchmark only; it is not a transaction price, invoice price, FOB contract price, margin, or profit. Reporter share fields are shares within Vietnam, Brazil, and Indonesia only, not global destination-market share.",UN Comtrade,https://comtradeapi.un.org/public/v1/preview/C/A/HS?reporterCode=76&flowCode=X&cmdCode=090111&period=2021&includeDesc=true,2026-05-30T19:13:38.772Z
A,2021-01-01,2021,Indonesia,IDN,Lebanon,LBN,Export,coffee,coffee_raw_core,090111,Coffee; not roasted or decaffeinated,298890.38,172.801,1729.679689,0.860352,0.931148,2,2,ok,ok,0.82,"Export unit value is calculated as SUM(value_usd) / SUM(quantity_ton). Use as a directional competitor benchmark only; it is not a transaction price, invoice price, FOB contract price, margin, or profit. Reporter share fields are shares within Vietnam, Brazil, and Indonesia only, not global destination-market share.",UN Comtrade,https://comtradeapi.un.org/public/v1/preview/C/A/HS?reporterCode=360&flowCode=X&cmdCode=090111&period=2021&includeDesc=true,2026-05-30T19:13:38.772Z
A,2021-01-01,2021,Brazil,BRA,Liberia,LBR,Export,coffee,coffee_raw_core,090111,Coffee; not roasted or decaffeinated,5133,0.738,6955.284553,100,100,1,1,ok,low_volume_for_competitor_benchmark,0.55,"Export unit value is calculated as SUM(value_usd) / SUM(quantity_ton). Use as a directional competitor benchmark only; it is not a transaction price, invoice price, FOB contract price, margin, or profit. Reporter share fields are shares within Vietnam, Brazil, and Indonesia only, not global destination-market share. Low-volume destination (< 50 tons); unit value can be unstable.",UN Comtrade,https://comtradeapi.un.org/public/v1/preview/C/A/HS?reporterCode=76&flowCode=X&cmdCode=090111&period=2021&includeDesc=true,2026-05-30T19:13:38.772Z
A,2021-01-01,2021,Brazil,BRA,Libya,LBY,Export,coffee,coffee_raw_core,090111,Coffee; not roasted or decaffeinated,7165316,2854.589,2510.104257,100,100,1,1,ok,ok,0.82,"Export unit value is calculated as SUM(value_usd) / SUM(quantity_ton). Use as a directional competitor benchmark only; it is not a transaction price, invoice price, FOB contract price, margin, or profit. Reporter share fields are shares within Vietnam, Brazil, and Indonesia only, not global destination-market share.",UN Comtrade,https://comtradeapi.un.org/public/v1/preview/C/A/HS?reporterCode=76&flowCode=X&cmdCode=090111&period=2021&includeDesc=true,2026-05-30T19:13:38.772Z
A,2021-01-01,2021,Brazil,BRA,Lithuania,LTU,Export,coffee,coffee_raw_core,090111,Coffee; not roasted or decaffeinated,3627052,1324.78,2737.852323,81.53904,74.739665,1,1,ok,ok,0.82,"Export unit value is calculated as SUM(value_usd) / SUM(quantity_ton). Use as a directional competitor benchmark only; it is not a transaction price, invoice price, FOB contract price, margin, or profit. Reporter share fields are shares within Vietnam, Brazil, and Indonesia only, not global destination-market share.",UN Comtrade,https://comtradeapi.un.org/public/v1/preview/C/A/HS?reporterCode=76&flowCode=X&cmdCode=090111&period=2021&includeDesc=true,2026-05-30T19:13:38.772Z
A,2021-01-01,2021,Vietnam,VNM,Lithuania,LTU,Export,coffee,coffee_raw_core,090111,Coffee; not roasted or decaffeinated,821187.78,447.746,1834.048277,18.46096,25.260335,2,2,ok,ok,0.82,"Export unit value is calculated as SUM(value_usd) / SUM(quantity_ton). Use as a directional competitor benchmark only; it is not a transaction price, invoice price, FOB contract price, margin, or profit. Reporter share fields are shares within Vietnam, Brazil, and Indonesia only, not global destination-market share.",UN Comtrade,https://comtradeapi.un.org/public/v1/preview/C/A/HS?reporterCode=704&flowCode=X&cmdCode=090111&period=2021&includeDesc=true,2026-05-30T19:13:38.772Z
A,2021-01-01,2021,Brazil,BRA,Malaysia,MYS,Export,coffee,coffee_raw_core,090111,Coffee; not roasted or decaffeinated,27763488,10273.558,2702.421887,20.832333,14.217303,3,1,ok,ok,0.82,"Export unit value is calculated as SUM(value_usd) / SUM(quantity_ton). Use as a directional competitor benchmark only; it is not a transaction price, invoice price, FOB contract price, margin, or profit. Reporter share fields are shares within Vietnam, Brazil, and Indonesia only, not global destination-market share.",UN Comtrade,https://comtradeapi.un.org/public/v1/preview/C/A/HS?reporterCode=76&flowCode=X&cmdCode=090111&period=2021&includeDesc=true,2026-05-30T19:13:38.772Z
A,2021-01-01,2021,Indonesia,IDN,Malaysia,MYS,Export,coffee,coffee_raw_core,090111,Coffee; not roasted or decaffeinated,49100433.449,29059.11869,1689.673867,36.842509,40.214141,2,3,ok,ok,0.82,"Export unit value is calculated as SUM(value_usd) / SUM(quantity_ton). Use as a directional competitor benchmark only; it is not a transaction price, invoice price, FOB contract price, margin, or profit. Reporter share fields are shares within Vietnam, Brazil, and Indonesia only, not global destination-market share.",UN Comtrade,https://comtradeapi.un.org/public/v1/preview/C/A/HS?reporterCode=360&flowCode=X&cmdCode=090111&period=2021&includeDesc=true,2026-05-30T19:13:38.772Z
A,2021-01-01,2021,Vietnam,VNM,Malaysia,MYS,Export,coffee,coffee_raw_core,090111,Coffee; not roasted or decaffeinated,56407223.267,32928.27,1713.033307,42.325159,45.568556,1,2,ok,ok,0.82,"Export unit value is calculated as SUM(value_usd) / SUM(quantity_ton). Use as a directional competitor benchmark only; it is not a transaction price, invoice price, FOB contract price, margin, or profit. Reporter share fields are shares within Vietnam, Brazil, and Indonesia only, not global destination-market share.",UN Comtrade,https://comtradeapi.un.org/public/v1/preview/C/A/HS?reporterCode=704&flowCode=X&cmdCode=090111&period=2021&includeDesc=true,2026-05-30T19:13:38.772Z
A,2021-01-01,2021,Brazil,BRA,Malta,MLT,Export,coffee,coffee_raw_core,090111,Coffee; not roasted or decaffeinated,3757,15.536,241.825438,10.449056,44.725933,2,2,ok,low_volume_for_competitor_benchmark,0.55,"Export unit value is calculated as SUM(value_usd) / SUM(quantity_ton). Use as a directional competitor benchmark only; it is not a transaction price, invoice price, FOB contract price, margin, or profit. Reporter share fields are shares within Vietnam, Brazil, and Indonesia only, not global destination-market share. Low-volume destination (< 50 tons); unit value can be unstable.",UN Comtrade,https://comtradeapi.un.org/public/v1/preview/C/A/HS?reporterCode=76&flowCode=X&cmdCode=090111&period=2021&includeDesc=true,2026-05-30T19:13:38.772Z
A,2021-01-01,2021,Vietnam,VNM,Malta,MLT,Export,coffee,coffee_raw_core,090111,Coffee; not roasted or decaffeinated,32198.4,19.2,1677,89.550944,55.274067,1,1,ok,low_volume_for_competitor_benchmark,0.55,"Export unit value is calculated as SUM(value_usd) / SUM(quantity_ton). Use as a directional competitor benchmark only; it is not a transaction price, invoice price, FOB contract price, margin, or profit. Reporter share fields are shares within Vietnam, Brazil, and Indonesia only, not global destination-market share. Low-volume destination (< 50 tons); unit value can be unstable.",UN Comtrade,https://comtradeapi.un.org/public/v1/preview/C/A/HS?reporterCode=704&flowCode=X&cmdCode=090111&period=2021&includeDesc=true,2026-05-30T19:13:38.772Z
A,2021-01-01,2021,Brazil,BRA,Marshall Isds,MHL,Export,coffee,coffee_raw_core,090111,Coffee; not roasted or decaffeinated,2665,7.419,359.212832,100,100,1,1,ok,low_volume_for_competitor_benchmark,0.55,"Export unit value is calculated as SUM(value_usd) / SUM(quantity_ton). Use as a directional competitor benchmark only; it is not a transaction price, invoice price, FOB contract price, margin, or profit. Reporter share fields are shares within Vietnam, Brazil, and Indonesia only, not global destination-market share. Low-volume destination (< 50 tons); unit value can be unstable.",UN Comtrade,https://comtradeapi.un.org/public/v1/preview/C/A/HS?reporterCode=76&flowCode=X&cmdCode=090111&period=2021&includeDesc=true,2026-05-30T19:13:38.772Z
A,2021-01-01,2021,Brazil,BRA,Mexico,MEX,Export,coffee,coffee_raw_core,090111,Coffee; not roasted or decaffeinated,91565089,55114.891,1661.349362,95.876473,96.784504,1,3,ok,ok,0.82,"Export unit value is calculated as SUM(value_usd) / SUM(quantity_ton). Use as a directional competitor benchmark only; it is not a transaction price, invoice price, FOB contract price, margin, or profit. Reporter share fields are shares within Vietnam, Brazil, and Indonesia only, not global destination-market share.",UN Comtrade,https://comtradeapi.un.org/public/v1/preview/C/A/HS?reporterCode=76&flowCode=X&cmdCode=090111&period=2021&includeDesc=true,2026-05-30T19:13:38.772Z
A,2021-01-01,2021,Indonesia,IDN,Mexico,MEX,Export,coffee,coffee_raw_core,090111,Coffee; not roasted or decaffeinated,705446.4,172.8,4082.444444,0.738663,0.303445,3,1,ok,ok,0.82,"Export unit value is calculated as SUM(value_usd) / SUM(quantity_ton). Use as a directional competitor benchmark only; it is not a transaction price, invoice price, FOB contract price, margin, or profit. Reporter share fields are shares within Vietnam, Brazil, and Indonesia only, not global destination-market share.",UN Comtrade,https://comtradeapi.un.org/public/v1/preview/C/A/HS?reporterCode=360&flowCode=X&cmdCode=090111&period=2021&includeDesc=true,2026-05-30T19:13:38.772Z
A,2021-01-01,2021,Vietnam,VNM,Mexico,MEX,Export,coffee,coffee_raw_core,090111,Coffee; not roasted or decaffeinated,3232653.27,1658.296,1949.382541,3.384864,2.912051,2,2,ok,ok,0.82,"Export unit value is calculated as SUM(value_usd) / SUM(quantity_ton). Use as a directional competitor benchmark only; it is not a transaction price, invoice price, FOB contract price, margin, or profit. Reporter share fields are shares within Vietnam, Brazil, and Indonesia only, not global destination-market share.",UN Comtrade,https://comtradeapi.un.org/public/v1/preview/C/A/HS?reporterCode=704&flowCode=X&cmdCode=090111&period=2021&includeDesc=true,2026-05-30T19:13:38.772Z
A,2021-01-01,2021,Brazil,BRA,Montenegro,MNE,Export,coffee,coffee_raw_core,090111,Coffee; not roasted or decaffeinated,7815516,3775.883,2069.851211,100,100,1,1,ok,ok,0.82,"Export unit value is calculated as SUM(value_usd) / SUM(quantity_ton). Use as a directional competitor benchmark only; it is not a transaction price, invoice price, FOB contract price, margin, or profit. Reporter share fields are shares within Vietnam, Brazil, and Indonesia only, not global destination-market share.",UN Comtrade,https://comtradeapi.un.org/public/v1/preview/C/A/HS?reporterCode=76&flowCode=X&cmdCode=090111&period=2021&includeDesc=true,2026-05-30T19:13:38.772Z
A,2021-01-01,2021,Brazil,BRA,Morocco,MAR,Export,coffee,coffee_raw_core,090111,Coffee; not roasted or decaffeinated,4154168,2283.35,1819.33037,12.89989,12.248033,3,1,ok,ok,0.82,"Export unit value is calculated as SUM(value_usd) / SUM(quantity_ton). Use as a directional competitor benchmark only; it is not a transaction price, invoice price, FOB contract price, margin, or profit. Reporter share fields are shares within Vietnam, Brazil, and Indonesia only, not global destination-market share.",UN Comtrade,https://comtradeapi.un.org/public/v1/preview/C/A/HS?reporterCode=76&flowCode=X&cmdCode=090111&period=2021&includeDesc=true,2026-05-30T19:13:38.772Z
A,2021-01-01,2021,Indonesia,IDN,Morocco,MAR,Export,coffee,coffee_raw_core,090111,Coffee; not roasted or decaffeinated,21019104.7,12164.10106,1727.962025,65.270385,65.249004,1,2,ok,ok,0.82,"Export unit value is calculated as SUM(value_usd) / SUM(quantity_ton). Use as a directional competitor benchmark only; it is not a transaction price, invoice price, FOB contract price, margin, or profit. Reporter share fields are shares within Vietnam, Brazil, and Indonesia only, not global destination-market share.",UN Comtrade,https://comtradeapi.un.org/public/v1/preview/C/A/HS?reporterCode=360&flowCode=X&cmdCode=090111&period=2021&includeDesc=true,2026-05-30T19:13:38.772Z
A,2021-01-01,2021,Vietnam,VNM,Morocco,MAR,Export,coffee,coffee_raw_core,090111,Coffee; not roasted or decaffeinated,7029853.841,4195.134,1675.716161,21.829725,22.502963,2,3,ok,ok,0.82,"Export unit value is calculated as SUM(value_usd) / SUM(quantity_ton). Use as a directional competitor benchmark only; it is not a transaction price, invoice price, FOB contract price, margin, or profit. Reporter share fields are shares within Vietnam, Brazil, and Indonesia only, not global destination-market share.",UN Comtrade,https://comtradeapi.un.org/public/v1/preview/C/A/HS?reporterCode=704&flowCode=X&cmdCode=090111&period=2021&includeDesc=true,2026-05-30T19:13:38.772Z
A,2021-01-01,2021,Vietnam,VNM,Myanmar,MMR,Export,coffee,coffee_raw_core,090111,Coffee; not roasted or decaffeinated,123360,58.048,2125.137817,100,100,1,1,ok,ok,0.82,"Export unit value is calculated as SUM(value_usd) / SUM(quantity_ton). Use as a directional competitor benchmark only; it is not a transaction price, invoice price, FOB contract price, margin, or profit. Reporter share fields are shares within Vietnam, Brazil, and Indonesia only, not global destination-market share.",UN Comtrade,https://comtradeapi.un.org/public/v1/preview/C/A/HS?reporterCode=704&flowCode=X&cmdCode=090111&period=2021&includeDesc=true,2026-05-30T19:13:38.772Z
A,2021-01-01,2021,Brazil,BRA,Netherlands,NLD,Export,coffee,coffee_raw_core,090111,Coffee; not roasted or decaffeinated,71389730,26137.127,2731.353373,71.799065,66.901791,1,2,ok,ok,0.82,"Export unit value is calculated as SUM(value_usd) / SUM(quantity_ton). Use as a directional competitor benchmark only; it is not a transaction price, invoice price, FOB contract price, margin, or profit. Reporter share fields are shares within Vietnam, Brazil, and Indonesia only, not global destination-market share.",UN Comtrade,https://comtradeapi.un.org/public/v1/preview/C/A/HS?reporterCode=76&flowCode=X&cmdCode=090111&period=2021&includeDesc=true,2026-05-30T19:13:38.772Z
A,2021-01-01,2021,Indonesia,IDN,Netherlands,NLD,Export,coffee,coffee_raw_core,090111,Coffee; not roasted or decaffeinated,7239496.223,2243.4923,3226.887038,7.281006,5.742546,3,1,ok,ok,0.82,"Export unit value is calculated as SUM(value_usd) / SUM(quantity_ton). Use as a directional competitor benchmark only; it is not a transaction price, invoice price, FOB contract price, margin, or profit. Reporter share fields are shares within Vietnam, Brazil, and Indonesia only, not global destination-market share.",UN Comtrade,https://comtradeapi.un.org/public/v1/preview/C/A/HS?reporterCode=360&flowCode=X&cmdCode=090111&period=2021&includeDesc=true,2026-05-30T19:13:38.772Z
A,2021-01-01,2021,Vietnam,VNM,Netherlands,NLD,Export,coffee,coffee_raw_core,090111,Coffee; not roasted or decaffeinated,20800661.365,10687.284,1946.300048,20.919928,27.355663,2,3,ok,ok,0.82,"Export unit value is calculated as SUM(value_usd) / SUM(quantity_ton). Use as a directional competitor benchmark only; it is not a transaction price, invoice price, FOB contract price, margin, or profit. Reporter share fields are shares within Vietnam, Brazil, and Indonesia only, not global destination-market share.",UN Comtrade,https://comtradeapi.un.org/public/v1/preview/C/A/HS?reporterCode=704&flowCode=X&cmdCode=090111&period=2021&includeDesc=true,2026-05-30T19:13:38.772Z
A,2021-01-01,2021,Brazil,BRA,New Zealand,NZL,Export,coffee,coffee_raw_core,090111,Coffee; not roasted or decaffeinated,10293380,3042.015,3383.737424,76.524526,71.522847,1,2,ok,ok,0.82,"Export unit value is calculated as SUM(value_usd) / SUM(quantity_ton). Use as a directional competitor benchmark only; it is not a transaction price, invoice price, FOB contract price, margin, or profit. Reporter share fields are shares within Vietnam, Brazil, and Indonesia only, not global destination-market share.",UN Comtrade,https://comtradeapi.un.org/public/v1/preview/C/A/HS?reporterCode=76&flowCode=X&cmdCode=090111&period=2021&includeDesc=true,2026-05-30T19:13:38.772Z
A,2021-01-01,2021,Indonesia,IDN,New Zealand,NZL,Export,coffee,coffee_raw_core,090111,Coffee; not roasted or decaffeinated,1850791.67,424.96235,4355.189748,13.759422,9.991574,2,1,ok,ok,0.82,"Export unit value is calculated as SUM(value_usd) / SUM(quantity_ton). Use as a directional competitor benchmark only; it is not a transaction price, invoice price, FOB contract price, margin, or profit. Reporter share fields are shares within Vietnam, Brazil, and Indonesia only, not global destination-market share.",UN Comtrade,https://comtradeapi.un.org/public/v1/preview/C/A/HS?reporterCode=360&flowCode=X&cmdCode=090111&period=2021&includeDesc=true,2026-05-30T19:13:38.772Z
A,2021-01-01,2021,Vietnam,VNM,New Zealand,NZL,Export,coffee,coffee_raw_core,090111,Coffee; not roasted or decaffeinated,1306914.5,786.23,1662.254684,9.716052,18.485579,3,3,ok,ok,0.82,"Export unit value is calculated as SUM(value_usd) / SUM(quantity_ton). Use as a directional competitor benchmark only; it is not a transaction price, invoice price, FOB contract price, margin, or profit. Reporter share fields are shares within Vietnam, Brazil, and Indonesia only, not global destination-market share.",UN Comtrade,https://comtradeapi.un.org/public/v1/preview/C/A/HS?reporterCode=704&flowCode=X&cmdCode=090111&period=2021&includeDesc=true,2026-05-30T19:13:38.772Z
A,2021-01-01,2021,Indonesia,IDN,Nigeria,NGA,Export,coffee,coffee_raw_core,090111,Coffee; not roasted or decaffeinated,75.348,0.01092,6900,0.058245,0.013684,2,1,ok,low_volume_for_competitor_benchmark,0.55,"Export unit value is calculated as SUM(value_usd) / SUM(quantity_ton). Use as a directional competitor benchmark only; it is not a transaction price, invoice price, FOB contract price, margin, or profit. Reporter share fields are shares within Vietnam, Brazil, and Indonesia only, not global destination-market share. Low-volume destination (< 50 tons); unit value can be unstable.",UN Comtrade,https://comtradeapi.un.org/public/v1/preview/C/A/HS?reporterCode=360&flowCode=X&cmdCode=090111&period=2021&includeDesc=true,2026-05-30T19:13:38.772Z
A,2021-01-01,2021,Vietnam,VNM,Nigeria,NGA,Export,coffee,coffee_raw_core,090111,Coffee; not roasted or decaffeinated,129288.524,79.79,1620.359995,99.941755,99.986316,1,2,ok,ok,0.82,"Export unit value is calculated as SUM(value_usd) / SUM(quantity_ton). Use as a directional competitor benchmark only; it is not a transaction price, invoice price, FOB contract price, margin, or profit. Reporter share fields are shares within Vietnam, Brazil, and Indonesia only, not global destination-market share.",UN Comtrade,https://comtradeapi.un.org/public/v1/preview/C/A/HS?reporterCode=704&flowCode=X&cmdCode=090111&period=2021&includeDesc=true,2026-05-30T19:13:38.772Z
A,2021-01-01,2021,Brazil,BRA,Norway,NOR,Export,coffee,coffee_raw_core,090111,Coffee; not roasted or decaffeinated,30204857,11519.276,2622.114185,95.015517,96.028347,1,2,ok,ok,0.82,"Export unit value is calculated as SUM(value_usd) / SUM(quantity_ton). Use as a directional competitor benchmark only; it is not a transaction price, invoice price, FOB contract price, margin, or profit. Reporter share fields are shares within Vietnam, Brazil, and Indonesia only, not global destination-market share.",UN Comtrade,https://comtradeapi.un.org/public/v1/preview/C/A/HS?reporterCode=76&flowCode=X&cmdCode=090111&period=2021&includeDesc=true,2026-05-30T19:13:38.772Z
A,2021-01-01,2021,Indonesia,IDN,Norway,NOR,Export,coffee,coffee_raw_core,090111,Coffee; not roasted or decaffeinated,1158483.72,260.4277,4448.389015,3.644246,2.171008,2,1,ok,ok,0.82,"Export unit value is calculated as SUM(value_usd) / SUM(quantity_ton). Use as a directional competitor benchmark only; it is not a transaction price, invoice price, FOB contract price, margin, or profit. Reporter share fields are shares within Vietnam, Brazil, and Indonesia only, not global destination-market share.",UN Comtrade,https://comtradeapi.un.org/public/v1/preview/C/A/HS?reporterCode=360&flowCode=X&cmdCode=090111&period=2021&includeDesc=true,2026-05-30T19:13:38.772Z
A,2021-01-01,2021,Vietnam,VNM,Norway,NOR,Export,coffee,coffee_raw_core,090111,Coffee; not roasted or decaffeinated,426053.088,216,1972.468,1.340237,1.800645,3,3,ok,ok,0.82,"Export unit value is calculated as SUM(value_usd) / SUM(quantity_ton). Use as a directional competitor benchmark only; it is not a transaction price, invoice price, FOB contract price, margin, or profit. Reporter share fields are shares within Vietnam, Brazil, and Indonesia only, not global destination-market share.",UN Comtrade,https://comtradeapi.un.org/public/v1/preview/C/A/HS?reporterCode=704&flowCode=X&cmdCode=090111&period=2021&includeDesc=true,2026-05-30T19:13:38.772Z
A,2021-01-01,2021,Brazil,BRA,Oman,OMN,Export,coffee,coffee_raw_core,090111,Coffee; not roasted or decaffeinated,766673,380.4,2015.439012,94.833396,95.1946,1,2,ok,ok,0.82,"Export unit value is calculated as SUM(value_usd) / SUM(quantity_ton). Use as a directional competitor benchmark only; it is not a transaction price, invoice price, FOB contract price, margin, or profit. Reporter share fields are shares within Vietnam, Brazil, and Indonesia only, not global destination-market share.",UN Comtrade,https://comtradeapi.un.org/public/v1/preview/C/A/HS?reporterCode=76&flowCode=X&cmdCode=090111&period=2021&includeDesc=true,2026-05-30T19:13:38.772Z
A,2021-01-01,2021,Indonesia,IDN,Oman,OMN,Export,coffee,coffee_raw_core,090111,Coffee; not roasted or decaffeinated,41769,19.2025,2175.185523,5.166604,4.8054,2,1,ok,low_volume_for_competitor_benchmark,0.55,"Export unit value is calculated as SUM(value_usd) / SUM(quantity_ton). Use as a directional competitor benchmark only; it is not a transaction price, invoice price, FOB contract price, margin, or profit. Reporter share fields are shares within Vietnam, Brazil, and Indonesia only, not global destination-market share. Low-volume destination (< 50 tons); unit value can be unstable.",UN Comtrade,https://comtradeapi.un.org/public/v1/preview/C/A/HS?reporterCode=360&flowCode=X&cmdCode=090111&period=2021&includeDesc=true,2026-05-30T19:13:38.772Z
A,2021-01-01,2021,Brazil,BRA,"Other Asia, nes",S19,Export,coffee,coffee_raw_core,090111,Coffee; not roasted or decaffeinated,21512516,7842.167,2743.185143,59.76247,61.055817,1,2,ok,ok,0.82,"Export unit value is calculated as SUM(value_usd) / SUM(quantity_ton). Use as a directional competitor benchmark only; it is not a transaction price, invoice price, FOB contract price, margin, or profit. Reporter share fields are shares within Vietnam, Brazil, and Indonesia only, not global destination-market share.",UN Comtrade,https://comtradeapi.un.org/public/v1/preview/C/A/HS?reporterCode=76&flowCode=X&cmdCode=090111&period=2021&includeDesc=true,2026-05-30T19:13:38.772Z
A,2021-01-01,2021,Indonesia,IDN,"Other Asia, nes",S19,Export,coffee,coffee_raw_core,090111,Coffee; not roasted or decaffeinated,12048032.34,3952.51166,3048.196533,33.469826,30.772595,2,1,ok,ok,0.82,"Export unit value is calculated as SUM(value_usd) / SUM(quantity_ton). Use as a directional competitor benchmark only; it is not a transaction price, invoice price, FOB contract price, margin, or profit. Reporter share fields are shares within Vietnam, Brazil, and Indonesia only, not global destination-market share.",UN Comtrade,https://comtradeapi.un.org/public/v1/preview/C/A/HS?reporterCode=360&flowCode=X&cmdCode=090111&period=2021&includeDesc=true,2026-05-30T19:13:38.772Z
A,2021-01-01,2021,Vietnam,VNM,"Other Asia, nes",S19,Export,coffee,coffee_raw_core,090111,Coffee; not roasted or decaffeinated,2436149.816,1049.58,2321.07111,6.767704,8.171589,3,3,ok,ok,0.82,"Export unit value is calculated as SUM(value_usd) / SUM(quantity_ton). Use as a directional competitor benchmark only; it is not a transaction price, invoice price, FOB contract price, margin, or profit. Reporter share fields are shares within Vietnam, Brazil, and Indonesia only, not global destination-market share.",UN Comtrade,https://comtradeapi.un.org/public/v1/preview/C/A/HS?reporterCode=704&flowCode=X&cmdCode=090111&period=2021&includeDesc=true,2026-05-30T19:13:38.772Z
A,2021-01-01,2021,Indonesia,IDN,Pakistan,PAK,Export,coffee,coffee_raw_core,090111,Coffee; not roasted or decaffeinated,358.92,0.045,7976,100,100,1,1,ok,low_volume_for_competitor_benchmark,0.55,"Export unit value is calculated as SUM(value_usd) / SUM(quantity_ton). Use as a directional competitor benchmark only; it is not a transaction price, invoice price, FOB contract price, margin, or profit. Reporter share fields are shares within Vietnam, Brazil, and Indonesia only, not global destination-market share. Low-volume destination (< 50 tons); unit value can be unstable.",UN Comtrade,https://comtradeapi.un.org/public/v1/preview/C/A/HS?reporterCode=360&flowCode=X&cmdCode=090111&period=2021&includeDesc=true,2026-05-30T19:13:38.772Z
A,2021-01-01,2021,Brazil,BRA,Panama,PAN,Export,coffee,coffee_raw_core,090111,Coffee; not roasted or decaffeinated,319816,96.683798,3307.855159,84.202877,83.431679,1,1,ok,ok,0.82,"Export unit value is calculated as SUM(value_usd) / SUM(quantity_ton). Use as a directional competitor benchmark only; it is not a transaction price, invoice price, FOB contract price, margin, or profit. Reporter share fields are shares within Vietnam, Brazil, and Indonesia only, not global destination-market share.",UN Comtrade,https://comtradeapi.un.org/public/v1/preview/C/A/HS?reporterCode=76&flowCode=X&cmdCode=090111&period=2021&includeDesc=true,2026-05-30T19:13:38.772Z
A,2021-01-01,2021,Vietnam,VNM,Panama,PAN,Export,coffee,coffee_raw_core,090111,Coffee; not roasted or decaffeinated,60000,19.2,3125,15.797123,16.568321,2,2,ok,low_volume_for_competitor_benchmark,0.55,"Export unit value is calculated as SUM(value_usd) / SUM(quantity_ton). Use as a directional competitor benchmark only; it is not a transaction price, invoice price, FOB contract price, margin, or profit. Reporter share fields are shares within Vietnam, Brazil, and Indonesia only, not global destination-market share. Low-volume destination (< 50 tons); unit value can be unstable.",UN Comtrade,https://comtradeapi.un.org/public/v1/preview/C/A/HS?reporterCode=704&flowCode=X&cmdCode=090111&period=2021&includeDesc=true,2026-05-30T19:13:38.772Z
A,2021-01-01,2021,Brazil,BRA,Paraguay,PRY,Export,coffee,coffee_raw_core,090111,Coffee; not roasted or decaffeinated,1358039,630.421,2154.177922,100,100,1,1,ok,ok,0.82,"Export unit value is calculated as SUM(value_usd) / SUM(quantity_ton). Use as a directional competitor benchmark only; it is not a transaction price, invoice price, FOB contract price, margin, or profit. Reporter share fields are shares within Vietnam, Brazil, and Indonesia only, not global destination-market share.",UN Comtrade,https://comtradeapi.un.org/public/v1/preview/C/A/HS?reporterCode=76&flowCode=X&cmdCode=090111&period=2021&includeDesc=true,2026-05-30T19:13:38.772Z
A,2021-01-01,2021,Brazil,BRA,Philippines,PHL,Export,coffee,coffee_raw_core,090111,Coffee; not roasted or decaffeinated,1785514,537.63,3321.083273,3.702498,1.918021,3,1,ok,ok,0.82,"Export unit value is calculated as SUM(value_usd) / SUM(quantity_ton). Use as a directional competitor benchmark only; it is not a transaction price, invoice price, FOB contract price, margin, or profit. Reporter share fields are shares within Vietnam, Brazil, and Indonesia only, not global destination-market share.",UN Comtrade,https://comtradeapi.un.org/public/v1/preview/C/A/HS?reporterCode=76&flowCode=X&cmdCode=090111&period=2021&includeDesc=true,2026-05-30T19:13:38.772Z
A,2021-01-01,2021,Indonesia,IDN,Philippines,PHL,Export,coffee,coffee_raw_core,090111,Coffee; not roasted or decaffeinated,4443692.134,2662.7545,1668.832832,9.214581,9.499505,2,3,ok,ok,0.82,"Export unit value is calculated as SUM(value_usd) / SUM(quantity_ton). Use as a directional competitor benchmark only; it is not a transaction price, invoice price, FOB contract price, margin, or profit. Reporter share fields are shares within Vietnam, Brazil, and Indonesia only, not global destination-market share.",UN Comtrade,https://comtradeapi.un.org/public/v1/preview/C/A/HS?reporterCode=360&flowCode=X&cmdCode=090111&period=2021&includeDesc=true,2026-05-30T19:13:38.772Z
A,2021-01-01,2021,Vietnam,VNM,Philippines,PHL,Export,coffee,coffee_raw_core,090111,Coffee; not roasted or decaffeinated,41995366.844,24830.07,1691.310852,87.082921,88.582474,1,2,ok,ok,0.82,"Export unit value is calculated as SUM(value_usd) / SUM(quantity_ton). Use as a directional competitor benchmark only; it is not a transaction price, invoice price, FOB contract price, margin, or profit. Reporter share fields are shares within Vietnam, Brazil, and Indonesia only, not global destination-market share.",UN Comtrade,https://comtradeapi.un.org/public/v1/preview/C/A/HS?reporterCode=704&flowCode=X&cmdCode=090111&period=2021&includeDesc=true,2026-05-30T19:13:38.772Z
A,2021-01-01,2021,Brazil,BRA,Poland,POL,Export,coffee,coffee_raw_core,090111,Coffee; not roasted or decaffeinated,44477307,18266.261,2434.943145,69.642003,61.686727,1,1,ok,ok,0.82,"Export unit value is calculated as SUM(value_usd) / SUM(quantity_ton). Use as a directional competitor benchmark only; it is not a transaction price, invoice price, FOB contract price, margin, or profit. Reporter share fields are shares within Vietnam, Brazil, and Indonesia only, not global destination-market share.",UN Comtrade,https://comtradeapi.un.org/public/v1/preview/C/A/HS?reporterCode=76&flowCode=X&cmdCode=090111&period=2021&includeDesc=true,2026-05-30T19:13:38.772Z
A,2021-01-01,2021,Indonesia,IDN,Poland,POL,Export,coffee,coffee_raw_core,090111,Coffee; not roasted or decaffeinated,287668.413,166.4803,1727.942663,0.450428,0.562218,3,2,ok,ok,0.82,"Export unit value is calculated as SUM(value_usd) / SUM(quantity_ton). Use as a directional competitor benchmark only; it is not a transaction price, invoice price, FOB contract price, margin, or profit. Reporter share fields are shares within Vietnam, Brazil, and Indonesia only, not global destination-market share.",UN Comtrade,https://comtradeapi.un.org/public/v1/preview/C/A/HS?reporterCode=360&flowCode=X&cmdCode=090111&period=2021&includeDesc=true,2026-05-30T19:13:38.772Z
A,2021-01-01,2021,Vietnam,VNM,Poland,POL,Export,coffee,coffee_raw_core,090111,Coffee; not roasted or decaffeinated,19100659.104,11178.59,1708.682321,29.90757,37.751055,2,3,ok,ok,0.82,"Export unit value is calculated as SUM(value_usd) / SUM(quantity_ton). Use as a directional competitor benchmark only; it is not a transaction price, invoice price, FOB contract price, margin, or profit. Reporter share fields are shares within Vietnam, Brazil, and Indonesia only, not global destination-market share.",UN Comtrade,https://comtradeapi.un.org/public/v1/preview/C/A/HS?reporterCode=704&flowCode=X&cmdCode=090111&period=2021&includeDesc=true,2026-05-30T19:13:38.772Z
A,2021-01-01,2021,Brazil,BRA,Portugal,PRT,Export,coffee,coffee_raw_core,090111,Coffee; not roasted or decaffeinated,13600155,5024.068,2707.000582,43.261713,33.281207,2,1,ok,ok,0.82,"Export unit value is calculated as SUM(value_usd) / SUM(quantity_ton). Use as a directional competitor benchmark only; it is not a transaction price, invoice price, FOB contract price, margin, or profit. Reporter share fields are shares within Vietnam, Brazil, and Indonesia only, not global destination-market share.",UN Comtrade,https://comtradeapi.un.org/public/v1/preview/C/A/HS?reporterCode=76&flowCode=X&cmdCode=090111&period=2021&includeDesc=true,2026-05-30T19:13:38.772Z
A,2021-01-01,2021,Indonesia,IDN,Portugal,PRT,Export,coffee,coffee_raw_core,090111,Coffee; not roasted or decaffeinated,2315883.91,1324.8005,1748.100118,7.366762,8.775948,3,3,ok,ok,0.82,"Export unit value is calculated as SUM(value_usd) / SUM(quantity_ton). Use as a directional competitor benchmark only; it is not a transaction price, invoice price, FOB contract price, margin, or profit. Reporter share fields are shares within Vietnam, Brazil, and Indonesia only, not global destination-market share.",UN Comtrade,https://comtradeapi.un.org/public/v1/preview/C/A/HS?reporterCode=360&flowCode=X&cmdCode=090111&period=2021&includeDesc=true,2026-05-30T19:13:38.772Z
A,2021-01-01,2021,Vietnam,VNM,Portugal,PRT,Export,coffee,coffee_raw_core,090111,Coffee; not roasted or decaffeinated,15520892.577,8746.942,1774.436435,49.371525,57.942844,1,2,ok,ok,0.82,"Export unit value is calculated as SUM(value_usd) / SUM(quantity_ton). Use as a directional competitor benchmark only; it is not a transaction price, invoice price, FOB contract price, margin, or profit. Reporter share fields are shares within Vietnam, Brazil, and Indonesia only, not global destination-market share.",UN Comtrade,https://comtradeapi.un.org/public/v1/preview/C/A/HS?reporterCode=704&flowCode=X&cmdCode=090111&period=2021&includeDesc=true,2026-05-30T19:13:38.772Z
A,2021-01-01,2021,Brazil,BRA,Qatar,QAT,Export,coffee,coffee_raw_core,090111,Coffee; not roasted or decaffeinated,702291,241.212,2911.509378,92.406841,96.196979,1,2,ok,ok,0.82,"Export unit value is calculated as SUM(value_usd) / SUM(quantity_ton). Use as a directional competitor benchmark only; it is not a transaction price, invoice price, FOB contract price, margin, or profit. Reporter share fields are shares within Vietnam, Brazil, and Indonesia only, not global destination-market share.",UN Comtrade,https://comtradeapi.un.org/public/v1/preview/C/A/HS?reporterCode=76&flowCode=X&cmdCode=090111&period=2021&includeDesc=true,2026-05-30T19:13:38.772Z
A,2021-01-01,2021,Indonesia,IDN,Qatar,QAT,Export,coffee,coffee_raw_core,090111,Coffee; not roasted or decaffeinated,57707.925,9.536,6051.586095,7.593159,3.803021,2,1,ok,low_volume_for_competitor_benchmark,0.55,"Export unit value is calculated as SUM(value_usd) / SUM(quantity_ton). Use as a directional competitor benchmark only; it is not a transaction price, invoice price, FOB contract price, margin, or profit. Reporter share fields are shares within Vietnam, Brazil, and Indonesia only, not global destination-market share. Low-volume destination (< 50 tons); unit value can be unstable.",UN Comtrade,https://comtradeapi.un.org/public/v1/preview/C/A/HS?reporterCode=360&flowCode=X&cmdCode=090111&period=2021&includeDesc=true,2026-05-30T19:13:38.772Z
A,2021-01-01,2021,Brazil,BRA,Rep. of Korea,KOR,Export,coffee,coffee_raw_core,090111,Coffee; not roasted or decaffeinated,109081675,38131.329,2860.683796,62.683165,54.120121,1,2,ok,ok,0.82,"Export unit value is calculated as SUM(value_usd) / SUM(quantity_ton). Use as a directional competitor benchmark only; it is not a transaction price, invoice price, FOB contract price, margin, or profit. Reporter share fields are shares within Vietnam, Brazil, and Indonesia only, not global destination-market share.",UN Comtrade,https://comtradeapi.un.org/public/v1/preview/C/A/HS?reporterCode=76&flowCode=X&cmdCode=090111&period=2021&includeDesc=true,2026-05-30T19:13:38.772Z
A,2021-01-01,2021,Indonesia,IDN,Rep. of Korea,KOR,Export,coffee,coffee_raw_core,090111,Coffee; not roasted or decaffeinated,8417907.125,2137.4845,3938.230722,4.837303,3.03375,3,1,ok,ok,0.82,"Export unit value is calculated as SUM(value_usd) / SUM(quantity_ton). Use as a directional competitor benchmark only; it is not a transaction price, invoice price, FOB contract price, margin, or profit. Reporter share fields are shares within Vietnam, Brazil, and Indonesia only, not global destination-market share.",UN Comtrade,https://comtradeapi.un.org/public/v1/preview/C/A/HS?reporterCode=360&flowCode=X&cmdCode=090111&period=2021&includeDesc=true,2026-05-30T19:13:38.772Z
A,2021-01-01,2021,Vietnam,VNM,Rep. of Korea,KOR,Export,coffee,coffee_raw_core,090111,Coffee; not roasted or decaffeinated,56521105.67,30188.03,1872.301892,32.479532,42.846129,2,3,ok,ok,0.82,"Export unit value is calculated as SUM(value_usd) / SUM(quantity_ton). Use as a directional competitor benchmark only; it is not a transaction price, invoice price, FOB contract price, margin, or profit. Reporter share fields are shares within Vietnam, Brazil, and Indonesia only, not global destination-market share.",UN Comtrade,https://comtradeapi.un.org/public/v1/preview/C/A/HS?reporterCode=704&flowCode=X&cmdCode=090111&period=2021&includeDesc=true,2026-05-30T19:13:38.772Z
A,2021-01-01,2021,Brazil,BRA,Romania,ROU,Export,coffee,coffee_raw_core,090111,Coffee; not roasted or decaffeinated,7506368,2922.604,2568.383537,64.595498,55.27148,1,1,ok,ok,0.82,"Export unit value is calculated as SUM(value_usd) / SUM(quantity_ton). Use as a directional competitor benchmark only; it is not a transaction price, invoice price, FOB contract price, margin, or profit. Reporter share fields are shares within Vietnam, Brazil, and Indonesia only, not global destination-market share.",UN Comtrade,https://comtradeapi.un.org/public/v1/preview/C/A/HS?reporterCode=76&flowCode=X&cmdCode=090111&period=2021&includeDesc=true,2026-05-30T19:13:38.772Z
A,2021-01-01,2021,Indonesia,IDN,Romania,ROU,Export,coffee,coffee_raw_core,090111,Coffee; not roasted or decaffeinated,953180.926,509.41125,1871.142277,8.202528,9.633845,3,2,ok,ok,0.82,"Export unit value is calculated as SUM(value_usd) / SUM(quantity_ton). Use as a directional competitor benchmark only; it is not a transaction price, invoice price, FOB contract price, margin, or profit. Reporter share fields are shares within Vietnam, Brazil, and Indonesia only, not global destination-market share.",UN Comtrade,https://comtradeapi.un.org/public/v1/preview/C/A/HS?reporterCode=360&flowCode=X&cmdCode=090111&period=2021&includeDesc=true,2026-05-30T19:13:38.772Z
A,2021-01-01,2021,Vietnam,VNM,Romania,ROU,Export,coffee,coffee_raw_core,090111,Coffee; not roasted or decaffeinated,3161025.584,1855.71,1703.404942,27.201973,35.094675,2,3,ok,ok,0.82,"Export unit value is calculated as SUM(value_usd) / SUM(quantity_ton). Use as a directional competitor benchmark only; it is not a transaction price, invoice price, FOB contract price, margin, or profit. Reporter share fields are shares within Vietnam, Brazil, and Indonesia only, not global destination-market share.",UN Comtrade,https://comtradeapi.un.org/public/v1/preview/C/A/HS?reporterCode=704&flowCode=X&cmdCode=090111&period=2021&includeDesc=true,2026-05-30T19:13:38.772Z
A,2021-01-01,2021,Brazil,BRA,Russian Federation,RUS,Export,coffee,coffee_raw_core,090111,Coffee; not roasted or decaffeinated,132823877,54101.463,2455.088451,48.010656,39.591577,1,1,ok,ok,0.82,"Export unit value is calculated as SUM(value_usd) / SUM(quantity_ton). Use as a directional competitor benchmark only; it is not a transaction price, invoice price, FOB contract price, margin, or profit. Reporter share fields are shares within Vietnam, Brazil, and Indonesia only, not global destination-market share.",UN Comtrade,https://comtradeapi.un.org/public/v1/preview/C/A/HS?reporterCode=76&flowCode=X&cmdCode=090111&period=2021&includeDesc=true,2026-05-30T19:13:38.772Z
A,2021-01-01,2021,Indonesia,IDN,Russian Federation,RUS,Export,coffee,coffee_raw_core,090111,Coffee; not roasted or decaffeinated,14719272.48,8605.2492,1710.499271,5.320443,6.297341,3,3,ok,ok,0.82,"Export unit value is calculated as SUM(value_usd) / SUM(quantity_ton). Use as a directional competitor benchmark only; it is not a transaction price, invoice price, FOB contract price, margin, or profit. Reporter share fields are shares within Vietnam, Brazil, and Indonesia only, not global destination-market share.",UN Comtrade,https://comtradeapi.un.org/public/v1/preview/C/A/HS?reporterCode=360&flowCode=X&cmdCode=090111&period=2021&includeDesc=true,2026-05-30T19:13:38.772Z
A,2021-01-01,2021,Vietnam,VNM,Russian Federation,RUS,Export,coffee,coffee_raw_core,090111,Coffee; not roasted or decaffeinated,129111841.558,73942.21,1746.11824,46.6689,54.111082,2,2,ok,ok,0.82,"Export unit value is calculated as SUM(value_usd) / SUM(quantity_ton). Use as a directional competitor benchmark only; it is not a transaction price, invoice price, FOB contract price, margin, or profit. Reporter share fields are shares within Vietnam, Brazil, and Indonesia only, not global destination-market share.",UN Comtrade,https://comtradeapi.un.org/public/v1/preview/C/A/HS?reporterCode=704&flowCode=X&cmdCode=090111&period=2021&includeDesc=true,2026-05-30T19:13:38.772Z
A,2021-01-01,2021,Brazil,BRA,Saudi Arabia,SAU,Export,coffee,coffee_raw_core,090111,Coffee; not roasted or decaffeinated,17717764,5941.41621,2982.077568,88.291198,92.425406,1,2,ok,ok,0.82,"Export unit value is calculated as SUM(value_usd) / SUM(quantity_ton). Use as a directional competitor benchmark only; it is not a transaction price, invoice price, FOB contract price, margin, or profit. Reporter share fields are shares within Vietnam, Brazil, and Indonesia only, not global destination-market share.",UN Comtrade,https://comtradeapi.un.org/public/v1/preview/C/A/HS?reporterCode=76&flowCode=X&cmdCode=090111&period=2021&includeDesc=true,2026-05-30T19:13:38.772Z
A,2021-01-01,2021,Indonesia,IDN,Saudi Arabia,SAU,Export,coffee,coffee_raw_core,090111,Coffee; not roasted or decaffeinated,2230083.05,434.03037,5138.08066,11.112954,6.75183,2,1,ok,ok,0.82,"Export unit value is calculated as SUM(value_usd) / SUM(quantity_ton). Use as a directional competitor benchmark only; it is not a transaction price, invoice price, FOB contract price, margin, or profit. Reporter share fields are shares within Vietnam, Brazil, and Indonesia only, not global destination-market share.",UN Comtrade,https://comtradeapi.un.org/public/v1/preview/C/A/HS?reporterCode=360&flowCode=X&cmdCode=090111&period=2021&includeDesc=true,2026-05-30T19:13:38.772Z
A,2021-01-01,2021,Vietnam,VNM,Saudi Arabia,SAU,Export,coffee,coffee_raw_core,090111,Coffee; not roasted or decaffeinated,119571.25,52.89,2260.753451,0.595848,0.822763,3,3,ok,ok,0.82,"Export unit value is calculated as SUM(value_usd) / SUM(quantity_ton). Use as a directional competitor benchmark only; it is not a transaction price, invoice price, FOB contract price, margin, or profit. Reporter share fields are shares within Vietnam, Brazil, and Indonesia only, not global destination-market share.",UN Comtrade,https://comtradeapi.un.org/public/v1/preview/C/A/HS?reporterCode=704&flowCode=X&cmdCode=090111&period=2021&includeDesc=true,2026-05-30T19:13:38.772Z
A,2021-01-01,2021,Vietnam,VNM,Senegal,SEN,Export,coffee,coffee_raw_core,090111,Coffee; not roasted or decaffeinated,202368,115.2,1756.666667,100,100,1,1,ok,ok,0.82,"Export unit value is calculated as SUM(value_usd) / SUM(quantity_ton). Use as a directional competitor benchmark only; it is not a transaction price, invoice price, FOB contract price, margin, or profit. Reporter share fields are shares within Vietnam, Brazil, and Indonesia only, not global destination-market share.",UN Comtrade,https://comtradeapi.un.org/public/v1/preview/C/A/HS?reporterCode=704&flowCode=X&cmdCode=090111&period=2021&includeDesc=true,2026-05-30T19:13:38.772Z
A,2021-01-01,2021,Brazil,BRA,Singapore,SGP,Export,coffee,coffee_raw_core,090111,Coffee; not roasted or decaffeinated,2966265,864.752,3430.191546,23.092916,13.543521,2,1,ok,ok,0.82,"Export unit value is calculated as SUM(value_usd) / SUM(quantity_ton). Use as a directional competitor benchmark only; it is not a transaction price, invoice price, FOB contract price, margin, or profit. Reporter share fields are shares within Vietnam, Brazil, and Indonesia only, not global destination-market share.",UN Comtrade,https://comtradeapi.un.org/public/v1/preview/C/A/HS?reporterCode=76&flowCode=X&cmdCode=090111&period=2021&includeDesc=true,2026-05-30T19:13:38.772Z
A,2021-01-01,2021,Indonesia,IDN,Singapore,SGP,Export,coffee,coffee_raw_core,090111,Coffee; not roasted or decaffeinated,9575087.702,5376.992402,1780.751577,74.543812,84.21306,1,3,ok,ok,0.82,"Export unit value is calculated as SUM(value_usd) / SUM(quantity_ton). Use as a directional competitor benchmark only; it is not a transaction price, invoice price, FOB contract price, margin, or profit. Reporter share fields are shares within Vietnam, Brazil, and Indonesia only, not global destination-market share.",UN Comtrade,https://comtradeapi.un.org/public/v1/preview/C/A/HS?reporterCode=360&flowCode=X&cmdCode=090111&period=2021&includeDesc=true,2026-05-30T19:13:38.772Z
A,2021-01-01,2021,Vietnam,VNM,Singapore,SGP,Export,coffee,coffee_raw_core,090111,Coffee; not roasted or decaffeinated,303560.17,143.242,2119.212033,2.363272,2.243419,3,2,ok,ok,0.82,"Export unit value is calculated as SUM(value_usd) / SUM(quantity_ton). Use as a directional competitor benchmark only; it is not a transaction price, invoice price, FOB contract price, margin, or profit. Reporter share fields are shares within Vietnam, Brazil, and Indonesia only, not global destination-market share.",UN Comtrade,https://comtradeapi.un.org/public/v1/preview/C/A/HS?reporterCode=704&flowCode=X&cmdCode=090111&period=2021&includeDesc=true,2026-05-30T19:13:38.772Z
A,2021-01-01,2021,Brazil,BRA,Slovakia,SVK,Export,coffee,coffee_raw_core,090111,Coffee; not roasted or decaffeinated,7674326,3832.089,2002.648164,100,100,1,1,ok,ok,0.82,"Export unit value is calculated as SUM(value_usd) / SUM(quantity_ton). Use as a directional competitor benchmark only; it is not a transaction price, invoice price, FOB contract price, margin, or profit. Reporter share fields are shares within Vietnam, Brazil, and Indonesia only, not global destination-market share.",UN Comtrade,https://comtradeapi.un.org/public/v1/preview/C/A/HS?reporterCode=76&flowCode=X&cmdCode=090111&period=2021&includeDesc=true,2026-05-30T19:13:38.772Z
A,2021-01-01,2021,Brazil,BRA,Slovenia,SVN,Export,coffee,coffee_raw_core,090111,Coffee; not roasted or decaffeinated,49698669,22955.805,2164.971736,90.8472,88.966343,1,1,ok,ok,0.82,"Export unit value is calculated as SUM(value_usd) / SUM(quantity_ton). Use as a directional competitor benchmark only; it is not a transaction price, invoice price, FOB contract price, margin, or profit. Reporter share fields are shares within Vietnam, Brazil, and Indonesia only, not global destination-market share.",UN Comtrade,https://comtradeapi.un.org/public/v1/preview/C/A/HS?reporterCode=76&flowCode=X&cmdCode=090111&period=2021&includeDesc=true,2026-05-30T19:13:38.772Z
A,2021-01-01,2021,Vietnam,VNM,Slovenia,SVN,Export,coffee,coffee_raw_core,090111,Coffee; not roasted or decaffeinated,5007110.716,2846.992,1758.737192,9.1528,11.033657,2,2,ok,ok,0.82,"Export unit value is calculated as SUM(value_usd) / SUM(quantity_ton). Use as a directional competitor benchmark only; it is not a transaction price, invoice price, FOB contract price, margin, or profit. Reporter share fields are shares within Vietnam, Brazil, and Indonesia only, not global destination-market share.",UN Comtrade,https://comtradeapi.un.org/public/v1/preview/C/A/HS?reporterCode=704&flowCode=X&cmdCode=090111&period=2021&includeDesc=true,2026-05-30T19:13:38.772Z
A,2021-01-01,2021,Brazil,BRA,South Africa,ZAF,Export,coffee,coffee_raw_core,090111,Coffee; not roasted or decaffeinated,21107852,12493.215,1689.545245,83.728626,85.26299,1,3,ok,ok,0.82,"Export unit value is calculated as SUM(value_usd) / SUM(quantity_ton). Use as a directional competitor benchmark only; it is not a transaction price, invoice price, FOB contract price, margin, or profit. Reporter share fields are shares within Vietnam, Brazil, and Indonesia only, not global destination-market share.",UN Comtrade,https://comtradeapi.un.org/public/v1/preview/C/A/HS?reporterCode=76&flowCode=X&cmdCode=090111&period=2021&includeDesc=true,2026-05-30T19:13:38.772Z
A,2021-01-01,2021,Indonesia,IDN,South Africa,ZAF,Export,coffee,coffee_raw_core,090111,Coffee; not roasted or decaffeinated,740352,172.8,4284.444444,2.936758,1.179316,3,1,ok,ok,0.82,"Export unit value is calculated as SUM(value_usd) / SUM(quantity_ton). Use as a directional competitor benchmark only; it is not a transaction price, invoice price, FOB contract price, margin, or profit. Reporter share fields are shares within Vietnam, Brazil, and Indonesia only, not global destination-market share.",UN Comtrade,https://comtradeapi.un.org/public/v1/preview/C/A/HS?reporterCode=360&flowCode=X&cmdCode=090111&period=2021&includeDesc=true,2026-05-30T19:13:38.772Z
A,2021-01-01,2021,Vietnam,VNM,South Africa,ZAF,Export,coffee,coffee_raw_core,090111,Coffee; not roasted or decaffeinated,3361635.21,1986.55,1692.197634,13.334616,13.557695,2,2,ok,ok,0.82,"Export unit value is calculated as SUM(value_usd) / SUM(quantity_ton). Use as a directional competitor benchmark only; it is not a transaction price, invoice price, FOB contract price, margin, or profit. Reporter share fields are shares within Vietnam, Brazil, and Indonesia only, not global destination-market share.",UN Comtrade,https://comtradeapi.un.org/public/v1/preview/C/A/HS?reporterCode=704&flowCode=X&cmdCode=090111&period=2021&includeDesc=true,2026-05-30T19:13:38.772Z
A,2021-01-01,2021,Brazil,BRA,Spain,ESP,Export,coffee,coffee_raw_core,090111,Coffee; not roasted or decaffeinated,138564807,56609.528,2447.729418,48.586401,40.079103,1,1,ok,ok,0.82,"Export unit value is calculated as SUM(value_usd) / SUM(quantity_ton). Use as a directional competitor benchmark only; it is not a transaction price, invoice price, FOB contract price, margin, or profit. Reporter share fields are shares within Vietnam, Brazil, and Indonesia only, not global destination-market share.",UN Comtrade,https://comtradeapi.un.org/public/v1/preview/C/A/HS?reporterCode=76&flowCode=X&cmdCode=090111&period=2021&includeDesc=true,2026-05-30T19:13:38.772Z
A,2021-01-01,2021,Indonesia,IDN,Spain,ESP,Export,coffee,coffee_raw_core,090111,Coffee; not roasted or decaffeinated,57536373.85,33041.88,1741.316591,20.174569,23.393393,3,2,ok,ok,0.82,"Export unit value is calculated as SUM(value_usd) / SUM(quantity_ton). Use as a directional competitor benchmark only; it is not a transaction price, invoice price, FOB contract price, margin, or profit. Reporter share fields are shares within Vietnam, Brazil, and Indonesia only, not global destination-market share.",UN Comtrade,https://comtradeapi.un.org/public/v1/preview/C/A/HS?reporterCode=360&flowCode=X&cmdCode=090111&period=2021&includeDesc=true,2026-05-30T19:13:38.772Z
A,2021-01-01,2021,Vietnam,VNM,Spain,ESP,Export,coffee,coffee_raw_core,090111,Coffee; not roasted or decaffeinated,89091394.551,51593.09,1726.808659,31.23903,36.527504,2,3,ok,ok,0.82,"Export unit value is calculated as SUM(value_usd) / SUM(quantity_ton). Use as a directional competitor benchmark only; it is not a transaction price, invoice price, FOB contract price, margin, or profit. Reporter share fields are shares within Vietnam, Brazil, and Indonesia only, not global destination-market share.",UN Comtrade,https://comtradeapi.un.org/public/v1/preview/C/A/HS?reporterCode=704&flowCode=X&cmdCode=090111&period=2021&includeDesc=true,2026-05-30T19:13:38.772Z
A,2021-01-01,2021,Indonesia,IDN,Sri Lanka,LKA,Export,coffee,coffee_raw_core,090111,Coffee; not roasted or decaffeinated,1275.7,0.153,8337.908497,45.959578,15.970772,2,1,ok,low_volume_for_competitor_benchmark,0.55,"Export unit value is calculated as SUM(value_usd) / SUM(quantity_ton). Use as a directional competitor benchmark only; it is not a transaction price, invoice price, FOB contract price, margin, or profit. Reporter share fields are shares within Vietnam, Brazil, and Indonesia only, not global destination-market share. Low-volume destination (< 50 tons); unit value can be unstable.",UN Comtrade,https://comtradeapi.un.org/public/v1/preview/C/A/HS?reporterCode=360&flowCode=X&cmdCode=090111&period=2021&includeDesc=true,2026-05-30T19:13:38.772Z
A,2021-01-01,2021,Vietnam,VNM,Sri Lanka,LKA,Export,coffee,coffee_raw_core,090111,Coffee; not roasted or decaffeinated,1500,0.805,1863.354037,54.040422,84.029228,1,2,ok,low_volume_for_competitor_benchmark,0.55,"Export unit value is calculated as SUM(value_usd) / SUM(quantity_ton). Use as a directional competitor benchmark only; it is not a transaction price, invoice price, FOB contract price, margin, or profit. Reporter share fields are shares within Vietnam, Brazil, and Indonesia only, not global destination-market share. Low-volume destination (< 50 tons); unit value can be unstable.",UN Comtrade,https://comtradeapi.un.org/public/v1/preview/C/A/HS?reporterCode=704&flowCode=X&cmdCode=090111&period=2021&includeDesc=true,2026-05-30T19:13:38.772Z
A,2021-01-01,2021,Indonesia,IDN,State of Palestine,PSE,Export,coffee,coffee_raw_core,090111,Coffee; not roasted or decaffeinated,31912.96,19.1613,1665.490337,100,100,1,1,ok,low_volume_for_competitor_benchmark,0.55,"Export unit value is calculated as SUM(value_usd) / SUM(quantity_ton). Use as a directional competitor benchmark only; it is not a transaction price, invoice price, FOB contract price, margin, or profit. Reporter share fields are shares within Vietnam, Brazil, and Indonesia only, not global destination-market share. Low-volume destination (< 50 tons); unit value can be unstable.",UN Comtrade,https://comtradeapi.un.org/public/v1/preview/C/A/HS?reporterCode=360&flowCode=X&cmdCode=090111&period=2021&includeDesc=true,2026-05-30T19:13:38.772Z
A,2021-01-01,2021,Brazil,BRA,Sweden,SWE,Export,coffee,coffee_raw_core,090111,Coffee; not roasted or decaffeinated,93402190,36633.319,2549.651316,95.172974,93.654586,1,2,ok,ok,0.82,"Export unit value is calculated as SUM(value_usd) / SUM(quantity_ton). Use as a directional competitor benchmark only; it is not a transaction price, invoice price, FOB contract price, margin, or profit. Reporter share fields are shares within Vietnam, Brazil, and Indonesia only, not global destination-market share.",UN Comtrade,https://comtradeapi.un.org/public/v1/preview/C/A/HS?reporterCode=76&flowCode=X&cmdCode=090111&period=2021&includeDesc=true,2026-05-30T19:13:38.772Z
A,2021-01-01,2021,Indonesia,IDN,Sweden,SWE,Export,coffee,coffee_raw_core,090111,Coffee; not roasted or decaffeinated,444732.15,114.011,3900.782819,0.453164,0.291474,3,1,ok,ok,0.82,"Export unit value is calculated as SUM(value_usd) / SUM(quantity_ton). Use as a directional competitor benchmark only; it is not a transaction price, invoice price, FOB contract price, margin, or profit. Reporter share fields are shares within Vietnam, Brazil, and Indonesia only, not global destination-market share.",UN Comtrade,https://comtradeapi.un.org/public/v1/preview/C/A/HS?reporterCode=360&flowCode=X&cmdCode=090111&period=2021&includeDesc=true,2026-05-30T19:13:38.772Z
A,2021-01-01,2021,Vietnam,VNM,Sweden,SWE,Export,coffee,coffee_raw_core,090111,Coffee; not roasted or decaffeinated,4292482.55,2368.02,1812.68847,4.373862,6.05394,2,3,ok,ok,0.82,"Export unit value is calculated as SUM(value_usd) / SUM(quantity_ton). Use as a directional competitor benchmark only; it is not a transaction price, invoice price, FOB contract price, margin, or profit. Reporter share fields are shares within Vietnam, Brazil, and Indonesia only, not global destination-market share.",UN Comtrade,https://comtradeapi.un.org/public/v1/preview/C/A/HS?reporterCode=704&flowCode=X&cmdCode=090111&period=2021&includeDesc=true,2026-05-30T19:13:38.772Z
A,2021-01-01,2021,Brazil,BRA,Switzerland,CHE,Export,coffee,coffee_raw_core,090111,Coffee; not roasted or decaffeinated,28001027,9722.246,2880.09859,99.959569,99.992417,1,2,ok,ok,0.82,"Export unit value is calculated as SUM(value_usd) / SUM(quantity_ton). Use as a directional competitor benchmark only; it is not a transaction price, invoice price, FOB contract price, margin, or profit. Reporter share fields are shares within Vietnam, Brazil, and Indonesia only, not global destination-market share.",UN Comtrade,https://comtradeapi.un.org/public/v1/preview/C/A/HS?reporterCode=76&flowCode=X&cmdCode=090111&period=2021&includeDesc=true,2026-05-30T19:13:38.772Z
A,2021-01-01,2021,Indonesia,IDN,Switzerland,CHE,Export,coffee,coffee_raw_core,090111,Coffee; not roasted or decaffeinated,11325.584,0.73725,15361.931502,0.040431,0.007583,2,1,ok,low_volume_for_competitor_benchmark,0.55,"Export unit value is calculated as SUM(value_usd) / SUM(quantity_ton). Use as a directional competitor benchmark only; it is not a transaction price, invoice price, FOB contract price, margin, or profit. Reporter share fields are shares within Vietnam, Brazil, and Indonesia only, not global destination-market share. Low-volume destination (< 50 tons); unit value can be unstable.",UN Comtrade,https://comtradeapi.un.org/public/v1/preview/C/A/HS?reporterCode=360&flowCode=X&cmdCode=090111&period=2021&includeDesc=true,2026-05-30T19:13:38.772Z
A,2021-01-01,2021,Brazil,BRA,Syria,SYR,Export,coffee,coffee_raw_core,090111,Coffee; not roasted or decaffeinated,25749028,13669.28,1883.715016,100,100,1,1,ok,ok,0.82,"Export unit value is calculated as SUM(value_usd) / SUM(quantity_ton). Use as a directional competitor benchmark only; it is not a transaction price, invoice price, FOB contract price, margin, or profit. Reporter share fields are shares within Vietnam, Brazil, and Indonesia only, not global destination-market share.",UN Comtrade,https://comtradeapi.un.org/public/v1/preview/C/A/HS?reporterCode=76&flowCode=X&cmdCode=090111&period=2021&includeDesc=true,2026-05-30T19:13:38.772Z
A,2021-01-01,2021,Brazil,BRA,Thailand,THA,Export,coffee,coffee_raw_core,090111,Coffee; not roasted or decaffeinated,149638,57.652,2595.53875,0.244926,0.159396,3,1,ok,ok,0.82,"Export unit value is calculated as SUM(value_usd) / SUM(quantity_ton). Use as a directional competitor benchmark only; it is not a transaction price, invoice price, FOB contract price, margin, or profit. Reporter share fields are shares within Vietnam, Brazil, and Indonesia only, not global destination-market share.",UN Comtrade,https://comtradeapi.un.org/public/v1/preview/C/A/HS?reporterCode=76&flowCode=X&cmdCode=090111&period=2021&includeDesc=true,2026-05-30T19:13:38.772Z
A,2021-01-01,2021,Indonesia,IDN,Thailand,THA,Export,coffee,coffee_raw_core,090111,Coffee; not roasted or decaffeinated,7286724.72,4576.6244,1592.161402,11.926818,12.65347,2,3,ok,ok,0.82,"Export unit value is calculated as SUM(value_usd) / SUM(quantity_ton). Use as a directional competitor benchmark only; it is not a transaction price, invoice price, FOB contract price, margin, or profit. Reporter share fields are shares within Vietnam, Brazil, and Indonesia only, not global destination-market share.",UN Comtrade,https://comtradeapi.un.org/public/v1/preview/C/A/HS?reporterCode=360&flowCode=X&cmdCode=090111&period=2021&includeDesc=true,2026-05-30T19:13:38.772Z
A,2021-01-01,2021,Vietnam,VNM,Thailand,THA,Export,coffee,coffee_raw_core,090111,Coffee; not roasted or decaffeinated,53658931.545,31534.65,1701.586399,87.828256,87.187133,1,2,ok,ok,0.82,"Export unit value is calculated as SUM(value_usd) / SUM(quantity_ton). Use as a directional competitor benchmark only; it is not a transaction price, invoice price, FOB contract price, margin, or profit. Reporter share fields are shares within Vietnam, Brazil, and Indonesia only, not global destination-market share.",UN Comtrade,https://comtradeapi.un.org/public/v1/preview/C/A/HS?reporterCode=704&flowCode=X&cmdCode=090111&period=2021&includeDesc=true,2026-05-30T19:13:38.772Z
A,2021-01-01,2021,Indonesia,IDN,Timor-Leste,TLS,Export,coffee,coffee_raw_core,090111,Coffee; not roasted or decaffeinated,4182.551,1.625,2573.877538,100,100,1,1,ok,low_volume_for_competitor_benchmark,0.55,"Export unit value is calculated as SUM(value_usd) / SUM(quantity_ton). Use as a directional competitor benchmark only; it is not a transaction price, invoice price, FOB contract price, margin, or profit. Reporter share fields are shares within Vietnam, Brazil, and Indonesia only, not global destination-market share. Low-volume destination (< 50 tons); unit value can be unstable.",UN Comtrade,https://comtradeapi.un.org/public/v1/preview/C/A/HS?reporterCode=360&flowCode=X&cmdCode=090111&period=2021&includeDesc=true,2026-05-30T19:13:38.772Z
A,2021-01-01,2021,Brazil,BRA,Trinidad and Tobago,TTO,Export,coffee,coffee_raw_core,090111,Coffee; not roasted or decaffeinated,616092,253.5,2430.343195,100,100,1,1,ok,ok,0.82,"Export unit value is calculated as SUM(value_usd) / SUM(quantity_ton). Use as a directional competitor benchmark only; it is not a transaction price, invoice price, FOB contract price, margin, or profit. Reporter share fields are shares within Vietnam, Brazil, and Indonesia only, not global destination-market share.",UN Comtrade,https://comtradeapi.un.org/public/v1/preview/C/A/HS?reporterCode=76&flowCode=X&cmdCode=090111&period=2021&includeDesc=true,2026-05-30T19:13:38.772Z
A,2021-01-01,2021,Brazil,BRA,Tunisia,TUN,Export,coffee,coffee_raw_core,090111,Coffee; not roasted or decaffeinated,25005088,10685.42,2340.112789,75.644231,68.464766,1,1,ok,ok,0.82,"Export unit value is calculated as SUM(value_usd) / SUM(quantity_ton). Use as a directional competitor benchmark only; it is not a transaction price, invoice price, FOB contract price, margin, or profit. Reporter share fields are shares within Vietnam, Brazil, and Indonesia only, not global destination-market share.",UN Comtrade,https://comtradeapi.un.org/public/v1/preview/C/A/HS?reporterCode=76&flowCode=X&cmdCode=090111&period=2021&includeDesc=true,2026-05-30T19:13:38.772Z
A,2021-01-01,2021,Vietnam,VNM,Tunisia,TUN,Export,coffee,coffee_raw_core,090111,Coffee; not roasted or decaffeinated,8051085.026,4921.761,1635.813894,24.355769,31.535234,2,2,ok,ok,0.82,"Export unit value is calculated as SUM(value_usd) / SUM(quantity_ton). Use as a directional competitor benchmark only; it is not a transaction price, invoice price, FOB contract price, margin, or profit. Reporter share fields are shares within Vietnam, Brazil, and Indonesia only, not global destination-market share.",UN Comtrade,https://comtradeapi.un.org/public/v1/preview/C/A/HS?reporterCode=704&flowCode=X&cmdCode=090111&period=2021&includeDesc=true,2026-05-30T19:13:38.772Z
A,2021-01-01,2021,Brazil,BRA,Türkiye,TUR,Export,coffee,coffee_raw_core,090111,Coffee; not roasted or decaffeinated,155888210,59450.555,2622.148944,98.116577,97.668591,1,1,ok,ok,0.82,"Export unit value is calculated as SUM(value_usd) / SUM(quantity_ton). Use as a directional competitor benchmark only; it is not a transaction price, invoice price, FOB contract price, margin, or profit. Reporter share fields are shares within Vietnam, Brazil, and Indonesia only, not global destination-market share.",UN Comtrade,https://comtradeapi.un.org/public/v1/preview/C/A/HS?reporterCode=76&flowCode=X&cmdCode=090111&period=2021&includeDesc=true,2026-05-30T19:13:38.772Z
A,2021-01-01,2021,Indonesia,IDN,Türkiye,TUR,Export,coffee,coffee_raw_core,090111,Coffee; not roasted or decaffeinated,885455.92,421.101,2102.71626,0.557309,0.691808,3,3,ok,ok,0.82,"Export unit value is calculated as SUM(value_usd) / SUM(quantity_ton). Use as a directional competitor benchmark only; it is not a transaction price, invoice price, FOB contract price, margin, or profit. Reporter share fields are shares within Vietnam, Brazil, and Indonesia only, not global destination-market share.",UN Comtrade,https://comtradeapi.un.org/public/v1/preview/C/A/HS?reporterCode=360&flowCode=X&cmdCode=090111&period=2021&includeDesc=true,2026-05-30T19:13:38.772Z
A,2021-01-01,2021,Vietnam,VNM,Türkiye,TUR,Export,coffee,coffee_raw_core,090111,Coffee; not roasted or decaffeinated,2106937.408,998.02,2111.11742,1.326114,1.639601,2,2,ok,ok,0.82,"Export unit value is calculated as SUM(value_usd) / SUM(quantity_ton). Use as a directional competitor benchmark only; it is not a transaction price, invoice price, FOB contract price, margin, or profit. Reporter share fields are shares within Vietnam, Brazil, and Indonesia only, not global destination-market share.",UN Comtrade,https://comtradeapi.un.org/public/v1/preview/C/A/HS?reporterCode=704&flowCode=X&cmdCode=090111&period=2021&includeDesc=true,2026-05-30T19:13:38.772Z
A,2021-01-01,2021,Brazil,BRA,Turkmenistan,TKM,Export,coffee,coffee_raw_core,090111,Coffee; not roasted or decaffeinated,44451,19.175,2318.174707,100,100,1,1,ok,low_volume_for_competitor_benchmark,0.55,"Export unit value is calculated as SUM(value_usd) / SUM(quantity_ton). Use as a directional competitor benchmark only; it is not a transaction price, invoice price, FOB contract price, margin, or profit. Reporter share fields are shares within Vietnam, Brazil, and Indonesia only, not global destination-market share. Low-volume destination (< 50 tons); unit value can be unstable.",UN Comtrade,https://comtradeapi.un.org/public/v1/preview/C/A/HS?reporterCode=76&flowCode=X&cmdCode=090111&period=2021&includeDesc=true,2026-05-30T19:13:38.772Z
A,2021-01-01,2021,Brazil,BRA,Ukraine,UKR,Export,coffee,coffee_raw_core,090111,Coffee; not roasted or decaffeinated,9812775,3526.68,2782.439858,46.975611,36.130046,2,1,ok,ok,0.82,"Export unit value is calculated as SUM(value_usd) / SUM(quantity_ton). Use as a directional competitor benchmark only; it is not a transaction price, invoice price, FOB contract price, margin, or profit. Reporter share fields are shares within Vietnam, Brazil, and Indonesia only, not global destination-market share.",UN Comtrade,https://comtradeapi.un.org/public/v1/preview/C/A/HS?reporterCode=76&flowCode=X&cmdCode=090111&period=2021&includeDesc=true,2026-05-30T19:13:38.772Z
A,2021-01-01,2021,Indonesia,IDN,Ukraine,UKR,Export,coffee,coffee_raw_core,090111,Coffee; not roasted or decaffeinated,323610.01,153.8455,2103.474005,1.549182,1.576113,3,2,ok,ok,0.82,"Export unit value is calculated as SUM(value_usd) / SUM(quantity_ton). Use as a directional competitor benchmark only; it is not a transaction price, invoice price, FOB contract price, margin, or profit. Reporter share fields are shares within Vietnam, Brazil, and Indonesia only, not global destination-market share.",UN Comtrade,https://comtradeapi.un.org/public/v1/preview/C/A/HS?reporterCode=360&flowCode=X&cmdCode=090111&period=2021&includeDesc=true,2026-05-30T19:13:38.772Z
A,2021-01-01,2021,Vietnam,VNM,Ukraine,UKR,Export,coffee,coffee_raw_core,090111,Coffee; not roasted or decaffeinated,10752699.273,6080.547,1768.376969,51.475207,62.293841,1,3,ok,ok,0.82,"Export unit value is calculated as SUM(value_usd) / SUM(quantity_ton). Use as a directional competitor benchmark only; it is not a transaction price, invoice price, FOB contract price, margin, or profit. Reporter share fields are shares within Vietnam, Brazil, and Indonesia only, not global destination-market share.",UN Comtrade,https://comtradeapi.un.org/public/v1/preview/C/A/HS?reporterCode=704&flowCode=X&cmdCode=090111&period=2021&includeDesc=true,2026-05-30T19:13:38.772Z
A,2021-01-01,2021,Brazil,BRA,United Arab Emirates,ARE,Export,coffee,coffee_raw_core,090111,Coffee; not roasted or decaffeinated,17948559,6965.4,2576.816694,52.925532,49.001777,1,1,ok,ok,0.82,"Export unit value is calculated as SUM(value_usd) / SUM(quantity_ton). Use as a directional competitor benchmark only; it is not a transaction price, invoice price, FOB contract price, margin, or profit. Reporter share fields are shares within Vietnam, Brazil, and Indonesia only, not global destination-market share.",UN Comtrade,https://comtradeapi.un.org/public/v1/preview/C/A/HS?reporterCode=76&flowCode=X&cmdCode=090111&period=2021&includeDesc=true,2026-05-30T19:13:38.772Z
A,2021-01-01,2021,Indonesia,IDN,United Arab Emirates,ARE,Export,coffee,coffee_raw_core,090111,Coffee; not roasted or decaffeinated,8284203.711,3699.4446,2239.310115,24.427916,26.025693,2,2,ok,ok,0.82,"Export unit value is calculated as SUM(value_usd) / SUM(quantity_ton). Use as a directional competitor benchmark only; it is not a transaction price, invoice price, FOB contract price, margin, or profit. Reporter share fields are shares within Vietnam, Brazil, and Indonesia only, not global destination-market share.",UN Comtrade,https://comtradeapi.un.org/public/v1/preview/C/A/HS?reporterCode=360&flowCode=X&cmdCode=090111&period=2021&includeDesc=true,2026-05-30T19:13:38.772Z
A,2021-01-01,2021,Vietnam,VNM,United Arab Emirates,ARE,Export,coffee,coffee_raw_core,090111,Coffee; not roasted or decaffeinated,7680092.275,3549.742,2163.563514,22.646552,24.972531,3,3,ok,ok,0.82,"Export unit value is calculated as SUM(value_usd) / SUM(quantity_ton). Use as a directional competitor benchmark only; it is not a transaction price, invoice price, FOB contract price, margin, or profit. Reporter share fields are shares within Vietnam, Brazil, and Indonesia only, not global destination-market share.",UN Comtrade,https://comtradeapi.un.org/public/v1/preview/C/A/HS?reporterCode=704&flowCode=X&cmdCode=090111&period=2021&includeDesc=true,2026-05-30T19:13:38.772Z
A,2021-01-01,2021,Brazil,BRA,United Kingdom,GBR,Export,coffee,coffee_raw_core,090111,Coffee; not roasted or decaffeinated,122550186,44057.683,2781.584905,61.963093,52.170917,1,1,ok,ok,0.82,"Export unit value is calculated as SUM(value_usd) / SUM(quantity_ton). Use as a directional competitor benchmark only; it is not a transaction price, invoice price, FOB contract price, margin, or profit. Reporter share fields are shares within Vietnam, Brazil, and Indonesia only, not global destination-market share.",UN Comtrade,https://comtradeapi.un.org/public/v1/preview/C/A/HS?reporterCode=76&flowCode=X&cmdCode=090111&period=2021&includeDesc=true,2026-05-30T19:13:38.772Z
A,2021-01-01,2021,Indonesia,IDN,United Kingdom,GBR,Export,coffee,coffee_raw_core,090111,Coffee; not roasted or decaffeinated,25719852.471,12259.5496,2097.944322,13.004318,14.517149,3,2,ok,ok,0.82,"Export unit value is calculated as SUM(value_usd) / SUM(quantity_ton). Use as a directional competitor benchmark only; it is not a transaction price, invoice price, FOB contract price, margin, or profit. Reporter share fields are shares within Vietnam, Brazil, and Indonesia only, not global destination-market share.",UN Comtrade,https://comtradeapi.un.org/public/v1/preview/C/A/HS?reporterCode=360&flowCode=X&cmdCode=090111&period=2021&includeDesc=true,2026-05-30T19:13:38.772Z
A,2021-01-01,2021,Vietnam,VNM,United Kingdom,GBR,Export,coffee,coffee_raw_core,090111,Coffee; not roasted or decaffeinated,49509285.222,28131.51,1759.922778,25.032589,33.311935,2,3,ok,ok,0.82,"Export unit value is calculated as SUM(value_usd) / SUM(quantity_ton). Use as a directional competitor benchmark only; it is not a transaction price, invoice price, FOB contract price, margin, or profit. Reporter share fields are shares within Vietnam, Brazil, and Indonesia only, not global destination-market share.",UN Comtrade,https://comtradeapi.un.org/public/v1/preview/C/A/HS?reporterCode=704&flowCode=X&cmdCode=090111&period=2021&includeDesc=true,2026-05-30T19:13:38.772Z
A,2021-01-01,2021,Brazil,BRA,Uruguay,URY,Export,coffee,coffee_raw_core,090111,Coffee; not roasted or decaffeinated,2940033,1260.78,2331.915957,99.881095,99.94451,1,2,ok,ok,0.82,"Export unit value is calculated as SUM(value_usd) / SUM(quantity_ton). Use as a directional competitor benchmark only; it is not a transaction price, invoice price, FOB contract price, margin, or profit. Reporter share fields are shares within Vietnam, Brazil, and Indonesia only, not global destination-market share.",UN Comtrade,https://comtradeapi.un.org/public/v1/preview/C/A/HS?reporterCode=76&flowCode=X&cmdCode=090111&period=2021&includeDesc=true,2026-05-30T19:13:38.772Z
A,2021-01-01,2021,Vietnam,VNM,Uruguay,URY,Export,coffee,coffee_raw_core,090111,Coffee; not roasted or decaffeinated,3500,0.7,5000,0.118905,0.05549,2,1,ok,low_volume_for_competitor_benchmark,0.55,"Export unit value is calculated as SUM(value_usd) / SUM(quantity_ton). Use as a directional competitor benchmark only; it is not a transaction price, invoice price, FOB contract price, margin, or profit. Reporter share fields are shares within Vietnam, Brazil, and Indonesia only, not global destination-market share. Low-volume destination (< 50 tons); unit value can be unstable.",UN Comtrade,https://comtradeapi.un.org/public/v1/preview/C/A/HS?reporterCode=704&flowCode=X&cmdCode=090111&period=2021&includeDesc=true,2026-05-30T19:13:38.772Z
A,2021-01-01,2021,Brazil,BRA,USA,USA,Export,coffee,coffee_raw_core,090111,Coffee; not roasted or decaffeinated,1121612083,445607.718,2517.039175,72.708215,71.23537,1,2,ok,ok,0.82,"Export unit value is calculated as SUM(value_usd) / SUM(quantity_ton). Use as a directional competitor benchmark only; it is not a transaction price, invoice price, FOB contract price, margin, or profit. Reporter share fields are shares within Vietnam, Brazil, and Indonesia only, not global destination-market share.",UN Comtrade,https://comtradeapi.un.org/public/v1/preview/C/A/HS?reporterCode=76&flowCode=X&cmdCode=090111&period=2021&includeDesc=true,2026-05-30T19:13:38.772Z
A,2021-01-01,2021,Indonesia,IDN,USA,USA,Export,coffee,coffee_raw_core,090111,Coffee; not roasted or decaffeinated,194769128.832,57694.0037,3375.89899,12.625859,9.223031,3,1,ok,ok,0.82,"Export unit value is calculated as SUM(value_usd) / SUM(quantity_ton). Use as a directional competitor benchmark only; it is not a transaction price, invoice price, FOB contract price, margin, or profit. Reporter share fields are shares within Vietnam, Brazil, and Indonesia only, not global destination-market share.",UN Comtrade,https://comtradeapi.un.org/public/v1/preview/C/A/HS?reporterCode=360&flowCode=X&cmdCode=090111&period=2021&includeDesc=true,2026-05-30T19:13:38.772Z
A,2021-01-01,2021,Vietnam,VNM,USA,USA,Export,coffee,coffee_raw_core,090111,Coffee; not roasted or decaffeinated,226239632.851,122241.06,1850.766288,14.665926,19.541599,2,3,ok,ok,0.82,"Export unit value is calculated as SUM(value_usd) / SUM(quantity_ton). Use as a directional competitor benchmark only; it is not a transaction price, invoice price, FOB contract price, margin, or profit. Reporter share fields are shares within Vietnam, Brazil, and Indonesia only, not global destination-market share.",UN Comtrade,https://comtradeapi.un.org/public/v1/preview/C/A/HS?reporterCode=704&flowCode=X&cmdCode=090111&period=2021&includeDesc=true,2026-05-30T19:13:38.772Z
A,2021-01-01,2021,Brazil,BRA,Uzbekistan,UZB,Export,coffee,coffee_raw_core,090111,Coffee; not roasted or decaffeinated,161394,38.4,4202.96875,100,100,1,1,ok,low_volume_for_competitor_benchmark,0.55,"Export unit value is calculated as SUM(value_usd) / SUM(quantity_ton). Use as a directional competitor benchmark only; it is not a transaction price, invoice price, FOB contract price, margin, or profit. Reporter share fields are shares within Vietnam, Brazil, and Indonesia only, not global destination-market share. Low-volume destination (< 50 tons); unit value can be unstable.",UN Comtrade,https://comtradeapi.un.org/public/v1/preview/C/A/HS?reporterCode=76&flowCode=X&cmdCode=090111&period=2021&includeDesc=true,2026-05-30T19:13:38.772Z
A,2021-01-01,2021,Brazil,BRA,Viet Nam,VNM,Export,coffee,coffee_raw_core,090111,Coffee; not roasted or decaffeinated,7152804,3049.78,2345.350812,41.441987,31.234071,2,1,ok,ok,0.82,"Export unit value is calculated as SUM(value_usd) / SUM(quantity_ton). Use as a directional competitor benchmark only; it is not a transaction price, invoice price, FOB contract price, margin, or profit. Reporter share fields are shares within Vietnam, Brazil, and Indonesia only, not global destination-market share.",UN Comtrade,https://comtradeapi.un.org/public/v1/preview/C/A/HS?reporterCode=76&flowCode=X&cmdCode=090111&period=2021&includeDesc=true,2026-05-30T19:13:38.772Z
A,2021-01-01,2021,Indonesia,IDN,Viet Nam,VNM,Export,coffee,coffee_raw_core,090111,Coffee; not roasted or decaffeinated,10106995.98,6714.4932,1505.250758,58.558013,68.765929,1,2,ok,ok,0.82,"Export unit value is calculated as SUM(value_usd) / SUM(quantity_ton). Use as a directional competitor benchmark only; it is not a transaction price, invoice price, FOB contract price, margin, or profit. Reporter share fields are shares within Vietnam, Brazil, and Indonesia only, not global destination-market share.",UN Comtrade,https://comtradeapi.un.org/public/v1/preview/C/A/HS?reporterCode=360&flowCode=X&cmdCode=090111&period=2021&includeDesc=true,2026-05-30T19:13:38.772Z
A,2022-01-01,2022,Brazil,BRA,Albania,ALB,Export,coffee,coffee_raw_core,090111,Coffee; not roasted or decaffeinated,2821501,1088.85,2591.266933,99.936245,99.998163,1,2,ok,ok,0.82,"Export unit value is calculated as SUM(value_usd) / SUM(quantity_ton). Use as a directional competitor benchmark only; it is not a transaction price, invoice price, FOB contract price, margin, or profit. Reporter share fields are shares within Vietnam, Brazil, and Indonesia only, not global destination-market share.",UN Comtrade,https://comtradeapi.un.org/public/v1/preview/C/A/HS?reporterCode=76&flowCode=X&cmdCode=090111&period=2022&includeDesc=true,2026-05-30T19:13:38.772Z
A,2022-01-01,2022,Indonesia,IDN,Albania,ALB,Export,coffee,coffee_raw_core,090111,Coffee; not roasted or decaffeinated,1800,0.02,90000,0.063755,0.001837,2,1,ok,low_volume_for_competitor_benchmark,0.55,"Export unit value is calculated as SUM(value_usd) / SUM(quantity_ton). Use as a directional competitor benchmark only; it is not a transaction price, invoice price, FOB contract price, margin, or profit. Reporter share fields are shares within Vietnam, Brazil, and Indonesia only, not global destination-market share. Low-volume destination (< 50 tons); unit value can be unstable.",UN Comtrade,https://comtradeapi.un.org/public/v1/preview/C/A/HS?reporterCode=360&flowCode=X&cmdCode=090111&period=2022&includeDesc=true,2026-05-30T19:13:38.772Z
A,2022-01-01,2022,Brazil,BRA,Algeria,DZA,Export,coffee,coffee_raw_core,090111,Coffee; not roasted or decaffeinated,4488313,1828.802,2454.236708,3.896445,3.18245,3,1,ok,ok,0.82,"Export unit value is calculated as SUM(value_usd) / SUM(quantity_ton). Use as a directional competitor benchmark only; it is not a transaction price, invoice price, FOB contract price, margin, or profit. Reporter share fields are shares within Vietnam, Brazil, and Indonesia only, not global destination-market share.",UN Comtrade,https://comtradeapi.un.org/public/v1/preview/C/A/HS?reporterCode=76&flowCode=X&cmdCode=090111&period=2022&includeDesc=true,2026-05-30T19:13:38.772Z
A,2022-01-01,2022,Indonesia,IDN,Algeria,DZA,Export,coffee,coffee_raw_core,090111,Coffee; not roasted or decaffeinated,25723049.04,13142.5,1957.2417,22.330985,22.870351,2,3,ok,ok,0.82,"Export unit value is calculated as SUM(value_usd) / SUM(quantity_ton). Use as a directional competitor benchmark only; it is not a transaction price, invoice price, FOB contract price, margin, or profit. Reporter share fields are shares within Vietnam, Brazil, and Indonesia only, not global destination-market share.",UN Comtrade,https://comtradeapi.un.org/public/v1/preview/C/A/HS?reporterCode=360&flowCode=X&cmdCode=090111&period=2022&includeDesc=true,2026-05-30T19:13:38.772Z
A,2022-01-01,2022,Vietnam,VNM,Algeria,DZA,Export,coffee,coffee_raw_core,090111,Coffee; not roasted or decaffeinated,84978580.273,42493.93,1999.781622,73.77257,73.9472,1,2,ok,ok,0.82,"Export unit value is calculated as SUM(value_usd) / SUM(quantity_ton). Use as a directional competitor benchmark only; it is not a transaction price, invoice price, FOB contract price, margin, or profit. Reporter share fields are shares within Vietnam, Brazil, and Indonesia only, not global destination-market share.",UN Comtrade,https://comtradeapi.un.org/public/v1/preview/C/A/HS?reporterCode=704&flowCode=X&cmdCode=090111&period=2022&includeDesc=true,2026-05-30T19:13:38.772Z
A,2022-01-01,2022,Brazil,BRA,Angola,AGO,Export,coffee,coffee_raw_core,090111,Coffee; not roasted or decaffeinated,29423,1.293,22755.607115,100,100,1,1,ok,low_volume_for_competitor_benchmark,0.55,"Export unit value is calculated as SUM(value_usd) / SUM(quantity_ton). Use as a directional competitor benchmark only; it is not a transaction price, invoice price, FOB contract price, margin, or profit. Reporter share fields are shares within Vietnam, Brazil, and Indonesia only, not global destination-market share. Low-volume destination (< 50 tons); unit value can be unstable.",UN Comtrade,https://comtradeapi.un.org/public/v1/preview/C/A/HS?reporterCode=76&flowCode=X&cmdCode=090111&period=2022&includeDesc=true,2026-05-30T19:13:38.772Z
A,2022-01-01,2022,Brazil,BRA,Antigua and Barbuda,ATG,Export,coffee,coffee_raw_core,090111,Coffee; not roasted or decaffeinated,321,0.018,17833.333333,100,100,1,1,ok,low_volume_for_competitor_benchmark,0.55,"Export unit value is calculated as SUM(value_usd) / SUM(quantity_ton). Use as a directional competitor benchmark only; it is not a transaction price, invoice price, FOB contract price, margin, or profit. Reporter share fields are shares within Vietnam, Brazil, and Indonesia only, not global destination-market share. Low-volume destination (< 50 tons); unit value can be unstable.",UN Comtrade,https://comtradeapi.un.org/public/v1/preview/C/A/HS?reporterCode=76&flowCode=X&cmdCode=090111&period=2022&includeDesc=true,2026-05-30T19:13:38.772Z
A,2022-01-01,2022,Indonesia,IDN,Argentina,ARG,Export,coffee,coffee_raw_core,090111,Coffee; not roasted or decaffeinated,247984.8,120,2066.54,32.576168,32.537961,2,1,ok,ok,0.82,"Export unit value is calculated as SUM(value_usd) / SUM(quantity_ton). Use as a directional competitor benchmark only; it is not a transaction price, invoice price, FOB contract price, margin, or profit. Reporter share fields are shares within Vietnam, Brazil, and Indonesia only, not global destination-market share.",UN Comtrade,https://comtradeapi.un.org/public/v1/preview/C/A/HS?reporterCode=360&flowCode=X&cmdCode=090111&period=2022&includeDesc=true,2026-05-30T19:13:38.772Z
A,2022-01-01,2022,Vietnam,VNM,Argentina,ARG,Export,coffee,coffee_raw_core,090111,Coffee; not roasted or decaffeinated,513261.28,248.8,2062.947267,67.423832,67.462039,1,2,ok,ok,0.82,"Export unit value is calculated as SUM(value_usd) / SUM(quantity_ton). Use as a directional competitor benchmark only; it is not a transaction price, invoice price, FOB contract price, margin, or profit. Reporter share fields are shares within Vietnam, Brazil, and Indonesia only, not global destination-market share.",UN Comtrade,https://comtradeapi.un.org/public/v1/preview/C/A/HS?reporterCode=704&flowCode=X&cmdCode=090111&period=2022&includeDesc=true,2026-05-30T19:13:38.772Z
A,2022-01-01,2022,Indonesia,IDN,Armenia,ARM,Export,coffee,coffee_raw_core,090111,Coffee; not roasted or decaffeinated,1607194.22,710.4,2262.379251,100,100,1,1,ok,ok,0.82,"Export unit value is calculated as SUM(value_usd) / SUM(quantity_ton). Use as a directional competitor benchmark only; it is not a transaction price, invoice price, FOB contract price, margin, or profit. Reporter share fields are shares within Vietnam, Brazil, and Indonesia only, not global destination-market share.",UN Comtrade,https://comtradeapi.un.org/public/v1/preview/C/A/HS?reporterCode=360&flowCode=X&cmdCode=090111&period=2022&includeDesc=true,2026-05-30T19:13:38.772Z
A,2022-01-01,2022,Indonesia,IDN,Australia,AUS,Export,coffee,coffee_raw_core,090111,Coffee; not roasted or decaffeinated,8713367.424,1873.94012,4649.757658,18.390708,9.129139,2,1,ok,ok,0.82,"Export unit value is calculated as SUM(value_usd) / SUM(quantity_ton). Use as a directional competitor benchmark only; it is not a transaction price, invoice price, FOB contract price, margin, or profit. Reporter share fields are shares within Vietnam, Brazil, and Indonesia only, not global destination-market share.",UN Comtrade,https://comtradeapi.un.org/public/v1/preview/C/A/HS?reporterCode=360&flowCode=X&cmdCode=090111&period=2022&includeDesc=true,2026-05-30T19:13:38.772Z
A,2022-01-01,2022,Vietnam,VNM,Australia,AUS,Export,coffee,coffee_raw_core,090111,Coffee; not roasted or decaffeinated,38665818.01,18653.08,2072.891877,81.609292,90.870861,1,2,ok,ok,0.82,"Export unit value is calculated as SUM(value_usd) / SUM(quantity_ton). Use as a directional competitor benchmark only; it is not a transaction price, invoice price, FOB contract price, margin, or profit. Reporter share fields are shares within Vietnam, Brazil, and Indonesia only, not global destination-market share.",UN Comtrade,https://comtradeapi.un.org/public/v1/preview/C/A/HS?reporterCode=704&flowCode=X&cmdCode=090111&period=2022&includeDesc=true,2026-05-30T19:13:38.772Z
A,2022-01-01,2022,Indonesia,IDN,Bangladesh,BGD,Export,coffee,coffee_raw_core,090111,Coffee; not roasted or decaffeinated,1345,0.15,8966.666667,7.709946,3.614458,2,1,ok,low_volume_for_competitor_benchmark,0.55,"Export unit value is calculated as SUM(value_usd) / SUM(quantity_ton). Use as a directional competitor benchmark only; it is not a transaction price, invoice price, FOB contract price, margin, or profit. Reporter share fields are shares within Vietnam, Brazil, and Indonesia only, not global destination-market share. Low-volume destination (< 50 tons); unit value can be unstable.",UN Comtrade,https://comtradeapi.un.org/public/v1/preview/C/A/HS?reporterCode=360&flowCode=X&cmdCode=090111&period=2022&includeDesc=true,2026-05-30T19:13:38.772Z
A,2022-01-01,2022,Vietnam,VNM,Bangladesh,BGD,Export,coffee,coffee_raw_core,090111,Coffee; not roasted or decaffeinated,16100,4,4025,92.290054,96.385542,1,2,ok,low_volume_for_competitor_benchmark,0.55,"Export unit value is calculated as SUM(value_usd) / SUM(quantity_ton). Use as a directional competitor benchmark only; it is not a transaction price, invoice price, FOB contract price, margin, or profit. Reporter share fields are shares within Vietnam, Brazil, and Indonesia only, not global destination-market share. Low-volume destination (< 50 tons); unit value can be unstable.",UN Comtrade,https://comtradeapi.un.org/public/v1/preview/C/A/HS?reporterCode=704&flowCode=X&cmdCode=090111&period=2022&includeDesc=true,2026-05-30T19:13:38.772Z
A,2022-01-01,2022,Indonesia,IDN,Belgium,BEL,Export,coffee,coffee_raw_core,090111,Coffee; not roasted or decaffeinated,64899898.158,22179.8,2926.081306,20.410779,15.526267,2,1,ok,ok,0.82,"Export unit value is calculated as SUM(value_usd) / SUM(quantity_ton). Use as a directional competitor benchmark only; it is not a transaction price, invoice price, FOB contract price, margin, or profit. Reporter share fields are shares within Vietnam, Brazil, and Indonesia only, not global destination-market share.",UN Comtrade,https://comtradeapi.un.org/public/v1/preview/C/A/HS?reporterCode=360&flowCode=X&cmdCode=090111&period=2022&includeDesc=true,2026-05-30T19:13:38.772Z
A,2022-01-01,2022,Vietnam,VNM,Belgium,BEL,Export,coffee,coffee_raw_core,090111,Coffee; not roasted or decaffeinated,253068843.617,120673.6,2097.135112,79.589221,84.473733,1,2,ok,ok,0.82,"Export unit value is calculated as SUM(value_usd) / SUM(quantity_ton). Use as a directional competitor benchmark only; it is not a transaction price, invoice price, FOB contract price, margin, or profit. Reporter share fields are shares within Vietnam, Brazil, and Indonesia only, not global destination-market share.",UN Comtrade,https://comtradeapi.un.org/public/v1/preview/C/A/HS?reporterCode=704&flowCode=X&cmdCode=090111&period=2022&includeDesc=true,2026-05-30T19:13:38.772Z
A,2022-01-01,2022,Vietnam,VNM,Brazil,BRA,Export,coffee,coffee_raw_core,090111,Coffee; not roasted or decaffeinated,574500,300,1915,100,100,1,1,ok,ok,0.82,"Export unit value is calculated as SUM(value_usd) / SUM(quantity_ton). Use as a directional competitor benchmark only; it is not a transaction price, invoice price, FOB contract price, margin, or profit. Reporter share fields are shares within Vietnam, Brazil, and Indonesia only, not global destination-market share.",UN Comtrade,https://comtradeapi.un.org/public/v1/preview/C/A/HS?reporterCode=704&flowCode=X&cmdCode=090111&period=2022&includeDesc=true,2026-05-30T19:13:38.772Z
A,2022-01-01,2022,Indonesia,IDN,Brunei Darussalam,BRN,Export,coffee,coffee_raw_core,090111,Coffee; not roasted or decaffeinated,10584.937,1.4553,7273.371126,100,100,1,1,ok,low_volume_for_competitor_benchmark,0.55,"Export unit value is calculated as SUM(value_usd) / SUM(quantity_ton). Use as a directional competitor benchmark only; it is not a transaction price, invoice price, FOB contract price, margin, or profit. Reporter share fields are shares within Vietnam, Brazil, and Indonesia only, not global destination-market share. Low-volume destination (< 50 tons); unit value can be unstable.",UN Comtrade,https://comtradeapi.un.org/public/v1/preview/C/A/HS?reporterCode=360&flowCode=X&cmdCode=090111&period=2022&includeDesc=true,2026-05-30T19:13:38.772Z
A,2022-01-01,2022,Indonesia,IDN,Bulgaria,BGR,Export,coffee,coffee_raw_core,090111,Coffee; not roasted or decaffeinated,1030046.37,518.4,1986.972164,25.22716,33.912941,2,2,ok,ok,0.82,"Export unit value is calculated as SUM(value_usd) / SUM(quantity_ton). Use as a directional competitor benchmark only; it is not a transaction price, invoice price, FOB contract price, margin, or profit. Reporter share fields are shares within Vietnam, Brazil, and Indonesia only, not global destination-market share.",UN Comtrade,https://comtradeapi.un.org/public/v1/preview/C/A/HS?reporterCode=360&flowCode=X&cmdCode=090111&period=2022&includeDesc=true,2026-05-30T19:13:38.772Z
A,2022-01-01,2022,Vietnam,VNM,Bulgaria,BGR,Export,coffee,coffee_raw_core,090111,Coffee; not roasted or decaffeinated,3053038.619,1010.22,3022.152223,74.77284,66.087059,1,1,ok,ok,0.82,"Export unit value is calculated as SUM(value_usd) / SUM(quantity_ton). Use as a directional competitor benchmark only; it is not a transaction price, invoice price, FOB contract price, margin, or profit. Reporter share fields are shares within Vietnam, Brazil, and Indonesia only, not global destination-market share.",UN Comtrade,https://comtradeapi.un.org/public/v1/preview/C/A/HS?reporterCode=704&flowCode=X&cmdCode=090111&period=2022&includeDesc=true,2026-05-30T19:13:38.772Z
A,2022-01-01,2022,Indonesia,IDN,Cabo Verde,CPV,Export,coffee,coffee_raw_core,090111,Coffee; not roasted or decaffeinated,78355.2,38.4,2040.5,100,100,1,1,ok,low_volume_for_competitor_benchmark,0.55,"Export unit value is calculated as SUM(value_usd) / SUM(quantity_ton). Use as a directional competitor benchmark only; it is not a transaction price, invoice price, FOB contract price, margin, or profit. Reporter share fields are shares within Vietnam, Brazil, and Indonesia only, not global destination-market share. Low-volume destination (< 50 tons); unit value can be unstable.",UN Comtrade,https://comtradeapi.un.org/public/v1/preview/C/A/HS?reporterCode=360&flowCode=X&cmdCode=090111&period=2022&includeDesc=true,2026-05-30T19:13:38.772Z
A,2022-01-01,2022,Indonesia,IDN,Cambodia,KHM,Export,coffee,coffee_raw_core,090111,Coffee; not roasted or decaffeinated,255892.6,32.950782,7765.903705,18.773831,9.163895,2,1,ok,low_volume_for_competitor_benchmark,0.55,"Export unit value is calculated as SUM(value_usd) / SUM(quantity_ton). Use as a directional competitor benchmark only; it is not a transaction price, invoice price, FOB contract price, margin, or profit. Reporter share fields are shares within Vietnam, Brazil, and Indonesia only, not global destination-market share. Low-volume destination (< 50 tons); unit value can be unstable.",UN Comtrade,https://comtradeapi.un.org/public/v1/preview/C/A/HS?reporterCode=360&flowCode=X&cmdCode=090111&period=2022&includeDesc=true,2026-05-30T19:13:38.772Z
A,2022-01-01,2022,Vietnam,VNM,Cambodia,KHM,Export,coffee,coffee_raw_core,090111,Coffee; not roasted or decaffeinated,1107135.554,326.621,3389.664333,81.226169,90.836105,1,2,ok,ok,0.82,"Export unit value is calculated as SUM(value_usd) / SUM(quantity_ton). Use as a directional competitor benchmark only; it is not a transaction price, invoice price, FOB contract price, margin, or profit. Reporter share fields are shares within Vietnam, Brazil, and Indonesia only, not global destination-market share.",UN Comtrade,https://comtradeapi.un.org/public/v1/preview/C/A/HS?reporterCode=704&flowCode=X&cmdCode=090111&period=2022&includeDesc=true,2026-05-30T19:13:38.772Z
A,2022-01-01,2022,Indonesia,IDN,Canada,CAN,Export,coffee,coffee_raw_core,090111,Coffee; not roasted or decaffeinated,15601261.101,2295.5,6796.454411,49.066954,26.652452,2,1,ok,ok,0.82,"Export unit value is calculated as SUM(value_usd) / SUM(quantity_ton). Use as a directional competitor benchmark only; it is not a transaction price, invoice price, FOB contract price, margin, or profit. Reporter share fields are shares within Vietnam, Brazil, and Indonesia only, not global destination-market share.",UN Comtrade,https://comtradeapi.un.org/public/v1/preview/C/A/HS?reporterCode=360&flowCode=X&cmdCode=090111&period=2022&includeDesc=true,2026-05-30T19:13:38.772Z
A,2022-01-01,2022,Vietnam,VNM,Canada,CAN,Export,coffee,coffee_raw_core,090111,Coffee; not roasted or decaffeinated,16194601.21,6317.216,2563.566167,50.933046,73.347548,1,2,ok,ok,0.82,"Export unit value is calculated as SUM(value_usd) / SUM(quantity_ton). Use as a directional competitor benchmark only; it is not a transaction price, invoice price, FOB contract price, margin, or profit. Reporter share fields are shares within Vietnam, Brazil, and Indonesia only, not global destination-market share.",UN Comtrade,https://comtradeapi.un.org/public/v1/preview/C/A/HS?reporterCode=704&flowCode=X&cmdCode=090111&period=2022&includeDesc=true,2026-05-30T19:13:38.772Z
A,2022-01-01,2022,Vietnam,VNM,Chile,CHL,Export,coffee,coffee_raw_core,090111,Coffee; not roasted or decaffeinated,1260434.855,632.26,1993.538821,100,100,1,1,ok,ok,0.82,"Export unit value is calculated as SUM(value_usd) / SUM(quantity_ton). Use as a directional competitor benchmark only; it is not a transaction price, invoice price, FOB contract price, margin, or profit. Reporter share fields are shares within Vietnam, Brazil, and Indonesia only, not global destination-market share.",UN Comtrade,https://comtradeapi.un.org/public/v1/preview/C/A/HS?reporterCode=704&flowCode=X&cmdCode=090111&period=2022&includeDesc=true,2026-05-30T19:13:38.772Z
A,2022-01-01,2022,Indonesia,IDN,China,CHN,Export,coffee,coffee_raw_core,090111,Coffee; not roasted or decaffeinated,30724692.429,9670.94501,3177.010354,42.451346,30.332311,2,1,ok,ok,0.82,"Export unit value is calculated as SUM(value_usd) / SUM(quantity_ton). Use as a directional competitor benchmark only; it is not a transaction price, invoice price, FOB contract price, margin, or profit. Reporter share fields are shares within Vietnam, Brazil, and Indonesia only, not global destination-market share.",UN Comtrade,https://comtradeapi.un.org/public/v1/preview/C/A/HS?reporterCode=360&flowCode=X&cmdCode=090111&period=2022&includeDesc=true,2026-05-30T19:13:38.772Z
A,2022-01-01,2022,Vietnam,VNM,China,CHN,Export,coffee,coffee_raw_core,090111,Coffee; not roasted or decaffeinated,41651557.729,22212.366,1875.151784,57.548654,69.667689,1,2,ok,ok,0.82,"Export unit value is calculated as SUM(value_usd) / SUM(quantity_ton). Use as a directional competitor benchmark only; it is not a transaction price, invoice price, FOB contract price, margin, or profit. Reporter share fields are shares within Vietnam, Brazil, and Indonesia only, not global destination-market share.",UN Comtrade,https://comtradeapi.un.org/public/v1/preview/C/A/HS?reporterCode=704&flowCode=X&cmdCode=090111&period=2022&includeDesc=true,2026-05-30T19:13:38.772Z
A,2022-01-01,2022,Indonesia,IDN,"China, Hong Kong SAR",HKG,Export,coffee,coffee_raw_core,090111,Coffee; not roasted or decaffeinated,3182091.898,1071.40801,2970.009435,64.554803,55.146487,1,1,ok,ok,0.82,"Export unit value is calculated as SUM(value_usd) / SUM(quantity_ton). Use as a directional competitor benchmark only; it is not a transaction price, invoice price, FOB contract price, margin, or profit. Reporter share fields are shares within Vietnam, Brazil, and Indonesia only, not global destination-market share.",UN Comtrade,https://comtradeapi.un.org/public/v1/preview/C/A/HS?reporterCode=360&flowCode=X&cmdCode=090111&period=2022&includeDesc=true,2026-05-30T19:13:38.772Z
A,2022-01-01,2022,Vietnam,VNM,"China, Hong Kong SAR",HKG,Export,coffee,coffee_raw_core,090111,Coffee; not roasted or decaffeinated,1747195.71,871.432,2004.970795,35.445197,44.853513,2,2,ok,ok,0.82,"Export unit value is calculated as SUM(value_usd) / SUM(quantity_ton). Use as a directional competitor benchmark only; it is not a transaction price, invoice price, FOB contract price, margin, or profit. Reporter share fields are shares within Vietnam, Brazil, and Indonesia only, not global destination-market share.",UN Comtrade,https://comtradeapi.un.org/public/v1/preview/C/A/HS?reporterCode=704&flowCode=X&cmdCode=090111&period=2022&includeDesc=true,2026-05-30T19:13:38.772Z
A,2022-01-01,2022,Indonesia,IDN,"China, Macao SAR",MAC,Export,coffee,coffee_raw_core,090111,Coffee; not roasted or decaffeinated,268204.8,134.4,1995.571429,100,100,1,1,ok,ok,0.82,"Export unit value is calculated as SUM(value_usd) / SUM(quantity_ton). Use as a directional competitor benchmark only; it is not a transaction price, invoice price, FOB contract price, margin, or profit. Reporter share fields are shares within Vietnam, Brazil, and Indonesia only, not global destination-market share.",UN Comtrade,https://comtradeapi.un.org/public/v1/preview/C/A/HS?reporterCode=360&flowCode=X&cmdCode=090111&period=2022&includeDesc=true,2026-05-30T19:13:38.772Z
A,2022-01-01,2022,Vietnam,VNM,Colombia,COL,Export,coffee,coffee_raw_core,090111,Coffee; not roasted or decaffeinated,4712280.11,2234.354,2109.012319,100,100,1,1,ok,ok,0.82,"Export unit value is calculated as SUM(value_usd) / SUM(quantity_ton). Use as a directional competitor benchmark only; it is not a transaction price, invoice price, FOB contract price, margin, or profit. Reporter share fields are shares within Vietnam, Brazil, and Indonesia only, not global destination-market share.",UN Comtrade,https://comtradeapi.un.org/public/v1/preview/C/A/HS?reporterCode=704&flowCode=X&cmdCode=090111&period=2022&includeDesc=true,2026-05-30T19:13:38.772Z
A,2022-01-01,2022,Vietnam,VNM,Costa Rica,CRI,Export,coffee,coffee_raw_core,090111,Coffee; not roasted or decaffeinated,186672.39,76.8,2430.630078,100,100,1,1,ok,ok,0.82,"Export unit value is calculated as SUM(value_usd) / SUM(quantity_ton). Use as a directional competitor benchmark only; it is not a transaction price, invoice price, FOB contract price, margin, or profit. Reporter share fields are shares within Vietnam, Brazil, and Indonesia only, not global destination-market share.",UN Comtrade,https://comtradeapi.un.org/public/v1/preview/C/A/HS?reporterCode=704&flowCode=X&cmdCode=090111&period=2022&includeDesc=true,2026-05-30T19:13:38.772Z
A,2022-01-01,2022,Indonesia,IDN,Croatia,HRV,Export,coffee,coffee_raw_core,090111,Coffee; not roasted or decaffeinated,2825,0.3,9416.666667,0.079789,0.017022,2,1,ok,low_volume_for_competitor_benchmark,0.55,"Export unit value is calculated as SUM(value_usd) / SUM(quantity_ton). Use as a directional competitor benchmark only; it is not a transaction price, invoice price, FOB contract price, margin, or profit. Reporter share fields are shares within Vietnam, Brazil, and Indonesia only, not global destination-market share. Low-volume destination (< 50 tons); unit value can be unstable.",UN Comtrade,https://comtradeapi.un.org/public/v1/preview/C/A/HS?reporterCode=360&flowCode=X&cmdCode=090111&period=2022&includeDesc=true,2026-05-30T19:13:38.772Z
A,2022-01-01,2022,Vietnam,VNM,Croatia,HRV,Export,coffee,coffee_raw_core,090111,Coffee; not roasted or decaffeinated,3537779.778,1762.11,2007.695194,99.920211,99.982978,1,2,ok,ok,0.82,"Export unit value is calculated as SUM(value_usd) / SUM(quantity_ton). Use as a directional competitor benchmark only; it is not a transaction price, invoice price, FOB contract price, margin, or profit. Reporter share fields are shares within Vietnam, Brazil, and Indonesia only, not global destination-market share.",UN Comtrade,https://comtradeapi.un.org/public/v1/preview/C/A/HS?reporterCode=704&flowCode=X&cmdCode=090111&period=2022&includeDesc=true,2026-05-30T19:13:38.772Z
A,2022-01-01,2022,Indonesia,IDN,Czechia,CZE,Export,coffee,coffee_raw_core,090111,Coffee; not roasted or decaffeinated,40888.635,7.0328,5813.990871,1.176845,0.413419,2,1,ok,low_volume_for_competitor_benchmark,0.55,"Export unit value is calculated as SUM(value_usd) / SUM(quantity_ton). Use as a directional competitor benchmark only; it is not a transaction price, invoice price, FOB contract price, margin, or profit. Reporter share fields are shares within Vietnam, Brazil, and Indonesia only, not global destination-market share. Low-volume destination (< 50 tons); unit value can be unstable.",UN Comtrade,https://comtradeapi.un.org/public/v1/preview/C/A/HS?reporterCode=360&flowCode=X&cmdCode=090111&period=2022&includeDesc=true,2026-05-30T19:13:38.772Z
A,2022-01-01,2022,Vietnam,VNM,Czechia,CZE,Export,coffee,coffee_raw_core,090111,Coffee; not roasted or decaffeinated,3433538.406,1694.1,2026.762532,98.823155,99.586581,1,2,ok,ok,0.82,"Export unit value is calculated as SUM(value_usd) / SUM(quantity_ton). Use as a directional competitor benchmark only; it is not a transaction price, invoice price, FOB contract price, margin, or profit. Reporter share fields are shares within Vietnam, Brazil, and Indonesia only, not global destination-market share.",UN Comtrade,https://comtradeapi.un.org/public/v1/preview/C/A/HS?reporterCode=704&flowCode=X&cmdCode=090111&period=2022&includeDesc=true,2026-05-30T19:13:38.772Z
A,2022-01-01,2022,Indonesia,IDN,Denmark,DNK,Export,coffee,coffee_raw_core,090111,Coffee; not roasted or decaffeinated,163402.731,19.29,8470.851788,7.306135,1.81623,2,1,ok,low_volume_for_competitor_benchmark,0.55,"Export unit value is calculated as SUM(value_usd) / SUM(quantity_ton). Use as a directional competitor benchmark only; it is not a transaction price, invoice price, FOB contract price, margin, or profit. Reporter share fields are shares within Vietnam, Brazil, and Indonesia only, not global destination-market share. Low-volume destination (< 50 tons); unit value can be unstable.",UN Comtrade,https://comtradeapi.un.org/public/v1/preview/C/A/HS?reporterCode=360&flowCode=X&cmdCode=090111&period=2022&includeDesc=true,2026-05-30T19:13:38.772Z
A,2022-01-01,2022,Vietnam,VNM,Denmark,DNK,Export,coffee,coffee_raw_core,090111,Coffee; not roasted or decaffeinated,2073111.114,1042.8,1988.0237,92.693865,98.18377,1,2,ok,ok,0.82,"Export unit value is calculated as SUM(value_usd) / SUM(quantity_ton). Use as a directional competitor benchmark only; it is not a transaction price, invoice price, FOB contract price, margin, or profit. Reporter share fields are shares within Vietnam, Brazil, and Indonesia only, not global destination-market share.",UN Comtrade,https://comtradeapi.un.org/public/v1/preview/C/A/HS?reporterCode=704&flowCode=X&cmdCode=090111&period=2022&includeDesc=true,2026-05-30T19:13:38.772Z
A,2022-01-01,2022,Indonesia,IDN,Dominican Rep.,DOM,Export,coffee,coffee_raw_core,090111,Coffee; not roasted or decaffeinated,148036.8,81.6,1814.176471,1.502588,1.649988,2,2,ok,ok,0.82,"Export unit value is calculated as SUM(value_usd) / SUM(quantity_ton). Use as a directional competitor benchmark only; it is not a transaction price, invoice price, FOB contract price, margin, or profit. Reporter share fields are shares within Vietnam, Brazil, and Indonesia only, not global destination-market share.",UN Comtrade,https://comtradeapi.un.org/public/v1/preview/C/A/HS?reporterCode=360&flowCode=X&cmdCode=090111&period=2022&includeDesc=true,2026-05-30T19:13:38.772Z
A,2022-01-01,2022,Vietnam,VNM,Dominican Rep.,DOM,Export,coffee,coffee_raw_core,090111,Coffee; not roasted or decaffeinated,9704085.442,4863.892,1995.127655,98.497412,98.350012,1,1,ok,ok,0.82,"Export unit value is calculated as SUM(value_usd) / SUM(quantity_ton). Use as a directional competitor benchmark only; it is not a transaction price, invoice price, FOB contract price, margin, or profit. Reporter share fields are shares within Vietnam, Brazil, and Indonesia only, not global destination-market share.",UN Comtrade,https://comtradeapi.un.org/public/v1/preview/C/A/HS?reporterCode=704&flowCode=X&cmdCode=090111&period=2022&includeDesc=true,2026-05-30T19:13:38.772Z
A,2022-01-01,2022,Indonesia,IDN,Ecuador,ECU,Export,coffee,coffee_raw_core,090111,Coffee; not roasted or decaffeinated,5534127.17,2985.252,1853.822448,13.058735,13.664968,2,2,ok,ok,0.82,"Export unit value is calculated as SUM(value_usd) / SUM(quantity_ton). Use as a directional competitor benchmark only; it is not a transaction price, invoice price, FOB contract price, margin, or profit. Reporter share fields are shares within Vietnam, Brazil, and Indonesia only, not global destination-market share.",UN Comtrade,https://comtradeapi.un.org/public/v1/preview/C/A/HS?reporterCode=360&flowCode=X&cmdCode=090111&period=2022&includeDesc=true,2026-05-30T19:13:38.772Z
A,2022-01-01,2022,Vietnam,VNM,Ecuador,ECU,Export,coffee,coffee_raw_core,090111,Coffee; not roasted or decaffeinated,36844611.986,18860.77,1953.505185,86.941265,86.335032,1,1,ok,ok,0.82,"Export unit value is calculated as SUM(value_usd) / SUM(quantity_ton). Use as a directional competitor benchmark only; it is not a transaction price, invoice price, FOB contract price, margin, or profit. Reporter share fields are shares within Vietnam, Brazil, and Indonesia only, not global destination-market share.",UN Comtrade,https://comtradeapi.un.org/public/v1/preview/C/A/HS?reporterCode=704&flowCode=X&cmdCode=090111&period=2022&includeDesc=true,2026-05-30T19:13:38.772Z
A,2022-01-01,2022,Indonesia,IDN,Egypt,EGY,Export,coffee,coffee_raw_core,090111,Coffee; not roasted or decaffeinated,81732313.639,37428.4,2183.697771,69.633834,69.717141,1,2,ok,ok,0.82,"Export unit value is calculated as SUM(value_usd) / SUM(quantity_ton). Use as a directional competitor benchmark only; it is not a transaction price, invoice price, FOB contract price, margin, or profit. Reporter share fields are shares within Vietnam, Brazil, and Indonesia only, not global destination-market share.",UN Comtrade,https://comtradeapi.un.org/public/v1/preview/C/A/HS?reporterCode=360&flowCode=X&cmdCode=090111&period=2022&includeDesc=true,2026-05-30T19:13:38.772Z
A,2022-01-01,2022,Vietnam,VNM,Egypt,EGY,Export,coffee,coffee_raw_core,090111,Coffee; not roasted or decaffeinated,35642113.602,16257.68,2192.324711,30.366166,30.282859,2,1,ok,ok,0.82,"Export unit value is calculated as SUM(value_usd) / SUM(quantity_ton). Use as a directional competitor benchmark only; it is not a transaction price, invoice price, FOB contract price, margin, or profit. Reporter share fields are shares within Vietnam, Brazil, and Indonesia only, not global destination-market share.",UN Comtrade,https://comtradeapi.un.org/public/v1/preview/C/A/HS?reporterCode=704&flowCode=X&cmdCode=090111&period=2022&includeDesc=true,2026-05-30T19:13:38.772Z
A,2022-01-01,2022,Indonesia,IDN,Estonia,EST,Export,coffee,coffee_raw_core,090111,Coffee; not roasted or decaffeinated,111745.15,57.6,1940.019965,3.139737,3.340967,2,2,ok,ok,0.82,"Export unit value is calculated as SUM(value_usd) / SUM(quantity_ton). Use as a directional competitor benchmark only; it is not a transaction price, invoice price, FOB contract price, margin, or profit. Reporter share fields are shares within Vietnam, Brazil, and Indonesia only, not global destination-market share.",UN Comtrade,https://comtradeapi.un.org/public/v1/preview/C/A/HS?reporterCode=360&flowCode=X&cmdCode=090111&period=2022&includeDesc=true,2026-05-30T19:13:38.772Z
A,2022-01-01,2022,Vietnam,VNM,Estonia,EST,Export,coffee,coffee_raw_core,090111,Coffee; not roasted or decaffeinated,3447315.836,1666.452,2068.655944,96.860263,96.659033,1,1,ok,ok,0.82,"Export unit value is calculated as SUM(value_usd) / SUM(quantity_ton). Use as a directional competitor benchmark only; it is not a transaction price, invoice price, FOB contract price, margin, or profit. Reporter share fields are shares within Vietnam, Brazil, and Indonesia only, not global destination-market share.",UN Comtrade,https://comtradeapi.un.org/public/v1/preview/C/A/HS?reporterCode=704&flowCode=X&cmdCode=090111&period=2022&includeDesc=true,2026-05-30T19:13:38.772Z
A,2022-01-01,2022,Vietnam,VNM,Finland,FIN,Export,coffee,coffee_raw_core,090111,Coffee; not roasted or decaffeinated,1480524.799,604.037,2451.049851,100,100,1,1,ok,ok,0.82,"Export unit value is calculated as SUM(value_usd) / SUM(quantity_ton). Use as a directional competitor benchmark only; it is not a transaction price, invoice price, FOB contract price, margin, or profit. Reporter share fields are shares within Vietnam, Brazil, and Indonesia only, not global destination-market share.",UN Comtrade,https://comtradeapi.un.org/public/v1/preview/C/A/HS?reporterCode=704&flowCode=X&cmdCode=090111&period=2022&includeDesc=true,2026-05-30T19:13:38.772Z
A,2022-01-01,2022,Indonesia,IDN,France,FRA,Export,coffee,coffee_raw_core,090111,Coffee; not roasted or decaffeinated,2649586.63,874.739,3029.002514,4.865343,3.80628,2,1,ok,ok,0.82,"Export unit value is calculated as SUM(value_usd) / SUM(quantity_ton). Use as a directional competitor benchmark only; it is not a transaction price, invoice price, FOB contract price, margin, or profit. Reporter share fields are shares within Vietnam, Brazil, and Indonesia only, not global destination-market share.",UN Comtrade,https://comtradeapi.un.org/public/v1/preview/C/A/HS?reporterCode=360&flowCode=X&cmdCode=090111&period=2022&includeDesc=true,2026-05-30T19:13:38.772Z
A,2022-01-01,2022,Vietnam,VNM,France,FRA,Export,coffee,coffee_raw_core,090111,Coffee; not roasted or decaffeinated,51808787.76,22106.73,2343.575362,95.134657,96.19372,1,2,ok,ok,0.82,"Export unit value is calculated as SUM(value_usd) / SUM(quantity_ton). Use as a directional competitor benchmark only; it is not a transaction price, invoice price, FOB contract price, margin, or profit. Reporter share fields are shares within Vietnam, Brazil, and Indonesia only, not global destination-market share.",UN Comtrade,https://comtradeapi.un.org/public/v1/preview/C/A/HS?reporterCode=704&flowCode=X&cmdCode=090111&period=2022&includeDesc=true,2026-05-30T19:13:38.772Z
A,2022-01-01,2022,Indonesia,IDN,Georgia,GEO,Export,coffee,coffee_raw_core,090111,Coffee; not roasted or decaffeinated,31199899.02,15902.601,1961.936857,100,100,1,1,ok,ok,0.82,"Export unit value is calculated as SUM(value_usd) / SUM(quantity_ton). Use as a directional competitor benchmark only; it is not a transaction price, invoice price, FOB contract price, margin, or profit. Reporter share fields are shares within Vietnam, Brazil, and Indonesia only, not global destination-market share.",UN Comtrade,https://comtradeapi.un.org/public/v1/preview/C/A/HS?reporterCode=360&flowCode=X&cmdCode=090111&period=2022&includeDesc=true,2026-05-30T19:13:38.772Z
A,2022-01-01,2022,Indonesia,IDN,Germany,DEU,Export,coffee,coffee_raw_core,090111,Coffee; not roasted or decaffeinated,80938951.438,36976.475,2188.930974,15.12795,14.384422,2,1,ok,ok,0.82,"Export unit value is calculated as SUM(value_usd) / SUM(quantity_ton). Use as a directional competitor benchmark only; it is not a transaction price, invoice price, FOB contract price, margin, or profit. Reporter share fields are shares within Vietnam, Brazil, and Indonesia only, not global destination-market share.",UN Comtrade,https://comtradeapi.un.org/public/v1/preview/C/A/HS?reporterCode=360&flowCode=X&cmdCode=090111&period=2022&includeDesc=true,2026-05-30T19:13:38.772Z
A,2022-01-01,2022,Vietnam,VNM,Germany,DEU,Export,coffee,coffee_raw_core,090111,Coffee; not roasted or decaffeinated,454090248.877,220082.686734,2063.271108,84.87205,85.615578,1,2,ok,ok,0.82,"Export unit value is calculated as SUM(value_usd) / SUM(quantity_ton). Use as a directional competitor benchmark only; it is not a transaction price, invoice price, FOB contract price, margin, or profit. Reporter share fields are shares within Vietnam, Brazil, and Indonesia only, not global destination-market share.",UN Comtrade,https://comtradeapi.un.org/public/v1/preview/C/A/HS?reporterCode=704&flowCode=X&cmdCode=090111&period=2022&includeDesc=true,2026-05-30T19:13:38.772Z
A,2022-01-01,2022,Indonesia,IDN,Greece,GRC,Export,coffee,coffee_raw_core,090111,Coffee; not roasted or decaffeinated,5743519.11,2963.4,1938.151822,25.72514,27.160185,2,2,ok,ok,0.82,"Export unit value is calculated as SUM(value_usd) / SUM(quantity_ton). Use as a directional competitor benchmark only; it is not a transaction price, invoice price, FOB contract price, margin, or profit. Reporter share fields are shares within Vietnam, Brazil, and Indonesia only, not global destination-market share.",UN Comtrade,https://comtradeapi.un.org/public/v1/preview/C/A/HS?reporterCode=360&flowCode=X&cmdCode=090111&period=2022&includeDesc=true,2026-05-30T19:13:38.772Z
A,2022-01-01,2022,Vietnam,VNM,Greece,GRC,Export,coffee,coffee_raw_core,090111,Coffee; not roasted or decaffeinated,16582964.377,7947.424,2086.583574,74.27486,72.839815,1,1,ok,ok,0.82,"Export unit value is calculated as SUM(value_usd) / SUM(quantity_ton). Use as a directional competitor benchmark only; it is not a transaction price, invoice price, FOB contract price, margin, or profit. Reporter share fields are shares within Vietnam, Brazil, and Indonesia only, not global destination-market share.",UN Comtrade,https://comtradeapi.un.org/public/v1/preview/C/A/HS?reporterCode=704&flowCode=X&cmdCode=090111&period=2022&includeDesc=true,2026-05-30T19:13:38.772Z
A,2022-01-01,2022,Indonesia,IDN,India,IND,Export,coffee,coffee_raw_core,090111,Coffee; not roasted or decaffeinated,71653363.584,43596.9,1643.542628,56.274046,59.859721,1,2,ok,ok,0.82,"Export unit value is calculated as SUM(value_usd) / SUM(quantity_ton). Use as a directional competitor benchmark only; it is not a transaction price, invoice price, FOB contract price, margin, or profit. Reporter share fields are shares within Vietnam, Brazil, and Indonesia only, not global destination-market share.",UN Comtrade,https://comtradeapi.un.org/public/v1/preview/C/A/HS?reporterCode=360&flowCode=X&cmdCode=090111&period=2022&includeDesc=true,2026-05-30T19:13:38.772Z
A,2022-01-01,2022,Vietnam,VNM,India,IND,Export,coffee,coffee_raw_core,090111,Coffee; not roasted or decaffeinated,55675962.169,29234.88,1904.436145,43.725954,40.140279,2,1,ok,ok,0.82,"Export unit value is calculated as SUM(value_usd) / SUM(quantity_ton). Use as a directional competitor benchmark only; it is not a transaction price, invoice price, FOB contract price, margin, or profit. Reporter share fields are shares within Vietnam, Brazil, and Indonesia only, not global destination-market share.",UN Comtrade,https://comtradeapi.un.org/public/v1/preview/C/A/HS?reporterCode=704&flowCode=X&cmdCode=090111&period=2022&includeDesc=true,2026-05-30T19:13:38.772Z
A,2022-01-01,2022,Vietnam,VNM,Indonesia,IDN,Export,coffee,coffee_raw_core,090111,Coffee; not roasted or decaffeinated,11779322.633,5944.69,1981.486441,100,100,1,1,ok,ok,0.82,"Export unit value is calculated as SUM(value_usd) / SUM(quantity_ton). Use as a directional competitor benchmark only; it is not a transaction price, invoice price, FOB contract price, margin, or profit. Reporter share fields are shares within Vietnam, Brazil, and Indonesia only, not global destination-market share.",UN Comtrade,https://comtradeapi.un.org/public/v1/preview/C/A/HS?reporterCode=704&flowCode=X&cmdCode=090111&period=2022&includeDesc=true,2026-05-30T19:13:38.772Z
A,2022-01-01,2022,Indonesia,IDN,Iran,IRN,Export,coffee,coffee_raw_core,090111,Coffee; not roasted or decaffeinated,3749069.189,1588.84,2359.626639,100,100,1,1,ok,ok,0.82,"Export unit value is calculated as SUM(value_usd) / SUM(quantity_ton). Use as a directional competitor benchmark only; it is not a transaction price, invoice price, FOB contract price, margin, or profit. Reporter share fields are shares within Vietnam, Brazil, and Indonesia only, not global destination-market share.",UN Comtrade,https://comtradeapi.un.org/public/v1/preview/C/A/HS?reporterCode=360&flowCode=X&cmdCode=090111&period=2022&includeDesc=true,2026-05-30T19:13:38.772Z
A,2022-01-01,2022,Vietnam,VNM,Iraq,IRQ,Export,coffee,coffee_raw_core,090111,Coffee; not roasted or decaffeinated,96000,38.4,2500,100,100,1,1,ok,low_volume_for_competitor_benchmark,0.55,"Export unit value is calculated as SUM(value_usd) / SUM(quantity_ton). Use as a directional competitor benchmark only; it is not a transaction price, invoice price, FOB contract price, margin, or profit. Reporter share fields are shares within Vietnam, Brazil, and Indonesia only, not global destination-market share. Low-volume destination (< 50 tons); unit value can be unstable.",UN Comtrade,https://comtradeapi.un.org/public/v1/preview/C/A/HS?reporterCode=704&flowCode=X&cmdCode=090111&period=2022&includeDesc=true,2026-05-30T19:13:38.772Z
A,2022-01-01,2022,Indonesia,IDN,Ireland,IRL,Export,coffee,coffee_raw_core,090111,Coffee; not roasted or decaffeinated,1936505.71,288,6723.97816,43.144519,28.807375,2,1,ok,ok,0.82,"Export unit value is calculated as SUM(value_usd) / SUM(quantity_ton). Use as a directional competitor benchmark only; it is not a transaction price, invoice price, FOB contract price, margin, or profit. Reporter share fields are shares within Vietnam, Brazil, and Indonesia only, not global destination-market share.",UN Comtrade,https://comtradeapi.un.org/public/v1/preview/C/A/HS?reporterCode=360&flowCode=X&cmdCode=090111&period=2022&includeDesc=true,2026-05-30T19:13:38.772Z
A,2022-01-01,2022,Vietnam,VNM,Ireland,IRL,Export,coffee,coffee_raw_core,090111,Coffee; not roasted or decaffeinated,2551910.784,711.744,3585.433504,56.855481,71.192625,1,2,ok,ok,0.82,"Export unit value is calculated as SUM(value_usd) / SUM(quantity_ton). Use as a directional competitor benchmark only; it is not a transaction price, invoice price, FOB contract price, margin, or profit. Reporter share fields are shares within Vietnam, Brazil, and Indonesia only, not global destination-market share.",UN Comtrade,https://comtradeapi.un.org/public/v1/preview/C/A/HS?reporterCode=704&flowCode=X&cmdCode=090111&period=2022&includeDesc=true,2026-05-30T19:13:38.772Z
A,2022-01-01,2022,Indonesia,IDN,Israel,ISR,Export,coffee,coffee_raw_core,090111,Coffee; not roasted or decaffeinated,694801.24,155.1,4479.698517,5.510601,2.657361,2,1,ok,ok,0.82,"Export unit value is calculated as SUM(value_usd) / SUM(quantity_ton). Use as a directional competitor benchmark only; it is not a transaction price, invoice price, FOB contract price, margin, or profit. Reporter share fields are shares within Vietnam, Brazil, and Indonesia only, not global destination-market share.",UN Comtrade,https://comtradeapi.un.org/public/v1/preview/C/A/HS?reporterCode=360&flowCode=X&cmdCode=090111&period=2022&includeDesc=true,2026-05-30T19:13:38.772Z
A,2022-01-01,2022,Vietnam,VNM,Israel,ISR,Export,coffee,coffee_raw_core,090111,Coffee; not roasted or decaffeinated,11913645.619,5681.518,2096.912413,94.489399,97.342639,1,2,ok,ok,0.82,"Export unit value is calculated as SUM(value_usd) / SUM(quantity_ton). Use as a directional competitor benchmark only; it is not a transaction price, invoice price, FOB contract price, margin, or profit. Reporter share fields are shares within Vietnam, Brazil, and Indonesia only, not global destination-market share.",UN Comtrade,https://comtradeapi.un.org/public/v1/preview/C/A/HS?reporterCode=704&flowCode=X&cmdCode=090111&period=2022&includeDesc=true,2026-05-30T19:13:38.772Z
A,2022-01-01,2022,Indonesia,IDN,Italy,ITA,Export,coffee,coffee_raw_core,090111,Coffee; not roasted or decaffeinated,48985215.326,24006.19,2040.524353,14.415667,14.790778,2,2,ok,ok,0.82,"Export unit value is calculated as SUM(value_usd) / SUM(quantity_ton). Use as a directional competitor benchmark only; it is not a transaction price, invoice price, FOB contract price, margin, or profit. Reporter share fields are shares within Vietnam, Brazil, and Indonesia only, not global destination-market share.",UN Comtrade,https://comtradeapi.un.org/public/v1/preview/C/A/HS?reporterCode=360&flowCode=X&cmdCode=090111&period=2022&includeDesc=true,2026-05-30T19:13:38.772Z
A,2022-01-01,2022,Vietnam,VNM,Italy,ITA,Export,coffee,coffee_raw_core,090111,Coffee; not roasted or decaffeinated,290820187.608,138298.93,2102.837582,85.584333,85.209222,1,1,ok,ok,0.82,"Export unit value is calculated as SUM(value_usd) / SUM(quantity_ton). Use as a directional competitor benchmark only; it is not a transaction price, invoice price, FOB contract price, margin, or profit. Reporter share fields are shares within Vietnam, Brazil, and Indonesia only, not global destination-market share.",UN Comtrade,https://comtradeapi.un.org/public/v1/preview/C/A/HS?reporterCode=704&flowCode=X&cmdCode=090111&period=2022&includeDesc=true,2026-05-30T19:13:38.772Z
A,2022-01-01,2022,Indonesia,IDN,Japan,JPN,Export,coffee,coffee_raw_core,090111,Coffee; not roasted or decaffeinated,59087283.609,18813.4229,3140.698209,22.243593,16.41396,2,1,ok,ok,0.82,"Export unit value is calculated as SUM(value_usd) / SUM(quantity_ton). Use as a directional competitor benchmark only; it is not a transaction price, invoice price, FOB contract price, margin, or profit. Reporter share fields are shares within Vietnam, Brazil, and Indonesia only, not global destination-market share.",UN Comtrade,https://comtradeapi.un.org/public/v1/preview/C/A/HS?reporterCode=360&flowCode=X&cmdCode=090111&period=2022&includeDesc=true,2026-05-30T19:13:38.772Z
A,2022-01-01,2022,Vietnam,VNM,Japan,JPN,Export,coffee,coffee_raw_core,090111,Coffee; not roasted or decaffeinated,206550035.42,95805.005376,2155.942005,77.756407,83.58604,1,2,ok,ok,0.82,"Export unit value is calculated as SUM(value_usd) / SUM(quantity_ton). Use as a directional competitor benchmark only; it is not a transaction price, invoice price, FOB contract price, margin, or profit. Reporter share fields are shares within Vietnam, Brazil, and Indonesia only, not global destination-market share.",UN Comtrade,https://comtradeapi.un.org/public/v1/preview/C/A/HS?reporterCode=704&flowCode=X&cmdCode=090111&period=2022&includeDesc=true,2026-05-30T19:13:38.772Z
A,2022-01-01,2022,Indonesia,IDN,Jordan,JOR,Export,coffee,coffee_raw_core,090111,Coffee; not roasted or decaffeinated,1550437.11,695.4,2229.561562,100,100,1,1,ok,ok,0.82,"Export unit value is calculated as SUM(value_usd) / SUM(quantity_ton). Use as a directional competitor benchmark only; it is not a transaction price, invoice price, FOB contract price, margin, or profit. Reporter share fields are shares within Vietnam, Brazil, and Indonesia only, not global destination-market share.",UN Comtrade,https://comtradeapi.un.org/public/v1/preview/C/A/HS?reporterCode=360&flowCode=X&cmdCode=090111&period=2022&includeDesc=true,2026-05-30T19:13:38.772Z
A,2022-01-01,2022,Vietnam,VNM,Kazakhstan,KAZ,Export,coffee,coffee_raw_core,090111,Coffee; not roasted or decaffeinated,113940,38.4,2967.1875,100,100,1,1,ok,low_volume_for_competitor_benchmark,0.55,"Export unit value is calculated as SUM(value_usd) / SUM(quantity_ton). Use as a directional competitor benchmark only; it is not a transaction price, invoice price, FOB contract price, margin, or profit. Reporter share fields are shares within Vietnam, Brazil, and Indonesia only, not global destination-market share. Low-volume destination (< 50 tons); unit value can be unstable.",UN Comtrade,https://comtradeapi.un.org/public/v1/preview/C/A/HS?reporterCode=704&flowCode=X&cmdCode=090111&period=2022&includeDesc=true,2026-05-30T19:13:38.772Z
A,2022-01-01,2022,Indonesia,IDN,Kuwait,KWT,Export,coffee,coffee_raw_core,090111,Coffee; not roasted or decaffeinated,63885,10.1,6325.247525,5.069415,1.917018,2,1,ok,low_volume_for_competitor_benchmark,0.55,"Export unit value is calculated as SUM(value_usd) / SUM(quantity_ton). Use as a directional competitor benchmark only; it is not a transaction price, invoice price, FOB contract price, margin, or profit. Reporter share fields are shares within Vietnam, Brazil, and Indonesia only, not global destination-market share. Low-volume destination (< 50 tons); unit value can be unstable.",UN Comtrade,https://comtradeapi.un.org/public/v1/preview/C/A/HS?reporterCode=360&flowCode=X&cmdCode=090111&period=2022&includeDesc=true,2026-05-30T19:13:38.772Z
A,2022-01-01,2022,Vietnam,VNM,Kuwait,KWT,Export,coffee,coffee_raw_core,090111,Coffee; not roasted or decaffeinated,1196319.5,516.76,2315.038896,94.930585,98.082982,1,2,ok,ok,0.82,"Export unit value is calculated as SUM(value_usd) / SUM(quantity_ton). Use as a directional competitor benchmark only; it is not a transaction price, invoice price, FOB contract price, margin, or profit. Reporter share fields are shares within Vietnam, Brazil, and Indonesia only, not global destination-market share.",UN Comtrade,https://comtradeapi.un.org/public/v1/preview/C/A/HS?reporterCode=704&flowCode=X&cmdCode=090111&period=2022&includeDesc=true,2026-05-30T19:13:38.772Z
A,2022-01-01,2022,Indonesia,IDN,Latvia,LVA,Export,coffee,coffee_raw_core,090111,Coffee; not roasted or decaffeinated,305941.52,46.62,6562.452166,32.388531,12.497989,2,1,ok,low_volume_for_competitor_benchmark,0.55,"Export unit value is calculated as SUM(value_usd) / SUM(quantity_ton). Use as a directional competitor benchmark only; it is not a transaction price, invoice price, FOB contract price, margin, or profit. Reporter share fields are shares within Vietnam, Brazil, and Indonesia only, not global destination-market share. Low-volume destination (< 50 tons); unit value can be unstable.",UN Comtrade,https://comtradeapi.un.org/public/v1/preview/C/A/HS?reporterCode=360&flowCode=X&cmdCode=090111&period=2022&includeDesc=true,2026-05-30T19:13:38.772Z
A,2022-01-01,2022,Vietnam,VNM,Latvia,LVA,Export,coffee,coffee_raw_core,090111,Coffee; not roasted or decaffeinated,638656.8,326.4,1956.669118,67.611469,87.502011,1,2,ok,ok,0.82,"Export unit value is calculated as SUM(value_usd) / SUM(quantity_ton). Use as a directional competitor benchmark only; it is not a transaction price, invoice price, FOB contract price, margin, or profit. Reporter share fields are shares within Vietnam, Brazil, and Indonesia only, not global destination-market share.",UN Comtrade,https://comtradeapi.un.org/public/v1/preview/C/A/HS?reporterCode=704&flowCode=X&cmdCode=090111&period=2022&includeDesc=true,2026-05-30T19:13:38.772Z
A,2022-01-01,2022,Indonesia,IDN,Lebanon,LBN,Export,coffee,coffee_raw_core,090111,Coffee; not roasted or decaffeinated,2140895.24,1171.2,1827.950171,100,100,1,1,ok,ok,0.82,"Export unit value is calculated as SUM(value_usd) / SUM(quantity_ton). Use as a directional competitor benchmark only; it is not a transaction price, invoice price, FOB contract price, margin, or profit. Reporter share fields are shares within Vietnam, Brazil, and Indonesia only, not global destination-market share.",UN Comtrade,https://comtradeapi.un.org/public/v1/preview/C/A/HS?reporterCode=360&flowCode=X&cmdCode=090111&period=2022&includeDesc=true,2026-05-30T19:13:38.772Z
A,2022-01-01,2022,Vietnam,VNM,Lithuania,LTU,Export,coffee,coffee_raw_core,090111,Coffee; not roasted or decaffeinated,1331099,585.82,2272.197945,100,100,1,1,ok,ok,0.82,"Export unit value is calculated as SUM(value_usd) / SUM(quantity_ton). Use as a directional competitor benchmark only; it is not a transaction price, invoice price, FOB contract price, margin, or profit. Reporter share fields are shares within Vietnam, Brazil, and Indonesia only, not global destination-market share.",UN Comtrade,https://comtradeapi.un.org/public/v1/preview/C/A/HS?reporterCode=704&flowCode=X&cmdCode=090111&period=2022&includeDesc=true,2026-05-30T19:13:38.772Z
A,2022-01-01,2022,Indonesia,IDN,Malaysia,MYS,Export,coffee,coffee_raw_core,090111,Coffee; not roasted or decaffeinated,53134157.101,26085.38929,2036.931729,56.203214,55.894864,1,1,ok,ok,0.82,"Export unit value is calculated as SUM(value_usd) / SUM(quantity_ton). Use as a directional competitor benchmark only; it is not a transaction price, invoice price, FOB contract price, margin, or profit. Reporter share fields are shares within Vietnam, Brazil, and Indonesia only, not global destination-market share.",UN Comtrade,https://comtradeapi.un.org/public/v1/preview/C/A/HS?reporterCode=360&flowCode=X&cmdCode=090111&period=2022&includeDesc=true,2026-05-30T19:13:38.772Z
A,2022-01-01,2022,Vietnam,VNM,Malaysia,MYS,Export,coffee,coffee_raw_core,090111,Coffee; not roasted or decaffeinated,41405199.739,20583.28,2011.593864,43.796786,44.105136,2,2,ok,ok,0.82,"Export unit value is calculated as SUM(value_usd) / SUM(quantity_ton). Use as a directional competitor benchmark only; it is not a transaction price, invoice price, FOB contract price, margin, or profit. Reporter share fields are shares within Vietnam, Brazil, and Indonesia only, not global destination-market share.",UN Comtrade,https://comtradeapi.un.org/public/v1/preview/C/A/HS?reporterCode=704&flowCode=X&cmdCode=090111&period=2022&includeDesc=true,2026-05-30T19:13:38.772Z
A,2022-01-01,2022,Indonesia,IDN,Mexico,MEX,Export,coffee,coffee_raw_core,090111,Coffee; not roasted or decaffeinated,5057205.7,2461.9,2054.188107,7.573605,7.354868,2,1,ok,ok,0.82,"Export unit value is calculated as SUM(value_usd) / SUM(quantity_ton). Use as a directional competitor benchmark only; it is not a transaction price, invoice price, FOB contract price, margin, or profit. Reporter share fields are shares within Vietnam, Brazil, and Indonesia only, not global destination-market share.",UN Comtrade,https://comtradeapi.un.org/public/v1/preview/C/A/HS?reporterCode=360&flowCode=X&cmdCode=090111&period=2022&includeDesc=true,2026-05-30T19:13:38.772Z
A,2022-01-01,2022,Vietnam,VNM,Mexico,MEX,Export,coffee,coffee_raw_core,090111,Coffee; not roasted or decaffeinated,61716878.707,31011.17,1990.149959,92.426395,92.645132,1,2,ok,ok,0.82,"Export unit value is calculated as SUM(value_usd) / SUM(quantity_ton). Use as a directional competitor benchmark only; it is not a transaction price, invoice price, FOB contract price, margin, or profit. Reporter share fields are shares within Vietnam, Brazil, and Indonesia only, not global destination-market share.",UN Comtrade,https://comtradeapi.un.org/public/v1/preview/C/A/HS?reporterCode=704&flowCode=X&cmdCode=090111&period=2022&includeDesc=true,2026-05-30T19:13:38.772Z
A,2022-01-01,2022,Indonesia,IDN,Morocco,MAR,Export,coffee,coffee_raw_core,090111,Coffee; not roasted or decaffeinated,18212614.86,9230.4,1973.112201,59.343299,59.212957,1,1,ok,ok,0.82,"Export unit value is calculated as SUM(value_usd) / SUM(quantity_ton). Use as a directional competitor benchmark only; it is not a transaction price, invoice price, FOB contract price, margin, or profit. Reporter share fields are shares within Vietnam, Brazil, and Indonesia only, not global destination-market share.",UN Comtrade,https://comtradeapi.un.org/public/v1/preview/C/A/HS?reporterCode=360&flowCode=X&cmdCode=090111&period=2022&includeDesc=true,2026-05-30T19:13:38.772Z
A,2022-01-01,2022,Vietnam,VNM,Morocco,MAR,Export,coffee,coffee_raw_core,090111,Coffee; not roasted or decaffeinated,12477648.847,6358.08,1962.486922,40.656701,40.787043,2,2,ok,ok,0.82,"Export unit value is calculated as SUM(value_usd) / SUM(quantity_ton). Use as a directional competitor benchmark only; it is not a transaction price, invoice price, FOB contract price, margin, or profit. Reporter share fields are shares within Vietnam, Brazil, and Indonesia only, not global destination-market share.",UN Comtrade,https://comtradeapi.un.org/public/v1/preview/C/A/HS?reporterCode=704&flowCode=X&cmdCode=090111&period=2022&includeDesc=true,2026-05-30T19:13:38.772Z
A,2022-01-01,2022,Vietnam,VNM,Myanmar,MMR,Export,coffee,coffee_raw_core,090111,Coffee; not roasted or decaffeinated,166140.299,38.348,4332.437128,100,100,1,1,ok,low_volume_for_competitor_benchmark,0.55,"Export unit value is calculated as SUM(value_usd) / SUM(quantity_ton). Use as a directional competitor benchmark only; it is not a transaction price, invoice price, FOB contract price, margin, or profit. Reporter share fields are shares within Vietnam, Brazil, and Indonesia only, not global destination-market share. Low-volume destination (< 50 tons); unit value can be unstable.",UN Comtrade,https://comtradeapi.un.org/public/v1/preview/C/A/HS?reporterCode=704&flowCode=X&cmdCode=090111&period=2022&includeDesc=true,2026-05-30T19:13:38.772Z
A,2022-01-01,2022,Indonesia,IDN,Netherlands,NLD,Export,coffee,coffee_raw_core,090111,Coffee; not roasted or decaffeinated,11178090.524,3597.83077,3106.89725,14.891497,10.977433,2,1,ok,ok,0.82,"Export unit value is calculated as SUM(value_usd) / SUM(quantity_ton). Use as a directional competitor benchmark only; it is not a transaction price, invoice price, FOB contract price, margin, or profit. Reporter share fields are shares within Vietnam, Brazil, and Indonesia only, not global destination-market share.",UN Comtrade,https://comtradeapi.un.org/public/v1/preview/C/A/HS?reporterCode=360&flowCode=X&cmdCode=090111&period=2022&includeDesc=true,2026-05-30T19:13:38.772Z
A,2022-01-01,2022,Vietnam,VNM,Netherlands,NLD,Export,coffee,coffee_raw_core,090111,Coffee; not roasted or decaffeinated,63885489.528,29176.96,2189.586904,85.108503,89.022567,1,2,ok,ok,0.82,"Export unit value is calculated as SUM(value_usd) / SUM(quantity_ton). Use as a directional competitor benchmark only; it is not a transaction price, invoice price, FOB contract price, margin, or profit. Reporter share fields are shares within Vietnam, Brazil, and Indonesia only, not global destination-market share.",UN Comtrade,https://comtradeapi.un.org/public/v1/preview/C/A/HS?reporterCode=704&flowCode=X&cmdCode=090111&period=2022&includeDesc=true,2026-05-30T19:13:38.772Z
A,2022-01-01,2022,Indonesia,IDN,New Zealand,NZL,Export,coffee,coffee_raw_core,090111,Coffee; not roasted or decaffeinated,2032445.809,351.6,5780.562597,50.203673,24.24642,1,1,ok,ok,0.82,"Export unit value is calculated as SUM(value_usd) / SUM(quantity_ton). Use as a directional competitor benchmark only; it is not a transaction price, invoice price, FOB contract price, margin, or profit. Reporter share fields are shares within Vietnam, Brazil, and Indonesia only, not global destination-market share.",UN Comtrade,https://comtradeapi.un.org/public/v1/preview/C/A/HS?reporterCode=360&flowCode=X&cmdCode=090111&period=2022&includeDesc=true,2026-05-30T19:13:38.772Z
A,2022-01-01,2022,Vietnam,VNM,New Zealand,NZL,Export,coffee,coffee_raw_core,090111,Coffee; not roasted or decaffeinated,2015954.82,1098.511,1835.170353,49.796327,75.75358,2,2,ok,ok,0.82,"Export unit value is calculated as SUM(value_usd) / SUM(quantity_ton). Use as a directional competitor benchmark only; it is not a transaction price, invoice price, FOB contract price, margin, or profit. Reporter share fields are shares within Vietnam, Brazil, and Indonesia only, not global destination-market share.",UN Comtrade,https://comtradeapi.un.org/public/v1/preview/C/A/HS?reporterCode=704&flowCode=X&cmdCode=090111&period=2022&includeDesc=true,2026-05-30T19:13:38.772Z
A,2022-01-01,2022,Indonesia,IDN,Norway,NOR,Export,coffee,coffee_raw_core,090111,Coffee; not roasted or decaffeinated,1024882.17,180.6,5674.873588,71.991552,48.16,1,1,ok,ok,0.82,"Export unit value is calculated as SUM(value_usd) / SUM(quantity_ton). Use as a directional competitor benchmark only; it is not a transaction price, invoice price, FOB contract price, margin, or profit. Reporter share fields are shares within Vietnam, Brazil, and Indonesia only, not global destination-market share.",UN Comtrade,https://comtradeapi.un.org/public/v1/preview/C/A/HS?reporterCode=360&flowCode=X&cmdCode=090111&period=2022&includeDesc=true,2026-05-30T19:13:38.772Z
A,2022-01-01,2022,Vietnam,VNM,Norway,NOR,Export,coffee,coffee_raw_core,090111,Coffee; not roasted or decaffeinated,398732.328,194.4,2051.092222,28.008448,51.84,2,2,ok,ok,0.82,"Export unit value is calculated as SUM(value_usd) / SUM(quantity_ton). Use as a directional competitor benchmark only; it is not a transaction price, invoice price, FOB contract price, margin, or profit. Reporter share fields are shares within Vietnam, Brazil, and Indonesia only, not global destination-market share.",UN Comtrade,https://comtradeapi.un.org/public/v1/preview/C/A/HS?reporterCode=704&flowCode=X&cmdCode=090111&period=2022&includeDesc=true,2026-05-30T19:13:38.772Z
A,2022-01-01,2022,Indonesia,IDN,Oman,OMN,Export,coffee,coffee_raw_core,090111,Coffee; not roasted or decaffeinated,87450.2,36.1,2422.443213,100,100,1,1,ok,low_volume_for_competitor_benchmark,0.55,"Export unit value is calculated as SUM(value_usd) / SUM(quantity_ton). Use as a directional competitor benchmark only; it is not a transaction price, invoice price, FOB contract price, margin, or profit. Reporter share fields are shares within Vietnam, Brazil, and Indonesia only, not global destination-market share. Low-volume destination (< 50 tons); unit value can be unstable.",UN Comtrade,https://comtradeapi.un.org/public/v1/preview/C/A/HS?reporterCode=360&flowCode=X&cmdCode=090111&period=2022&includeDesc=true,2026-05-30T19:13:38.772Z
A,2022-01-01,2022,Indonesia,IDN,"Other Asia, nes",S19,Export,coffee,coffee_raw_core,090111,Coffee; not roasted or decaffeinated,16343015.01,4266.76932,3830.301988,87.649942,83.576251,1,1,ok,ok,0.82,"Export unit value is calculated as SUM(value_usd) / SUM(quantity_ton). Use as a directional competitor benchmark only; it is not a transaction price, invoice price, FOB contract price, margin, or profit. Reporter share fields are shares within Vietnam, Brazil, and Indonesia only, not global destination-market share.",UN Comtrade,https://comtradeapi.un.org/public/v1/preview/C/A/HS?reporterCode=360&flowCode=X&cmdCode=090111&period=2022&includeDesc=true,2026-05-30T19:13:38.772Z
A,2022-01-01,2022,Vietnam,VNM,"Other Asia, nes",S19,Export,coffee,coffee_raw_core,090111,Coffee; not roasted or decaffeinated,2302764.696,838.472,2746.382343,12.350058,16.423749,2,2,ok,ok,0.82,"Export unit value is calculated as SUM(value_usd) / SUM(quantity_ton). Use as a directional competitor benchmark only; it is not a transaction price, invoice price, FOB contract price, margin, or profit. Reporter share fields are shares within Vietnam, Brazil, and Indonesia only, not global destination-market share.",UN Comtrade,https://comtradeapi.un.org/public/v1/preview/C/A/HS?reporterCode=704&flowCode=X&cmdCode=090111&period=2022&includeDesc=true,2026-05-30T19:13:38.772Z
A,2022-01-01,2022,Indonesia,IDN,Pakistan,PAK,Export,coffee,coffee_raw_core,090111,Coffee; not roasted or decaffeinated,6250,2.5,2500,100,100,1,1,ok,low_volume_for_competitor_benchmark,0.55,"Export unit value is calculated as SUM(value_usd) / SUM(quantity_ton). Use as a directional competitor benchmark only; it is not a transaction price, invoice price, FOB contract price, margin, or profit. Reporter share fields are shares within Vietnam, Brazil, and Indonesia only, not global destination-market share. Low-volume destination (< 50 tons); unit value can be unstable.",UN Comtrade,https://comtradeapi.un.org/public/v1/preview/C/A/HS?reporterCode=360&flowCode=X&cmdCode=090111&period=2022&includeDesc=true,2026-05-30T19:13:38.772Z
A,2022-01-01,2022,Vietnam,VNM,Panama,PAN,Export,coffee,coffee_raw_core,090111,Coffee; not roasted or decaffeinated,44650,19,2350,100,100,1,1,ok,low_volume_for_competitor_benchmark,0.55,"Export unit value is calculated as SUM(value_usd) / SUM(quantity_ton). Use as a directional competitor benchmark only; it is not a transaction price, invoice price, FOB contract price, margin, or profit. Reporter share fields are shares within Vietnam, Brazil, and Indonesia only, not global destination-market share. Low-volume destination (< 50 tons); unit value can be unstable.",UN Comtrade,https://comtradeapi.un.org/public/v1/preview/C/A/HS?reporterCode=704&flowCode=X&cmdCode=090111&period=2022&includeDesc=true,2026-05-30T19:13:38.772Z
A,2022-01-01,2022,Indonesia,IDN,Philippines,PHL,Export,coffee,coffee_raw_core,090111,Coffee; not roasted or decaffeinated,5534549.98,2321.061,2384.491394,7.09044,6.164072,2,1,ok,ok,0.82,"Export unit value is calculated as SUM(value_usd) / SUM(quantity_ton). Use as a directional competitor benchmark only; it is not a transaction price, invoice price, FOB contract price, margin, or profit. Reporter share fields are shares within Vietnam, Brazil, and Indonesia only, not global destination-market share.",UN Comtrade,https://comtradeapi.un.org/public/v1/preview/C/A/HS?reporterCode=360&flowCode=X&cmdCode=090111&period=2022&includeDesc=true,2026-05-30T19:13:38.772Z
A,2022-01-01,2022,Vietnam,VNM,Philippines,PHL,Export,coffee,coffee_raw_core,090111,Coffee; not roasted or decaffeinated,72521955.151,35333.61,2052.492093,92.90956,93.835928,1,2,ok,ok,0.82,"Export unit value is calculated as SUM(value_usd) / SUM(quantity_ton). Use as a directional competitor benchmark only; it is not a transaction price, invoice price, FOB contract price, margin, or profit. Reporter share fields are shares within Vietnam, Brazil, and Indonesia only, not global destination-market share.",UN Comtrade,https://comtradeapi.un.org/public/v1/preview/C/A/HS?reporterCode=704&flowCode=X&cmdCode=090111&period=2022&includeDesc=true,2026-05-30T19:13:38.772Z
A,2022-01-01,2022,Indonesia,IDN,Poland,POL,Export,coffee,coffee_raw_core,090111,Coffee; not roasted or decaffeinated,1628575.592,879.848,1850.973795,7.721117,8.179156,2,2,ok,ok,0.82,"Export unit value is calculated as SUM(value_usd) / SUM(quantity_ton). Use as a directional competitor benchmark only; it is not a transaction price, invoice price, FOB contract price, margin, or profit. Reporter share fields are shares within Vietnam, Brazil, and Indonesia only, not global destination-market share.",UN Comtrade,https://comtradeapi.un.org/public/v1/preview/C/A/HS?reporterCode=360&flowCode=X&cmdCode=090111&period=2022&includeDesc=true,2026-05-30T19:13:38.772Z
A,2022-01-01,2022,Vietnam,VNM,Poland,POL,Export,coffee,coffee_raw_core,090111,Coffee; not roasted or decaffeinated,19463912.22,9877.35,1970.560142,92.278883,91.820844,1,1,ok,ok,0.82,"Export unit value is calculated as SUM(value_usd) / SUM(quantity_ton). Use as a directional competitor benchmark only; it is not a transaction price, invoice price, FOB contract price, margin, or profit. Reporter share fields are shares within Vietnam, Brazil, and Indonesia only, not global destination-market share.",UN Comtrade,https://comtradeapi.un.org/public/v1/preview/C/A/HS?reporterCode=704&flowCode=X&cmdCode=090111&period=2022&includeDesc=true,2026-05-30T19:13:38.772Z
A,2022-01-01,2022,Indonesia,IDN,Portugal,PRT,Export,coffee,coffee_raw_core,090111,Coffee; not roasted or decaffeinated,4281073.072,2025.47,2113.619591,15.78572,15.653605,2,1,ok,ok,0.82,"Export unit value is calculated as SUM(value_usd) / SUM(quantity_ton). Use as a directional competitor benchmark only; it is not a transaction price, invoice price, FOB contract price, margin, or profit. Reporter share fields are shares within Vietnam, Brazil, and Indonesia only, not global destination-market share.",UN Comtrade,https://comtradeapi.un.org/public/v1/preview/C/A/HS?reporterCode=360&flowCode=X&cmdCode=090111&period=2022&includeDesc=true,2026-05-30T19:13:38.772Z
A,2022-01-01,2022,Vietnam,VNM,Portugal,PRT,Export,coffee,coffee_raw_core,090111,Coffee; not roasted or decaffeinated,22838837.778,10913.85,2092.647212,84.21428,84.346395,1,2,ok,ok,0.82,"Export unit value is calculated as SUM(value_usd) / SUM(quantity_ton). Use as a directional competitor benchmark only; it is not a transaction price, invoice price, FOB contract price, margin, or profit. Reporter share fields are shares within Vietnam, Brazil, and Indonesia only, not global destination-market share.",UN Comtrade,https://comtradeapi.un.org/public/v1/preview/C/A/HS?reporterCode=704&flowCode=X&cmdCode=090111&period=2022&includeDesc=true,2026-05-30T19:13:38.772Z
A,2022-01-01,2022,Indonesia,IDN,Qatar,QAT,Export,coffee,coffee_raw_core,090111,Coffee; not roasted or decaffeinated,32940,3.18,10358.490566,32.828383,11.205074,2,1,ok,low_volume_for_competitor_benchmark,0.55,"Export unit value is calculated as SUM(value_usd) / SUM(quantity_ton). Use as a directional competitor benchmark only; it is not a transaction price, invoice price, FOB contract price, margin, or profit. Reporter share fields are shares within Vietnam, Brazil, and Indonesia only, not global destination-market share. Low-volume destination (< 50 tons); unit value can be unstable.",UN Comtrade,https://comtradeapi.un.org/public/v1/preview/C/A/HS?reporterCode=360&flowCode=X&cmdCode=090111&period=2022&includeDesc=true,2026-05-30T19:13:38.772Z
A,2022-01-01,2022,Vietnam,VNM,Qatar,QAT,Export,coffee,coffee_raw_core,090111,Coffee; not roasted or decaffeinated,67400,25.2,2674.603175,67.171617,88.794926,1,2,ok,low_volume_for_competitor_benchmark,0.55,"Export unit value is calculated as SUM(value_usd) / SUM(quantity_ton). Use as a directional competitor benchmark only; it is not a transaction price, invoice price, FOB contract price, margin, or profit. Reporter share fields are shares within Vietnam, Brazil, and Indonesia only, not global destination-market share. Low-volume destination (< 50 tons); unit value can be unstable.",UN Comtrade,https://comtradeapi.un.org/public/v1/preview/C/A/HS?reporterCode=704&flowCode=X&cmdCode=090111&period=2022&includeDesc=true,2026-05-30T19:13:38.772Z
A,2022-01-01,2022,Indonesia,IDN,Rep. of Korea,KOR,Export,coffee,coffee_raw_core,090111,Coffee; not roasted or decaffeinated,13636305.46,3565.053,3824.993755,17.062596,10.320799,2,1,ok,ok,0.82,"Export unit value is calculated as SUM(value_usd) / SUM(quantity_ton). Use as a directional competitor benchmark only; it is not a transaction price, invoice price, FOB contract price, margin, or profit. Reporter share fields are shares within Vietnam, Brazil, and Indonesia only, not global destination-market share.",UN Comtrade,https://comtradeapi.un.org/public/v1/preview/C/A/HS?reporterCode=360&flowCode=X&cmdCode=090111&period=2022&includeDesc=true,2026-05-30T19:13:38.772Z
A,2022-01-01,2022,Vietnam,VNM,Rep. of Korea,KOR,Export,coffee,coffee_raw_core,090111,Coffee; not roasted or decaffeinated,66282983.159,30977.36,2139.723435,82.937404,89.679201,1,2,ok,ok,0.82,"Export unit value is calculated as SUM(value_usd) / SUM(quantity_ton). Use as a directional competitor benchmark only; it is not a transaction price, invoice price, FOB contract price, margin, or profit. Reporter share fields are shares within Vietnam, Brazil, and Indonesia only, not global destination-market share.",UN Comtrade,https://comtradeapi.un.org/public/v1/preview/C/A/HS?reporterCode=704&flowCode=X&cmdCode=090111&period=2022&includeDesc=true,2026-05-30T19:13:38.772Z
A,2022-01-01,2022,Indonesia,IDN,Romania,ROU,Export,coffee,coffee_raw_core,090111,Coffee; not roasted or decaffeinated,648680,340,1907.882353,14.509252,14.962076,2,2,ok,ok,0.82,"Export unit value is calculated as SUM(value_usd) / SUM(quantity_ton). Use as a directional competitor benchmark only; it is not a transaction price, invoice price, FOB contract price, margin, or profit. Reporter share fields are shares within Vietnam, Brazil, and Indonesia only, not global destination-market share.",UN Comtrade,https://comtradeapi.un.org/public/v1/preview/C/A/HS?reporterCode=360&flowCode=X&cmdCode=090111&period=2022&includeDesc=true,2026-05-30T19:13:38.772Z
A,2022-01-01,2022,Vietnam,VNM,Romania,ROU,Export,coffee,coffee_raw_core,090111,Coffee; not roasted or decaffeinated,3822122.468,1932.412,1977.90247,85.490748,85.037924,1,1,ok,ok,0.82,"Export unit value is calculated as SUM(value_usd) / SUM(quantity_ton). Use as a directional competitor benchmark only; it is not a transaction price, invoice price, FOB contract price, margin, or profit. Reporter share fields are shares within Vietnam, Brazil, and Indonesia only, not global destination-market share.",UN Comtrade,https://comtradeapi.un.org/public/v1/preview/C/A/HS?reporterCode=704&flowCode=X&cmdCode=090111&period=2022&includeDesc=true,2026-05-30T19:13:38.772Z
A,2022-01-01,2022,Indonesia,IDN,Russian Federation,RUS,Export,coffee,coffee_raw_core,090111,Coffee; not roasted or decaffeinated,44167429.44,22694.2,1946.199004,18.367516,19.216104,2,2,ok,ok,0.82,"Export unit value is calculated as SUM(value_usd) / SUM(quantity_ton). Use as a directional competitor benchmark only; it is not a transaction price, invoice price, FOB contract price, margin, or profit. Reporter share fields are shares within Vietnam, Brazil, and Indonesia only, not global destination-market share.",UN Comtrade,https://comtradeapi.un.org/public/v1/preview/C/A/HS?reporterCode=360&flowCode=X&cmdCode=090111&period=2022&includeDesc=true,2026-05-30T19:13:38.772Z
A,2022-01-01,2022,Vietnam,VNM,Russian Federation,RUS,Export,coffee,coffee_raw_core,090111,Coffee; not roasted or decaffeinated,196297466.576,95405.7,2057.502503,81.632484,80.783896,1,1,ok,ok,0.82,"Export unit value is calculated as SUM(value_usd) / SUM(quantity_ton). Use as a directional competitor benchmark only; it is not a transaction price, invoice price, FOB contract price, margin, or profit. Reporter share fields are shares within Vietnam, Brazil, and Indonesia only, not global destination-market share.",UN Comtrade,https://comtradeapi.un.org/public/v1/preview/C/A/HS?reporterCode=704&flowCode=X&cmdCode=090111&period=2022&includeDesc=true,2026-05-30T19:13:38.772Z
A,2022-01-01,2022,Indonesia,IDN,Saudi Arabia,SAU,Export,coffee,coffee_raw_core,090111,Coffee; not roasted or decaffeinated,3816036.96,788.05007,4842.37881,71.284078,56.716689,1,1,ok,ok,0.82,"Export unit value is calculated as SUM(value_usd) / SUM(quantity_ton). Use as a directional competitor benchmark only; it is not a transaction price, invoice price, FOB contract price, margin, or profit. Reporter share fields are shares within Vietnam, Brazil, and Indonesia only, not global destination-market share.",UN Comtrade,https://comtradeapi.un.org/public/v1/preview/C/A/HS?reporterCode=360&flowCode=X&cmdCode=090111&period=2022&includeDesc=true,2026-05-30T19:13:38.772Z
A,2022-01-01,2022,Vietnam,VNM,Saudi Arabia,SAU,Export,coffee,coffee_raw_core,090111,Coffee; not roasted or decaffeinated,1537244,601.4,2556.109079,28.715922,43.283311,2,2,ok,ok,0.82,"Export unit value is calculated as SUM(value_usd) / SUM(quantity_ton). Use as a directional competitor benchmark only; it is not a transaction price, invoice price, FOB contract price, margin, or profit. Reporter share fields are shares within Vietnam, Brazil, and Indonesia only, not global destination-market share.",UN Comtrade,https://comtradeapi.un.org/public/v1/preview/C/A/HS?reporterCode=704&flowCode=X&cmdCode=090111&period=2022&includeDesc=true,2026-05-30T19:13:38.772Z
A,2022-01-01,2022,Vietnam,VNM,Senegal,SEN,Export,coffee,coffee_raw_core,090111,Coffee; not roasted or decaffeinated,43875,19.5,2250,100,100,1,1,ok,low_volume_for_competitor_benchmark,0.55,"Export unit value is calculated as SUM(value_usd) / SUM(quantity_ton). Use as a directional competitor benchmark only; it is not a transaction price, invoice price, FOB contract price, margin, or profit. Reporter share fields are shares within Vietnam, Brazil, and Indonesia only, not global destination-market share. Low-volume destination (< 50 tons); unit value can be unstable.",UN Comtrade,https://comtradeapi.un.org/public/v1/preview/C/A/HS?reporterCode=704&flowCode=X&cmdCode=090111&period=2022&includeDesc=true,2026-05-30T19:13:38.772Z
A,2022-01-01,2022,Indonesia,IDN,Serbia,SRB,Export,coffee,coffee_raw_core,090111,Coffee; not roasted or decaffeinated,91488.17,39,2345.850513,100,100,1,1,ok,low_volume_for_competitor_benchmark,0.55,"Export unit value is calculated as SUM(value_usd) / SUM(quantity_ton). Use as a directional competitor benchmark only; it is not a transaction price, invoice price, FOB contract price, margin, or profit. Reporter share fields are shares within Vietnam, Brazil, and Indonesia only, not global destination-market share. Low-volume destination (< 50 tons); unit value can be unstable.",UN Comtrade,https://comtradeapi.un.org/public/v1/preview/C/A/HS?reporterCode=360&flowCode=X&cmdCode=090111&period=2022&includeDesc=true,2026-05-30T19:13:38.772Z
A,2022-01-01,2022,Indonesia,IDN,Singapore,SGP,Export,coffee,coffee_raw_core,090111,Coffee; not roasted or decaffeinated,20744948.169,6571.63805,3156.739311,98.67927,98.324266,1,1,ok,ok,0.82,"Export unit value is calculated as SUM(value_usd) / SUM(quantity_ton). Use as a directional competitor benchmark only; it is not a transaction price, invoice price, FOB contract price, margin, or profit. Reporter share fields are shares within Vietnam, Brazil, and Indonesia only, not global destination-market share.",UN Comtrade,https://comtradeapi.un.org/public/v1/preview/C/A/HS?reporterCode=360&flowCode=X&cmdCode=090111&period=2022&includeDesc=true,2026-05-30T19:13:38.772Z
A,2022-01-01,2022,Vietnam,VNM,Singapore,SGP,Export,coffee,coffee_raw_core,090111,Coffee; not roasted or decaffeinated,277651.709,112,2479.033116,1.32073,1.675734,2,2,ok,ok,0.82,"Export unit value is calculated as SUM(value_usd) / SUM(quantity_ton). Use as a directional competitor benchmark only; it is not a transaction price, invoice price, FOB contract price, margin, or profit. Reporter share fields are shares within Vietnam, Brazil, and Indonesia only, not global destination-market share.",UN Comtrade,https://comtradeapi.un.org/public/v1/preview/C/A/HS?reporterCode=704&flowCode=X&cmdCode=090111&period=2022&includeDesc=true,2026-05-30T19:13:38.772Z
A,2022-01-01,2022,Indonesia,IDN,Slovakia,SVK,Export,coffee,coffee_raw_core,090111,Coffee; not roasted or decaffeinated,15600,2,7800,100,100,1,1,ok,low_volume_for_competitor_benchmark,0.55,"Export unit value is calculated as SUM(value_usd) / SUM(quantity_ton). Use as a directional competitor benchmark only; it is not a transaction price, invoice price, FOB contract price, margin, or profit. Reporter share fields are shares within Vietnam, Brazil, and Indonesia only, not global destination-market share. Low-volume destination (< 50 tons); unit value can be unstable.",UN Comtrade,https://comtradeapi.un.org/public/v1/preview/C/A/HS?reporterCode=360&flowCode=X&cmdCode=090111&period=2022&includeDesc=true,2026-05-30T19:13:38.772Z
A,2022-01-01,2022,Indonesia,IDN,Slovenia,SVN,Export,coffee,coffee_raw_core,090111,Coffee; not roasted or decaffeinated,39150.53,19.2,2039.090104,0.363312,0.379106,2,2,ok,low_volume_for_competitor_benchmark,0.55,"Export unit value is calculated as SUM(value_usd) / SUM(quantity_ton). Use as a directional competitor benchmark only; it is not a transaction price, invoice price, FOB contract price, margin, or profit. Reporter share fields are shares within Vietnam, Brazil, and Indonesia only, not global destination-market share. Low-volume destination (< 50 tons); unit value can be unstable.",UN Comtrade,https://comtradeapi.un.org/public/v1/preview/C/A/HS?reporterCode=360&flowCode=X&cmdCode=090111&period=2022&includeDesc=true,2026-05-30T19:13:38.772Z
A,2022-01-01,2022,Vietnam,VNM,Slovenia,SVN,Export,coffee,coffee_raw_core,090111,Coffee; not roasted or decaffeinated,10736849.946,5045.349,2128.068831,99.636688,99.620894,1,1,ok,ok,0.82,"Export unit value is calculated as SUM(value_usd) / SUM(quantity_ton). Use as a directional competitor benchmark only; it is not a transaction price, invoice price, FOB contract price, margin, or profit. Reporter share fields are shares within Vietnam, Brazil, and Indonesia only, not global destination-market share.",UN Comtrade,https://comtradeapi.un.org/public/v1/preview/C/A/HS?reporterCode=704&flowCode=X&cmdCode=090111&period=2022&includeDesc=true,2026-05-30T19:13:38.772Z
A,2022-01-01,2022,Indonesia,IDN,Somalia,SOM,Export,coffee,coffee_raw_core,090111,Coffee; not roasted or decaffeinated,33516,19.2,1745.625,100,100,1,1,ok,low_volume_for_competitor_benchmark,0.55,"Export unit value is calculated as SUM(value_usd) / SUM(quantity_ton). Use as a directional competitor benchmark only; it is not a transaction price, invoice price, FOB contract price, margin, or profit. Reporter share fields are shares within Vietnam, Brazil, and Indonesia only, not global destination-market share. Low-volume destination (< 50 tons); unit value can be unstable.",UN Comtrade,https://comtradeapi.un.org/public/v1/preview/C/A/HS?reporterCode=360&flowCode=X&cmdCode=090111&period=2022&includeDesc=true,2026-05-30T19:13:38.772Z
A,2022-01-01,2022,Indonesia,IDN,South Africa,ZAF,Export,coffee,coffee_raw_core,090111,Coffee; not roasted or decaffeinated,1240334.4,211.201,5872.767648,11.255341,4.029691,2,1,ok,ok,0.82,"Export unit value is calculated as SUM(value_usd) / SUM(quantity_ton). Use as a directional competitor benchmark only; it is not a transaction price, invoice price, FOB contract price, margin, or profit. Reporter share fields are shares within Vietnam, Brazil, and Indonesia only, not global destination-market share.",UN Comtrade,https://comtradeapi.un.org/public/v1/preview/C/A/HS?reporterCode=360&flowCode=X&cmdCode=090111&period=2022&includeDesc=true,2026-05-30T19:13:38.772Z
A,2022-01-01,2022,Vietnam,VNM,South Africa,ZAF,Export,coffee,coffee_raw_core,090111,Coffee; not roasted or decaffeinated,9779628.956,5029.92,1944.291153,88.744659,95.970309,1,2,ok,ok,0.82,"Export unit value is calculated as SUM(value_usd) / SUM(quantity_ton). Use as a directional competitor benchmark only; it is not a transaction price, invoice price, FOB contract price, margin, or profit. Reporter share fields are shares within Vietnam, Brazil, and Indonesia only, not global destination-market share.",UN Comtrade,https://comtradeapi.un.org/public/v1/preview/C/A/HS?reporterCode=704&flowCode=X&cmdCode=090111&period=2022&includeDesc=true,2026-05-30T19:13:38.772Z
A,2022-01-01,2022,Indonesia,IDN,Spain,ESP,Export,coffee,coffee_raw_core,090111,Coffee; not roasted or decaffeinated,34911156.966,17366,2010.316536,17.816761,17.905232,2,2,ok,ok,0.82,"Export unit value is calculated as SUM(value_usd) / SUM(quantity_ton). Use as a directional competitor benchmark only; it is not a transaction price, invoice price, FOB contract price, margin, or profit. Reporter share fields are shares within Vietnam, Brazil, and Indonesia only, not global destination-market share.",UN Comtrade,https://comtradeapi.un.org/public/v1/preview/C/A/HS?reporterCode=360&flowCode=X&cmdCode=090111&period=2022&includeDesc=true,2026-05-30T19:13:38.772Z
A,2022-01-01,2022,Vietnam,VNM,Spain,ESP,Export,coffee,coffee_raw_core,090111,Coffee; not roasted or decaffeinated,161034432.594,79622.41,2022.476242,82.183239,82.094768,1,1,ok,ok,0.82,"Export unit value is calculated as SUM(value_usd) / SUM(quantity_ton). Use as a directional competitor benchmark only; it is not a transaction price, invoice price, FOB contract price, margin, or profit. Reporter share fields are shares within Vietnam, Brazil, and Indonesia only, not global destination-market share.",UN Comtrade,https://comtradeapi.un.org/public/v1/preview/C/A/HS?reporterCode=704&flowCode=X&cmdCode=090111&period=2022&includeDesc=true,2026-05-30T19:13:38.772Z
A,2022-01-01,2022,Indonesia,IDN,Sri Lanka,LKA,Export,coffee,coffee_raw_core,090111,Coffee; not roasted or decaffeinated,3807,0.45,8460,100,100,1,1,ok,low_volume_for_competitor_benchmark,0.55,"Export unit value is calculated as SUM(value_usd) / SUM(quantity_ton). Use as a directional competitor benchmark only; it is not a transaction price, invoice price, FOB contract price, margin, or profit. Reporter share fields are shares within Vietnam, Brazil, and Indonesia only, not global destination-market share. Low-volume destination (< 50 tons); unit value can be unstable.",UN Comtrade,https://comtradeapi.un.org/public/v1/preview/C/A/HS?reporterCode=360&flowCode=X&cmdCode=090111&period=2022&includeDesc=true,2026-05-30T19:13:38.772Z
A,2022-01-01,2022,Indonesia,IDN,Sweden,SWE,Export,coffee,coffee_raw_core,090111,Coffee; not roasted or decaffeinated,1175466.4,400.8,2932.800399,20.116099,18.116646,2,1,ok,ok,0.82,"Export unit value is calculated as SUM(value_usd) / SUM(quantity_ton). Use as a directional competitor benchmark only; it is not a transaction price, invoice price, FOB contract price, margin, or profit. Reporter share fields are shares within Vietnam, Brazil, and Indonesia only, not global destination-market share.",UN Comtrade,https://comtradeapi.un.org/public/v1/preview/C/A/HS?reporterCode=360&flowCode=X&cmdCode=090111&period=2022&includeDesc=true,2026-05-30T19:13:38.772Z
A,2022-01-01,2022,Vietnam,VNM,Sweden,SWE,Export,coffee,coffee_raw_core,090111,Coffee; not roasted or decaffeinated,4667944.978,1811.53,2576.79695,79.883901,81.883354,1,2,ok,ok,0.82,"Export unit value is calculated as SUM(value_usd) / SUM(quantity_ton). Use as a directional competitor benchmark only; it is not a transaction price, invoice price, FOB contract price, margin, or profit. Reporter share fields are shares within Vietnam, Brazil, and Indonesia only, not global destination-market share.",UN Comtrade,https://comtradeapi.un.org/public/v1/preview/C/A/HS?reporterCode=704&flowCode=X&cmdCode=090111&period=2022&includeDesc=true,2026-05-30T19:13:38.772Z
A,2022-01-01,2022,Indonesia,IDN,Switzerland,CHE,Export,coffee,coffee_raw_core,090111,Coffee; not roasted or decaffeinated,7971.05,0.35155,22674.015076,12.991148,1.745224,2,1,ok,low_volume_for_competitor_benchmark,0.55,"Export unit value is calculated as SUM(value_usd) / SUM(quantity_ton). Use as a directional competitor benchmark only; it is not a transaction price, invoice price, FOB contract price, margin, or profit. Reporter share fields are shares within Vietnam, Brazil, and Indonesia only, not global destination-market share. Low-volume destination (< 50 tons); unit value can be unstable.",UN Comtrade,https://comtradeapi.un.org/public/v1/preview/C/A/HS?reporterCode=360&flowCode=X&cmdCode=090111&period=2022&includeDesc=true,2026-05-30T19:13:38.772Z
A,2022-01-01,2022,Vietnam,VNM,Switzerland,CHE,Export,coffee,coffee_raw_core,090111,Coffee; not roasted or decaffeinated,53386.5,19.792,2697.377728,87.008852,98.254776,1,2,ok,low_volume_for_competitor_benchmark,0.55,"Export unit value is calculated as SUM(value_usd) / SUM(quantity_ton). Use as a directional competitor benchmark only; it is not a transaction price, invoice price, FOB contract price, margin, or profit. Reporter share fields are shares within Vietnam, Brazil, and Indonesia only, not global destination-market share. Low-volume destination (< 50 tons); unit value can be unstable.",UN Comtrade,https://comtradeapi.un.org/public/v1/preview/C/A/HS?reporterCode=704&flowCode=X&cmdCode=090111&period=2022&includeDesc=true,2026-05-30T19:13:38.772Z
A,2022-01-01,2022,Indonesia,IDN,Thailand,THA,Export,coffee,coffee_raw_core,090111,Coffee; not roasted or decaffeinated,748272.467,259.3462,2885.226261,1.199606,0.920298,2,1,ok,ok,0.82,"Export unit value is calculated as SUM(value_usd) / SUM(quantity_ton). Use as a directional competitor benchmark only; it is not a transaction price, invoice price, FOB contract price, margin, or profit. Reporter share fields are shares within Vietnam, Brazil, and Indonesia only, not global destination-market share.",UN Comtrade,https://comtradeapi.un.org/public/v1/preview/C/A/HS?reporterCode=360&flowCode=X&cmdCode=090111&period=2022&includeDesc=true,2026-05-30T19:13:38.772Z
A,2022-01-01,2022,Vietnam,VNM,Thailand,THA,Export,coffee,coffee_raw_core,090111,Coffee; not roasted or decaffeinated,61628251.4,27921.32,2207.211242,98.800394,99.079702,1,2,ok,ok,0.82,"Export unit value is calculated as SUM(value_usd) / SUM(quantity_ton). Use as a directional competitor benchmark only; it is not a transaction price, invoice price, FOB contract price, margin, or profit. Reporter share fields are shares within Vietnam, Brazil, and Indonesia only, not global destination-market share.",UN Comtrade,https://comtradeapi.un.org/public/v1/preview/C/A/HS?reporterCode=704&flowCode=X&cmdCode=090111&period=2022&includeDesc=true,2026-05-30T19:13:38.772Z
A,2022-01-01,2022,Indonesia,IDN,Timor-Leste,TLS,Export,coffee,coffee_raw_core,090111,Coffee; not roasted or decaffeinated,3052.23,0.7016,4350.384835,100,100,1,1,ok,low_volume_for_competitor_benchmark,0.55,"Export unit value is calculated as SUM(value_usd) / SUM(quantity_ton). Use as a directional competitor benchmark only; it is not a transaction price, invoice price, FOB contract price, margin, or profit. Reporter share fields are shares within Vietnam, Brazil, and Indonesia only, not global destination-market share. Low-volume destination (< 50 tons); unit value can be unstable.",UN Comtrade,https://comtradeapi.un.org/public/v1/preview/C/A/HS?reporterCode=360&flowCode=X&cmdCode=090111&period=2022&includeDesc=true,2026-05-30T19:13:38.772Z
A,2022-01-01,2022,Vietnam,VNM,Tunisia,TUN,Export,coffee,coffee_raw_core,090111,Coffee; not roasted or decaffeinated,6965140.05,3659.057,1903.534176,100,100,1,1,ok,ok,0.82,"Export unit value is calculated as SUM(value_usd) / SUM(quantity_ton). Use as a directional competitor benchmark only; it is not a transaction price, invoice price, FOB contract price, margin, or profit. Reporter share fields are shares within Vietnam, Brazil, and Indonesia only, not global destination-market share.",UN Comtrade,https://comtradeapi.un.org/public/v1/preview/C/A/HS?reporterCode=704&flowCode=X&cmdCode=090111&period=2022&includeDesc=true,2026-05-30T19:13:38.772Z
A,2022-01-01,2022,Indonesia,IDN,Türkiye,TUR,Export,coffee,coffee_raw_core,090111,Coffee; not roasted or decaffeinated,1671344.278,794.842,2102.737749,29.94514,32.663281,2,2,ok,ok,0.82,"Export unit value is calculated as SUM(value_usd) / SUM(quantity_ton). Use as a directional competitor benchmark only; it is not a transaction price, invoice price, FOB contract price, margin, or profit. Reporter share fields are shares within Vietnam, Brazil, and Indonesia only, not global destination-market share.",UN Comtrade,https://comtradeapi.un.org/public/v1/preview/C/A/HS?reporterCode=360&flowCode=X&cmdCode=090111&period=2022&includeDesc=true,2026-05-30T19:13:38.772Z
A,2022-01-01,2022,Vietnam,VNM,Türkiye,TUR,Export,coffee,coffee_raw_core,090111,Coffee; not roasted or decaffeinated,3910009.716,1638.6,2386.189257,70.05486,67.336719,1,1,ok,ok,0.82,"Export unit value is calculated as SUM(value_usd) / SUM(quantity_ton). Use as a directional competitor benchmark only; it is not a transaction price, invoice price, FOB contract price, margin, or profit. Reporter share fields are shares within Vietnam, Brazil, and Indonesia only, not global destination-market share.",UN Comtrade,https://comtradeapi.un.org/public/v1/preview/C/A/HS?reporterCode=704&flowCode=X&cmdCode=090111&period=2022&includeDesc=true,2026-05-30T19:13:38.772Z
A,2022-01-01,2022,Indonesia,IDN,Ukraine,UKR,Export,coffee,coffee_raw_core,090111,Coffee; not roasted or decaffeinated,229728.2,54.608,4206.859801,12.067475,6.537023,2,1,ok,ok,0.82,"Export unit value is calculated as SUM(value_usd) / SUM(quantity_ton). Use as a directional competitor benchmark only; it is not a transaction price, invoice price, FOB contract price, margin, or profit. Reporter share fields are shares within Vietnam, Brazil, and Indonesia only, not global destination-market share.",UN Comtrade,https://comtradeapi.un.org/public/v1/preview/C/A/HS?reporterCode=360&flowCode=X&cmdCode=090111&period=2022&includeDesc=true,2026-05-30T19:13:38.772Z
A,2022-01-01,2022,Vietnam,VNM,Ukraine,UKR,Export,coffee,coffee_raw_core,090111,Coffee; not roasted or decaffeinated,1673969.2,780.757,2144.033547,87.932525,93.462977,1,2,ok,ok,0.82,"Export unit value is calculated as SUM(value_usd) / SUM(quantity_ton). Use as a directional competitor benchmark only; it is not a transaction price, invoice price, FOB contract price, margin, or profit. Reporter share fields are shares within Vietnam, Brazil, and Indonesia only, not global destination-market share.",UN Comtrade,https://comtradeapi.un.org/public/v1/preview/C/A/HS?reporterCode=704&flowCode=X&cmdCode=090111&period=2022&includeDesc=true,2026-05-30T19:13:38.772Z
A,2022-01-01,2022,Indonesia,IDN,United Arab Emirates,ARE,Export,coffee,coffee_raw_core,090111,Coffee; not roasted or decaffeinated,9089868.71,3490.60435,2604.095967,46.327929,43.021295,2,1,ok,ok,0.82,"Export unit value is calculated as SUM(value_usd) / SUM(quantity_ton). Use as a directional competitor benchmark only; it is not a transaction price, invoice price, FOB contract price, margin, or profit. Reporter share fields are shares within Vietnam, Brazil, and Indonesia only, not global destination-market share.",UN Comtrade,https://comtradeapi.un.org/public/v1/preview/C/A/HS?reporterCode=360&flowCode=X&cmdCode=090111&period=2022&includeDesc=true,2026-05-30T19:13:38.772Z
A,2022-01-01,2022,Vietnam,VNM,United Arab Emirates,ARE,Export,coffee,coffee_raw_core,090111,Coffee; not roasted or decaffeinated,10530841.52,4623.062,2277.893206,53.672071,56.978705,1,2,ok,ok,0.82,"Export unit value is calculated as SUM(value_usd) / SUM(quantity_ton). Use as a directional competitor benchmark only; it is not a transaction price, invoice price, FOB contract price, margin, or profit. Reporter share fields are shares within Vietnam, Brazil, and Indonesia only, not global destination-market share.",UN Comtrade,https://comtradeapi.un.org/public/v1/preview/C/A/HS?reporterCode=704&flowCode=X&cmdCode=090111&period=2022&includeDesc=true,2026-05-30T19:13:38.772Z
A,2022-01-01,2022,Indonesia,IDN,United Kingdom,GBR,Export,coffee,coffee_raw_core,090111,Coffee; not roasted or decaffeinated,48259680.13,20778.02,2322.631325,37.66218,34.209183,2,1,ok,ok,0.82,"Export unit value is calculated as SUM(value_usd) / SUM(quantity_ton). Use as a directional competitor benchmark only; it is not a transaction price, invoice price, FOB contract price, margin, or profit. Reporter share fields are shares within Vietnam, Brazil, and Indonesia only, not global destination-market share.",UN Comtrade,https://comtradeapi.un.org/public/v1/preview/C/A/HS?reporterCode=360&flowCode=X&cmdCode=090111&period=2022&includeDesc=true,2026-05-30T19:13:38.772Z
A,2022-01-01,2022,Vietnam,VNM,United Kingdom,GBR,Export,coffee,coffee_raw_core,090111,Coffee; not roasted or decaffeinated,79878628.286,39960.115,1998.958919,62.33782,65.790817,1,2,ok,ok,0.82,"Export unit value is calculated as SUM(value_usd) / SUM(quantity_ton). Use as a directional competitor benchmark only; it is not a transaction price, invoice price, FOB contract price, margin, or profit. Reporter share fields are shares within Vietnam, Brazil, and Indonesia only, not global destination-market share.",UN Comtrade,https://comtradeapi.un.org/public/v1/preview/C/A/HS?reporterCode=704&flowCode=X&cmdCode=090111&period=2022&includeDesc=true,2026-05-30T19:13:38.772Z
A,2022-01-01,2022,Indonesia,IDN,USA,USA,Export,coffee,coffee_raw_core,090111,Coffee; not roasted or decaffeinated,268554196.781,55810.15364,4811.923624,51.340325,32.145987,1,1,ok,ok,0.82,"Export unit value is calculated as SUM(value_usd) / SUM(quantity_ton). Use as a directional competitor benchmark only; it is not a transaction price, invoice price, FOB contract price, margin, or profit. Reporter share fields are shares within Vietnam, Brazil, and Indonesia only, not global destination-market share.",UN Comtrade,https://comtradeapi.un.org/public/v1/preview/C/A/HS?reporterCode=360&flowCode=X&cmdCode=090111&period=2022&includeDesc=true,2026-05-30T19:13:38.772Z
A,2022-01-01,2022,Vietnam,VNM,USA,USA,Export,coffee,coffee_raw_core,090111,Coffee; not roasted or decaffeinated,254532081.849,117804.527851,2160.63072,48.659675,67.854013,2,2,ok,ok,0.82,"Export unit value is calculated as SUM(value_usd) / SUM(quantity_ton). Use as a directional competitor benchmark only; it is not a transaction price, invoice price, FOB contract price, margin, or profit. Reporter share fields are shares within Vietnam, Brazil, and Indonesia only, not global destination-market share.",UN Comtrade,https://comtradeapi.un.org/public/v1/preview/C/A/HS?reporterCode=704&flowCode=X&cmdCode=090111&period=2022&includeDesc=true,2026-05-30T19:13:38.772Z
A,2022-01-01,2022,Indonesia,IDN,Vanuatu,VUT,Export,coffee,coffee_raw_core,090111,Coffee; not roasted or decaffeinated,400,0.00215,186046.511628,100,100,1,1,ok,low_volume_for_competitor_benchmark,0.55,"Export unit value is calculated as SUM(value_usd) / SUM(quantity_ton). Use as a directional competitor benchmark only; it is not a transaction price, invoice price, FOB contract price, margin, or profit. Reporter share fields are shares within Vietnam, Brazil, and Indonesia only, not global destination-market share. Low-volume destination (< 50 tons); unit value can be unstable.",UN Comtrade,https://comtradeapi.un.org/public/v1/preview/C/A/HS?reporterCode=360&flowCode=X&cmdCode=090111&period=2022&includeDesc=true,2026-05-30T19:13:38.772Z
A,2022-01-01,2022,Vietnam,VNM,Venezuela,VEN,Export,coffee,coffee_raw_core,090111,Coffee; not roasted or decaffeinated,755821.6,342.4,2207.422897,100,100,1,1,ok,ok,0.82,"Export unit value is calculated as SUM(value_usd) / SUM(quantity_ton). Use as a directional competitor benchmark only; it is not a transaction price, invoice price, FOB contract price, margin, or profit. Reporter share fields are shares within Vietnam, Brazil, and Indonesia only, not global destination-market share.",UN Comtrade,https://comtradeapi.un.org/public/v1/preview/C/A/HS?reporterCode=704&flowCode=X&cmdCode=090111&period=2022&includeDesc=true,2026-05-30T19:13:38.772Z
A,2022-01-01,2022,Indonesia,IDN,Viet Nam,VNM,Export,coffee,coffee_raw_core,090111,Coffee; not roasted or decaffeinated,17096094.64,9674.27,1767.171543,100,100,1,1,ok,ok,0.82,"Export unit value is calculated as SUM(value_usd) / SUM(quantity_ton). Use as a directional competitor benchmark only; it is not a transaction price, invoice price, FOB contract price, margin, or profit. Reporter share fields are shares within Vietnam, Brazil, and Indonesia only, not global destination-market share.",UN Comtrade,https://comtradeapi.un.org/public/v1/preview/C/A/HS?reporterCode=360&flowCode=X&cmdCode=090111&period=2022&includeDesc=true,2026-05-30T19:13:38.772Z
A,2023-01-01,2023,Indonesia,IDN,Algeria,DZA,Export,coffee,coffee_raw_core,090111,Coffee; not roasted or decaffeinated,13446607.8,5291.36,2541.23851,7.744932,9.00607,2,2,ok,ok,0.82,"Export unit value is calculated as SUM(value_usd) / SUM(quantity_ton). Use as a directional competitor benchmark only; it is not a transaction price, invoice price, FOB contract price, margin, or profit. Reporter share fields are shares within Vietnam, Brazil, and Indonesia only, not global destination-market share.",UN Comtrade,https://comtradeapi.un.org/public/v1/preview/C/A/HS?reporterCode=360&flowCode=X&cmdCode=090111&period=2023&includeDesc=true,2026-05-30T19:13:38.772Z
A,2023-01-01,2023,Vietnam,VNM,Algeria,DZA,Export,coffee,coffee_raw_core,090111,Coffee; not roasted or decaffeinated,160171544.473,53461.904998,2995.99396,92.255068,90.99393,1,1,ok,ok,0.82,"Export unit value is calculated as SUM(value_usd) / SUM(quantity_ton). Use as a directional competitor benchmark only; it is not a transaction price, invoice price, FOB contract price, margin, or profit. Reporter share fields are shares within Vietnam, Brazil, and Indonesia only, not global destination-market share.",UN Comtrade,https://comtradeapi.un.org/public/v1/preview/C/A/HS?reporterCode=704&flowCode=X&cmdCode=090111&period=2023&includeDesc=true,2026-05-30T19:13:38.772Z
A,2023-01-01,2023,Vietnam,VNM,Argentina,ARG,Export,coffee,coffee_raw_core,090111,Coffee; not roasted or decaffeinated,1157801.74,399.513915,2898.026068,100,100,1,1,ok,ok,0.82,"Export unit value is calculated as SUM(value_usd) / SUM(quantity_ton). Use as a directional competitor benchmark only; it is not a transaction price, invoice price, FOB contract price, margin, or profit. Reporter share fields are shares within Vietnam, Brazil, and Indonesia only, not global destination-market share.",UN Comtrade,https://comtradeapi.un.org/public/v1/preview/C/A/HS?reporterCode=704&flowCode=X&cmdCode=090111&period=2023&includeDesc=true,2026-05-30T19:13:38.772Z
A,2023-01-01,2023,Indonesia,IDN,Armenia,ARM,Export,coffee,coffee_raw_core,090111,Coffee; not roasted or decaffeinated,6136318.22,2102.405,2918.713673,100,100,1,1,ok,ok,0.82,"Export unit value is calculated as SUM(value_usd) / SUM(quantity_ton). Use as a directional competitor benchmark only; it is not a transaction price, invoice price, FOB contract price, margin, or profit. Reporter share fields are shares within Vietnam, Brazil, and Indonesia only, not global destination-market share.",UN Comtrade,https://comtradeapi.un.org/public/v1/preview/C/A/HS?reporterCode=360&flowCode=X&cmdCode=090111&period=2023&includeDesc=true,2026-05-30T19:13:38.772Z
A,2023-01-01,2023,Indonesia,IDN,Australia,AUS,Export,coffee,coffee_raw_core,090111,Coffee; not roasted or decaffeinated,7782483.314,1804.73427,4312.259951,21.741887,17.154186,2,1,ok,ok,0.82,"Export unit value is calculated as SUM(value_usd) / SUM(quantity_ton). Use as a directional competitor benchmark only; it is not a transaction price, invoice price, FOB contract price, margin, or profit. Reporter share fields are shares within Vietnam, Brazil, and Indonesia only, not global destination-market share.",UN Comtrade,https://comtradeapi.un.org/public/v1/preview/C/A/HS?reporterCode=360&flowCode=X&cmdCode=090111&period=2023&includeDesc=true,2026-05-30T19:13:38.772Z
A,2023-01-01,2023,Vietnam,VNM,Australia,AUS,Export,coffee,coffee_raw_core,090111,Coffee; not roasted or decaffeinated,28012401.338,8715.929617,3213.931568,78.258113,82.845814,1,2,ok,ok,0.82,"Export unit value is calculated as SUM(value_usd) / SUM(quantity_ton). Use as a directional competitor benchmark only; it is not a transaction price, invoice price, FOB contract price, margin, or profit. Reporter share fields are shares within Vietnam, Brazil, and Indonesia only, not global destination-market share.",UN Comtrade,https://comtradeapi.un.org/public/v1/preview/C/A/HS?reporterCode=704&flowCode=X&cmdCode=090111&period=2023&includeDesc=true,2026-05-30T19:13:38.772Z
A,2023-01-01,2023,Vietnam,VNM,Bangladesh,BGD,Export,coffee,coffee_raw_core,090111,Coffee; not roasted or decaffeinated,56995,15.935924,3576.510531,100,100,1,1,ok,low_volume_for_competitor_benchmark,0.55,"Export unit value is calculated as SUM(value_usd) / SUM(quantity_ton). Use as a directional competitor benchmark only; it is not a transaction price, invoice price, FOB contract price, margin, or profit. Reporter share fields are shares within Vietnam, Brazil, and Indonesia only, not global destination-market share. Low-volume destination (< 50 tons); unit value can be unstable.",UN Comtrade,https://comtradeapi.un.org/public/v1/preview/C/A/HS?reporterCode=704&flowCode=X&cmdCode=090111&period=2023&includeDesc=true,2026-05-30T19:13:38.772Z
A,2023-01-01,2023,Indonesia,IDN,Belgium,BEL,Export,coffee,coffee_raw_core,090111,Coffee; not roasted or decaffeinated,19532241.92,3430.88,5693.070559,12.342674,6.500092,2,1,ok,ok,0.82,"Export unit value is calculated as SUM(value_usd) / SUM(quantity_ton). Use as a directional competitor benchmark only; it is not a transaction price, invoice price, FOB contract price, margin, or profit. Reporter share fields are shares within Vietnam, Brazil, and Indonesia only, not global destination-market share.",UN Comtrade,https://comtradeapi.un.org/public/v1/preview/C/A/HS?reporterCode=360&flowCode=X&cmdCode=090111&period=2023&includeDesc=true,2026-05-30T19:13:38.772Z
A,2023-01-01,2023,Vietnam,VNM,Belgium,BEL,Export,coffee,coffee_raw_core,090111,Coffee; not roasted or decaffeinated,138717432.068,49351.138529,2810.825367,87.657326,93.499908,1,2,ok,ok,0.82,"Export unit value is calculated as SUM(value_usd) / SUM(quantity_ton). Use as a directional competitor benchmark only; it is not a transaction price, invoice price, FOB contract price, margin, or profit. Reporter share fields are shares within Vietnam, Brazil, and Indonesia only, not global destination-market share.",UN Comtrade,https://comtradeapi.un.org/public/v1/preview/C/A/HS?reporterCode=704&flowCode=X&cmdCode=090111&period=2023&includeDesc=true,2026-05-30T19:13:38.772Z
A,2023-01-01,2023,Vietnam,VNM,Brazil,BRA,Export,coffee,coffee_raw_core,090111,Coffee; not roasted or decaffeinated,806053,365.133567,2207.556557,100,100,1,1,ok,ok,0.82,"Export unit value is calculated as SUM(value_usd) / SUM(quantity_ton). Use as a directional competitor benchmark only; it is not a transaction price, invoice price, FOB contract price, margin, or profit. Reporter share fields are shares within Vietnam, Brazil, and Indonesia only, not global destination-market share.",UN Comtrade,https://comtradeapi.un.org/public/v1/preview/C/A/HS?reporterCode=704&flowCode=X&cmdCode=090111&period=2023&includeDesc=true,2026-05-30T19:13:38.772Z
A,2023-01-01,2023,Indonesia,IDN,Brunei Darussalam,BRN,Export,coffee,coffee_raw_core,090111,Coffee; not roasted or decaffeinated,19676.8,2.6688,7372.901679,100,100,1,1,ok,low_volume_for_competitor_benchmark,0.55,"Export unit value is calculated as SUM(value_usd) / SUM(quantity_ton). Use as a directional competitor benchmark only; it is not a transaction price, invoice price, FOB contract price, margin, or profit. Reporter share fields are shares within Vietnam, Brazil, and Indonesia only, not global destination-market share. Low-volume destination (< 50 tons); unit value can be unstable.",UN Comtrade,https://comtradeapi.un.org/public/v1/preview/C/A/HS?reporterCode=360&flowCode=X&cmdCode=090111&period=2023&includeDesc=true,2026-05-30T19:13:38.772Z
A,2023-01-01,2023,Indonesia,IDN,Bulgaria,BGR,Export,coffee,coffee_raw_core,090111,Coffee; not roasted or decaffeinated,1210533.46,470.73468,2571.583339,43.822424,48.814205,2,2,ok,ok,0.82,"Export unit value is calculated as SUM(value_usd) / SUM(quantity_ton). Use as a directional competitor benchmark only; it is not a transaction price, invoice price, FOB contract price, margin, or profit. Reporter share fields are shares within Vietnam, Brazil, and Indonesia only, not global destination-market share.",UN Comtrade,https://comtradeapi.un.org/public/v1/preview/C/A/HS?reporterCode=360&flowCode=X&cmdCode=090111&period=2023&includeDesc=true,2026-05-30T19:13:38.772Z
A,2023-01-01,2023,Vietnam,VNM,Bulgaria,BGR,Export,coffee,coffee_raw_core,090111,Coffee; not roasted or decaffeinated,1551827.33,493.604854,3143.865619,56.177576,51.185795,1,1,ok,ok,0.82,"Export unit value is calculated as SUM(value_usd) / SUM(quantity_ton). Use as a directional competitor benchmark only; it is not a transaction price, invoice price, FOB contract price, margin, or profit. Reporter share fields are shares within Vietnam, Brazil, and Indonesia only, not global destination-market share.",UN Comtrade,https://comtradeapi.un.org/public/v1/preview/C/A/HS?reporterCode=704&flowCode=X&cmdCode=090111&period=2023&includeDesc=true,2026-05-30T19:13:38.772Z
A,2023-01-01,2023,Indonesia,IDN,Cabo Verde,CPV,Export,coffee,coffee_raw_core,090111,Coffee; not roasted or decaffeinated,92236.8,38.4,2402,100,100,1,1,ok,low_volume_for_competitor_benchmark,0.55,"Export unit value is calculated as SUM(value_usd) / SUM(quantity_ton). Use as a directional competitor benchmark only; it is not a transaction price, invoice price, FOB contract price, margin, or profit. Reporter share fields are shares within Vietnam, Brazil, and Indonesia only, not global destination-market share. Low-volume destination (< 50 tons); unit value can be unstable.",UN Comtrade,https://comtradeapi.un.org/public/v1/preview/C/A/HS?reporterCode=360&flowCode=X&cmdCode=090111&period=2023&includeDesc=true,2026-05-30T19:13:38.772Z
A,2023-01-01,2023,Indonesia,IDN,Cambodia,KHM,Export,coffee,coffee_raw_core,090111,Coffee; not roasted or decaffeinated,131791.3,15.61026,8442.607618,13.437405,6.366976,2,1,ok,low_volume_for_competitor_benchmark,0.55,"Export unit value is calculated as SUM(value_usd) / SUM(quantity_ton). Use as a directional competitor benchmark only; it is not a transaction price, invoice price, FOB contract price, margin, or profit. Reporter share fields are shares within Vietnam, Brazil, and Indonesia only, not global destination-market share. Low-volume destination (< 50 tons); unit value can be unstable.",UN Comtrade,https://comtradeapi.un.org/public/v1/preview/C/A/HS?reporterCode=360&flowCode=X&cmdCode=090111&period=2023&includeDesc=true,2026-05-30T19:13:38.772Z
A,2023-01-01,2023,Vietnam,VNM,Cambodia,KHM,Export,coffee,coffee_raw_core,090111,Coffee; not roasted or decaffeinated,848988.084,229.565173,3698.244263,86.562595,93.633024,1,2,ok,ok,0.82,"Export unit value is calculated as SUM(value_usd) / SUM(quantity_ton). Use as a directional competitor benchmark only; it is not a transaction price, invoice price, FOB contract price, margin, or profit. Reporter share fields are shares within Vietnam, Brazil, and Indonesia only, not global destination-market share.",UN Comtrade,https://comtradeapi.un.org/public/v1/preview/C/A/HS?reporterCode=704&flowCode=X&cmdCode=090111&period=2023&includeDesc=true,2026-05-30T19:13:38.772Z
A,2023-01-01,2023,Indonesia,IDN,Canada,CAN,Export,coffee,coffee_raw_core,090111,Coffee; not roasted or decaffeinated,19423459.664,2820.30173,6887.014768,52.62821,31.551611,1,1,ok,ok,0.82,"Export unit value is calculated as SUM(value_usd) / SUM(quantity_ton). Use as a directional competitor benchmark only; it is not a transaction price, invoice price, FOB contract price, margin, or profit. Reporter share fields are shares within Vietnam, Brazil, and Indonesia only, not global destination-market share.",UN Comtrade,https://comtradeapi.un.org/public/v1/preview/C/A/HS?reporterCode=360&flowCode=X&cmdCode=090111&period=2023&includeDesc=true,2026-05-30T19:13:38.772Z
A,2023-01-01,2023,Vietnam,VNM,Canada,CAN,Export,coffee,coffee_raw_core,090111,Coffee; not roasted or decaffeinated,17483475.965,6118.391607,2857.528103,47.37179,68.448389,2,2,ok,ok,0.82,"Export unit value is calculated as SUM(value_usd) / SUM(quantity_ton). Use as a directional competitor benchmark only; it is not a transaction price, invoice price, FOB contract price, margin, or profit. Reporter share fields are shares within Vietnam, Brazil, and Indonesia only, not global destination-market share.",UN Comtrade,https://comtradeapi.un.org/public/v1/preview/C/A/HS?reporterCode=704&flowCode=X&cmdCode=090111&period=2023&includeDesc=true,2026-05-30T19:13:38.772Z
A,2023-01-01,2023,Vietnam,VNM,Chile,CHL,Export,coffee,coffee_raw_core,090111,Coffee; not roasted or decaffeinated,1617007.269,730.899292,2212.353038,100,100,1,1,ok,ok,0.82,"Export unit value is calculated as SUM(value_usd) / SUM(quantity_ton). Use as a directional competitor benchmark only; it is not a transaction price, invoice price, FOB contract price, margin, or profit. Reporter share fields are shares within Vietnam, Brazil, and Indonesia only, not global destination-market share.",UN Comtrade,https://comtradeapi.un.org/public/v1/preview/C/A/HS?reporterCode=704&flowCode=X&cmdCode=090111&period=2023&includeDesc=true,2026-05-30T19:13:38.772Z
A,2023-01-01,2023,Indonesia,IDN,China,CHN,Export,coffee,coffee_raw_core,090111,Coffee; not roasted or decaffeinated,32488242.895,9258.6147,3508.974501,39.964683,35.972389,2,1,ok,ok,0.82,"Export unit value is calculated as SUM(value_usd) / SUM(quantity_ton). Use as a directional competitor benchmark only; it is not a transaction price, invoice price, FOB contract price, margin, or profit. Reporter share fields are shares within Vietnam, Brazil, and Indonesia only, not global destination-market share.",UN Comtrade,https://comtradeapi.un.org/public/v1/preview/C/A/HS?reporterCode=360&flowCode=X&cmdCode=090111&period=2023&includeDesc=true,2026-05-30T19:13:38.772Z
A,2023-01-01,2023,Vietnam,VNM,China,CHN,Export,coffee,coffee_raw_core,090111,Coffee; not roasted or decaffeinated,48804138.879,16479.499941,2961.506056,60.035317,64.027611,1,2,ok,ok,0.82,"Export unit value is calculated as SUM(value_usd) / SUM(quantity_ton). Use as a directional competitor benchmark only; it is not a transaction price, invoice price, FOB contract price, margin, or profit. Reporter share fields are shares within Vietnam, Brazil, and Indonesia only, not global destination-market share.",UN Comtrade,https://comtradeapi.un.org/public/v1/preview/C/A/HS?reporterCode=704&flowCode=X&cmdCode=090111&period=2023&includeDesc=true,2026-05-30T19:13:38.772Z
A,2023-01-01,2023,Indonesia,IDN,"China, Hong Kong SAR",HKG,Export,coffee,coffee_raw_core,090111,Coffee; not roasted or decaffeinated,2035943.776,650.47562,3129.930951,60.833363,59.069622,1,1,ok,ok,0.82,"Export unit value is calculated as SUM(value_usd) / SUM(quantity_ton). Use as a directional competitor benchmark only; it is not a transaction price, invoice price, FOB contract price, margin, or profit. Reporter share fields are shares within Vietnam, Brazil, and Indonesia only, not global destination-market share.",UN Comtrade,https://comtradeapi.un.org/public/v1/preview/C/A/HS?reporterCode=360&flowCode=X&cmdCode=090111&period=2023&includeDesc=true,2026-05-30T19:13:38.772Z
A,2023-01-01,2023,Vietnam,VNM,"China, Hong Kong SAR",HKG,Export,coffee,coffee_raw_core,090111,Coffee; not roasted or decaffeinated,1310811.468,450.725981,2908.222564,39.166637,40.930378,2,2,ok,ok,0.82,"Export unit value is calculated as SUM(value_usd) / SUM(quantity_ton). Use as a directional competitor benchmark only; it is not a transaction price, invoice price, FOB contract price, margin, or profit. Reporter share fields are shares within Vietnam, Brazil, and Indonesia only, not global destination-market share.",UN Comtrade,https://comtradeapi.un.org/public/v1/preview/C/A/HS?reporterCode=704&flowCode=X&cmdCode=090111&period=2023&includeDesc=true,2026-05-30T19:13:38.772Z
A,2023-01-01,2023,Indonesia,IDN,"China, Macao SAR",MAC,Export,coffee,coffee_raw_core,090111,Coffee; not roasted or decaffeinated,469424.4,159.6,2941.255639,100,100,1,1,ok,ok,0.82,"Export unit value is calculated as SUM(value_usd) / SUM(quantity_ton). Use as a directional competitor benchmark only; it is not a transaction price, invoice price, FOB contract price, margin, or profit. Reporter share fields are shares within Vietnam, Brazil, and Indonesia only, not global destination-market share.",UN Comtrade,https://comtradeapi.un.org/public/v1/preview/C/A/HS?reporterCode=360&flowCode=X&cmdCode=090111&period=2023&includeDesc=true,2026-05-30T19:13:38.772Z
A,2023-01-01,2023,Vietnam,VNM,Colombia,COL,Export,coffee,coffee_raw_core,090111,Coffee; not roasted or decaffeinated,9752677.91,3786.642973,2575.547254,100,100,1,1,ok,ok,0.82,"Export unit value is calculated as SUM(value_usd) / SUM(quantity_ton). Use as a directional competitor benchmark only; it is not a transaction price, invoice price, FOB contract price, margin, or profit. Reporter share fields are shares within Vietnam, Brazil, and Indonesia only, not global destination-market share.",UN Comtrade,https://comtradeapi.un.org/public/v1/preview/C/A/HS?reporterCode=704&flowCode=X&cmdCode=090111&period=2023&includeDesc=true,2026-05-30T19:13:38.772Z
A,2023-01-01,2023,Indonesia,IDN,Congo,COG,Export,coffee,coffee_raw_core,090111,Coffee; not roasted or decaffeinated,41746.7,2.50869,16640.836452,100,100,1,1,ok,low_volume_for_competitor_benchmark,0.55,"Export unit value is calculated as SUM(value_usd) / SUM(quantity_ton). Use as a directional competitor benchmark only; it is not a transaction price, invoice price, FOB contract price, margin, or profit. Reporter share fields are shares within Vietnam, Brazil, and Indonesia only, not global destination-market share. Low-volume destination (< 50 tons); unit value can be unstable.",UN Comtrade,https://comtradeapi.un.org/public/v1/preview/C/A/HS?reporterCode=360&flowCode=X&cmdCode=090111&period=2023&includeDesc=true,2026-05-30T19:13:38.772Z
A,2023-01-01,2023,Vietnam,VNM,Costa Rica,CRI,Export,coffee,coffee_raw_core,090111,Coffee; not roasted or decaffeinated,98760,40,2469,100,100,1,1,ok,low_volume_for_competitor_benchmark,0.55,"Export unit value is calculated as SUM(value_usd) / SUM(quantity_ton). Use as a directional competitor benchmark only; it is not a transaction price, invoice price, FOB contract price, margin, or profit. Reporter share fields are shares within Vietnam, Brazil, and Indonesia only, not global destination-market share. Low-volume destination (< 50 tons); unit value can be unstable.",UN Comtrade,https://comtradeapi.un.org/public/v1/preview/C/A/HS?reporterCode=704&flowCode=X&cmdCode=090111&period=2023&includeDesc=true,2026-05-30T19:13:38.772Z
A,2023-01-01,2023,Vietnam,VNM,Croatia,HRV,Export,coffee,coffee_raw_core,090111,Coffee; not roasted or decaffeinated,3777523.036,1340.59084,2817.8046,100,100,1,1,ok,ok,0.82,"Export unit value is calculated as SUM(value_usd) / SUM(quantity_ton). Use as a directional competitor benchmark only; it is not a transaction price, invoice price, FOB contract price, margin, or profit. Reporter share fields are shares within Vietnam, Brazil, and Indonesia only, not global destination-market share.",UN Comtrade,https://comtradeapi.un.org/public/v1/preview/C/A/HS?reporterCode=704&flowCode=X&cmdCode=090111&period=2023&includeDesc=true,2026-05-30T19:13:38.772Z
A,2023-01-01,2023,Vietnam,VNM,Cyprus,CYP,Export,coffee,coffee_raw_core,090111,Coffee; not roasted or decaffeinated,28987.044,19.146,1514,100,100,1,1,ok,low_volume_for_competitor_benchmark,0.55,"Export unit value is calculated as SUM(value_usd) / SUM(quantity_ton). Use as a directional competitor benchmark only; it is not a transaction price, invoice price, FOB contract price, margin, or profit. Reporter share fields are shares within Vietnam, Brazil, and Indonesia only, not global destination-market share. Low-volume destination (< 50 tons); unit value can be unstable.",UN Comtrade,https://comtradeapi.un.org/public/v1/preview/C/A/HS?reporterCode=704&flowCode=X&cmdCode=090111&period=2023&includeDesc=true,2026-05-30T19:13:38.772Z
A,2023-01-01,2023,Indonesia,IDN,Czechia,CZE,Export,coffee,coffee_raw_core,090111,Coffee; not roasted or decaffeinated,91182.76,6.44472,14148.443998,3.93126,0.858003,2,1,ok,low_volume_for_competitor_benchmark,0.55,"Export unit value is calculated as SUM(value_usd) / SUM(quantity_ton). Use as a directional competitor benchmark only; it is not a transaction price, invoice price, FOB contract price, margin, or profit. Reporter share fields are shares within Vietnam, Brazil, and Indonesia only, not global destination-market share. Low-volume destination (< 50 tons); unit value can be unstable.",UN Comtrade,https://comtradeapi.un.org/public/v1/preview/C/A/HS?reporterCode=360&flowCode=X&cmdCode=090111&period=2023&includeDesc=true,2026-05-30T19:13:38.772Z
A,2023-01-01,2023,Vietnam,VNM,Czechia,CZE,Export,coffee,coffee_raw_core,090111,Coffee; not roasted or decaffeinated,2228245.76,744.685896,2992.195464,96.06874,99.141997,1,2,ok,ok,0.82,"Export unit value is calculated as SUM(value_usd) / SUM(quantity_ton). Use as a directional competitor benchmark only; it is not a transaction price, invoice price, FOB contract price, margin, or profit. Reporter share fields are shares within Vietnam, Brazil, and Indonesia only, not global destination-market share.",UN Comtrade,https://comtradeapi.un.org/public/v1/preview/C/A/HS?reporterCode=704&flowCode=X&cmdCode=090111&period=2023&includeDesc=true,2026-05-30T19:13:38.772Z
A,2023-01-01,2023,Indonesia,IDN,Denmark,DNK,Export,coffee,coffee_raw_core,090111,Coffee; not roasted or decaffeinated,554398.289,70.991,7809.416532,11.969556,4.512004,2,1,ok,ok,0.82,"Export unit value is calculated as SUM(value_usd) / SUM(quantity_ton). Use as a directional competitor benchmark only; it is not a transaction price, invoice price, FOB contract price, margin, or profit. Reporter share fields are shares within Vietnam, Brazil, and Indonesia only, not global destination-market share.",UN Comtrade,https://comtradeapi.un.org/public/v1/preview/C/A/HS?reporterCode=360&flowCode=X&cmdCode=090111&period=2023&includeDesc=true,2026-05-30T19:13:38.772Z
A,2023-01-01,2023,Vietnam,VNM,Denmark,DNK,Export,coffee,coffee_raw_core,090111,Coffee; not roasted or decaffeinated,4077338.148,1502.38982,2713.901608,88.030444,95.487996,1,2,ok,ok,0.82,"Export unit value is calculated as SUM(value_usd) / SUM(quantity_ton). Use as a directional competitor benchmark only; it is not a transaction price, invoice price, FOB contract price, margin, or profit. Reporter share fields are shares within Vietnam, Brazil, and Indonesia only, not global destination-market share.",UN Comtrade,https://comtradeapi.un.org/public/v1/preview/C/A/HS?reporterCode=704&flowCode=X&cmdCode=090111&period=2023&includeDesc=true,2026-05-30T19:13:38.772Z
A,2023-01-01,2023,Vietnam,VNM,Dominican Rep.,DOM,Export,coffee,coffee_raw_core,090111,Coffee; not roasted or decaffeinated,8845874.23,3680.491599,2403.449102,100,100,1,1,ok,ok,0.82,"Export unit value is calculated as SUM(value_usd) / SUM(quantity_ton). Use as a directional competitor benchmark only; it is not a transaction price, invoice price, FOB contract price, margin, or profit. Reporter share fields are shares within Vietnam, Brazil, and Indonesia only, not global destination-market share.",UN Comtrade,https://comtradeapi.un.org/public/v1/preview/C/A/HS?reporterCode=704&flowCode=X&cmdCode=090111&period=2023&includeDesc=true,2026-05-30T19:13:38.772Z
A,2023-01-01,2023,Vietnam,VNM,Ecuador,ECU,Export,coffee,coffee_raw_core,090111,Coffee; not roasted or decaffeinated,26454549.153,11790.767957,2243.666337,100,100,1,1,ok,ok,0.82,"Export unit value is calculated as SUM(value_usd) / SUM(quantity_ton). Use as a directional competitor benchmark only; it is not a transaction price, invoice price, FOB contract price, margin, or profit. Reporter share fields are shares within Vietnam, Brazil, and Indonesia only, not global destination-market share.",UN Comtrade,https://comtradeapi.un.org/public/v1/preview/C/A/HS?reporterCode=704&flowCode=X&cmdCode=090111&period=2023&includeDesc=true,2026-05-30T19:13:38.772Z
A,2023-01-01,2023,Indonesia,IDN,Egypt,EGY,Export,coffee,coffee_raw_core,090111,Coffee; not roasted or decaffeinated,84530587.029,32047.8316,2637.638268,64.863675,66.692925,1,2,ok,ok,0.82,"Export unit value is calculated as SUM(value_usd) / SUM(quantity_ton). Use as a directional competitor benchmark only; it is not a transaction price, invoice price, FOB contract price, margin, or profit. Reporter share fields are shares within Vietnam, Brazil, and Indonesia only, not global destination-market share.",UN Comtrade,https://comtradeapi.un.org/public/v1/preview/C/A/HS?reporterCode=360&flowCode=X&cmdCode=090111&period=2023&includeDesc=true,2026-05-30T19:13:38.772Z
A,2023-01-01,2023,Vietnam,VNM,Egypt,EGY,Export,coffee,coffee_raw_core,090111,Coffee; not roasted or decaffeinated,45789791.192,16004.989251,2860.969818,35.136325,33.307075,2,1,ok,ok,0.82,"Export unit value is calculated as SUM(value_usd) / SUM(quantity_ton). Use as a directional competitor benchmark only; it is not a transaction price, invoice price, FOB contract price, margin, or profit. Reporter share fields are shares within Vietnam, Brazil, and Indonesia only, not global destination-market share.",UN Comtrade,https://comtradeapi.un.org/public/v1/preview/C/A/HS?reporterCode=704&flowCode=X&cmdCode=090111&period=2023&includeDesc=true,2026-05-30T19:13:38.772Z
A,2023-01-01,2023,Indonesia,IDN,Estonia,EST,Export,coffee,coffee_raw_core,090111,Coffee; not roasted or decaffeinated,109613.76,37.84,2896.769556,9.780279,10.297921,2,2,ok,low_volume_for_competitor_benchmark,0.55,"Export unit value is calculated as SUM(value_usd) / SUM(quantity_ton). Use as a directional competitor benchmark only; it is not a transaction price, invoice price, FOB contract price, margin, or profit. Reporter share fields are shares within Vietnam, Brazil, and Indonesia only, not global destination-market share. Low-volume destination (< 50 tons); unit value can be unstable.",UN Comtrade,https://comtradeapi.un.org/public/v1/preview/C/A/HS?reporterCode=360&flowCode=X&cmdCode=090111&period=2023&includeDesc=true,2026-05-30T19:13:38.772Z
A,2023-01-01,2023,Vietnam,VNM,Estonia,EST,Export,coffee,coffee_raw_core,090111,Coffee; not roasted or decaffeinated,1011149.37,329.612806,3067.688365,90.219721,89.702079,1,1,ok,ok,0.82,"Export unit value is calculated as SUM(value_usd) / SUM(quantity_ton). Use as a directional competitor benchmark only; it is not a transaction price, invoice price, FOB contract price, margin, or profit. Reporter share fields are shares within Vietnam, Brazil, and Indonesia only, not global destination-market share.",UN Comtrade,https://comtradeapi.un.org/public/v1/preview/C/A/HS?reporterCode=704&flowCode=X&cmdCode=090111&period=2023&includeDesc=true,2026-05-30T19:13:38.772Z
A,2023-01-01,2023,Vietnam,VNM,Finland,FIN,Export,coffee,coffee_raw_core,090111,Coffee; not roasted or decaffeinated,815888.244,299.703318,2722.319691,100,100,1,1,ok,ok,0.82,"Export unit value is calculated as SUM(value_usd) / SUM(quantity_ton). Use as a directional competitor benchmark only; it is not a transaction price, invoice price, FOB contract price, margin, or profit. Reporter share fields are shares within Vietnam, Brazil, and Indonesia only, not global destination-market share.",UN Comtrade,https://comtradeapi.un.org/public/v1/preview/C/A/HS?reporterCode=704&flowCode=X&cmdCode=090111&period=2023&includeDesc=true,2026-05-30T19:13:38.772Z
A,2023-01-01,2023,Indonesia,IDN,France,FRA,Export,coffee,coffee_raw_core,090111,Coffee; not roasted or decaffeinated,2485308.66,644.5978,3855.595939,5.007183,3.765167,2,1,ok,ok,0.82,"Export unit value is calculated as SUM(value_usd) / SUM(quantity_ton). Use as a directional competitor benchmark only; it is not a transaction price, invoice price, FOB contract price, margin, or profit. Reporter share fields are shares within Vietnam, Brazil, and Indonesia only, not global destination-market share.",UN Comtrade,https://comtradeapi.un.org/public/v1/preview/C/A/HS?reporterCode=360&flowCode=X&cmdCode=090111&period=2023&includeDesc=true,2026-05-30T19:13:38.772Z
A,2023-01-01,2023,Vietnam,VNM,France,FRA,Export,coffee,coffee_raw_core,090111,Coffee; not roasted or decaffeinated,47149558.302,16475.43533,2861.809558,94.992817,96.234833,1,2,ok,ok,0.82,"Export unit value is calculated as SUM(value_usd) / SUM(quantity_ton). Use as a directional competitor benchmark only; it is not a transaction price, invoice price, FOB contract price, margin, or profit. Reporter share fields are shares within Vietnam, Brazil, and Indonesia only, not global destination-market share.",UN Comtrade,https://comtradeapi.un.org/public/v1/preview/C/A/HS?reporterCode=704&flowCode=X&cmdCode=090111&period=2023&includeDesc=true,2026-05-30T19:13:38.772Z
A,2023-01-01,2023,Indonesia,IDN,French Polynesia,PYF,Export,coffee,coffee_raw_core,090111,Coffee; not roasted or decaffeinated,10,0.02,500,100,100,1,1,ok,low_volume_for_competitor_benchmark,0.55,"Export unit value is calculated as SUM(value_usd) / SUM(quantity_ton). Use as a directional competitor benchmark only; it is not a transaction price, invoice price, FOB contract price, margin, or profit. Reporter share fields are shares within Vietnam, Brazil, and Indonesia only, not global destination-market share. Low-volume destination (< 50 tons); unit value can be unstable.",UN Comtrade,https://comtradeapi.un.org/public/v1/preview/C/A/HS?reporterCode=360&flowCode=X&cmdCode=090111&period=2023&includeDesc=true,2026-05-30T19:13:38.772Z
A,2023-01-01,2023,Indonesia,IDN,Georgia,GEO,Export,coffee,coffee_raw_core,090111,Coffee; not roasted or decaffeinated,29160104.64,11536.42,2527.656295,100,100,1,1,ok,ok,0.82,"Export unit value is calculated as SUM(value_usd) / SUM(quantity_ton). Use as a directional competitor benchmark only; it is not a transaction price, invoice price, FOB contract price, margin, or profit. Reporter share fields are shares within Vietnam, Brazil, and Indonesia only, not global destination-market share.",UN Comtrade,https://comtradeapi.un.org/public/v1/preview/C/A/HS?reporterCode=360&flowCode=X&cmdCode=090111&period=2023&includeDesc=true,2026-05-30T19:13:38.772Z
A,2023-01-01,2023,Indonesia,IDN,Germany,DEU,Export,coffee,coffee_raw_core,090111,Coffee; not roasted or decaffeinated,32906638.249,9460.43956,3478.341365,6.949391,5.723061,2,1,ok,ok,0.82,"Export unit value is calculated as SUM(value_usd) / SUM(quantity_ton). Use as a directional competitor benchmark only; it is not a transaction price, invoice price, FOB contract price, margin, or profit. Reporter share fields are shares within Vietnam, Brazil, and Indonesia only, not global destination-market share.",UN Comtrade,https://comtradeapi.un.org/public/v1/preview/C/A/HS?reporterCode=360&flowCode=X&cmdCode=090111&period=2023&includeDesc=true,2026-05-30T19:13:38.772Z
A,2023-01-01,2023,Vietnam,VNM,Germany,DEU,Export,coffee,coffee_raw_core,090111,Coffee; not roasted or decaffeinated,440611665.078,155843.388342,2827.272108,93.050609,94.276939,1,2,ok,ok,0.82,"Export unit value is calculated as SUM(value_usd) / SUM(quantity_ton). Use as a directional competitor benchmark only; it is not a transaction price, invoice price, FOB contract price, margin, or profit. Reporter share fields are shares within Vietnam, Brazil, and Indonesia only, not global destination-market share.",UN Comtrade,https://comtradeapi.un.org/public/v1/preview/C/A/HS?reporterCode=704&flowCode=X&cmdCode=090111&period=2023&includeDesc=true,2026-05-30T19:13:38.772Z
A,2023-01-01,2023,Indonesia,IDN,Greece,GRC,Export,coffee,coffee_raw_core,090111,Coffee; not roasted or decaffeinated,3450516.12,1400.4,2463.950386,14.993855,17.722255,2,2,ok,ok,0.82,"Export unit value is calculated as SUM(value_usd) / SUM(quantity_ton). Use as a directional competitor benchmark only; it is not a transaction price, invoice price, FOB contract price, margin, or profit. Reporter share fields are shares within Vietnam, Brazil, and Indonesia only, not global destination-market share.",UN Comtrade,https://comtradeapi.un.org/public/v1/preview/C/A/HS?reporterCode=360&flowCode=X&cmdCode=090111&period=2023&includeDesc=true,2026-05-30T19:13:38.772Z
A,2023-01-01,2023,Vietnam,VNM,Greece,GRC,Export,coffee,coffee_raw_core,090111,Coffee; not roasted or decaffeinated,19562353.034,6501.528738,3008.885113,85.006145,82.277745,1,1,ok,ok,0.82,"Export unit value is calculated as SUM(value_usd) / SUM(quantity_ton). Use as a directional competitor benchmark only; it is not a transaction price, invoice price, FOB contract price, margin, or profit. Reporter share fields are shares within Vietnam, Brazil, and Indonesia only, not global destination-market share.",UN Comtrade,https://comtradeapi.un.org/public/v1/preview/C/A/HS?reporterCode=704&flowCode=X&cmdCode=090111&period=2023&includeDesc=true,2026-05-30T19:13:38.772Z
A,2023-01-01,2023,Indonesia,IDN,Guatemala,GTM,Export,coffee,coffee_raw_core,090111,Coffee; not roasted or decaffeinated,1667902.01,799.2,2086.964477,100,100,1,1,ok,ok,0.82,"Export unit value is calculated as SUM(value_usd) / SUM(quantity_ton). Use as a directional competitor benchmark only; it is not a transaction price, invoice price, FOB contract price, margin, or profit. Reporter share fields are shares within Vietnam, Brazil, and Indonesia only, not global destination-market share.",UN Comtrade,https://comtradeapi.un.org/public/v1/preview/C/A/HS?reporterCode=360&flowCode=X&cmdCode=090111&period=2023&includeDesc=true,2026-05-30T19:13:38.772Z
A,2023-01-01,2023,Vietnam,VNM,Hungary,HUN,Export,coffee,coffee_raw_core,090111,Coffee; not roasted or decaffeinated,58900,20,2945,100,100,1,1,ok,low_volume_for_competitor_benchmark,0.55,"Export unit value is calculated as SUM(value_usd) / SUM(quantity_ton). Use as a directional competitor benchmark only; it is not a transaction price, invoice price, FOB contract price, margin, or profit. Reporter share fields are shares within Vietnam, Brazil, and Indonesia only, not global destination-market share. Low-volume destination (< 50 tons); unit value can be unstable.",UN Comtrade,https://comtradeapi.un.org/public/v1/preview/C/A/HS?reporterCode=704&flowCode=X&cmdCode=090111&period=2023&includeDesc=true,2026-05-30T19:13:38.772Z
A,2023-01-01,2023,Indonesia,IDN,India,IND,Export,coffee,coffee_raw_core,090111,Coffee; not roasted or decaffeinated,50232624.881,23811.2917,2109.613603,45.586017,51.269248,2,2,ok,ok,0.82,"Export unit value is calculated as SUM(value_usd) / SUM(quantity_ton). Use as a directional competitor benchmark only; it is not a transaction price, invoice price, FOB contract price, margin, or profit. Reporter share fields are shares within Vietnam, Brazil, and Indonesia only, not global destination-market share.",UN Comtrade,https://comtradeapi.un.org/public/v1/preview/C/A/HS?reporterCode=360&flowCode=X&cmdCode=090111&period=2023&includeDesc=true,2026-05-30T19:13:38.772Z
A,2023-01-01,2023,Vietnam,VNM,India,IND,Export,coffee,coffee_raw_core,090111,Coffee; not roasted or decaffeinated,59960430.883,22632.322169,2649.327384,54.413983,48.730752,1,1,ok,ok,0.82,"Export unit value is calculated as SUM(value_usd) / SUM(quantity_ton). Use as a directional competitor benchmark only; it is not a transaction price, invoice price, FOB contract price, margin, or profit. Reporter share fields are shares within Vietnam, Brazil, and Indonesia only, not global destination-market share.",UN Comtrade,https://comtradeapi.un.org/public/v1/preview/C/A/HS?reporterCode=704&flowCode=X&cmdCode=090111&period=2023&includeDesc=true,2026-05-30T19:13:38.772Z
A,2023-01-01,2023,Vietnam,VNM,Indonesia,IDN,Export,coffee,coffee_raw_core,090111,Coffee; not roasted or decaffeinated,59202443.293,20113.312686,2943.445678,100,100,1,1,ok,ok,0.82,"Export unit value is calculated as SUM(value_usd) / SUM(quantity_ton). Use as a directional competitor benchmark only; it is not a transaction price, invoice price, FOB contract price, margin, or profit. Reporter share fields are shares within Vietnam, Brazil, and Indonesia only, not global destination-market share.",UN Comtrade,https://comtradeapi.un.org/public/v1/preview/C/A/HS?reporterCode=704&flowCode=X&cmdCode=090111&period=2023&includeDesc=true,2026-05-30T19:13:38.772Z
A,2023-01-01,2023,Indonesia,IDN,Iran,IRN,Export,coffee,coffee_raw_core,090111,Coffee; not roasted or decaffeinated,2493777.89,820.74,3038.450532,100,100,1,1,ok,ok,0.82,"Export unit value is calculated as SUM(value_usd) / SUM(quantity_ton). Use as a directional competitor benchmark only; it is not a transaction price, invoice price, FOB contract price, margin, or profit. Reporter share fields are shares within Vietnam, Brazil, and Indonesia only, not global destination-market share.",UN Comtrade,https://comtradeapi.un.org/public/v1/preview/C/A/HS?reporterCode=360&flowCode=X&cmdCode=090111&period=2023&includeDesc=true,2026-05-30T19:13:38.772Z
A,2023-01-01,2023,Vietnam,VNM,Iraq,IRQ,Export,coffee,coffee_raw_core,090111,Coffee; not roasted or decaffeinated,109764.702,48,2286.764625,100,100,1,1,ok,low_volume_for_competitor_benchmark,0.55,"Export unit value is calculated as SUM(value_usd) / SUM(quantity_ton). Use as a directional competitor benchmark only; it is not a transaction price, invoice price, FOB contract price, margin, or profit. Reporter share fields are shares within Vietnam, Brazil, and Indonesia only, not global destination-market share. Low-volume destination (< 50 tons); unit value can be unstable.",UN Comtrade,https://comtradeapi.un.org/public/v1/preview/C/A/HS?reporterCode=704&flowCode=X&cmdCode=090111&period=2023&includeDesc=true,2026-05-30T19:13:38.772Z
A,2023-01-01,2023,Indonesia,IDN,Ireland,IRL,Export,coffee,coffee_raw_core,090111,Coffee; not roasted or decaffeinated,905550.38,134.4,6737.726042,30.138484,18.325668,2,1,ok,ok,0.82,"Export unit value is calculated as SUM(value_usd) / SUM(quantity_ton). Use as a directional competitor benchmark only; it is not a transaction price, invoice price, FOB contract price, margin, or profit. Reporter share fields are shares within Vietnam, Brazil, and Indonesia only, not global destination-market share.",UN Comtrade,https://comtradeapi.un.org/public/v1/preview/C/A/HS?reporterCode=360&flowCode=X&cmdCode=090111&period=2023&includeDesc=true,2026-05-30T19:13:38.772Z
A,2023-01-01,2023,Vietnam,VNM,Ireland,IRL,Export,coffee,coffee_raw_core,090111,Coffee; not roasted or decaffeinated,2099081.088,598.997538,3504.323398,69.861516,81.674332,1,2,ok,ok,0.82,"Export unit value is calculated as SUM(value_usd) / SUM(quantity_ton). Use as a directional competitor benchmark only; it is not a transaction price, invoice price, FOB contract price, margin, or profit. Reporter share fields are shares within Vietnam, Brazil, and Indonesia only, not global destination-market share.",UN Comtrade,https://comtradeapi.un.org/public/v1/preview/C/A/HS?reporterCode=704&flowCode=X&cmdCode=090111&period=2023&includeDesc=true,2026-05-30T19:13:38.772Z
A,2023-01-01,2023,Indonesia,IDN,Israel,ISR,Export,coffee,coffee_raw_core,090111,Coffee; not roasted or decaffeinated,561463.01,153.42,3659.646787,4.078805,3.539387,2,1,ok,ok,0.82,"Export unit value is calculated as SUM(value_usd) / SUM(quantity_ton). Use as a directional competitor benchmark only; it is not a transaction price, invoice price, FOB contract price, margin, or profit. Reporter share fields are shares within Vietnam, Brazil, and Indonesia only, not global destination-market share.",UN Comtrade,https://comtradeapi.un.org/public/v1/preview/C/A/HS?reporterCode=360&flowCode=X&cmdCode=090111&period=2023&includeDesc=true,2026-05-30T19:13:38.772Z
A,2023-01-01,2023,Vietnam,VNM,Israel,ISR,Export,coffee,coffee_raw_core,090111,Coffee; not roasted or decaffeinated,13203916.556,4181.22924,3157.903047,95.921195,96.460613,1,2,ok,ok,0.82,"Export unit value is calculated as SUM(value_usd) / SUM(quantity_ton). Use as a directional competitor benchmark only; it is not a transaction price, invoice price, FOB contract price, margin, or profit. Reporter share fields are shares within Vietnam, Brazil, and Indonesia only, not global destination-market share.",UN Comtrade,https://comtradeapi.un.org/public/v1/preview/C/A/HS?reporterCode=704&flowCode=X&cmdCode=090111&period=2023&includeDesc=true,2026-05-30T19:13:38.772Z
A,2023-01-01,2023,Indonesia,IDN,Italy,ITA,Export,coffee,coffee_raw_core,090111,Coffee; not roasted or decaffeinated,43801491.98,18122.002,2417.033834,12.10233,13.52822,2,2,ok,ok,0.82,"Export unit value is calculated as SUM(value_usd) / SUM(quantity_ton). Use as a directional competitor benchmark only; it is not a transaction price, invoice price, FOB contract price, margin, or profit. Reporter share fields are shares within Vietnam, Brazil, and Indonesia only, not global destination-market share.",UN Comtrade,https://comtradeapi.un.org/public/v1/preview/C/A/HS?reporterCode=360&flowCode=X&cmdCode=090111&period=2023&includeDesc=true,2026-05-30T19:13:38.772Z
A,2023-01-01,2023,Vietnam,VNM,Italy,ITA,Export,coffee,coffee_raw_core,090111,Coffee; not roasted or decaffeinated,318124614.973,115835.034321,2746.359224,87.89767,86.47178,1,1,ok,ok,0.82,"Export unit value is calculated as SUM(value_usd) / SUM(quantity_ton). Use as a directional competitor benchmark only; it is not a transaction price, invoice price, FOB contract price, margin, or profit. Reporter share fields are shares within Vietnam, Brazil, and Indonesia only, not global destination-market share.",UN Comtrade,https://comtradeapi.un.org/public/v1/preview/C/A/HS?reporterCode=704&flowCode=X&cmdCode=090111&period=2023&includeDesc=true,2026-05-30T19:13:38.772Z
A,2023-01-01,2023,Indonesia,IDN,Japan,JPN,Export,coffee,coffee_raw_core,090111,Coffee; not roasted or decaffeinated,63029945.146,15316.48114,4115.171401,21.241897,16.674237,2,1,ok,ok,0.82,"Export unit value is calculated as SUM(value_usd) / SUM(quantity_ton). Use as a directional competitor benchmark only; it is not a transaction price, invoice price, FOB contract price, margin, or profit. Reporter share fields are shares within Vietnam, Brazil, and Indonesia only, not global destination-market share.",UN Comtrade,https://comtradeapi.un.org/public/v1/preview/C/A/HS?reporterCode=360&flowCode=X&cmdCode=090111&period=2023&includeDesc=true,2026-05-30T19:13:38.772Z
A,2023-01-01,2023,Vietnam,VNM,Japan,JPN,Export,coffee,coffee_raw_core,090111,Coffee; not roasted or decaffeinated,233694701.733,76540.680167,3053.209107,78.758103,83.325763,1,2,ok,ok,0.82,"Export unit value is calculated as SUM(value_usd) / SUM(quantity_ton). Use as a directional competitor benchmark only; it is not a transaction price, invoice price, FOB contract price, margin, or profit. Reporter share fields are shares within Vietnam, Brazil, and Indonesia only, not global destination-market share.",UN Comtrade,https://comtradeapi.un.org/public/v1/preview/C/A/HS?reporterCode=704&flowCode=X&cmdCode=090111&period=2023&includeDesc=true,2026-05-30T19:13:38.772Z
A,2023-01-01,2023,Indonesia,IDN,Jordan,JOR,Export,coffee,coffee_raw_core,090111,Coffee; not roasted or decaffeinated,961289,389.7,2466.741083,100,100,1,1,ok,ok,0.82,"Export unit value is calculated as SUM(value_usd) / SUM(quantity_ton). Use as a directional competitor benchmark only; it is not a transaction price, invoice price, FOB contract price, margin, or profit. Reporter share fields are shares within Vietnam, Brazil, and Indonesia only, not global destination-market share.",UN Comtrade,https://comtradeapi.un.org/public/v1/preview/C/A/HS?reporterCode=360&flowCode=X&cmdCode=090111&period=2023&includeDesc=true,2026-05-30T19:13:38.772Z
A,2023-01-01,2023,Indonesia,IDN,Kiribati,KIR,Export,coffee,coffee_raw_core,090111,Coffee; not roasted or decaffeinated,46.049,0.027,1705.518519,100,100,1,1,ok,low_volume_for_competitor_benchmark,0.55,"Export unit value is calculated as SUM(value_usd) / SUM(quantity_ton). Use as a directional competitor benchmark only; it is not a transaction price, invoice price, FOB contract price, margin, or profit. Reporter share fields are shares within Vietnam, Brazil, and Indonesia only, not global destination-market share. Low-volume destination (< 50 tons); unit value can be unstable.",UN Comtrade,https://comtradeapi.un.org/public/v1/preview/C/A/HS?reporterCode=360&flowCode=X&cmdCode=090111&period=2023&includeDesc=true,2026-05-30T19:13:38.772Z
A,2023-01-01,2023,Vietnam,VNM,Kuwait,KWT,Export,coffee,coffee_raw_core,090111,Coffee; not roasted or decaffeinated,1551813.7,522.017488,2972.723588,100,100,1,1,ok,ok,0.82,"Export unit value is calculated as SUM(value_usd) / SUM(quantity_ton). Use as a directional competitor benchmark only; it is not a transaction price, invoice price, FOB contract price, margin, or profit. Reporter share fields are shares within Vietnam, Brazil, and Indonesia only, not global destination-market share.",UN Comtrade,https://comtradeapi.un.org/public/v1/preview/C/A/HS?reporterCode=704&flowCode=X&cmdCode=090111&period=2023&includeDesc=true,2026-05-30T19:13:38.772Z
A,2023-01-01,2023,Vietnam,VNM,Lao People's Dem. Rep.,LAO,Export,coffee,coffee_raw_core,090111,Coffee; not roasted or decaffeinated,41580.041,20,2079.00205,100,100,1,1,ok,low_volume_for_competitor_benchmark,0.55,"Export unit value is calculated as SUM(value_usd) / SUM(quantity_ton). Use as a directional competitor benchmark only; it is not a transaction price, invoice price, FOB contract price, margin, or profit. Reporter share fields are shares within Vietnam, Brazil, and Indonesia only, not global destination-market share. Low-volume destination (< 50 tons); unit value can be unstable.",UN Comtrade,https://comtradeapi.un.org/public/v1/preview/C/A/HS?reporterCode=704&flowCode=X&cmdCode=090111&period=2023&includeDesc=true,2026-05-30T19:13:38.772Z
A,2023-01-01,2023,Indonesia,IDN,Latvia,LVA,Export,coffee,coffee_raw_core,090111,Coffee; not roasted or decaffeinated,282458.89,26.97,10473.077123,10.14711,1.972977,2,1,ok,low_volume_for_competitor_benchmark,0.55,"Export unit value is calculated as SUM(value_usd) / SUM(quantity_ton). Use as a directional competitor benchmark only; it is not a transaction price, invoice price, FOB contract price, margin, or profit. Reporter share fields are shares within Vietnam, Brazil, and Indonesia only, not global destination-market share. Low-volume destination (< 50 tons); unit value can be unstable.",UN Comtrade,https://comtradeapi.un.org/public/v1/preview/C/A/HS?reporterCode=360&flowCode=X&cmdCode=090111&period=2023&includeDesc=true,2026-05-30T19:13:38.772Z
A,2023-01-01,2023,Vietnam,VNM,Latvia,LVA,Export,coffee,coffee_raw_core,090111,Coffee; not roasted or decaffeinated,2501180,1340,1866.552239,89.85289,98.027023,1,2,ok,ok,0.82,"Export unit value is calculated as SUM(value_usd) / SUM(quantity_ton). Use as a directional competitor benchmark only; it is not a transaction price, invoice price, FOB contract price, margin, or profit. Reporter share fields are shares within Vietnam, Brazil, and Indonesia only, not global destination-market share.",UN Comtrade,https://comtradeapi.un.org/public/v1/preview/C/A/HS?reporterCode=704&flowCode=X&cmdCode=090111&period=2023&includeDesc=true,2026-05-30T19:13:38.772Z
A,2023-01-01,2023,Indonesia,IDN,Lebanon,LBN,Export,coffee,coffee_raw_core,090111,Coffee; not roasted or decaffeinated,2070250.31,928.5,2229.671847,100,100,1,1,ok,ok,0.82,"Export unit value is calculated as SUM(value_usd) / SUM(quantity_ton). Use as a directional competitor benchmark only; it is not a transaction price, invoice price, FOB contract price, margin, or profit. Reporter share fields are shares within Vietnam, Brazil, and Indonesia only, not global destination-market share.",UN Comtrade,https://comtradeapi.un.org/public/v1/preview/C/A/HS?reporterCode=360&flowCode=X&cmdCode=090111&period=2023&includeDesc=true,2026-05-30T19:13:38.772Z
A,2023-01-01,2023,Indonesia,IDN,Libya,LBY,Export,coffee,coffee_raw_core,090111,Coffee; not roasted or decaffeinated,20130,8.5,2368.235294,100,100,1,1,ok,low_volume_for_competitor_benchmark,0.55,"Export unit value is calculated as SUM(value_usd) / SUM(quantity_ton). Use as a directional competitor benchmark only; it is not a transaction price, invoice price, FOB contract price, margin, or profit. Reporter share fields are shares within Vietnam, Brazil, and Indonesia only, not global destination-market share. Low-volume destination (< 50 tons); unit value can be unstable.",UN Comtrade,https://comtradeapi.un.org/public/v1/preview/C/A/HS?reporterCode=360&flowCode=X&cmdCode=090111&period=2023&includeDesc=true,2026-05-30T19:13:38.772Z
A,2023-01-01,2023,Vietnam,VNM,Lithuania,LTU,Export,coffee,coffee_raw_core,090111,Coffee; not roasted or decaffeinated,1486218.3,467.991243,3175.739551,100,100,1,1,ok,ok,0.82,"Export unit value is calculated as SUM(value_usd) / SUM(quantity_ton). Use as a directional competitor benchmark only; it is not a transaction price, invoice price, FOB contract price, margin, or profit. Reporter share fields are shares within Vietnam, Brazil, and Indonesia only, not global destination-market share.",UN Comtrade,https://comtradeapi.un.org/public/v1/preview/C/A/HS?reporterCode=704&flowCode=X&cmdCode=090111&period=2023&includeDesc=true,2026-05-30T19:13:38.772Z
A,2023-01-01,2023,Indonesia,IDN,Malaysia,MYS,Export,coffee,coffee_raw_core,090111,Coffee; not roasted or decaffeinated,60536180.151,22677.44724,2669.444206,59.447214,62.809922,1,2,ok,ok,0.82,"Export unit value is calculated as SUM(value_usd) / SUM(quantity_ton). Use as a directional competitor benchmark only; it is not a transaction price, invoice price, FOB contract price, margin, or profit. Reporter share fields are shares within Vietnam, Brazil, and Indonesia only, not global destination-market share.",UN Comtrade,https://comtradeapi.un.org/public/v1/preview/C/A/HS?reporterCode=360&flowCode=X&cmdCode=090111&period=2023&includeDesc=true,2026-05-30T19:13:38.772Z
A,2023-01-01,2023,Vietnam,VNM,Malaysia,MYS,Export,coffee,coffee_raw_core,090111,Coffee; not roasted or decaffeinated,41295639.691,13427.433296,3075.467871,40.552786,37.190078,2,1,ok,ok,0.82,"Export unit value is calculated as SUM(value_usd) / SUM(quantity_ton). Use as a directional competitor benchmark only; it is not a transaction price, invoice price, FOB contract price, margin, or profit. Reporter share fields are shares within Vietnam, Brazil, and Indonesia only, not global destination-market share.",UN Comtrade,https://comtradeapi.un.org/public/v1/preview/C/A/HS?reporterCode=704&flowCode=X&cmdCode=090111&period=2023&includeDesc=true,2026-05-30T19:13:38.772Z
A,2023-01-01,2023,Indonesia,IDN,Mexico,MEX,Export,coffee,coffee_raw_core,090111,Coffee; not roasted or decaffeinated,2392139.24,1142.8,2093.226496,3.506327,4.346006,2,2,ok,ok,0.82,"Export unit value is calculated as SUM(value_usd) / SUM(quantity_ton). Use as a directional competitor benchmark only; it is not a transaction price, invoice price, FOB contract price, margin, or profit. Reporter share fields are shares within Vietnam, Brazil, and Indonesia only, not global destination-market share.",UN Comtrade,https://comtradeapi.un.org/public/v1/preview/C/A/HS?reporterCode=360&flowCode=X&cmdCode=090111&period=2023&includeDesc=true,2026-05-30T19:13:38.772Z
A,2023-01-01,2023,Vietnam,VNM,Mexico,MEX,Export,coffee,coffee_raw_core,090111,Coffee; not roasted or decaffeinated,65831366.102,25152.606625,2617.278085,96.493673,95.653994,1,1,ok,ok,0.82,"Export unit value is calculated as SUM(value_usd) / SUM(quantity_ton). Use as a directional competitor benchmark only; it is not a transaction price, invoice price, FOB contract price, margin, or profit. Reporter share fields are shares within Vietnam, Brazil, and Indonesia only, not global destination-market share.",UN Comtrade,https://comtradeapi.un.org/public/v1/preview/C/A/HS?reporterCode=704&flowCode=X&cmdCode=090111&period=2023&includeDesc=true,2026-05-30T19:13:38.772Z
A,2023-01-01,2023,Indonesia,IDN,Morocco,MAR,Export,coffee,coffee_raw_core,090111,Coffee; not roasted or decaffeinated,17422162.08,6633.2,2626.509389,49.015345,52.629598,2,2,ok,ok,0.82,"Export unit value is calculated as SUM(value_usd) / SUM(quantity_ton). Use as a directional competitor benchmark only; it is not a transaction price, invoice price, FOB contract price, margin, or profit. Reporter share fields are shares within Vietnam, Brazil, and Indonesia only, not global destination-market share.",UN Comtrade,https://comtradeapi.un.org/public/v1/preview/C/A/HS?reporterCode=360&flowCode=X&cmdCode=090111&period=2023&includeDesc=true,2026-05-30T19:13:38.772Z
A,2023-01-01,2023,Vietnam,VNM,Morocco,MAR,Export,coffee,coffee_raw_core,090111,Coffee; not roasted or decaffeinated,18122139.648,5970.354455,3035.354062,50.984655,47.370402,1,1,ok,ok,0.82,"Export unit value is calculated as SUM(value_usd) / SUM(quantity_ton). Use as a directional competitor benchmark only; it is not a transaction price, invoice price, FOB contract price, margin, or profit. Reporter share fields are shares within Vietnam, Brazil, and Indonesia only, not global destination-market share.",UN Comtrade,https://comtradeapi.un.org/public/v1/preview/C/A/HS?reporterCode=704&flowCode=X&cmdCode=090111&period=2023&includeDesc=true,2026-05-30T19:13:38.772Z
A,2023-01-01,2023,Vietnam,VNM,Myanmar,MMR,Export,coffee,coffee_raw_core,090111,Coffee; not roasted or decaffeinated,140530.176,38.4,3659.64,100,100,1,1,ok,low_volume_for_competitor_benchmark,0.55,"Export unit value is calculated as SUM(value_usd) / SUM(quantity_ton). Use as a directional competitor benchmark only; it is not a transaction price, invoice price, FOB contract price, margin, or profit. Reporter share fields are shares within Vietnam, Brazil, and Indonesia only, not global destination-market share. Low-volume destination (< 50 tons); unit value can be unstable.",UN Comtrade,https://comtradeapi.un.org/public/v1/preview/C/A/HS?reporterCode=704&flowCode=X&cmdCode=090111&period=2023&includeDesc=true,2026-05-30T19:13:38.772Z
A,2023-01-01,2023,Indonesia,IDN,Netherlands,NLD,Export,coffee,coffee_raw_core,090111,Coffee; not roasted or decaffeinated,11972589.316,3795.01725,3154.818154,10.016918,9.007429,2,1,ok,ok,0.82,"Export unit value is calculated as SUM(value_usd) / SUM(quantity_ton). Use as a directional competitor benchmark only; it is not a transaction price, invoice price, FOB contract price, margin, or profit. Reporter share fields are shares within Vietnam, Brazil, and Indonesia only, not global destination-market share.",UN Comtrade,https://comtradeapi.un.org/public/v1/preview/C/A/HS?reporterCode=360&flowCode=X&cmdCode=090111&period=2023&includeDesc=true,2026-05-30T19:13:38.772Z
A,2023-01-01,2023,Vietnam,VNM,Netherlands,NLD,Export,coffee,coffee_raw_core,090111,Coffee; not roasted or decaffeinated,107551088.779,38337.065693,2805.407426,89.983082,90.992571,1,2,ok,ok,0.82,"Export unit value is calculated as SUM(value_usd) / SUM(quantity_ton). Use as a directional competitor benchmark only; it is not a transaction price, invoice price, FOB contract price, margin, or profit. Reporter share fields are shares within Vietnam, Brazil, and Indonesia only, not global destination-market share.",UN Comtrade,https://comtradeapi.un.org/public/v1/preview/C/A/HS?reporterCode=704&flowCode=X&cmdCode=090111&period=2023&includeDesc=true,2026-05-30T19:13:38.772Z
A,2023-01-01,2023,Indonesia,IDN,New Caledonia,NCL,Export,coffee,coffee_raw_core,090111,Coffee; not roasted or decaffeinated,16,0.00134,11940.298507,100,100,1,1,ok,low_volume_for_competitor_benchmark,0.55,"Export unit value is calculated as SUM(value_usd) / SUM(quantity_ton). Use as a directional competitor benchmark only; it is not a transaction price, invoice price, FOB contract price, margin, or profit. Reporter share fields are shares within Vietnam, Brazil, and Indonesia only, not global destination-market share. Low-volume destination (< 50 tons); unit value can be unstable.",UN Comtrade,https://comtradeapi.un.org/public/v1/preview/C/A/HS?reporterCode=360&flowCode=X&cmdCode=090111&period=2023&includeDesc=true,2026-05-30T19:13:38.772Z
A,2023-01-01,2023,Indonesia,IDN,New Zealand,NZL,Export,coffee,coffee_raw_core,090111,Coffee; not roasted or decaffeinated,1885208.32,284.78686,6619.716654,35.676512,19.541057,2,1,ok,ok,0.82,"Export unit value is calculated as SUM(value_usd) / SUM(quantity_ton). Use as a directional competitor benchmark only; it is not a transaction price, invoice price, FOB contract price, margin, or profit. Reporter share fields are shares within Vietnam, Brazil, and Indonesia only, not global destination-market share.",UN Comtrade,https://comtradeapi.un.org/public/v1/preview/C/A/HS?reporterCode=360&flowCode=X&cmdCode=090111&period=2023&includeDesc=true,2026-05-30T19:13:38.772Z
A,2023-01-01,2023,Vietnam,VNM,New Zealand,NZL,Export,coffee,coffee_raw_core,090111,Coffee; not roasted or decaffeinated,3398963.902,1172.590078,2898.680422,64.323488,80.458943,1,2,ok,ok,0.82,"Export unit value is calculated as SUM(value_usd) / SUM(quantity_ton). Use as a directional competitor benchmark only; it is not a transaction price, invoice price, FOB contract price, margin, or profit. Reporter share fields are shares within Vietnam, Brazil, and Indonesia only, not global destination-market share.",UN Comtrade,https://comtradeapi.un.org/public/v1/preview/C/A/HS?reporterCode=704&flowCode=X&cmdCode=090111&period=2023&includeDesc=true,2026-05-30T19:13:38.772Z
A,2023-01-01,2023,Indonesia,IDN,Norway,NOR,Export,coffee,coffee_raw_core,090111,Coffee; not roasted or decaffeinated,374478,60.6,6179.50495,43.158222,23.27959,2,1,ok,ok,0.82,"Export unit value is calculated as SUM(value_usd) / SUM(quantity_ton). Use as a directional competitor benchmark only; it is not a transaction price, invoice price, FOB contract price, margin, or profit. Reporter share fields are shares within Vietnam, Brazil, and Indonesia only, not global destination-market share.",UN Comtrade,https://comtradeapi.un.org/public/v1/preview/C/A/HS?reporterCode=360&flowCode=X&cmdCode=090111&period=2023&includeDesc=true,2026-05-30T19:13:38.772Z
A,2023-01-01,2023,Vietnam,VNM,Norway,NOR,Export,coffee,coffee_raw_core,090111,Coffee; not roasted or decaffeinated,493208.354,199.713863,2469.574954,56.841778,76.72041,1,2,ok,ok,0.82,"Export unit value is calculated as SUM(value_usd) / SUM(quantity_ton). Use as a directional competitor benchmark only; it is not a transaction price, invoice price, FOB contract price, margin, or profit. Reporter share fields are shares within Vietnam, Brazil, and Indonesia only, not global destination-market share.",UN Comtrade,https://comtradeapi.un.org/public/v1/preview/C/A/HS?reporterCode=704&flowCode=X&cmdCode=090111&period=2023&includeDesc=true,2026-05-30T19:13:38.772Z
A,2023-01-01,2023,Indonesia,IDN,Oman,OMN,Export,coffee,coffee_raw_core,090111,Coffee; not roasted or decaffeinated,1287.15,0.06,21452.5,100,100,1,1,ok,low_volume_for_competitor_benchmark,0.55,"Export unit value is calculated as SUM(value_usd) / SUM(quantity_ton). Use as a directional competitor benchmark only; it is not a transaction price, invoice price, FOB contract price, margin, or profit. Reporter share fields are shares within Vietnam, Brazil, and Indonesia only, not global destination-market share. Low-volume destination (< 50 tons); unit value can be unstable.",UN Comtrade,https://comtradeapi.un.org/public/v1/preview/C/A/HS?reporterCode=360&flowCode=X&cmdCode=090111&period=2023&includeDesc=true,2026-05-30T19:13:38.772Z
A,2023-01-01,2023,Indonesia,IDN,"Other Asia, nes",S19,Export,coffee,coffee_raw_core,090111,Coffee; not roasted or decaffeinated,16870671.84,3961.97272,4258.14942,84.594264,80.45919,1,1,ok,ok,0.82,"Export unit value is calculated as SUM(value_usd) / SUM(quantity_ton). Use as a directional competitor benchmark only; it is not a transaction price, invoice price, FOB contract price, margin, or profit. Reporter share fields are shares within Vietnam, Brazil, and Indonesia only, not global destination-market share.",UN Comtrade,https://comtradeapi.un.org/public/v1/preview/C/A/HS?reporterCode=360&flowCode=X&cmdCode=090111&period=2023&includeDesc=true,2026-05-30T19:13:38.772Z
A,2023-01-01,2023,Vietnam,VNM,"Other Asia, nes",S19,Export,coffee,coffee_raw_core,090111,Coffee; not roasted or decaffeinated,3072372.714,962.228854,3192.97504,15.405736,19.54081,2,2,ok,ok,0.82,"Export unit value is calculated as SUM(value_usd) / SUM(quantity_ton). Use as a directional competitor benchmark only; it is not a transaction price, invoice price, FOB contract price, margin, or profit. Reporter share fields are shares within Vietnam, Brazil, and Indonesia only, not global destination-market share.",UN Comtrade,https://comtradeapi.un.org/public/v1/preview/C/A/HS?reporterCode=704&flowCode=X&cmdCode=090111&period=2023&includeDesc=true,2026-05-30T19:13:38.772Z
A,2023-01-01,2023,Indonesia,IDN,Pakistan,PAK,Export,coffee,coffee_raw_core,090111,Coffee; not roasted or decaffeinated,27876,9.12,3056.578947,100,100,1,1,ok,low_volume_for_competitor_benchmark,0.55,"Export unit value is calculated as SUM(value_usd) / SUM(quantity_ton). Use as a directional competitor benchmark only; it is not a transaction price, invoice price, FOB contract price, margin, or profit. Reporter share fields are shares within Vietnam, Brazil, and Indonesia only, not global destination-market share. Low-volume destination (< 50 tons); unit value can be unstable.",UN Comtrade,https://comtradeapi.un.org/public/v1/preview/C/A/HS?reporterCode=360&flowCode=X&cmdCode=090111&period=2023&includeDesc=true,2026-05-30T19:13:38.772Z
A,2023-01-01,2023,Indonesia,IDN,Papua New Guinea,PNG,Export,coffee,coffee_raw_core,090111,Coffee; not roasted or decaffeinated,119.13,0.041439,2874.828061,100,100,1,1,ok,low_volume_for_competitor_benchmark,0.55,"Export unit value is calculated as SUM(value_usd) / SUM(quantity_ton). Use as a directional competitor benchmark only; it is not a transaction price, invoice price, FOB contract price, margin, or profit. Reporter share fields are shares within Vietnam, Brazil, and Indonesia only, not global destination-market share. Low-volume destination (< 50 tons); unit value can be unstable.",UN Comtrade,https://comtradeapi.un.org/public/v1/preview/C/A/HS?reporterCode=360&flowCode=X&cmdCode=090111&period=2023&includeDesc=true,2026-05-30T19:13:38.772Z
A,2023-01-01,2023,Indonesia,IDN,Philippines,PHL,Export,coffee,coffee_raw_core,090111,Coffee; not roasted or decaffeinated,16248899.474,6385.8075,2544.533244,17.046008,21.209556,2,2,ok,ok,0.82,"Export unit value is calculated as SUM(value_usd) / SUM(quantity_ton). Use as a directional competitor benchmark only; it is not a transaction price, invoice price, FOB contract price, margin, or profit. Reporter share fields are shares within Vietnam, Brazil, and Indonesia only, not global destination-market share.",UN Comtrade,https://comtradeapi.un.org/public/v1/preview/C/A/HS?reporterCode=360&flowCode=X&cmdCode=090111&period=2023&includeDesc=true,2026-05-30T19:13:38.772Z
A,2023-01-01,2023,Vietnam,VNM,Philippines,PHL,Export,coffee,coffee_raw_core,090111,Coffee; not roasted or decaffeinated,79074884.812,23722.354773,3333.348884,82.953992,78.790444,1,1,ok,ok,0.82,"Export unit value is calculated as SUM(value_usd) / SUM(quantity_ton). Use as a directional competitor benchmark only; it is not a transaction price, invoice price, FOB contract price, margin, or profit. Reporter share fields are shares within Vietnam, Brazil, and Indonesia only, not global destination-market share.",UN Comtrade,https://comtradeapi.un.org/public/v1/preview/C/A/HS?reporterCode=704&flowCode=X&cmdCode=090111&period=2023&includeDesc=true,2026-05-30T19:13:38.772Z
A,2023-01-01,2023,Indonesia,IDN,Poland,POL,Export,coffee,coffee_raw_core,090111,Coffee; not roasted or decaffeinated,1147207.56,510.63,2246.651313,4.216912,5.311223,2,2,ok,ok,0.82,"Export unit value is calculated as SUM(value_usd) / SUM(quantity_ton). Use as a directional competitor benchmark only; it is not a transaction price, invoice price, FOB contract price, margin, or profit. Reporter share fields are shares within Vietnam, Brazil, and Indonesia only, not global destination-market share.",UN Comtrade,https://comtradeapi.un.org/public/v1/preview/C/A/HS?reporterCode=360&flowCode=X&cmdCode=090111&period=2023&includeDesc=true,2026-05-30T19:13:38.772Z
A,2023-01-01,2023,Vietnam,VNM,Poland,POL,Export,coffee,coffee_raw_core,090111,Coffee; not roasted or decaffeinated,26057711.978,9103.540001,2862.371339,95.783088,94.688777,1,1,ok,ok,0.82,"Export unit value is calculated as SUM(value_usd) / SUM(quantity_ton). Use as a directional competitor benchmark only; it is not a transaction price, invoice price, FOB contract price, margin, or profit. Reporter share fields are shares within Vietnam, Brazil, and Indonesia only, not global destination-market share.",UN Comtrade,https://comtradeapi.un.org/public/v1/preview/C/A/HS?reporterCode=704&flowCode=X&cmdCode=090111&period=2023&includeDesc=true,2026-05-30T19:13:38.772Z
A,2023-01-01,2023,Indonesia,IDN,Portugal,PRT,Export,coffee,coffee_raw_core,090111,Coffee; not roasted or decaffeinated,6113160.94,2323.8,2630.674301,15.061574,16.62482,2,2,ok,ok,0.82,"Export unit value is calculated as SUM(value_usd) / SUM(quantity_ton). Use as a directional competitor benchmark only; it is not a transaction price, invoice price, FOB contract price, margin, or profit. Reporter share fields are shares within Vietnam, Brazil, and Indonesia only, not global destination-market share.",UN Comtrade,https://comtradeapi.un.org/public/v1/preview/C/A/HS?reporterCode=360&flowCode=X&cmdCode=090111&period=2023&includeDesc=true,2026-05-30T19:13:38.772Z
A,2023-01-01,2023,Vietnam,VNM,Portugal,PRT,Export,coffee,coffee_raw_core,090111,Coffee; not roasted or decaffeinated,34474635.686,11654.095557,2958.156257,84.938426,83.37518,1,1,ok,ok,0.82,"Export unit value is calculated as SUM(value_usd) / SUM(quantity_ton). Use as a directional competitor benchmark only; it is not a transaction price, invoice price, FOB contract price, margin, or profit. Reporter share fields are shares within Vietnam, Brazil, and Indonesia only, not global destination-market share.",UN Comtrade,https://comtradeapi.un.org/public/v1/preview/C/A/HS?reporterCode=704&flowCode=X&cmdCode=090111&period=2023&includeDesc=true,2026-05-30T19:13:38.772Z
A,2023-01-01,2023,Indonesia,IDN,Qatar,QAT,Export,coffee,coffee_raw_core,090111,Coffee; not roasted or decaffeinated,24882.988,3.06055,8130.234108,93.67541,87.845388,1,1,ok,low_volume_for_competitor_benchmark,0.55,"Export unit value is calculated as SUM(value_usd) / SUM(quantity_ton). Use as a directional competitor benchmark only; it is not a transaction price, invoice price, FOB contract price, margin, or profit. Reporter share fields are shares within Vietnam, Brazil, and Indonesia only, not global destination-market share. Low-volume destination (< 50 tons); unit value can be unstable.",UN Comtrade,https://comtradeapi.un.org/public/v1/preview/C/A/HS?reporterCode=360&flowCode=X&cmdCode=090111&period=2023&includeDesc=true,2026-05-30T19:13:38.772Z
A,2023-01-01,2023,Vietnam,VNM,Qatar,QAT,Export,coffee,coffee_raw_core,090111,Coffee; not roasted or decaffeinated,1680,0.423469,3967.232548,6.32459,12.154612,2,2,ok,low_volume_for_competitor_benchmark,0.55,"Export unit value is calculated as SUM(value_usd) / SUM(quantity_ton). Use as a directional competitor benchmark only; it is not a transaction price, invoice price, FOB contract price, margin, or profit. Reporter share fields are shares within Vietnam, Brazil, and Indonesia only, not global destination-market share. Low-volume destination (< 50 tons); unit value can be unstable.",UN Comtrade,https://comtradeapi.un.org/public/v1/preview/C/A/HS?reporterCode=704&flowCode=X&cmdCode=090111&period=2023&includeDesc=true,2026-05-30T19:13:38.772Z
A,2023-01-01,2023,Indonesia,IDN,Rep. of Korea,KOR,Export,coffee,coffee_raw_core,090111,Coffee; not roasted or decaffeinated,11096362.99,2159.465,5138.477813,12.945527,7.965213,2,1,ok,ok,0.82,"Export unit value is calculated as SUM(value_usd) / SUM(quantity_ton). Use as a directional competitor benchmark only; it is not a transaction price, invoice price, FOB contract price, margin, or profit. Reporter share fields are shares within Vietnam, Brazil, and Indonesia only, not global destination-market share.",UN Comtrade,https://comtradeapi.un.org/public/v1/preview/C/A/HS?reporterCode=360&flowCode=X&cmdCode=090111&period=2023&includeDesc=true,2026-05-30T19:13:38.772Z
A,2023-01-01,2023,Vietnam,VNM,Rep. of Korea,KOR,Export,coffee,coffee_raw_core,090111,Coffee; not roasted or decaffeinated,74619443.776,24951.736881,2990.551084,87.054473,92.034787,1,2,ok,ok,0.82,"Export unit value is calculated as SUM(value_usd) / SUM(quantity_ton). Use as a directional competitor benchmark only; it is not a transaction price, invoice price, FOB contract price, margin, or profit. Reporter share fields are shares within Vietnam, Brazil, and Indonesia only, not global destination-market share.",UN Comtrade,https://comtradeapi.un.org/public/v1/preview/C/A/HS?reporterCode=704&flowCode=X&cmdCode=090111&period=2023&includeDesc=true,2026-05-30T19:13:38.772Z
A,2023-01-01,2023,Indonesia,IDN,Romania,ROU,Export,coffee,coffee_raw_core,090111,Coffee; not roasted or decaffeinated,984654.965,372.71,2641.879652,13.007667,13.796882,2,2,ok,ok,0.82,"Export unit value is calculated as SUM(value_usd) / SUM(quantity_ton). Use as a directional competitor benchmark only; it is not a transaction price, invoice price, FOB contract price, margin, or profit. Reporter share fields are shares within Vietnam, Brazil, and Indonesia only, not global destination-market share.",UN Comtrade,https://comtradeapi.un.org/public/v1/preview/C/A/HS?reporterCode=360&flowCode=X&cmdCode=090111&period=2023&includeDesc=true,2026-05-30T19:13:38.772Z
A,2023-01-01,2023,Vietnam,VNM,Romania,ROU,Export,coffee,coffee_raw_core,090111,Coffee; not roasted or decaffeinated,6585149.37,2328.697421,2827.825251,86.992333,86.203118,1,1,ok,ok,0.82,"Export unit value is calculated as SUM(value_usd) / SUM(quantity_ton). Use as a directional competitor benchmark only; it is not a transaction price, invoice price, FOB contract price, margin, or profit. Reporter share fields are shares within Vietnam, Brazil, and Indonesia only, not global destination-market share.",UN Comtrade,https://comtradeapi.un.org/public/v1/preview/C/A/HS?reporterCode=704&flowCode=X&cmdCode=090111&period=2023&includeDesc=true,2026-05-30T19:13:38.772Z
A,2023-01-01,2023,Indonesia,IDN,Russian Federation,RUS,Export,coffee,coffee_raw_core,090111,Coffee; not roasted or decaffeinated,17353827.63,7405.8,2343.275221,8.278179,9.699188,2,2,ok,ok,0.82,"Export unit value is calculated as SUM(value_usd) / SUM(quantity_ton). Use as a directional competitor benchmark only; it is not a transaction price, invoice price, FOB contract price, margin, or profit. Reporter share fields are shares within Vietnam, Brazil, and Indonesia only, not global destination-market share.",UN Comtrade,https://comtradeapi.un.org/public/v1/preview/C/A/HS?reporterCode=360&flowCode=X&cmdCode=090111&period=2023&includeDesc=true,2026-05-30T19:13:38.772Z
A,2023-01-01,2023,Vietnam,VNM,Russian Federation,RUS,Export,coffee,coffee_raw_core,090111,Coffee; not roasted or decaffeinated,192279575.614,68949.045637,2788.719899,91.721821,90.300812,1,1,ok,ok,0.82,"Export unit value is calculated as SUM(value_usd) / SUM(quantity_ton). Use as a directional competitor benchmark only; it is not a transaction price, invoice price, FOB contract price, margin, or profit. Reporter share fields are shares within Vietnam, Brazil, and Indonesia only, not global destination-market share.",UN Comtrade,https://comtradeapi.un.org/public/v1/preview/C/A/HS?reporterCode=704&flowCode=X&cmdCode=090111&period=2023&includeDesc=true,2026-05-30T19:13:38.772Z
A,2023-01-01,2023,Indonesia,IDN,Saudi Arabia,SAU,Export,coffee,coffee_raw_core,090111,Coffee; not roasted or decaffeinated,1546353.031,178.180015,8678.599735,61.546996,33.352158,1,1,ok,ok,0.82,"Export unit value is calculated as SUM(value_usd) / SUM(quantity_ton). Use as a directional competitor benchmark only; it is not a transaction price, invoice price, FOB contract price, margin, or profit. Reporter share fields are shares within Vietnam, Brazil, and Indonesia only, not global destination-market share.",UN Comtrade,https://comtradeapi.un.org/public/v1/preview/C/A/HS?reporterCode=360&flowCode=X&cmdCode=090111&period=2023&includeDesc=true,2026-05-30T19:13:38.772Z
A,2023-01-01,2023,Vietnam,VNM,Saudi Arabia,SAU,Export,coffee,coffee_raw_core,090111,Coffee; not roasted or decaffeinated,966122.2,356.05832,2713.381898,38.453004,66.647842,2,2,ok,ok,0.82,"Export unit value is calculated as SUM(value_usd) / SUM(quantity_ton). Use as a directional competitor benchmark only; it is not a transaction price, invoice price, FOB contract price, margin, or profit. Reporter share fields are shares within Vietnam, Brazil, and Indonesia only, not global destination-market share.",UN Comtrade,https://comtradeapi.un.org/public/v1/preview/C/A/HS?reporterCode=704&flowCode=X&cmdCode=090111&period=2023&includeDesc=true,2026-05-30T19:13:38.772Z
A,2023-01-01,2023,Vietnam,VNM,Senegal,SEN,Export,coffee,coffee_raw_core,090111,Coffee; not roasted or decaffeinated,47520,11.978124,3967.232264,100,100,1,1,ok,low_volume_for_competitor_benchmark,0.55,"Export unit value is calculated as SUM(value_usd) / SUM(quantity_ton). Use as a directional competitor benchmark only; it is not a transaction price, invoice price, FOB contract price, margin, or profit. Reporter share fields are shares within Vietnam, Brazil, and Indonesia only, not global destination-market share. Low-volume destination (< 50 tons); unit value can be unstable.",UN Comtrade,https://comtradeapi.un.org/public/v1/preview/C/A/HS?reporterCode=704&flowCode=X&cmdCode=090111&period=2023&includeDesc=true,2026-05-30T19:13:38.772Z
A,2023-01-01,2023,Indonesia,IDN,Singapore,SGP,Export,coffee,coffee_raw_core,090111,Coffee; not roasted or decaffeinated,18287256.018,5520.70425,3312.486087,95.607256,95.87032,1,2,ok,ok,0.82,"Export unit value is calculated as SUM(value_usd) / SUM(quantity_ton). Use as a directional competitor benchmark only; it is not a transaction price, invoice price, FOB contract price, margin, or profit. Reporter share fields are shares within Vietnam, Brazil, and Indonesia only, not global destination-market share.",UN Comtrade,https://comtradeapi.un.org/public/v1/preview/C/A/HS?reporterCode=360&flowCode=X&cmdCode=090111&period=2023&includeDesc=true,2026-05-30T19:13:38.772Z
A,2023-01-01,2023,Vietnam,VNM,Singapore,SGP,Export,coffee,coffee_raw_core,090111,Coffee; not roasted or decaffeinated,840221.18,237.808122,3533.189586,4.392744,4.12968,2,1,ok,ok,0.82,"Export unit value is calculated as SUM(value_usd) / SUM(quantity_ton). Use as a directional competitor benchmark only; it is not a transaction price, invoice price, FOB contract price, margin, or profit. Reporter share fields are shares within Vietnam, Brazil, and Indonesia only, not global destination-market share.",UN Comtrade,https://comtradeapi.un.org/public/v1/preview/C/A/HS?reporterCode=704&flowCode=X&cmdCode=090111&period=2023&includeDesc=true,2026-05-30T19:13:38.772Z
A,2023-01-01,2023,Indonesia,IDN,Slovakia,SVK,Export,coffee,coffee_raw_core,090111,Coffee; not roasted or decaffeinated,25500,2.714,9395.725866,100,100,1,1,ok,low_volume_for_competitor_benchmark,0.55,"Export unit value is calculated as SUM(value_usd) / SUM(quantity_ton). Use as a directional competitor benchmark only; it is not a transaction price, invoice price, FOB contract price, margin, or profit. Reporter share fields are shares within Vietnam, Brazil, and Indonesia only, not global destination-market share. Low-volume destination (< 50 tons); unit value can be unstable.",UN Comtrade,https://comtradeapi.un.org/public/v1/preview/C/A/HS?reporterCode=360&flowCode=X&cmdCode=090111&period=2023&includeDesc=true,2026-05-30T19:13:38.772Z
A,2023-01-01,2023,Vietnam,VNM,Slovenia,SVN,Export,coffee,coffee_raw_core,090111,Coffee; not roasted or decaffeinated,10001974.099,3957.21015,2527.5317,100,100,1,1,ok,ok,0.82,"Export unit value is calculated as SUM(value_usd) / SUM(quantity_ton). Use as a directional competitor benchmark only; it is not a transaction price, invoice price, FOB contract price, margin, or profit. Reporter share fields are shares within Vietnam, Brazil, and Indonesia only, not global destination-market share.",UN Comtrade,https://comtradeapi.un.org/public/v1/preview/C/A/HS?reporterCode=704&flowCode=X&cmdCode=090111&period=2023&includeDesc=true,2026-05-30T19:13:38.772Z
A,2023-01-01,2023,Indonesia,IDN,South Africa,ZAF,Export,coffee,coffee_raw_core,090111,Coffee; not roasted or decaffeinated,674962.37,96,7030.858021,4.761313,1.793625,2,1,ok,ok,0.82,"Export unit value is calculated as SUM(value_usd) / SUM(quantity_ton). Use as a directional competitor benchmark only; it is not a transaction price, invoice price, FOB contract price, margin, or profit. Reporter share fields are shares within Vietnam, Brazil, and Indonesia only, not global destination-market share.",UN Comtrade,https://comtradeapi.un.org/public/v1/preview/C/A/HS?reporterCode=360&flowCode=X&cmdCode=090111&period=2023&includeDesc=true,2026-05-30T19:13:38.772Z
A,2023-01-01,2023,Vietnam,VNM,South Africa,ZAF,Export,coffee,coffee_raw_core,090111,Coffee; not roasted or decaffeinated,13501008.72,5256.289453,2568.543616,95.238687,98.206375,1,2,ok,ok,0.82,"Export unit value is calculated as SUM(value_usd) / SUM(quantity_ton). Use as a directional competitor benchmark only; it is not a transaction price, invoice price, FOB contract price, margin, or profit. Reporter share fields are shares within Vietnam, Brazil, and Indonesia only, not global destination-market share.",UN Comtrade,https://comtradeapi.un.org/public/v1/preview/C/A/HS?reporterCode=704&flowCode=X&cmdCode=090111&period=2023&includeDesc=true,2026-05-30T19:13:38.772Z
A,2023-01-01,2023,Indonesia,IDN,Spain,ESP,Export,coffee,coffee_raw_core,090111,Coffee; not roasted or decaffeinated,8618042.1,4288.878,2009.393156,5.098052,7.141968,2,2,ok,ok,0.82,"Export unit value is calculated as SUM(value_usd) / SUM(quantity_ton). Use as a directional competitor benchmark only; it is not a transaction price, invoice price, FOB contract price, margin, or profit. Reporter share fields are shares within Vietnam, Brazil, and Indonesia only, not global destination-market share.",UN Comtrade,https://comtradeapi.un.org/public/v1/preview/C/A/HS?reporterCode=360&flowCode=X&cmdCode=090111&period=2023&includeDesc=true,2026-05-30T19:13:38.772Z
A,2023-01-01,2023,Vietnam,VNM,Spain,ESP,Export,coffee,coffee_raw_core,090111,Coffee; not roasted or decaffeinated,160427747.482,55762.888606,2876.962645,94.901948,92.858032,1,1,ok,ok,0.82,"Export unit value is calculated as SUM(value_usd) / SUM(quantity_ton). Use as a directional competitor benchmark only; it is not a transaction price, invoice price, FOB contract price, margin, or profit. Reporter share fields are shares within Vietnam, Brazil, and Indonesia only, not global destination-market share.",UN Comtrade,https://comtradeapi.un.org/public/v1/preview/C/A/HS?reporterCode=704&flowCode=X&cmdCode=090111&period=2023&includeDesc=true,2026-05-30T19:13:38.772Z
A,2023-01-01,2023,Vietnam,VNM,Sri Lanka,LKA,Export,coffee,coffee_raw_core,090111,Coffee; not roasted or decaffeinated,60219.6,23.450303,2567.966819,100,100,1,1,ok,low_volume_for_competitor_benchmark,0.55,"Export unit value is calculated as SUM(value_usd) / SUM(quantity_ton). Use as a directional competitor benchmark only; it is not a transaction price, invoice price, FOB contract price, margin, or profit. Reporter share fields are shares within Vietnam, Brazil, and Indonesia only, not global destination-market share. Low-volume destination (< 50 tons); unit value can be unstable.",UN Comtrade,https://comtradeapi.un.org/public/v1/preview/C/A/HS?reporterCode=704&flowCode=X&cmdCode=090111&period=2023&includeDesc=true,2026-05-30T19:13:38.772Z
A,2023-01-01,2023,Indonesia,IDN,Sweden,SWE,Export,coffee,coffee_raw_core,090111,Coffee; not roasted or decaffeinated,96336,43.2,2230,2.458828,2.918766,2,2,ok,low_volume_for_competitor_benchmark,0.55,"Export unit value is calculated as SUM(value_usd) / SUM(quantity_ton). Use as a directional competitor benchmark only; it is not a transaction price, invoice price, FOB contract price, margin, or profit. Reporter share fields are shares within Vietnam, Brazil, and Indonesia only, not global destination-market share. Low-volume destination (< 50 tons); unit value can be unstable.",UN Comtrade,https://comtradeapi.un.org/public/v1/preview/C/A/HS?reporterCode=360&flowCode=X&cmdCode=090111&period=2023&includeDesc=true,2026-05-30T19:13:38.772Z
A,2023-01-01,2023,Vietnam,VNM,Sweden,SWE,Export,coffee,coffee_raw_core,090111,Coffee; not roasted or decaffeinated,3821627.67,1436.877525,2659.675305,97.541172,97.081234,1,1,ok,ok,0.82,"Export unit value is calculated as SUM(value_usd) / SUM(quantity_ton). Use as a directional competitor benchmark only; it is not a transaction price, invoice price, FOB contract price, margin, or profit. Reporter share fields are shares within Vietnam, Brazil, and Indonesia only, not global destination-market share.",UN Comtrade,https://comtradeapi.un.org/public/v1/preview/C/A/HS?reporterCode=704&flowCode=X&cmdCode=090111&period=2023&includeDesc=true,2026-05-30T19:13:38.772Z
A,2023-01-01,2023,Indonesia,IDN,Switzerland,CHE,Export,coffee,coffee_raw_core,090111,Coffee; not roasted or decaffeinated,81232,19.66,4131.841302,12.342948,9.682857,2,1,ok,low_volume_for_competitor_benchmark,0.55,"Export unit value is calculated as SUM(value_usd) / SUM(quantity_ton). Use as a directional competitor benchmark only; it is not a transaction price, invoice price, FOB contract price, margin, or profit. Reporter share fields are shares within Vietnam, Brazil, and Indonesia only, not global destination-market share. Low-volume destination (< 50 tons); unit value can be unstable.",UN Comtrade,https://comtradeapi.un.org/public/v1/preview/C/A/HS?reporterCode=360&flowCode=X&cmdCode=090111&period=2023&includeDesc=true,2026-05-30T19:13:38.772Z
A,2023-01-01,2023,Vietnam,VNM,Switzerland,CHE,Export,coffee,coffee_raw_core,090111,Coffee; not roasted or decaffeinated,576892.8,183.379244,3145.900198,87.657052,90.317143,1,2,ok,ok,0.82,"Export unit value is calculated as SUM(value_usd) / SUM(quantity_ton). Use as a directional competitor benchmark only; it is not a transaction price, invoice price, FOB contract price, margin, or profit. Reporter share fields are shares within Vietnam, Brazil, and Indonesia only, not global destination-market share.",UN Comtrade,https://comtradeapi.un.org/public/v1/preview/C/A/HS?reporterCode=704&flowCode=X&cmdCode=090111&period=2023&includeDesc=true,2026-05-30T19:13:38.772Z
A,2023-01-01,2023,Indonesia,IDN,Thailand,THA,Export,coffee,coffee_raw_core,090111,Coffee; not roasted or decaffeinated,27493433.926,9753.4658,2818.837374,27.61543,30.430568,2,2,ok,ok,0.82,"Export unit value is calculated as SUM(value_usd) / SUM(quantity_ton). Use as a directional competitor benchmark only; it is not a transaction price, invoice price, FOB contract price, margin, or profit. Reporter share fields are shares within Vietnam, Brazil, and Indonesia only, not global destination-market share.",UN Comtrade,https://comtradeapi.un.org/public/v1/preview/C/A/HS?reporterCode=360&flowCode=X&cmdCode=090111&period=2023&includeDesc=true,2026-05-30T19:13:38.772Z
A,2023-01-01,2023,Vietnam,VNM,Thailand,THA,Export,coffee,coffee_raw_core,090111,Coffee; not roasted or decaffeinated,72064798.244,22298.074634,3231.884341,72.38457,69.569432,1,1,ok,ok,0.82,"Export unit value is calculated as SUM(value_usd) / SUM(quantity_ton). Use as a directional competitor benchmark only; it is not a transaction price, invoice price, FOB contract price, margin, or profit. Reporter share fields are shares within Vietnam, Brazil, and Indonesia only, not global destination-market share.",UN Comtrade,https://comtradeapi.un.org/public/v1/preview/C/A/HS?reporterCode=704&flowCode=X&cmdCode=090111&period=2023&includeDesc=true,2026-05-30T19:13:38.772Z
A,2023-01-01,2023,Indonesia,IDN,Timor-Leste,TLS,Export,coffee,coffee_raw_core,090111,Coffee; not roasted or decaffeinated,137,0.0977,1402.251791,100,100,1,1,ok,low_volume_for_competitor_benchmark,0.55,"Export unit value is calculated as SUM(value_usd) / SUM(quantity_ton). Use as a directional competitor benchmark only; it is not a transaction price, invoice price, FOB contract price, margin, or profit. Reporter share fields are shares within Vietnam, Brazil, and Indonesia only, not global destination-market share. Low-volume destination (< 50 tons); unit value can be unstable.",UN Comtrade,https://comtradeapi.un.org/public/v1/preview/C/A/HS?reporterCode=360&flowCode=X&cmdCode=090111&period=2023&includeDesc=true,2026-05-30T19:13:38.772Z
A,2023-01-01,2023,Indonesia,IDN,Tunisia,TUN,Export,coffee,coffee_raw_core,090111,Coffee; not roasted or decaffeinated,776924.98,306.6,2534.001892,7.61327,9.193744,2,2,ok,ok,0.82,"Export unit value is calculated as SUM(value_usd) / SUM(quantity_ton). Use as a directional competitor benchmark only; it is not a transaction price, invoice price, FOB contract price, margin, or profit. Reporter share fields are shares within Vietnam, Brazil, and Indonesia only, not global destination-market share.",UN Comtrade,https://comtradeapi.un.org/public/v1/preview/C/A/HS?reporterCode=360&flowCode=X&cmdCode=090111&period=2023&includeDesc=true,2026-05-30T19:13:38.772Z
A,2023-01-01,2023,Vietnam,VNM,Tunisia,TUN,Export,coffee,coffee_raw_core,090111,Coffee; not roasted or decaffeinated,9427953.563,3028.276424,3113.306793,92.38673,90.806256,1,1,ok,ok,0.82,"Export unit value is calculated as SUM(value_usd) / SUM(quantity_ton). Use as a directional competitor benchmark only; it is not a transaction price, invoice price, FOB contract price, margin, or profit. Reporter share fields are shares within Vietnam, Brazil, and Indonesia only, not global destination-market share.",UN Comtrade,https://comtradeapi.un.org/public/v1/preview/C/A/HS?reporterCode=704&flowCode=X&cmdCode=090111&period=2023&includeDesc=true,2026-05-30T19:13:38.772Z
A,2023-01-01,2023,Indonesia,IDN,Türkiye,TUR,Export,coffee,coffee_raw_core,090111,Coffee; not roasted or decaffeinated,1930321.57,781.005,2471.586699,24.751477,30.263625,2,2,ok,ok,0.82,"Export unit value is calculated as SUM(value_usd) / SUM(quantity_ton). Use as a directional competitor benchmark only; it is not a transaction price, invoice price, FOB contract price, margin, or profit. Reporter share fields are shares within Vietnam, Brazil, and Indonesia only, not global destination-market share.",UN Comtrade,https://comtradeapi.un.org/public/v1/preview/C/A/HS?reporterCode=360&flowCode=X&cmdCode=090111&period=2023&includeDesc=true,2026-05-30T19:13:38.772Z
A,2023-01-01,2023,Vietnam,VNM,Türkiye,TUR,Export,coffee,coffee_raw_core,090111,Coffee; not roasted or decaffeinated,5868492.01,1799.667365,3260.87594,75.248523,69.736375,1,1,ok,ok,0.82,"Export unit value is calculated as SUM(value_usd) / SUM(quantity_ton). Use as a directional competitor benchmark only; it is not a transaction price, invoice price, FOB contract price, margin, or profit. Reporter share fields are shares within Vietnam, Brazil, and Indonesia only, not global destination-market share.",UN Comtrade,https://comtradeapi.un.org/public/v1/preview/C/A/HS?reporterCode=704&flowCode=X&cmdCode=090111&period=2023&includeDesc=true,2026-05-30T19:13:38.772Z
A,2023-01-01,2023,Indonesia,IDN,Ukraine,UKR,Export,coffee,coffee_raw_core,090111,Coffee; not roasted or decaffeinated,142,0.063,2253.968254,0.140417,0.246886,2,2,ok,low_volume_for_competitor_benchmark,0.55,"Export unit value is calculated as SUM(value_usd) / SUM(quantity_ton). Use as a directional competitor benchmark only; it is not a transaction price, invoice price, FOB contract price, margin, or profit. Reporter share fields are shares within Vietnam, Brazil, and Indonesia only, not global destination-market share. Low-volume destination (< 50 tons); unit value can be unstable.",UN Comtrade,https://comtradeapi.un.org/public/v1/preview/C/A/HS?reporterCode=360&flowCode=X&cmdCode=090111&period=2023&includeDesc=true,2026-05-30T19:13:38.772Z
A,2023-01-01,2023,Vietnam,VNM,Ukraine,UKR,Export,coffee,coffee_raw_core,090111,Coffee; not roasted or decaffeinated,100985.4,25.454874,3967.232366,99.859583,99.753114,1,1,ok,low_volume_for_competitor_benchmark,0.55,"Export unit value is calculated as SUM(value_usd) / SUM(quantity_ton). Use as a directional competitor benchmark only; it is not a transaction price, invoice price, FOB contract price, margin, or profit. Reporter share fields are shares within Vietnam, Brazil, and Indonesia only, not global destination-market share. Low-volume destination (< 50 tons); unit value can be unstable.",UN Comtrade,https://comtradeapi.un.org/public/v1/preview/C/A/HS?reporterCode=704&flowCode=X&cmdCode=090111&period=2023&includeDesc=true,2026-05-30T19:13:38.772Z
A,2023-01-01,2023,Indonesia,IDN,United Arab Emirates,ARE,Export,coffee,coffee_raw_core,090111,Coffee; not roasted or decaffeinated,15591718.748,5032.57853,3098.157069,38.210473,40.533107,2,2,ok,ok,0.82,"Export unit value is calculated as SUM(value_usd) / SUM(quantity_ton). Use as a directional competitor benchmark only; it is not a transaction price, invoice price, FOB contract price, margin, or profit. Reporter share fields are shares within Vietnam, Brazil, and Indonesia only, not global destination-market share.",UN Comtrade,https://comtradeapi.un.org/public/v1/preview/C/A/HS?reporterCode=360&flowCode=X&cmdCode=090111&period=2023&includeDesc=true,2026-05-30T19:13:38.772Z
A,2023-01-01,2023,Vietnam,VNM,United Arab Emirates,ARE,Export,coffee,coffee_raw_core,090111,Coffee; not roasted or decaffeinated,25213111.324,7383.391852,3414.841286,61.789527,59.466893,1,1,ok,ok,0.82,"Export unit value is calculated as SUM(value_usd) / SUM(quantity_ton). Use as a directional competitor benchmark only; it is not a transaction price, invoice price, FOB contract price, margin, or profit. Reporter share fields are shares within Vietnam, Brazil, and Indonesia only, not global destination-market share.",UN Comtrade,https://comtradeapi.un.org/public/v1/preview/C/A/HS?reporterCode=704&flowCode=X&cmdCode=090111&period=2023&includeDesc=true,2026-05-30T19:13:38.772Z
A,2023-01-01,2023,Vietnam,VNM,United Kingdom,GBR,Export,coffee,coffee_raw_core,090111,Coffee; not roasted or decaffeinated,71042752.429,24866.981816,2856.910941,100,100,1,1,ok,ok,0.82,"Export unit value is calculated as SUM(value_usd) / SUM(quantity_ton). Use as a directional competitor benchmark only; it is not a transaction price, invoice price, FOB contract price, margin, or profit. Reporter share fields are shares within Vietnam, Brazil, and Indonesia only, not global destination-market share.",UN Comtrade,https://comtradeapi.un.org/public/v1/preview/C/A/HS?reporterCode=704&flowCode=X&cmdCode=090111&period=2023&includeDesc=true,2026-05-30T19:13:38.772Z
A,2023-01-01,2023,Vietnam,VNM,USA,USA,Export,coffee,coffee_raw_core,090111,Coffee; not roasted or decaffeinated,247811857.319,84899.023293,2918.901157,100,100,1,1,ok,ok,0.82,"Export unit value is calculated as SUM(value_usd) / SUM(quantity_ton). Use as a directional competitor benchmark only; it is not a transaction price, invoice price, FOB contract price, margin, or profit. Reporter share fields are shares within Vietnam, Brazil, and Indonesia only, not global destination-market share.",UN Comtrade,https://comtradeapi.un.org/public/v1/preview/C/A/HS?reporterCode=704&flowCode=X&cmdCode=090111&period=2023&includeDesc=true,2026-05-30T19:13:38.772Z
A,2023-01-01,2023,Vietnam,VNM,Venezuela,VEN,Export,coffee,coffee_raw_core,090111,Coffee; not roasted or decaffeinated,405510.27,191.461,2117.978439,100,100,1,1,ok,ok,0.82,"Export unit value is calculated as SUM(value_usd) / SUM(quantity_ton). Use as a directional competitor benchmark only; it is not a transaction price, invoice price, FOB contract price, margin, or profit. Reporter share fields are shares within Vietnam, Brazil, and Indonesia only, not global destination-market share.",UN Comtrade,https://comtradeapi.un.org/public/v1/preview/C/A/HS?reporterCode=704&flowCode=X&cmdCode=090111&period=2023&includeDesc=true,2026-05-30T19:13:38.772Z
A,2023-01-01,2023,Indonesia,IDN,Viet Nam,VNM,Export,coffee,coffee_raw_core,090111,Coffee; not roasted or decaffeinated,21591773.85,9765.22,2211.089341,100,100,1,1,ok,ok,0.82,"Export unit value is calculated as SUM(value_usd) / SUM(quantity_ton). Use as a directional competitor benchmark only; it is not a transaction price, invoice price, FOB contract price, margin, or profit. Reporter share fields are shares within Vietnam, Brazil, and Indonesia only, not global destination-market share.",UN Comtrade,https://comtradeapi.un.org/public/v1/preview/C/A/HS?reporterCode=360&flowCode=X&cmdCode=090111&period=2023&includeDesc=true,2026-05-30T19:13:38.772Z