period_type,period_start,period_label,reporter_country,reporter_iso,partner_country,partner_iso,flow,commodity_group,analysis_bucket,hs6,hs_description,quantity_raw,quantity_unit_raw,net_weight_kg,quantity_ton,value_usd,source_name,source_url,fetched_at,data_quality_flag,confidence_score,notes
A,2020-01-01,2020,Vietnam,VNM,World,W00,Export,coffee,coffee_raw_core,090111,Coffee; not roasted or decaffeinated,1208070971.77,kg,1208070971.77,1208070.97177,1886972064.043,UN Comtrade,https://comtradeapi.un.org/public/v1/preview/C/A/HS?reporterCode=704&flowCode=X&cmdCode=090111&period=2020%2C2021%2C2022%2C2023%2C2024%2C2025%2C2026&includeDesc=true,2026-05-26T17:43:55.608Z,aggregate_partner_excluded_or_flagged,0.75,"Comtrade filtered on customs=C00, mot=0, partner2=0; quantity_source=net_wgt_kg"
A,2020-01-01,2020,Vietnam,VNM,Algeria,DZA,Export,coffee,coffee_raw_core,090111,Coffee; not roasted or decaffeinated,60141636.503,kg,60141636.503,60141.636503,93745129.556,UN Comtrade,https://comtradeapi.un.org/public/v1/preview/C/A/HS?reporterCode=704&flowCode=X&cmdCode=090111&period=2020%2C2021%2C2022%2C2023%2C2024%2C2025%2C2026&includeDesc=true,2026-05-26T17:43:55.608Z,ok,0.9,"Comtrade filtered on customs=C00, mot=0, partner2=0; quantity_source=net_wgt_kg"
A,2020-01-01,2020,Vietnam,VNM,Argentina,ARG,Export,coffee,coffee_raw_core,090111,Coffee; not roasted or decaffeinated,335933.141,kg,335933.141,335.933141,519309.094,UN Comtrade,https://comtradeapi.un.org/public/v1/preview/C/A/HS?reporterCode=704&flowCode=X&cmdCode=090111&period=2020%2C2021%2C2022%2C2023%2C2024%2C2025%2C2026&includeDesc=true,2026-05-26T17:43:55.608Z,ok,0.9,"Comtrade filtered on customs=C00, mot=0, partner2=0; quantity_source=net_wgt_kg"
A,2020-01-01,2020,Vietnam,VNM,Australia,AUS,Export,coffee,coffee_raw_core,090111,Coffee; not roasted or decaffeinated,14981931.002,kg,14981931.002,14981.931002,23186038.823,UN Comtrade,https://comtradeapi.un.org/public/v1/preview/C/A/HS?reporterCode=704&flowCode=X&cmdCode=090111&period=2020%2C2021%2C2022%2C2023%2C2024%2C2025%2C2026&includeDesc=true,2026-05-26T17:43:55.608Z,ok,0.9,"Comtrade filtered on customs=C00, mot=0, partner2=0; quantity_source=net_wgt_kg"
A,2020-01-01,2020,Vietnam,VNM,Austria,AUT,Export,coffee,coffee_raw_core,090111,Coffee; not roasted or decaffeinated,420,kg,420,0.42,8673,UN Comtrade,https://comtradeapi.un.org/public/v1/preview/C/A/HS?reporterCode=704&flowCode=X&cmdCode=090111&period=2020%2C2021%2C2022%2C2023%2C2024%2C2025%2C2026&includeDesc=true,2026-05-26T17:43:55.608Z,suspicious_unit_price,0.7,"Comtrade filtered on customs=C00, mot=0, partner2=0; quantity_source=net_wgt_kg"
A,2020-01-01,2020,Vietnam,VNM,Belgium,BEL,Export,coffee,coffee_raw_core,090111,Coffee; not roasted or decaffeinated,69208319.913,kg,69208319.913,69208.319913,111863668.417,UN Comtrade,https://comtradeapi.un.org/public/v1/preview/C/A/HS?reporterCode=704&flowCode=X&cmdCode=090111&period=2020%2C2021%2C2022%2C2023%2C2024%2C2025%2C2026&includeDesc=true,2026-05-26T17:43:55.608Z,ok,0.9,"Comtrade filtered on customs=C00, mot=0, partner2=0; quantity_source=net_wgt_kg"
A,2020-01-01,2020,Vietnam,VNM,Brazil,BRA,Export,coffee,coffee_raw_core,090111,Coffee; not roasted or decaffeinated,19078.457,kg,19078.457,19.078457,29800,UN Comtrade,https://comtradeapi.un.org/public/v1/preview/C/A/HS?reporterCode=704&flowCode=X&cmdCode=090111&period=2020%2C2021%2C2022%2C2023%2C2024%2C2025%2C2026&includeDesc=true,2026-05-26T17:43:55.608Z,ok,0.9,"Comtrade filtered on customs=C00, mot=0, partner2=0; quantity_source=net_wgt_kg"
A,2020-01-01,2020,Vietnam,VNM,Brunei Darussalam,BRN,Export,coffee,coffee_raw_core,090111,Coffee; not roasted or decaffeinated,595.13,kg,595.13,0.59513,2820,UN Comtrade,https://comtradeapi.un.org/public/v1/preview/C/A/HS?reporterCode=704&flowCode=X&cmdCode=090111&period=2020%2C2021%2C2022%2C2023%2C2024%2C2025%2C2026&includeDesc=true,2026-05-26T17:43:55.608Z,ok,0.9,"Comtrade filtered on customs=C00, mot=0, partner2=0; quantity_source=net_wgt_kg"
A,2020-01-01,2020,Vietnam,VNM,Bulgaria,BGR,Export,coffee,coffee_raw_core,090111,Coffee; not roasted or decaffeinated,1167435.815,kg,1167435.815,1167.435815,1815061.709,UN Comtrade,https://comtradeapi.un.org/public/v1/preview/C/A/HS?reporterCode=704&flowCode=X&cmdCode=090111&period=2020%2C2021%2C2022%2C2023%2C2024%2C2025%2C2026&includeDesc=true,2026-05-26T17:43:55.608Z,ok,0.9,"Comtrade filtered on customs=C00, mot=0, partner2=0; quantity_source=net_wgt_kg"
A,2020-01-01,2020,Vietnam,VNM,Myanmar,MMR,Export,coffee,coffee_raw_core,090111,Coffee; not roasted or decaffeinated,154022.803,kg,154022.803,154.022803,294735.185,UN Comtrade,https://comtradeapi.un.org/public/v1/preview/C/A/HS?reporterCode=704&flowCode=X&cmdCode=090111&period=2020%2C2021%2C2022%2C2023%2C2024%2C2025%2C2026&includeDesc=true,2026-05-26T17:43:55.608Z,ok,0.9,"Comtrade filtered on customs=C00, mot=0, partner2=0; quantity_source=net_wgt_kg"
A,2020-01-01,2020,Vietnam,VNM,Cambodia,KHM,Export,coffee,coffee_raw_core,090111,Coffee; not roasted or decaffeinated,385434.612,kg,385434.612,385.434612,690445.473,UN Comtrade,https://comtradeapi.un.org/public/v1/preview/C/A/HS?reporterCode=704&flowCode=X&cmdCode=090111&period=2020%2C2021%2C2022%2C2023%2C2024%2C2025%2C2026&includeDesc=true,2026-05-26T17:43:55.608Z,ok,0.9,"Comtrade filtered on customs=C00, mot=0, partner2=0; quantity_source=net_wgt_kg"
A,2020-01-01,2020,Vietnam,VNM,Canada,CAN,Export,coffee,coffee_raw_core,090111,Coffee; not roasted or decaffeinated,5892120.91,kg,5892120.91,5892.12091,9840552.51,UN Comtrade,https://comtradeapi.un.org/public/v1/preview/C/A/HS?reporterCode=704&flowCode=X&cmdCode=090111&period=2020%2C2021%2C2022%2C2023%2C2024%2C2025%2C2026&includeDesc=true,2026-05-26T17:43:55.608Z,ok,0.9,"Comtrade filtered on customs=C00, mot=0, partner2=0; quantity_source=net_wgt_kg"
A,2020-01-01,2020,Vietnam,VNM,Sri Lanka,LKA,Export,coffee,coffee_raw_core,090111,Coffee; not roasted or decaffeinated,55030,kg,55030,55.03,95996,UN Comtrade,https://comtradeapi.un.org/public/v1/preview/C/A/HS?reporterCode=704&flowCode=X&cmdCode=090111&period=2020%2C2021%2C2022%2C2023%2C2024%2C2025%2C2026&includeDesc=true,2026-05-26T17:43:55.608Z,ok,0.9,"Comtrade filtered on customs=C00, mot=0, partner2=0; quantity_source=net_wgt_kg"
A,2020-01-01,2020,Vietnam,VNM,Chile,CHL,Export,coffee,coffee_raw_core,090111,Coffee; not roasted or decaffeinated,361534.908,kg,361534.908,361.534908,590307.718,UN Comtrade,https://comtradeapi.un.org/public/v1/preview/C/A/HS?reporterCode=704&flowCode=X&cmdCode=090111&period=2020%2C2021%2C2022%2C2023%2C2024%2C2025%2C2026&includeDesc=true,2026-05-26T17:43:55.608Z,ok,0.9,"Comtrade filtered on customs=C00, mot=0, partner2=0; quantity_source=net_wgt_kg"
A,2020-01-01,2020,Vietnam,VNM,China,CHN,Export,coffee,coffee_raw_core,090111,Coffee; not roasted or decaffeinated,23558124.4,kg,23558124.4,23558.1244,35576966.828,UN Comtrade,https://comtradeapi.un.org/public/v1/preview/C/A/HS?reporterCode=704&flowCode=X&cmdCode=090111&period=2020%2C2021%2C2022%2C2023%2C2024%2C2025%2C2026&includeDesc=true,2026-05-26T17:43:55.608Z,ok,0.9,"Comtrade filtered on customs=C00, mot=0, partner2=0; quantity_source=net_wgt_kg"
A,2020-01-01,2020,Vietnam,VNM,Croatia,HRV,Export,coffee,coffee_raw_core,090111,Coffee; not roasted or decaffeinated,1938359.436,kg,1938359.436,1938.359436,2902790.92,UN Comtrade,https://comtradeapi.un.org/public/v1/preview/C/A/HS?reporterCode=704&flowCode=X&cmdCode=090111&period=2020%2C2021%2C2022%2C2023%2C2024%2C2025%2C2026&includeDesc=true,2026-05-26T17:43:55.608Z,ok,0.9,"Comtrade filtered on customs=C00, mot=0, partner2=0; quantity_source=net_wgt_kg"
A,2020-01-01,2020,Vietnam,VNM,Czechia,CZE,Export,coffee,coffee_raw_core,090111,Coffee; not roasted or decaffeinated,1123861.782,kg,1123861.782,1123.861782,1730425.4,UN Comtrade,https://comtradeapi.un.org/public/v1/preview/C/A/HS?reporterCode=704&flowCode=X&cmdCode=090111&period=2020%2C2021%2C2022%2C2023%2C2024%2C2025%2C2026&includeDesc=true,2026-05-26T17:43:55.608Z,ok,0.9,"Comtrade filtered on customs=C00, mot=0, partner2=0; quantity_source=net_wgt_kg"
A,2020-01-01,2020,Vietnam,VNM,Denmark,DNK,Export,coffee,coffee_raw_core,090111,Coffee; not roasted or decaffeinated,1520715.29,kg,1520715.29,1520.71529,2417619.45,UN Comtrade,https://comtradeapi.un.org/public/v1/preview/C/A/HS?reporterCode=704&flowCode=X&cmdCode=090111&period=2020%2C2021%2C2022%2C2023%2C2024%2C2025%2C2026&includeDesc=true,2026-05-26T17:43:55.608Z,ok,0.9,"Comtrade filtered on customs=C00, mot=0, partner2=0; quantity_source=net_wgt_kg"
A,2020-01-01,2020,Vietnam,VNM,Dominican Rep.,DOM,Export,coffee,coffee_raw_core,090111,Coffee; not roasted or decaffeinated,4152649.259,kg,4152649.259,4152.649259,6118560.038,UN Comtrade,https://comtradeapi.un.org/public/v1/preview/C/A/HS?reporterCode=704&flowCode=X&cmdCode=090111&period=2020%2C2021%2C2022%2C2023%2C2024%2C2025%2C2026&includeDesc=true,2026-05-26T17:43:55.608Z,ok,0.9,"Comtrade filtered on customs=C00, mot=0, partner2=0; quantity_source=net_wgt_kg"
A,2020-01-01,2020,Vietnam,VNM,Ecuador,ECU,Export,coffee,coffee_raw_core,090111,Coffee; not roasted or decaffeinated,8725439.34,kg,8725439.34,8725.43934,13446042.4,UN Comtrade,https://comtradeapi.un.org/public/v1/preview/C/A/HS?reporterCode=704&flowCode=X&cmdCode=090111&period=2020%2C2021%2C2022%2C2023%2C2024%2C2025%2C2026&includeDesc=true,2026-05-26T17:43:55.608Z,ok,0.9,"Comtrade filtered on customs=C00, mot=0, partner2=0; quantity_source=net_wgt_kg"
A,2020-01-01,2020,Vietnam,VNM,Estonia,EST,Export,coffee,coffee_raw_core,090111,Coffee; not roasted or decaffeinated,73872,kg,73872,73.872,135099.2,UN Comtrade,https://comtradeapi.un.org/public/v1/preview/C/A/HS?reporterCode=704&flowCode=X&cmdCode=090111&period=2020%2C2021%2C2022%2C2023%2C2024%2C2025%2C2026&includeDesc=true,2026-05-26T17:43:55.608Z,ok,0.9,"Comtrade filtered on customs=C00, mot=0, partner2=0; quantity_source=net_wgt_kg"
A,2020-01-01,2020,Vietnam,VNM,Finland,FIN,Export,coffee,coffee_raw_core,090111,Coffee; not roasted or decaffeinated,1794827.117,kg,1794827.117,1794.827117,2886754.78,UN Comtrade,https://comtradeapi.un.org/public/v1/preview/C/A/HS?reporterCode=704&flowCode=X&cmdCode=090111&period=2020%2C2021%2C2022%2C2023%2C2024%2C2025%2C2026&includeDesc=true,2026-05-26T17:43:55.608Z,ok,0.9,"Comtrade filtered on customs=C00, mot=0, partner2=0; quantity_source=net_wgt_kg"
A,2020-01-01,2020,Vietnam,VNM,France,FRA,Export,coffee,coffee_raw_core,090111,Coffee; not roasted or decaffeinated,18731728.61,kg,18731728.61,18731.72861,28762956.679,UN Comtrade,https://comtradeapi.un.org/public/v1/preview/C/A/HS?reporterCode=704&flowCode=X&cmdCode=090111&period=2020%2C2021%2C2022%2C2023%2C2024%2C2025%2C2026&includeDesc=true,2026-05-26T17:43:55.608Z,ok,0.9,"Comtrade filtered on customs=C00, mot=0, partner2=0; quantity_source=net_wgt_kg"
A,2020-01-01,2020,Vietnam,VNM,Germany,DEU,Export,coffee,coffee_raw_core,090111,Coffee; not roasted or decaffeinated,212181556.967,kg,212181556.967,212181.556967,324793743.384,UN Comtrade,https://comtradeapi.un.org/public/v1/preview/C/A/HS?reporterCode=704&flowCode=X&cmdCode=090111&period=2020%2C2021%2C2022%2C2023%2C2024%2C2025%2C2026&includeDesc=true,2026-05-26T17:43:55.608Z,ok,0.9,"Comtrade filtered on customs=C00, mot=0, partner2=0; quantity_source=net_wgt_kg"
A,2020-01-01,2020,Vietnam,VNM,Greece,GRC,Export,coffee,coffee_raw_core,090111,Coffee; not roasted or decaffeinated,10340623.092,kg,10340623.092,10340.623092,16090834.993,UN Comtrade,https://comtradeapi.un.org/public/v1/preview/C/A/HS?reporterCode=704&flowCode=X&cmdCode=090111&period=2020%2C2021%2C2022%2C2023%2C2024%2C2025%2C2026&includeDesc=true,2026-05-26T17:43:55.608Z,ok,0.9,"Comtrade filtered on customs=C00, mot=0, partner2=0; quantity_source=net_wgt_kg"
A,2020-01-01,2020,Vietnam,VNM,"China, Hong Kong SAR",HKG,Export,coffee,coffee_raw_core,090111,Coffee; not roasted or decaffeinated,635862.781,kg,635862.781,635.862781,1069398.603,UN Comtrade,https://comtradeapi.un.org/public/v1/preview/C/A/HS?reporterCode=704&flowCode=X&cmdCode=090111&period=2020%2C2021%2C2022%2C2023%2C2024%2C2025%2C2026&includeDesc=true,2026-05-26T17:43:55.608Z,ok,0.9,"Comtrade filtered on customs=C00, mot=0, partner2=0; quantity_source=net_wgt_kg"
A,2020-01-01,2020,Vietnam,VNM,Indonesia,IDN,Export,coffee,coffee_raw_core,090111,Coffee; not roasted or decaffeinated,8403416.574,kg,8403416.574,8403.416574,13120117.35,UN Comtrade,https://comtradeapi.un.org/public/v1/preview/C/A/HS?reporterCode=704&flowCode=X&cmdCode=090111&period=2020%2C2021%2C2022%2C2023%2C2024%2C2025%2C2026&includeDesc=true,2026-05-26T17:43:55.608Z,ok,0.9,"Comtrade filtered on customs=C00, mot=0, partner2=0; quantity_source=net_wgt_kg"
A,2020-01-01,2020,Vietnam,VNM,Ireland,IRL,Export,coffee,coffee_raw_core,090111,Coffee; not roasted or decaffeinated,3381533.678,kg,3381533.678,3381.533678,6972393.6,UN Comtrade,https://comtradeapi.un.org/public/v1/preview/C/A/HS?reporterCode=704&flowCode=X&cmdCode=090111&period=2020%2C2021%2C2022%2C2023%2C2024%2C2025%2C2026&includeDesc=true,2026-05-26T17:43:55.608Z,ok,0.9,"Comtrade filtered on customs=C00, mot=0, partner2=0; quantity_source=net_wgt_kg"
A,2020-01-01,2020,Vietnam,VNM,Israel,ISR,Export,coffee,coffee_raw_core,090111,Coffee; not roasted or decaffeinated,6496669.983,kg,6496669.983,6496.669983,10234437.164,UN Comtrade,https://comtradeapi.un.org/public/v1/preview/C/A/HS?reporterCode=704&flowCode=X&cmdCode=090111&period=2020%2C2021%2C2022%2C2023%2C2024%2C2025%2C2026&includeDesc=true,2026-05-26T17:43:55.608Z,ok,0.9,"Comtrade filtered on customs=C00, mot=0, partner2=0; quantity_source=net_wgt_kg"
A,2020-01-01,2020,Vietnam,VNM,Italy,ITA,Export,coffee,coffee_raw_core,090111,Coffee; not roasted or decaffeinated,138964510.326,kg,138964510.326,138964.510326,219128387.988,UN Comtrade,https://comtradeapi.un.org/public/v1/preview/C/A/HS?reporterCode=704&flowCode=X&cmdCode=090111&period=2020%2C2021%2C2022%2C2023%2C2024%2C2025%2C2026&includeDesc=true,2026-05-26T17:43:55.608Z,ok,0.9,"Comtrade filtered on customs=C00, mot=0, partner2=0; quantity_source=net_wgt_kg"
A,2020-01-01,2020,Vietnam,VNM,Japan,JPN,Export,coffee,coffee_raw_core,090111,Coffee; not roasted or decaffeinated,93866752.201,kg,93866752.201,93866.752201,148550704.418,UN Comtrade,https://comtradeapi.un.org/public/v1/preview/C/A/HS?reporterCode=704&flowCode=X&cmdCode=090111&period=2020%2C2021%2C2022%2C2023%2C2024%2C2025%2C2026&includeDesc=true,2026-05-26T17:43:55.608Z,ok,0.9,"Comtrade filtered on customs=C00, mot=0, partner2=0; quantity_source=net_wgt_kg"
A,2020-01-01,2020,Vietnam,VNM,Kazakhstan,KAZ,Export,coffee,coffee_raw_core,090111,Coffee; not roasted or decaffeinated,9000,kg,9000,9,17145,UN Comtrade,https://comtradeapi.un.org/public/v1/preview/C/A/HS?reporterCode=704&flowCode=X&cmdCode=090111&period=2020%2C2021%2C2022%2C2023%2C2024%2C2025%2C2026&includeDesc=true,2026-05-26T17:43:55.608Z,ok,0.9,"Comtrade filtered on customs=C00, mot=0, partner2=0; quantity_source=net_wgt_kg"
A,2020-01-01,2020,Vietnam,VNM,Rep. of Korea,KOR,Export,coffee,coffee_raw_core,090111,Coffee; not roasted or decaffeinated,29878348.575,kg,29878348.575,29878.348575,46897953.791,UN Comtrade,https://comtradeapi.un.org/public/v1/preview/C/A/HS?reporterCode=704&flowCode=X&cmdCode=090111&period=2020%2C2021%2C2022%2C2023%2C2024%2C2025%2C2026&includeDesc=true,2026-05-26T17:43:55.608Z,ok,0.9,"Comtrade filtered on customs=C00, mot=0, partner2=0; quantity_source=net_wgt_kg"
A,2020-01-01,2020,Vietnam,VNM,Kuwait,KWT,Export,coffee,coffee_raw_core,090111,Coffee; not roasted or decaffeinated,906318.755,kg,906318.755,906.318755,1562847.893,UN Comtrade,https://comtradeapi.un.org/public/v1/preview/C/A/HS?reporterCode=704&flowCode=X&cmdCode=090111&period=2020%2C2021%2C2022%2C2023%2C2024%2C2025%2C2026&includeDesc=true,2026-05-26T17:43:55.608Z,ok,0.9,"Comtrade filtered on customs=C00, mot=0, partner2=0; quantity_source=net_wgt_kg"
A,2020-01-01,2020,Vietnam,VNM,Latvia,LVA,Export,coffee,coffee_raw_core,090111,Coffee; not roasted or decaffeinated,281527.789,kg,281527.789,281.527789,453829.4,UN Comtrade,https://comtradeapi.un.org/public/v1/preview/C/A/HS?reporterCode=704&flowCode=X&cmdCode=090111&period=2020%2C2021%2C2022%2C2023%2C2024%2C2025%2C2026&includeDesc=true,2026-05-26T17:43:55.608Z,ok,0.9,"Comtrade filtered on customs=C00, mot=0, partner2=0; quantity_source=net_wgt_kg"
A,2020-01-01,2020,Vietnam,VNM,Lithuania,LTU,Export,coffee,coffee_raw_core,090111,Coffee; not roasted or decaffeinated,994248.038,kg,994248.038,994.248038,1639520.7,UN Comtrade,https://comtradeapi.un.org/public/v1/preview/C/A/HS?reporterCode=704&flowCode=X&cmdCode=090111&period=2020%2C2021%2C2022%2C2023%2C2024%2C2025%2C2026&includeDesc=true,2026-05-26T17:43:55.608Z,ok,0.9,"Comtrade filtered on customs=C00, mot=0, partner2=0; quantity_source=net_wgt_kg"
A,2020-01-01,2020,Vietnam,VNM,Malaysia,MYS,Export,coffee,coffee_raw_core,090111,Coffee; not roasted or decaffeinated,34029743.388,kg,34029743.388,34029.743388,51603176.258,UN Comtrade,https://comtradeapi.un.org/public/v1/preview/C/A/HS?reporterCode=704&flowCode=X&cmdCode=090111&period=2020%2C2021%2C2022%2C2023%2C2024%2C2025%2C2026&includeDesc=true,2026-05-26T17:43:55.608Z,ok,0.9,"Comtrade filtered on customs=C00, mot=0, partner2=0; quantity_source=net_wgt_kg"
A,2020-01-01,2020,Vietnam,VNM,Malta,MLT,Export,coffee,coffee_raw_core,090111,Coffee; not roasted or decaffeinated,117769.77,kg,117769.77,117.76977,184780.8,UN Comtrade,https://comtradeapi.un.org/public/v1/preview/C/A/HS?reporterCode=704&flowCode=X&cmdCode=090111&period=2020%2C2021%2C2022%2C2023%2C2024%2C2025%2C2026&includeDesc=true,2026-05-26T17:43:55.608Z,ok,0.9,"Comtrade filtered on customs=C00, mot=0, partner2=0; quantity_source=net_wgt_kg"
A,2020-01-01,2020,Vietnam,VNM,Mexico,MEX,Export,coffee,coffee_raw_core,090111,Coffee; not roasted or decaffeinated,1684935.561,kg,1684935.561,1684.935561,2606125.718,UN Comtrade,https://comtradeapi.un.org/public/v1/preview/C/A/HS?reporterCode=704&flowCode=X&cmdCode=090111&period=2020%2C2021%2C2022%2C2023%2C2024%2C2025%2C2026&includeDesc=true,2026-05-26T17:43:55.608Z,ok,0.9,"Comtrade filtered on customs=C00, mot=0, partner2=0; quantity_source=net_wgt_kg"
A,2020-01-01,2020,Vietnam,VNM,"Other Asia, nes",S19,Export,coffee,coffee_raw_core,090111,Coffee; not roasted or decaffeinated,1081342.858,kg,1081342.858,1081.342858,1988845.008,UN Comtrade,https://comtradeapi.un.org/public/v1/preview/C/A/HS?reporterCode=704&flowCode=X&cmdCode=090111&period=2020%2C2021%2C2022%2C2023%2C2024%2C2025%2C2026&includeDesc=true,2026-05-26T17:43:55.608Z,ok,0.9,"Comtrade filtered on customs=C00, mot=0, partner2=0; quantity_source=net_wgt_kg"
A,2020-01-01,2020,Vietnam,VNM,Morocco,MAR,Export,coffee,coffee_raw_core,090111,Coffee; not roasted or decaffeinated,3853698.252,kg,3853698.252,3853.698252,5918282.961,UN Comtrade,https://comtradeapi.un.org/public/v1/preview/C/A/HS?reporterCode=704&flowCode=X&cmdCode=090111&period=2020%2C2021%2C2022%2C2023%2C2024%2C2025%2C2026&includeDesc=true,2026-05-26T17:43:55.608Z,ok,0.9,"Comtrade filtered on customs=C00, mot=0, partner2=0; quantity_source=net_wgt_kg"
A,2020-01-01,2020,Vietnam,VNM,Netherlands,NLD,Export,coffee,coffee_raw_core,090111,Coffee; not roasted or decaffeinated,10736808.399,kg,10736808.399,10736.808399,18222344.832,UN Comtrade,https://comtradeapi.un.org/public/v1/preview/C/A/HS?reporterCode=704&flowCode=X&cmdCode=090111&period=2020%2C2021%2C2022%2C2023%2C2024%2C2025%2C2026&includeDesc=true,2026-05-26T17:43:55.608Z,ok,0.9,"Comtrade filtered on customs=C00, mot=0, partner2=0; quantity_source=net_wgt_kg"
A,2020-01-01,2020,Vietnam,VNM,New Zealand,NZL,Export,coffee,coffee_raw_core,090111,Coffee; not roasted or decaffeinated,673042.538,kg,673042.538,673.042538,1089638.4,UN Comtrade,https://comtradeapi.un.org/public/v1/preview/C/A/HS?reporterCode=704&flowCode=X&cmdCode=090111&period=2020%2C2021%2C2022%2C2023%2C2024%2C2025%2C2026&includeDesc=true,2026-05-26T17:43:55.608Z,ok,0.9,"Comtrade filtered on customs=C00, mot=0, partner2=0; quantity_source=net_wgt_kg"
A,2020-01-01,2020,Vietnam,VNM,Norway,NOR,Export,coffee,coffee_raw_core,090111,Coffee; not roasted or decaffeinated,342137.201,kg,342137.201,342.137201,560933.53,UN Comtrade,https://comtradeapi.un.org/public/v1/preview/C/A/HS?reporterCode=704&flowCode=X&cmdCode=090111&period=2020%2C2021%2C2022%2C2023%2C2024%2C2025%2C2026&includeDesc=true,2026-05-26T17:43:55.608Z,ok,0.9,"Comtrade filtered on customs=C00, mot=0, partner2=0; quantity_source=net_wgt_kg"
A,2020-01-01,2020,Vietnam,VNM,Philippines,PHL,Export,coffee,coffee_raw_core,090111,Coffee; not roasted or decaffeinated,31068330.524,kg,31068330.524,31068.330524,47334828.103,UN Comtrade,https://comtradeapi.un.org/public/v1/preview/C/A/HS?reporterCode=704&flowCode=X&cmdCode=090111&period=2020%2C2021%2C2022%2C2023%2C2024%2C2025%2C2026&includeDesc=true,2026-05-26T17:43:55.608Z,ok,0.9,"Comtrade filtered on customs=C00, mot=0, partner2=0; quantity_source=net_wgt_kg"
A,2020-01-01,2020,Vietnam,VNM,Poland,POL,Export,coffee,coffee_raw_core,090111,Coffee; not roasted or decaffeinated,13150902.997,kg,13150902.997,13150.902997,19843392.251,UN Comtrade,https://comtradeapi.un.org/public/v1/preview/C/A/HS?reporterCode=704&flowCode=X&cmdCode=090111&period=2020%2C2021%2C2022%2C2023%2C2024%2C2025%2C2026&includeDesc=true,2026-05-26T17:43:55.608Z,ok,0.9,"Comtrade filtered on customs=C00, mot=0, partner2=0; quantity_source=net_wgt_kg"
A,2020-01-01,2020,Vietnam,VNM,Portugal,PRT,Export,coffee,coffee_raw_core,090111,Coffee; not roasted or decaffeinated,10099465.966,kg,10099465.966,10099.465966,16154463.482,UN Comtrade,https://comtradeapi.un.org/public/v1/preview/C/A/HS?reporterCode=704&flowCode=X&cmdCode=090111&period=2020%2C2021%2C2022%2C2023%2C2024%2C2025%2C2026&includeDesc=true,2026-05-26T17:43:55.608Z,ok,0.9,"Comtrade filtered on customs=C00, mot=0, partner2=0; quantity_source=net_wgt_kg"
A,2020-01-01,2020,Vietnam,VNM,Romania,ROU,Export,coffee,coffee_raw_core,090111,Coffee; not roasted or decaffeinated,2281757.086,kg,2281757.086,2281.757086,3564597.18,UN Comtrade,https://comtradeapi.un.org/public/v1/preview/C/A/HS?reporterCode=704&flowCode=X&cmdCode=090111&period=2020%2C2021%2C2022%2C2023%2C2024%2C2025%2C2026&includeDesc=true,2026-05-26T17:43:55.608Z,ok,0.9,"Comtrade filtered on customs=C00, mot=0, partner2=0; quantity_source=net_wgt_kg"
A,2020-01-01,2020,Vietnam,VNM,Russian Federation,RUS,Export,coffee,coffee_raw_core,090111,Coffee; not roasted or decaffeinated,59377071.911,kg,59377071.911,59377.071911,91408712.591,UN Comtrade,https://comtradeapi.un.org/public/v1/preview/C/A/HS?reporterCode=704&flowCode=X&cmdCode=090111&period=2020%2C2021%2C2022%2C2023%2C2024%2C2025%2C2026&includeDesc=true,2026-05-26T17:43:55.608Z,ok,0.9,"Comtrade filtered on customs=C00, mot=0, partner2=0; quantity_source=net_wgt_kg"
A,2020-01-01,2020,Vietnam,VNM,Saudi Arabia,SAU,Export,coffee,coffee_raw_core,090111,Coffee; not roasted or decaffeinated,93113.631,kg,93113.631,93.113631,175896,UN Comtrade,https://comtradeapi.un.org/public/v1/preview/C/A/HS?reporterCode=704&flowCode=X&cmdCode=090111&period=2020%2C2021%2C2022%2C2023%2C2024%2C2025%2C2026&includeDesc=true,2026-05-26T17:43:55.608Z,ok,0.9,"Comtrade filtered on customs=C00, mot=0, partner2=0; quantity_source=net_wgt_kg"
A,2020-01-01,2020,Vietnam,VNM,Senegal,SEN,Export,coffee,coffee_raw_core,090111,Coffee; not roasted or decaffeinated,38400,kg,38400,38.4,69312,UN Comtrade,https://comtradeapi.un.org/public/v1/preview/C/A/HS?reporterCode=704&flowCode=X&cmdCode=090111&period=2020%2C2021%2C2022%2C2023%2C2024%2C2025%2C2026&includeDesc=true,2026-05-26T17:43:55.608Z,ok,0.9,"Comtrade filtered on customs=C00, mot=0, partner2=0; quantity_source=net_wgt_kg"
A,2020-01-01,2020,Vietnam,VNM,India,IND,Export,coffee,coffee_raw_core,090111,Coffee; not roasted or decaffeinated,19865187.916,kg,19865187.916,19865.187916,28725594.449,UN Comtrade,https://comtradeapi.un.org/public/v1/preview/C/A/HS?reporterCode=704&flowCode=X&cmdCode=090111&period=2020%2C2021%2C2022%2C2023%2C2024%2C2025%2C2026&includeDesc=true,2026-05-26T17:43:55.608Z,ok,0.9,"Comtrade filtered on customs=C00, mot=0, partner2=0; quantity_source=net_wgt_kg"
A,2020-01-01,2020,Vietnam,VNM,Singapore,SGP,Export,coffee,coffee_raw_core,090111,Coffee; not roasted or decaffeinated,140747.303,kg,140747.303,140.747303,245496.75,UN Comtrade,https://comtradeapi.un.org/public/v1/preview/C/A/HS?reporterCode=704&flowCode=X&cmdCode=090111&period=2020%2C2021%2C2022%2C2023%2C2024%2C2025%2C2026&includeDesc=true,2026-05-26T17:43:55.608Z,ok,0.9,"Comtrade filtered on customs=C00, mot=0, partner2=0; quantity_source=net_wgt_kg"
A,2020-01-01,2020,Vietnam,VNM,Slovenia,SVN,Export,coffee,coffee_raw_core,090111,Coffee; not roasted or decaffeinated,4234596.39,kg,4234596.39,4234.59639,6667620.839,UN Comtrade,https://comtradeapi.un.org/public/v1/preview/C/A/HS?reporterCode=704&flowCode=X&cmdCode=090111&period=2020%2C2021%2C2022%2C2023%2C2024%2C2025%2C2026&includeDesc=true,2026-05-26T17:43:55.608Z,ok,0.9,"Comtrade filtered on customs=C00, mot=0, partner2=0; quantity_source=net_wgt_kg"
A,2020-01-01,2020,Vietnam,VNM,South Africa,ZAF,Export,coffee,coffee_raw_core,090111,Coffee; not roasted or decaffeinated,1015648.738,kg,1015648.738,1015.648738,1590566.875,UN Comtrade,https://comtradeapi.un.org/public/v1/preview/C/A/HS?reporterCode=704&flowCode=X&cmdCode=090111&period=2020%2C2021%2C2022%2C2023%2C2024%2C2025%2C2026&includeDesc=true,2026-05-26T17:43:55.608Z,ok,0.9,"Comtrade filtered on customs=C00, mot=0, partner2=0; quantity_source=net_wgt_kg"
A,2020-01-01,2020,Vietnam,VNM,Spain,ESP,Export,coffee,coffee_raw_core,090111,Coffee; not roasted or decaffeinated,81596538.783,kg,81596538.783,81596.538783,124828746.595,UN Comtrade,https://comtradeapi.un.org/public/v1/preview/C/A/HS?reporterCode=704&flowCode=X&cmdCode=090111&period=2020%2C2021%2C2022%2C2023%2C2024%2C2025%2C2026&includeDesc=true,2026-05-26T17:43:55.608Z,ok,0.9,"Comtrade filtered on customs=C00, mot=0, partner2=0; quantity_source=net_wgt_kg"
A,2020-01-01,2020,Vietnam,VNM,Sweden,SWE,Export,coffee,coffee_raw_core,090111,Coffee; not roasted or decaffeinated,2451139.637,kg,2451139.637,2451.139637,3845276.058,UN Comtrade,https://comtradeapi.un.org/public/v1/preview/C/A/HS?reporterCode=704&flowCode=X&cmdCode=090111&period=2020%2C2021%2C2022%2C2023%2C2024%2C2025%2C2026&includeDesc=true,2026-05-26T17:43:55.608Z,ok,0.9,"Comtrade filtered on customs=C00, mot=0, partner2=0; quantity_source=net_wgt_kg"
A,2020-01-01,2020,Vietnam,VNM,Thailand,THA,Export,coffee,coffee_raw_core,090111,Coffee; not roasted or decaffeinated,31396324.184,kg,31396324.184,31396.324184,48297405.063,UN Comtrade,https://comtradeapi.un.org/public/v1/preview/C/A/HS?reporterCode=704&flowCode=X&cmdCode=090111&period=2020%2C2021%2C2022%2C2023%2C2024%2C2025%2C2026&includeDesc=true,2026-05-26T17:43:55.608Z,ok,0.9,"Comtrade filtered on customs=C00, mot=0, partner2=0; quantity_source=net_wgt_kg"
A,2020-01-01,2020,Vietnam,VNM,United Arab Emirates,ARE,Export,coffee,coffee_raw_core,090111,Coffee; not roasted or decaffeinated,1046586.265,kg,1046586.265,1046.586265,1748367.154,UN Comtrade,https://comtradeapi.un.org/public/v1/preview/C/A/HS?reporterCode=704&flowCode=X&cmdCode=090111&period=2020%2C2021%2C2022%2C2023%2C2024%2C2025%2C2026&includeDesc=true,2026-05-26T17:43:55.608Z,ok,0.9,"Comtrade filtered on customs=C00, mot=0, partner2=0; quantity_source=net_wgt_kg"
A,2020-01-01,2020,Vietnam,VNM,Tunisia,TUN,Export,coffee,coffee_raw_core,090111,Coffee; not roasted or decaffeinated,7773804.705,kg,7773804.705,7773.804705,12160654.945,UN Comtrade,https://comtradeapi.un.org/public/v1/preview/C/A/HS?reporterCode=704&flowCode=X&cmdCode=090111&period=2020%2C2021%2C2022%2C2023%2C2024%2C2025%2C2026&includeDesc=true,2026-05-26T17:43:55.608Z,ok,0.9,"Comtrade filtered on customs=C00, mot=0, partner2=0; quantity_source=net_wgt_kg"
A,2020-01-01,2020,Vietnam,VNM,Türkiye,TUR,Export,coffee,coffee_raw_core,090111,Coffee; not roasted or decaffeinated,556525.746,kg,556525.746,556.525746,922724.05,UN Comtrade,https://comtradeapi.un.org/public/v1/preview/C/A/HS?reporterCode=704&flowCode=X&cmdCode=090111&period=2020%2C2021%2C2022%2C2023%2C2024%2C2025%2C2026&includeDesc=true,2026-05-26T17:43:55.608Z,ok,0.9,"Comtrade filtered on customs=C00, mot=0, partner2=0; quantity_source=net_wgt_kg"
A,2020-01-01,2020,Vietnam,VNM,Ukraine,UKR,Export,coffee,coffee_raw_core,090111,Coffee; not roasted or decaffeinated,5368376.271,kg,5368376.271,5368.376271,8876263.127,UN Comtrade,https://comtradeapi.un.org/public/v1/preview/C/A/HS?reporterCode=704&flowCode=X&cmdCode=090111&period=2020%2C2021%2C2022%2C2023%2C2024%2C2025%2C2026&includeDesc=true,2026-05-26T17:43:55.608Z,ok,0.9,"Comtrade filtered on customs=C00, mot=0, partner2=0; quantity_source=net_wgt_kg"
A,2020-01-01,2020,Vietnam,VNM,Egypt,EGY,Export,coffee,coffee_raw_core,090111,Coffee; not roasted or decaffeinated,10928126.079,kg,10928126.079,10928.126079,17623578.206,UN Comtrade,https://comtradeapi.un.org/public/v1/preview/C/A/HS?reporterCode=704&flowCode=X&cmdCode=090111&period=2020%2C2021%2C2022%2C2023%2C2024%2C2025%2C2026&includeDesc=true,2026-05-26T17:43:55.608Z,ok,0.9,"Comtrade filtered on customs=C00, mot=0, partner2=0; quantity_source=net_wgt_kg"
A,2020-01-01,2020,Vietnam,VNM,United Kingdom,GBR,Export,coffee,coffee_raw_core,090111,Coffee; not roasted or decaffeinated,24489002.412,kg,24489002.412,24489.002412,38641888.452,UN Comtrade,https://comtradeapi.un.org/public/v1/preview/C/A/HS?reporterCode=704&flowCode=X&cmdCode=090111&period=2020%2C2021%2C2022%2C2023%2C2024%2C2025%2C2026&includeDesc=true,2026-05-26T17:43:55.608Z,ok,0.9,"Comtrade filtered on customs=C00, mot=0, partner2=0; quantity_source=net_wgt_kg"
A,2020-01-01,2020,Vietnam,VNM,USA,USA,Export,coffee,coffee_raw_core,090111,Coffee; not roasted or decaffeinated,127457702.248,kg,127457702.248,127457.702248,204017375.824,UN Comtrade,https://comtradeapi.un.org/public/v1/preview/C/A/HS?reporterCode=704&flowCode=X&cmdCode=090111&period=2020%2C2021%2C2022%2C2023%2C2024%2C2025%2C2026&includeDesc=true,2026-05-26T17:43:55.608Z,ok,0.9,"Comtrade filtered on customs=C00, mot=0, partner2=0; quantity_source=net_wgt_kg"
A,2020-01-01,2020,Vietnam,VNM,Venezuela,VEN,Export,coffee,coffee_raw_core,090111,Coffee; not roasted or decaffeinated,458705.824,kg,458705.824,458.705824,864109.08,UN Comtrade,https://comtradeapi.un.org/public/v1/preview/C/A/HS?reporterCode=704&flowCode=X&cmdCode=090111&period=2020%2C2021%2C2022%2C2023%2C2024%2C2025%2C2026&includeDesc=true,2026-05-26T17:43:55.608Z,ok,0.9,"Comtrade filtered on customs=C00, mot=0, partner2=0; quantity_source=net_wgt_kg"
A,2021-01-01,2021,Vietnam,VNM,World,W00,Export,coffee,coffee_raw_core,090111,Coffee; not roasted or decaffeinated,1163808052,kg,1163808052,1163808.052,2060092036.737,UN Comtrade,https://comtradeapi.un.org/public/v1/preview/C/A/HS?reporterCode=704&flowCode=X&cmdCode=090111&period=2020%2C2021%2C2022%2C2023%2C2024%2C2025%2C2026&includeDesc=true,2026-05-26T17:43:55.608Z,aggregate_partner_excluded_or_flagged,0.75,"Comtrade filtered on customs=C00, mot=0, partner2=0; quantity_source=net_wgt_kg"
A,2021-01-01,2021,Vietnam,VNM,Algeria,DZA,Export,coffee,coffee_raw_core,090111,Coffee; not roasted or decaffeinated,56525300,kg,56525300,56525.3,99643739.153,UN Comtrade,https://comtradeapi.un.org/public/v1/preview/C/A/HS?reporterCode=704&flowCode=X&cmdCode=090111&period=2020%2C2021%2C2022%2C2023%2C2024%2C2025%2C2026&includeDesc=true,2026-05-26T17:43:55.608Z,ok,0.9,"Comtrade filtered on customs=C00, mot=0, partner2=0; quantity_source=net_wgt_kg"
A,2021-01-01,2021,Vietnam,VNM,Argentina,ARG,Export,coffee,coffee_raw_core,090111,Coffee; not roasted or decaffeinated,268626,kg,268626,268.626,452376.068,UN Comtrade,https://comtradeapi.un.org/public/v1/preview/C/A/HS?reporterCode=704&flowCode=X&cmdCode=090111&period=2020%2C2021%2C2022%2C2023%2C2024%2C2025%2C2026&includeDesc=true,2026-05-26T17:43:55.608Z,ok,0.9,"Comtrade filtered on customs=C00, mot=0, partner2=0; quantity_source=net_wgt_kg"
A,2021-01-01,2021,Vietnam,VNM,Australia,AUS,Export,coffee,coffee_raw_core,090111,Coffee; not roasted or decaffeinated,12902762,kg,12902762,12902.762,21500474.326,UN Comtrade,https://comtradeapi.un.org/public/v1/preview/C/A/HS?reporterCode=704&flowCode=X&cmdCode=090111&period=2020%2C2021%2C2022%2C2023%2C2024%2C2025%2C2026&includeDesc=true,2026-05-26T17:43:55.608Z,ok,0.9,"Comtrade filtered on customs=C00, mot=0, partner2=0; quantity_source=net_wgt_kg"
A,2021-01-01,2021,Vietnam,VNM,Austria,AUT,Export,coffee,coffee_raw_core,090111,Coffee; not roasted or decaffeinated,300,kg,300,0.3,6450,UN Comtrade,https://comtradeapi.un.org/public/v1/preview/C/A/HS?reporterCode=704&flowCode=X&cmdCode=090111&period=2020%2C2021%2C2022%2C2023%2C2024%2C2025%2C2026&includeDesc=true,2026-05-26T17:43:55.608Z,suspicious_unit_price,0.7,"Comtrade filtered on customs=C00, mot=0, partner2=0; quantity_source=net_wgt_kg"
A,2021-01-01,2021,Vietnam,VNM,Bangladesh,BGD,Export,coffee,coffee_raw_core,090111,Coffee; not roasted or decaffeinated,3180,kg,3180,3.18,11568,UN Comtrade,https://comtradeapi.un.org/public/v1/preview/C/A/HS?reporterCode=704&flowCode=X&cmdCode=090111&period=2020%2C2021%2C2022%2C2023%2C2024%2C2025%2C2026&includeDesc=true,2026-05-26T17:43:55.608Z,ok,0.9,"Comtrade filtered on customs=C00, mot=0, partner2=0; quantity_source=net_wgt_kg"
A,2021-01-01,2021,Vietnam,VNM,Belgium,BEL,Export,coffee,coffee_raw_core,090111,Coffee; not roasted or decaffeinated,60433200,kg,60433200,60433.2,111574394.123,UN Comtrade,https://comtradeapi.un.org/public/v1/preview/C/A/HS?reporterCode=704&flowCode=X&cmdCode=090111&period=2020%2C2021%2C2022%2C2023%2C2024%2C2025%2C2026&includeDesc=true,2026-05-26T17:43:55.608Z,ok,0.9,"Comtrade filtered on customs=C00, mot=0, partner2=0; quantity_source=net_wgt_kg"
A,2021-01-01,2021,Vietnam,VNM,Bulgaria,BGR,Export,coffee,coffee_raw_core,090111,Coffee; not roasted or decaffeinated,835760,kg,835760,835.76,1361525.24,UN Comtrade,https://comtradeapi.un.org/public/v1/preview/C/A/HS?reporterCode=704&flowCode=X&cmdCode=090111&period=2020%2C2021%2C2022%2C2023%2C2024%2C2025%2C2026&includeDesc=true,2026-05-26T17:43:55.608Z,ok,0.9,"Comtrade filtered on customs=C00, mot=0, partner2=0; quantity_source=net_wgt_kg"
A,2021-01-01,2021,Vietnam,VNM,Myanmar,MMR,Export,coffee,coffee_raw_core,090111,Coffee; not roasted or decaffeinated,58048,kg,58048,58.048,123360,UN Comtrade,https://comtradeapi.un.org/public/v1/preview/C/A/HS?reporterCode=704&flowCode=X&cmdCode=090111&period=2020%2C2021%2C2022%2C2023%2C2024%2C2025%2C2026&includeDesc=true,2026-05-26T17:43:55.608Z,ok,0.9,"Comtrade filtered on customs=C00, mot=0, partner2=0; quantity_source=net_wgt_kg"
A,2021-01-01,2021,Vietnam,VNM,Cambodia,KHM,Export,coffee,coffee_raw_core,090111,Coffee; not roasted or decaffeinated,192160,kg,192160,192.16,449933.708,UN Comtrade,https://comtradeapi.un.org/public/v1/preview/C/A/HS?reporterCode=704&flowCode=X&cmdCode=090111&period=2020%2C2021%2C2022%2C2023%2C2024%2C2025%2C2026&includeDesc=true,2026-05-26T17:43:55.608Z,ok,0.9,"Comtrade filtered on customs=C00, mot=0, partner2=0; quantity_source=net_wgt_kg"
A,2021-01-01,2021,Vietnam,VNM,Canada,CAN,Export,coffee,coffee_raw_core,090111,Coffee; not roasted or decaffeinated,6512374,kg,6512374,6512.374,12944213.029,UN Comtrade,https://comtradeapi.un.org/public/v1/preview/C/A/HS?reporterCode=704&flowCode=X&cmdCode=090111&period=2020%2C2021%2C2022%2C2023%2C2024%2C2025%2C2026&includeDesc=true,2026-05-26T17:43:55.608Z,ok,0.9,"Comtrade filtered on customs=C00, mot=0, partner2=0; quantity_source=net_wgt_kg"
A,2021-01-01,2021,Vietnam,VNM,Sri Lanka,LKA,Export,coffee,coffee_raw_core,090111,Coffee; not roasted or decaffeinated,805,kg,805,0.805,1500,UN Comtrade,https://comtradeapi.un.org/public/v1/preview/C/A/HS?reporterCode=704&flowCode=X&cmdCode=090111&period=2020%2C2021%2C2022%2C2023%2C2024%2C2025%2C2026&includeDesc=true,2026-05-26T17:43:55.608Z,ok,0.9,"Comtrade filtered on customs=C00, mot=0, partner2=0; quantity_source=net_wgt_kg"
A,2021-01-01,2021,Vietnam,VNM,Chile,CHL,Export,coffee,coffee_raw_core,090111,Coffee; not roasted or decaffeinated,228640,kg,228640,228.64,422153.24,UN Comtrade,https://comtradeapi.un.org/public/v1/preview/C/A/HS?reporterCode=704&flowCode=X&cmdCode=090111&period=2020%2C2021%2C2022%2C2023%2C2024%2C2025%2C2026&includeDesc=true,2026-05-26T17:43:55.608Z,ok,0.9,"Comtrade filtered on customs=C00, mot=0, partner2=0; quantity_source=net_wgt_kg"
A,2021-01-01,2021,Vietnam,VNM,China,CHN,Export,coffee,coffee_raw_core,090111,Coffee; not roasted or decaffeinated,35177480,kg,35177480,35177.48,54661343.05,UN Comtrade,https://comtradeapi.un.org/public/v1/preview/C/A/HS?reporterCode=704&flowCode=X&cmdCode=090111&period=2020%2C2021%2C2022%2C2023%2C2024%2C2025%2C2026&includeDesc=true,2026-05-26T17:43:55.608Z,ok,0.9,"Comtrade filtered on customs=C00, mot=0, partner2=0; quantity_source=net_wgt_kg"
A,2021-01-01,2021,Vietnam,VNM,Croatia,HRV,Export,coffee,coffee_raw_core,090111,Coffee; not roasted or decaffeinated,991480,kg,991480,991.48,1687287.56,UN Comtrade,https://comtradeapi.un.org/public/v1/preview/C/A/HS?reporterCode=704&flowCode=X&cmdCode=090111&period=2020%2C2021%2C2022%2C2023%2C2024%2C2025%2C2026&includeDesc=true,2026-05-26T17:43:55.608Z,ok,0.9,"Comtrade filtered on customs=C00, mot=0, partner2=0; quantity_source=net_wgt_kg"
A,2021-01-01,2021,Vietnam,VNM,Czechia,CZE,Export,coffee,coffee_raw_core,090111,Coffee; not roasted or decaffeinated,1278038,kg,1278038,1278.038,2384063.462,UN Comtrade,https://comtradeapi.un.org/public/v1/preview/C/A/HS?reporterCode=704&flowCode=X&cmdCode=090111&period=2020%2C2021%2C2022%2C2023%2C2024%2C2025%2C2026&includeDesc=true,2026-05-26T17:43:55.608Z,ok,0.9,"Comtrade filtered on customs=C00, mot=0, partner2=0; quantity_source=net_wgt_kg"
A,2021-01-01,2021,Vietnam,VNM,Denmark,DNK,Export,coffee,coffee_raw_core,090111,Coffee; not roasted or decaffeinated,843600,kg,843600,843.6,1437905.4,UN Comtrade,https://comtradeapi.un.org/public/v1/preview/C/A/HS?reporterCode=704&flowCode=X&cmdCode=090111&period=2020%2C2021%2C2022%2C2023%2C2024%2C2025%2C2026&includeDesc=true,2026-05-26T17:43:55.608Z,ok,0.9,"Comtrade filtered on customs=C00, mot=0, partner2=0; quantity_source=net_wgt_kg"
A,2021-01-01,2021,Vietnam,VNM,Dominican Rep.,DOM,Export,coffee,coffee_raw_core,090111,Coffee; not roasted or decaffeinated,4796294,kg,4796294,4796.294,8400581.2,UN Comtrade,https://comtradeapi.un.org/public/v1/preview/C/A/HS?reporterCode=704&flowCode=X&cmdCode=090111&period=2020%2C2021%2C2022%2C2023%2C2024%2C2025%2C2026&includeDesc=true,2026-05-26T17:43:55.608Z,ok,0.9,"Comtrade filtered on customs=C00, mot=0, partner2=0; quantity_source=net_wgt_kg"
A,2021-01-01,2021,Vietnam,VNM,Ecuador,ECU,Export,coffee,coffee_raw_core,090111,Coffee; not roasted or decaffeinated,4435680,kg,4435680,4435.68,7414754.2,UN Comtrade,https://comtradeapi.un.org/public/v1/preview/C/A/HS?reporterCode=704&flowCode=X&cmdCode=090111&period=2020%2C2021%2C2022%2C2023%2C2024%2C2025%2C2026&includeDesc=true,2026-05-26T17:43:55.608Z,ok,0.9,"Comtrade filtered on customs=C00, mot=0, partner2=0; quantity_source=net_wgt_kg"
A,2021-01-01,2021,Vietnam,VNM,Estonia,EST,Export,coffee,coffee_raw_core,090111,Coffee; not roasted or decaffeinated,348092,kg,348092,348.092,730158.276,UN Comtrade,https://comtradeapi.un.org/public/v1/preview/C/A/HS?reporterCode=704&flowCode=X&cmdCode=090111&period=2020%2C2021%2C2022%2C2023%2C2024%2C2025%2C2026&includeDesc=true,2026-05-26T17:43:55.608Z,ok,0.9,"Comtrade filtered on customs=C00, mot=0, partner2=0; quantity_source=net_wgt_kg"
A,2021-01-01,2021,Vietnam,VNM,Finland,FIN,Export,coffee,coffee_raw_core,090111,Coffee; not roasted or decaffeinated,1559770,kg,1559770,1559.77,2939519.14,UN Comtrade,https://comtradeapi.un.org/public/v1/preview/C/A/HS?reporterCode=704&flowCode=X&cmdCode=090111&period=2020%2C2021%2C2022%2C2023%2C2024%2C2025%2C2026&includeDesc=true,2026-05-26T17:43:55.608Z,ok,0.9,"Comtrade filtered on customs=C00, mot=0, partner2=0; quantity_source=net_wgt_kg"
A,2021-01-01,2021,Vietnam,VNM,France,FRA,Export,coffee,coffee_raw_core,090111,Coffee; not roasted or decaffeinated,14532536,kg,14532536,14532.536,25154433.307,UN Comtrade,https://comtradeapi.un.org/public/v1/preview/C/A/HS?reporterCode=704&flowCode=X&cmdCode=090111&period=2020%2C2021%2C2022%2C2023%2C2024%2C2025%2C2026&includeDesc=true,2026-05-26T17:43:55.608Z,ok,0.9,"Comtrade filtered on customs=C00, mot=0, partner2=0; quantity_source=net_wgt_kg"
A,2021-01-01,2021,Vietnam,VNM,Germany,DEU,Export,coffee,coffee_raw_core,090111,Coffee; not roasted or decaffeinated,220846100,kg,220846100,220846.1,394019748.936,UN Comtrade,https://comtradeapi.un.org/public/v1/preview/C/A/HS?reporterCode=704&flowCode=X&cmdCode=090111&period=2020%2C2021%2C2022%2C2023%2C2024%2C2025%2C2026&includeDesc=true,2026-05-26T17:43:55.608Z,ok,0.9,"Comtrade filtered on customs=C00, mot=0, partner2=0; quantity_source=net_wgt_kg"
A,2021-01-01,2021,Vietnam,VNM,Greece,GRC,Export,coffee,coffee_raw_core,090111,Coffee; not roasted or decaffeinated,10027526,kg,10027526,10027.526,17801684.997,UN Comtrade,https://comtradeapi.un.org/public/v1/preview/C/A/HS?reporterCode=704&flowCode=X&cmdCode=090111&period=2020%2C2021%2C2022%2C2023%2C2024%2C2025%2C2026&includeDesc=true,2026-05-26T17:43:55.608Z,ok,0.9,"Comtrade filtered on customs=C00, mot=0, partner2=0; quantity_source=net_wgt_kg"
A,2021-01-01,2021,Vietnam,VNM,"China, Hong Kong SAR",HKG,Export,coffee,coffee_raw_core,090111,Coffee; not roasted or decaffeinated,883472,kg,883472,883.472,1537015.044,UN Comtrade,https://comtradeapi.un.org/public/v1/preview/C/A/HS?reporterCode=704&flowCode=X&cmdCode=090111&period=2020%2C2021%2C2022%2C2023%2C2024%2C2025%2C2026&includeDesc=true,2026-05-26T17:43:55.608Z,ok,0.9,"Comtrade filtered on customs=C00, mot=0, partner2=0; quantity_source=net_wgt_kg"
A,2021-01-01,2021,Vietnam,VNM,Indonesia,IDN,Export,coffee,coffee_raw_core,090111,Coffee; not roasted or decaffeinated,7423428,kg,7423428,7423.428,11670357.995,UN Comtrade,https://comtradeapi.un.org/public/v1/preview/C/A/HS?reporterCode=704&flowCode=X&cmdCode=090111&period=2020%2C2021%2C2022%2C2023%2C2024%2C2025%2C2026&includeDesc=true,2026-05-26T17:43:55.608Z,ok,0.9,"Comtrade filtered on customs=C00, mot=0, partner2=0; quantity_source=net_wgt_kg"
A,2021-01-01,2021,Vietnam,VNM,Ireland,IRL,Export,coffee,coffee_raw_core,090111,Coffee; not roasted or decaffeinated,616312,kg,616312,616.312,1811187.614,UN Comtrade,https://comtradeapi.un.org/public/v1/preview/C/A/HS?reporterCode=704&flowCode=X&cmdCode=090111&period=2020%2C2021%2C2022%2C2023%2C2024%2C2025%2C2026&includeDesc=true,2026-05-26T17:43:55.608Z,ok,0.9,"Comtrade filtered on customs=C00, mot=0, partner2=0; quantity_source=net_wgt_kg"
A,2021-01-01,2021,Vietnam,VNM,Israel,ISR,Export,coffee,coffee_raw_core,090111,Coffee; not roasted or decaffeinated,5218880,kg,5218880,5218.88,9705342.985,UN Comtrade,https://comtradeapi.un.org/public/v1/preview/C/A/HS?reporterCode=704&flowCode=X&cmdCode=090111&period=2020%2C2021%2C2022%2C2023%2C2024%2C2025%2C2026&includeDesc=true,2026-05-26T17:43:55.608Z,ok,0.9,"Comtrade filtered on customs=C00, mot=0, partner2=0; quantity_source=net_wgt_kg"
A,2021-01-01,2021,Vietnam,VNM,Italy,ITA,Export,coffee,coffee_raw_core,090111,Coffee; not roasted or decaffeinated,127260100,kg,127260100,127260.1,220369535.031,UN Comtrade,https://comtradeapi.un.org/public/v1/preview/C/A/HS?reporterCode=704&flowCode=X&cmdCode=090111&period=2020%2C2021%2C2022%2C2023%2C2024%2C2025%2C2026&includeDesc=true,2026-05-26T17:43:55.608Z,ok,0.9,"Comtrade filtered on customs=C00, mot=0, partner2=0; quantity_source=net_wgt_kg"
A,2021-01-01,2021,Vietnam,VNM,Japan,JPN,Export,coffee,coffee_raw_core,090111,Coffee; not roasted or decaffeinated,103053380,kg,103053380,103053.38,185051441.51,UN Comtrade,https://comtradeapi.un.org/public/v1/preview/C/A/HS?reporterCode=704&flowCode=X&cmdCode=090111&period=2020%2C2021%2C2022%2C2023%2C2024%2C2025%2C2026&includeDesc=true,2026-05-26T17:43:55.608Z,ok,0.9,"Comtrade filtered on customs=C00, mot=0, partner2=0; quantity_source=net_wgt_kg"
A,2021-01-01,2021,Vietnam,VNM,Rep. of Korea,KOR,Export,coffee,coffee_raw_core,090111,Coffee; not roasted or decaffeinated,30188030,kg,30188030,30188.03,56521105.67,UN Comtrade,https://comtradeapi.un.org/public/v1/preview/C/A/HS?reporterCode=704&flowCode=X&cmdCode=090111&period=2020%2C2021%2C2022%2C2023%2C2024%2C2025%2C2026&includeDesc=true,2026-05-26T17:43:55.608Z,ok,0.9,"Comtrade filtered on customs=C00, mot=0, partner2=0; quantity_source=net_wgt_kg"
A,2021-01-01,2021,Vietnam,VNM,Kuwait,KWT,Export,coffee,coffee_raw_core,090111,Coffee; not roasted or decaffeinated,368680,kg,368680,368.68,717430,UN Comtrade,https://comtradeapi.un.org/public/v1/preview/C/A/HS?reporterCode=704&flowCode=X&cmdCode=090111&period=2020%2C2021%2C2022%2C2023%2C2024%2C2025%2C2026&includeDesc=true,2026-05-26T17:43:55.608Z,ok,0.9,"Comtrade filtered on customs=C00, mot=0, partner2=0; quantity_source=net_wgt_kg"
A,2021-01-01,2021,Vietnam,VNM,Latvia,LVA,Export,coffee,coffee_raw_core,090111,Coffee; not roasted or decaffeinated,117600,kg,117600,117.6,201525.6,UN Comtrade,https://comtradeapi.un.org/public/v1/preview/C/A/HS?reporterCode=704&flowCode=X&cmdCode=090111&period=2020%2C2021%2C2022%2C2023%2C2024%2C2025%2C2026&includeDesc=true,2026-05-26T17:43:55.608Z,ok,0.9,"Comtrade filtered on customs=C00, mot=0, partner2=0; quantity_source=net_wgt_kg"
A,2021-01-01,2021,Vietnam,VNM,Lithuania,LTU,Export,coffee,coffee_raw_core,090111,Coffee; not roasted or decaffeinated,447746,kg,447746,447.746,821187.78,UN Comtrade,https://comtradeapi.un.org/public/v1/preview/C/A/HS?reporterCode=704&flowCode=X&cmdCode=090111&period=2020%2C2021%2C2022%2C2023%2C2024%2C2025%2C2026&includeDesc=true,2026-05-26T17:43:55.608Z,ok,0.9,"Comtrade filtered on customs=C00, mot=0, partner2=0; quantity_source=net_wgt_kg"
A,2021-01-01,2021,Vietnam,VNM,Malaysia,MYS,Export,coffee,coffee_raw_core,090111,Coffee; not roasted or decaffeinated,32928270,kg,32928270,32928.27,56407223.267,UN Comtrade,https://comtradeapi.un.org/public/v1/preview/C/A/HS?reporterCode=704&flowCode=X&cmdCode=090111&period=2020%2C2021%2C2022%2C2023%2C2024%2C2025%2C2026&includeDesc=true,2026-05-26T17:43:55.608Z,ok,0.9,"Comtrade filtered on customs=C00, mot=0, partner2=0; quantity_source=net_wgt_kg"
A,2021-01-01,2021,Vietnam,VNM,Malta,MLT,Export,coffee,coffee_raw_core,090111,Coffee; not roasted or decaffeinated,19200,kg,19200,19.2,32198.4,UN Comtrade,https://comtradeapi.un.org/public/v1/preview/C/A/HS?reporterCode=704&flowCode=X&cmdCode=090111&period=2020%2C2021%2C2022%2C2023%2C2024%2C2025%2C2026&includeDesc=true,2026-05-26T17:43:55.608Z,ok,0.9,"Comtrade filtered on customs=C00, mot=0, partner2=0; quantity_source=net_wgt_kg"
A,2021-01-01,2021,Vietnam,VNM,Mexico,MEX,Export,coffee,coffee_raw_core,090111,Coffee; not roasted or decaffeinated,1658296,kg,1658296,1658.296,3232653.27,UN Comtrade,https://comtradeapi.un.org/public/v1/preview/C/A/HS?reporterCode=704&flowCode=X&cmdCode=090111&period=2020%2C2021%2C2022%2C2023%2C2024%2C2025%2C2026&includeDesc=true,2026-05-26T17:43:55.608Z,ok,0.9,"Comtrade filtered on customs=C00, mot=0, partner2=0; quantity_source=net_wgt_kg"
A,2021-01-01,2021,Vietnam,VNM,"Other Asia, nes",S19,Export,coffee,coffee_raw_core,090111,Coffee; not roasted or decaffeinated,1049580,kg,1049580,1049.58,2436149.816,UN Comtrade,https://comtradeapi.un.org/public/v1/preview/C/A/HS?reporterCode=704&flowCode=X&cmdCode=090111&period=2020%2C2021%2C2022%2C2023%2C2024%2C2025%2C2026&includeDesc=true,2026-05-26T17:43:55.608Z,ok,0.9,"Comtrade filtered on customs=C00, mot=0, partner2=0; quantity_source=net_wgt_kg"
A,2021-01-01,2021,Vietnam,VNM,Morocco,MAR,Export,coffee,coffee_raw_core,090111,Coffee; not roasted or decaffeinated,4195134,kg,4195134,4195.134,7029853.841,UN Comtrade,https://comtradeapi.un.org/public/v1/preview/C/A/HS?reporterCode=704&flowCode=X&cmdCode=090111&period=2020%2C2021%2C2022%2C2023%2C2024%2C2025%2C2026&includeDesc=true,2026-05-26T17:43:55.608Z,ok,0.9,"Comtrade filtered on customs=C00, mot=0, partner2=0; quantity_source=net_wgt_kg"
A,2021-01-01,2021,Vietnam,VNM,Netherlands,NLD,Export,coffee,coffee_raw_core,090111,Coffee; not roasted or decaffeinated,10687284,kg,10687284,10687.284,20800661.365,UN Comtrade,https://comtradeapi.un.org/public/v1/preview/C/A/HS?reporterCode=704&flowCode=X&cmdCode=090111&period=2020%2C2021%2C2022%2C2023%2C2024%2C2025%2C2026&includeDesc=true,2026-05-26T17:43:55.608Z,ok,0.9,"Comtrade filtered on customs=C00, mot=0, partner2=0; quantity_source=net_wgt_kg"
A,2021-01-01,2021,Vietnam,VNM,New Zealand,NZL,Export,coffee,coffee_raw_core,090111,Coffee; not roasted or decaffeinated,786230,kg,786230,786.23,1306914.5,UN Comtrade,https://comtradeapi.un.org/public/v1/preview/C/A/HS?reporterCode=704&flowCode=X&cmdCode=090111&period=2020%2C2021%2C2022%2C2023%2C2024%2C2025%2C2026&includeDesc=true,2026-05-26T17:43:55.608Z,ok,0.9,"Comtrade filtered on customs=C00, mot=0, partner2=0; quantity_source=net_wgt_kg"
A,2021-01-01,2021,Vietnam,VNM,Nigeria,NGA,Export,coffee,coffee_raw_core,090111,Coffee; not roasted or decaffeinated,79790,kg,79790,79.79,129288.524,UN Comtrade,https://comtradeapi.un.org/public/v1/preview/C/A/HS?reporterCode=704&flowCode=X&cmdCode=090111&period=2020%2C2021%2C2022%2C2023%2C2024%2C2025%2C2026&includeDesc=true,2026-05-26T17:43:55.608Z,ok,0.9,"Comtrade filtered on customs=C00, mot=0, partner2=0; quantity_source=net_wgt_kg"
A,2021-01-01,2021,Vietnam,VNM,Norway,NOR,Export,coffee,coffee_raw_core,090111,Coffee; not roasted or decaffeinated,216000,kg,216000,216,426053.088,UN Comtrade,https://comtradeapi.un.org/public/v1/preview/C/A/HS?reporterCode=704&flowCode=X&cmdCode=090111&period=2020%2C2021%2C2022%2C2023%2C2024%2C2025%2C2026&includeDesc=true,2026-05-26T17:43:55.608Z,ok,0.9,"Comtrade filtered on customs=C00, mot=0, partner2=0; quantity_source=net_wgt_kg"
A,2021-01-01,2021,Vietnam,VNM,Panama,PAN,Export,coffee,coffee_raw_core,090111,Coffee; not roasted or decaffeinated,19200,kg,19200,19.2,60000,UN Comtrade,https://comtradeapi.un.org/public/v1/preview/C/A/HS?reporterCode=704&flowCode=X&cmdCode=090111&period=2020%2C2021%2C2022%2C2023%2C2024%2C2025%2C2026&includeDesc=true,2026-05-26T17:43:55.608Z,ok,0.9,"Comtrade filtered on customs=C00, mot=0, partner2=0; quantity_source=net_wgt_kg"
A,2021-01-01,2021,Vietnam,VNM,Philippines,PHL,Export,coffee,coffee_raw_core,090111,Coffee; not roasted or decaffeinated,24830070,kg,24830070,24830.07,41995366.844,UN Comtrade,https://comtradeapi.un.org/public/v1/preview/C/A/HS?reporterCode=704&flowCode=X&cmdCode=090111&period=2020%2C2021%2C2022%2C2023%2C2024%2C2025%2C2026&includeDesc=true,2026-05-26T17:43:55.608Z,ok,0.9,"Comtrade filtered on customs=C00, mot=0, partner2=0; quantity_source=net_wgt_kg"
A,2021-01-01,2021,Vietnam,VNM,Poland,POL,Export,coffee,coffee_raw_core,090111,Coffee; not roasted or decaffeinated,11178590,kg,11178590,11178.59,19100659.104,UN Comtrade,https://comtradeapi.un.org/public/v1/preview/C/A/HS?reporterCode=704&flowCode=X&cmdCode=090111&period=2020%2C2021%2C2022%2C2023%2C2024%2C2025%2C2026&includeDesc=true,2026-05-26T17:43:55.608Z,ok,0.9,"Comtrade filtered on customs=C00, mot=0, partner2=0; quantity_source=net_wgt_kg"
A,2021-01-01,2021,Vietnam,VNM,Portugal,PRT,Export,coffee,coffee_raw_core,090111,Coffee; not roasted or decaffeinated,8746942,kg,8746942,8746.942,15520892.577,UN Comtrade,https://comtradeapi.un.org/public/v1/preview/C/A/HS?reporterCode=704&flowCode=X&cmdCode=090111&period=2020%2C2021%2C2022%2C2023%2C2024%2C2025%2C2026&includeDesc=true,2026-05-26T17:43:55.608Z,ok,0.9,"Comtrade filtered on customs=C00, mot=0, partner2=0; quantity_source=net_wgt_kg"
A,2021-01-01,2021,Vietnam,VNM,Romania,ROU,Export,coffee,coffee_raw_core,090111,Coffee; not roasted or decaffeinated,1855710,kg,1855710,1855.71,3161025.584,UN Comtrade,https://comtradeapi.un.org/public/v1/preview/C/A/HS?reporterCode=704&flowCode=X&cmdCode=090111&period=2020%2C2021%2C2022%2C2023%2C2024%2C2025%2C2026&includeDesc=true,2026-05-26T17:43:55.608Z,ok,0.9,"Comtrade filtered on customs=C00, mot=0, partner2=0; quantity_source=net_wgt_kg"
A,2021-01-01,2021,Vietnam,VNM,Russian Federation,RUS,Export,coffee,coffee_raw_core,090111,Coffee; not roasted or decaffeinated,73942210,kg,73942210,73942.21,129111841.558,UN Comtrade,https://comtradeapi.un.org/public/v1/preview/C/A/HS?reporterCode=704&flowCode=X&cmdCode=090111&period=2020%2C2021%2C2022%2C2023%2C2024%2C2025%2C2026&includeDesc=true,2026-05-26T17:43:55.608Z,ok,0.9,"Comtrade filtered on customs=C00, mot=0, partner2=0; quantity_source=net_wgt_kg"
A,2021-01-01,2021,Vietnam,VNM,Saudi Arabia,SAU,Export,coffee,coffee_raw_core,090111,Coffee; not roasted or decaffeinated,52890,kg,52890,52.89,119571.25,UN Comtrade,https://comtradeapi.un.org/public/v1/preview/C/A/HS?reporterCode=704&flowCode=X&cmdCode=090111&period=2020%2C2021%2C2022%2C2023%2C2024%2C2025%2C2026&includeDesc=true,2026-05-26T17:43:55.608Z,ok,0.9,"Comtrade filtered on customs=C00, mot=0, partner2=0; quantity_source=net_wgt_kg"
A,2021-01-01,2021,Vietnam,VNM,Senegal,SEN,Export,coffee,coffee_raw_core,090111,Coffee; not roasted or decaffeinated,115200,kg,115200,115.2,202368,UN Comtrade,https://comtradeapi.un.org/public/v1/preview/C/A/HS?reporterCode=704&flowCode=X&cmdCode=090111&period=2020%2C2021%2C2022%2C2023%2C2024%2C2025%2C2026&includeDesc=true,2026-05-26T17:43:55.608Z,ok,0.9,"Comtrade filtered on customs=C00, mot=0, partner2=0; quantity_source=net_wgt_kg"
A,2021-01-01,2021,Vietnam,VNM,India,IND,Export,coffee,coffee_raw_core,090111,Coffee; not roasted or decaffeinated,12326757,kg,12326757,12326.757,19033273.447,UN Comtrade,https://comtradeapi.un.org/public/v1/preview/C/A/HS?reporterCode=704&flowCode=X&cmdCode=090111&period=2020%2C2021%2C2022%2C2023%2C2024%2C2025%2C2026&includeDesc=true,2026-05-26T17:43:55.608Z,ok,0.9,"Comtrade filtered on customs=C00, mot=0, partner2=0; quantity_source=net_wgt_kg"
A,2021-01-01,2021,Vietnam,VNM,Singapore,SGP,Export,coffee,coffee_raw_core,090111,Coffee; not roasted or decaffeinated,143242,kg,143242,143.242,303560.17,UN Comtrade,https://comtradeapi.un.org/public/v1/preview/C/A/HS?reporterCode=704&flowCode=X&cmdCode=090111&period=2020%2C2021%2C2022%2C2023%2C2024%2C2025%2C2026&includeDesc=true,2026-05-26T17:43:55.608Z,ok,0.9,"Comtrade filtered on customs=C00, mot=0, partner2=0; quantity_source=net_wgt_kg"
A,2021-01-01,2021,Vietnam,VNM,Slovenia,SVN,Export,coffee,coffee_raw_core,090111,Coffee; not roasted or decaffeinated,2846992,kg,2846992,2846.992,5007110.716,UN Comtrade,https://comtradeapi.un.org/public/v1/preview/C/A/HS?reporterCode=704&flowCode=X&cmdCode=090111&period=2020%2C2021%2C2022%2C2023%2C2024%2C2025%2C2026&includeDesc=true,2026-05-26T17:43:55.608Z,ok,0.9,"Comtrade filtered on customs=C00, mot=0, partner2=0; quantity_source=net_wgt_kg"
A,2021-01-01,2021,Vietnam,VNM,South Africa,ZAF,Export,coffee,coffee_raw_core,090111,Coffee; not roasted or decaffeinated,1986550,kg,1986550,1986.55,3361635.21,UN Comtrade,https://comtradeapi.un.org/public/v1/preview/C/A/HS?reporterCode=704&flowCode=X&cmdCode=090111&period=2020%2C2021%2C2022%2C2023%2C2024%2C2025%2C2026&includeDesc=true,2026-05-26T17:43:55.608Z,ok,0.9,"Comtrade filtered on customs=C00, mot=0, partner2=0; quantity_source=net_wgt_kg"
A,2021-01-01,2021,Vietnam,VNM,Spain,ESP,Export,coffee,coffee_raw_core,090111,Coffee; not roasted or decaffeinated,51593090,kg,51593090,51593.09,89091394.551,UN Comtrade,https://comtradeapi.un.org/public/v1/preview/C/A/HS?reporterCode=704&flowCode=X&cmdCode=090111&period=2020%2C2021%2C2022%2C2023%2C2024%2C2025%2C2026&includeDesc=true,2026-05-26T17:43:55.608Z,ok,0.9,"Comtrade filtered on customs=C00, mot=0, partner2=0; quantity_source=net_wgt_kg"
A,2021-01-01,2021,Vietnam,VNM,Sweden,SWE,Export,coffee,coffee_raw_core,090111,Coffee; not roasted or decaffeinated,2368020,kg,2368020,2368.02,4292482.55,UN Comtrade,https://comtradeapi.un.org/public/v1/preview/C/A/HS?reporterCode=704&flowCode=X&cmdCode=090111&period=2020%2C2021%2C2022%2C2023%2C2024%2C2025%2C2026&includeDesc=true,2026-05-26T17:43:55.608Z,ok,0.9,"Comtrade filtered on customs=C00, mot=0, partner2=0; quantity_source=net_wgt_kg"
A,2021-01-01,2021,Vietnam,VNM,Thailand,THA,Export,coffee,coffee_raw_core,090111,Coffee; not roasted or decaffeinated,31534650,kg,31534650,31534.65,53658931.545,UN Comtrade,https://comtradeapi.un.org/public/v1/preview/C/A/HS?reporterCode=704&flowCode=X&cmdCode=090111&period=2020%2C2021%2C2022%2C2023%2C2024%2C2025%2C2026&includeDesc=true,2026-05-26T17:43:55.608Z,ok,0.9,"Comtrade filtered on customs=C00, mot=0, partner2=0; quantity_source=net_wgt_kg"
A,2021-01-01,2021,Vietnam,VNM,United Arab Emirates,ARE,Export,coffee,coffee_raw_core,090111,Coffee; not roasted or decaffeinated,3549742,kg,3549742,3549.742,7680092.275,UN Comtrade,https://comtradeapi.un.org/public/v1/preview/C/A/HS?reporterCode=704&flowCode=X&cmdCode=090111&period=2020%2C2021%2C2022%2C2023%2C2024%2C2025%2C2026&includeDesc=true,2026-05-26T17:43:55.608Z,ok,0.9,"Comtrade filtered on customs=C00, mot=0, partner2=0; quantity_source=net_wgt_kg"
A,2021-01-01,2021,Vietnam,VNM,Tunisia,TUN,Export,coffee,coffee_raw_core,090111,Coffee; not roasted or decaffeinated,4921761,kg,4921761,4921.761,8051085.026,UN Comtrade,https://comtradeapi.un.org/public/v1/preview/C/A/HS?reporterCode=704&flowCode=X&cmdCode=090111&period=2020%2C2021%2C2022%2C2023%2C2024%2C2025%2C2026&includeDesc=true,2026-05-26T17:43:55.608Z,ok,0.9,"Comtrade filtered on customs=C00, mot=0, partner2=0; quantity_source=net_wgt_kg"
A,2021-01-01,2021,Vietnam,VNM,Türkiye,TUR,Export,coffee,coffee_raw_core,090111,Coffee; not roasted or decaffeinated,998020,kg,998020,998.02,2106937.408,UN Comtrade,https://comtradeapi.un.org/public/v1/preview/C/A/HS?reporterCode=704&flowCode=X&cmdCode=090111&period=2020%2C2021%2C2022%2C2023%2C2024%2C2025%2C2026&includeDesc=true,2026-05-26T17:43:55.608Z,ok,0.9,"Comtrade filtered on customs=C00, mot=0, partner2=0; quantity_source=net_wgt_kg"
A,2021-01-01,2021,Vietnam,VNM,Ukraine,UKR,Export,coffee,coffee_raw_core,090111,Coffee; not roasted or decaffeinated,6080547,kg,6080547,6080.547,10752699.273,UN Comtrade,https://comtradeapi.un.org/public/v1/preview/C/A/HS?reporterCode=704&flowCode=X&cmdCode=090111&period=2020%2C2021%2C2022%2C2023%2C2024%2C2025%2C2026&includeDesc=true,2026-05-26T17:43:55.608Z,ok,0.9,"Comtrade filtered on customs=C00, mot=0, partner2=0; quantity_source=net_wgt_kg"
A,2021-01-01,2021,Vietnam,VNM,Egypt,EGY,Export,coffee,coffee_raw_core,090111,Coffee; not roasted or decaffeinated,14349436,kg,14349436,14349.436,26398399.861,UN Comtrade,https://comtradeapi.un.org/public/v1/preview/C/A/HS?reporterCode=704&flowCode=X&cmdCode=090111&period=2020%2C2021%2C2022%2C2023%2C2024%2C2025%2C2026&includeDesc=true,2026-05-26T17:43:55.608Z,ok,0.9,"Comtrade filtered on customs=C00, mot=0, partner2=0; quantity_source=net_wgt_kg"
A,2021-01-01,2021,Vietnam,VNM,United Kingdom,GBR,Export,coffee,coffee_raw_core,090111,Coffee; not roasted or decaffeinated,28131510,kg,28131510,28131.51,49509285.222,UN Comtrade,https://comtradeapi.un.org/public/v1/preview/C/A/HS?reporterCode=704&flowCode=X&cmdCode=090111&period=2020%2C2021%2C2022%2C2023%2C2024%2C2025%2C2026&includeDesc=true,2026-05-26T17:43:55.608Z,ok,0.9,"Comtrade filtered on customs=C00, mot=0, partner2=0; quantity_source=net_wgt_kg"
A,2021-01-01,2021,Vietnam,VNM,USA,USA,Export,coffee,coffee_raw_core,090111,Coffee; not roasted or decaffeinated,122241060,kg,122241060,122241.06,226239632.851,UN Comtrade,https://comtradeapi.un.org/public/v1/preview/C/A/HS?reporterCode=704&flowCode=X&cmdCode=090111&period=2020%2C2021%2C2022%2C2023%2C2024%2C2025%2C2026&includeDesc=true,2026-05-26T17:43:55.608Z,ok,0.9,"Comtrade filtered on customs=C00, mot=0, partner2=0; quantity_source=net_wgt_kg"
A,2021-01-01,2021,Vietnam,VNM,Uruguay,URY,Export,coffee,coffee_raw_core,090111,Coffee; not roasted or decaffeinated,700,kg,700,0.7,3500,UN Comtrade,https://comtradeapi.un.org/public/v1/preview/C/A/HS?reporterCode=704&flowCode=X&cmdCode=090111&period=2020%2C2021%2C2022%2C2023%2C2024%2C2025%2C2026&includeDesc=true,2026-05-26T17:43:55.608Z,ok,0.9,"Comtrade filtered on customs=C00, mot=0, partner2=0; quantity_source=net_wgt_kg"
A,2022-01-01,2022,Vietnam,VNM,World,W00,Export,coffee,coffee_raw_core,090111,Coffee; not roasted or decaffeinated,1352901350.961,kg,1352901350.961,1352901.350961,2822756074.485,UN Comtrade,https://comtradeapi.un.org/public/v1/preview/C/A/HS?reporterCode=704&flowCode=X&cmdCode=090111&period=2020%2C2021%2C2022%2C2023%2C2024%2C2025%2C2026&includeDesc=true,2026-05-26T17:43:55.608Z,aggregate_partner_excluded_or_flagged,0.75,"Comtrade filtered on customs=C00, mot=0, partner2=0; quantity_source=net_wgt_kg"
A,2022-01-01,2022,Vietnam,VNM,Algeria,DZA,Export,coffee,coffee_raw_core,090111,Coffee; not roasted or decaffeinated,42493930,kg,42493930,42493.93,84978580.273,UN Comtrade,https://comtradeapi.un.org/public/v1/preview/C/A/HS?reporterCode=704&flowCode=X&cmdCode=090111&period=2020%2C2021%2C2022%2C2023%2C2024%2C2025%2C2026&includeDesc=true,2026-05-26T17:43:55.608Z,ok,0.9,"Comtrade filtered on customs=C00, mot=0, partner2=0; quantity_source=net_wgt_kg"
A,2022-01-01,2022,Vietnam,VNM,Argentina,ARG,Export,coffee,coffee_raw_core,090111,Coffee; not roasted or decaffeinated,248800,kg,248800,248.8,513261.28,UN Comtrade,https://comtradeapi.un.org/public/v1/preview/C/A/HS?reporterCode=704&flowCode=X&cmdCode=090111&period=2020%2C2021%2C2022%2C2023%2C2024%2C2025%2C2026&includeDesc=true,2026-05-26T17:43:55.608Z,ok,0.9,"Comtrade filtered on customs=C00, mot=0, partner2=0; quantity_source=net_wgt_kg"
A,2022-01-01,2022,Vietnam,VNM,Australia,AUS,Export,coffee,coffee_raw_core,090111,Coffee; not roasted or decaffeinated,18653080,kg,18653080,18653.08,38665818.01,UN Comtrade,https://comtradeapi.un.org/public/v1/preview/C/A/HS?reporterCode=704&flowCode=X&cmdCode=090111&period=2020%2C2021%2C2022%2C2023%2C2024%2C2025%2C2026&includeDesc=true,2026-05-26T17:43:55.608Z,ok,0.9,"Comtrade filtered on customs=C00, mot=0, partner2=0; quantity_source=net_wgt_kg"
A,2022-01-01,2022,Vietnam,VNM,Bangladesh,BGD,Export,coffee,coffee_raw_core,090111,Coffee; not roasted or decaffeinated,4000,kg,4000,4,16100,UN Comtrade,https://comtradeapi.un.org/public/v1/preview/C/A/HS?reporterCode=704&flowCode=X&cmdCode=090111&period=2020%2C2021%2C2022%2C2023%2C2024%2C2025%2C2026&includeDesc=true,2026-05-26T17:43:55.608Z,ok,0.9,"Comtrade filtered on customs=C00, mot=0, partner2=0; quantity_source=net_wgt_kg"
A,2022-01-01,2022,Vietnam,VNM,Belgium,BEL,Export,coffee,coffee_raw_core,090111,Coffee; not roasted or decaffeinated,120673600,kg,120673600,120673.6,253068843.617,UN Comtrade,https://comtradeapi.un.org/public/v1/preview/C/A/HS?reporterCode=704&flowCode=X&cmdCode=090111&period=2020%2C2021%2C2022%2C2023%2C2024%2C2025%2C2026&includeDesc=true,2026-05-26T17:43:55.608Z,ok,0.9,"Comtrade filtered on customs=C00, mot=0, partner2=0; quantity_source=net_wgt_kg"
A,2022-01-01,2022,Vietnam,VNM,Brazil,BRA,Export,coffee,coffee_raw_core,090111,Coffee; not roasted or decaffeinated,300000,kg,300000,300,574500,UN Comtrade,https://comtradeapi.un.org/public/v1/preview/C/A/HS?reporterCode=704&flowCode=X&cmdCode=090111&period=2020%2C2021%2C2022%2C2023%2C2024%2C2025%2C2026&includeDesc=true,2026-05-26T17:43:55.608Z,ok,0.9,"Comtrade filtered on customs=C00, mot=0, partner2=0; quantity_source=net_wgt_kg"
A,2022-01-01,2022,Vietnam,VNM,Bulgaria,BGR,Export,coffee,coffee_raw_core,090111,Coffee; not roasted or decaffeinated,1010220,kg,1010220,1010.22,3053038.619,UN Comtrade,https://comtradeapi.un.org/public/v1/preview/C/A/HS?reporterCode=704&flowCode=X&cmdCode=090111&period=2020%2C2021%2C2022%2C2023%2C2024%2C2025%2C2026&includeDesc=true,2026-05-26T17:43:55.608Z,ok,0.9,"Comtrade filtered on customs=C00, mot=0, partner2=0; quantity_source=net_wgt_kg"
A,2022-01-01,2022,Vietnam,VNM,Myanmar,MMR,Export,coffee,coffee_raw_core,090111,Coffee; not roasted or decaffeinated,38348,kg,38348,38.348,166140.299,UN Comtrade,https://comtradeapi.un.org/public/v1/preview/C/A/HS?reporterCode=704&flowCode=X&cmdCode=090111&period=2020%2C2021%2C2022%2C2023%2C2024%2C2025%2C2026&includeDesc=true,2026-05-26T17:43:55.608Z,ok,0.9,"Comtrade filtered on customs=C00, mot=0, partner2=0; quantity_source=net_wgt_kg"
A,2022-01-01,2022,Vietnam,VNM,Cambodia,KHM,Export,coffee,coffee_raw_core,090111,Coffee; not roasted or decaffeinated,326621,kg,326621,326.621,1107135.554,UN Comtrade,https://comtradeapi.un.org/public/v1/preview/C/A/HS?reporterCode=704&flowCode=X&cmdCode=090111&period=2020%2C2021%2C2022%2C2023%2C2024%2C2025%2C2026&includeDesc=true,2026-05-26T17:43:55.608Z,ok,0.9,"Comtrade filtered on customs=C00, mot=0, partner2=0; quantity_source=net_wgt_kg"
A,2022-01-01,2022,Vietnam,VNM,Canada,CAN,Export,coffee,coffee_raw_core,090111,Coffee; not roasted or decaffeinated,6317216,kg,6317216,6317.216,16194601.21,UN Comtrade,https://comtradeapi.un.org/public/v1/preview/C/A/HS?reporterCode=704&flowCode=X&cmdCode=090111&period=2020%2C2021%2C2022%2C2023%2C2024%2C2025%2C2026&includeDesc=true,2026-05-26T17:43:55.608Z,ok,0.9,"Comtrade filtered on customs=C00, mot=0, partner2=0; quantity_source=net_wgt_kg"
A,2022-01-01,2022,Vietnam,VNM,Chile,CHL,Export,coffee,coffee_raw_core,090111,Coffee; not roasted or decaffeinated,632260,kg,632260,632.26,1260434.855,UN Comtrade,https://comtradeapi.un.org/public/v1/preview/C/A/HS?reporterCode=704&flowCode=X&cmdCode=090111&period=2020%2C2021%2C2022%2C2023%2C2024%2C2025%2C2026&includeDesc=true,2026-05-26T17:43:55.608Z,ok,0.9,"Comtrade filtered on customs=C00, mot=0, partner2=0; quantity_source=net_wgt_kg"
A,2022-01-01,2022,Vietnam,VNM,China,CHN,Export,coffee,coffee_raw_core,090111,Coffee; not roasted or decaffeinated,22212366,kg,22212366,22212.366,41651557.729,UN Comtrade,https://comtradeapi.un.org/public/v1/preview/C/A/HS?reporterCode=704&flowCode=X&cmdCode=090111&period=2020%2C2021%2C2022%2C2023%2C2024%2C2025%2C2026&includeDesc=true,2026-05-26T17:43:55.608Z,ok,0.9,"Comtrade filtered on customs=C00, mot=0, partner2=0; quantity_source=net_wgt_kg"
A,2022-01-01,2022,Vietnam,VNM,Colombia,COL,Export,coffee,coffee_raw_core,090111,Coffee; not roasted or decaffeinated,2234354,kg,2234354,2234.354,4712280.11,UN Comtrade,https://comtradeapi.un.org/public/v1/preview/C/A/HS?reporterCode=704&flowCode=X&cmdCode=090111&period=2020%2C2021%2C2022%2C2023%2C2024%2C2025%2C2026&includeDesc=true,2026-05-26T17:43:55.608Z,ok,0.9,"Comtrade filtered on customs=C00, mot=0, partner2=0; quantity_source=net_wgt_kg"
A,2022-01-01,2022,Vietnam,VNM,Costa Rica,CRI,Export,coffee,coffee_raw_core,090111,Coffee; not roasted or decaffeinated,76800,kg,76800,76.8,186672.39,UN Comtrade,https://comtradeapi.un.org/public/v1/preview/C/A/HS?reporterCode=704&flowCode=X&cmdCode=090111&period=2020%2C2021%2C2022%2C2023%2C2024%2C2025%2C2026&includeDesc=true,2026-05-26T17:43:55.608Z,ok,0.9,"Comtrade filtered on customs=C00, mot=0, partner2=0; quantity_source=net_wgt_kg"
A,2022-01-01,2022,Vietnam,VNM,Croatia,HRV,Export,coffee,coffee_raw_core,090111,Coffee; not roasted or decaffeinated,1762110,kg,1762110,1762.11,3537779.778,UN Comtrade,https://comtradeapi.un.org/public/v1/preview/C/A/HS?reporterCode=704&flowCode=X&cmdCode=090111&period=2020%2C2021%2C2022%2C2023%2C2024%2C2025%2C2026&includeDesc=true,2026-05-26T17:43:55.608Z,ok,0.9,"Comtrade filtered on customs=C00, mot=0, partner2=0; quantity_source=net_wgt_kg"
A,2022-01-01,2022,Vietnam,VNM,Czechia,CZE,Export,coffee,coffee_raw_core,090111,Coffee; not roasted or decaffeinated,1694100,kg,1694100,1694.1,3433538.406,UN Comtrade,https://comtradeapi.un.org/public/v1/preview/C/A/HS?reporterCode=704&flowCode=X&cmdCode=090111&period=2020%2C2021%2C2022%2C2023%2C2024%2C2025%2C2026&includeDesc=true,2026-05-26T17:43:55.608Z,ok,0.9,"Comtrade filtered on customs=C00, mot=0, partner2=0; quantity_source=net_wgt_kg"
A,2022-01-01,2022,Vietnam,VNM,Denmark,DNK,Export,coffee,coffee_raw_core,090111,Coffee; not roasted or decaffeinated,1042800,kg,1042800,1042.8,2073111.114,UN Comtrade,https://comtradeapi.un.org/public/v1/preview/C/A/HS?reporterCode=704&flowCode=X&cmdCode=090111&period=2020%2C2021%2C2022%2C2023%2C2024%2C2025%2C2026&includeDesc=true,2026-05-26T17:43:55.608Z,ok,0.9,"Comtrade filtered on customs=C00, mot=0, partner2=0; quantity_source=net_wgt_kg"
A,2022-01-01,2022,Vietnam,VNM,Dominican Rep.,DOM,Export,coffee,coffee_raw_core,090111,Coffee; not roasted or decaffeinated,4863892,kg,4863892,4863.892,9704085.442,UN Comtrade,https://comtradeapi.un.org/public/v1/preview/C/A/HS?reporterCode=704&flowCode=X&cmdCode=090111&period=2020%2C2021%2C2022%2C2023%2C2024%2C2025%2C2026&includeDesc=true,2026-05-26T17:43:55.608Z,ok,0.9,"Comtrade filtered on customs=C00, mot=0, partner2=0; quantity_source=net_wgt_kg"
A,2022-01-01,2022,Vietnam,VNM,Ecuador,ECU,Export,coffee,coffee_raw_core,090111,Coffee; not roasted or decaffeinated,18860770,kg,18860770,18860.77,36844611.986,UN Comtrade,https://comtradeapi.un.org/public/v1/preview/C/A/HS?reporterCode=704&flowCode=X&cmdCode=090111&period=2020%2C2021%2C2022%2C2023%2C2024%2C2025%2C2026&includeDesc=true,2026-05-26T17:43:55.608Z,ok,0.9,"Comtrade filtered on customs=C00, mot=0, partner2=0; quantity_source=net_wgt_kg"
A,2022-01-01,2022,Vietnam,VNM,Estonia,EST,Export,coffee,coffee_raw_core,090111,Coffee; not roasted or decaffeinated,1666452,kg,1666452,1666.452,3447315.836,UN Comtrade,https://comtradeapi.un.org/public/v1/preview/C/A/HS?reporterCode=704&flowCode=X&cmdCode=090111&period=2020%2C2021%2C2022%2C2023%2C2024%2C2025%2C2026&includeDesc=true,2026-05-26T17:43:55.608Z,ok,0.9,"Comtrade filtered on customs=C00, mot=0, partner2=0; quantity_source=net_wgt_kg"
A,2022-01-01,2022,Vietnam,VNM,Finland,FIN,Export,coffee,coffee_raw_core,090111,Coffee; not roasted or decaffeinated,604037,kg,604037,604.037,1480524.799,UN Comtrade,https://comtradeapi.un.org/public/v1/preview/C/A/HS?reporterCode=704&flowCode=X&cmdCode=090111&period=2020%2C2021%2C2022%2C2023%2C2024%2C2025%2C2026&includeDesc=true,2026-05-26T17:43:55.608Z,ok,0.9,"Comtrade filtered on customs=C00, mot=0, partner2=0; quantity_source=net_wgt_kg"
A,2022-01-01,2022,Vietnam,VNM,France,FRA,Export,coffee,coffee_raw_core,090111,Coffee; not roasted or decaffeinated,22106730,kg,22106730,22106.73,51808787.76,UN Comtrade,https://comtradeapi.un.org/public/v1/preview/C/A/HS?reporterCode=704&flowCode=X&cmdCode=090111&period=2020%2C2021%2C2022%2C2023%2C2024%2C2025%2C2026&includeDesc=true,2026-05-26T17:43:55.608Z,ok,0.9,"Comtrade filtered on customs=C00, mot=0, partner2=0; quantity_source=net_wgt_kg"
A,2022-01-01,2022,Vietnam,VNM,Germany,DEU,Export,coffee,coffee_raw_core,090111,Coffee; not roasted or decaffeinated,220082686.734,kg,220082686.734,220082.686734,454090248.877,UN Comtrade,https://comtradeapi.un.org/public/v1/preview/C/A/HS?reporterCode=704&flowCode=X&cmdCode=090111&period=2020%2C2021%2C2022%2C2023%2C2024%2C2025%2C2026&includeDesc=true,2026-05-26T17:43:55.608Z,ok,0.9,"Comtrade filtered on customs=C00, mot=0, partner2=0; quantity_source=net_wgt_kg"
A,2022-01-01,2022,Vietnam,VNM,Greece,GRC,Export,coffee,coffee_raw_core,090111,Coffee; not roasted or decaffeinated,7947424,kg,7947424,7947.424,16582964.377,UN Comtrade,https://comtradeapi.un.org/public/v1/preview/C/A/HS?reporterCode=704&flowCode=X&cmdCode=090111&period=2020%2C2021%2C2022%2C2023%2C2024%2C2025%2C2026&includeDesc=true,2026-05-26T17:43:55.608Z,ok,0.9,"Comtrade filtered on customs=C00, mot=0, partner2=0; quantity_source=net_wgt_kg"
A,2022-01-01,2022,Vietnam,VNM,"China, Hong Kong SAR",HKG,Export,coffee,coffee_raw_core,090111,Coffee; not roasted or decaffeinated,871432,kg,871432,871.432,1747195.71,UN Comtrade,https://comtradeapi.un.org/public/v1/preview/C/A/HS?reporterCode=704&flowCode=X&cmdCode=090111&period=2020%2C2021%2C2022%2C2023%2C2024%2C2025%2C2026&includeDesc=true,2026-05-26T17:43:55.608Z,ok,0.9,"Comtrade filtered on customs=C00, mot=0, partner2=0; quantity_source=net_wgt_kg"
A,2022-01-01,2022,Vietnam,VNM,Indonesia,IDN,Export,coffee,coffee_raw_core,090111,Coffee; not roasted or decaffeinated,5944690,kg,5944690,5944.69,11779322.633,UN Comtrade,https://comtradeapi.un.org/public/v1/preview/C/A/HS?reporterCode=704&flowCode=X&cmdCode=090111&period=2020%2C2021%2C2022%2C2023%2C2024%2C2025%2C2026&includeDesc=true,2026-05-26T17:43:55.608Z,ok,0.9,"Comtrade filtered on customs=C00, mot=0, partner2=0; quantity_source=net_wgt_kg"
A,2022-01-01,2022,Vietnam,VNM,Iraq,IRQ,Export,coffee,coffee_raw_core,090111,Coffee; not roasted or decaffeinated,38400,kg,38400,38.4,96000,UN Comtrade,https://comtradeapi.un.org/public/v1/preview/C/A/HS?reporterCode=704&flowCode=X&cmdCode=090111&period=2020%2C2021%2C2022%2C2023%2C2024%2C2025%2C2026&includeDesc=true,2026-05-26T17:43:55.608Z,ok,0.9,"Comtrade filtered on customs=C00, mot=0, partner2=0; quantity_source=net_wgt_kg"
A,2022-01-01,2022,Vietnam,VNM,Ireland,IRL,Export,coffee,coffee_raw_core,090111,Coffee; not roasted or decaffeinated,711744,kg,711744,711.744,2551910.784,UN Comtrade,https://comtradeapi.un.org/public/v1/preview/C/A/HS?reporterCode=704&flowCode=X&cmdCode=090111&period=2020%2C2021%2C2022%2C2023%2C2024%2C2025%2C2026&includeDesc=true,2026-05-26T17:43:55.608Z,ok,0.9,"Comtrade filtered on customs=C00, mot=0, partner2=0; quantity_source=net_wgt_kg"
A,2022-01-01,2022,Vietnam,VNM,Israel,ISR,Export,coffee,coffee_raw_core,090111,Coffee; not roasted or decaffeinated,5681518,kg,5681518,5681.518,11913645.619,UN Comtrade,https://comtradeapi.un.org/public/v1/preview/C/A/HS?reporterCode=704&flowCode=X&cmdCode=090111&period=2020%2C2021%2C2022%2C2023%2C2024%2C2025%2C2026&includeDesc=true,2026-05-26T17:43:55.608Z,ok,0.9,"Comtrade filtered on customs=C00, mot=0, partner2=0; quantity_source=net_wgt_kg"
A,2022-01-01,2022,Vietnam,VNM,Italy,ITA,Export,coffee,coffee_raw_core,090111,Coffee; not roasted or decaffeinated,138298930,kg,138298930,138298.93,290820187.608,UN Comtrade,https://comtradeapi.un.org/public/v1/preview/C/A/HS?reporterCode=704&flowCode=X&cmdCode=090111&period=2020%2C2021%2C2022%2C2023%2C2024%2C2025%2C2026&includeDesc=true,2026-05-26T17:43:55.608Z,ok,0.9,"Comtrade filtered on customs=C00, mot=0, partner2=0; quantity_source=net_wgt_kg"
A,2022-01-01,2022,Vietnam,VNM,Japan,JPN,Export,coffee,coffee_raw_core,090111,Coffee; not roasted or decaffeinated,95805005.376,kg,95805005.376,95805.005376,206550035.42,UN Comtrade,https://comtradeapi.un.org/public/v1/preview/C/A/HS?reporterCode=704&flowCode=X&cmdCode=090111&period=2020%2C2021%2C2022%2C2023%2C2024%2C2025%2C2026&includeDesc=true,2026-05-26T17:43:55.608Z,ok,0.9,"Comtrade filtered on customs=C00, mot=0, partner2=0; quantity_source=net_wgt_kg"
A,2022-01-01,2022,Vietnam,VNM,Kazakhstan,KAZ,Export,coffee,coffee_raw_core,090111,Coffee; not roasted or decaffeinated,38400,kg,38400,38.4,113940,UN Comtrade,https://comtradeapi.un.org/public/v1/preview/C/A/HS?reporterCode=704&flowCode=X&cmdCode=090111&period=2020%2C2021%2C2022%2C2023%2C2024%2C2025%2C2026&includeDesc=true,2026-05-26T17:43:55.608Z,ok,0.9,"Comtrade filtered on customs=C00, mot=0, partner2=0; quantity_source=net_wgt_kg"
A,2022-01-01,2022,Vietnam,VNM,Rep. of Korea,KOR,Export,coffee,coffee_raw_core,090111,Coffee; not roasted or decaffeinated,30977360,kg,30977360,30977.36,66282983.159,UN Comtrade,https://comtradeapi.un.org/public/v1/preview/C/A/HS?reporterCode=704&flowCode=X&cmdCode=090111&period=2020%2C2021%2C2022%2C2023%2C2024%2C2025%2C2026&includeDesc=true,2026-05-26T17:43:55.608Z,ok,0.9,"Comtrade filtered on customs=C00, mot=0, partner2=0; quantity_source=net_wgt_kg"
A,2022-01-01,2022,Vietnam,VNM,Kuwait,KWT,Export,coffee,coffee_raw_core,090111,Coffee; not roasted or decaffeinated,516760,kg,516760,516.76,1196319.5,UN Comtrade,https://comtradeapi.un.org/public/v1/preview/C/A/HS?reporterCode=704&flowCode=X&cmdCode=090111&period=2020%2C2021%2C2022%2C2023%2C2024%2C2025%2C2026&includeDesc=true,2026-05-26T17:43:55.608Z,ok,0.9,"Comtrade filtered on customs=C00, mot=0, partner2=0; quantity_source=net_wgt_kg"
A,2022-01-01,2022,Vietnam,VNM,Latvia,LVA,Export,coffee,coffee_raw_core,090111,Coffee; not roasted or decaffeinated,326400,kg,326400,326.4,638656.8,UN Comtrade,https://comtradeapi.un.org/public/v1/preview/C/A/HS?reporterCode=704&flowCode=X&cmdCode=090111&period=2020%2C2021%2C2022%2C2023%2C2024%2C2025%2C2026&includeDesc=true,2026-05-26T17:43:55.608Z,ok,0.9,"Comtrade filtered on customs=C00, mot=0, partner2=0; quantity_source=net_wgt_kg"
A,2022-01-01,2022,Vietnam,VNM,Lithuania,LTU,Export,coffee,coffee_raw_core,090111,Coffee; not roasted or decaffeinated,585820,kg,585820,585.82,1331099,UN Comtrade,https://comtradeapi.un.org/public/v1/preview/C/A/HS?reporterCode=704&flowCode=X&cmdCode=090111&period=2020%2C2021%2C2022%2C2023%2C2024%2C2025%2C2026&includeDesc=true,2026-05-26T17:43:55.608Z,ok,0.9,"Comtrade filtered on customs=C00, mot=0, partner2=0; quantity_source=net_wgt_kg"
A,2022-01-01,2022,Vietnam,VNM,Malaysia,MYS,Export,coffee,coffee_raw_core,090111,Coffee; not roasted or decaffeinated,20583280,kg,20583280,20583.28,41405199.739,UN Comtrade,https://comtradeapi.un.org/public/v1/preview/C/A/HS?reporterCode=704&flowCode=X&cmdCode=090111&period=2020%2C2021%2C2022%2C2023%2C2024%2C2025%2C2026&includeDesc=true,2026-05-26T17:43:55.608Z,ok,0.9,"Comtrade filtered on customs=C00, mot=0, partner2=0; quantity_source=net_wgt_kg"
A,2022-01-01,2022,Vietnam,VNM,Mexico,MEX,Export,coffee,coffee_raw_core,090111,Coffee; not roasted or decaffeinated,31011170,kg,31011170,31011.17,61716878.707,UN Comtrade,https://comtradeapi.un.org/public/v1/preview/C/A/HS?reporterCode=704&flowCode=X&cmdCode=090111&period=2020%2C2021%2C2022%2C2023%2C2024%2C2025%2C2026&includeDesc=true,2026-05-26T17:43:55.608Z,ok,0.9,"Comtrade filtered on customs=C00, mot=0, partner2=0; quantity_source=net_wgt_kg"
A,2022-01-01,2022,Vietnam,VNM,"Other Asia, nes",S19,Export,coffee,coffee_raw_core,090111,Coffee; not roasted or decaffeinated,838472,kg,838472,838.472,2302764.696,UN Comtrade,https://comtradeapi.un.org/public/v1/preview/C/A/HS?reporterCode=704&flowCode=X&cmdCode=090111&period=2020%2C2021%2C2022%2C2023%2C2024%2C2025%2C2026&includeDesc=true,2026-05-26T17:43:55.608Z,ok,0.9,"Comtrade filtered on customs=C00, mot=0, partner2=0; quantity_source=net_wgt_kg"
A,2022-01-01,2022,Vietnam,VNM,Morocco,MAR,Export,coffee,coffee_raw_core,090111,Coffee; not roasted or decaffeinated,6358080,kg,6358080,6358.08,12477648.847,UN Comtrade,https://comtradeapi.un.org/public/v1/preview/C/A/HS?reporterCode=704&flowCode=X&cmdCode=090111&period=2020%2C2021%2C2022%2C2023%2C2024%2C2025%2C2026&includeDesc=true,2026-05-26T17:43:55.608Z,ok,0.9,"Comtrade filtered on customs=C00, mot=0, partner2=0; quantity_source=net_wgt_kg"
A,2022-01-01,2022,Vietnam,VNM,Netherlands,NLD,Export,coffee,coffee_raw_core,090111,Coffee; not roasted or decaffeinated,29176960,kg,29176960,29176.96,63885489.528,UN Comtrade,https://comtradeapi.un.org/public/v1/preview/C/A/HS?reporterCode=704&flowCode=X&cmdCode=090111&period=2020%2C2021%2C2022%2C2023%2C2024%2C2025%2C2026&includeDesc=true,2026-05-26T17:43:55.608Z,ok,0.9,"Comtrade filtered on customs=C00, mot=0, partner2=0; quantity_source=net_wgt_kg"
A,2022-01-01,2022,Vietnam,VNM,New Zealand,NZL,Export,coffee,coffee_raw_core,090111,Coffee; not roasted or decaffeinated,1098511,kg,1098511,1098.511,2015954.82,UN Comtrade,https://comtradeapi.un.org/public/v1/preview/C/A/HS?reporterCode=704&flowCode=X&cmdCode=090111&period=2020%2C2021%2C2022%2C2023%2C2024%2C2025%2C2026&includeDesc=true,2026-05-26T17:43:55.608Z,ok,0.9,"Comtrade filtered on customs=C00, mot=0, partner2=0; quantity_source=net_wgt_kg"
A,2022-01-01,2022,Vietnam,VNM,Norway,NOR,Export,coffee,coffee_raw_core,090111,Coffee; not roasted or decaffeinated,194400,kg,194400,194.4,398732.328,UN Comtrade,https://comtradeapi.un.org/public/v1/preview/C/A/HS?reporterCode=704&flowCode=X&cmdCode=090111&period=2020%2C2021%2C2022%2C2023%2C2024%2C2025%2C2026&includeDesc=true,2026-05-26T17:43:55.608Z,ok,0.9,"Comtrade filtered on customs=C00, mot=0, partner2=0; quantity_source=net_wgt_kg"
A,2022-01-01,2022,Vietnam,VNM,Panama,PAN,Export,coffee,coffee_raw_core,090111,Coffee; not roasted or decaffeinated,19000,kg,19000,19,44650,UN Comtrade,https://comtradeapi.un.org/public/v1/preview/C/A/HS?reporterCode=704&flowCode=X&cmdCode=090111&period=2020%2C2021%2C2022%2C2023%2C2024%2C2025%2C2026&includeDesc=true,2026-05-26T17:43:55.608Z,ok,0.9,"Comtrade filtered on customs=C00, mot=0, partner2=0; quantity_source=net_wgt_kg"
A,2022-01-01,2022,Vietnam,VNM,Philippines,PHL,Export,coffee,coffee_raw_core,090111,Coffee; not roasted or decaffeinated,35333610,kg,35333610,35333.61,72521955.151,UN Comtrade,https://comtradeapi.un.org/public/v1/preview/C/A/HS?reporterCode=704&flowCode=X&cmdCode=090111&period=2020%2C2021%2C2022%2C2023%2C2024%2C2025%2C2026&includeDesc=true,2026-05-26T17:43:55.608Z,ok,0.9,"Comtrade filtered on customs=C00, mot=0, partner2=0; quantity_source=net_wgt_kg"
A,2022-01-01,2022,Vietnam,VNM,Poland,POL,Export,coffee,coffee_raw_core,090111,Coffee; not roasted or decaffeinated,9877350,kg,9877350,9877.35,19463912.22,UN Comtrade,https://comtradeapi.un.org/public/v1/preview/C/A/HS?reporterCode=704&flowCode=X&cmdCode=090111&period=2020%2C2021%2C2022%2C2023%2C2024%2C2025%2C2026&includeDesc=true,2026-05-26T17:43:55.608Z,ok,0.9,"Comtrade filtered on customs=C00, mot=0, partner2=0; quantity_source=net_wgt_kg"
A,2022-01-01,2022,Vietnam,VNM,Portugal,PRT,Export,coffee,coffee_raw_core,090111,Coffee; not roasted or decaffeinated,10913850,kg,10913850,10913.85,22838837.778,UN Comtrade,https://comtradeapi.un.org/public/v1/preview/C/A/HS?reporterCode=704&flowCode=X&cmdCode=090111&period=2020%2C2021%2C2022%2C2023%2C2024%2C2025%2C2026&includeDesc=true,2026-05-26T17:43:55.608Z,ok,0.9,"Comtrade filtered on customs=C00, mot=0, partner2=0; quantity_source=net_wgt_kg"
A,2022-01-01,2022,Vietnam,VNM,Qatar,QAT,Export,coffee,coffee_raw_core,090111,Coffee; not roasted or decaffeinated,25200,kg,25200,25.2,67400,UN Comtrade,https://comtradeapi.un.org/public/v1/preview/C/A/HS?reporterCode=704&flowCode=X&cmdCode=090111&period=2020%2C2021%2C2022%2C2023%2C2024%2C2025%2C2026&includeDesc=true,2026-05-26T17:43:55.608Z,ok,0.9,"Comtrade filtered on customs=C00, mot=0, partner2=0; quantity_source=net_wgt_kg"
A,2022-01-01,2022,Vietnam,VNM,Romania,ROU,Export,coffee,coffee_raw_core,090111,Coffee; not roasted or decaffeinated,1932412,kg,1932412,1932.412,3822122.468,UN Comtrade,https://comtradeapi.un.org/public/v1/preview/C/A/HS?reporterCode=704&flowCode=X&cmdCode=090111&period=2020%2C2021%2C2022%2C2023%2C2024%2C2025%2C2026&includeDesc=true,2026-05-26T17:43:55.608Z,ok,0.9,"Comtrade filtered on customs=C00, mot=0, partner2=0; quantity_source=net_wgt_kg"
A,2022-01-01,2022,Vietnam,VNM,Russian Federation,RUS,Export,coffee,coffee_raw_core,090111,Coffee; not roasted or decaffeinated,95405700,kg,95405700,95405.7,196297466.576,UN Comtrade,https://comtradeapi.un.org/public/v1/preview/C/A/HS?reporterCode=704&flowCode=X&cmdCode=090111&period=2020%2C2021%2C2022%2C2023%2C2024%2C2025%2C2026&includeDesc=true,2026-05-26T17:43:55.608Z,ok,0.9,"Comtrade filtered on customs=C00, mot=0, partner2=0; quantity_source=net_wgt_kg"
A,2022-01-01,2022,Vietnam,VNM,Saudi Arabia,SAU,Export,coffee,coffee_raw_core,090111,Coffee; not roasted or decaffeinated,601400,kg,601400,601.4,1537244,UN Comtrade,https://comtradeapi.un.org/public/v1/preview/C/A/HS?reporterCode=704&flowCode=X&cmdCode=090111&period=2020%2C2021%2C2022%2C2023%2C2024%2C2025%2C2026&includeDesc=true,2026-05-26T17:43:55.608Z,ok,0.9,"Comtrade filtered on customs=C00, mot=0, partner2=0; quantity_source=net_wgt_kg"
A,2022-01-01,2022,Vietnam,VNM,Senegal,SEN,Export,coffee,coffee_raw_core,090111,Coffee; not roasted or decaffeinated,19500,kg,19500,19.5,43875,UN Comtrade,https://comtradeapi.un.org/public/v1/preview/C/A/HS?reporterCode=704&flowCode=X&cmdCode=090111&period=2020%2C2021%2C2022%2C2023%2C2024%2C2025%2C2026&includeDesc=true,2026-05-26T17:43:55.608Z,ok,0.9,"Comtrade filtered on customs=C00, mot=0, partner2=0; quantity_source=net_wgt_kg"
A,2022-01-01,2022,Vietnam,VNM,India,IND,Export,coffee,coffee_raw_core,090111,Coffee; not roasted or decaffeinated,29234880,kg,29234880,29234.88,55675962.169,UN Comtrade,https://comtradeapi.un.org/public/v1/preview/C/A/HS?reporterCode=704&flowCode=X&cmdCode=090111&period=2020%2C2021%2C2022%2C2023%2C2024%2C2025%2C2026&includeDesc=true,2026-05-26T17:43:55.608Z,ok,0.9,"Comtrade filtered on customs=C00, mot=0, partner2=0; quantity_source=net_wgt_kg"
A,2022-01-01,2022,Vietnam,VNM,Singapore,SGP,Export,coffee,coffee_raw_core,090111,Coffee; not roasted or decaffeinated,112000,kg,112000,112,277651.709,UN Comtrade,https://comtradeapi.un.org/public/v1/preview/C/A/HS?reporterCode=704&flowCode=X&cmdCode=090111&period=2020%2C2021%2C2022%2C2023%2C2024%2C2025%2C2026&includeDesc=true,2026-05-26T17:43:55.608Z,ok,0.9,"Comtrade filtered on customs=C00, mot=0, partner2=0; quantity_source=net_wgt_kg"
A,2022-01-01,2022,Vietnam,VNM,Slovenia,SVN,Export,coffee,coffee_raw_core,090111,Coffee; not roasted or decaffeinated,5045349,kg,5045349,5045.349,10736849.946,UN Comtrade,https://comtradeapi.un.org/public/v1/preview/C/A/HS?reporterCode=704&flowCode=X&cmdCode=090111&period=2020%2C2021%2C2022%2C2023%2C2024%2C2025%2C2026&includeDesc=true,2026-05-26T17:43:55.608Z,ok,0.9,"Comtrade filtered on customs=C00, mot=0, partner2=0; quantity_source=net_wgt_kg"
A,2022-01-01,2022,Vietnam,VNM,South Africa,ZAF,Export,coffee,coffee_raw_core,090111,Coffee; not roasted or decaffeinated,5029920,kg,5029920,5029.92,9779628.956,UN Comtrade,https://comtradeapi.un.org/public/v1/preview/C/A/HS?reporterCode=704&flowCode=X&cmdCode=090111&period=2020%2C2021%2C2022%2C2023%2C2024%2C2025%2C2026&includeDesc=true,2026-05-26T17:43:55.608Z,ok,0.9,"Comtrade filtered on customs=C00, mot=0, partner2=0; quantity_source=net_wgt_kg"
A,2022-01-01,2022,Vietnam,VNM,Spain,ESP,Export,coffee,coffee_raw_core,090111,Coffee; not roasted or decaffeinated,79622410,kg,79622410,79622.41,161034432.594,UN Comtrade,https://comtradeapi.un.org/public/v1/preview/C/A/HS?reporterCode=704&flowCode=X&cmdCode=090111&period=2020%2C2021%2C2022%2C2023%2C2024%2C2025%2C2026&includeDesc=true,2026-05-26T17:43:55.608Z,ok,0.9,"Comtrade filtered on customs=C00, mot=0, partner2=0; quantity_source=net_wgt_kg"
A,2022-01-01,2022,Vietnam,VNM,Sweden,SWE,Export,coffee,coffee_raw_core,090111,Coffee; not roasted or decaffeinated,1811530,kg,1811530,1811.53,4667944.978,UN Comtrade,https://comtradeapi.un.org/public/v1/preview/C/A/HS?reporterCode=704&flowCode=X&cmdCode=090111&period=2020%2C2021%2C2022%2C2023%2C2024%2C2025%2C2026&includeDesc=true,2026-05-26T17:43:55.608Z,ok,0.9,"Comtrade filtered on customs=C00, mot=0, partner2=0; quantity_source=net_wgt_kg"
A,2022-01-01,2022,Vietnam,VNM,Switzerland,CHE,Export,coffee,coffee_raw_core,090111,Coffee; not roasted or decaffeinated,19792,kg,19792,19.792,53386.5,UN Comtrade,https://comtradeapi.un.org/public/v1/preview/C/A/HS?reporterCode=704&flowCode=X&cmdCode=090111&period=2020%2C2021%2C2022%2C2023%2C2024%2C2025%2C2026&includeDesc=true,2026-05-26T17:43:55.608Z,ok,0.9,"Comtrade filtered on customs=C00, mot=0, partner2=0; quantity_source=net_wgt_kg"
A,2022-01-01,2022,Vietnam,VNM,Thailand,THA,Export,coffee,coffee_raw_core,090111,Coffee; not roasted or decaffeinated,27921320,kg,27921320,27921.32,61628251.4,UN Comtrade,https://comtradeapi.un.org/public/v1/preview/C/A/HS?reporterCode=704&flowCode=X&cmdCode=090111&period=2020%2C2021%2C2022%2C2023%2C2024%2C2025%2C2026&includeDesc=true,2026-05-26T17:43:55.608Z,ok,0.9,"Comtrade filtered on customs=C00, mot=0, partner2=0; quantity_source=net_wgt_kg"
A,2022-01-01,2022,Vietnam,VNM,United Arab Emirates,ARE,Export,coffee,coffee_raw_core,090111,Coffee; not roasted or decaffeinated,4623062,kg,4623062,4623.062,10530841.52,UN Comtrade,https://comtradeapi.un.org/public/v1/preview/C/A/HS?reporterCode=704&flowCode=X&cmdCode=090111&period=2020%2C2021%2C2022%2C2023%2C2024%2C2025%2C2026&includeDesc=true,2026-05-26T17:43:55.608Z,ok,0.9,"Comtrade filtered on customs=C00, mot=0, partner2=0; quantity_source=net_wgt_kg"
A,2022-01-01,2022,Vietnam,VNM,Tunisia,TUN,Export,coffee,coffee_raw_core,090111,Coffee; not roasted or decaffeinated,3659057,kg,3659057,3659.057,6965140.05,UN Comtrade,https://comtradeapi.un.org/public/v1/preview/C/A/HS?reporterCode=704&flowCode=X&cmdCode=090111&period=2020%2C2021%2C2022%2C2023%2C2024%2C2025%2C2026&includeDesc=true,2026-05-26T17:43:55.608Z,ok,0.9,"Comtrade filtered on customs=C00, mot=0, partner2=0; quantity_source=net_wgt_kg"
A,2022-01-01,2022,Vietnam,VNM,Türkiye,TUR,Export,coffee,coffee_raw_core,090111,Coffee; not roasted or decaffeinated,1638600,kg,1638600,1638.6,3910009.716,UN Comtrade,https://comtradeapi.un.org/public/v1/preview/C/A/HS?reporterCode=704&flowCode=X&cmdCode=090111&period=2020%2C2021%2C2022%2C2023%2C2024%2C2025%2C2026&includeDesc=true,2026-05-26T17:43:55.608Z,ok,0.9,"Comtrade filtered on customs=C00, mot=0, partner2=0; quantity_source=net_wgt_kg"
A,2022-01-01,2022,Vietnam,VNM,Ukraine,UKR,Export,coffee,coffee_raw_core,090111,Coffee; not roasted or decaffeinated,780757,kg,780757,780.757,1673969.2,UN Comtrade,https://comtradeapi.un.org/public/v1/preview/C/A/HS?reporterCode=704&flowCode=X&cmdCode=090111&period=2020%2C2021%2C2022%2C2023%2C2024%2C2025%2C2026&includeDesc=true,2026-05-26T17:43:55.608Z,ok,0.9,"Comtrade filtered on customs=C00, mot=0, partner2=0; quantity_source=net_wgt_kg"
A,2022-01-01,2022,Vietnam,VNM,Egypt,EGY,Export,coffee,coffee_raw_core,090111,Coffee; not roasted or decaffeinated,16257680,kg,16257680,16257.68,35642113.602,UN Comtrade,https://comtradeapi.un.org/public/v1/preview/C/A/HS?reporterCode=704&flowCode=X&cmdCode=090111&period=2020%2C2021%2C2022%2C2023%2C2024%2C2025%2C2026&includeDesc=true,2026-05-26T17:43:55.608Z,ok,0.9,"Comtrade filtered on customs=C00, mot=0, partner2=0; quantity_source=net_wgt_kg"
A,2022-01-01,2022,Vietnam,VNM,United Kingdom,GBR,Export,coffee,coffee_raw_core,090111,Coffee; not roasted or decaffeinated,39960115,kg,39960115,39960.115,79878628.286,UN Comtrade,https://comtradeapi.un.org/public/v1/preview/C/A/HS?reporterCode=704&flowCode=X&cmdCode=090111&period=2020%2C2021%2C2022%2C2023%2C2024%2C2025%2C2026&includeDesc=true,2026-05-26T17:43:55.608Z,ok,0.9,"Comtrade filtered on customs=C00, mot=0, partner2=0; quantity_source=net_wgt_kg"
A,2022-01-01,2022,Vietnam,VNM,USA,USA,Export,coffee,coffee_raw_core,090111,Coffee; not roasted or decaffeinated,117804527.851,kg,117804527.851,117804.527851,254532081.849,UN Comtrade,https://comtradeapi.un.org/public/v1/preview/C/A/HS?reporterCode=704&flowCode=X&cmdCode=090111&period=2020%2C2021%2C2022%2C2023%2C2024%2C2025%2C2026&includeDesc=true,2026-05-26T17:43:55.608Z,ok,0.9,"Comtrade filtered on customs=C00, mot=0, partner2=0; quantity_source=net_wgt_kg"
A,2022-01-01,2022,Vietnam,VNM,Venezuela,VEN,Export,coffee,coffee_raw_core,090111,Coffee; not roasted or decaffeinated,342400,kg,342400,342.4,755821.6,UN Comtrade,https://comtradeapi.un.org/public/v1/preview/C/A/HS?reporterCode=704&flowCode=X&cmdCode=090111&period=2020%2C2021%2C2022%2C2023%2C2024%2C2025%2C2026&includeDesc=true,2026-05-26T17:43:55.608Z,ok,0.9,"Comtrade filtered on customs=C00, mot=0, partner2=0; quantity_source=net_wgt_kg"
A,2023-01-01,2023,Vietnam,VNM,World,W00,Export,coffee,coffee_raw_core,090111,Coffee; not roasted or decaffeinated,1035179758.826,kg,1035179758.826,1035179.758826,2977954667.295,UN Comtrade,https://comtradeapi.un.org/public/v1/preview/C/A/HS?reporterCode=704&flowCode=X&cmdCode=090111&period=2020%2C2021%2C2022%2C2023%2C2024%2C2025%2C2026&includeDesc=true,2026-05-26T17:43:55.608Z,aggregate_partner_excluded_or_flagged,0.75,"Comtrade filtered on customs=C00, mot=0, partner2=0; quantity_source=net_wgt_kg"
A,2023-01-01,2023,Vietnam,VNM,Algeria,DZA,Export,coffee,coffee_raw_core,090111,Coffee; not roasted or decaffeinated,53461904.998,kg,53461904.998,53461.904998,160171544.473,UN Comtrade,https://comtradeapi.un.org/public/v1/preview/C/A/HS?reporterCode=704&flowCode=X&cmdCode=090111&period=2020%2C2021%2C2022%2C2023%2C2024%2C2025%2C2026&includeDesc=true,2026-05-26T17:43:55.608Z,ok,0.9,"Comtrade filtered on customs=C00, mot=0, partner2=0; quantity_source=net_wgt_kg"
A,2023-01-01,2023,Vietnam,VNM,Argentina,ARG,Export,coffee,coffee_raw_core,090111,Coffee; not roasted or decaffeinated,399513.915,kg,399513.915,399.513915,1157801.74,UN Comtrade,https://comtradeapi.un.org/public/v1/preview/C/A/HS?reporterCode=704&flowCode=X&cmdCode=090111&period=2020%2C2021%2C2022%2C2023%2C2024%2C2025%2C2026&includeDesc=true,2026-05-26T17:43:55.608Z,ok,0.9,"Comtrade filtered on customs=C00, mot=0, partner2=0; quantity_source=net_wgt_kg"
A,2023-01-01,2023,Vietnam,VNM,Australia,AUS,Export,coffee,coffee_raw_core,090111,Coffee; not roasted or decaffeinated,8715929.617,kg,8715929.617,8715.929617,28012401.338,UN Comtrade,https://comtradeapi.un.org/public/v1/preview/C/A/HS?reporterCode=704&flowCode=X&cmdCode=090111&period=2020%2C2021%2C2022%2C2023%2C2024%2C2025%2C2026&includeDesc=true,2026-05-26T17:43:55.608Z,ok,0.9,"Comtrade filtered on customs=C00, mot=0, partner2=0; quantity_source=net_wgt_kg"
A,2023-01-01,2023,Vietnam,VNM,Bangladesh,BGD,Export,coffee,coffee_raw_core,090111,Coffee; not roasted or decaffeinated,15935.924,kg,15935.924,15.935924,56995,UN Comtrade,https://comtradeapi.un.org/public/v1/preview/C/A/HS?reporterCode=704&flowCode=X&cmdCode=090111&period=2020%2C2021%2C2022%2C2023%2C2024%2C2025%2C2026&includeDesc=true,2026-05-26T17:43:55.608Z,ok,0.9,"Comtrade filtered on customs=C00, mot=0, partner2=0; quantity_source=net_wgt_kg"
A,2023-01-01,2023,Vietnam,VNM,Belgium,BEL,Export,coffee,coffee_raw_core,090111,Coffee; not roasted or decaffeinated,49351138.529,kg,49351138.529,49351.138529,138717432.068,UN Comtrade,https://comtradeapi.un.org/public/v1/preview/C/A/HS?reporterCode=704&flowCode=X&cmdCode=090111&period=2020%2C2021%2C2022%2C2023%2C2024%2C2025%2C2026&includeDesc=true,2026-05-26T17:43:55.608Z,ok,0.9,"Comtrade filtered on customs=C00, mot=0, partner2=0; quantity_source=net_wgt_kg"
A,2023-01-01,2023,Vietnam,VNM,Brazil,BRA,Export,coffee,coffee_raw_core,090111,Coffee; not roasted or decaffeinated,365133.567,kg,365133.567,365.133567,806053,UN Comtrade,https://comtradeapi.un.org/public/v1/preview/C/A/HS?reporterCode=704&flowCode=X&cmdCode=090111&period=2020%2C2021%2C2022%2C2023%2C2024%2C2025%2C2026&includeDesc=true,2026-05-26T17:43:55.608Z,ok,0.9,"Comtrade filtered on customs=C00, mot=0, partner2=0; quantity_source=net_wgt_kg"
A,2023-01-01,2023,Vietnam,VNM,Bulgaria,BGR,Export,coffee,coffee_raw_core,090111,Coffee; not roasted or decaffeinated,493604.854,kg,493604.854,493.604854,1551827.33,UN Comtrade,https://comtradeapi.un.org/public/v1/preview/C/A/HS?reporterCode=704&flowCode=X&cmdCode=090111&period=2020%2C2021%2C2022%2C2023%2C2024%2C2025%2C2026&includeDesc=true,2026-05-26T17:43:55.608Z,ok,0.9,"Comtrade filtered on customs=C00, mot=0, partner2=0; quantity_source=net_wgt_kg"
A,2023-01-01,2023,Vietnam,VNM,Myanmar,MMR,Export,coffee,coffee_raw_core,090111,Coffee; not roasted or decaffeinated,38400,kg,38400,38.4,140530.176,UN Comtrade,https://comtradeapi.un.org/public/v1/preview/C/A/HS?reporterCode=704&flowCode=X&cmdCode=090111&period=2020%2C2021%2C2022%2C2023%2C2024%2C2025%2C2026&includeDesc=true,2026-05-26T17:43:55.608Z,ok,0.9,"Comtrade filtered on customs=C00, mot=0, partner2=0; quantity_source=net_wgt_kg"
A,2023-01-01,2023,Vietnam,VNM,Cambodia,KHM,Export,coffee,coffee_raw_core,090111,Coffee; not roasted or decaffeinated,229565.173,kg,229565.173,229.565173,848988.084,UN Comtrade,https://comtradeapi.un.org/public/v1/preview/C/A/HS?reporterCode=704&flowCode=X&cmdCode=090111&period=2020%2C2021%2C2022%2C2023%2C2024%2C2025%2C2026&includeDesc=true,2026-05-26T17:43:55.608Z,ok,0.9,"Comtrade filtered on customs=C00, mot=0, partner2=0; quantity_source=net_wgt_kg"
A,2023-01-01,2023,Vietnam,VNM,Canada,CAN,Export,coffee,coffee_raw_core,090111,Coffee; not roasted or decaffeinated,6118391.607,kg,6118391.607,6118.391607,17483475.965,UN Comtrade,https://comtradeapi.un.org/public/v1/preview/C/A/HS?reporterCode=704&flowCode=X&cmdCode=090111&period=2020%2C2021%2C2022%2C2023%2C2024%2C2025%2C2026&includeDesc=true,2026-05-26T17:43:55.608Z,ok,0.9,"Comtrade filtered on customs=C00, mot=0, partner2=0; quantity_source=net_wgt_kg"
A,2023-01-01,2023,Vietnam,VNM,Sri Lanka,LKA,Export,coffee,coffee_raw_core,090111,Coffee; not roasted or decaffeinated,23450.303,kg,23450.303,23.450303,60219.6,UN Comtrade,https://comtradeapi.un.org/public/v1/preview/C/A/HS?reporterCode=704&flowCode=X&cmdCode=090111&period=2020%2C2021%2C2022%2C2023%2C2024%2C2025%2C2026&includeDesc=true,2026-05-26T17:43:55.608Z,ok,0.9,"Comtrade filtered on customs=C00, mot=0, partner2=0; quantity_source=net_wgt_kg"
A,2023-01-01,2023,Vietnam,VNM,Chile,CHL,Export,coffee,coffee_raw_core,090111,Coffee; not roasted or decaffeinated,730899.292,kg,730899.292,730.899292,1617007.269,UN Comtrade,https://comtradeapi.un.org/public/v1/preview/C/A/HS?reporterCode=704&flowCode=X&cmdCode=090111&period=2020%2C2021%2C2022%2C2023%2C2024%2C2025%2C2026&includeDesc=true,2026-05-26T17:43:55.608Z,ok,0.9,"Comtrade filtered on customs=C00, mot=0, partner2=0; quantity_source=net_wgt_kg"
A,2023-01-01,2023,Vietnam,VNM,China,CHN,Export,coffee,coffee_raw_core,090111,Coffee; not roasted or decaffeinated,16479499.941,kg,16479499.941,16479.499941,48804138.879,UN Comtrade,https://comtradeapi.un.org/public/v1/preview/C/A/HS?reporterCode=704&flowCode=X&cmdCode=090111&period=2020%2C2021%2C2022%2C2023%2C2024%2C2025%2C2026&includeDesc=true,2026-05-26T17:43:55.608Z,ok,0.9,"Comtrade filtered on customs=C00, mot=0, partner2=0; quantity_source=net_wgt_kg"
A,2023-01-01,2023,Vietnam,VNM,Colombia,COL,Export,coffee,coffee_raw_core,090111,Coffee; not roasted or decaffeinated,3786642.973,kg,3786642.973,3786.642973,9752677.91,UN Comtrade,https://comtradeapi.un.org/public/v1/preview/C/A/HS?reporterCode=704&flowCode=X&cmdCode=090111&period=2020%2C2021%2C2022%2C2023%2C2024%2C2025%2C2026&includeDesc=true,2026-05-26T17:43:55.608Z,ok,0.9,"Comtrade filtered on customs=C00, mot=0, partner2=0; quantity_source=net_wgt_kg"
A,2023-01-01,2023,Vietnam,VNM,Costa Rica,CRI,Export,coffee,coffee_raw_core,090111,Coffee; not roasted or decaffeinated,40000,kg,40000,40,98760,UN Comtrade,https://comtradeapi.un.org/public/v1/preview/C/A/HS?reporterCode=704&flowCode=X&cmdCode=090111&period=2020%2C2021%2C2022%2C2023%2C2024%2C2025%2C2026&includeDesc=true,2026-05-26T17:43:55.608Z,ok,0.9,"Comtrade filtered on customs=C00, mot=0, partner2=0; quantity_source=net_wgt_kg"
A,2023-01-01,2023,Vietnam,VNM,Croatia,HRV,Export,coffee,coffee_raw_core,090111,Coffee; not roasted or decaffeinated,1340590.84,kg,1340590.84,1340.59084,3777523.036,UN Comtrade,https://comtradeapi.un.org/public/v1/preview/C/A/HS?reporterCode=704&flowCode=X&cmdCode=090111&period=2020%2C2021%2C2022%2C2023%2C2024%2C2025%2C2026&includeDesc=true,2026-05-26T17:43:55.608Z,ok,0.9,"Comtrade filtered on customs=C00, mot=0, partner2=0; quantity_source=net_wgt_kg"
A,2023-01-01,2023,Vietnam,VNM,Cyprus,CYP,Export,coffee,coffee_raw_core,090111,Coffee; not roasted or decaffeinated,19146,kg,19146,19.146,28987.044,UN Comtrade,https://comtradeapi.un.org/public/v1/preview/C/A/HS?reporterCode=704&flowCode=X&cmdCode=090111&period=2020%2C2021%2C2022%2C2023%2C2024%2C2025%2C2026&includeDesc=true,2026-05-26T17:43:55.608Z,ok,0.9,"Comtrade filtered on customs=C00, mot=0, partner2=0; quantity_source=net_wgt_kg"
A,2023-01-01,2023,Vietnam,VNM,Czechia,CZE,Export,coffee,coffee_raw_core,090111,Coffee; not roasted or decaffeinated,744685.896,kg,744685.896,744.685896,2228245.76,UN Comtrade,https://comtradeapi.un.org/public/v1/preview/C/A/HS?reporterCode=704&flowCode=X&cmdCode=090111&period=2020%2C2021%2C2022%2C2023%2C2024%2C2025%2C2026&includeDesc=true,2026-05-26T17:43:55.608Z,ok,0.9,"Comtrade filtered on customs=C00, mot=0, partner2=0; quantity_source=net_wgt_kg"
A,2023-01-01,2023,Vietnam,VNM,Denmark,DNK,Export,coffee,coffee_raw_core,090111,Coffee; not roasted or decaffeinated,1502389.82,kg,1502389.82,1502.38982,4077338.148,UN Comtrade,https://comtradeapi.un.org/public/v1/preview/C/A/HS?reporterCode=704&flowCode=X&cmdCode=090111&period=2020%2C2021%2C2022%2C2023%2C2024%2C2025%2C2026&includeDesc=true,2026-05-26T17:43:55.608Z,ok,0.9,"Comtrade filtered on customs=C00, mot=0, partner2=0; quantity_source=net_wgt_kg"
A,2023-01-01,2023,Vietnam,VNM,Dominican Rep.,DOM,Export,coffee,coffee_raw_core,090111,Coffee; not roasted or decaffeinated,3680491.599,kg,3680491.599,3680.491599,8845874.23,UN Comtrade,https://comtradeapi.un.org/public/v1/preview/C/A/HS?reporterCode=704&flowCode=X&cmdCode=090111&period=2020%2C2021%2C2022%2C2023%2C2024%2C2025%2C2026&includeDesc=true,2026-05-26T17:43:55.608Z,ok,0.9,"Comtrade filtered on customs=C00, mot=0, partner2=0; quantity_source=net_wgt_kg"
A,2023-01-01,2023,Vietnam,VNM,Ecuador,ECU,Export,coffee,coffee_raw_core,090111,Coffee; not roasted or decaffeinated,11790767.957,kg,11790767.957,11790.767957,26454549.153,UN Comtrade,https://comtradeapi.un.org/public/v1/preview/C/A/HS?reporterCode=704&flowCode=X&cmdCode=090111&period=2020%2C2021%2C2022%2C2023%2C2024%2C2025%2C2026&includeDesc=true,2026-05-26T17:43:55.608Z,ok,0.9,"Comtrade filtered on customs=C00, mot=0, partner2=0; quantity_source=net_wgt_kg"
A,2023-01-01,2023,Vietnam,VNM,Estonia,EST,Export,coffee,coffee_raw_core,090111,Coffee; not roasted or decaffeinated,329612.806,kg,329612.806,329.612806,1011149.37,UN Comtrade,https://comtradeapi.un.org/public/v1/preview/C/A/HS?reporterCode=704&flowCode=X&cmdCode=090111&period=2020%2C2021%2C2022%2C2023%2C2024%2C2025%2C2026&includeDesc=true,2026-05-26T17:43:55.608Z,ok,0.9,"Comtrade filtered on customs=C00, mot=0, partner2=0; quantity_source=net_wgt_kg"
A,2023-01-01,2023,Vietnam,VNM,Finland,FIN,Export,coffee,coffee_raw_core,090111,Coffee; not roasted or decaffeinated,299703.318,kg,299703.318,299.703318,815888.244,UN Comtrade,https://comtradeapi.un.org/public/v1/preview/C/A/HS?reporterCode=704&flowCode=X&cmdCode=090111&period=2020%2C2021%2C2022%2C2023%2C2024%2C2025%2C2026&includeDesc=true,2026-05-26T17:43:55.608Z,ok,0.9,"Comtrade filtered on customs=C00, mot=0, partner2=0; quantity_source=net_wgt_kg"
A,2023-01-01,2023,Vietnam,VNM,France,FRA,Export,coffee,coffee_raw_core,090111,Coffee; not roasted or decaffeinated,16475435.33,kg,16475435.33,16475.43533,47149558.302,UN Comtrade,https://comtradeapi.un.org/public/v1/preview/C/A/HS?reporterCode=704&flowCode=X&cmdCode=090111&period=2020%2C2021%2C2022%2C2023%2C2024%2C2025%2C2026&includeDesc=true,2026-05-26T17:43:55.608Z,ok,0.9,"Comtrade filtered on customs=C00, mot=0, partner2=0; quantity_source=net_wgt_kg"
A,2023-01-01,2023,Vietnam,VNM,Germany,DEU,Export,coffee,coffee_raw_core,090111,Coffee; not roasted or decaffeinated,155843388.342,kg,155843388.342,155843.388342,440611665.078,UN Comtrade,https://comtradeapi.un.org/public/v1/preview/C/A/HS?reporterCode=704&flowCode=X&cmdCode=090111&period=2020%2C2021%2C2022%2C2023%2C2024%2C2025%2C2026&includeDesc=true,2026-05-26T17:43:55.608Z,ok,0.9,"Comtrade filtered on customs=C00, mot=0, partner2=0; quantity_source=net_wgt_kg"
A,2023-01-01,2023,Vietnam,VNM,Greece,GRC,Export,coffee,coffee_raw_core,090111,Coffee; not roasted or decaffeinated,6501528.738,kg,6501528.738,6501.528738,19562353.034,UN Comtrade,https://comtradeapi.un.org/public/v1/preview/C/A/HS?reporterCode=704&flowCode=X&cmdCode=090111&period=2020%2C2021%2C2022%2C2023%2C2024%2C2025%2C2026&includeDesc=true,2026-05-26T17:43:55.608Z,ok,0.9,"Comtrade filtered on customs=C00, mot=0, partner2=0; quantity_source=net_wgt_kg"
A,2023-01-01,2023,Vietnam,VNM,"China, Hong Kong SAR",HKG,Export,coffee,coffee_raw_core,090111,Coffee; not roasted or decaffeinated,450725.981,kg,450725.981,450.725981,1310811.468,UN Comtrade,https://comtradeapi.un.org/public/v1/preview/C/A/HS?reporterCode=704&flowCode=X&cmdCode=090111&period=2020%2C2021%2C2022%2C2023%2C2024%2C2025%2C2026&includeDesc=true,2026-05-26T17:43:55.608Z,ok,0.9,"Comtrade filtered on customs=C00, mot=0, partner2=0; quantity_source=net_wgt_kg"
A,2023-01-01,2023,Vietnam,VNM,Hungary,HUN,Export,coffee,coffee_raw_core,090111,Coffee; not roasted or decaffeinated,20000,kg,20000,20,58900,UN Comtrade,https://comtradeapi.un.org/public/v1/preview/C/A/HS?reporterCode=704&flowCode=X&cmdCode=090111&period=2020%2C2021%2C2022%2C2023%2C2024%2C2025%2C2026&includeDesc=true,2026-05-26T17:43:55.608Z,ok,0.9,"Comtrade filtered on customs=C00, mot=0, partner2=0; quantity_source=net_wgt_kg"
A,2023-01-01,2023,Vietnam,VNM,Indonesia,IDN,Export,coffee,coffee_raw_core,090111,Coffee; not roasted or decaffeinated,20113312.686,kg,20113312.686,20113.312686,59202443.293,UN Comtrade,https://comtradeapi.un.org/public/v1/preview/C/A/HS?reporterCode=704&flowCode=X&cmdCode=090111&period=2020%2C2021%2C2022%2C2023%2C2024%2C2025%2C2026&includeDesc=true,2026-05-26T17:43:55.608Z,ok,0.9,"Comtrade filtered on customs=C00, mot=0, partner2=0; quantity_source=net_wgt_kg"
A,2023-01-01,2023,Vietnam,VNM,Iraq,IRQ,Export,coffee,coffee_raw_core,090111,Coffee; not roasted or decaffeinated,48000,kg,48000,48,109764.702,UN Comtrade,https://comtradeapi.un.org/public/v1/preview/C/A/HS?reporterCode=704&flowCode=X&cmdCode=090111&period=2020%2C2021%2C2022%2C2023%2C2024%2C2025%2C2026&includeDesc=true,2026-05-26T17:43:55.608Z,ok,0.9,"Comtrade filtered on customs=C00, mot=0, partner2=0; quantity_source=net_wgt_kg"
A,2023-01-01,2023,Vietnam,VNM,Ireland,IRL,Export,coffee,coffee_raw_core,090111,Coffee; not roasted or decaffeinated,598997.538,kg,598997.538,598.997538,2099081.088,UN Comtrade,https://comtradeapi.un.org/public/v1/preview/C/A/HS?reporterCode=704&flowCode=X&cmdCode=090111&period=2020%2C2021%2C2022%2C2023%2C2024%2C2025%2C2026&includeDesc=true,2026-05-26T17:43:55.608Z,ok,0.9,"Comtrade filtered on customs=C00, mot=0, partner2=0; quantity_source=net_wgt_kg"
A,2023-01-01,2023,Vietnam,VNM,Israel,ISR,Export,coffee,coffee_raw_core,090111,Coffee; not roasted or decaffeinated,4181229.24,kg,4181229.24,4181.22924,13203916.556,UN Comtrade,https://comtradeapi.un.org/public/v1/preview/C/A/HS?reporterCode=704&flowCode=X&cmdCode=090111&period=2020%2C2021%2C2022%2C2023%2C2024%2C2025%2C2026&includeDesc=true,2026-05-26T17:43:55.608Z,ok,0.9,"Comtrade filtered on customs=C00, mot=0, partner2=0; quantity_source=net_wgt_kg"
A,2023-01-01,2023,Vietnam,VNM,Italy,ITA,Export,coffee,coffee_raw_core,090111,Coffee; not roasted or decaffeinated,115835034.321,kg,115835034.321,115835.034321,318124614.973,UN Comtrade,https://comtradeapi.un.org/public/v1/preview/C/A/HS?reporterCode=704&flowCode=X&cmdCode=090111&period=2020%2C2021%2C2022%2C2023%2C2024%2C2025%2C2026&includeDesc=true,2026-05-26T17:43:55.608Z,ok,0.9,"Comtrade filtered on customs=C00, mot=0, partner2=0; quantity_source=net_wgt_kg"
A,2023-01-01,2023,Vietnam,VNM,Japan,JPN,Export,coffee,coffee_raw_core,090111,Coffee; not roasted or decaffeinated,76540680.167,kg,76540680.167,76540.680167,233694701.733,UN Comtrade,https://comtradeapi.un.org/public/v1/preview/C/A/HS?reporterCode=704&flowCode=X&cmdCode=090111&period=2020%2C2021%2C2022%2C2023%2C2024%2C2025%2C2026&includeDesc=true,2026-05-26T17:43:55.608Z,ok,0.9,"Comtrade filtered on customs=C00, mot=0, partner2=0; quantity_source=net_wgt_kg"
A,2023-01-01,2023,Vietnam,VNM,Rep. of Korea,KOR,Export,coffee,coffee_raw_core,090111,Coffee; not roasted or decaffeinated,24951736.881,kg,24951736.881,24951.736881,74619443.776,UN Comtrade,https://comtradeapi.un.org/public/v1/preview/C/A/HS?reporterCode=704&flowCode=X&cmdCode=090111&period=2020%2C2021%2C2022%2C2023%2C2024%2C2025%2C2026&includeDesc=true,2026-05-26T17:43:55.608Z,ok,0.9,"Comtrade filtered on customs=C00, mot=0, partner2=0; quantity_source=net_wgt_kg"
A,2023-01-01,2023,Vietnam,VNM,Kuwait,KWT,Export,coffee,coffee_raw_core,090111,Coffee; not roasted or decaffeinated,522017.488,kg,522017.488,522.017488,1551813.7,UN Comtrade,https://comtradeapi.un.org/public/v1/preview/C/A/HS?reporterCode=704&flowCode=X&cmdCode=090111&period=2020%2C2021%2C2022%2C2023%2C2024%2C2025%2C2026&includeDesc=true,2026-05-26T17:43:55.608Z,ok,0.9,"Comtrade filtered on customs=C00, mot=0, partner2=0; quantity_source=net_wgt_kg"
A,2023-01-01,2023,Vietnam,VNM,Lao People's Dem. Rep.,LAO,Export,coffee,coffee_raw_core,090111,Coffee; not roasted or decaffeinated,20000,kg,20000,20,41580.041,UN Comtrade,https://comtradeapi.un.org/public/v1/preview/C/A/HS?reporterCode=704&flowCode=X&cmdCode=090111&period=2020%2C2021%2C2022%2C2023%2C2024%2C2025%2C2026&includeDesc=true,2026-05-26T17:43:55.608Z,ok,0.9,"Comtrade filtered on customs=C00, mot=0, partner2=0; quantity_source=net_wgt_kg"
A,2023-01-01,2023,Vietnam,VNM,Latvia,LVA,Export,coffee,coffee_raw_core,090111,Coffee; not roasted or decaffeinated,1340000,kg,1340000,1340,2501180,UN Comtrade,https://comtradeapi.un.org/public/v1/preview/C/A/HS?reporterCode=704&flowCode=X&cmdCode=090111&period=2020%2C2021%2C2022%2C2023%2C2024%2C2025%2C2026&includeDesc=true,2026-05-26T17:43:55.608Z,ok,0.9,"Comtrade filtered on customs=C00, mot=0, partner2=0; quantity_source=net_wgt_kg"
A,2023-01-01,2023,Vietnam,VNM,Lithuania,LTU,Export,coffee,coffee_raw_core,090111,Coffee; not roasted or decaffeinated,467991.243,kg,467991.243,467.991243,1486218.3,UN Comtrade,https://comtradeapi.un.org/public/v1/preview/C/A/HS?reporterCode=704&flowCode=X&cmdCode=090111&period=2020%2C2021%2C2022%2C2023%2C2024%2C2025%2C2026&includeDesc=true,2026-05-26T17:43:55.608Z,ok,0.9,"Comtrade filtered on customs=C00, mot=0, partner2=0; quantity_source=net_wgt_kg"
A,2023-01-01,2023,Vietnam,VNM,Malaysia,MYS,Export,coffee,coffee_raw_core,090111,Coffee; not roasted or decaffeinated,13427433.296,kg,13427433.296,13427.433296,41295639.691,UN Comtrade,https://comtradeapi.un.org/public/v1/preview/C/A/HS?reporterCode=704&flowCode=X&cmdCode=090111&period=2020%2C2021%2C2022%2C2023%2C2024%2C2025%2C2026&includeDesc=true,2026-05-26T17:43:55.608Z,ok,0.9,"Comtrade filtered on customs=C00, mot=0, partner2=0; quantity_source=net_wgt_kg"
A,2023-01-01,2023,Vietnam,VNM,Mexico,MEX,Export,coffee,coffee_raw_core,090111,Coffee; not roasted or decaffeinated,25152606.625,kg,25152606.625,25152.606625,65831366.102,UN Comtrade,https://comtradeapi.un.org/public/v1/preview/C/A/HS?reporterCode=704&flowCode=X&cmdCode=090111&period=2020%2C2021%2C2022%2C2023%2C2024%2C2025%2C2026&includeDesc=true,2026-05-26T17:43:55.608Z,ok,0.9,"Comtrade filtered on customs=C00, mot=0, partner2=0; quantity_source=net_wgt_kg"
A,2023-01-01,2023,Vietnam,VNM,"Other Asia, nes",S19,Export,coffee,coffee_raw_core,090111,Coffee; not roasted or decaffeinated,962228.854,kg,962228.854,962.228854,3072372.714,UN Comtrade,https://comtradeapi.un.org/public/v1/preview/C/A/HS?reporterCode=704&flowCode=X&cmdCode=090111&period=2020%2C2021%2C2022%2C2023%2C2024%2C2025%2C2026&includeDesc=true,2026-05-26T17:43:55.608Z,ok,0.9,"Comtrade filtered on customs=C00, mot=0, partner2=0; quantity_source=net_wgt_kg"
A,2023-01-01,2023,Vietnam,VNM,Morocco,MAR,Export,coffee,coffee_raw_core,090111,Coffee; not roasted or decaffeinated,5970354.455,kg,5970354.455,5970.354455,18122139.648,UN Comtrade,https://comtradeapi.un.org/public/v1/preview/C/A/HS?reporterCode=704&flowCode=X&cmdCode=090111&period=2020%2C2021%2C2022%2C2023%2C2024%2C2025%2C2026&includeDesc=true,2026-05-26T17:43:55.608Z,ok,0.9,"Comtrade filtered on customs=C00, mot=0, partner2=0; quantity_source=net_wgt_kg"
A,2023-01-01,2023,Vietnam,VNM,Netherlands,NLD,Export,coffee,coffee_raw_core,090111,Coffee; not roasted or decaffeinated,38337065.693,kg,38337065.693,38337.065693,107551088.779,UN Comtrade,https://comtradeapi.un.org/public/v1/preview/C/A/HS?reporterCode=704&flowCode=X&cmdCode=090111&period=2020%2C2021%2C2022%2C2023%2C2024%2C2025%2C2026&includeDesc=true,2026-05-26T17:43:55.608Z,ok,0.9,"Comtrade filtered on customs=C00, mot=0, partner2=0; quantity_source=net_wgt_kg"
A,2023-01-01,2023,Vietnam,VNM,New Zealand,NZL,Export,coffee,coffee_raw_core,090111,Coffee; not roasted or decaffeinated,1172590.078,kg,1172590.078,1172.590078,3398963.902,UN Comtrade,https://comtradeapi.un.org/public/v1/preview/C/A/HS?reporterCode=704&flowCode=X&cmdCode=090111&period=2020%2C2021%2C2022%2C2023%2C2024%2C2025%2C2026&includeDesc=true,2026-05-26T17:43:55.608Z,ok,0.9,"Comtrade filtered on customs=C00, mot=0, partner2=0; quantity_source=net_wgt_kg"
A,2023-01-01,2023,Vietnam,VNM,Norway,NOR,Export,coffee,coffee_raw_core,090111,Coffee; not roasted or decaffeinated,199713.863,kg,199713.863,199.713863,493208.354,UN Comtrade,https://comtradeapi.un.org/public/v1/preview/C/A/HS?reporterCode=704&flowCode=X&cmdCode=090111&period=2020%2C2021%2C2022%2C2023%2C2024%2C2025%2C2026&includeDesc=true,2026-05-26T17:43:55.608Z,ok,0.9,"Comtrade filtered on customs=C00, mot=0, partner2=0; quantity_source=net_wgt_kg"
A,2023-01-01,2023,Vietnam,VNM,Philippines,PHL,Export,coffee,coffee_raw_core,090111,Coffee; not roasted or decaffeinated,23722354.773,kg,23722354.773,23722.354773,79074884.812,UN Comtrade,https://comtradeapi.un.org/public/v1/preview/C/A/HS?reporterCode=704&flowCode=X&cmdCode=090111&period=2020%2C2021%2C2022%2C2023%2C2024%2C2025%2C2026&includeDesc=true,2026-05-26T17:43:55.608Z,ok,0.9,"Comtrade filtered on customs=C00, mot=0, partner2=0; quantity_source=net_wgt_kg"
A,2023-01-01,2023,Vietnam,VNM,Poland,POL,Export,coffee,coffee_raw_core,090111,Coffee; not roasted or decaffeinated,9103540.001,kg,9103540.001,9103.540001,26057711.978,UN Comtrade,https://comtradeapi.un.org/public/v1/preview/C/A/HS?reporterCode=704&flowCode=X&cmdCode=090111&period=2020%2C2021%2C2022%2C2023%2C2024%2C2025%2C2026&includeDesc=true,2026-05-26T17:43:55.608Z,ok,0.9,"Comtrade filtered on customs=C00, mot=0, partner2=0; quantity_source=net_wgt_kg"
A,2023-01-01,2023,Vietnam,VNM,Portugal,PRT,Export,coffee,coffee_raw_core,090111,Coffee; not roasted or decaffeinated,11654095.557,kg,11654095.557,11654.095557,34474635.686,UN Comtrade,https://comtradeapi.un.org/public/v1/preview/C/A/HS?reporterCode=704&flowCode=X&cmdCode=090111&period=2020%2C2021%2C2022%2C2023%2C2024%2C2025%2C2026&includeDesc=true,2026-05-26T17:43:55.608Z,ok,0.9,"Comtrade filtered on customs=C00, mot=0, partner2=0; quantity_source=net_wgt_kg"
A,2023-01-01,2023,Vietnam,VNM,Qatar,QAT,Export,coffee,coffee_raw_core,090111,Coffee; not roasted or decaffeinated,423.469,kg,423.469,0.423469,1680,UN Comtrade,https://comtradeapi.un.org/public/v1/preview/C/A/HS?reporterCode=704&flowCode=X&cmdCode=090111&period=2020%2C2021%2C2022%2C2023%2C2024%2C2025%2C2026&includeDesc=true,2026-05-26T17:43:55.608Z,ok,0.9,"Comtrade filtered on customs=C00, mot=0, partner2=0; quantity_source=net_wgt_kg"
A,2023-01-01,2023,Vietnam,VNM,Romania,ROU,Export,coffee,coffee_raw_core,090111,Coffee; not roasted or decaffeinated,2328697.421,kg,2328697.421,2328.697421,6585149.37,UN Comtrade,https://comtradeapi.un.org/public/v1/preview/C/A/HS?reporterCode=704&flowCode=X&cmdCode=090111&period=2020%2C2021%2C2022%2C2023%2C2024%2C2025%2C2026&includeDesc=true,2026-05-26T17:43:55.608Z,ok,0.9,"Comtrade filtered on customs=C00, mot=0, partner2=0; quantity_source=net_wgt_kg"
A,2023-01-01,2023,Vietnam,VNM,Russian Federation,RUS,Export,coffee,coffee_raw_core,090111,Coffee; not roasted or decaffeinated,68949045.637,kg,68949045.637,68949.045637,192279575.614,UN Comtrade,https://comtradeapi.un.org/public/v1/preview/C/A/HS?reporterCode=704&flowCode=X&cmdCode=090111&period=2020%2C2021%2C2022%2C2023%2C2024%2C2025%2C2026&includeDesc=true,2026-05-26T17:43:55.608Z,ok,0.9,"Comtrade filtered on customs=C00, mot=0, partner2=0; quantity_source=net_wgt_kg"
A,2023-01-01,2023,Vietnam,VNM,Saudi Arabia,SAU,Export,coffee,coffee_raw_core,090111,Coffee; not roasted or decaffeinated,356058.32,kg,356058.32,356.05832,966122.2,UN Comtrade,https://comtradeapi.un.org/public/v1/preview/C/A/HS?reporterCode=704&flowCode=X&cmdCode=090111&period=2020%2C2021%2C2022%2C2023%2C2024%2C2025%2C2026&includeDesc=true,2026-05-26T17:43:55.608Z,ok,0.9,"Comtrade filtered on customs=C00, mot=0, partner2=0; quantity_source=net_wgt_kg"
A,2023-01-01,2023,Vietnam,VNM,Senegal,SEN,Export,coffee,coffee_raw_core,090111,Coffee; not roasted or decaffeinated,11978.124,kg,11978.124,11.978124,47520,UN Comtrade,https://comtradeapi.un.org/public/v1/preview/C/A/HS?reporterCode=704&flowCode=X&cmdCode=090111&period=2020%2C2021%2C2022%2C2023%2C2024%2C2025%2C2026&includeDesc=true,2026-05-26T17:43:55.608Z,ok,0.9,"Comtrade filtered on customs=C00, mot=0, partner2=0; quantity_source=net_wgt_kg"
A,2023-01-01,2023,Vietnam,VNM,India,IND,Export,coffee,coffee_raw_core,090111,Coffee; not roasted or decaffeinated,22632322.169,kg,22632322.169,22632.322169,59960430.883,UN Comtrade,https://comtradeapi.un.org/public/v1/preview/C/A/HS?reporterCode=704&flowCode=X&cmdCode=090111&period=2020%2C2021%2C2022%2C2023%2C2024%2C2025%2C2026&includeDesc=true,2026-05-26T17:43:55.608Z,ok,0.9,"Comtrade filtered on customs=C00, mot=0, partner2=0; quantity_source=net_wgt_kg"
A,2023-01-01,2023,Vietnam,VNM,Singapore,SGP,Export,coffee,coffee_raw_core,090111,Coffee; not roasted or decaffeinated,237808.122,kg,237808.122,237.808122,840221.18,UN Comtrade,https://comtradeapi.un.org/public/v1/preview/C/A/HS?reporterCode=704&flowCode=X&cmdCode=090111&period=2020%2C2021%2C2022%2C2023%2C2024%2C2025%2C2026&includeDesc=true,2026-05-26T17:43:55.608Z,ok,0.9,"Comtrade filtered on customs=C00, mot=0, partner2=0; quantity_source=net_wgt_kg"
A,2023-01-01,2023,Vietnam,VNM,Slovenia,SVN,Export,coffee,coffee_raw_core,090111,Coffee; not roasted or decaffeinated,3957210.15,kg,3957210.15,3957.21015,10001974.099,UN Comtrade,https://comtradeapi.un.org/public/v1/preview/C/A/HS?reporterCode=704&flowCode=X&cmdCode=090111&period=2020%2C2021%2C2022%2C2023%2C2024%2C2025%2C2026&includeDesc=true,2026-05-26T17:43:55.608Z,ok,0.9,"Comtrade filtered on customs=C00, mot=0, partner2=0; quantity_source=net_wgt_kg"
A,2023-01-01,2023,Vietnam,VNM,South Africa,ZAF,Export,coffee,coffee_raw_core,090111,Coffee; not roasted or decaffeinated,5256289.453,kg,5256289.453,5256.289453,13501008.72,UN Comtrade,https://comtradeapi.un.org/public/v1/preview/C/A/HS?reporterCode=704&flowCode=X&cmdCode=090111&period=2020%2C2021%2C2022%2C2023%2C2024%2C2025%2C2026&includeDesc=true,2026-05-26T17:43:55.608Z,ok,0.9,"Comtrade filtered on customs=C00, mot=0, partner2=0; quantity_source=net_wgt_kg"
A,2023-01-01,2023,Vietnam,VNM,Spain,ESP,Export,coffee,coffee_raw_core,090111,Coffee; not roasted or decaffeinated,55762888.606,kg,55762888.606,55762.888606,160427747.482,UN Comtrade,https://comtradeapi.un.org/public/v1/preview/C/A/HS?reporterCode=704&flowCode=X&cmdCode=090111&period=2020%2C2021%2C2022%2C2023%2C2024%2C2025%2C2026&includeDesc=true,2026-05-26T17:43:55.608Z,ok,0.9,"Comtrade filtered on customs=C00, mot=0, partner2=0; quantity_source=net_wgt_kg"
A,2023-01-01,2023,Vietnam,VNM,Sweden,SWE,Export,coffee,coffee_raw_core,090111,Coffee; not roasted or decaffeinated,1436877.525,kg,1436877.525,1436.877525,3821627.67,UN Comtrade,https://comtradeapi.un.org/public/v1/preview/C/A/HS?reporterCode=704&flowCode=X&cmdCode=090111&period=2020%2C2021%2C2022%2C2023%2C2024%2C2025%2C2026&includeDesc=true,2026-05-26T17:43:55.608Z,ok,0.9,"Comtrade filtered on customs=C00, mot=0, partner2=0; quantity_source=net_wgt_kg"
A,2023-01-01,2023,Vietnam,VNM,Switzerland,CHE,Export,coffee,coffee_raw_core,090111,Coffee; not roasted or decaffeinated,183379.244,kg,183379.244,183.379244,576892.8,UN Comtrade,https://comtradeapi.un.org/public/v1/preview/C/A/HS?reporterCode=704&flowCode=X&cmdCode=090111&period=2020%2C2021%2C2022%2C2023%2C2024%2C2025%2C2026&includeDesc=true,2026-05-26T17:43:55.608Z,ok,0.9,"Comtrade filtered on customs=C00, mot=0, partner2=0; quantity_source=net_wgt_kg"
A,2023-01-01,2023,Vietnam,VNM,Thailand,THA,Export,coffee,coffee_raw_core,090111,Coffee; not roasted or decaffeinated,22298074.634,kg,22298074.634,22298.074634,72064798.244,UN Comtrade,https://comtradeapi.un.org/public/v1/preview/C/A/HS?reporterCode=704&flowCode=X&cmdCode=090111&period=2020%2C2021%2C2022%2C2023%2C2024%2C2025%2C2026&includeDesc=true,2026-05-26T17:43:55.608Z,ok,0.9,"Comtrade filtered on customs=C00, mot=0, partner2=0; quantity_source=net_wgt_kg"
A,2023-01-01,2023,Vietnam,VNM,United Arab Emirates,ARE,Export,coffee,coffee_raw_core,090111,Coffee; not roasted or decaffeinated,7383391.852,kg,7383391.852,7383.391852,25213111.324,UN Comtrade,https://comtradeapi.un.org/public/v1/preview/C/A/HS?reporterCode=704&flowCode=X&cmdCode=090111&period=2020%2C2021%2C2022%2C2023%2C2024%2C2025%2C2026&includeDesc=true,2026-05-26T17:43:55.608Z,ok,0.9,"Comtrade filtered on customs=C00, mot=0, partner2=0; quantity_source=net_wgt_kg"
A,2023-01-01,2023,Vietnam,VNM,Tunisia,TUN,Export,coffee,coffee_raw_core,090111,Coffee; not roasted or decaffeinated,3028276.424,kg,3028276.424,3028.276424,9427953.563,UN Comtrade,https://comtradeapi.un.org/public/v1/preview/C/A/HS?reporterCode=704&flowCode=X&cmdCode=090111&period=2020%2C2021%2C2022%2C2023%2C2024%2C2025%2C2026&includeDesc=true,2026-05-26T17:43:55.608Z,ok,0.9,"Comtrade filtered on customs=C00, mot=0, partner2=0; quantity_source=net_wgt_kg"
A,2023-01-01,2023,Vietnam,VNM,Türkiye,TUR,Export,coffee,coffee_raw_core,090111,Coffee; not roasted or decaffeinated,1799667.365,kg,1799667.365,1799.667365,5868492.01,UN Comtrade,https://comtradeapi.un.org/public/v1/preview/C/A/HS?reporterCode=704&flowCode=X&cmdCode=090111&period=2020%2C2021%2C2022%2C2023%2C2024%2C2025%2C2026&includeDesc=true,2026-05-26T17:43:55.608Z,ok,0.9,"Comtrade filtered on customs=C00, mot=0, partner2=0; quantity_source=net_wgt_kg"
A,2023-01-01,2023,Vietnam,VNM,Ukraine,UKR,Export,coffee,coffee_raw_core,090111,Coffee; not roasted or decaffeinated,25454.874,kg,25454.874,25.454874,100985.4,UN Comtrade,https://comtradeapi.un.org/public/v1/preview/C/A/HS?reporterCode=704&flowCode=X&cmdCode=090111&period=2020%2C2021%2C2022%2C2023%2C2024%2C2025%2C2026&includeDesc=true,2026-05-26T17:43:55.608Z,ok,0.9,"Comtrade filtered on customs=C00, mot=0, partner2=0; quantity_source=net_wgt_kg"
A,2023-01-01,2023,Vietnam,VNM,Egypt,EGY,Export,coffee,coffee_raw_core,090111,Coffee; not roasted or decaffeinated,16004989.251,kg,16004989.251,16004.989251,45789791.192,UN Comtrade,https://comtradeapi.un.org/public/v1/preview/C/A/HS?reporterCode=704&flowCode=X&cmdCode=090111&period=2020%2C2021%2C2022%2C2023%2C2024%2C2025%2C2026&includeDesc=true,2026-05-26T17:43:55.608Z,ok,0.9,"Comtrade filtered on customs=C00, mot=0, partner2=0; quantity_source=net_wgt_kg"
A,2023-01-01,2023,Vietnam,VNM,United Kingdom,GBR,Export,coffee,coffee_raw_core,090111,Coffee; not roasted or decaffeinated,24866981.816,kg,24866981.816,24866.981816,71042752.429,UN Comtrade,https://comtradeapi.un.org/public/v1/preview/C/A/HS?reporterCode=704&flowCode=X&cmdCode=090111&period=2020%2C2021%2C2022%2C2023%2C2024%2C2025%2C2026&includeDesc=true,2026-05-26T17:43:55.608Z,ok,0.9,"Comtrade filtered on customs=C00, mot=0, partner2=0; quantity_source=net_wgt_kg"
A,2023-01-01,2023,Vietnam,VNM,USA,USA,Export,coffee,coffee_raw_core,090111,Coffee; not roasted or decaffeinated,84899023.293,kg,84899023.293,84899.023293,247811857.319,UN Comtrade,https://comtradeapi.un.org/public/v1/preview/C/A/HS?reporterCode=704&flowCode=X&cmdCode=090111&period=2020%2C2021%2C2022%2C2023%2C2024%2C2025%2C2026&includeDesc=true,2026-05-26T17:43:55.608Z,ok,0.9,"Comtrade filtered on customs=C00, mot=0, partner2=0; quantity_source=net_wgt_kg"
A,2023-01-01,2023,Vietnam,VNM,Venezuela,VEN,Export,coffee,coffee_raw_core,090111,Coffee; not roasted or decaffeinated,191461,kg,191461,191.461,405510.27,UN Comtrade,https://comtradeapi.un.org/public/v1/preview/C/A/HS?reporterCode=704&flowCode=X&cmdCode=090111&period=2020%2C2021%2C2022%2C2023%2C2024%2C2025%2C2026&includeDesc=true,2026-05-26T17:43:55.608Z,ok,0.9,"Comtrade filtered on customs=C00, mot=0, partner2=0; quantity_source=net_wgt_kg"