sync_run_id,source_name,source_url,fetched_at,query_params,type_code,freq_code,ref_period_id,period,reporter_code,reporter_iso,reporter_desc,partner_code,partner_iso,partner_desc,partner2_code,partner2_iso,partner2_desc,flow_code,flow_desc,classification_code,cmd_code,cmd_desc,customs_code,customs_desc,mot_code,mot_desc,qty_unit_code,qty_unit_abbr,qty,net_wgt_kg,gross_wgt_kg,trade_value_usd,is_original_classification,is_reported,is_aggregate,raw_payload
,UN Comtrade,https://comtradeapi.un.org/public/v1/preview/C/A/HS?reporterCode=76&flowCode=X&cmdCode=090111&period=2020&includeDesc=true,2026-05-30T18:34:22.015Z,"{""reporters"":[{""endpoint"":""https://comtradeapi.un.org/public/v1/preview/C/A/HS"",""reporterCode"":704,""reporterISO"":""VNM"",""flowCode"":""X"",""cmdCode"":""090111"",""period"":""2020,2021,2022,2023,2024,2025"",""includeDesc"":true},{""endpoint"":""https://comtradeapi.un.org/public/v1/preview/C/A/HS"",""reporterCode"":76,""reporterISO"":""BRA"",""flowCode"":""X"",""cmdCode"":""090111"",""period"":""2020,2021,2022,2023,2024,2025"",""includeDesc"":true},{""endpoint"":""https://comtradeapi.un.org/public/v1/preview/C/A/HS"",""reporterCode"":360,""reporterISO"":""IDN"",""flowCode"":""X"",""cmdCode"":""090111"",""period"":""2020,2021,2022,2023,2024,2025"",""includeDesc"":true}]}",C,A,20200101,2020,76,BRA,Brazil,0,W00,World,0,W00,World,X,Export,H5,090111,Coffee; not roasted or decaffeinated,C00,TOTAL CPC,0,TOTAL MOT,8,kg,7124905459.119,2372629975.119,0,4973689488,true,false,true,"{""typeCode"":""C"",""freqCode"":""A"",""refPeriodId"":20200101,""refYear"":2020,""refMonth"":52,""period"":""2020"",""reporterCode"":76,""reporterISO"":""BRA"",""reporterDesc"":""Brazil"",""flowCode"":""X"",""flowDesc"":""Export"",""partnerCode"":0,""partnerISO"":""W00"",""partnerDesc"":""World"",""partner2Code"":0,""partner2ISO"":""W00"",""partner2Desc"":""World"",""classificationCode"":""H5"",""classificationSearchCode"":""HS"",""isOriginalClassification"":true,""cmdCode"":""090111"",""cmdDesc"":""Coffee; not roasted or decaffeinated"",""aggrLevel"":6,""isLeaf"":true,""customsCode"":""C00"",""customsDesc"":""TOTAL CPC"",""mosCode"":""0"",""motCode"":0,""motDesc"":""TOTAL MOT"",""qtyUnitCode"":8,""qtyUnitAbbr"":""kg"",""qty"":7124905459.119,""isQtyEstimated"":true,""altQtyUnitCode"":-1,""altQtyUnitAbbr"":""N/A"",""altQty"":0,""isAltQtyEstimated"":false,""netWgt"":2372629975.119,""isNetWgtEstimated"":true,""grossWgt"":0,""isGrossWgtEstimated"":false,""cifvalue"":null,""fobvalue"":4973689488,""primaryValue"":4973689488,""legacyEstimationFlag"":6,""isReported"":false,""isAggregate"":true}"
,UN Comtrade,https://comtradeapi.un.org/public/v1/preview/C/A/HS?reporterCode=76&flowCode=X&cmdCode=090111&period=2020&includeDesc=true,2026-05-30T18:34:22.015Z,"{""reporters"":[{""endpoint"":""https://comtradeapi.un.org/public/v1/preview/C/A/HS"",""reporterCode"":704,""reporterISO"":""VNM"",""flowCode"":""X"",""cmdCode"":""090111"",""period"":""2020,2021,2022,2023,2024,2025"",""includeDesc"":true},{""endpoint"":""https://comtradeapi.un.org/public/v1/preview/C/A/HS"",""reporterCode"":76,""reporterISO"":""BRA"",""flowCode"":""X"",""cmdCode"":""090111"",""period"":""2020,2021,2022,2023,2024,2025"",""includeDesc"":true},{""endpoint"":""https://comtradeapi.un.org/public/v1/preview/C/A/HS"",""reporterCode"":360,""reporterISO"":""IDN"",""flowCode"":""X"",""cmdCode"":""090111"",""period"":""2020,2021,2022,2023,2024,2025"",""includeDesc"":true}]}",C,A,20200101,2020,76,BRA,Brazil,8,ALB,Albania,0,W00,World,X,Export,H5,090111,Coffee; not roasted or decaffeinated,C00,TOTAL CPC,0,TOTAL MOT,8,kg,1658000,1668525,0,2941934,true,false,true,"{""typeCode"":""C"",""freqCode"":""A"",""refPeriodId"":20200101,""refYear"":2020,""refMonth"":52,""period"":""2020"",""reporterCode"":76,""reporterISO"":""BRA"",""reporterDesc"":""Brazil"",""flowCode"":""X"",""flowDesc"":""Export"",""partnerCode"":8,""partnerISO"":""ALB"",""partnerDesc"":""Albania"",""partner2Code"":0,""partner2ISO"":""W00"",""partner2Desc"":""World"",""classificationCode"":""H5"",""classificationSearchCode"":""HS"",""isOriginalClassification"":true,""cmdCode"":""090111"",""cmdDesc"":""Coffee; not roasted or decaffeinated"",""aggrLevel"":6,""isLeaf"":true,""customsCode"":""C00"",""customsDesc"":""TOTAL CPC"",""mosCode"":""0"",""motCode"":0,""motDesc"":""TOTAL MOT"",""qtyUnitCode"":8,""qtyUnitAbbr"":""kg"",""qty"":1658000,""isQtyEstimated"":false,""altQtyUnitCode"":21,""altQtyUnitAbbr"":""1000 KG"",""altQty"":1658,""isAltQtyEstimated"":false,""netWgt"":1668525,""isNetWgtEstimated"":false,""grossWgt"":0,""isGrossWgtEstimated"":false,""cifvalue"":null,""fobvalue"":2941934,""primaryValue"":2941934,""legacyEstimationFlag"":0,""isReported"":false,""isAggregate"":true}"
,UN Comtrade,https://comtradeapi.un.org/public/v1/preview/C/A/HS?reporterCode=76&flowCode=X&cmdCode=090111&period=2020&includeDesc=true,2026-05-30T18:34:22.015Z,"{""reporters"":[{""endpoint"":""https://comtradeapi.un.org/public/v1/preview/C/A/HS"",""reporterCode"":704,""reporterISO"":""VNM"",""flowCode"":""X"",""cmdCode"":""090111"",""period"":""2020,2021,2022,2023,2024,2025"",""includeDesc"":true},{""endpoint"":""https://comtradeapi.un.org/public/v1/preview/C/A/HS"",""reporterCode"":76,""reporterISO"":""BRA"",""flowCode"":""X"",""cmdCode"":""090111"",""period"":""2020,2021,2022,2023,2024,2025"",""includeDesc"":true},{""endpoint"":""https://comtradeapi.un.org/public/v1/preview/C/A/HS"",""reporterCode"":360,""reporterISO"":""IDN"",""flowCode"":""X"",""cmdCode"":""090111"",""period"":""2020,2021,2022,2023,2024,2025"",""includeDesc"":true}]}",C,A,20200101,2020,76,BRA,Brazil,12,DZA,Algeria,0,W00,World,X,Export,H5,090111,Coffee; not roasted or decaffeinated,C00,TOTAL CPC,0,TOTAL MOT,8,kg,69547000,14258415,0,21017393,true,false,true,"{""typeCode"":""C"",""freqCode"":""A"",""refPeriodId"":20200101,""refYear"":2020,""refMonth"":52,""period"":""2020"",""reporterCode"":76,""reporterISO"":""BRA"",""reporterDesc"":""Brazil"",""flowCode"":""X"",""flowDesc"":""Export"",""partnerCode"":12,""partnerISO"":""DZA"",""partnerDesc"":""Algeria"",""partner2Code"":0,""partner2ISO"":""W00"",""partner2Desc"":""World"",""classificationCode"":""H5"",""classificationSearchCode"":""HS"",""isOriginalClassification"":true,""cmdCode"":""090111"",""cmdDesc"":""Coffee; not roasted or decaffeinated"",""aggrLevel"":6,""isLeaf"":true,""customsCode"":""C00"",""customsDesc"":""TOTAL CPC"",""mosCode"":""0"",""motCode"":0,""motDesc"":""TOTAL MOT"",""qtyUnitCode"":8,""qtyUnitAbbr"":""kg"",""qty"":69547000,""isQtyEstimated"":false,""altQtyUnitCode"":21,""altQtyUnitAbbr"":""1000 KG"",""altQty"":69547,""isAltQtyEstimated"":false,""netWgt"":14258415,""isNetWgtEstimated"":false,""grossWgt"":0,""isGrossWgtEstimated"":false,""cifvalue"":null,""fobvalue"":21017393,""primaryValue"":21017393,""legacyEstimationFlag"":0,""isReported"":false,""isAggregate"":true}"
,UN Comtrade,https://comtradeapi.un.org/public/v1/preview/C/A/HS?reporterCode=76&flowCode=X&cmdCode=090111&period=2020&includeDesc=true,2026-05-30T18:34:22.015Z,"{""reporters"":[{""endpoint"":""https://comtradeapi.un.org/public/v1/preview/C/A/HS"",""reporterCode"":704,""reporterISO"":""VNM"",""flowCode"":""X"",""cmdCode"":""090111"",""period"":""2020,2021,2022,2023,2024,2025"",""includeDesc"":true},{""endpoint"":""https://comtradeapi.un.org/public/v1/preview/C/A/HS"",""reporterCode"":76,""reporterISO"":""BRA"",""flowCode"":""X"",""cmdCode"":""090111"",""period"":""2020,2021,2022,2023,2024,2025"",""includeDesc"":true},{""endpoint"":""https://comtradeapi.un.org/public/v1/preview/C/A/HS"",""reporterCode"":360,""reporterISO"":""IDN"",""flowCode"":""X"",""cmdCode"":""090111"",""period"":""2020,2021,2022,2023,2024,2025"",""includeDesc"":true}]}",C,A,20200101,2020,76,BRA,Brazil,28,ATG,Antigua and Barbuda,0,W00,World,X,Export,H5,090111,Coffee; not roasted or decaffeinated,C00,TOTAL CPC,0,TOTAL MOT,8,kg,8,8,0,41,true,false,true,"{""typeCode"":""C"",""freqCode"":""A"",""refPeriodId"":20200101,""refYear"":2020,""refMonth"":52,""period"":""2020"",""reporterCode"":76,""reporterISO"":""BRA"",""reporterDesc"":""Brazil"",""flowCode"":""X"",""flowDesc"":""Export"",""partnerCode"":28,""partnerISO"":""ATG"",""partnerDesc"":""Antigua and Barbuda"",""partner2Code"":0,""partner2ISO"":""W00"",""partner2Desc"":""World"",""classificationCode"":""H5"",""classificationSearchCode"":""HS"",""isOriginalClassification"":true,""cmdCode"":""090111"",""cmdDesc"":""Coffee; not roasted or decaffeinated"",""aggrLevel"":6,""isLeaf"":true,""customsCode"":""C00"",""customsDesc"":""TOTAL CPC"",""mosCode"":""0"",""motCode"":0,""motDesc"":""TOTAL MOT"",""qtyUnitCode"":8,""qtyUnitAbbr"":""kg"",""qty"":8,""isQtyEstimated"":false,""altQtyUnitCode"":8,""altQtyUnitAbbr"":""kg"",""altQty"":8,""isAltQtyEstimated"":false,""netWgt"":8,""isNetWgtEstimated"":false,""grossWgt"":0,""isGrossWgtEstimated"":false,""cifvalue"":null,""fobvalue"":41,""primaryValue"":41,""legacyEstimationFlag"":0,""isReported"":false,""isAggregate"":true}"
,UN Comtrade,https://comtradeapi.un.org/public/v1/preview/C/A/HS?reporterCode=76&flowCode=X&cmdCode=090111&period=2020&includeDesc=true,2026-05-30T18:34:22.015Z,"{""reporters"":[{""endpoint"":""https://comtradeapi.un.org/public/v1/preview/C/A/HS"",""reporterCode"":704,""reporterISO"":""VNM"",""flowCode"":""X"",""cmdCode"":""090111"",""period"":""2020,2021,2022,2023,2024,2025"",""includeDesc"":true},{""endpoint"":""https://comtradeapi.un.org/public/v1/preview/C/A/HS"",""reporterCode"":76,""reporterISO"":""BRA"",""flowCode"":""X"",""cmdCode"":""090111"",""period"":""2020,2021,2022,2023,2024,2025"",""includeDesc"":true},{""endpoint"":""https://comtradeapi.un.org/public/v1/preview/C/A/HS"",""reporterCode"":360,""reporterISO"":""IDN"",""flowCode"":""X"",""cmdCode"":""090111"",""period"":""2020,2021,2022,2023,2024,2025"",""includeDesc"":true}]}",C,A,20200101,2020,76,BRA,Brazil,32,ARG,Argentina,0,W00,World,X,Export,H5,090111,Coffee; not roasted or decaffeinated,C00,TOTAL CPC,0,TOTAL MOT,8,kg,47142000,26775181,0,41928343,true,false,true,"{""typeCode"":""C"",""freqCode"":""A"",""refPeriodId"":20200101,""refYear"":2020,""refMonth"":52,""period"":""2020"",""reporterCode"":76,""reporterISO"":""BRA"",""reporterDesc"":""Brazil"",""flowCode"":""X"",""flowDesc"":""Export"",""partnerCode"":32,""partnerISO"":""ARG"",""partnerDesc"":""Argentina"",""partner2Code"":0,""partner2ISO"":""W00"",""partner2Desc"":""World"",""classificationCode"":""H5"",""classificationSearchCode"":""HS"",""isOriginalClassification"":true,""cmdCode"":""090111"",""cmdDesc"":""Coffee; not roasted or decaffeinated"",""aggrLevel"":6,""isLeaf"":true,""customsCode"":""C00"",""customsDesc"":""TOTAL CPC"",""mosCode"":""0"",""motCode"":0,""motDesc"":""TOTAL MOT"",""qtyUnitCode"":8,""qtyUnitAbbr"":""kg"",""qty"":47142000,""isQtyEstimated"":false,""altQtyUnitCode"":21,""altQtyUnitAbbr"":""1000 KG"",""altQty"":47142,""isAltQtyEstimated"":false,""netWgt"":26775181,""isNetWgtEstimated"":false,""grossWgt"":0,""isGrossWgtEstimated"":false,""cifvalue"":null,""fobvalue"":41928343,""primaryValue"":41928343,""legacyEstimationFlag"":0,""isReported"":false,""isAggregate"":true}"
,UN Comtrade,https://comtradeapi.un.org/public/v1/preview/C/A/HS?reporterCode=76&flowCode=X&cmdCode=090111&period=2020&includeDesc=true,2026-05-30T18:34:22.015Z,"{""reporters"":[{""endpoint"":""https://comtradeapi.un.org/public/v1/preview/C/A/HS"",""reporterCode"":704,""reporterISO"":""VNM"",""flowCode"":""X"",""cmdCode"":""090111"",""period"":""2020,2021,2022,2023,2024,2025"",""includeDesc"":true},{""endpoint"":""https://comtradeapi.un.org/public/v1/preview/C/A/HS"",""reporterCode"":76,""reporterISO"":""BRA"",""flowCode"":""X"",""cmdCode"":""090111"",""period"":""2020,2021,2022,2023,2024,2025"",""includeDesc"":true},{""endpoint"":""https://comtradeapi.un.org/public/v1/preview/C/A/HS"",""reporterCode"":360,""reporterISO"":""IDN"",""flowCode"":""X"",""cmdCode"":""090111"",""period"":""2020,2021,2022,2023,2024,2025"",""includeDesc"":true}]}",C,A,20200101,2020,76,BRA,Brazil,36,AUS,Australia,0,W00,World,X,Export,H5,090111,Coffee; not roasted or decaffeinated,C00,TOTAL CPC,0,TOTAL MOT,8,kg,133169225,22031086,0,56452508,true,false,true,"{""typeCode"":""C"",""freqCode"":""A"",""refPeriodId"":20200101,""refYear"":2020,""refMonth"":52,""period"":""2020"",""reporterCode"":76,""reporterISO"":""BRA"",""reporterDesc"":""Brazil"",""flowCode"":""X"",""flowDesc"":""Export"",""partnerCode"":36,""partnerISO"":""AUS"",""partnerDesc"":""Australia"",""partner2Code"":0,""partner2ISO"":""W00"",""partner2Desc"":""World"",""classificationCode"":""H5"",""classificationSearchCode"":""HS"",""isOriginalClassification"":true,""cmdCode"":""090111"",""cmdDesc"":""Coffee; not roasted or decaffeinated"",""aggrLevel"":6,""isLeaf"":true,""customsCode"":""C00"",""customsDesc"":""TOTAL CPC"",""mosCode"":""0"",""motCode"":0,""motDesc"":""TOTAL MOT"",""qtyUnitCode"":8,""qtyUnitAbbr"":""kg"",""qty"":133169225,""isQtyEstimated"":false,""altQtyUnitCode"":-1,""altQtyUnitAbbr"":""N/A"",""altQty"":0,""isAltQtyEstimated"":false,""netWgt"":22031086,""isNetWgtEstimated"":false,""grossWgt"":0,""isGrossWgtEstimated"":false,""cifvalue"":null,""fobvalue"":56452508,""primaryValue"":56452508,""legacyEstimationFlag"":0,""isReported"":false,""isAggregate"":true}"
,UN Comtrade,https://comtradeapi.un.org/public/v1/preview/C/A/HS?reporterCode=76&flowCode=X&cmdCode=090111&period=2020&includeDesc=true,2026-05-30T18:34:22.015Z,"{""reporters"":[{""endpoint"":""https://comtradeapi.un.org/public/v1/preview/C/A/HS"",""reporterCode"":704,""reporterISO"":""VNM"",""flowCode"":""X"",""cmdCode"":""090111"",""period"":""2020,2021,2022,2023,2024,2025"",""includeDesc"":true},{""endpoint"":""https://comtradeapi.un.org/public/v1/preview/C/A/HS"",""reporterCode"":76,""reporterISO"":""BRA"",""flowCode"":""X"",""cmdCode"":""090111"",""period"":""2020,2021,2022,2023,2024,2025"",""includeDesc"":true},{""endpoint"":""https://comtradeapi.un.org/public/v1/preview/C/A/HS"",""reporterCode"":360,""reporterISO"":""IDN"",""flowCode"":""X"",""cmdCode"":""090111"",""period"":""2020,2021,2022,2023,2024,2025"",""includeDesc"":true}]}",C,A,20200101,2020,76,BRA,Brazil,40,AUT,Austria,0,W00,World,X,Export,H5,090111,Coffee; not roasted or decaffeinated,C00,TOTAL CPC,0,TOTAL MOT,8,kg,134731,134148,0,393677,true,false,true,"{""typeCode"":""C"",""freqCode"":""A"",""refPeriodId"":20200101,""refYear"":2020,""refMonth"":52,""period"":""2020"",""reporterCode"":76,""reporterISO"":""BRA"",""reporterDesc"":""Brazil"",""flowCode"":""X"",""flowDesc"":""Export"",""partnerCode"":40,""partnerISO"":""AUT"",""partnerDesc"":""Austria"",""partner2Code"":0,""partner2ISO"":""W00"",""partner2Desc"":""World"",""classificationCode"":""H5"",""classificationSearchCode"":""HS"",""isOriginalClassification"":true,""cmdCode"":""090111"",""cmdDesc"":""Coffee; not roasted or decaffeinated"",""aggrLevel"":6,""isLeaf"":true,""customsCode"":""C00"",""customsDesc"":""TOTAL CPC"",""mosCode"":""0"",""motCode"":0,""motDesc"":""TOTAL MOT"",""qtyUnitCode"":8,""qtyUnitAbbr"":""kg"",""qty"":134731,""isQtyEstimated"":false,""altQtyUnitCode"":-1,""altQtyUnitAbbr"":""N/A"",""altQty"":0,""isAltQtyEstimated"":false,""netWgt"":134148,""isNetWgtEstimated"":false,""grossWgt"":0,""isGrossWgtEstimated"":false,""cifvalue"":null,""fobvalue"":393677,""primaryValue"":393677,""legacyEstimationFlag"":0,""isReported"":false,""isAggregate"":true}"
,UN Comtrade,https://comtradeapi.un.org/public/v1/preview/C/A/HS?reporterCode=76&flowCode=X&cmdCode=090111&period=2020&includeDesc=true,2026-05-30T18:34:22.015Z,"{""reporters"":[{""endpoint"":""https://comtradeapi.un.org/public/v1/preview/C/A/HS"",""reporterCode"":704,""reporterISO"":""VNM"",""flowCode"":""X"",""cmdCode"":""090111"",""period"":""2020,2021,2022,2023,2024,2025"",""includeDesc"":true},{""endpoint"":""https://comtradeapi.un.org/public/v1/preview/C/A/HS"",""reporterCode"":76,""reporterISO"":""BRA"",""flowCode"":""X"",""cmdCode"":""090111"",""period"":""2020,2021,2022,2023,2024,2025"",""includeDesc"":true},{""endpoint"":""https://comtradeapi.un.org/public/v1/preview/C/A/HS"",""reporterCode"":360,""reporterISO"":""IDN"",""flowCode"":""X"",""cmdCode"":""090111"",""period"":""2020,2021,2022,2023,2024,2025"",""includeDesc"":true}]}",C,A,20200101,2020,76,BRA,Brazil,44,BHS,Bahamas,0,W00,World,X,Export,H5,090111,Coffee; not roasted or decaffeinated,C00,TOTAL CPC,0,TOTAL MOT,8,kg,28,28,0,240,true,false,true,"{""typeCode"":""C"",""freqCode"":""A"",""refPeriodId"":20200101,""refYear"":2020,""refMonth"":52,""period"":""2020"",""reporterCode"":76,""reporterISO"":""BRA"",""reporterDesc"":""Brazil"",""flowCode"":""X"",""flowDesc"":""Export"",""partnerCode"":44,""partnerISO"":""BHS"",""partnerDesc"":""Bahamas"",""partner2Code"":0,""partner2ISO"":""W00"",""partner2Desc"":""World"",""classificationCode"":""H5"",""classificationSearchCode"":""HS"",""isOriginalClassification"":true,""cmdCode"":""090111"",""cmdDesc"":""Coffee; not roasted or decaffeinated"",""aggrLevel"":6,""isLeaf"":true,""customsCode"":""C00"",""customsDesc"":""TOTAL CPC"",""mosCode"":""0"",""motCode"":0,""motDesc"":""TOTAL MOT"",""qtyUnitCode"":8,""qtyUnitAbbr"":""kg"",""qty"":28,""isQtyEstimated"":false,""altQtyUnitCode"":8,""altQtyUnitAbbr"":""kg"",""altQty"":28,""isAltQtyEstimated"":false,""netWgt"":28,""isNetWgtEstimated"":false,""grossWgt"":0,""isGrossWgtEstimated"":false,""cifvalue"":null,""fobvalue"":240,""primaryValue"":240,""legacyEstimationFlag"":0,""isReported"":false,""isAggregate"":true}"
,UN Comtrade,https://comtradeapi.un.org/public/v1/preview/C/A/HS?reporterCode=76&flowCode=X&cmdCode=090111&period=2020&includeDesc=true,2026-05-30T18:34:22.015Z,"{""reporters"":[{""endpoint"":""https://comtradeapi.un.org/public/v1/preview/C/A/HS"",""reporterCode"":704,""reporterISO"":""VNM"",""flowCode"":""X"",""cmdCode"":""090111"",""period"":""2020,2021,2022,2023,2024,2025"",""includeDesc"":true},{""endpoint"":""https://comtradeapi.un.org/public/v1/preview/C/A/HS"",""reporterCode"":76,""reporterISO"":""BRA"",""flowCode"":""X"",""cmdCode"":""090111"",""period"":""2020,2021,2022,2023,2024,2025"",""includeDesc"":true},{""endpoint"":""https://comtradeapi.un.org/public/v1/preview/C/A/HS"",""reporterCode"":360,""reporterISO"":""IDN"",""flowCode"":""X"",""cmdCode"":""090111"",""period"":""2020,2021,2022,2023,2024,2025"",""includeDesc"":true}]}",C,A,20200101,2020,76,BRA,Brazil,48,BHR,Bahrain,0,W00,World,X,Export,H5,090111,Coffee; not roasted or decaffeinated,C00,TOTAL CPC,0,TOTAL MOT,8,kg,101036,101135,0,176401,true,false,true,"{""typeCode"":""C"",""freqCode"":""A"",""refPeriodId"":20200101,""refYear"":2020,""refMonth"":52,""period"":""2020"",""reporterCode"":76,""reporterISO"":""BRA"",""reporterDesc"":""Brazil"",""flowCode"":""X"",""flowDesc"":""Export"",""partnerCode"":48,""partnerISO"":""BHR"",""partnerDesc"":""Bahrain"",""partner2Code"":0,""partner2ISO"":""W00"",""partner2Desc"":""World"",""classificationCode"":""H5"",""classificationSearchCode"":""HS"",""isOriginalClassification"":true,""cmdCode"":""090111"",""cmdDesc"":""Coffee; not roasted or decaffeinated"",""aggrLevel"":6,""isLeaf"":true,""customsCode"":""C00"",""customsDesc"":""TOTAL CPC"",""mosCode"":""0"",""motCode"":0,""motDesc"":""TOTAL MOT"",""qtyUnitCode"":8,""qtyUnitAbbr"":""kg"",""qty"":101036,""isQtyEstimated"":false,""altQtyUnitCode"":-1,""altQtyUnitAbbr"":""N/A"",""altQty"":0,""isAltQtyEstimated"":false,""netWgt"":101135,""isNetWgtEstimated"":false,""grossWgt"":0,""isGrossWgtEstimated"":false,""cifvalue"":null,""fobvalue"":176401,""primaryValue"":176401,""legacyEstimationFlag"":0,""isReported"":false,""isAggregate"":true}"
,UN Comtrade,https://comtradeapi.un.org/public/v1/preview/C/A/HS?reporterCode=76&flowCode=X&cmdCode=090111&period=2020&includeDesc=true,2026-05-30T18:34:22.015Z,"{""reporters"":[{""endpoint"":""https://comtradeapi.un.org/public/v1/preview/C/A/HS"",""reporterCode"":704,""reporterISO"":""VNM"",""flowCode"":""X"",""cmdCode"":""090111"",""period"":""2020,2021,2022,2023,2024,2025"",""includeDesc"":true},{""endpoint"":""https://comtradeapi.un.org/public/v1/preview/C/A/HS"",""reporterCode"":76,""reporterISO"":""BRA"",""flowCode"":""X"",""cmdCode"":""090111"",""period"":""2020,2021,2022,2023,2024,2025"",""includeDesc"":true},{""endpoint"":""https://comtradeapi.un.org/public/v1/preview/C/A/HS"",""reporterCode"":360,""reporterISO"":""IDN"",""flowCode"":""X"",""cmdCode"":""090111"",""period"":""2020,2021,2022,2023,2024,2025"",""includeDesc"":true}]}",C,A,20200101,2020,76,BRA,Brazil,50,BGD,Bangladesh,0,W00,World,X,Export,H5,090111,Coffee; not roasted or decaffeinated,C00,TOTAL CPC,0,TOTAL MOT,8,kg,3000,12,0,128,true,false,true,"{""typeCode"":""C"",""freqCode"":""A"",""refPeriodId"":20200101,""refYear"":2020,""refMonth"":52,""period"":""2020"",""reporterCode"":76,""reporterISO"":""BRA"",""reporterDesc"":""Brazil"",""flowCode"":""X"",""flowDesc"":""Export"",""partnerCode"":50,""partnerISO"":""BGD"",""partnerDesc"":""Bangladesh"",""partner2Code"":0,""partner2ISO"":""W00"",""partner2Desc"":""World"",""classificationCode"":""H5"",""classificationSearchCode"":""HS"",""isOriginalClassification"":true,""cmdCode"":""090111"",""cmdDesc"":""Coffee; not roasted or decaffeinated"",""aggrLevel"":6,""isLeaf"":true,""customsCode"":""C00"",""customsDesc"":""TOTAL CPC"",""mosCode"":""0"",""motCode"":0,""motDesc"":""TOTAL MOT"",""qtyUnitCode"":8,""qtyUnitAbbr"":""kg"",""qty"":3000,""isQtyEstimated"":false,""altQtyUnitCode"":21,""altQtyUnitAbbr"":""1000 KG"",""altQty"":3,""isAltQtyEstimated"":false,""netWgt"":12,""isNetWgtEstimated"":false,""grossWgt"":0,""isGrossWgtEstimated"":false,""cifvalue"":null,""fobvalue"":128,""primaryValue"":128,""legacyEstimationFlag"":0,""isReported"":false,""isAggregate"":true}"
,UN Comtrade,https://comtradeapi.un.org/public/v1/preview/C/A/HS?reporterCode=76&flowCode=X&cmdCode=090111&period=2020&includeDesc=true,2026-05-30T18:34:22.015Z,"{""reporters"":[{""endpoint"":""https://comtradeapi.un.org/public/v1/preview/C/A/HS"",""reporterCode"":704,""reporterISO"":""VNM"",""flowCode"":""X"",""cmdCode"":""090111"",""period"":""2020,2021,2022,2023,2024,2025"",""includeDesc"":true},{""endpoint"":""https://comtradeapi.un.org/public/v1/preview/C/A/HS"",""reporterCode"":76,""reporterISO"":""BRA"",""flowCode"":""X"",""cmdCode"":""090111"",""period"":""2020,2021,2022,2023,2024,2025"",""includeDesc"":true},{""endpoint"":""https://comtradeapi.un.org/public/v1/preview/C/A/HS"",""reporterCode"":360,""reporterISO"":""IDN"",""flowCode"":""X"",""cmdCode"":""090111"",""period"":""2020,2021,2022,2023,2024,2025"",""includeDesc"":true}]}",C,A,20200101,2020,76,BRA,Brazil,51,ARM,Armenia,0,W00,World,X,Export,H5,090111,Coffee; not roasted or decaffeinated,C00,TOTAL CPC,0,TOTAL MOT,8,kg,38000,38400,0,51072,true,false,true,"{""typeCode"":""C"",""freqCode"":""A"",""refPeriodId"":20200101,""refYear"":2020,""refMonth"":52,""period"":""2020"",""reporterCode"":76,""reporterISO"":""BRA"",""reporterDesc"":""Brazil"",""flowCode"":""X"",""flowDesc"":""Export"",""partnerCode"":51,""partnerISO"":""ARM"",""partnerDesc"":""Armenia"",""partner2Code"":0,""partner2ISO"":""W00"",""partner2Desc"":""World"",""classificationCode"":""H5"",""classificationSearchCode"":""HS"",""isOriginalClassification"":true,""cmdCode"":""090111"",""cmdDesc"":""Coffee; not roasted or decaffeinated"",""aggrLevel"":6,""isLeaf"":true,""customsCode"":""C00"",""customsDesc"":""TOTAL CPC"",""mosCode"":""0"",""motCode"":0,""motDesc"":""TOTAL MOT"",""qtyUnitCode"":8,""qtyUnitAbbr"":""kg"",""qty"":38000,""isQtyEstimated"":false,""altQtyUnitCode"":21,""altQtyUnitAbbr"":""1000 KG"",""altQty"":38,""isAltQtyEstimated"":false,""netWgt"":38400,""isNetWgtEstimated"":false,""grossWgt"":0,""isGrossWgtEstimated"":false,""cifvalue"":null,""fobvalue"":51072,""primaryValue"":51072,""legacyEstimationFlag"":0,""isReported"":false,""isAggregate"":true}"
,UN Comtrade,https://comtradeapi.un.org/public/v1/preview/C/A/HS?reporterCode=76&flowCode=X&cmdCode=090111&period=2020&includeDesc=true,2026-05-30T18:34:22.015Z,"{""reporters"":[{""endpoint"":""https://comtradeapi.un.org/public/v1/preview/C/A/HS"",""reporterCode"":704,""reporterISO"":""VNM"",""flowCode"":""X"",""cmdCode"":""090111"",""period"":""2020,2021,2022,2023,2024,2025"",""includeDesc"":true},{""endpoint"":""https://comtradeapi.un.org/public/v1/preview/C/A/HS"",""reporterCode"":76,""reporterISO"":""BRA"",""flowCode"":""X"",""cmdCode"":""090111"",""period"":""2020,2021,2022,2023,2024,2025"",""includeDesc"":true},{""endpoint"":""https://comtradeapi.un.org/public/v1/preview/C/A/HS"",""reporterCode"":360,""reporterISO"":""IDN"",""flowCode"":""X"",""cmdCode"":""090111"",""period"":""2020,2021,2022,2023,2024,2025"",""includeDesc"":true}]}",C,A,20200101,2020,76,BRA,Brazil,56,BEL,Belgium,0,W00,World,X,Export,H5,090111,Coffee; not roasted or decaffeinated,C00,TOTAL CPC,0,TOTAL MOT,8,kg,670561866.052,224546677.052,0,467390701,true,false,true,"{""typeCode"":""C"",""freqCode"":""A"",""refPeriodId"":20200101,""refYear"":2020,""refMonth"":52,""period"":""2020"",""reporterCode"":76,""reporterISO"":""BRA"",""reporterDesc"":""Brazil"",""flowCode"":""X"",""flowDesc"":""Export"",""partnerCode"":56,""partnerISO"":""BEL"",""partnerDesc"":""Belgium"",""partner2Code"":0,""partner2ISO"":""W00"",""partner2Desc"":""World"",""classificationCode"":""H5"",""classificationSearchCode"":""HS"",""isOriginalClassification"":true,""cmdCode"":""090111"",""cmdDesc"":""Coffee; not roasted or decaffeinated"",""aggrLevel"":6,""isLeaf"":true,""customsCode"":""C00"",""customsDesc"":""TOTAL CPC"",""mosCode"":""0"",""motCode"":0,""motDesc"":""TOTAL MOT"",""qtyUnitCode"":8,""qtyUnitAbbr"":""kg"",""qty"":670561866.052,""isQtyEstimated"":true,""altQtyUnitCode"":-1,""altQtyUnitAbbr"":""N/A"",""altQty"":0,""isAltQtyEstimated"":false,""netWgt"":224546677.052,""isNetWgtEstimated"":true,""grossWgt"":0,""isGrossWgtEstimated"":false,""cifvalue"":null,""fobvalue"":467390701,""primaryValue"":467390701,""legacyEstimationFlag"":6,""isReported"":false,""isAggregate"":true}"
,UN Comtrade,https://comtradeapi.un.org/public/v1/preview/C/A/HS?reporterCode=76&flowCode=X&cmdCode=090111&period=2020&includeDesc=true,2026-05-30T18:34:22.015Z,"{""reporters"":[{""endpoint"":""https://comtradeapi.un.org/public/v1/preview/C/A/HS"",""reporterCode"":704,""reporterISO"":""VNM"",""flowCode"":""X"",""cmdCode"":""090111"",""period"":""2020,2021,2022,2023,2024,2025"",""includeDesc"":true},{""endpoint"":""https://comtradeapi.un.org/public/v1/preview/C/A/HS"",""reporterCode"":76,""reporterISO"":""BRA"",""flowCode"":""X"",""cmdCode"":""090111"",""period"":""2020,2021,2022,2023,2024,2025"",""includeDesc"":true},{""endpoint"":""https://comtradeapi.un.org/public/v1/preview/C/A/HS"",""reporterCode"":360,""reporterISO"":""IDN"",""flowCode"":""X"",""cmdCode"":""090111"",""period"":""2020,2021,2022,2023,2024,2025"",""includeDesc"":true}]}",C,A,20200101,2020,76,BRA,Brazil,68,BOL,Bolivia (Plurinational State of),0,W00,World,X,Export,H5,090111,Coffee; not roasted or decaffeinated,C00,TOTAL CPC,0,TOTAL MOT,8,kg,220,220,0,176,true,false,true,"{""typeCode"":""C"",""freqCode"":""A"",""refPeriodId"":20200101,""refYear"":2020,""refMonth"":52,""period"":""2020"",""reporterCode"":76,""reporterISO"":""BRA"",""reporterDesc"":""Brazil"",""flowCode"":""X"",""flowDesc"":""Export"",""partnerCode"":68,""partnerISO"":""BOL"",""partnerDesc"":""Bolivia (Plurinational State of)"",""partner2Code"":0,""partner2ISO"":""W00"",""partner2Desc"":""World"",""classificationCode"":""H5"",""classificationSearchCode"":""HS"",""isOriginalClassification"":true,""cmdCode"":""090111"",""cmdDesc"":""Coffee; not roasted or decaffeinated"",""aggrLevel"":6,""isLeaf"":true,""customsCode"":""C00"",""customsDesc"":""TOTAL CPC"",""mosCode"":""0"",""motCode"":0,""motDesc"":""TOTAL MOT"",""qtyUnitCode"":8,""qtyUnitAbbr"":""kg"",""qty"":220,""isQtyEstimated"":false,""altQtyUnitCode"":8,""altQtyUnitAbbr"":""kg"",""altQty"":220,""isAltQtyEstimated"":false,""netWgt"":220,""isNetWgtEstimated"":false,""grossWgt"":0,""isGrossWgtEstimated"":false,""cifvalue"":null,""fobvalue"":176,""primaryValue"":176,""legacyEstimationFlag"":0,""isReported"":false,""isAggregate"":true}"
,UN Comtrade,https://comtradeapi.un.org/public/v1/preview/C/A/HS?reporterCode=76&flowCode=X&cmdCode=090111&period=2020&includeDesc=true,2026-05-30T18:34:22.015Z,"{""reporters"":[{""endpoint"":""https://comtradeapi.un.org/public/v1/preview/C/A/HS"",""reporterCode"":704,""reporterISO"":""VNM"",""flowCode"":""X"",""cmdCode"":""090111"",""period"":""2020,2021,2022,2023,2024,2025"",""includeDesc"":true},{""endpoint"":""https://comtradeapi.un.org/public/v1/preview/C/A/HS"",""reporterCode"":76,""reporterISO"":""BRA"",""flowCode"":""X"",""cmdCode"":""090111"",""period"":""2020,2021,2022,2023,2024,2025"",""includeDesc"":true},{""endpoint"":""https://comtradeapi.un.org/public/v1/preview/C/A/HS"",""reporterCode"":360,""reporterISO"":""IDN"",""flowCode"":""X"",""cmdCode"":""090111"",""period"":""2020,2021,2022,2023,2024,2025"",""includeDesc"":true}]}",C,A,20200101,2020,76,BRA,Brazil,70,BIH,Bosnia Herzegovina,0,W00,World,X,Export,H5,090111,Coffee; not roasted or decaffeinated,C00,TOTAL CPC,0,TOTAL MOT,8,kg,2,2,0,7,true,false,true,"{""typeCode"":""C"",""freqCode"":""A"",""refPeriodId"":20200101,""refYear"":2020,""refMonth"":52,""period"":""2020"",""reporterCode"":76,""reporterISO"":""BRA"",""reporterDesc"":""Brazil"",""flowCode"":""X"",""flowDesc"":""Export"",""partnerCode"":70,""partnerISO"":""BIH"",""partnerDesc"":""Bosnia Herzegovina"",""partner2Code"":0,""partner2ISO"":""W00"",""partner2Desc"":""World"",""classificationCode"":""H5"",""classificationSearchCode"":""HS"",""isOriginalClassification"":true,""cmdCode"":""090111"",""cmdDesc"":""Coffee; not roasted or decaffeinated"",""aggrLevel"":6,""isLeaf"":true,""customsCode"":""C00"",""customsDesc"":""TOTAL CPC"",""mosCode"":""0"",""motCode"":0,""motDesc"":""TOTAL MOT"",""qtyUnitCode"":8,""qtyUnitAbbr"":""kg"",""qty"":2,""isQtyEstimated"":false,""altQtyUnitCode"":8,""altQtyUnitAbbr"":""kg"",""altQty"":2,""isAltQtyEstimated"":false,""netWgt"":2,""isNetWgtEstimated"":false,""grossWgt"":0,""isGrossWgtEstimated"":false,""cifvalue"":null,""fobvalue"":7,""primaryValue"":7,""legacyEstimationFlag"":0,""isReported"":false,""isAggregate"":true}"
,UN Comtrade,https://comtradeapi.un.org/public/v1/preview/C/A/HS?reporterCode=76&flowCode=X&cmdCode=090111&period=2020&includeDesc=true,2026-05-30T18:34:22.015Z,"{""reporters"":[{""endpoint"":""https://comtradeapi.un.org/public/v1/preview/C/A/HS"",""reporterCode"":704,""reporterISO"":""VNM"",""flowCode"":""X"",""cmdCode"":""090111"",""period"":""2020,2021,2022,2023,2024,2025"",""includeDesc"":true},{""endpoint"":""https://comtradeapi.un.org/public/v1/preview/C/A/HS"",""reporterCode"":76,""reporterISO"":""BRA"",""flowCode"":""X"",""cmdCode"":""090111"",""period"":""2020,2021,2022,2023,2024,2025"",""includeDesc"":true},{""endpoint"":""https://comtradeapi.un.org/public/v1/preview/C/A/HS"",""reporterCode"":360,""reporterISO"":""IDN"",""flowCode"":""X"",""cmdCode"":""090111"",""period"":""2020,2021,2022,2023,2024,2025"",""includeDesc"":true}]}",C,A,20200101,2020,76,BRA,Brazil,84,BLZ,Belize,0,W00,World,X,Export,H5,090111,Coffee; not roasted or decaffeinated,C00,TOTAL CPC,0,TOTAL MOT,8,kg,38000,38400,0,82966,true,false,true,"{""typeCode"":""C"",""freqCode"":""A"",""refPeriodId"":20200101,""refYear"":2020,""refMonth"":52,""period"":""2020"",""reporterCode"":76,""reporterISO"":""BRA"",""reporterDesc"":""Brazil"",""flowCode"":""X"",""flowDesc"":""Export"",""partnerCode"":84,""partnerISO"":""BLZ"",""partnerDesc"":""Belize"",""partner2Code"":0,""partner2ISO"":""W00"",""partner2Desc"":""World"",""classificationCode"":""H5"",""classificationSearchCode"":""HS"",""isOriginalClassification"":true,""cmdCode"":""090111"",""cmdDesc"":""Coffee; not roasted or decaffeinated"",""aggrLevel"":6,""isLeaf"":true,""customsCode"":""C00"",""customsDesc"":""TOTAL CPC"",""mosCode"":""0"",""motCode"":0,""motDesc"":""TOTAL MOT"",""qtyUnitCode"":8,""qtyUnitAbbr"":""kg"",""qty"":38000,""isQtyEstimated"":false,""altQtyUnitCode"":21,""altQtyUnitAbbr"":""1000 KG"",""altQty"":38,""isAltQtyEstimated"":false,""netWgt"":38400,""isNetWgtEstimated"":false,""grossWgt"":0,""isGrossWgtEstimated"":false,""cifvalue"":null,""fobvalue"":82966,""primaryValue"":82966,""legacyEstimationFlag"":0,""isReported"":false,""isAggregate"":true}"
,UN Comtrade,https://comtradeapi.un.org/public/v1/preview/C/A/HS?reporterCode=76&flowCode=X&cmdCode=090111&period=2020&includeDesc=true,2026-05-30T18:34:22.015Z,"{""reporters"":[{""endpoint"":""https://comtradeapi.un.org/public/v1/preview/C/A/HS"",""reporterCode"":704,""reporterISO"":""VNM"",""flowCode"":""X"",""cmdCode"":""090111"",""period"":""2020,2021,2022,2023,2024,2025"",""includeDesc"":true},{""endpoint"":""https://comtradeapi.un.org/public/v1/preview/C/A/HS"",""reporterCode"":76,""reporterISO"":""BRA"",""flowCode"":""X"",""cmdCode"":""090111"",""period"":""2020,2021,2022,2023,2024,2025"",""includeDesc"":true},{""endpoint"":""https://comtradeapi.un.org/public/v1/preview/C/A/HS"",""reporterCode"":360,""reporterISO"":""IDN"",""flowCode"":""X"",""cmdCode"":""090111"",""period"":""2020,2021,2022,2023,2024,2025"",""includeDesc"":true}]}",C,A,20200101,2020,76,BRA,Brazil,100,BGR,Bulgaria,0,W00,World,X,Export,H5,090111,Coffee; not roasted or decaffeinated,C00,TOTAL CPC,0,TOTAL MOT,8,kg,495780,494580,0,1192390,true,false,true,"{""typeCode"":""C"",""freqCode"":""A"",""refPeriodId"":20200101,""refYear"":2020,""refMonth"":52,""period"":""2020"",""reporterCode"":76,""reporterISO"":""BRA"",""reporterDesc"":""Brazil"",""flowCode"":""X"",""flowDesc"":""Export"",""partnerCode"":100,""partnerISO"":""BGR"",""partnerDesc"":""Bulgaria"",""partner2Code"":0,""partner2ISO"":""W00"",""partner2Desc"":""World"",""classificationCode"":""H5"",""classificationSearchCode"":""HS"",""isOriginalClassification"":true,""cmdCode"":""090111"",""cmdDesc"":""Coffee; not roasted or decaffeinated"",""aggrLevel"":6,""isLeaf"":true,""customsCode"":""C00"",""customsDesc"":""TOTAL CPC"",""mosCode"":""0"",""motCode"":0,""motDesc"":""TOTAL MOT"",""qtyUnitCode"":8,""qtyUnitAbbr"":""kg"",""qty"":495780,""isQtyEstimated"":false,""altQtyUnitCode"":-1,""altQtyUnitAbbr"":""N/A"",""altQty"":0,""isAltQtyEstimated"":false,""netWgt"":494580,""isNetWgtEstimated"":false,""grossWgt"":0,""isGrossWgtEstimated"":false,""cifvalue"":null,""fobvalue"":1192390,""primaryValue"":1192390,""legacyEstimationFlag"":0,""isReported"":false,""isAggregate"":true}"
,UN Comtrade,https://comtradeapi.un.org/public/v1/preview/C/A/HS?reporterCode=76&flowCode=X&cmdCode=090111&period=2020&includeDesc=true,2026-05-30T18:34:22.015Z,"{""reporters"":[{""endpoint"":""https://comtradeapi.un.org/public/v1/preview/C/A/HS"",""reporterCode"":704,""reporterISO"":""VNM"",""flowCode"":""X"",""cmdCode"":""090111"",""period"":""2020,2021,2022,2023,2024,2025"",""includeDesc"":true},{""endpoint"":""https://comtradeapi.un.org/public/v1/preview/C/A/HS"",""reporterCode"":76,""reporterISO"":""BRA"",""flowCode"":""X"",""cmdCode"":""090111"",""period"":""2020,2021,2022,2023,2024,2025"",""includeDesc"":true},{""endpoint"":""https://comtradeapi.un.org/public/v1/preview/C/A/HS"",""reporterCode"":360,""reporterISO"":""IDN"",""flowCode"":""X"",""cmdCode"":""090111"",""period"":""2020,2021,2022,2023,2024,2025"",""includeDesc"":true}]}",C,A,20200101,2020,76,BRA,Brazil,112,BLR,Belarus,0,W00,World,X,Export,H5,090111,Coffee; not roasted or decaffeinated,C00,TOTAL CPC,0,TOTAL MOT,8,kg,133000,134400,0,355498,true,false,true,"{""typeCode"":""C"",""freqCode"":""A"",""refPeriodId"":20200101,""refYear"":2020,""refMonth"":52,""period"":""2020"",""reporterCode"":76,""reporterISO"":""BRA"",""reporterDesc"":""Brazil"",""flowCode"":""X"",""flowDesc"":""Export"",""partnerCode"":112,""partnerISO"":""BLR"",""partnerDesc"":""Belarus"",""partner2Code"":0,""partner2ISO"":""W00"",""partner2Desc"":""World"",""classificationCode"":""H5"",""classificationSearchCode"":""HS"",""isOriginalClassification"":true,""cmdCode"":""090111"",""cmdDesc"":""Coffee; not roasted or decaffeinated"",""aggrLevel"":6,""isLeaf"":true,""customsCode"":""C00"",""customsDesc"":""TOTAL CPC"",""mosCode"":""0"",""motCode"":0,""motDesc"":""TOTAL MOT"",""qtyUnitCode"":8,""qtyUnitAbbr"":""kg"",""qty"":133000,""isQtyEstimated"":false,""altQtyUnitCode"":21,""altQtyUnitAbbr"":""1000 KG"",""altQty"":133,""isAltQtyEstimated"":false,""netWgt"":134400,""isNetWgtEstimated"":false,""grossWgt"":0,""isGrossWgtEstimated"":false,""cifvalue"":null,""fobvalue"":355498,""primaryValue"":355498,""legacyEstimationFlag"":0,""isReported"":false,""isAggregate"":true}"
,UN Comtrade,https://comtradeapi.un.org/public/v1/preview/C/A/HS?reporterCode=76&flowCode=X&cmdCode=090111&period=2020&includeDesc=true,2026-05-30T18:34:22.015Z,"{""reporters"":[{""endpoint"":""https://comtradeapi.un.org/public/v1/preview/C/A/HS"",""reporterCode"":704,""reporterISO"":""VNM"",""flowCode"":""X"",""cmdCode"":""090111"",""period"":""2020,2021,2022,2023,2024,2025"",""includeDesc"":true},{""endpoint"":""https://comtradeapi.un.org/public/v1/preview/C/A/HS"",""reporterCode"":76,""reporterISO"":""BRA"",""flowCode"":""X"",""cmdCode"":""090111"",""period"":""2020,2021,2022,2023,2024,2025"",""includeDesc"":true},{""endpoint"":""https://comtradeapi.un.org/public/v1/preview/C/A/HS"",""reporterCode"":360,""reporterISO"":""IDN"",""flowCode"":""X"",""cmdCode"":""090111"",""period"":""2020,2021,2022,2023,2024,2025"",""includeDesc"":true}]}",C,A,20200101,2020,76,BRA,Brazil,124,CAN,Canada,0,W00,World,X,Export,H5,090111,Coffee; not roasted or decaffeinated,C00,TOTAL CPC,0,TOTAL MOT,8,kg,84121001,44199924,0,102696789,true,false,true,"{""typeCode"":""C"",""freqCode"":""A"",""refPeriodId"":20200101,""refYear"":2020,""refMonth"":52,""period"":""2020"",""reporterCode"":76,""reporterISO"":""BRA"",""reporterDesc"":""Brazil"",""flowCode"":""X"",""flowDesc"":""Export"",""partnerCode"":124,""partnerISO"":""CAN"",""partnerDesc"":""Canada"",""partner2Code"":0,""partner2ISO"":""W00"",""partner2Desc"":""World"",""classificationCode"":""H5"",""classificationSearchCode"":""HS"",""isOriginalClassification"":true,""cmdCode"":""090111"",""cmdDesc"":""Coffee; not roasted or decaffeinated"",""aggrLevel"":6,""isLeaf"":true,""customsCode"":""C00"",""customsDesc"":""TOTAL CPC"",""mosCode"":""0"",""motCode"":0,""motDesc"":""TOTAL MOT"",""qtyUnitCode"":8,""qtyUnitAbbr"":""kg"",""qty"":84121001,""isQtyEstimated"":false,""altQtyUnitCode"":-1,""altQtyUnitAbbr"":""N/A"",""altQty"":0,""isAltQtyEstimated"":false,""netWgt"":44199924,""isNetWgtEstimated"":false,""grossWgt"":0,""isGrossWgtEstimated"":false,""cifvalue"":null,""fobvalue"":102696789,""primaryValue"":102696789,""legacyEstimationFlag"":0,""isReported"":false,""isAggregate"":true}"
,UN Comtrade,https://comtradeapi.un.org/public/v1/preview/C/A/HS?reporterCode=76&flowCode=X&cmdCode=090111&period=2020&includeDesc=true,2026-05-30T18:34:22.015Z,"{""reporters"":[{""endpoint"":""https://comtradeapi.un.org/public/v1/preview/C/A/HS"",""reporterCode"":704,""reporterISO"":""VNM"",""flowCode"":""X"",""cmdCode"":""090111"",""period"":""2020,2021,2022,2023,2024,2025"",""includeDesc"":true},{""endpoint"":""https://comtradeapi.un.org/public/v1/preview/C/A/HS"",""reporterCode"":76,""reporterISO"":""BRA"",""flowCode"":""X"",""cmdCode"":""090111"",""period"":""2020,2021,2022,2023,2024,2025"",""includeDesc"":true},{""endpoint"":""https://comtradeapi.un.org/public/v1/preview/C/A/HS"",""reporterCode"":360,""reporterISO"":""IDN"",""flowCode"":""X"",""cmdCode"":""090111"",""period"":""2020,2021,2022,2023,2024,2025"",""includeDesc"":true}]}",C,A,20200101,2020,76,BRA,Brazil,132,CPV,Cabo Verde,0,W00,World,X,Export,H5,090111,Coffee; not roasted or decaffeinated,C00,TOTAL CPC,0,TOTAL MOT,8,kg,305000,305600,0,459660,true,false,true,"{""typeCode"":""C"",""freqCode"":""A"",""refPeriodId"":20200101,""refYear"":2020,""refMonth"":52,""period"":""2020"",""reporterCode"":76,""reporterISO"":""BRA"",""reporterDesc"":""Brazil"",""flowCode"":""X"",""flowDesc"":""Export"",""partnerCode"":132,""partnerISO"":""CPV"",""partnerDesc"":""Cabo Verde"",""partner2Code"":0,""partner2ISO"":""W00"",""partner2Desc"":""World"",""classificationCode"":""H5"",""classificationSearchCode"":""HS"",""isOriginalClassification"":true,""cmdCode"":""090111"",""cmdDesc"":""Coffee; not roasted or decaffeinated"",""aggrLevel"":6,""isLeaf"":true,""customsCode"":""C00"",""customsDesc"":""TOTAL CPC"",""mosCode"":""0"",""motCode"":0,""motDesc"":""TOTAL MOT"",""qtyUnitCode"":8,""qtyUnitAbbr"":""kg"",""qty"":305000,""isQtyEstimated"":false,""altQtyUnitCode"":21,""altQtyUnitAbbr"":""1000 KG"",""altQty"":305,""isAltQtyEstimated"":false,""netWgt"":305600,""isNetWgtEstimated"":false,""grossWgt"":0,""isGrossWgtEstimated"":false,""cifvalue"":null,""fobvalue"":459660,""primaryValue"":459660,""legacyEstimationFlag"":0,""isReported"":false,""isAggregate"":true}"
,UN Comtrade,https://comtradeapi.un.org/public/v1/preview/C/A/HS?reporterCode=76&flowCode=X&cmdCode=090111&period=2020&includeDesc=true,2026-05-30T18:34:22.015Z,"{""reporters"":[{""endpoint"":""https://comtradeapi.un.org/public/v1/preview/C/A/HS"",""reporterCode"":704,""reporterISO"":""VNM"",""flowCode"":""X"",""cmdCode"":""090111"",""period"":""2020,2021,2022,2023,2024,2025"",""includeDesc"":true},{""endpoint"":""https://comtradeapi.un.org/public/v1/preview/C/A/HS"",""reporterCode"":76,""reporterISO"":""BRA"",""flowCode"":""X"",""cmdCode"":""090111"",""period"":""2020,2021,2022,2023,2024,2025"",""includeDesc"":true},{""endpoint"":""https://comtradeapi.un.org/public/v1/preview/C/A/HS"",""reporterCode"":360,""reporterISO"":""IDN"",""flowCode"":""X"",""cmdCode"":""090111"",""period"":""2020,2021,2022,2023,2024,2025"",""includeDesc"":true}]}",C,A,20200101,2020,76,BRA,Brazil,136,CYM,Cayman Isds,0,W00,World,X,Export,H5,090111,Coffee; not roasted or decaffeinated,C00,TOTAL CPC,0,TOTAL MOT,8,kg,4,4,0,24,true,false,true,"{""typeCode"":""C"",""freqCode"":""A"",""refPeriodId"":20200101,""refYear"":2020,""refMonth"":52,""period"":""2020"",""reporterCode"":76,""reporterISO"":""BRA"",""reporterDesc"":""Brazil"",""flowCode"":""X"",""flowDesc"":""Export"",""partnerCode"":136,""partnerISO"":""CYM"",""partnerDesc"":""Cayman Isds"",""partner2Code"":0,""partner2ISO"":""W00"",""partner2Desc"":""World"",""classificationCode"":""H5"",""classificationSearchCode"":""HS"",""isOriginalClassification"":true,""cmdCode"":""090111"",""cmdDesc"":""Coffee; not roasted or decaffeinated"",""aggrLevel"":6,""isLeaf"":true,""customsCode"":""C00"",""customsDesc"":""TOTAL CPC"",""mosCode"":""0"",""motCode"":0,""motDesc"":""TOTAL MOT"",""qtyUnitCode"":8,""qtyUnitAbbr"":""kg"",""qty"":4,""isQtyEstimated"":false,""altQtyUnitCode"":8,""altQtyUnitAbbr"":""kg"",""altQty"":4,""isAltQtyEstimated"":false,""netWgt"":4,""isNetWgtEstimated"":false,""grossWgt"":0,""isGrossWgtEstimated"":false,""cifvalue"":null,""fobvalue"":24,""primaryValue"":24,""legacyEstimationFlag"":0,""isReported"":false,""isAggregate"":true}"
,UN Comtrade,https://comtradeapi.un.org/public/v1/preview/C/A/HS?reporterCode=76&flowCode=X&cmdCode=090111&period=2020&includeDesc=true,2026-05-30T18:34:22.015Z,"{""reporters"":[{""endpoint"":""https://comtradeapi.un.org/public/v1/preview/C/A/HS"",""reporterCode"":704,""reporterISO"":""VNM"",""flowCode"":""X"",""cmdCode"":""090111"",""period"":""2020,2021,2022,2023,2024,2025"",""includeDesc"":true},{""endpoint"":""https://comtradeapi.un.org/public/v1/preview/C/A/HS"",""reporterCode"":76,""reporterISO"":""BRA"",""flowCode"":""X"",""cmdCode"":""090111"",""period"":""2020,2021,2022,2023,2024,2025"",""includeDesc"":true},{""endpoint"":""https://comtradeapi.un.org/public/v1/preview/C/A/HS"",""reporterCode"":360,""reporterISO"":""IDN"",""flowCode"":""X"",""cmdCode"":""090111"",""period"":""2020,2021,2022,2023,2024,2025"",""includeDesc"":true}]}",C,A,20200101,2020,76,BRA,Brazil,152,CHL,Chile,0,W00,World,X,Export,H5,090111,Coffee; not roasted or decaffeinated,C00,TOTAL CPC,0,TOTAL MOT,8,kg,11905097,10580238,0,15394571,true,false,true,"{""typeCode"":""C"",""freqCode"":""A"",""refPeriodId"":20200101,""refYear"":2020,""refMonth"":52,""period"":""2020"",""reporterCode"":76,""reporterISO"":""BRA"",""reporterDesc"":""Brazil"",""flowCode"":""X"",""flowDesc"":""Export"",""partnerCode"":152,""partnerISO"":""CHL"",""partnerDesc"":""Chile"",""partner2Code"":0,""partner2ISO"":""W00"",""partner2Desc"":""World"",""classificationCode"":""H5"",""classificationSearchCode"":""HS"",""isOriginalClassification"":true,""cmdCode"":""090111"",""cmdDesc"":""Coffee; not roasted or decaffeinated"",""aggrLevel"":6,""isLeaf"":true,""customsCode"":""C00"",""customsDesc"":""TOTAL CPC"",""mosCode"":""0"",""motCode"":0,""motDesc"":""TOTAL MOT"",""qtyUnitCode"":8,""qtyUnitAbbr"":""kg"",""qty"":11905097,""isQtyEstimated"":false,""altQtyUnitCode"":-1,""altQtyUnitAbbr"":""N/A"",""altQty"":0,""isAltQtyEstimated"":false,""netWgt"":10580238,""isNetWgtEstimated"":false,""grossWgt"":0,""isGrossWgtEstimated"":false,""cifvalue"":null,""fobvalue"":15394571,""primaryValue"":15394571,""legacyEstimationFlag"":0,""isReported"":false,""isAggregate"":true}"
,UN Comtrade,https://comtradeapi.un.org/public/v1/preview/C/A/HS?reporterCode=76&flowCode=X&cmdCode=090111&period=2020&includeDesc=true,2026-05-30T18:34:22.015Z,"{""reporters"":[{""endpoint"":""https://comtradeapi.un.org/public/v1/preview/C/A/HS"",""reporterCode"":704,""reporterISO"":""VNM"",""flowCode"":""X"",""cmdCode"":""090111"",""period"":""2020,2021,2022,2023,2024,2025"",""includeDesc"":true},{""endpoint"":""https://comtradeapi.un.org/public/v1/preview/C/A/HS"",""reporterCode"":76,""reporterISO"":""BRA"",""flowCode"":""X"",""cmdCode"":""090111"",""period"":""2020,2021,2022,2023,2024,2025"",""includeDesc"":true},{""endpoint"":""https://comtradeapi.un.org/public/v1/preview/C/A/HS"",""reporterCode"":360,""reporterISO"":""IDN"",""flowCode"":""X"",""cmdCode"":""090111"",""period"":""2020,2021,2022,2023,2024,2025"",""includeDesc"":true}]}",C,A,20200101,2020,76,BRA,Brazil,156,CHN,China,0,W00,World,X,Export,H5,090111,Coffee; not roasted or decaffeinated,C00,TOTAL CPC,0,TOTAL MOT,8,kg,40084767,9726033,0,24506102,true,false,true,"{""typeCode"":""C"",""freqCode"":""A"",""refPeriodId"":20200101,""refYear"":2020,""refMonth"":52,""period"":""2020"",""reporterCode"":76,""reporterISO"":""BRA"",""reporterDesc"":""Brazil"",""flowCode"":""X"",""flowDesc"":""Export"",""partnerCode"":156,""partnerISO"":""CHN"",""partnerDesc"":""China"",""partner2Code"":0,""partner2ISO"":""W00"",""partner2Desc"":""World"",""classificationCode"":""H5"",""classificationSearchCode"":""HS"",""isOriginalClassification"":true,""cmdCode"":""090111"",""cmdDesc"":""Coffee; not roasted or decaffeinated"",""aggrLevel"":6,""isLeaf"":true,""customsCode"":""C00"",""customsDesc"":""TOTAL CPC"",""mosCode"":""0"",""motCode"":0,""motDesc"":""TOTAL MOT"",""qtyUnitCode"":8,""qtyUnitAbbr"":""kg"",""qty"":40084767,""isQtyEstimated"":false,""altQtyUnitCode"":-1,""altQtyUnitAbbr"":""N/A"",""altQty"":0,""isAltQtyEstimated"":false,""netWgt"":9726033,""isNetWgtEstimated"":false,""grossWgt"":0,""isGrossWgtEstimated"":false,""cifvalue"":null,""fobvalue"":24506102,""primaryValue"":24506102,""legacyEstimationFlag"":0,""isReported"":false,""isAggregate"":true}"
,UN Comtrade,https://comtradeapi.un.org/public/v1/preview/C/A/HS?reporterCode=76&flowCode=X&cmdCode=090111&period=2020&includeDesc=true,2026-05-30T18:34:22.015Z,"{""reporters"":[{""endpoint"":""https://comtradeapi.un.org/public/v1/preview/C/A/HS"",""reporterCode"":704,""reporterISO"":""VNM"",""flowCode"":""X"",""cmdCode"":""090111"",""period"":""2020,2021,2022,2023,2024,2025"",""includeDesc"":true},{""endpoint"":""https://comtradeapi.un.org/public/v1/preview/C/A/HS"",""reporterCode"":76,""reporterISO"":""BRA"",""flowCode"":""X"",""cmdCode"":""090111"",""period"":""2020,2021,2022,2023,2024,2025"",""includeDesc"":true},{""endpoint"":""https://comtradeapi.un.org/public/v1/preview/C/A/HS"",""reporterCode"":360,""reporterISO"":""IDN"",""flowCode"":""X"",""cmdCode"":""090111"",""period"":""2020,2021,2022,2023,2024,2025"",""includeDesc"":true}]}",C,A,20200101,2020,76,BRA,Brazil,170,COL,Colombia,0,W00,World,X,Export,H5,090111,Coffee; not roasted or decaffeinated,C00,TOTAL CPC,0,TOTAL MOT,8,kg,155418000,42824341,0,65394864,true,false,true,"{""typeCode"":""C"",""freqCode"":""A"",""refPeriodId"":20200101,""refYear"":2020,""refMonth"":52,""period"":""2020"",""reporterCode"":76,""reporterISO"":""BRA"",""reporterDesc"":""Brazil"",""flowCode"":""X"",""flowDesc"":""Export"",""partnerCode"":170,""partnerISO"":""COL"",""partnerDesc"":""Colombia"",""partner2Code"":0,""partner2ISO"":""W00"",""partner2Desc"":""World"",""classificationCode"":""H5"",""classificationSearchCode"":""HS"",""isOriginalClassification"":true,""cmdCode"":""090111"",""cmdDesc"":""Coffee; not roasted or decaffeinated"",""aggrLevel"":6,""isLeaf"":true,""customsCode"":""C00"",""customsDesc"":""TOTAL CPC"",""mosCode"":""0"",""motCode"":0,""motDesc"":""TOTAL MOT"",""qtyUnitCode"":8,""qtyUnitAbbr"":""kg"",""qty"":155418000,""isQtyEstimated"":false,""altQtyUnitCode"":21,""altQtyUnitAbbr"":""1000 KG"",""altQty"":155418,""isAltQtyEstimated"":false,""netWgt"":42824341,""isNetWgtEstimated"":false,""grossWgt"":0,""isGrossWgtEstimated"":false,""cifvalue"":null,""fobvalue"":65394864,""primaryValue"":65394864,""legacyEstimationFlag"":0,""isReported"":false,""isAggregate"":true}"
,UN Comtrade,https://comtradeapi.un.org/public/v1/preview/C/A/HS?reporterCode=76&flowCode=X&cmdCode=090111&period=2020&includeDesc=true,2026-05-30T18:34:22.015Z,"{""reporters"":[{""endpoint"":""https://comtradeapi.un.org/public/v1/preview/C/A/HS"",""reporterCode"":704,""reporterISO"":""VNM"",""flowCode"":""X"",""cmdCode"":""090111"",""period"":""2020,2021,2022,2023,2024,2025"",""includeDesc"":true},{""endpoint"":""https://comtradeapi.un.org/public/v1/preview/C/A/HS"",""reporterCode"":76,""reporterISO"":""BRA"",""flowCode"":""X"",""cmdCode"":""090111"",""period"":""2020,2021,2022,2023,2024,2025"",""includeDesc"":true},{""endpoint"":""https://comtradeapi.un.org/public/v1/preview/C/A/HS"",""reporterCode"":360,""reporterISO"":""IDN"",""flowCode"":""X"",""cmdCode"":""090111"",""period"":""2020,2021,2022,2023,2024,2025"",""includeDesc"":true}]}",C,A,20200101,2020,76,BRA,Brazil,188,CRI,Costa Rica,0,W00,World,X,Export,H5,090111,Coffee; not roasted or decaffeinated,C00,TOTAL CPC,0,TOTAL MOT,8,kg,301000,299850,0,510706,true,false,true,"{""typeCode"":""C"",""freqCode"":""A"",""refPeriodId"":20200101,""refYear"":2020,""refMonth"":52,""period"":""2020"",""reporterCode"":76,""reporterISO"":""BRA"",""reporterDesc"":""Brazil"",""flowCode"":""X"",""flowDesc"":""Export"",""partnerCode"":188,""partnerISO"":""CRI"",""partnerDesc"":""Costa Rica"",""partner2Code"":0,""partner2ISO"":""W00"",""partner2Desc"":""World"",""classificationCode"":""H5"",""classificationSearchCode"":""HS"",""isOriginalClassification"":true,""cmdCode"":""090111"",""cmdDesc"":""Coffee; not roasted or decaffeinated"",""aggrLevel"":6,""isLeaf"":true,""customsCode"":""C00"",""customsDesc"":""TOTAL CPC"",""mosCode"":""0"",""motCode"":0,""motDesc"":""TOTAL MOT"",""qtyUnitCode"":8,""qtyUnitAbbr"":""kg"",""qty"":301000,""isQtyEstimated"":false,""altQtyUnitCode"":21,""altQtyUnitAbbr"":""1000 KG"",""altQty"":301,""isAltQtyEstimated"":false,""netWgt"":299850,""isNetWgtEstimated"":false,""grossWgt"":0,""isGrossWgtEstimated"":false,""cifvalue"":null,""fobvalue"":510706,""primaryValue"":510706,""legacyEstimationFlag"":0,""isReported"":false,""isAggregate"":true}"
,UN Comtrade,https://comtradeapi.un.org/public/v1/preview/C/A/HS?reporterCode=76&flowCode=X&cmdCode=090111&period=2020&includeDesc=true,2026-05-30T18:34:22.015Z,"{""reporters"":[{""endpoint"":""https://comtradeapi.un.org/public/v1/preview/C/A/HS"",""reporterCode"":704,""reporterISO"":""VNM"",""flowCode"":""X"",""cmdCode"":""090111"",""period"":""2020,2021,2022,2023,2024,2025"",""includeDesc"":true},{""endpoint"":""https://comtradeapi.un.org/public/v1/preview/C/A/HS"",""reporterCode"":76,""reporterISO"":""BRA"",""flowCode"":""X"",""cmdCode"":""090111"",""period"":""2020,2021,2022,2023,2024,2025"",""includeDesc"":true},{""endpoint"":""https://comtradeapi.un.org/public/v1/preview/C/A/HS"",""reporterCode"":360,""reporterISO"":""IDN"",""flowCode"":""X"",""cmdCode"":""090111"",""period"":""2020,2021,2022,2023,2024,2025"",""includeDesc"":true}]}",C,A,20200101,2020,76,BRA,Brazil,191,HRV,Croatia,0,W00,World,X,Export,H5,090111,Coffee; not roasted or decaffeinated,C00,TOTAL CPC,0,TOTAL MOT,8,kg,198912000,11967755,0,20507969,true,false,true,"{""typeCode"":""C"",""freqCode"":""A"",""refPeriodId"":20200101,""refYear"":2020,""refMonth"":52,""period"":""2020"",""reporterCode"":76,""reporterISO"":""BRA"",""reporterDesc"":""Brazil"",""flowCode"":""X"",""flowDesc"":""Export"",""partnerCode"":191,""partnerISO"":""HRV"",""partnerDesc"":""Croatia"",""partner2Code"":0,""partner2ISO"":""W00"",""partner2Desc"":""World"",""classificationCode"":""H5"",""classificationSearchCode"":""HS"",""isOriginalClassification"":true,""cmdCode"":""090111"",""cmdDesc"":""Coffee; not roasted or decaffeinated"",""aggrLevel"":6,""isLeaf"":true,""customsCode"":""C00"",""customsDesc"":""TOTAL CPC"",""mosCode"":""0"",""motCode"":0,""motDesc"":""TOTAL MOT"",""qtyUnitCode"":8,""qtyUnitAbbr"":""kg"",""qty"":198912000,""isQtyEstimated"":false,""altQtyUnitCode"":21,""altQtyUnitAbbr"":""1000 KG"",""altQty"":198912,""isAltQtyEstimated"":false,""netWgt"":11967755,""isNetWgtEstimated"":false,""grossWgt"":0,""isGrossWgtEstimated"":false,""cifvalue"":null,""fobvalue"":20507969,""primaryValue"":20507969,""legacyEstimationFlag"":0,""isReported"":false,""isAggregate"":true}"
,UN Comtrade,https://comtradeapi.un.org/public/v1/preview/C/A/HS?reporterCode=76&flowCode=X&cmdCode=090111&period=2020&includeDesc=true,2026-05-30T18:34:22.015Z,"{""reporters"":[{""endpoint"":""https://comtradeapi.un.org/public/v1/preview/C/A/HS"",""reporterCode"":704,""reporterISO"":""VNM"",""flowCode"":""X"",""cmdCode"":""090111"",""period"":""2020,2021,2022,2023,2024,2025"",""includeDesc"":true},{""endpoint"":""https://comtradeapi.un.org/public/v1/preview/C/A/HS"",""reporterCode"":76,""reporterISO"":""BRA"",""flowCode"":""X"",""cmdCode"":""090111"",""period"":""2020,2021,2022,2023,2024,2025"",""includeDesc"":true},{""endpoint"":""https://comtradeapi.un.org/public/v1/preview/C/A/HS"",""reporterCode"":360,""reporterISO"":""IDN"",""flowCode"":""X"",""cmdCode"":""090111"",""period"":""2020,2021,2022,2023,2024,2025"",""includeDesc"":true}]}",C,A,20200101,2020,76,BRA,Brazil,192,CUB,Cuba,0,W00,World,X,Export,H5,090111,Coffee; not roasted or decaffeinated,C00,TOTAL CPC,0,TOTAL MOT,8,kg,1973001,1924001,0,3297192,true,false,true,"{""typeCode"":""C"",""freqCode"":""A"",""refPeriodId"":20200101,""refYear"":2020,""refMonth"":52,""period"":""2020"",""reporterCode"":76,""reporterISO"":""BRA"",""reporterDesc"":""Brazil"",""flowCode"":""X"",""flowDesc"":""Export"",""partnerCode"":192,""partnerISO"":""CUB"",""partnerDesc"":""Cuba"",""partner2Code"":0,""partner2ISO"":""W00"",""partner2Desc"":""World"",""classificationCode"":""H5"",""classificationSearchCode"":""HS"",""isOriginalClassification"":true,""cmdCode"":""090111"",""cmdDesc"":""Coffee; not roasted or decaffeinated"",""aggrLevel"":6,""isLeaf"":true,""customsCode"":""C00"",""customsDesc"":""TOTAL CPC"",""mosCode"":""0"",""motCode"":0,""motDesc"":""TOTAL MOT"",""qtyUnitCode"":8,""qtyUnitAbbr"":""kg"",""qty"":1973001,""isQtyEstimated"":false,""altQtyUnitCode"":-1,""altQtyUnitAbbr"":""N/A"",""altQty"":0,""isAltQtyEstimated"":false,""netWgt"":1924001,""isNetWgtEstimated"":false,""grossWgt"":0,""isGrossWgtEstimated"":false,""cifvalue"":null,""fobvalue"":3297192,""primaryValue"":3297192,""legacyEstimationFlag"":0,""isReported"":false,""isAggregate"":true}"
,UN Comtrade,https://comtradeapi.un.org/public/v1/preview/C/A/HS?reporterCode=76&flowCode=X&cmdCode=090111&period=2020&includeDesc=true,2026-05-30T18:34:22.015Z,"{""reporters"":[{""endpoint"":""https://comtradeapi.un.org/public/v1/preview/C/A/HS"",""reporterCode"":704,""reporterISO"":""VNM"",""flowCode"":""X"",""cmdCode"":""090111"",""period"":""2020,2021,2022,2023,2024,2025"",""includeDesc"":true},{""endpoint"":""https://comtradeapi.un.org/public/v1/preview/C/A/HS"",""reporterCode"":76,""reporterISO"":""BRA"",""flowCode"":""X"",""cmdCode"":""090111"",""period"":""2020,2021,2022,2023,2024,2025"",""includeDesc"":true},{""endpoint"":""https://comtradeapi.un.org/public/v1/preview/C/A/HS"",""reporterCode"":360,""reporterISO"":""IDN"",""flowCode"":""X"",""cmdCode"":""090111"",""period"":""2020,2021,2022,2023,2024,2025"",""includeDesc"":true}]}",C,A,20200101,2020,76,BRA,Brazil,196,CYP,Cyprus,0,W00,World,X,Export,H5,090111,Coffee; not roasted or decaffeinated,C00,TOTAL CPC,0,TOTAL MOT,8,kg,1490038,1505308,0,2947343,true,false,true,"{""typeCode"":""C"",""freqCode"":""A"",""refPeriodId"":20200101,""refYear"":2020,""refMonth"":52,""period"":""2020"",""reporterCode"":76,""reporterISO"":""BRA"",""reporterDesc"":""Brazil"",""flowCode"":""X"",""flowDesc"":""Export"",""partnerCode"":196,""partnerISO"":""CYP"",""partnerDesc"":""Cyprus"",""partner2Code"":0,""partner2ISO"":""W00"",""partner2Desc"":""World"",""classificationCode"":""H5"",""classificationSearchCode"":""HS"",""isOriginalClassification"":true,""cmdCode"":""090111"",""cmdDesc"":""Coffee; not roasted or decaffeinated"",""aggrLevel"":6,""isLeaf"":true,""customsCode"":""C00"",""customsDesc"":""TOTAL CPC"",""mosCode"":""0"",""motCode"":0,""motDesc"":""TOTAL MOT"",""qtyUnitCode"":8,""qtyUnitAbbr"":""kg"",""qty"":1490038,""isQtyEstimated"":false,""altQtyUnitCode"":-1,""altQtyUnitAbbr"":""N/A"",""altQty"":0,""isAltQtyEstimated"":false,""netWgt"":1505308,""isNetWgtEstimated"":false,""grossWgt"":0,""isGrossWgtEstimated"":false,""cifvalue"":null,""fobvalue"":2947343,""primaryValue"":2947343,""legacyEstimationFlag"":0,""isReported"":false,""isAggregate"":true}"
,UN Comtrade,https://comtradeapi.un.org/public/v1/preview/C/A/HS?reporterCode=76&flowCode=X&cmdCode=090111&period=2020&includeDesc=true,2026-05-30T18:34:22.015Z,"{""reporters"":[{""endpoint"":""https://comtradeapi.un.org/public/v1/preview/C/A/HS"",""reporterCode"":704,""reporterISO"":""VNM"",""flowCode"":""X"",""cmdCode"":""090111"",""period"":""2020,2021,2022,2023,2024,2025"",""includeDesc"":true},{""endpoint"":""https://comtradeapi.un.org/public/v1/preview/C/A/HS"",""reporterCode"":76,""reporterISO"":""BRA"",""flowCode"":""X"",""cmdCode"":""090111"",""period"":""2020,2021,2022,2023,2024,2025"",""includeDesc"":true},{""endpoint"":""https://comtradeapi.un.org/public/v1/preview/C/A/HS"",""reporterCode"":360,""reporterISO"":""IDN"",""flowCode"":""X"",""cmdCode"":""090111"",""period"":""2020,2021,2022,2023,2024,2025"",""includeDesc"":true}]}",C,A,20200101,2020,76,BRA,Brazil,203,CZE,Czechia,0,W00,World,X,Export,H5,090111,Coffee; not roasted or decaffeinated,C00,TOTAL CPC,0,TOTAL MOT,8,kg,134000,134520,0,346021,true,false,true,"{""typeCode"":""C"",""freqCode"":""A"",""refPeriodId"":20200101,""refYear"":2020,""refMonth"":52,""period"":""2020"",""reporterCode"":76,""reporterISO"":""BRA"",""reporterDesc"":""Brazil"",""flowCode"":""X"",""flowDesc"":""Export"",""partnerCode"":203,""partnerISO"":""CZE"",""partnerDesc"":""Czechia"",""partner2Code"":0,""partner2ISO"":""W00"",""partner2Desc"":""World"",""classificationCode"":""H5"",""classificationSearchCode"":""HS"",""isOriginalClassification"":true,""cmdCode"":""090111"",""cmdDesc"":""Coffee; not roasted or decaffeinated"",""aggrLevel"":6,""isLeaf"":true,""customsCode"":""C00"",""customsDesc"":""TOTAL CPC"",""mosCode"":""0"",""motCode"":0,""motDesc"":""TOTAL MOT"",""qtyUnitCode"":8,""qtyUnitAbbr"":""kg"",""qty"":134000,""isQtyEstimated"":false,""altQtyUnitCode"":21,""altQtyUnitAbbr"":""1000 KG"",""altQty"":134,""isAltQtyEstimated"":false,""netWgt"":134520,""isNetWgtEstimated"":false,""grossWgt"":0,""isGrossWgtEstimated"":false,""cifvalue"":null,""fobvalue"":346021,""primaryValue"":346021,""legacyEstimationFlag"":0,""isReported"":false,""isAggregate"":true}"
,UN Comtrade,https://comtradeapi.un.org/public/v1/preview/C/A/HS?reporterCode=76&flowCode=X&cmdCode=090111&period=2020&includeDesc=true,2026-05-30T18:34:22.015Z,"{""reporters"":[{""endpoint"":""https://comtradeapi.un.org/public/v1/preview/C/A/HS"",""reporterCode"":704,""reporterISO"":""VNM"",""flowCode"":""X"",""cmdCode"":""090111"",""period"":""2020,2021,2022,2023,2024,2025"",""includeDesc"":true},{""endpoint"":""https://comtradeapi.un.org/public/v1/preview/C/A/HS"",""reporterCode"":76,""reporterISO"":""BRA"",""flowCode"":""X"",""cmdCode"":""090111"",""period"":""2020,2021,2022,2023,2024,2025"",""includeDesc"":true},{""endpoint"":""https://comtradeapi.un.org/public/v1/preview/C/A/HS"",""reporterCode"":360,""reporterISO"":""IDN"",""flowCode"":""X"",""cmdCode"":""090111"",""period"":""2020,2021,2022,2023,2024,2025"",""includeDesc"":true}]}",C,A,20200101,2020,76,BRA,Brazil,208,DNK,Denmark,0,W00,World,X,Export,H5,090111,Coffee; not roasted or decaffeinated,C00,TOTAL CPC,0,TOTAL MOT,8,kg,4164099,4146184,0,9402508,true,false,true,"{""typeCode"":""C"",""freqCode"":""A"",""refPeriodId"":20200101,""refYear"":2020,""refMonth"":52,""period"":""2020"",""reporterCode"":76,""reporterISO"":""BRA"",""reporterDesc"":""Brazil"",""flowCode"":""X"",""flowDesc"":""Export"",""partnerCode"":208,""partnerISO"":""DNK"",""partnerDesc"":""Denmark"",""partner2Code"":0,""partner2ISO"":""W00"",""partner2Desc"":""World"",""classificationCode"":""H5"",""classificationSearchCode"":""HS"",""isOriginalClassification"":true,""cmdCode"":""090111"",""cmdDesc"":""Coffee; not roasted or decaffeinated"",""aggrLevel"":6,""isLeaf"":true,""customsCode"":""C00"",""customsDesc"":""TOTAL CPC"",""mosCode"":""0"",""motCode"":0,""motDesc"":""TOTAL MOT"",""qtyUnitCode"":8,""qtyUnitAbbr"":""kg"",""qty"":4164099,""isQtyEstimated"":false,""altQtyUnitCode"":-1,""altQtyUnitAbbr"":""N/A"",""altQty"":0,""isAltQtyEstimated"":false,""netWgt"":4146184,""isNetWgtEstimated"":false,""grossWgt"":0,""isGrossWgtEstimated"":false,""cifvalue"":null,""fobvalue"":9402508,""primaryValue"":9402508,""legacyEstimationFlag"":0,""isReported"":false,""isAggregate"":true}"
,UN Comtrade,https://comtradeapi.un.org/public/v1/preview/C/A/HS?reporterCode=76&flowCode=X&cmdCode=090111&period=2020&includeDesc=true,2026-05-30T18:34:22.015Z,"{""reporters"":[{""endpoint"":""https://comtradeapi.un.org/public/v1/preview/C/A/HS"",""reporterCode"":704,""reporterISO"":""VNM"",""flowCode"":""X"",""cmdCode"":""090111"",""period"":""2020,2021,2022,2023,2024,2025"",""includeDesc"":true},{""endpoint"":""https://comtradeapi.un.org/public/v1/preview/C/A/HS"",""reporterCode"":76,""reporterISO"":""BRA"",""flowCode"":""X"",""cmdCode"":""090111"",""period"":""2020,2021,2022,2023,2024,2025"",""includeDesc"":true},{""endpoint"":""https://comtradeapi.un.org/public/v1/preview/C/A/HS"",""reporterCode"":360,""reporterISO"":""IDN"",""flowCode"":""X"",""cmdCode"":""090111"",""period"":""2020,2021,2022,2023,2024,2025"",""includeDesc"":true}]}",C,A,20200101,2020,76,BRA,Brazil,214,DOM,Dominican Rep.,0,W00,World,X,Export,H5,090111,Coffee; not roasted or decaffeinated,C00,TOTAL CPC,0,TOTAL MOT,8,kg,162891800,4680800,0,9634566,true,false,true,"{""typeCode"":""C"",""freqCode"":""A"",""refPeriodId"":20200101,""refYear"":2020,""refMonth"":52,""period"":""2020"",""reporterCode"":76,""reporterISO"":""BRA"",""reporterDesc"":""Brazil"",""flowCode"":""X"",""flowDesc"":""Export"",""partnerCode"":214,""partnerISO"":""DOM"",""partnerDesc"":""Dominican Rep."",""partner2Code"":0,""partner2ISO"":""W00"",""partner2Desc"":""World"",""classificationCode"":""H5"",""classificationSearchCode"":""HS"",""isOriginalClassification"":true,""cmdCode"":""090111"",""cmdDesc"":""Coffee; not roasted or decaffeinated"",""aggrLevel"":6,""isLeaf"":true,""customsCode"":""C00"",""customsDesc"":""TOTAL CPC"",""mosCode"":""0"",""motCode"":0,""motDesc"":""TOTAL MOT"",""qtyUnitCode"":8,""qtyUnitAbbr"":""kg"",""qty"":162891800,""isQtyEstimated"":false,""altQtyUnitCode"":21,""altQtyUnitAbbr"":""1000 KG"",""altQty"":215639,""isAltQtyEstimated"":false,""netWgt"":4680800,""isNetWgtEstimated"":false,""grossWgt"":0,""isGrossWgtEstimated"":false,""cifvalue"":null,""fobvalue"":9634566,""primaryValue"":9634566,""legacyEstimationFlag"":0,""isReported"":false,""isAggregate"":true}"
,UN Comtrade,https://comtradeapi.un.org/public/v1/preview/C/A/HS?reporterCode=76&flowCode=X&cmdCode=090111&period=2020&includeDesc=true,2026-05-30T18:34:22.015Z,"{""reporters"":[{""endpoint"":""https://comtradeapi.un.org/public/v1/preview/C/A/HS"",""reporterCode"":704,""reporterISO"":""VNM"",""flowCode"":""X"",""cmdCode"":""090111"",""period"":""2020,2021,2022,2023,2024,2025"",""includeDesc"":true},{""endpoint"":""https://comtradeapi.un.org/public/v1/preview/C/A/HS"",""reporterCode"":76,""reporterISO"":""BRA"",""flowCode"":""X"",""cmdCode"":""090111"",""period"":""2020,2021,2022,2023,2024,2025"",""includeDesc"":true},{""endpoint"":""https://comtradeapi.un.org/public/v1/preview/C/A/HS"",""reporterCode"":360,""reporterISO"":""IDN"",""flowCode"":""X"",""cmdCode"":""090111"",""period"":""2020,2021,2022,2023,2024,2025"",""includeDesc"":true}]}",C,A,20200101,2020,76,BRA,Brazil,218,ECU,Ecuador,0,W00,World,X,Export,H5,090111,Coffee; not roasted or decaffeinated,C00,TOTAL CPC,0,TOTAL MOT,8,kg,5192000,5196800,0,6409826,true,false,true,"{""typeCode"":""C"",""freqCode"":""A"",""refPeriodId"":20200101,""refYear"":2020,""refMonth"":52,""period"":""2020"",""reporterCode"":76,""reporterISO"":""BRA"",""reporterDesc"":""Brazil"",""flowCode"":""X"",""flowDesc"":""Export"",""partnerCode"":218,""partnerISO"":""ECU"",""partnerDesc"":""Ecuador"",""partner2Code"":0,""partner2ISO"":""W00"",""partner2Desc"":""World"",""classificationCode"":""H5"",""classificationSearchCode"":""HS"",""isOriginalClassification"":true,""cmdCode"":""090111"",""cmdDesc"":""Coffee; not roasted or decaffeinated"",""aggrLevel"":6,""isLeaf"":true,""customsCode"":""C00"",""customsDesc"":""TOTAL CPC"",""mosCode"":""0"",""motCode"":0,""motDesc"":""TOTAL MOT"",""qtyUnitCode"":8,""qtyUnitAbbr"":""kg"",""qty"":5192000,""isQtyEstimated"":false,""altQtyUnitCode"":21,""altQtyUnitAbbr"":""1000 KG"",""altQty"":5192,""isAltQtyEstimated"":false,""netWgt"":5196800,""isNetWgtEstimated"":false,""grossWgt"":0,""isGrossWgtEstimated"":false,""cifvalue"":null,""fobvalue"":6409826,""primaryValue"":6409826,""legacyEstimationFlag"":0,""isReported"":false,""isAggregate"":true}"
,UN Comtrade,https://comtradeapi.un.org/public/v1/preview/C/A/HS?reporterCode=76&flowCode=X&cmdCode=090111&period=2020&includeDesc=true,2026-05-30T18:34:22.015Z,"{""reporters"":[{""endpoint"":""https://comtradeapi.un.org/public/v1/preview/C/A/HS"",""reporterCode"":704,""reporterISO"":""VNM"",""flowCode"":""X"",""cmdCode"":""090111"",""period"":""2020,2021,2022,2023,2024,2025"",""includeDesc"":true},{""endpoint"":""https://comtradeapi.un.org/public/v1/preview/C/A/HS"",""reporterCode"":76,""reporterISO"":""BRA"",""flowCode"":""X"",""cmdCode"":""090111"",""period"":""2020,2021,2022,2023,2024,2025"",""includeDesc"":true},{""endpoint"":""https://comtradeapi.un.org/public/v1/preview/C/A/HS"",""reporterCode"":360,""reporterISO"":""IDN"",""flowCode"":""X"",""cmdCode"":""090111"",""period"":""2020,2021,2022,2023,2024,2025"",""includeDesc"":true}]}",C,A,20200101,2020,76,BRA,Brazil,233,EST,Estonia,0,W00,World,X,Export,H5,090111,Coffee; not roasted or decaffeinated,C00,TOTAL CPC,0,TOTAL MOT,8,kg,474000,471175,0,809253,true,false,true,"{""typeCode"":""C"",""freqCode"":""A"",""refPeriodId"":20200101,""refYear"":2020,""refMonth"":52,""period"":""2020"",""reporterCode"":76,""reporterISO"":""BRA"",""reporterDesc"":""Brazil"",""flowCode"":""X"",""flowDesc"":""Export"",""partnerCode"":233,""partnerISO"":""EST"",""partnerDesc"":""Estonia"",""partner2Code"":0,""partner2ISO"":""W00"",""partner2Desc"":""World"",""classificationCode"":""H5"",""classificationSearchCode"":""HS"",""isOriginalClassification"":true,""cmdCode"":""090111"",""cmdDesc"":""Coffee; not roasted or decaffeinated"",""aggrLevel"":6,""isLeaf"":true,""customsCode"":""C00"",""customsDesc"":""TOTAL CPC"",""mosCode"":""0"",""motCode"":0,""motDesc"":""TOTAL MOT"",""qtyUnitCode"":8,""qtyUnitAbbr"":""kg"",""qty"":474000,""isQtyEstimated"":false,""altQtyUnitCode"":21,""altQtyUnitAbbr"":""1000 KG"",""altQty"":474,""isAltQtyEstimated"":false,""netWgt"":471175,""isNetWgtEstimated"":false,""grossWgt"":0,""isGrossWgtEstimated"":false,""cifvalue"":null,""fobvalue"":809253,""primaryValue"":809253,""legacyEstimationFlag"":0,""isReported"":false,""isAggregate"":true}"
,UN Comtrade,https://comtradeapi.un.org/public/v1/preview/C/A/HS?reporterCode=76&flowCode=X&cmdCode=090111&period=2020&includeDesc=true,2026-05-30T18:34:22.015Z,"{""reporters"":[{""endpoint"":""https://comtradeapi.un.org/public/v1/preview/C/A/HS"",""reporterCode"":704,""reporterISO"":""VNM"",""flowCode"":""X"",""cmdCode"":""090111"",""period"":""2020,2021,2022,2023,2024,2025"",""includeDesc"":true},{""endpoint"":""https://comtradeapi.un.org/public/v1/preview/C/A/HS"",""reporterCode"":76,""reporterISO"":""BRA"",""flowCode"":""X"",""cmdCode"":""090111"",""period"":""2020,2021,2022,2023,2024,2025"",""includeDesc"":true},{""endpoint"":""https://comtradeapi.un.org/public/v1/preview/C/A/HS"",""reporterCode"":360,""reporterISO"":""IDN"",""flowCode"":""X"",""cmdCode"":""090111"",""period"":""2020,2021,2022,2023,2024,2025"",""includeDesc"":true}]}",C,A,20200101,2020,76,BRA,Brazil,246,FIN,Finland,0,W00,World,X,Export,H5,090111,Coffee; not roasted or decaffeinated,C00,TOTAL CPC,0,TOTAL MOT,8,kg,84826000,27075330,0,66103206,true,false,true,"{""typeCode"":""C"",""freqCode"":""A"",""refPeriodId"":20200101,""refYear"":2020,""refMonth"":52,""period"":""2020"",""reporterCode"":76,""reporterISO"":""BRA"",""reporterDesc"":""Brazil"",""flowCode"":""X"",""flowDesc"":""Export"",""partnerCode"":246,""partnerISO"":""FIN"",""partnerDesc"":""Finland"",""partner2Code"":0,""partner2ISO"":""W00"",""partner2Desc"":""World"",""classificationCode"":""H5"",""classificationSearchCode"":""HS"",""isOriginalClassification"":true,""cmdCode"":""090111"",""cmdDesc"":""Coffee; not roasted or decaffeinated"",""aggrLevel"":6,""isLeaf"":true,""customsCode"":""C00"",""customsDesc"":""TOTAL CPC"",""mosCode"":""0"",""motCode"":0,""motDesc"":""TOTAL MOT"",""qtyUnitCode"":8,""qtyUnitAbbr"":""kg"",""qty"":84826000,""isQtyEstimated"":false,""altQtyUnitCode"":21,""altQtyUnitAbbr"":""1000 KG"",""altQty"":84826,""isAltQtyEstimated"":false,""netWgt"":27075330,""isNetWgtEstimated"":false,""grossWgt"":0,""isGrossWgtEstimated"":false,""cifvalue"":null,""fobvalue"":66103206,""primaryValue"":66103206,""legacyEstimationFlag"":0,""isReported"":false,""isAggregate"":true}"
,UN Comtrade,https://comtradeapi.un.org/public/v1/preview/C/A/HS?reporterCode=76&flowCode=X&cmdCode=090111&period=2020&includeDesc=true,2026-05-30T18:34:22.015Z,"{""reporters"":[{""endpoint"":""https://comtradeapi.un.org/public/v1/preview/C/A/HS"",""reporterCode"":704,""reporterISO"":""VNM"",""flowCode"":""X"",""cmdCode"":""090111"",""period"":""2020,2021,2022,2023,2024,2025"",""includeDesc"":true},{""endpoint"":""https://comtradeapi.un.org/public/v1/preview/C/A/HS"",""reporterCode"":76,""reporterISO"":""BRA"",""flowCode"":""X"",""cmdCode"":""090111"",""period"":""2020,2021,2022,2023,2024,2025"",""includeDesc"":true},{""endpoint"":""https://comtradeapi.un.org/public/v1/preview/C/A/HS"",""reporterCode"":360,""reporterISO"":""IDN"",""flowCode"":""X"",""cmdCode"":""090111"",""period"":""2020,2021,2022,2023,2024,2025"",""includeDesc"":true}]}",C,A,20200101,2020,76,BRA,Brazil,251,FRA,France,0,W00,World,X,Export,H5,090111,Coffee; not roasted or decaffeinated,C00,TOTAL CPC,0,TOTAL MOT,8,kg,54199000,49754211,0,104674292,true,false,true,"{""typeCode"":""C"",""freqCode"":""A"",""refPeriodId"":20200101,""refYear"":2020,""refMonth"":52,""period"":""2020"",""reporterCode"":76,""reporterISO"":""BRA"",""reporterDesc"":""Brazil"",""flowCode"":""X"",""flowDesc"":""Export"",""partnerCode"":251,""partnerISO"":""FRA"",""partnerDesc"":""France"",""partner2Code"":0,""partner2ISO"":""W00"",""partner2Desc"":""World"",""classificationCode"":""H5"",""classificationSearchCode"":""HS"",""isOriginalClassification"":true,""cmdCode"":""090111"",""cmdDesc"":""Coffee; not roasted or decaffeinated"",""aggrLevel"":6,""isLeaf"":true,""customsCode"":""C00"",""customsDesc"":""TOTAL CPC"",""mosCode"":""0"",""motCode"":0,""motDesc"":""TOTAL MOT"",""qtyUnitCode"":8,""qtyUnitAbbr"":""kg"",""qty"":54199000,""isQtyEstimated"":false,""altQtyUnitCode"":21,""altQtyUnitAbbr"":""1000 KG"",""altQty"":54199,""isAltQtyEstimated"":false,""netWgt"":49754211,""isNetWgtEstimated"":false,""grossWgt"":0,""isGrossWgtEstimated"":false,""cifvalue"":null,""fobvalue"":104674292,""primaryValue"":104674292,""legacyEstimationFlag"":0,""isReported"":false,""isAggregate"":true}"
,UN Comtrade,https://comtradeapi.un.org/public/v1/preview/C/A/HS?reporterCode=76&flowCode=X&cmdCode=090111&period=2020&includeDesc=true,2026-05-30T18:34:22.015Z,"{""reporters"":[{""endpoint"":""https://comtradeapi.un.org/public/v1/preview/C/A/HS"",""reporterCode"":704,""reporterISO"":""VNM"",""flowCode"":""X"",""cmdCode"":""090111"",""period"":""2020,2021,2022,2023,2024,2025"",""includeDesc"":true},{""endpoint"":""https://comtradeapi.un.org/public/v1/preview/C/A/HS"",""reporterCode"":76,""reporterISO"":""BRA"",""flowCode"":""X"",""cmdCode"":""090111"",""period"":""2020,2021,2022,2023,2024,2025"",""includeDesc"":true},{""endpoint"":""https://comtradeapi.un.org/public/v1/preview/C/A/HS"",""reporterCode"":360,""reporterISO"":""IDN"",""flowCode"":""X"",""cmdCode"":""090111"",""period"":""2020,2021,2022,2023,2024,2025"",""includeDesc"":true}]}",C,A,20200101,2020,76,BRA,Brazil,268,GEO,Georgia,0,W00,World,X,Export,H5,090111,Coffee; not roasted or decaffeinated,C00,TOTAL CPC,0,TOTAL MOT,8,kg,152000,153600,0,255070,true,false,true,"{""typeCode"":""C"",""freqCode"":""A"",""refPeriodId"":20200101,""refYear"":2020,""refMonth"":52,""period"":""2020"",""reporterCode"":76,""reporterISO"":""BRA"",""reporterDesc"":""Brazil"",""flowCode"":""X"",""flowDesc"":""Export"",""partnerCode"":268,""partnerISO"":""GEO"",""partnerDesc"":""Georgia"",""partner2Code"":0,""partner2ISO"":""W00"",""partner2Desc"":""World"",""classificationCode"":""H5"",""classificationSearchCode"":""HS"",""isOriginalClassification"":true,""cmdCode"":""090111"",""cmdDesc"":""Coffee; not roasted or decaffeinated"",""aggrLevel"":6,""isLeaf"":true,""customsCode"":""C00"",""customsDesc"":""TOTAL CPC"",""mosCode"":""0"",""motCode"":0,""motDesc"":""TOTAL MOT"",""qtyUnitCode"":8,""qtyUnitAbbr"":""kg"",""qty"":152000,""isQtyEstimated"":false,""altQtyUnitCode"":21,""altQtyUnitAbbr"":""1000 KG"",""altQty"":152,""isAltQtyEstimated"":false,""netWgt"":153600,""isNetWgtEstimated"":false,""grossWgt"":0,""isGrossWgtEstimated"":false,""cifvalue"":null,""fobvalue"":255070,""primaryValue"":255070,""legacyEstimationFlag"":0,""isReported"":false,""isAggregate"":true}"
,UN Comtrade,https://comtradeapi.un.org/public/v1/preview/C/A/HS?reporterCode=76&flowCode=X&cmdCode=090111&period=2020&includeDesc=true,2026-05-30T18:34:22.015Z,"{""reporters"":[{""endpoint"":""https://comtradeapi.un.org/public/v1/preview/C/A/HS"",""reporterCode"":704,""reporterISO"":""VNM"",""flowCode"":""X"",""cmdCode"":""090111"",""period"":""2020,2021,2022,2023,2024,2025"",""includeDesc"":true},{""endpoint"":""https://comtradeapi.un.org/public/v1/preview/C/A/HS"",""reporterCode"":76,""reporterISO"":""BRA"",""flowCode"":""X"",""cmdCode"":""090111"",""period"":""2020,2021,2022,2023,2024,2025"",""includeDesc"":true},{""endpoint"":""https://comtradeapi.un.org/public/v1/preview/C/A/HS"",""reporterCode"":360,""reporterISO"":""IDN"",""flowCode"":""X"",""cmdCode"":""090111"",""period"":""2020,2021,2022,2023,2024,2025"",""includeDesc"":true}]}",C,A,20200101,2020,76,BRA,Brazil,276,DEU,Germany,0,W00,World,X,Export,H5,090111,Coffee; not roasted or decaffeinated,C00,TOTAL CPC,0,TOTAL MOT,8,kg,1323002113,441014057,0,965856265,true,false,true,"{""typeCode"":""C"",""freqCode"":""A"",""refPeriodId"":20200101,""refYear"":2020,""refMonth"":52,""period"":""2020"",""reporterCode"":76,""reporterISO"":""BRA"",""reporterDesc"":""Brazil"",""flowCode"":""X"",""flowDesc"":""Export"",""partnerCode"":276,""partnerISO"":""DEU"",""partnerDesc"":""Germany"",""partner2Code"":0,""partner2ISO"":""W00"",""partner2Desc"":""World"",""classificationCode"":""H5"",""classificationSearchCode"":""HS"",""isOriginalClassification"":true,""cmdCode"":""090111"",""cmdDesc"":""Coffee; not roasted or decaffeinated"",""aggrLevel"":6,""isLeaf"":true,""customsCode"":""C00"",""customsDesc"":""TOTAL CPC"",""mosCode"":""0"",""motCode"":0,""motDesc"":""TOTAL MOT"",""qtyUnitCode"":8,""qtyUnitAbbr"":""kg"",""qty"":1323002113,""isQtyEstimated"":false,""altQtyUnitCode"":-1,""altQtyUnitAbbr"":""N/A"",""altQty"":0,""isAltQtyEstimated"":false,""netWgt"":441014057,""isNetWgtEstimated"":false,""grossWgt"":0,""isGrossWgtEstimated"":false,""cifvalue"":null,""fobvalue"":965856265,""primaryValue"":965856265,""legacyEstimationFlag"":0,""isReported"":false,""isAggregate"":true}"
,UN Comtrade,https://comtradeapi.un.org/public/v1/preview/C/A/HS?reporterCode=76&flowCode=X&cmdCode=090111&period=2020&includeDesc=true,2026-05-30T18:34:22.015Z,"{""reporters"":[{""endpoint"":""https://comtradeapi.un.org/public/v1/preview/C/A/HS"",""reporterCode"":704,""reporterISO"":""VNM"",""flowCode"":""X"",""cmdCode"":""090111"",""period"":""2020,2021,2022,2023,2024,2025"",""includeDesc"":true},{""endpoint"":""https://comtradeapi.un.org/public/v1/preview/C/A/HS"",""reporterCode"":76,""reporterISO"":""BRA"",""flowCode"":""X"",""cmdCode"":""090111"",""period"":""2020,2021,2022,2023,2024,2025"",""includeDesc"":true},{""endpoint"":""https://comtradeapi.un.org/public/v1/preview/C/A/HS"",""reporterCode"":360,""reporterISO"":""IDN"",""flowCode"":""X"",""cmdCode"":""090111"",""period"":""2020,2021,2022,2023,2024,2025"",""includeDesc"":true}]}",C,A,20200101,2020,76,BRA,Brazil,300,GRC,Greece,0,W00,World,X,Export,H5,090111,Coffee; not roasted or decaffeinated,C00,TOTAL CPC,0,TOTAL MOT,8,kg,39785305.541,31900915.541,0,63641339,true,false,true,"{""typeCode"":""C"",""freqCode"":""A"",""refPeriodId"":20200101,""refYear"":2020,""refMonth"":52,""period"":""2020"",""reporterCode"":76,""reporterISO"":""BRA"",""reporterDesc"":""Brazil"",""flowCode"":""X"",""flowDesc"":""Export"",""partnerCode"":300,""partnerISO"":""GRC"",""partnerDesc"":""Greece"",""partner2Code"":0,""partner2ISO"":""W00"",""partner2Desc"":""World"",""classificationCode"":""H5"",""classificationSearchCode"":""HS"",""isOriginalClassification"":true,""cmdCode"":""090111"",""cmdDesc"":""Coffee; not roasted or decaffeinated"",""aggrLevel"":6,""isLeaf"":true,""customsCode"":""C00"",""customsDesc"":""TOTAL CPC"",""mosCode"":""0"",""motCode"":0,""motDesc"":""TOTAL MOT"",""qtyUnitCode"":8,""qtyUnitAbbr"":""kg"",""qty"":39785305.541,""isQtyEstimated"":true,""altQtyUnitCode"":-1,""altQtyUnitAbbr"":""N/A"",""altQty"":0,""isAltQtyEstimated"":false,""netWgt"":31900915.541,""isNetWgtEstimated"":true,""grossWgt"":0,""isGrossWgtEstimated"":false,""cifvalue"":null,""fobvalue"":63641339,""primaryValue"":63641339,""legacyEstimationFlag"":6,""isReported"":false,""isAggregate"":true}"
,UN Comtrade,https://comtradeapi.un.org/public/v1/preview/C/A/HS?reporterCode=76&flowCode=X&cmdCode=090111&period=2020&includeDesc=true,2026-05-30T18:34:22.015Z,"{""reporters"":[{""endpoint"":""https://comtradeapi.un.org/public/v1/preview/C/A/HS"",""reporterCode"":704,""reporterISO"":""VNM"",""flowCode"":""X"",""cmdCode"":""090111"",""period"":""2020,2021,2022,2023,2024,2025"",""includeDesc"":true},{""endpoint"":""https://comtradeapi.un.org/public/v1/preview/C/A/HS"",""reporterCode"":76,""reporterISO"":""BRA"",""flowCode"":""X"",""cmdCode"":""090111"",""period"":""2020,2021,2022,2023,2024,2025"",""includeDesc"":true},{""endpoint"":""https://comtradeapi.un.org/public/v1/preview/C/A/HS"",""reporterCode"":360,""reporterISO"":""IDN"",""flowCode"":""X"",""cmdCode"":""090111"",""period"":""2020,2021,2022,2023,2024,2025"",""includeDesc"":true}]}",C,A,20200101,2020,76,BRA,Brazil,320,GTM,Guatemala,0,W00,World,X,Export,H5,090111,Coffee; not roasted or decaffeinated,C00,TOTAL CPC,0,TOTAL MOT,8,kg,500,500,0,9738,true,false,true,"{""typeCode"":""C"",""freqCode"":""A"",""refPeriodId"":20200101,""refYear"":2020,""refMonth"":52,""period"":""2020"",""reporterCode"":76,""reporterISO"":""BRA"",""reporterDesc"":""Brazil"",""flowCode"":""X"",""flowDesc"":""Export"",""partnerCode"":320,""partnerISO"":""GTM"",""partnerDesc"":""Guatemala"",""partner2Code"":0,""partner2ISO"":""W00"",""partner2Desc"":""World"",""classificationCode"":""H5"",""classificationSearchCode"":""HS"",""isOriginalClassification"":true,""cmdCode"":""090111"",""cmdDesc"":""Coffee; not roasted or decaffeinated"",""aggrLevel"":6,""isLeaf"":true,""customsCode"":""C00"",""customsDesc"":""TOTAL CPC"",""mosCode"":""0"",""motCode"":0,""motDesc"":""TOTAL MOT"",""qtyUnitCode"":8,""qtyUnitAbbr"":""kg"",""qty"":500,""isQtyEstimated"":false,""altQtyUnitCode"":8,""altQtyUnitAbbr"":""kg"",""altQty"":500,""isAltQtyEstimated"":false,""netWgt"":500,""isNetWgtEstimated"":false,""grossWgt"":0,""isGrossWgtEstimated"":false,""cifvalue"":null,""fobvalue"":9738,""primaryValue"":9738,""legacyEstimationFlag"":0,""isReported"":false,""isAggregate"":true}"
,UN Comtrade,https://comtradeapi.un.org/public/v1/preview/C/A/HS?reporterCode=76&flowCode=X&cmdCode=090111&period=2020&includeDesc=true,2026-05-30T18:34:22.015Z,"{""reporters"":[{""endpoint"":""https://comtradeapi.un.org/public/v1/preview/C/A/HS"",""reporterCode"":704,""reporterISO"":""VNM"",""flowCode"":""X"",""cmdCode"":""090111"",""period"":""2020,2021,2022,2023,2024,2025"",""includeDesc"":true},{""endpoint"":""https://comtradeapi.un.org/public/v1/preview/C/A/HS"",""reporterCode"":76,""reporterISO"":""BRA"",""flowCode"":""X"",""cmdCode"":""090111"",""period"":""2020,2021,2022,2023,2024,2025"",""includeDesc"":true},{""endpoint"":""https://comtradeapi.un.org/public/v1/preview/C/A/HS"",""reporterCode"":360,""reporterISO"":""IDN"",""flowCode"":""X"",""cmdCode"":""090111"",""period"":""2020,2021,2022,2023,2024,2025"",""includeDesc"":true}]}",C,A,20200101,2020,76,BRA,Brazil,344,HKG,"China, Hong Kong SAR",0,W00,World,X,Export,H5,090111,Coffee; not roasted or decaffeinated,C00,TOTAL CPC,0,TOTAL MOT,8,kg,3666962,819480,0,1924925,true,false,true,"{""typeCode"":""C"",""freqCode"":""A"",""refPeriodId"":20200101,""refYear"":2020,""refMonth"":52,""period"":""2020"",""reporterCode"":76,""reporterISO"":""BRA"",""reporterDesc"":""Brazil"",""flowCode"":""X"",""flowDesc"":""Export"",""partnerCode"":344,""partnerISO"":""HKG"",""partnerDesc"":""China, Hong Kong SAR"",""partner2Code"":0,""partner2ISO"":""W00"",""partner2Desc"":""World"",""classificationCode"":""H5"",""classificationSearchCode"":""HS"",""isOriginalClassification"":true,""cmdCode"":""090111"",""cmdDesc"":""Coffee; not roasted or decaffeinated"",""aggrLevel"":6,""isLeaf"":true,""customsCode"":""C00"",""customsDesc"":""TOTAL CPC"",""mosCode"":""0"",""motCode"":0,""motDesc"":""TOTAL MOT"",""qtyUnitCode"":8,""qtyUnitAbbr"":""kg"",""qty"":3666962,""isQtyEstimated"":false,""altQtyUnitCode"":-1,""altQtyUnitAbbr"":""N/A"",""altQty"":0,""isAltQtyEstimated"":false,""netWgt"":819480,""isNetWgtEstimated"":false,""grossWgt"":0,""isGrossWgtEstimated"":false,""cifvalue"":null,""fobvalue"":1924925,""primaryValue"":1924925,""legacyEstimationFlag"":0,""isReported"":false,""isAggregate"":true}"
,UN Comtrade,https://comtradeapi.un.org/public/v1/preview/C/A/HS?reporterCode=76&flowCode=X&cmdCode=090111&period=2020&includeDesc=true,2026-05-30T18:34:22.015Z,"{""reporters"":[{""endpoint"":""https://comtradeapi.un.org/public/v1/preview/C/A/HS"",""reporterCode"":704,""reporterISO"":""VNM"",""flowCode"":""X"",""cmdCode"":""090111"",""period"":""2020,2021,2022,2023,2024,2025"",""includeDesc"":true},{""endpoint"":""https://comtradeapi.un.org/public/v1/preview/C/A/HS"",""reporterCode"":76,""reporterISO"":""BRA"",""flowCode"":""X"",""cmdCode"":""090111"",""period"":""2020,2021,2022,2023,2024,2025"",""includeDesc"":true},{""endpoint"":""https://comtradeapi.un.org/public/v1/preview/C/A/HS"",""reporterCode"":360,""reporterISO"":""IDN"",""flowCode"":""X"",""cmdCode"":""090111"",""period"":""2020,2021,2022,2023,2024,2025"",""includeDesc"":true}]}",C,A,20200101,2020,76,BRA,Brazil,352,ISL,Iceland,0,W00,World,X,Export,H5,090111,Coffee; not roasted or decaffeinated,C00,TOTAL CPC,0,TOTAL MOT,8,kg,357000,357239,0,853082,true,false,true,"{""typeCode"":""C"",""freqCode"":""A"",""refPeriodId"":20200101,""refYear"":2020,""refMonth"":52,""period"":""2020"",""reporterCode"":76,""reporterISO"":""BRA"",""reporterDesc"":""Brazil"",""flowCode"":""X"",""flowDesc"":""Export"",""partnerCode"":352,""partnerISO"":""ISL"",""partnerDesc"":""Iceland"",""partner2Code"":0,""partner2ISO"":""W00"",""partner2Desc"":""World"",""classificationCode"":""H5"",""classificationSearchCode"":""HS"",""isOriginalClassification"":true,""cmdCode"":""090111"",""cmdDesc"":""Coffee; not roasted or decaffeinated"",""aggrLevel"":6,""isLeaf"":true,""customsCode"":""C00"",""customsDesc"":""TOTAL CPC"",""mosCode"":""0"",""motCode"":0,""motDesc"":""TOTAL MOT"",""qtyUnitCode"":8,""qtyUnitAbbr"":""kg"",""qty"":357000,""isQtyEstimated"":false,""altQtyUnitCode"":21,""altQtyUnitAbbr"":""1000 KG"",""altQty"":357,""isAltQtyEstimated"":false,""netWgt"":357239,""isNetWgtEstimated"":false,""grossWgt"":0,""isGrossWgtEstimated"":false,""cifvalue"":null,""fobvalue"":853082,""primaryValue"":853082,""legacyEstimationFlag"":0,""isReported"":false,""isAggregate"":true}"
,UN Comtrade,https://comtradeapi.un.org/public/v1/preview/C/A/HS?reporterCode=76&flowCode=X&cmdCode=090111&period=2020&includeDesc=true,2026-05-30T18:34:22.015Z,"{""reporters"":[{""endpoint"":""https://comtradeapi.un.org/public/v1/preview/C/A/HS"",""reporterCode"":704,""reporterISO"":""VNM"",""flowCode"":""X"",""cmdCode"":""090111"",""period"":""2020,2021,2022,2023,2024,2025"",""includeDesc"":true},{""endpoint"":""https://comtradeapi.un.org/public/v1/preview/C/A/HS"",""reporterCode"":76,""reporterISO"":""BRA"",""flowCode"":""X"",""cmdCode"":""090111"",""period"":""2020,2021,2022,2023,2024,2025"",""includeDesc"":true},{""endpoint"":""https://comtradeapi.un.org/public/v1/preview/C/A/HS"",""reporterCode"":360,""reporterISO"":""IDN"",""flowCode"":""X"",""cmdCode"":""090111"",""period"":""2020,2021,2022,2023,2024,2025"",""includeDesc"":true}]}",C,A,20200101,2020,76,BRA,Brazil,360,IDN,Indonesia,0,W00,World,X,Export,H5,090111,Coffee; not roasted or decaffeinated,C00,TOTAL CPC,0,TOTAL MOT,8,kg,44965135,4900225,0,11253752,true,false,true,"{""typeCode"":""C"",""freqCode"":""A"",""refPeriodId"":20200101,""refYear"":2020,""refMonth"":52,""period"":""2020"",""reporterCode"":76,""reporterISO"":""BRA"",""reporterDesc"":""Brazil"",""flowCode"":""X"",""flowDesc"":""Export"",""partnerCode"":360,""partnerISO"":""IDN"",""partnerDesc"":""Indonesia"",""partner2Code"":0,""partner2ISO"":""W00"",""partner2Desc"":""World"",""classificationCode"":""H5"",""classificationSearchCode"":""HS"",""isOriginalClassification"":true,""cmdCode"":""090111"",""cmdDesc"":""Coffee; not roasted or decaffeinated"",""aggrLevel"":6,""isLeaf"":true,""customsCode"":""C00"",""customsDesc"":""TOTAL CPC"",""mosCode"":""0"",""motCode"":0,""motDesc"":""TOTAL MOT"",""qtyUnitCode"":8,""qtyUnitAbbr"":""kg"",""qty"":44965135,""isQtyEstimated"":false,""altQtyUnitCode"":21,""altQtyUnitAbbr"":""1000 KG"",""altQty"":84885,""isAltQtyEstimated"":false,""netWgt"":4900225,""isNetWgtEstimated"":false,""grossWgt"":0,""isGrossWgtEstimated"":false,""cifvalue"":null,""fobvalue"":11253752,""primaryValue"":11253752,""legacyEstimationFlag"":0,""isReported"":false,""isAggregate"":true}"
,UN Comtrade,https://comtradeapi.un.org/public/v1/preview/C/A/HS?reporterCode=76&flowCode=X&cmdCode=090111&period=2020&includeDesc=true,2026-05-30T18:34:22.015Z,"{""reporters"":[{""endpoint"":""https://comtradeapi.un.org/public/v1/preview/C/A/HS"",""reporterCode"":704,""reporterISO"":""VNM"",""flowCode"":""X"",""cmdCode"":""090111"",""period"":""2020,2021,2022,2023,2024,2025"",""includeDesc"":true},{""endpoint"":""https://comtradeapi.un.org/public/v1/preview/C/A/HS"",""reporterCode"":76,""reporterISO"":""BRA"",""flowCode"":""X"",""cmdCode"":""090111"",""period"":""2020,2021,2022,2023,2024,2025"",""includeDesc"":true},{""endpoint"":""https://comtradeapi.un.org/public/v1/preview/C/A/HS"",""reporterCode"":360,""reporterISO"":""IDN"",""flowCode"":""X"",""cmdCode"":""090111"",""period"":""2020,2021,2022,2023,2024,2025"",""includeDesc"":true}]}",C,A,20200101,2020,76,BRA,Brazil,364,IRN,Iran,0,W00,World,X,Export,H5,090111,Coffee; not roasted or decaffeinated,C00,TOTAL CPC,0,TOTAL MOT,8,kg,97000,96000,0,205623,true,false,true,"{""typeCode"":""C"",""freqCode"":""A"",""refPeriodId"":20200101,""refYear"":2020,""refMonth"":52,""period"":""2020"",""reporterCode"":76,""reporterISO"":""BRA"",""reporterDesc"":""Brazil"",""flowCode"":""X"",""flowDesc"":""Export"",""partnerCode"":364,""partnerISO"":""IRN"",""partnerDesc"":""Iran"",""partner2Code"":0,""partner2ISO"":""W00"",""partner2Desc"":""World"",""classificationCode"":""H5"",""classificationSearchCode"":""HS"",""isOriginalClassification"":true,""cmdCode"":""090111"",""cmdDesc"":""Coffee; not roasted or decaffeinated"",""aggrLevel"":6,""isLeaf"":true,""customsCode"":""C00"",""customsDesc"":""TOTAL CPC"",""mosCode"":""0"",""motCode"":0,""motDesc"":""TOTAL MOT"",""qtyUnitCode"":8,""qtyUnitAbbr"":""kg"",""qty"":97000,""isQtyEstimated"":false,""altQtyUnitCode"":21,""altQtyUnitAbbr"":""1000 KG"",""altQty"":97,""isAltQtyEstimated"":false,""netWgt"":96000,""isNetWgtEstimated"":false,""grossWgt"":0,""isGrossWgtEstimated"":false,""cifvalue"":null,""fobvalue"":205623,""primaryValue"":205623,""legacyEstimationFlag"":0,""isReported"":false,""isAggregate"":true}"
,UN Comtrade,https://comtradeapi.un.org/public/v1/preview/C/A/HS?reporterCode=76&flowCode=X&cmdCode=090111&period=2020&includeDesc=true,2026-05-30T18:34:22.015Z,"{""reporters"":[{""endpoint"":""https://comtradeapi.un.org/public/v1/preview/C/A/HS"",""reporterCode"":704,""reporterISO"":""VNM"",""flowCode"":""X"",""cmdCode"":""090111"",""period"":""2020,2021,2022,2023,2024,2025"",""includeDesc"":true},{""endpoint"":""https://comtradeapi.un.org/public/v1/preview/C/A/HS"",""reporterCode"":76,""reporterISO"":""BRA"",""flowCode"":""X"",""cmdCode"":""090111"",""period"":""2020,2021,2022,2023,2024,2025"",""includeDesc"":true},{""endpoint"":""https://comtradeapi.un.org/public/v1/preview/C/A/HS"",""reporterCode"":360,""reporterISO"":""IDN"",""flowCode"":""X"",""cmdCode"":""090111"",""period"":""2020,2021,2022,2023,2024,2025"",""includeDesc"":true}]}",C,A,20200101,2020,76,BRA,Brazil,368,IRQ,Iraq,0,W00,World,X,Export,H5,090111,Coffee; not roasted or decaffeinated,C00,TOTAL CPC,0,TOTAL MOT,8,kg,123000,124800,0,215928,true,false,true,"{""typeCode"":""C"",""freqCode"":""A"",""refPeriodId"":20200101,""refYear"":2020,""refMonth"":52,""period"":""2020"",""reporterCode"":76,""reporterISO"":""BRA"",""reporterDesc"":""Brazil"",""flowCode"":""X"",""flowDesc"":""Export"",""partnerCode"":368,""partnerISO"":""IRQ"",""partnerDesc"":""Iraq"",""partner2Code"":0,""partner2ISO"":""W00"",""partner2Desc"":""World"",""classificationCode"":""H5"",""classificationSearchCode"":""HS"",""isOriginalClassification"":true,""cmdCode"":""090111"",""cmdDesc"":""Coffee; not roasted or decaffeinated"",""aggrLevel"":6,""isLeaf"":true,""customsCode"":""C00"",""customsDesc"":""TOTAL CPC"",""mosCode"":""0"",""motCode"":0,""motDesc"":""TOTAL MOT"",""qtyUnitCode"":8,""qtyUnitAbbr"":""kg"",""qty"":123000,""isQtyEstimated"":false,""altQtyUnitCode"":21,""altQtyUnitAbbr"":""1000 KG"",""altQty"":123,""isAltQtyEstimated"":false,""netWgt"":124800,""isNetWgtEstimated"":false,""grossWgt"":0,""isGrossWgtEstimated"":false,""cifvalue"":null,""fobvalue"":215928,""primaryValue"":215928,""legacyEstimationFlag"":0,""isReported"":false,""isAggregate"":true}"
,UN Comtrade,https://comtradeapi.un.org/public/v1/preview/C/A/HS?reporterCode=76&flowCode=X&cmdCode=090111&period=2020&includeDesc=true,2026-05-30T18:34:22.015Z,"{""reporters"":[{""endpoint"":""https://comtradeapi.un.org/public/v1/preview/C/A/HS"",""reporterCode"":704,""reporterISO"":""VNM"",""flowCode"":""X"",""cmdCode"":""090111"",""period"":""2020,2021,2022,2023,2024,2025"",""includeDesc"":true},{""endpoint"":""https://comtradeapi.un.org/public/v1/preview/C/A/HS"",""reporterCode"":76,""reporterISO"":""BRA"",""flowCode"":""X"",""cmdCode"":""090111"",""period"":""2020,2021,2022,2023,2024,2025"",""includeDesc"":true},{""endpoint"":""https://comtradeapi.un.org/public/v1/preview/C/A/HS"",""reporterCode"":360,""reporterISO"":""IDN"",""flowCode"":""X"",""cmdCode"":""090111"",""period"":""2020,2021,2022,2023,2024,2025"",""includeDesc"":true}]}",C,A,20200101,2020,76,BRA,Brazil,372,IRL,Ireland,0,W00,World,X,Export,H5,090111,Coffee; not roasted or decaffeinated,C00,TOTAL CPC,0,TOTAL MOT,8,kg,15268000,1490569,0,4276837,true,false,true,"{""typeCode"":""C"",""freqCode"":""A"",""refPeriodId"":20200101,""refYear"":2020,""refMonth"":52,""period"":""2020"",""reporterCode"":76,""reporterISO"":""BRA"",""reporterDesc"":""Brazil"",""flowCode"":""X"",""flowDesc"":""Export"",""partnerCode"":372,""partnerISO"":""IRL"",""partnerDesc"":""Ireland"",""partner2Code"":0,""partner2ISO"":""W00"",""partner2Desc"":""World"",""classificationCode"":""H5"",""classificationSearchCode"":""HS"",""isOriginalClassification"":true,""cmdCode"":""090111"",""cmdDesc"":""Coffee; not roasted or decaffeinated"",""aggrLevel"":6,""isLeaf"":true,""customsCode"":""C00"",""customsDesc"":""TOTAL CPC"",""mosCode"":""0"",""motCode"":0,""motDesc"":""TOTAL MOT"",""qtyUnitCode"":8,""qtyUnitAbbr"":""kg"",""qty"":15268000,""isQtyEstimated"":false,""altQtyUnitCode"":21,""altQtyUnitAbbr"":""1000 KG"",""altQty"":15268,""isAltQtyEstimated"":false,""netWgt"":1490569,""isNetWgtEstimated"":false,""grossWgt"":0,""isGrossWgtEstimated"":false,""cifvalue"":null,""fobvalue"":4276837,""primaryValue"":4276837,""legacyEstimationFlag"":0,""isReported"":false,""isAggregate"":true}"
,UN Comtrade,https://comtradeapi.un.org/public/v1/preview/C/A/HS?reporterCode=76&flowCode=X&cmdCode=090111&period=2020&includeDesc=true,2026-05-30T18:34:22.015Z,"{""reporters"":[{""endpoint"":""https://comtradeapi.un.org/public/v1/preview/C/A/HS"",""reporterCode"":704,""reporterISO"":""VNM"",""flowCode"":""X"",""cmdCode"":""090111"",""period"":""2020,2021,2022,2023,2024,2025"",""includeDesc"":true},{""endpoint"":""https://comtradeapi.un.org/public/v1/preview/C/A/HS"",""reporterCode"":76,""reporterISO"":""BRA"",""flowCode"":""X"",""cmdCode"":""090111"",""period"":""2020,2021,2022,2023,2024,2025"",""includeDesc"":true},{""endpoint"":""https://comtradeapi.un.org/public/v1/preview/C/A/HS"",""reporterCode"":360,""reporterISO"":""IDN"",""flowCode"":""X"",""cmdCode"":""090111"",""period"":""2020,2021,2022,2023,2024,2025"",""includeDesc"":true}]}",C,A,20200101,2020,76,BRA,Brazil,376,ISR,Israel,0,W00,World,X,Export,H5,090111,Coffee; not roasted or decaffeinated,C00,TOTAL CPC,0,TOTAL MOT,8,kg,79396200,7504182,0,15148480,true,false,true,"{""typeCode"":""C"",""freqCode"":""A"",""refPeriodId"":20200101,""refYear"":2020,""refMonth"":52,""period"":""2020"",""reporterCode"":76,""reporterISO"":""BRA"",""reporterDesc"":""Brazil"",""flowCode"":""X"",""flowDesc"":""Export"",""partnerCode"":376,""partnerISO"":""ISR"",""partnerDesc"":""Israel"",""partner2Code"":0,""partner2ISO"":""W00"",""partner2Desc"":""World"",""classificationCode"":""H5"",""classificationSearchCode"":""HS"",""isOriginalClassification"":true,""cmdCode"":""090111"",""cmdDesc"":""Coffee; not roasted or decaffeinated"",""aggrLevel"":6,""isLeaf"":true,""customsCode"":""C00"",""customsDesc"":""TOTAL CPC"",""mosCode"":""0"",""motCode"":0,""motDesc"":""TOTAL MOT"",""qtyUnitCode"":8,""qtyUnitAbbr"":""kg"",""qty"":79396200,""isQtyEstimated"":false,""altQtyUnitCode"":-1,""altQtyUnitAbbr"":""N/A"",""altQty"":0,""isAltQtyEstimated"":false,""netWgt"":7504182,""isNetWgtEstimated"":false,""grossWgt"":0,""isGrossWgtEstimated"":false,""cifvalue"":null,""fobvalue"":15148480,""primaryValue"":15148480,""legacyEstimationFlag"":0,""isReported"":false,""isAggregate"":true}"
,UN Comtrade,https://comtradeapi.un.org/public/v1/preview/C/A/HS?reporterCode=76&flowCode=X&cmdCode=090111&period=2020&includeDesc=true,2026-05-30T18:34:22.015Z,"{""reporters"":[{""endpoint"":""https://comtradeapi.un.org/public/v1/preview/C/A/HS"",""reporterCode"":704,""reporterISO"":""VNM"",""flowCode"":""X"",""cmdCode"":""090111"",""period"":""2020,2021,2022,2023,2024,2025"",""includeDesc"":true},{""endpoint"":""https://comtradeapi.un.org/public/v1/preview/C/A/HS"",""reporterCode"":76,""reporterISO"":""BRA"",""flowCode"":""X"",""cmdCode"":""090111"",""period"":""2020,2021,2022,2023,2024,2025"",""includeDesc"":true},{""endpoint"":""https://comtradeapi.un.org/public/v1/preview/C/A/HS"",""reporterCode"":360,""reporterISO"":""IDN"",""flowCode"":""X"",""cmdCode"":""090111"",""period"":""2020,2021,2022,2023,2024,2025"",""includeDesc"":true}]}",C,A,20200101,2020,76,BRA,Brazil,380,ITA,Italy,0,W00,World,X,Export,H5,090111,Coffee; not roasted or decaffeinated,C00,TOTAL CPC,0,TOTAL MOT,8,kg,335897774,181076313,0,417440520,true,false,true,"{""typeCode"":""C"",""freqCode"":""A"",""refPeriodId"":20200101,""refYear"":2020,""refMonth"":52,""period"":""2020"",""reporterCode"":76,""reporterISO"":""BRA"",""reporterDesc"":""Brazil"",""flowCode"":""X"",""flowDesc"":""Export"",""partnerCode"":380,""partnerISO"":""ITA"",""partnerDesc"":""Italy"",""partner2Code"":0,""partner2ISO"":""W00"",""partner2Desc"":""World"",""classificationCode"":""H5"",""classificationSearchCode"":""HS"",""isOriginalClassification"":true,""cmdCode"":""090111"",""cmdDesc"":""Coffee; not roasted or decaffeinated"",""aggrLevel"":6,""isLeaf"":true,""customsCode"":""C00"",""customsDesc"":""TOTAL CPC"",""mosCode"":""0"",""motCode"":0,""motDesc"":""TOTAL MOT"",""qtyUnitCode"":8,""qtyUnitAbbr"":""kg"",""qty"":335897774,""isQtyEstimated"":false,""altQtyUnitCode"":-1,""altQtyUnitAbbr"":""N/A"",""altQty"":0,""isAltQtyEstimated"":false,""netWgt"":181076313,""isNetWgtEstimated"":false,""grossWgt"":0,""isGrossWgtEstimated"":false,""cifvalue"":null,""fobvalue"":417440520,""primaryValue"":417440520,""legacyEstimationFlag"":0,""isReported"":false,""isAggregate"":true}"
,UN Comtrade,https://comtradeapi.un.org/public/v1/preview/C/A/HS?reporterCode=76&flowCode=X&cmdCode=090111&period=2020&includeDesc=true,2026-05-30T18:34:22.015Z,"{""reporters"":[{""endpoint"":""https://comtradeapi.un.org/public/v1/preview/C/A/HS"",""reporterCode"":704,""reporterISO"":""VNM"",""flowCode"":""X"",""cmdCode"":""090111"",""period"":""2020,2021,2022,2023,2024,2025"",""includeDesc"":true},{""endpoint"":""https://comtradeapi.un.org/public/v1/preview/C/A/HS"",""reporterCode"":76,""reporterISO"":""BRA"",""flowCode"":""X"",""cmdCode"":""090111"",""period"":""2020,2021,2022,2023,2024,2025"",""includeDesc"":true},{""endpoint"":""https://comtradeapi.un.org/public/v1/preview/C/A/HS"",""reporterCode"":360,""reporterISO"":""IDN"",""flowCode"":""X"",""cmdCode"":""090111"",""period"":""2020,2021,2022,2023,2024,2025"",""includeDesc"":true}]}",C,A,20200101,2020,76,BRA,Brazil,392,JPN,Japan,0,W00,World,X,Export,H5,090111,Coffee; not roasted or decaffeinated,C00,TOTAL CPC,0,TOTAL MOT,8,kg,177142604,120875802,0,292122976,true,false,true,"{""typeCode"":""C"",""freqCode"":""A"",""refPeriodId"":20200101,""refYear"":2020,""refMonth"":52,""period"":""2020"",""reporterCode"":76,""reporterISO"":""BRA"",""reporterDesc"":""Brazil"",""flowCode"":""X"",""flowDesc"":""Export"",""partnerCode"":392,""partnerISO"":""JPN"",""partnerDesc"":""Japan"",""partner2Code"":0,""partner2ISO"":""W00"",""partner2Desc"":""World"",""classificationCode"":""H5"",""classificationSearchCode"":""HS"",""isOriginalClassification"":true,""cmdCode"":""090111"",""cmdDesc"":""Coffee; not roasted or decaffeinated"",""aggrLevel"":6,""isLeaf"":true,""customsCode"":""C00"",""customsDesc"":""TOTAL CPC"",""mosCode"":""0"",""motCode"":0,""motDesc"":""TOTAL MOT"",""qtyUnitCode"":8,""qtyUnitAbbr"":""kg"",""qty"":177142604,""isQtyEstimated"":false,""altQtyUnitCode"":-1,""altQtyUnitAbbr"":""N/A"",""altQty"":0,""isAltQtyEstimated"":false,""netWgt"":120875802,""isNetWgtEstimated"":false,""grossWgt"":0,""isGrossWgtEstimated"":false,""cifvalue"":null,""fobvalue"":292122976,""primaryValue"":292122976,""legacyEstimationFlag"":0,""isReported"":false,""isAggregate"":true}"
,UN Comtrade,https://comtradeapi.un.org/public/v1/preview/C/A/HS?reporterCode=76&flowCode=X&cmdCode=090111&period=2020&includeDesc=true,2026-05-30T18:34:22.015Z,"{""reporters"":[{""endpoint"":""https://comtradeapi.un.org/public/v1/preview/C/A/HS"",""reporterCode"":704,""reporterISO"":""VNM"",""flowCode"":""X"",""cmdCode"":""090111"",""period"":""2020,2021,2022,2023,2024,2025"",""includeDesc"":true},{""endpoint"":""https://comtradeapi.un.org/public/v1/preview/C/A/HS"",""reporterCode"":76,""reporterISO"":""BRA"",""flowCode"":""X"",""cmdCode"":""090111"",""period"":""2020,2021,2022,2023,2024,2025"",""includeDesc"":true},{""endpoint"":""https://comtradeapi.un.org/public/v1/preview/C/A/HS"",""reporterCode"":360,""reporterISO"":""IDN"",""flowCode"":""X"",""cmdCode"":""090111"",""period"":""2020,2021,2022,2023,2024,2025"",""includeDesc"":true}]}",C,A,20200101,2020,76,BRA,Brazil,398,KAZ,Kazakhstan,0,W00,World,X,Export,H5,090111,Coffee; not roasted or decaffeinated,C00,TOTAL CPC,0,TOTAL MOT,8,kg,19000,19175,0,40747,true,false,true,"{""typeCode"":""C"",""freqCode"":""A"",""refPeriodId"":20200101,""refYear"":2020,""refMonth"":52,""period"":""2020"",""reporterCode"":76,""reporterISO"":""BRA"",""reporterDesc"":""Brazil"",""flowCode"":""X"",""flowDesc"":""Export"",""partnerCode"":398,""partnerISO"":""KAZ"",""partnerDesc"":""Kazakhstan"",""partner2Code"":0,""partner2ISO"":""W00"",""partner2Desc"":""World"",""classificationCode"":""H5"",""classificationSearchCode"":""HS"",""isOriginalClassification"":true,""cmdCode"":""090111"",""cmdDesc"":""Coffee; not roasted or decaffeinated"",""aggrLevel"":6,""isLeaf"":true,""customsCode"":""C00"",""customsDesc"":""TOTAL CPC"",""mosCode"":""0"",""motCode"":0,""motDesc"":""TOTAL MOT"",""qtyUnitCode"":8,""qtyUnitAbbr"":""kg"",""qty"":19000,""isQtyEstimated"":false,""altQtyUnitCode"":21,""altQtyUnitAbbr"":""1000 KG"",""altQty"":19,""isAltQtyEstimated"":false,""netWgt"":19175,""isNetWgtEstimated"":false,""grossWgt"":0,""isGrossWgtEstimated"":false,""cifvalue"":null,""fobvalue"":40747,""primaryValue"":40747,""legacyEstimationFlag"":0,""isReported"":false,""isAggregate"":true}"
,UN Comtrade,https://comtradeapi.un.org/public/v1/preview/C/A/HS?reporterCode=76&flowCode=X&cmdCode=090111&period=2020&includeDesc=true,2026-05-30T18:34:22.015Z,"{""reporters"":[{""endpoint"":""https://comtradeapi.un.org/public/v1/preview/C/A/HS"",""reporterCode"":704,""reporterISO"":""VNM"",""flowCode"":""X"",""cmdCode"":""090111"",""period"":""2020,2021,2022,2023,2024,2025"",""includeDesc"":true},{""endpoint"":""https://comtradeapi.un.org/public/v1/preview/C/A/HS"",""reporterCode"":76,""reporterISO"":""BRA"",""flowCode"":""X"",""cmdCode"":""090111"",""period"":""2020,2021,2022,2023,2024,2025"",""includeDesc"":true},{""endpoint"":""https://comtradeapi.un.org/public/v1/preview/C/A/HS"",""reporterCode"":360,""reporterISO"":""IDN"",""flowCode"":""X"",""cmdCode"":""090111"",""period"":""2020,2021,2022,2023,2024,2025"",""includeDesc"":true}]}",C,A,20200101,2020,76,BRA,Brazil,400,JOR,Jordan,0,W00,World,X,Export,H5,090111,Coffee; not roasted or decaffeinated,C00,TOTAL CPC,0,TOTAL MOT,8,kg,17995000,17759775,0,30432772,true,false,true,"{""typeCode"":""C"",""freqCode"":""A"",""refPeriodId"":20200101,""refYear"":2020,""refMonth"":52,""period"":""2020"",""reporterCode"":76,""reporterISO"":""BRA"",""reporterDesc"":""Brazil"",""flowCode"":""X"",""flowDesc"":""Export"",""partnerCode"":400,""partnerISO"":""JOR"",""partnerDesc"":""Jordan"",""partner2Code"":0,""partner2ISO"":""W00"",""partner2Desc"":""World"",""classificationCode"":""H5"",""classificationSearchCode"":""HS"",""isOriginalClassification"":true,""cmdCode"":""090111"",""cmdDesc"":""Coffee; not roasted or decaffeinated"",""aggrLevel"":6,""isLeaf"":true,""customsCode"":""C00"",""customsDesc"":""TOTAL CPC"",""mosCode"":""0"",""motCode"":0,""motDesc"":""TOTAL MOT"",""qtyUnitCode"":8,""qtyUnitAbbr"":""kg"",""qty"":17995000,""isQtyEstimated"":false,""altQtyUnitCode"":21,""altQtyUnitAbbr"":""1000 KG"",""altQty"":17995,""isAltQtyEstimated"":false,""netWgt"":17759775,""isNetWgtEstimated"":false,""grossWgt"":0,""isGrossWgtEstimated"":false,""cifvalue"":null,""fobvalue"":30432772,""primaryValue"":30432772,""legacyEstimationFlag"":0,""isReported"":false,""isAggregate"":true}"
,UN Comtrade,https://comtradeapi.un.org/public/v1/preview/C/A/HS?reporterCode=76&flowCode=X&cmdCode=090111&period=2020&includeDesc=true,2026-05-30T18:34:22.015Z,"{""reporters"":[{""endpoint"":""https://comtradeapi.un.org/public/v1/preview/C/A/HS"",""reporterCode"":704,""reporterISO"":""VNM"",""flowCode"":""X"",""cmdCode"":""090111"",""period"":""2020,2021,2022,2023,2024,2025"",""includeDesc"":true},{""endpoint"":""https://comtradeapi.un.org/public/v1/preview/C/A/HS"",""reporterCode"":76,""reporterISO"":""BRA"",""flowCode"":""X"",""cmdCode"":""090111"",""period"":""2020,2021,2022,2023,2024,2025"",""includeDesc"":true},{""endpoint"":""https://comtradeapi.un.org/public/v1/preview/C/A/HS"",""reporterCode"":360,""reporterISO"":""IDN"",""flowCode"":""X"",""cmdCode"":""090111"",""period"":""2020,2021,2022,2023,2024,2025"",""includeDesc"":true}]}",C,A,20200101,2020,76,BRA,Brazil,404,KEN,Kenya,0,W00,World,X,Export,H5,090111,Coffee; not roasted or decaffeinated,C00,TOTAL CPC,0,TOTAL MOT,8,kg,95476,96401,0,262593,true,false,true,"{""typeCode"":""C"",""freqCode"":""A"",""refPeriodId"":20200101,""refYear"":2020,""refMonth"":52,""period"":""2020"",""reporterCode"":76,""reporterISO"":""BRA"",""reporterDesc"":""Brazil"",""flowCode"":""X"",""flowDesc"":""Export"",""partnerCode"":404,""partnerISO"":""KEN"",""partnerDesc"":""Kenya"",""partner2Code"":0,""partner2ISO"":""W00"",""partner2Desc"":""World"",""classificationCode"":""H5"",""classificationSearchCode"":""HS"",""isOriginalClassification"":true,""cmdCode"":""090111"",""cmdDesc"":""Coffee; not roasted or decaffeinated"",""aggrLevel"":6,""isLeaf"":true,""customsCode"":""C00"",""customsDesc"":""TOTAL CPC"",""mosCode"":""0"",""motCode"":0,""motDesc"":""TOTAL MOT"",""qtyUnitCode"":8,""qtyUnitAbbr"":""kg"",""qty"":95476,""isQtyEstimated"":false,""altQtyUnitCode"":-1,""altQtyUnitAbbr"":""N/A"",""altQty"":0,""isAltQtyEstimated"":false,""netWgt"":96401,""isNetWgtEstimated"":false,""grossWgt"":0,""isGrossWgtEstimated"":false,""cifvalue"":null,""fobvalue"":262593,""primaryValue"":262593,""legacyEstimationFlag"":0,""isReported"":false,""isAggregate"":true}"
,UN Comtrade,https://comtradeapi.un.org/public/v1/preview/C/A/HS?reporterCode=76&flowCode=X&cmdCode=090111&period=2020&includeDesc=true,2026-05-30T18:34:22.015Z,"{""reporters"":[{""endpoint"":""https://comtradeapi.un.org/public/v1/preview/C/A/HS"",""reporterCode"":704,""reporterISO"":""VNM"",""flowCode"":""X"",""cmdCode"":""090111"",""period"":""2020,2021,2022,2023,2024,2025"",""includeDesc"":true},{""endpoint"":""https://comtradeapi.un.org/public/v1/preview/C/A/HS"",""reporterCode"":76,""reporterISO"":""BRA"",""flowCode"":""X"",""cmdCode"":""090111"",""period"":""2020,2021,2022,2023,2024,2025"",""includeDesc"":true},{""endpoint"":""https://comtradeapi.un.org/public/v1/preview/C/A/HS"",""reporterCode"":360,""reporterISO"":""IDN"",""flowCode"":""X"",""cmdCode"":""090111"",""period"":""2020,2021,2022,2023,2024,2025"",""includeDesc"":true}]}",C,A,20200101,2020,76,BRA,Brazil,410,KOR,Rep. of Korea,0,W00,World,X,Export,H5,090111,Coffee; not roasted or decaffeinated,C00,TOTAL CPC,0,TOTAL MOT,8,kg,140220179.39,35579553.39,0,83387504,true,false,true,"{""typeCode"":""C"",""freqCode"":""A"",""refPeriodId"":20200101,""refYear"":2020,""refMonth"":52,""period"":""2020"",""reporterCode"":76,""reporterISO"":""BRA"",""reporterDesc"":""Brazil"",""flowCode"":""X"",""flowDesc"":""Export"",""partnerCode"":410,""partnerISO"":""KOR"",""partnerDesc"":""Rep. of Korea"",""partner2Code"":0,""partner2ISO"":""W00"",""partner2Desc"":""World"",""classificationCode"":""H5"",""classificationSearchCode"":""HS"",""isOriginalClassification"":true,""cmdCode"":""090111"",""cmdDesc"":""Coffee; not roasted or decaffeinated"",""aggrLevel"":6,""isLeaf"":true,""customsCode"":""C00"",""customsDesc"":""TOTAL CPC"",""mosCode"":""0"",""motCode"":0,""motDesc"":""TOTAL MOT"",""qtyUnitCode"":8,""qtyUnitAbbr"":""kg"",""qty"":140220179.39,""isQtyEstimated"":true,""altQtyUnitCode"":-1,""altQtyUnitAbbr"":""N/A"",""altQty"":0,""isAltQtyEstimated"":false,""netWgt"":35579553.39,""isNetWgtEstimated"":true,""grossWgt"":0,""isGrossWgtEstimated"":false,""cifvalue"":null,""fobvalue"":83387504,""primaryValue"":83387504,""legacyEstimationFlag"":6,""isReported"":false,""isAggregate"":true}"
,UN Comtrade,https://comtradeapi.un.org/public/v1/preview/C/A/HS?reporterCode=76&flowCode=X&cmdCode=090111&period=2020&includeDesc=true,2026-05-30T18:34:22.015Z,"{""reporters"":[{""endpoint"":""https://comtradeapi.un.org/public/v1/preview/C/A/HS"",""reporterCode"":704,""reporterISO"":""VNM"",""flowCode"":""X"",""cmdCode"":""090111"",""period"":""2020,2021,2022,2023,2024,2025"",""includeDesc"":true},{""endpoint"":""https://comtradeapi.un.org/public/v1/preview/C/A/HS"",""reporterCode"":76,""reporterISO"":""BRA"",""flowCode"":""X"",""cmdCode"":""090111"",""period"":""2020,2021,2022,2023,2024,2025"",""includeDesc"":true},{""endpoint"":""https://comtradeapi.un.org/public/v1/preview/C/A/HS"",""reporterCode"":360,""reporterISO"":""IDN"",""flowCode"":""X"",""cmdCode"":""090111"",""period"":""2020,2021,2022,2023,2024,2025"",""includeDesc"":true}]}",C,A,20200101,2020,76,BRA,Brazil,414,KWT,Kuwait,0,W00,World,X,Export,H5,090111,Coffee; not roasted or decaffeinated,C00,TOTAL CPC,0,TOTAL MOT,8,kg,256000,259200,0,555622,true,false,true,"{""typeCode"":""C"",""freqCode"":""A"",""refPeriodId"":20200101,""refYear"":2020,""refMonth"":52,""period"":""2020"",""reporterCode"":76,""reporterISO"":""BRA"",""reporterDesc"":""Brazil"",""flowCode"":""X"",""flowDesc"":""Export"",""partnerCode"":414,""partnerISO"":""KWT"",""partnerDesc"":""Kuwait"",""partner2Code"":0,""partner2ISO"":""W00"",""partner2Desc"":""World"",""classificationCode"":""H5"",""classificationSearchCode"":""HS"",""isOriginalClassification"":true,""cmdCode"":""090111"",""cmdDesc"":""Coffee; not roasted or decaffeinated"",""aggrLevel"":6,""isLeaf"":true,""customsCode"":""C00"",""customsDesc"":""TOTAL CPC"",""mosCode"":""0"",""motCode"":0,""motDesc"":""TOTAL MOT"",""qtyUnitCode"":8,""qtyUnitAbbr"":""kg"",""qty"":256000,""isQtyEstimated"":false,""altQtyUnitCode"":21,""altQtyUnitAbbr"":""1000 KG"",""altQty"":256,""isAltQtyEstimated"":false,""netWgt"":259200,""isNetWgtEstimated"":false,""grossWgt"":0,""isGrossWgtEstimated"":false,""cifvalue"":null,""fobvalue"":555622,""primaryValue"":555622,""legacyEstimationFlag"":0,""isReported"":false,""isAggregate"":true}"
,UN Comtrade,https://comtradeapi.un.org/public/v1/preview/C/A/HS?reporterCode=76&flowCode=X&cmdCode=090111&period=2020&includeDesc=true,2026-05-30T18:34:22.015Z,"{""reporters"":[{""endpoint"":""https://comtradeapi.un.org/public/v1/preview/C/A/HS"",""reporterCode"":704,""reporterISO"":""VNM"",""flowCode"":""X"",""cmdCode"":""090111"",""period"":""2020,2021,2022,2023,2024,2025"",""includeDesc"":true},{""endpoint"":""https://comtradeapi.un.org/public/v1/preview/C/A/HS"",""reporterCode"":76,""reporterISO"":""BRA"",""flowCode"":""X"",""cmdCode"":""090111"",""period"":""2020,2021,2022,2023,2024,2025"",""includeDesc"":true},{""endpoint"":""https://comtradeapi.un.org/public/v1/preview/C/A/HS"",""reporterCode"":360,""reporterISO"":""IDN"",""flowCode"":""X"",""cmdCode"":""090111"",""period"":""2020,2021,2022,2023,2024,2025"",""includeDesc"":true}]}",C,A,20200101,2020,76,BRA,Brazil,422,LBN,Lebanon,0,W00,World,X,Export,H5,090111,Coffee; not roasted or decaffeinated,C00,TOTAL CPC,0,TOTAL MOT,8,kg,19860066.785,19957926.785,0,31652587,true,false,true,"{""typeCode"":""C"",""freqCode"":""A"",""refPeriodId"":20200101,""refYear"":2020,""refMonth"":52,""period"":""2020"",""reporterCode"":76,""reporterISO"":""BRA"",""reporterDesc"":""Brazil"",""flowCode"":""X"",""flowDesc"":""Export"",""partnerCode"":422,""partnerISO"":""LBN"",""partnerDesc"":""Lebanon"",""partner2Code"":0,""partner2ISO"":""W00"",""partner2Desc"":""World"",""classificationCode"":""H5"",""classificationSearchCode"":""HS"",""isOriginalClassification"":true,""cmdCode"":""090111"",""cmdDesc"":""Coffee; not roasted or decaffeinated"",""aggrLevel"":6,""isLeaf"":true,""customsCode"":""C00"",""customsDesc"":""TOTAL CPC"",""mosCode"":""0"",""motCode"":0,""motDesc"":""TOTAL MOT"",""qtyUnitCode"":8,""qtyUnitAbbr"":""kg"",""qty"":19860066.785,""isQtyEstimated"":true,""altQtyUnitCode"":21,""altQtyUnitAbbr"":""1000 KG"",""altQty"":19860,""isAltQtyEstimated"":false,""netWgt"":19957926.785,""isNetWgtEstimated"":true,""grossWgt"":0,""isGrossWgtEstimated"":false,""cifvalue"":null,""fobvalue"":31652587,""primaryValue"":31652587,""legacyEstimationFlag"":6,""isReported"":false,""isAggregate"":true}"
,UN Comtrade,https://comtradeapi.un.org/public/v1/preview/C/A/HS?reporterCode=76&flowCode=X&cmdCode=090111&period=2020&includeDesc=true,2026-05-30T18:34:22.015Z,"{""reporters"":[{""endpoint"":""https://comtradeapi.un.org/public/v1/preview/C/A/HS"",""reporterCode"":704,""reporterISO"":""VNM"",""flowCode"":""X"",""cmdCode"":""090111"",""period"":""2020,2021,2022,2023,2024,2025"",""includeDesc"":true},{""endpoint"":""https://comtradeapi.un.org/public/v1/preview/C/A/HS"",""reporterCode"":76,""reporterISO"":""BRA"",""flowCode"":""X"",""cmdCode"":""090111"",""period"":""2020,2021,2022,2023,2024,2025"",""includeDesc"":true},{""endpoint"":""https://comtradeapi.un.org/public/v1/preview/C/A/HS"",""reporterCode"":360,""reporterISO"":""IDN"",""flowCode"":""X"",""cmdCode"":""090111"",""period"":""2020,2021,2022,2023,2024,2025"",""includeDesc"":true}]}",C,A,20200101,2020,76,BRA,Brazil,428,LVA,Latvia,0,W00,World,X,Export,H5,090111,Coffee; not roasted or decaffeinated,C00,TOTAL CPC,0,TOTAL MOT,8,kg,11138000,2153160,0,5144234,true,false,true,"{""typeCode"":""C"",""freqCode"":""A"",""refPeriodId"":20200101,""refYear"":2020,""refMonth"":52,""period"":""2020"",""reporterCode"":76,""reporterISO"":""BRA"",""reporterDesc"":""Brazil"",""flowCode"":""X"",""flowDesc"":""Export"",""partnerCode"":428,""partnerISO"":""LVA"",""partnerDesc"":""Latvia"",""partner2Code"":0,""partner2ISO"":""W00"",""partner2Desc"":""World"",""classificationCode"":""H5"",""classificationSearchCode"":""HS"",""isOriginalClassification"":true,""cmdCode"":""090111"",""cmdDesc"":""Coffee; not roasted or decaffeinated"",""aggrLevel"":6,""isLeaf"":true,""customsCode"":""C00"",""customsDesc"":""TOTAL CPC"",""mosCode"":""0"",""motCode"":0,""motDesc"":""TOTAL MOT"",""qtyUnitCode"":8,""qtyUnitAbbr"":""kg"",""qty"":11138000,""isQtyEstimated"":false,""altQtyUnitCode"":21,""altQtyUnitAbbr"":""1000 KG"",""altQty"":11138,""isAltQtyEstimated"":false,""netWgt"":2153160,""isNetWgtEstimated"":false,""grossWgt"":0,""isGrossWgtEstimated"":false,""cifvalue"":null,""fobvalue"":5144234,""primaryValue"":5144234,""legacyEstimationFlag"":0,""isReported"":false,""isAggregate"":true}"
,UN Comtrade,https://comtradeapi.un.org/public/v1/preview/C/A/HS?reporterCode=76&flowCode=X&cmdCode=090111&period=2020&includeDesc=true,2026-05-30T18:34:22.015Z,"{""reporters"":[{""endpoint"":""https://comtradeapi.un.org/public/v1/preview/C/A/HS"",""reporterCode"":704,""reporterISO"":""VNM"",""flowCode"":""X"",""cmdCode"":""090111"",""period"":""2020,2021,2022,2023,2024,2025"",""includeDesc"":true},{""endpoint"":""https://comtradeapi.un.org/public/v1/preview/C/A/HS"",""reporterCode"":76,""reporterISO"":""BRA"",""flowCode"":""X"",""cmdCode"":""090111"",""period"":""2020,2021,2022,2023,2024,2025"",""includeDesc"":true},{""endpoint"":""https://comtradeapi.un.org/public/v1/preview/C/A/HS"",""reporterCode"":360,""reporterISO"":""IDN"",""flowCode"":""X"",""cmdCode"":""090111"",""period"":""2020,2021,2022,2023,2024,2025"",""includeDesc"":true}]}",C,A,20200101,2020,76,BRA,Brazil,430,LBR,Liberia,0,W00,World,X,Export,H5,090111,Coffee; not roasted or decaffeinated,C00,TOTAL CPC,0,TOTAL MOT,8,kg,547,587,0,3130,true,false,true,"{""typeCode"":""C"",""freqCode"":""A"",""refPeriodId"":20200101,""refYear"":2020,""refMonth"":52,""period"":""2020"",""reporterCode"":76,""reporterISO"":""BRA"",""reporterDesc"":""Brazil"",""flowCode"":""X"",""flowDesc"":""Export"",""partnerCode"":430,""partnerISO"":""LBR"",""partnerDesc"":""Liberia"",""partner2Code"":0,""partner2ISO"":""W00"",""partner2Desc"":""World"",""classificationCode"":""H5"",""classificationSearchCode"":""HS"",""isOriginalClassification"":true,""cmdCode"":""090111"",""cmdDesc"":""Coffee; not roasted or decaffeinated"",""aggrLevel"":6,""isLeaf"":true,""customsCode"":""C00"",""customsDesc"":""TOTAL CPC"",""mosCode"":""0"",""motCode"":0,""motDesc"":""TOTAL MOT"",""qtyUnitCode"":8,""qtyUnitAbbr"":""kg"",""qty"":547,""isQtyEstimated"":false,""altQtyUnitCode"":8,""altQtyUnitAbbr"":""kg"",""altQty"":547,""isAltQtyEstimated"":false,""netWgt"":587,""isNetWgtEstimated"":false,""grossWgt"":0,""isGrossWgtEstimated"":false,""cifvalue"":null,""fobvalue"":3130,""primaryValue"":3130,""legacyEstimationFlag"":0,""isReported"":false,""isAggregate"":true}"
,UN Comtrade,https://comtradeapi.un.org/public/v1/preview/C/A/HS?reporterCode=76&flowCode=X&cmdCode=090111&period=2020&includeDesc=true,2026-05-30T18:34:22.015Z,"{""reporters"":[{""endpoint"":""https://comtradeapi.un.org/public/v1/preview/C/A/HS"",""reporterCode"":704,""reporterISO"":""VNM"",""flowCode"":""X"",""cmdCode"":""090111"",""period"":""2020,2021,2022,2023,2024,2025"",""includeDesc"":true},{""endpoint"":""https://comtradeapi.un.org/public/v1/preview/C/A/HS"",""reporterCode"":76,""reporterISO"":""BRA"",""flowCode"":""X"",""cmdCode"":""090111"",""period"":""2020,2021,2022,2023,2024,2025"",""includeDesc"":true},{""endpoint"":""https://comtradeapi.un.org/public/v1/preview/C/A/HS"",""reporterCode"":360,""reporterISO"":""IDN"",""flowCode"":""X"",""cmdCode"":""090111"",""period"":""2020,2021,2022,2023,2024,2025"",""includeDesc"":true}]}",C,A,20200101,2020,76,BRA,Brazil,434,LBY,Libya,0,W00,World,X,Export,H5,090111,Coffee; not roasted or decaffeinated,C00,TOTAL CPC,0,TOTAL MOT,8,kg,3903000,3908355,0,7015666,true,false,true,"{""typeCode"":""C"",""freqCode"":""A"",""refPeriodId"":20200101,""refYear"":2020,""refMonth"":52,""period"":""2020"",""reporterCode"":76,""reporterISO"":""BRA"",""reporterDesc"":""Brazil"",""flowCode"":""X"",""flowDesc"":""Export"",""partnerCode"":434,""partnerISO"":""LBY"",""partnerDesc"":""Libya"",""partner2Code"":0,""partner2ISO"":""W00"",""partner2Desc"":""World"",""classificationCode"":""H5"",""classificationSearchCode"":""HS"",""isOriginalClassification"":true,""cmdCode"":""090111"",""cmdDesc"":""Coffee; not roasted or decaffeinated"",""aggrLevel"":6,""isLeaf"":true,""customsCode"":""C00"",""customsDesc"":""TOTAL CPC"",""mosCode"":""0"",""motCode"":0,""motDesc"":""TOTAL MOT"",""qtyUnitCode"":8,""qtyUnitAbbr"":""kg"",""qty"":3903000,""isQtyEstimated"":false,""altQtyUnitCode"":21,""altQtyUnitAbbr"":""1000 KG"",""altQty"":3903,""isAltQtyEstimated"":false,""netWgt"":3908355,""isNetWgtEstimated"":false,""grossWgt"":0,""isGrossWgtEstimated"":false,""cifvalue"":null,""fobvalue"":7015666,""primaryValue"":7015666,""legacyEstimationFlag"":0,""isReported"":false,""isAggregate"":true}"
,UN Comtrade,https://comtradeapi.un.org/public/v1/preview/C/A/HS?reporterCode=76&flowCode=X&cmdCode=090111&period=2020&includeDesc=true,2026-05-30T18:34:22.015Z,"{""reporters"":[{""endpoint"":""https://comtradeapi.un.org/public/v1/preview/C/A/HS"",""reporterCode"":704,""reporterISO"":""VNM"",""flowCode"":""X"",""cmdCode"":""090111"",""period"":""2020,2021,2022,2023,2024,2025"",""includeDesc"":true},{""endpoint"":""https://comtradeapi.un.org/public/v1/preview/C/A/HS"",""reporterCode"":76,""reporterISO"":""BRA"",""flowCode"":""X"",""cmdCode"":""090111"",""period"":""2020,2021,2022,2023,2024,2025"",""includeDesc"":true},{""endpoint"":""https://comtradeapi.un.org/public/v1/preview/C/A/HS"",""reporterCode"":360,""reporterISO"":""IDN"",""flowCode"":""X"",""cmdCode"":""090111"",""period"":""2020,2021,2022,2023,2024,2025"",""includeDesc"":true}]}",C,A,20200101,2020,76,BRA,Brazil,440,LTU,Lithuania,0,W00,World,X,Export,H5,090111,Coffee; not roasted or decaffeinated,C00,TOTAL CPC,0,TOTAL MOT,8,kg,1207000,1216482,0,2994580,true,false,true,"{""typeCode"":""C"",""freqCode"":""A"",""refPeriodId"":20200101,""refYear"":2020,""refMonth"":52,""period"":""2020"",""reporterCode"":76,""reporterISO"":""BRA"",""reporterDesc"":""Brazil"",""flowCode"":""X"",""flowDesc"":""Export"",""partnerCode"":440,""partnerISO"":""LTU"",""partnerDesc"":""Lithuania"",""partner2Code"":0,""partner2ISO"":""W00"",""partner2Desc"":""World"",""classificationCode"":""H5"",""classificationSearchCode"":""HS"",""isOriginalClassification"":true,""cmdCode"":""090111"",""cmdDesc"":""Coffee; not roasted or decaffeinated"",""aggrLevel"":6,""isLeaf"":true,""customsCode"":""C00"",""customsDesc"":""TOTAL CPC"",""mosCode"":""0"",""motCode"":0,""motDesc"":""TOTAL MOT"",""qtyUnitCode"":8,""qtyUnitAbbr"":""kg"",""qty"":1207000,""isQtyEstimated"":false,""altQtyUnitCode"":21,""altQtyUnitAbbr"":""1000 KG"",""altQty"":1207,""isAltQtyEstimated"":false,""netWgt"":1216482,""isNetWgtEstimated"":false,""grossWgt"":0,""isGrossWgtEstimated"":false,""cifvalue"":null,""fobvalue"":2994580,""primaryValue"":2994580,""legacyEstimationFlag"":0,""isReported"":false,""isAggregate"":true}"
,UN Comtrade,https://comtradeapi.un.org/public/v1/preview/C/A/HS?reporterCode=76&flowCode=X&cmdCode=090111&period=2020&includeDesc=true,2026-05-30T18:34:22.015Z,"{""reporters"":[{""endpoint"":""https://comtradeapi.un.org/public/v1/preview/C/A/HS"",""reporterCode"":704,""reporterISO"":""VNM"",""flowCode"":""X"",""cmdCode"":""090111"",""period"":""2020,2021,2022,2023,2024,2025"",""includeDesc"":true},{""endpoint"":""https://comtradeapi.un.org/public/v1/preview/C/A/HS"",""reporterCode"":76,""reporterISO"":""BRA"",""flowCode"":""X"",""cmdCode"":""090111"",""period"":""2020,2021,2022,2023,2024,2025"",""includeDesc"":true},{""endpoint"":""https://comtradeapi.un.org/public/v1/preview/C/A/HS"",""reporterCode"":360,""reporterISO"":""IDN"",""flowCode"":""X"",""cmdCode"":""090111"",""period"":""2020,2021,2022,2023,2024,2025"",""includeDesc"":true}]}",C,A,20200101,2020,76,BRA,Brazil,446,MAC,"China, Macao SAR",0,W00,World,X,Export,H5,090111,Coffee; not roasted or decaffeinated,C00,TOTAL CPC,0,TOTAL MOT,8,kg,38000,37760,0,75209,true,false,true,"{""typeCode"":""C"",""freqCode"":""A"",""refPeriodId"":20200101,""refYear"":2020,""refMonth"":52,""period"":""2020"",""reporterCode"":76,""reporterISO"":""BRA"",""reporterDesc"":""Brazil"",""flowCode"":""X"",""flowDesc"":""Export"",""partnerCode"":446,""partnerISO"":""MAC"",""partnerDesc"":""China, Macao SAR"",""partner2Code"":0,""partner2ISO"":""W00"",""partner2Desc"":""World"",""classificationCode"":""H5"",""classificationSearchCode"":""HS"",""isOriginalClassification"":true,""cmdCode"":""090111"",""cmdDesc"":""Coffee; not roasted or decaffeinated"",""aggrLevel"":6,""isLeaf"":true,""customsCode"":""C00"",""customsDesc"":""TOTAL CPC"",""mosCode"":""0"",""motCode"":0,""motDesc"":""TOTAL MOT"",""qtyUnitCode"":8,""qtyUnitAbbr"":""kg"",""qty"":38000,""isQtyEstimated"":false,""altQtyUnitCode"":21,""altQtyUnitAbbr"":""1000 KG"",""altQty"":38,""isAltQtyEstimated"":false,""netWgt"":37760,""isNetWgtEstimated"":false,""grossWgt"":0,""isGrossWgtEstimated"":false,""cifvalue"":null,""fobvalue"":75209,""primaryValue"":75209,""legacyEstimationFlag"":0,""isReported"":false,""isAggregate"":true}"
,UN Comtrade,https://comtradeapi.un.org/public/v1/preview/C/A/HS?reporterCode=76&flowCode=X&cmdCode=090111&period=2020&includeDesc=true,2026-05-30T18:34:22.015Z,"{""reporters"":[{""endpoint"":""https://comtradeapi.un.org/public/v1/preview/C/A/HS"",""reporterCode"":704,""reporterISO"":""VNM"",""flowCode"":""X"",""cmdCode"":""090111"",""period"":""2020,2021,2022,2023,2024,2025"",""includeDesc"":true},{""endpoint"":""https://comtradeapi.un.org/public/v1/preview/C/A/HS"",""reporterCode"":76,""reporterISO"":""BRA"",""flowCode"":""X"",""cmdCode"":""090111"",""period"":""2020,2021,2022,2023,2024,2025"",""includeDesc"":true},{""endpoint"":""https://comtradeapi.un.org/public/v1/preview/C/A/HS"",""reporterCode"":360,""reporterISO"":""IDN"",""flowCode"":""X"",""cmdCode"":""090111"",""period"":""2020,2021,2022,2023,2024,2025"",""includeDesc"":true}]}",C,A,20200101,2020,76,BRA,Brazil,458,MYS,Malaysia,0,W00,World,X,Export,H5,090111,Coffee; not roasted or decaffeinated,C00,TOTAL CPC,0,TOTAL MOT,8,kg,8649025,8685600,0,20173530,true,false,true,"{""typeCode"":""C"",""freqCode"":""A"",""refPeriodId"":20200101,""refYear"":2020,""refMonth"":52,""period"":""2020"",""reporterCode"":76,""reporterISO"":""BRA"",""reporterDesc"":""Brazil"",""flowCode"":""X"",""flowDesc"":""Export"",""partnerCode"":458,""partnerISO"":""MYS"",""partnerDesc"":""Malaysia"",""partner2Code"":0,""partner2ISO"":""W00"",""partner2Desc"":""World"",""classificationCode"":""H5"",""classificationSearchCode"":""HS"",""isOriginalClassification"":true,""cmdCode"":""090111"",""cmdDesc"":""Coffee; not roasted or decaffeinated"",""aggrLevel"":6,""isLeaf"":true,""customsCode"":""C00"",""customsDesc"":""TOTAL CPC"",""mosCode"":""0"",""motCode"":0,""motDesc"":""TOTAL MOT"",""qtyUnitCode"":8,""qtyUnitAbbr"":""kg"",""qty"":8649025,""isQtyEstimated"":false,""altQtyUnitCode"":-1,""altQtyUnitAbbr"":""N/A"",""altQty"":0,""isAltQtyEstimated"":false,""netWgt"":8685600,""isNetWgtEstimated"":false,""grossWgt"":0,""isGrossWgtEstimated"":false,""cifvalue"":null,""fobvalue"":20173530,""primaryValue"":20173530,""legacyEstimationFlag"":0,""isReported"":false,""isAggregate"":true}"
,UN Comtrade,https://comtradeapi.un.org/public/v1/preview/C/A/HS?reporterCode=76&flowCode=X&cmdCode=090111&period=2020&includeDesc=true,2026-05-30T18:34:22.015Z,"{""reporters"":[{""endpoint"":""https://comtradeapi.un.org/public/v1/preview/C/A/HS"",""reporterCode"":704,""reporterISO"":""VNM"",""flowCode"":""X"",""cmdCode"":""090111"",""period"":""2020,2021,2022,2023,2024,2025"",""includeDesc"":true},{""endpoint"":""https://comtradeapi.un.org/public/v1/preview/C/A/HS"",""reporterCode"":76,""reporterISO"":""BRA"",""flowCode"":""X"",""cmdCode"":""090111"",""period"":""2020,2021,2022,2023,2024,2025"",""includeDesc"":true},{""endpoint"":""https://comtradeapi.un.org/public/v1/preview/C/A/HS"",""reporterCode"":360,""reporterISO"":""IDN"",""flowCode"":""X"",""cmdCode"":""090111"",""period"":""2020,2021,2022,2023,2024,2025"",""includeDesc"":true}]}",C,A,20200101,2020,76,BRA,Brazil,470,MLT,Malta,0,W00,World,X,Export,H5,090111,Coffee; not roasted or decaffeinated,C00,TOTAL CPC,0,TOTAL MOT,8,kg,29528,19788,0,49008,true,false,true,"{""typeCode"":""C"",""freqCode"":""A"",""refPeriodId"":20200101,""refYear"":2020,""refMonth"":52,""period"":""2020"",""reporterCode"":76,""reporterISO"":""BRA"",""reporterDesc"":""Brazil"",""flowCode"":""X"",""flowDesc"":""Export"",""partnerCode"":470,""partnerISO"":""MLT"",""partnerDesc"":""Malta"",""partner2Code"":0,""partner2ISO"":""W00"",""partner2Desc"":""World"",""classificationCode"":""H5"",""classificationSearchCode"":""HS"",""isOriginalClassification"":true,""cmdCode"":""090111"",""cmdDesc"":""Coffee; not roasted or decaffeinated"",""aggrLevel"":6,""isLeaf"":true,""customsCode"":""C00"",""customsDesc"":""TOTAL CPC"",""mosCode"":""0"",""motCode"":0,""motDesc"":""TOTAL MOT"",""qtyUnitCode"":8,""qtyUnitAbbr"":""kg"",""qty"":29528,""isQtyEstimated"":false,""altQtyUnitCode"":-1,""altQtyUnitAbbr"":""N/A"",""altQty"":0,""isAltQtyEstimated"":false,""netWgt"":19788,""isNetWgtEstimated"":false,""grossWgt"":0,""isGrossWgtEstimated"":false,""cifvalue"":null,""fobvalue"":49008,""primaryValue"":49008,""legacyEstimationFlag"":0,""isReported"":false,""isAggregate"":true}"
,UN Comtrade,https://comtradeapi.un.org/public/v1/preview/C/A/HS?reporterCode=76&flowCode=X&cmdCode=090111&period=2020&includeDesc=true,2026-05-30T18:34:22.015Z,"{""reporters"":[{""endpoint"":""https://comtradeapi.un.org/public/v1/preview/C/A/HS"",""reporterCode"":704,""reporterISO"":""VNM"",""flowCode"":""X"",""cmdCode"":""090111"",""period"":""2020,2021,2022,2023,2024,2025"",""includeDesc"":true},{""endpoint"":""https://comtradeapi.un.org/public/v1/preview/C/A/HS"",""reporterCode"":76,""reporterISO"":""BRA"",""flowCode"":""X"",""cmdCode"":""090111"",""period"":""2020,2021,2022,2023,2024,2025"",""includeDesc"":true},{""endpoint"":""https://comtradeapi.un.org/public/v1/preview/C/A/HS"",""reporterCode"":360,""reporterISO"":""IDN"",""flowCode"":""X"",""cmdCode"":""090111"",""period"":""2020,2021,2022,2023,2024,2025"",""includeDesc"":true}]}",C,A,20200101,2020,76,BRA,Brazil,484,MEX,Mexico,0,W00,World,X,Export,H5,090111,Coffee; not roasted or decaffeinated,C00,TOTAL CPC,0,TOTAL MOT,8,kg,198129000,60120914,0,79767579,true,false,true,"{""typeCode"":""C"",""freqCode"":""A"",""refPeriodId"":20200101,""refYear"":2020,""refMonth"":52,""period"":""2020"",""reporterCode"":76,""reporterISO"":""BRA"",""reporterDesc"":""Brazil"",""flowCode"":""X"",""flowDesc"":""Export"",""partnerCode"":484,""partnerISO"":""MEX"",""partnerDesc"":""Mexico"",""partner2Code"":0,""partner2ISO"":""W00"",""partner2Desc"":""World"",""classificationCode"":""H5"",""classificationSearchCode"":""HS"",""isOriginalClassification"":true,""cmdCode"":""090111"",""cmdDesc"":""Coffee; not roasted or decaffeinated"",""aggrLevel"":6,""isLeaf"":true,""customsCode"":""C00"",""customsDesc"":""TOTAL CPC"",""mosCode"":""0"",""motCode"":0,""motDesc"":""TOTAL MOT"",""qtyUnitCode"":8,""qtyUnitAbbr"":""kg"",""qty"":198129000,""isQtyEstimated"":false,""altQtyUnitCode"":21,""altQtyUnitAbbr"":""1000 KG"",""altQty"":198129,""isAltQtyEstimated"":false,""netWgt"":60120914,""isNetWgtEstimated"":false,""grossWgt"":0,""isGrossWgtEstimated"":false,""cifvalue"":null,""fobvalue"":79767579,""primaryValue"":79767579,""legacyEstimationFlag"":0,""isReported"":false,""isAggregate"":true}"
,UN Comtrade,https://comtradeapi.un.org/public/v1/preview/C/A/HS?reporterCode=76&flowCode=X&cmdCode=090111&period=2020&includeDesc=true,2026-05-30T18:34:22.015Z,"{""reporters"":[{""endpoint"":""https://comtradeapi.un.org/public/v1/preview/C/A/HS"",""reporterCode"":704,""reporterISO"":""VNM"",""flowCode"":""X"",""cmdCode"":""090111"",""period"":""2020,2021,2022,2023,2024,2025"",""includeDesc"":true},{""endpoint"":""https://comtradeapi.un.org/public/v1/preview/C/A/HS"",""reporterCode"":76,""reporterISO"":""BRA"",""flowCode"":""X"",""cmdCode"":""090111"",""period"":""2020,2021,2022,2023,2024,2025"",""includeDesc"":true},{""endpoint"":""https://comtradeapi.un.org/public/v1/preview/C/A/HS"",""reporterCode"":360,""reporterISO"":""IDN"",""flowCode"":""X"",""cmdCode"":""090111"",""period"":""2020,2021,2022,2023,2024,2025"",""includeDesc"":true}]}",C,A,20200101,2020,76,BRA,Brazil,490,S19,"Other Asia, nes",0,W00,World,X,Export,H5,090111,Coffee; not roasted or decaffeinated,C00,TOTAL CPC,0,TOTAL MOT,8,kg,8901654,8913120,0,21582306,true,false,true,"{""typeCode"":""C"",""freqCode"":""A"",""refPeriodId"":20200101,""refYear"":2020,""refMonth"":52,""period"":""2020"",""reporterCode"":76,""reporterISO"":""BRA"",""reporterDesc"":""Brazil"",""flowCode"":""X"",""flowDesc"":""Export"",""partnerCode"":490,""partnerISO"":""S19"",""partnerDesc"":""Other Asia, nes"",""partner2Code"":0,""partner2ISO"":""W00"",""partner2Desc"":""World"",""classificationCode"":""H5"",""classificationSearchCode"":""HS"",""isOriginalClassification"":true,""cmdCode"":""090111"",""cmdDesc"":""Coffee; not roasted or decaffeinated"",""aggrLevel"":6,""isLeaf"":true,""customsCode"":""C00"",""customsDesc"":""TOTAL CPC"",""mosCode"":""0"",""motCode"":0,""motDesc"":""TOTAL MOT"",""qtyUnitCode"":8,""qtyUnitAbbr"":""kg"",""qty"":8901654,""isQtyEstimated"":false,""altQtyUnitCode"":-1,""altQtyUnitAbbr"":""N/A"",""altQty"":0,""isAltQtyEstimated"":false,""netWgt"":8913120,""isNetWgtEstimated"":false,""grossWgt"":0,""isGrossWgtEstimated"":false,""cifvalue"":null,""fobvalue"":21582306,""primaryValue"":21582306,""legacyEstimationFlag"":0,""isReported"":false,""isAggregate"":true}"
,UN Comtrade,https://comtradeapi.un.org/public/v1/preview/C/A/HS?reporterCode=76&flowCode=X&cmdCode=090111&period=2020&includeDesc=true,2026-05-30T18:34:22.015Z,"{""reporters"":[{""endpoint"":""https://comtradeapi.un.org/public/v1/preview/C/A/HS"",""reporterCode"":704,""reporterISO"":""VNM"",""flowCode"":""X"",""cmdCode"":""090111"",""period"":""2020,2021,2022,2023,2024,2025"",""includeDesc"":true},{""endpoint"":""https://comtradeapi.un.org/public/v1/preview/C/A/HS"",""reporterCode"":76,""reporterISO"":""BRA"",""flowCode"":""X"",""cmdCode"":""090111"",""period"":""2020,2021,2022,2023,2024,2025"",""includeDesc"":true},{""endpoint"":""https://comtradeapi.un.org/public/v1/preview/C/A/HS"",""reporterCode"":360,""reporterISO"":""IDN"",""flowCode"":""X"",""cmdCode"":""090111"",""period"":""2020,2021,2022,2023,2024,2025"",""includeDesc"":true}]}",C,A,20200101,2020,76,BRA,Brazil,499,MNE,Montenegro,0,W00,World,X,Export,H5,090111,Coffee; not roasted or decaffeinated,C00,TOTAL CPC,0,TOTAL MOT,8,kg,7089000,7105910,0,11282377,true,false,true,"{""typeCode"":""C"",""freqCode"":""A"",""refPeriodId"":20200101,""refYear"":2020,""refMonth"":52,""period"":""2020"",""reporterCode"":76,""reporterISO"":""BRA"",""reporterDesc"":""Brazil"",""flowCode"":""X"",""flowDesc"":""Export"",""partnerCode"":499,""partnerISO"":""MNE"",""partnerDesc"":""Montenegro"",""partner2Code"":0,""partner2ISO"":""W00"",""partner2Desc"":""World"",""classificationCode"":""H5"",""classificationSearchCode"":""HS"",""isOriginalClassification"":true,""cmdCode"":""090111"",""cmdDesc"":""Coffee; not roasted or decaffeinated"",""aggrLevel"":6,""isLeaf"":true,""customsCode"":""C00"",""customsDesc"":""TOTAL CPC"",""mosCode"":""0"",""motCode"":0,""motDesc"":""TOTAL MOT"",""qtyUnitCode"":8,""qtyUnitAbbr"":""kg"",""qty"":7089000,""isQtyEstimated"":false,""altQtyUnitCode"":21,""altQtyUnitAbbr"":""1000 KG"",""altQty"":7089,""isAltQtyEstimated"":false,""netWgt"":7105910,""isNetWgtEstimated"":false,""grossWgt"":0,""isGrossWgtEstimated"":false,""cifvalue"":null,""fobvalue"":11282377,""primaryValue"":11282377,""legacyEstimationFlag"":0,""isReported"":false,""isAggregate"":true}"
,UN Comtrade,https://comtradeapi.un.org/public/v1/preview/C/A/HS?reporterCode=76&flowCode=X&cmdCode=090111&period=2020&includeDesc=true,2026-05-30T18:34:22.015Z,"{""reporters"":[{""endpoint"":""https://comtradeapi.un.org/public/v1/preview/C/A/HS"",""reporterCode"":704,""reporterISO"":""VNM"",""flowCode"":""X"",""cmdCode"":""090111"",""period"":""2020,2021,2022,2023,2024,2025"",""includeDesc"":true},{""endpoint"":""https://comtradeapi.un.org/public/v1/preview/C/A/HS"",""reporterCode"":76,""reporterISO"":""BRA"",""flowCode"":""X"",""cmdCode"":""090111"",""period"":""2020,2021,2022,2023,2024,2025"",""includeDesc"":true},{""endpoint"":""https://comtradeapi.un.org/public/v1/preview/C/A/HS"",""reporterCode"":360,""reporterISO"":""IDN"",""flowCode"":""X"",""cmdCode"":""090111"",""period"":""2020,2021,2022,2023,2024,2025"",""includeDesc"":true}]}",C,A,20200101,2020,76,BRA,Brazil,504,MAR,Morocco,0,W00,World,X,Export,H5,090111,Coffee; not roasted or decaffeinated,C00,TOTAL CPC,0,TOTAL MOT,8,kg,2864000,2885605,0,4803715,true,false,true,"{""typeCode"":""C"",""freqCode"":""A"",""refPeriodId"":20200101,""refYear"":2020,""refMonth"":52,""period"":""2020"",""reporterCode"":76,""reporterISO"":""BRA"",""reporterDesc"":""Brazil"",""flowCode"":""X"",""flowDesc"":""Export"",""partnerCode"":504,""partnerISO"":""MAR"",""partnerDesc"":""Morocco"",""partner2Code"":0,""partner2ISO"":""W00"",""partner2Desc"":""World"",""classificationCode"":""H5"",""classificationSearchCode"":""HS"",""isOriginalClassification"":true,""cmdCode"":""090111"",""cmdDesc"":""Coffee; not roasted or decaffeinated"",""aggrLevel"":6,""isLeaf"":true,""customsCode"":""C00"",""customsDesc"":""TOTAL CPC"",""mosCode"":""0"",""motCode"":0,""motDesc"":""TOTAL MOT"",""qtyUnitCode"":8,""qtyUnitAbbr"":""kg"",""qty"":2864000,""isQtyEstimated"":false,""altQtyUnitCode"":21,""altQtyUnitAbbr"":""1000 KG"",""altQty"":2864,""isAltQtyEstimated"":false,""netWgt"":2885605,""isNetWgtEstimated"":false,""grossWgt"":0,""isGrossWgtEstimated"":false,""cifvalue"":null,""fobvalue"":4803715,""primaryValue"":4803715,""legacyEstimationFlag"":0,""isReported"":false,""isAggregate"":true}"
,UN Comtrade,https://comtradeapi.un.org/public/v1/preview/C/A/HS?reporterCode=76&flowCode=X&cmdCode=090111&period=2020&includeDesc=true,2026-05-30T18:34:22.015Z,"{""reporters"":[{""endpoint"":""https://comtradeapi.un.org/public/v1/preview/C/A/HS"",""reporterCode"":704,""reporterISO"":""VNM"",""flowCode"":""X"",""cmdCode"":""090111"",""period"":""2020,2021,2022,2023,2024,2025"",""includeDesc"":true},{""endpoint"":""https://comtradeapi.un.org/public/v1/preview/C/A/HS"",""reporterCode"":76,""reporterISO"":""BRA"",""flowCode"":""X"",""cmdCode"":""090111"",""period"":""2020,2021,2022,2023,2024,2025"",""includeDesc"":true},{""endpoint"":""https://comtradeapi.un.org/public/v1/preview/C/A/HS"",""reporterCode"":360,""reporterISO"":""IDN"",""flowCode"":""X"",""cmdCode"":""090111"",""period"":""2020,2021,2022,2023,2024,2025"",""includeDesc"":true}]}",C,A,20200101,2020,76,BRA,Brazil,512,OMN,Oman,0,W00,World,X,Export,H5,090111,Coffee; not roasted or decaffeinated,C00,TOTAL CPC,0,TOTAL MOT,8,kg,624000,629200,0,1067204,true,false,true,"{""typeCode"":""C"",""freqCode"":""A"",""refPeriodId"":20200101,""refYear"":2020,""refMonth"":52,""period"":""2020"",""reporterCode"":76,""reporterISO"":""BRA"",""reporterDesc"":""Brazil"",""flowCode"":""X"",""flowDesc"":""Export"",""partnerCode"":512,""partnerISO"":""OMN"",""partnerDesc"":""Oman"",""partner2Code"":0,""partner2ISO"":""W00"",""partner2Desc"":""World"",""classificationCode"":""H5"",""classificationSearchCode"":""HS"",""isOriginalClassification"":true,""cmdCode"":""090111"",""cmdDesc"":""Coffee; not roasted or decaffeinated"",""aggrLevel"":6,""isLeaf"":true,""customsCode"":""C00"",""customsDesc"":""TOTAL CPC"",""mosCode"":""0"",""motCode"":0,""motDesc"":""TOTAL MOT"",""qtyUnitCode"":8,""qtyUnitAbbr"":""kg"",""qty"":624000,""isQtyEstimated"":false,""altQtyUnitCode"":21,""altQtyUnitAbbr"":""1000 KG"",""altQty"":624,""isAltQtyEstimated"":false,""netWgt"":629200,""isNetWgtEstimated"":false,""grossWgt"":0,""isGrossWgtEstimated"":false,""cifvalue"":null,""fobvalue"":1067204,""primaryValue"":1067204,""legacyEstimationFlag"":0,""isReported"":false,""isAggregate"":true}"
,UN Comtrade,https://comtradeapi.un.org/public/v1/preview/C/A/HS?reporterCode=76&flowCode=X&cmdCode=090111&period=2020&includeDesc=true,2026-05-30T18:34:22.015Z,"{""reporters"":[{""endpoint"":""https://comtradeapi.un.org/public/v1/preview/C/A/HS"",""reporterCode"":704,""reporterISO"":""VNM"",""flowCode"":""X"",""cmdCode"":""090111"",""period"":""2020,2021,2022,2023,2024,2025"",""includeDesc"":true},{""endpoint"":""https://comtradeapi.un.org/public/v1/preview/C/A/HS"",""reporterCode"":76,""reporterISO"":""BRA"",""flowCode"":""X"",""cmdCode"":""090111"",""period"":""2020,2021,2022,2023,2024,2025"",""includeDesc"":true},{""endpoint"":""https://comtradeapi.un.org/public/v1/preview/C/A/HS"",""reporterCode"":360,""reporterISO"":""IDN"",""flowCode"":""X"",""cmdCode"":""090111"",""period"":""2020,2021,2022,2023,2024,2025"",""includeDesc"":true}]}",C,A,20200101,2020,76,BRA,Brazil,528,NLD,Netherlands,0,W00,World,X,Export,H5,090111,Coffee; not roasted or decaffeinated,C00,TOTAL CPC,0,TOTAL MOT,8,kg,44872912,36223612,0,79008622,true,false,true,"{""typeCode"":""C"",""freqCode"":""A"",""refPeriodId"":20200101,""refYear"":2020,""refMonth"":52,""period"":""2020"",""reporterCode"":76,""reporterISO"":""BRA"",""reporterDesc"":""Brazil"",""flowCode"":""X"",""flowDesc"":""Export"",""partnerCode"":528,""partnerISO"":""NLD"",""partnerDesc"":""Netherlands"",""partner2Code"":0,""partner2ISO"":""W00"",""partner2Desc"":""World"",""classificationCode"":""H5"",""classificationSearchCode"":""HS"",""isOriginalClassification"":true,""cmdCode"":""090111"",""cmdDesc"":""Coffee; not roasted or decaffeinated"",""aggrLevel"":6,""isLeaf"":true,""customsCode"":""C00"",""customsDesc"":""TOTAL CPC"",""mosCode"":""0"",""motCode"":0,""motDesc"":""TOTAL MOT"",""qtyUnitCode"":8,""qtyUnitAbbr"":""kg"",""qty"":44872912,""isQtyEstimated"":false,""altQtyUnitCode"":-1,""altQtyUnitAbbr"":""N/A"",""altQty"":0,""isAltQtyEstimated"":false,""netWgt"":36223612,""isNetWgtEstimated"":false,""grossWgt"":0,""isGrossWgtEstimated"":false,""cifvalue"":null,""fobvalue"":79008622,""primaryValue"":79008622,""legacyEstimationFlag"":0,""isReported"":false,""isAggregate"":true}"
,UN Comtrade,https://comtradeapi.un.org/public/v1/preview/C/A/HS?reporterCode=76&flowCode=X&cmdCode=090111&period=2020&includeDesc=true,2026-05-30T18:34:22.015Z,"{""reporters"":[{""endpoint"":""https://comtradeapi.un.org/public/v1/preview/C/A/HS"",""reporterCode"":704,""reporterISO"":""VNM"",""flowCode"":""X"",""cmdCode"":""090111"",""period"":""2020,2021,2022,2023,2024,2025"",""includeDesc"":true},{""endpoint"":""https://comtradeapi.un.org/public/v1/preview/C/A/HS"",""reporterCode"":76,""reporterISO"":""BRA"",""flowCode"":""X"",""cmdCode"":""090111"",""period"":""2020,2021,2022,2023,2024,2025"",""includeDesc"":true},{""endpoint"":""https://comtradeapi.un.org/public/v1/preview/C/A/HS"",""reporterCode"":360,""reporterISO"":""IDN"",""flowCode"":""X"",""cmdCode"":""090111"",""period"":""2020,2021,2022,2023,2024,2025"",""includeDesc"":true}]}",C,A,20200101,2020,76,BRA,Brazil,554,NZL,New Zealand,0,W00,World,X,Export,H5,090111,Coffee; not roasted or decaffeinated,C00,TOTAL CPC,0,TOTAL MOT,8,kg,59892567,2977552,0,7867316,true,false,true,"{""typeCode"":""C"",""freqCode"":""A"",""refPeriodId"":20200101,""refYear"":2020,""refMonth"":52,""period"":""2020"",""reporterCode"":76,""reporterISO"":""BRA"",""reporterDesc"":""Brazil"",""flowCode"":""X"",""flowDesc"":""Export"",""partnerCode"":554,""partnerISO"":""NZL"",""partnerDesc"":""New Zealand"",""partner2Code"":0,""partner2ISO"":""W00"",""partner2Desc"":""World"",""classificationCode"":""H5"",""classificationSearchCode"":""HS"",""isOriginalClassification"":true,""cmdCode"":""090111"",""cmdDesc"":""Coffee; not roasted or decaffeinated"",""aggrLevel"":6,""isLeaf"":true,""customsCode"":""C00"",""customsDesc"":""TOTAL CPC"",""mosCode"":""0"",""motCode"":0,""motDesc"":""TOTAL MOT"",""qtyUnitCode"":8,""qtyUnitAbbr"":""kg"",""qty"":59892567,""isQtyEstimated"":false,""altQtyUnitCode"":-1,""altQtyUnitAbbr"":""N/A"",""altQty"":0,""isAltQtyEstimated"":false,""netWgt"":2977552,""isNetWgtEstimated"":false,""grossWgt"":0,""isGrossWgtEstimated"":false,""cifvalue"":null,""fobvalue"":7867316,""primaryValue"":7867316,""legacyEstimationFlag"":0,""isReported"":false,""isAggregate"":true}"
,UN Comtrade,https://comtradeapi.un.org/public/v1/preview/C/A/HS?reporterCode=76&flowCode=X&cmdCode=090111&period=2020&includeDesc=true,2026-05-30T18:34:22.015Z,"{""reporters"":[{""endpoint"":""https://comtradeapi.un.org/public/v1/preview/C/A/HS"",""reporterCode"":704,""reporterISO"":""VNM"",""flowCode"":""X"",""cmdCode"":""090111"",""period"":""2020,2021,2022,2023,2024,2025"",""includeDesc"":true},{""endpoint"":""https://comtradeapi.un.org/public/v1/preview/C/A/HS"",""reporterCode"":76,""reporterISO"":""BRA"",""flowCode"":""X"",""cmdCode"":""090111"",""period"":""2020,2021,2022,2023,2024,2025"",""includeDesc"":true},{""endpoint"":""https://comtradeapi.un.org/public/v1/preview/C/A/HS"",""reporterCode"":360,""reporterISO"":""IDN"",""flowCode"":""X"",""cmdCode"":""090111"",""period"":""2020,2021,2022,2023,2024,2025"",""includeDesc"":true}]}",C,A,20200101,2020,76,BRA,Brazil,579,NOR,Norway,0,W00,World,X,Export,H5,090111,Coffee; not roasted or decaffeinated,C00,TOTAL CPC,0,TOTAL MOT,8,kg,96044074,14406982,0,33643747,true,false,true,"{""typeCode"":""C"",""freqCode"":""A"",""refPeriodId"":20200101,""refYear"":2020,""refMonth"":52,""period"":""2020"",""reporterCode"":76,""reporterISO"":""BRA"",""reporterDesc"":""Brazil"",""flowCode"":""X"",""flowDesc"":""Export"",""partnerCode"":579,""partnerISO"":""NOR"",""partnerDesc"":""Norway"",""partner2Code"":0,""partner2ISO"":""W00"",""partner2Desc"":""World"",""classificationCode"":""H5"",""classificationSearchCode"":""HS"",""isOriginalClassification"":true,""cmdCode"":""090111"",""cmdDesc"":""Coffee; not roasted or decaffeinated"",""aggrLevel"":6,""isLeaf"":true,""customsCode"":""C00"",""customsDesc"":""TOTAL CPC"",""mosCode"":""0"",""motCode"":0,""motDesc"":""TOTAL MOT"",""qtyUnitCode"":8,""qtyUnitAbbr"":""kg"",""qty"":96044074,""isQtyEstimated"":false,""altQtyUnitCode"":-1,""altQtyUnitAbbr"":""N/A"",""altQty"":0,""isAltQtyEstimated"":false,""netWgt"":14406982,""isNetWgtEstimated"":false,""grossWgt"":0,""isGrossWgtEstimated"":false,""cifvalue"":null,""fobvalue"":33643747,""primaryValue"":33643747,""legacyEstimationFlag"":0,""isReported"":false,""isAggregate"":true}"
,UN Comtrade,https://comtradeapi.un.org/public/v1/preview/C/A/HS?reporterCode=76&flowCode=X&cmdCode=090111&period=2020&includeDesc=true,2026-05-30T18:34:22.015Z,"{""reporters"":[{""endpoint"":""https://comtradeapi.un.org/public/v1/preview/C/A/HS"",""reporterCode"":704,""reporterISO"":""VNM"",""flowCode"":""X"",""cmdCode"":""090111"",""period"":""2020,2021,2022,2023,2024,2025"",""includeDesc"":true},{""endpoint"":""https://comtradeapi.un.org/public/v1/preview/C/A/HS"",""reporterCode"":76,""reporterISO"":""BRA"",""flowCode"":""X"",""cmdCode"":""090111"",""period"":""2020,2021,2022,2023,2024,2025"",""includeDesc"":true},{""endpoint"":""https://comtradeapi.un.org/public/v1/preview/C/A/HS"",""reporterCode"":360,""reporterISO"":""IDN"",""flowCode"":""X"",""cmdCode"":""090111"",""period"":""2020,2021,2022,2023,2024,2025"",""includeDesc"":true}]}",C,A,20200101,2020,76,BRA,Brazil,584,MHL,Marshall Isds,0,W00,World,X,Export,H5,090111,Coffee; not roasted or decaffeinated,C00,TOTAL CPC,0,TOTAL MOT,8,kg,523,723,0,2824,true,false,true,"{""typeCode"":""C"",""freqCode"":""A"",""refPeriodId"":20200101,""refYear"":2020,""refMonth"":52,""period"":""2020"",""reporterCode"":76,""reporterISO"":""BRA"",""reporterDesc"":""Brazil"",""flowCode"":""X"",""flowDesc"":""Export"",""partnerCode"":584,""partnerISO"":""MHL"",""partnerDesc"":""Marshall Isds"",""partner2Code"":0,""partner2ISO"":""W00"",""partner2Desc"":""World"",""classificationCode"":""H5"",""classificationSearchCode"":""HS"",""isOriginalClassification"":true,""cmdCode"":""090111"",""cmdDesc"":""Coffee; not roasted or decaffeinated"",""aggrLevel"":6,""isLeaf"":true,""customsCode"":""C00"",""customsDesc"":""TOTAL CPC"",""mosCode"":""0"",""motCode"":0,""motDesc"":""TOTAL MOT"",""qtyUnitCode"":8,""qtyUnitAbbr"":""kg"",""qty"":523,""isQtyEstimated"":false,""altQtyUnitCode"":8,""altQtyUnitAbbr"":""kg"",""altQty"":523,""isAltQtyEstimated"":false,""netWgt"":723,""isNetWgtEstimated"":false,""grossWgt"":0,""isGrossWgtEstimated"":false,""cifvalue"":null,""fobvalue"":2824,""primaryValue"":2824,""legacyEstimationFlag"":0,""isReported"":false,""isAggregate"":true}"
,UN Comtrade,https://comtradeapi.un.org/public/v1/preview/C/A/HS?reporterCode=76&flowCode=X&cmdCode=090111&period=2020&includeDesc=true,2026-05-30T18:34:22.015Z,"{""reporters"":[{""endpoint"":""https://comtradeapi.un.org/public/v1/preview/C/A/HS"",""reporterCode"":704,""reporterISO"":""VNM"",""flowCode"":""X"",""cmdCode"":""090111"",""period"":""2020,2021,2022,2023,2024,2025"",""includeDesc"":true},{""endpoint"":""https://comtradeapi.un.org/public/v1/preview/C/A/HS"",""reporterCode"":76,""reporterISO"":""BRA"",""flowCode"":""X"",""cmdCode"":""090111"",""period"":""2020,2021,2022,2023,2024,2025"",""includeDesc"":true},{""endpoint"":""https://comtradeapi.un.org/public/v1/preview/C/A/HS"",""reporterCode"":360,""reporterISO"":""IDN"",""flowCode"":""X"",""cmdCode"":""090111"",""period"":""2020,2021,2022,2023,2024,2025"",""includeDesc"":true}]}",C,A,20200101,2020,76,BRA,Brazil,591,PAN,Panama,0,W00,World,X,Export,H5,090111,Coffee; not roasted or decaffeinated,C00,TOTAL CPC,0,TOTAL MOT,8,kg,635.862,1313.862,0,3171,true,false,true,"{""typeCode"":""C"",""freqCode"":""A"",""refPeriodId"":20200101,""refYear"":2020,""refMonth"":52,""period"":""2020"",""reporterCode"":76,""reporterISO"":""BRA"",""reporterDesc"":""Brazil"",""flowCode"":""X"",""flowDesc"":""Export"",""partnerCode"":591,""partnerISO"":""PAN"",""partnerDesc"":""Panama"",""partner2Code"":0,""partner2ISO"":""W00"",""partner2Desc"":""World"",""classificationCode"":""H5"",""classificationSearchCode"":""HS"",""isOriginalClassification"":true,""cmdCode"":""090111"",""cmdDesc"":""Coffee; not roasted or decaffeinated"",""aggrLevel"":6,""isLeaf"":true,""customsCode"":""C00"",""customsDesc"":""TOTAL CPC"",""mosCode"":""0"",""motCode"":0,""motDesc"":""TOTAL MOT"",""qtyUnitCode"":8,""qtyUnitAbbr"":""kg"",""qty"":635.862,""isQtyEstimated"":true,""altQtyUnitCode"":-1,""altQtyUnitAbbr"":""N/A"",""altQty"":0,""isAltQtyEstimated"":false,""netWgt"":1313.862,""isNetWgtEstimated"":true,""grossWgt"":0,""isGrossWgtEstimated"":false,""cifvalue"":null,""fobvalue"":3171,""primaryValue"":3171,""legacyEstimationFlag"":6,""isReported"":false,""isAggregate"":true}"
,UN Comtrade,https://comtradeapi.un.org/public/v1/preview/C/A/HS?reporterCode=76&flowCode=X&cmdCode=090111&period=2020&includeDesc=true,2026-05-30T18:34:22.015Z,"{""reporters"":[{""endpoint"":""https://comtradeapi.un.org/public/v1/preview/C/A/HS"",""reporterCode"":704,""reporterISO"":""VNM"",""flowCode"":""X"",""cmdCode"":""090111"",""period"":""2020,2021,2022,2023,2024,2025"",""includeDesc"":true},{""endpoint"":""https://comtradeapi.un.org/public/v1/preview/C/A/HS"",""reporterCode"":76,""reporterISO"":""BRA"",""flowCode"":""X"",""cmdCode"":""090111"",""period"":""2020,2021,2022,2023,2024,2025"",""includeDesc"":true},{""endpoint"":""https://comtradeapi.un.org/public/v1/preview/C/A/HS"",""reporterCode"":360,""reporterISO"":""IDN"",""flowCode"":""X"",""cmdCode"":""090111"",""period"":""2020,2021,2022,2023,2024,2025"",""includeDesc"":true}]}",C,A,20200101,2020,76,BRA,Brazil,600,PRY,Paraguay,0,W00,World,X,Export,H5,090111,Coffee; not roasted or decaffeinated,C00,TOTAL CPC,0,TOTAL MOT,8,kg,866600,864000,0,1298814,true,false,true,"{""typeCode"":""C"",""freqCode"":""A"",""refPeriodId"":20200101,""refYear"":2020,""refMonth"":52,""period"":""2020"",""reporterCode"":76,""reporterISO"":""BRA"",""reporterDesc"":""Brazil"",""flowCode"":""X"",""flowDesc"":""Export"",""partnerCode"":600,""partnerISO"":""PRY"",""partnerDesc"":""Paraguay"",""partner2Code"":0,""partner2ISO"":""W00"",""partner2Desc"":""World"",""classificationCode"":""H5"",""classificationSearchCode"":""HS"",""isOriginalClassification"":true,""cmdCode"":""090111"",""cmdDesc"":""Coffee; not roasted or decaffeinated"",""aggrLevel"":6,""isLeaf"":true,""customsCode"":""C00"",""customsDesc"":""TOTAL CPC"",""mosCode"":""0"",""motCode"":0,""motDesc"":""TOTAL MOT"",""qtyUnitCode"":8,""qtyUnitAbbr"":""kg"",""qty"":866600,""isQtyEstimated"":false,""altQtyUnitCode"":-1,""altQtyUnitAbbr"":""N/A"",""altQty"":0,""isAltQtyEstimated"":false,""netWgt"":864000,""isNetWgtEstimated"":false,""grossWgt"":0,""isGrossWgtEstimated"":false,""cifvalue"":null,""fobvalue"":1298814,""primaryValue"":1298814,""legacyEstimationFlag"":0,""isReported"":false,""isAggregate"":true}"
,UN Comtrade,https://comtradeapi.un.org/public/v1/preview/C/A/HS?reporterCode=76&flowCode=X&cmdCode=090111&period=2020&includeDesc=true,2026-05-30T18:34:22.015Z,"{""reporters"":[{""endpoint"":""https://comtradeapi.un.org/public/v1/preview/C/A/HS"",""reporterCode"":704,""reporterISO"":""VNM"",""flowCode"":""X"",""cmdCode"":""090111"",""period"":""2020,2021,2022,2023,2024,2025"",""includeDesc"":true},{""endpoint"":""https://comtradeapi.un.org/public/v1/preview/C/A/HS"",""reporterCode"":76,""reporterISO"":""BRA"",""flowCode"":""X"",""cmdCode"":""090111"",""period"":""2020,2021,2022,2023,2024,2025"",""includeDesc"":true},{""endpoint"":""https://comtradeapi.un.org/public/v1/preview/C/A/HS"",""reporterCode"":360,""reporterISO"":""IDN"",""flowCode"":""X"",""cmdCode"":""090111"",""period"":""2020,2021,2022,2023,2024,2025"",""includeDesc"":true}]}",C,A,20200101,2020,76,BRA,Brazil,604,PER,Peru,0,W00,World,X,Export,H5,090111,Coffee; not roasted or decaffeinated,C00,TOTAL CPC,0,TOTAL MOT,8,kg,308000,310200,0,471387,true,false,true,"{""typeCode"":""C"",""freqCode"":""A"",""refPeriodId"":20200101,""refYear"":2020,""refMonth"":52,""period"":""2020"",""reporterCode"":76,""reporterISO"":""BRA"",""reporterDesc"":""Brazil"",""flowCode"":""X"",""flowDesc"":""Export"",""partnerCode"":604,""partnerISO"":""PER"",""partnerDesc"":""Peru"",""partner2Code"":0,""partner2ISO"":""W00"",""partner2Desc"":""World"",""classificationCode"":""H5"",""classificationSearchCode"":""HS"",""isOriginalClassification"":true,""cmdCode"":""090111"",""cmdDesc"":""Coffee; not roasted or decaffeinated"",""aggrLevel"":6,""isLeaf"":true,""customsCode"":""C00"",""customsDesc"":""TOTAL CPC"",""mosCode"":""0"",""motCode"":0,""motDesc"":""TOTAL MOT"",""qtyUnitCode"":8,""qtyUnitAbbr"":""kg"",""qty"":308000,""isQtyEstimated"":false,""altQtyUnitCode"":21,""altQtyUnitAbbr"":""1000 KG"",""altQty"":308,""isAltQtyEstimated"":false,""netWgt"":310200,""isNetWgtEstimated"":false,""grossWgt"":0,""isGrossWgtEstimated"":false,""cifvalue"":null,""fobvalue"":471387,""primaryValue"":471387,""legacyEstimationFlag"":0,""isReported"":false,""isAggregate"":true}"
,UN Comtrade,https://comtradeapi.un.org/public/v1/preview/C/A/HS?reporterCode=76&flowCode=X&cmdCode=090111&period=2020&includeDesc=true,2026-05-30T18:34:22.015Z,"{""reporters"":[{""endpoint"":""https://comtradeapi.un.org/public/v1/preview/C/A/HS"",""reporterCode"":704,""reporterISO"":""VNM"",""flowCode"":""X"",""cmdCode"":""090111"",""period"":""2020,2021,2022,2023,2024,2025"",""includeDesc"":true},{""endpoint"":""https://comtradeapi.un.org/public/v1/preview/C/A/HS"",""reporterCode"":76,""reporterISO"":""BRA"",""flowCode"":""X"",""cmdCode"":""090111"",""period"":""2020,2021,2022,2023,2024,2025"",""includeDesc"":true},{""endpoint"":""https://comtradeapi.un.org/public/v1/preview/C/A/HS"",""reporterCode"":360,""reporterISO"":""IDN"",""flowCode"":""X"",""cmdCode"":""090111"",""period"":""2020,2021,2022,2023,2024,2025"",""includeDesc"":true}]}",C,A,20200101,2020,76,BRA,Brazil,608,PHL,Philippines,0,W00,World,X,Export,H5,090111,Coffee; not roasted or decaffeinated,C00,TOTAL CPC,0,TOTAL MOT,8,kg,637006,643183,0,1608829,true,false,true,"{""typeCode"":""C"",""freqCode"":""A"",""refPeriodId"":20200101,""refYear"":2020,""refMonth"":52,""period"":""2020"",""reporterCode"":76,""reporterISO"":""BRA"",""reporterDesc"":""Brazil"",""flowCode"":""X"",""flowDesc"":""Export"",""partnerCode"":608,""partnerISO"":""PHL"",""partnerDesc"":""Philippines"",""partner2Code"":0,""partner2ISO"":""W00"",""partner2Desc"":""World"",""classificationCode"":""H5"",""classificationSearchCode"":""HS"",""isOriginalClassification"":true,""cmdCode"":""090111"",""cmdDesc"":""Coffee; not roasted or decaffeinated"",""aggrLevel"":6,""isLeaf"":true,""customsCode"":""C00"",""customsDesc"":""TOTAL CPC"",""mosCode"":""0"",""motCode"":0,""motDesc"":""TOTAL MOT"",""qtyUnitCode"":8,""qtyUnitAbbr"":""kg"",""qty"":637006,""isQtyEstimated"":false,""altQtyUnitCode"":-1,""altQtyUnitAbbr"":""N/A"",""altQty"":0,""isAltQtyEstimated"":false,""netWgt"":643183,""isNetWgtEstimated"":false,""grossWgt"":0,""isGrossWgtEstimated"":false,""cifvalue"":null,""fobvalue"":1608829,""primaryValue"":1608829,""legacyEstimationFlag"":0,""isReported"":false,""isAggregate"":true}"
,UN Comtrade,https://comtradeapi.un.org/public/v1/preview/C/A/HS?reporterCode=76&flowCode=X&cmdCode=090111&period=2020&includeDesc=true,2026-05-30T18:34:22.015Z,"{""reporters"":[{""endpoint"":""https://comtradeapi.un.org/public/v1/preview/C/A/HS"",""reporterCode"":704,""reporterISO"":""VNM"",""flowCode"":""X"",""cmdCode"":""090111"",""period"":""2020,2021,2022,2023,2024,2025"",""includeDesc"":true},{""endpoint"":""https://comtradeapi.un.org/public/v1/preview/C/A/HS"",""reporterCode"":76,""reporterISO"":""BRA"",""flowCode"":""X"",""cmdCode"":""090111"",""period"":""2020,2021,2022,2023,2024,2025"",""includeDesc"":true},{""endpoint"":""https://comtradeapi.un.org/public/v1/preview/C/A/HS"",""reporterCode"":360,""reporterISO"":""IDN"",""flowCode"":""X"",""cmdCode"":""090111"",""period"":""2020,2021,2022,2023,2024,2025"",""includeDesc"":true}]}",C,A,20200101,2020,76,BRA,Brazil,616,POL,Poland,0,W00,World,X,Export,H5,090111,Coffee; not roasted or decaffeinated,C00,TOTAL CPC,0,TOTAL MOT,8,kg,777760960,12509150,0,25813322,true,false,true,"{""typeCode"":""C"",""freqCode"":""A"",""refPeriodId"":20200101,""refYear"":2020,""refMonth"":52,""period"":""2020"",""reporterCode"":76,""reporterISO"":""BRA"",""reporterDesc"":""Brazil"",""flowCode"":""X"",""flowDesc"":""Export"",""partnerCode"":616,""partnerISO"":""POL"",""partnerDesc"":""Poland"",""partner2Code"":0,""partner2ISO"":""W00"",""partner2Desc"":""World"",""classificationCode"":""H5"",""classificationSearchCode"":""HS"",""isOriginalClassification"":true,""cmdCode"":""090111"",""cmdDesc"":""Coffee; not roasted or decaffeinated"",""aggrLevel"":6,""isLeaf"":true,""customsCode"":""C00"",""customsDesc"":""TOTAL CPC"",""mosCode"":""0"",""motCode"":0,""motDesc"":""TOTAL MOT"",""qtyUnitCode"":8,""qtyUnitAbbr"":""kg"",""qty"":777760960,""isQtyEstimated"":false,""altQtyUnitCode"":21,""altQtyUnitAbbr"":""1000 KG"",""altQty"":1505396,""isAltQtyEstimated"":false,""netWgt"":12509150,""isNetWgtEstimated"":false,""grossWgt"":0,""isGrossWgtEstimated"":false,""cifvalue"":null,""fobvalue"":25813322,""primaryValue"":25813322,""legacyEstimationFlag"":0,""isReported"":false,""isAggregate"":true}"
,UN Comtrade,https://comtradeapi.un.org/public/v1/preview/C/A/HS?reporterCode=76&flowCode=X&cmdCode=090111&period=2020&includeDesc=true,2026-05-30T18:34:22.015Z,"{""reporters"":[{""endpoint"":""https://comtradeapi.un.org/public/v1/preview/C/A/HS"",""reporterCode"":704,""reporterISO"":""VNM"",""flowCode"":""X"",""cmdCode"":""090111"",""period"":""2020,2021,2022,2023,2024,2025"",""includeDesc"":true},{""endpoint"":""https://comtradeapi.un.org/public/v1/preview/C/A/HS"",""reporterCode"":76,""reporterISO"":""BRA"",""flowCode"":""X"",""cmdCode"":""090111"",""period"":""2020,2021,2022,2023,2024,2025"",""includeDesc"":true},{""endpoint"":""https://comtradeapi.un.org/public/v1/preview/C/A/HS"",""reporterCode"":360,""reporterISO"":""IDN"",""flowCode"":""X"",""cmdCode"":""090111"",""period"":""2020,2021,2022,2023,2024,2025"",""includeDesc"":true}]}",C,A,20200101,2020,76,BRA,Brazil,620,PRT,Portugal,0,W00,World,X,Export,H5,090111,Coffee; not roasted or decaffeinated,C00,TOTAL CPC,0,TOTAL MOT,8,kg,5843220.247,5828265.247,0,12626179,true,false,true,"{""typeCode"":""C"",""freqCode"":""A"",""refPeriodId"":20200101,""refYear"":2020,""refMonth"":52,""period"":""2020"",""reporterCode"":76,""reporterISO"":""BRA"",""reporterDesc"":""Brazil"",""flowCode"":""X"",""flowDesc"":""Export"",""partnerCode"":620,""partnerISO"":""PRT"",""partnerDesc"":""Portugal"",""partner2Code"":0,""partner2ISO"":""W00"",""partner2Desc"":""World"",""classificationCode"":""H5"",""classificationSearchCode"":""HS"",""isOriginalClassification"":true,""cmdCode"":""090111"",""cmdDesc"":""Coffee; not roasted or decaffeinated"",""aggrLevel"":6,""isLeaf"":true,""customsCode"":""C00"",""customsDesc"":""TOTAL CPC"",""mosCode"":""0"",""motCode"":0,""motDesc"":""TOTAL MOT"",""qtyUnitCode"":8,""qtyUnitAbbr"":""kg"",""qty"":5843220.247,""isQtyEstimated"":true,""altQtyUnitCode"":-1,""altQtyUnitAbbr"":""N/A"",""altQty"":0,""isAltQtyEstimated"":false,""netWgt"":5828265.247,""isNetWgtEstimated"":true,""grossWgt"":0,""isGrossWgtEstimated"":false,""cifvalue"":null,""fobvalue"":12626179,""primaryValue"":12626179,""legacyEstimationFlag"":6,""isReported"":false,""isAggregate"":true}"
,UN Comtrade,https://comtradeapi.un.org/public/v1/preview/C/A/HS?reporterCode=76&flowCode=X&cmdCode=090111&period=2020&includeDesc=true,2026-05-30T18:34:22.015Z,"{""reporters"":[{""endpoint"":""https://comtradeapi.un.org/public/v1/preview/C/A/HS"",""reporterCode"":704,""reporterISO"":""VNM"",""flowCode"":""X"",""cmdCode"":""090111"",""period"":""2020,2021,2022,2023,2024,2025"",""includeDesc"":true},{""endpoint"":""https://comtradeapi.un.org/public/v1/preview/C/A/HS"",""reporterCode"":76,""reporterISO"":""BRA"",""flowCode"":""X"",""cmdCode"":""090111"",""period"":""2020,2021,2022,2023,2024,2025"",""includeDesc"":true},{""endpoint"":""https://comtradeapi.un.org/public/v1/preview/C/A/HS"",""reporterCode"":360,""reporterISO"":""IDN"",""flowCode"":""X"",""cmdCode"":""090111"",""period"":""2020,2021,2022,2023,2024,2025"",""includeDesc"":true}]}",C,A,20200101,2020,76,BRA,Brazil,634,QAT,Qatar,0,W00,World,X,Export,H5,090111,Coffee; not roasted or decaffeinated,C00,TOTAL CPC,0,TOTAL MOT,8,kg,148049,149269,0,331602,true,false,true,"{""typeCode"":""C"",""freqCode"":""A"",""refPeriodId"":20200101,""refYear"":2020,""refMonth"":52,""period"":""2020"",""reporterCode"":76,""reporterISO"":""BRA"",""reporterDesc"":""Brazil"",""flowCode"":""X"",""flowDesc"":""Export"",""partnerCode"":634,""partnerISO"":""QAT"",""partnerDesc"":""Qatar"",""partner2Code"":0,""partner2ISO"":""W00"",""partner2Desc"":""World"",""classificationCode"":""H5"",""classificationSearchCode"":""HS"",""isOriginalClassification"":true,""cmdCode"":""090111"",""cmdDesc"":""Coffee; not roasted or decaffeinated"",""aggrLevel"":6,""isLeaf"":true,""customsCode"":""C00"",""customsDesc"":""TOTAL CPC"",""mosCode"":""0"",""motCode"":0,""motDesc"":""TOTAL MOT"",""qtyUnitCode"":8,""qtyUnitAbbr"":""kg"",""qty"":148049,""isQtyEstimated"":false,""altQtyUnitCode"":-1,""altQtyUnitAbbr"":""N/A"",""altQty"":0,""isAltQtyEstimated"":false,""netWgt"":149269,""isNetWgtEstimated"":false,""grossWgt"":0,""isGrossWgtEstimated"":false,""cifvalue"":null,""fobvalue"":331602,""primaryValue"":331602,""legacyEstimationFlag"":0,""isReported"":false,""isAggregate"":true}"
,UN Comtrade,https://comtradeapi.un.org/public/v1/preview/C/A/HS?reporterCode=76&flowCode=X&cmdCode=090111&period=2020&includeDesc=true,2026-05-30T18:34:22.015Z,"{""reporters"":[{""endpoint"":""https://comtradeapi.un.org/public/v1/preview/C/A/HS"",""reporterCode"":704,""reporterISO"":""VNM"",""flowCode"":""X"",""cmdCode"":""090111"",""period"":""2020,2021,2022,2023,2024,2025"",""includeDesc"":true},{""endpoint"":""https://comtradeapi.un.org/public/v1/preview/C/A/HS"",""reporterCode"":76,""reporterISO"":""BRA"",""flowCode"":""X"",""cmdCode"":""090111"",""period"":""2020,2021,2022,2023,2024,2025"",""includeDesc"":true},{""endpoint"":""https://comtradeapi.un.org/public/v1/preview/C/A/HS"",""reporterCode"":360,""reporterISO"":""IDN"",""flowCode"":""X"",""cmdCode"":""090111"",""period"":""2020,2021,2022,2023,2024,2025"",""includeDesc"":true}]}",C,A,20200101,2020,76,BRA,Brazil,642,ROU,Romania,0,W00,World,X,Export,H5,090111,Coffee; not roasted or decaffeinated,C00,TOTAL CPC,0,TOTAL MOT,8,kg,22393200,3230280,0,7161244,true,false,true,"{""typeCode"":""C"",""freqCode"":""A"",""refPeriodId"":20200101,""refYear"":2020,""refMonth"":52,""period"":""2020"",""reporterCode"":76,""reporterISO"":""BRA"",""reporterDesc"":""Brazil"",""flowCode"":""X"",""flowDesc"":""Export"",""partnerCode"":642,""partnerISO"":""ROU"",""partnerDesc"":""Romania"",""partner2Code"":0,""partner2ISO"":""W00"",""partner2Desc"":""World"",""classificationCode"":""H5"",""classificationSearchCode"":""HS"",""isOriginalClassification"":true,""cmdCode"":""090111"",""cmdDesc"":""Coffee; not roasted or decaffeinated"",""aggrLevel"":6,""isLeaf"":true,""customsCode"":""C00"",""customsDesc"":""TOTAL CPC"",""mosCode"":""0"",""motCode"":0,""motDesc"":""TOTAL MOT"",""qtyUnitCode"":8,""qtyUnitAbbr"":""kg"",""qty"":22393200,""isQtyEstimated"":false,""altQtyUnitCode"":21,""altQtyUnitAbbr"":""1000 KG"",""altQty"":49950,""isAltQtyEstimated"":false,""netWgt"":3230280,""isNetWgtEstimated"":false,""grossWgt"":0,""isGrossWgtEstimated"":false,""cifvalue"":null,""fobvalue"":7161244,""primaryValue"":7161244,""legacyEstimationFlag"":0,""isReported"":false,""isAggregate"":true}"
,UN Comtrade,https://comtradeapi.un.org/public/v1/preview/C/A/HS?reporterCode=76&flowCode=X&cmdCode=090111&period=2020&includeDesc=true,2026-05-30T18:34:22.015Z,"{""reporters"":[{""endpoint"":""https://comtradeapi.un.org/public/v1/preview/C/A/HS"",""reporterCode"":704,""reporterISO"":""VNM"",""flowCode"":""X"",""cmdCode"":""090111"",""period"":""2020,2021,2022,2023,2024,2025"",""includeDesc"":true},{""endpoint"":""https://comtradeapi.un.org/public/v1/preview/C/A/HS"",""reporterCode"":76,""reporterISO"":""BRA"",""flowCode"":""X"",""cmdCode"":""090111"",""period"":""2020,2021,2022,2023,2024,2025"",""includeDesc"":true},{""endpoint"":""https://comtradeapi.un.org/public/v1/preview/C/A/HS"",""reporterCode"":360,""reporterISO"":""IDN"",""flowCode"":""X"",""cmdCode"":""090111"",""period"":""2020,2021,2022,2023,2024,2025"",""includeDesc"":true}]}",C,A,20200101,2020,76,BRA,Brazil,643,RUS,Russian Federation,0,W00,World,X,Export,H5,090111,Coffee; not roasted or decaffeinated,C00,TOTAL CPC,0,TOTAL MOT,8,kg,96288605.247,54477825.247,0,111316166,true,false,true,"{""typeCode"":""C"",""freqCode"":""A"",""refPeriodId"":20200101,""refYear"":2020,""refMonth"":52,""period"":""2020"",""reporterCode"":76,""reporterISO"":""BRA"",""reporterDesc"":""Brazil"",""flowCode"":""X"",""flowDesc"":""Export"",""partnerCode"":643,""partnerISO"":""RUS"",""partnerDesc"":""Russian Federation"",""partner2Code"":0,""partner2ISO"":""W00"",""partner2Desc"":""World"",""classificationCode"":""H5"",""classificationSearchCode"":""HS"",""isOriginalClassification"":true,""cmdCode"":""090111"",""cmdDesc"":""Coffee; not roasted or decaffeinated"",""aggrLevel"":6,""isLeaf"":true,""customsCode"":""C00"",""customsDesc"":""TOTAL CPC"",""mosCode"":""0"",""motCode"":0,""motDesc"":""TOTAL MOT"",""qtyUnitCode"":8,""qtyUnitAbbr"":""kg"",""qty"":96288605.247,""isQtyEstimated"":true,""altQtyUnitCode"":-1,""altQtyUnitAbbr"":""N/A"",""altQty"":0,""isAltQtyEstimated"":false,""netWgt"":54477825.247,""isNetWgtEstimated"":true,""grossWgt"":0,""isGrossWgtEstimated"":false,""cifvalue"":null,""fobvalue"":111316166,""primaryValue"":111316166,""legacyEstimationFlag"":6,""isReported"":false,""isAggregate"":true}"
,UN Comtrade,https://comtradeapi.un.org/public/v1/preview/C/A/HS?reporterCode=76&flowCode=X&cmdCode=090111&period=2020&includeDesc=true,2026-05-30T18:34:22.015Z,"{""reporters"":[{""endpoint"":""https://comtradeapi.un.org/public/v1/preview/C/A/HS"",""reporterCode"":704,""reporterISO"":""VNM"",""flowCode"":""X"",""cmdCode"":""090111"",""period"":""2020,2021,2022,2023,2024,2025"",""includeDesc"":true},{""endpoint"":""https://comtradeapi.un.org/public/v1/preview/C/A/HS"",""reporterCode"":76,""reporterISO"":""BRA"",""flowCode"":""X"",""cmdCode"":""090111"",""period"":""2020,2021,2022,2023,2024,2025"",""includeDesc"":true},{""endpoint"":""https://comtradeapi.un.org/public/v1/preview/C/A/HS"",""reporterCode"":360,""reporterISO"":""IDN"",""flowCode"":""X"",""cmdCode"":""090111"",""period"":""2020,2021,2022,2023,2024,2025"",""includeDesc"":true}]}",C,A,20200101,2020,76,BRA,Brazil,682,SAU,Saudi Arabia,0,W00,World,X,Export,H5,090111,Coffee; not roasted or decaffeinated,C00,TOTAL CPC,0,TOTAL MOT,8,kg,6457067.954,6192896.954,0,13494730,true,false,true,"{""typeCode"":""C"",""freqCode"":""A"",""refPeriodId"":20200101,""refYear"":2020,""refMonth"":52,""period"":""2020"",""reporterCode"":76,""reporterISO"":""BRA"",""reporterDesc"":""Brazil"",""flowCode"":""X"",""flowDesc"":""Export"",""partnerCode"":682,""partnerISO"":""SAU"",""partnerDesc"":""Saudi Arabia"",""partner2Code"":0,""partner2ISO"":""W00"",""partner2Desc"":""World"",""classificationCode"":""H5"",""classificationSearchCode"":""HS"",""isOriginalClassification"":true,""cmdCode"":""090111"",""cmdDesc"":""Coffee; not roasted or decaffeinated"",""aggrLevel"":6,""isLeaf"":true,""customsCode"":""C00"",""customsDesc"":""TOTAL CPC"",""mosCode"":""0"",""motCode"":0,""motDesc"":""TOTAL MOT"",""qtyUnitCode"":8,""qtyUnitAbbr"":""kg"",""qty"":6457067.954,""isQtyEstimated"":true,""altQtyUnitCode"":-1,""altQtyUnitAbbr"":""N/A"",""altQty"":0,""isAltQtyEstimated"":false,""netWgt"":6192896.954,""isNetWgtEstimated"":true,""grossWgt"":0,""isGrossWgtEstimated"":false,""cifvalue"":null,""fobvalue"":13494730,""primaryValue"":13494730,""legacyEstimationFlag"":6,""isReported"":false,""isAggregate"":true}"
,UN Comtrade,https://comtradeapi.un.org/public/v1/preview/C/A/HS?reporterCode=76&flowCode=X&cmdCode=090111&period=2020&includeDesc=true,2026-05-30T18:34:22.015Z,"{""reporters"":[{""endpoint"":""https://comtradeapi.un.org/public/v1/preview/C/A/HS"",""reporterCode"":704,""reporterISO"":""VNM"",""flowCode"":""X"",""cmdCode"":""090111"",""period"":""2020,2021,2022,2023,2024,2025"",""includeDesc"":true},{""endpoint"":""https://comtradeapi.un.org/public/v1/preview/C/A/HS"",""reporterCode"":76,""reporterISO"":""BRA"",""flowCode"":""X"",""cmdCode"":""090111"",""period"":""2020,2021,2022,2023,2024,2025"",""includeDesc"":true},{""endpoint"":""https://comtradeapi.un.org/public/v1/preview/C/A/HS"",""reporterCode"":360,""reporterISO"":""IDN"",""flowCode"":""X"",""cmdCode"":""090111"",""period"":""2020,2021,2022,2023,2024,2025"",""includeDesc"":true}]}",C,A,20200101,2020,76,BRA,Brazil,686,SEN,Senegal,0,W00,World,X,Export,H5,090111,Coffee; not roasted or decaffeinated,C00,TOTAL CPC,0,TOTAL MOT,8,kg,20,20,0,19,true,false,true,"{""typeCode"":""C"",""freqCode"":""A"",""refPeriodId"":20200101,""refYear"":2020,""refMonth"":52,""period"":""2020"",""reporterCode"":76,""reporterISO"":""BRA"",""reporterDesc"":""Brazil"",""flowCode"":""X"",""flowDesc"":""Export"",""partnerCode"":686,""partnerISO"":""SEN"",""partnerDesc"":""Senegal"",""partner2Code"":0,""partner2ISO"":""W00"",""partner2Desc"":""World"",""classificationCode"":""H5"",""classificationSearchCode"":""HS"",""isOriginalClassification"":true,""cmdCode"":""090111"",""cmdDesc"":""Coffee; not roasted or decaffeinated"",""aggrLevel"":6,""isLeaf"":true,""customsCode"":""C00"",""customsDesc"":""TOTAL CPC"",""mosCode"":""0"",""motCode"":0,""motDesc"":""TOTAL MOT"",""qtyUnitCode"":8,""qtyUnitAbbr"":""kg"",""qty"":20,""isQtyEstimated"":false,""altQtyUnitCode"":8,""altQtyUnitAbbr"":""kg"",""altQty"":20,""isAltQtyEstimated"":false,""netWgt"":20,""isNetWgtEstimated"":false,""grossWgt"":0,""isGrossWgtEstimated"":false,""cifvalue"":null,""fobvalue"":19,""primaryValue"":19,""legacyEstimationFlag"":0,""isReported"":false,""isAggregate"":true}"
,UN Comtrade,https://comtradeapi.un.org/public/v1/preview/C/A/HS?reporterCode=76&flowCode=X&cmdCode=090111&period=2020&includeDesc=true,2026-05-30T18:34:22.015Z,"{""reporters"":[{""endpoint"":""https://comtradeapi.un.org/public/v1/preview/C/A/HS"",""reporterCode"":704,""reporterISO"":""VNM"",""flowCode"":""X"",""cmdCode"":""090111"",""period"":""2020,2021,2022,2023,2024,2025"",""includeDesc"":true},{""endpoint"":""https://comtradeapi.un.org/public/v1/preview/C/A/HS"",""reporterCode"":76,""reporterISO"":""BRA"",""flowCode"":""X"",""cmdCode"":""090111"",""period"":""2020,2021,2022,2023,2024,2025"",""includeDesc"":true},{""endpoint"":""https://comtradeapi.un.org/public/v1/preview/C/A/HS"",""reporterCode"":360,""reporterISO"":""IDN"",""flowCode"":""X"",""cmdCode"":""090111"",""period"":""2020,2021,2022,2023,2024,2025"",""includeDesc"":true}]}",C,A,20200101,2020,76,BRA,Brazil,699,IND,India,0,W00,World,X,Export,H5,090111,Coffee; not roasted or decaffeinated,C00,TOTAL CPC,0,TOTAL MOT,8,kg,3135000,3132060,0,3847056,true,false,true,"{""typeCode"":""C"",""freqCode"":""A"",""refPeriodId"":20200101,""refYear"":2020,""refMonth"":52,""period"":""2020"",""reporterCode"":76,""reporterISO"":""BRA"",""reporterDesc"":""Brazil"",""flowCode"":""X"",""flowDesc"":""Export"",""partnerCode"":699,""partnerISO"":""IND"",""partnerDesc"":""India"",""partner2Code"":0,""partner2ISO"":""W00"",""partner2Desc"":""World"",""classificationCode"":""H5"",""classificationSearchCode"":""HS"",""isOriginalClassification"":true,""cmdCode"":""090111"",""cmdDesc"":""Coffee; not roasted or decaffeinated"",""aggrLevel"":6,""isLeaf"":true,""customsCode"":""C00"",""customsDesc"":""TOTAL CPC"",""mosCode"":""0"",""motCode"":0,""motDesc"":""TOTAL MOT"",""qtyUnitCode"":8,""qtyUnitAbbr"":""kg"",""qty"":3135000,""isQtyEstimated"":false,""altQtyUnitCode"":21,""altQtyUnitAbbr"":""1000 KG"",""altQty"":3135,""isAltQtyEstimated"":false,""netWgt"":3132060,""isNetWgtEstimated"":false,""grossWgt"":0,""isGrossWgtEstimated"":false,""cifvalue"":null,""fobvalue"":3847056,""primaryValue"":3847056,""legacyEstimationFlag"":0,""isReported"":false,""isAggregate"":true}"
,UN Comtrade,https://comtradeapi.un.org/public/v1/preview/C/A/HS?reporterCode=76&flowCode=X&cmdCode=090111&period=2020&includeDesc=true,2026-05-30T18:34:22.015Z,"{""reporters"":[{""endpoint"":""https://comtradeapi.un.org/public/v1/preview/C/A/HS"",""reporterCode"":704,""reporterISO"":""VNM"",""flowCode"":""X"",""cmdCode"":""090111"",""period"":""2020,2021,2022,2023,2024,2025"",""includeDesc"":true},{""endpoint"":""https://comtradeapi.un.org/public/v1/preview/C/A/HS"",""reporterCode"":76,""reporterISO"":""BRA"",""flowCode"":""X"",""cmdCode"":""090111"",""period"":""2020,2021,2022,2023,2024,2025"",""includeDesc"":true},{""endpoint"":""https://comtradeapi.un.org/public/v1/preview/C/A/HS"",""reporterCode"":360,""reporterISO"":""IDN"",""flowCode"":""X"",""cmdCode"":""090111"",""period"":""2020,2021,2022,2023,2024,2025"",""includeDesc"":true}]}",C,A,20200101,2020,76,BRA,Brazil,702,SGP,Singapore,0,W00,World,X,Export,H5,090111,Coffee; not roasted or decaffeinated,C00,TOTAL CPC,0,TOTAL MOT,8,kg,711205,700626,0,2024976,true,false,true,"{""typeCode"":""C"",""freqCode"":""A"",""refPeriodId"":20200101,""refYear"":2020,""refMonth"":52,""period"":""2020"",""reporterCode"":76,""reporterISO"":""BRA"",""reporterDesc"":""Brazil"",""flowCode"":""X"",""flowDesc"":""Export"",""partnerCode"":702,""partnerISO"":""SGP"",""partnerDesc"":""Singapore"",""partner2Code"":0,""partner2ISO"":""W00"",""partner2Desc"":""World"",""classificationCode"":""H5"",""classificationSearchCode"":""HS"",""isOriginalClassification"":true,""cmdCode"":""090111"",""cmdDesc"":""Coffee; not roasted or decaffeinated"",""aggrLevel"":6,""isLeaf"":true,""customsCode"":""C00"",""customsDesc"":""TOTAL CPC"",""mosCode"":""0"",""motCode"":0,""motDesc"":""TOTAL MOT"",""qtyUnitCode"":8,""qtyUnitAbbr"":""kg"",""qty"":711205,""isQtyEstimated"":false,""altQtyUnitCode"":-1,""altQtyUnitAbbr"":""N/A"",""altQty"":0,""isAltQtyEstimated"":false,""netWgt"":700626,""isNetWgtEstimated"":false,""grossWgt"":0,""isGrossWgtEstimated"":false,""cifvalue"":null,""fobvalue"":2024976,""primaryValue"":2024976,""legacyEstimationFlag"":0,""isReported"":false,""isAggregate"":true}"
,UN Comtrade,https://comtradeapi.un.org/public/v1/preview/C/A/HS?reporterCode=76&flowCode=X&cmdCode=090111&period=2020&includeDesc=true,2026-05-30T18:34:22.015Z,"{""reporters"":[{""endpoint"":""https://comtradeapi.un.org/public/v1/preview/C/A/HS"",""reporterCode"":704,""reporterISO"":""VNM"",""flowCode"":""X"",""cmdCode"":""090111"",""period"":""2020,2021,2022,2023,2024,2025"",""includeDesc"":true},{""endpoint"":""https://comtradeapi.un.org/public/v1/preview/C/A/HS"",""reporterCode"":76,""reporterISO"":""BRA"",""flowCode"":""X"",""cmdCode"":""090111"",""period"":""2020,2021,2022,2023,2024,2025"",""includeDesc"":true},{""endpoint"":""https://comtradeapi.un.org/public/v1/preview/C/A/HS"",""reporterCode"":360,""reporterISO"":""IDN"",""flowCode"":""X"",""cmdCode"":""090111"",""period"":""2020,2021,2022,2023,2024,2025"",""includeDesc"":true}]}",C,A,20200101,2020,76,BRA,Brazil,703,SVK,Slovakia,0,W00,World,X,Export,H5,090111,Coffee; not roasted or decaffeinated,C00,TOTAL CPC,0,TOTAL MOT,8,kg,7168000,7166021,0,13423348,true,false,true,"{""typeCode"":""C"",""freqCode"":""A"",""refPeriodId"":20200101,""refYear"":2020,""refMonth"":52,""period"":""2020"",""reporterCode"":76,""reporterISO"":""BRA"",""reporterDesc"":""Brazil"",""flowCode"":""X"",""flowDesc"":""Export"",""partnerCode"":703,""partnerISO"":""SVK"",""partnerDesc"":""Slovakia"",""partner2Code"":0,""partner2ISO"":""W00"",""partner2Desc"":""World"",""classificationCode"":""H5"",""classificationSearchCode"":""HS"",""isOriginalClassification"":true,""cmdCode"":""090111"",""cmdDesc"":""Coffee; not roasted or decaffeinated"",""aggrLevel"":6,""isLeaf"":true,""customsCode"":""C00"",""customsDesc"":""TOTAL CPC"",""mosCode"":""0"",""motCode"":0,""motDesc"":""TOTAL MOT"",""qtyUnitCode"":8,""qtyUnitAbbr"":""kg"",""qty"":7168000,""isQtyEstimated"":false,""altQtyUnitCode"":21,""altQtyUnitAbbr"":""1000 KG"",""altQty"":7168,""isAltQtyEstimated"":false,""netWgt"":7166021,""isNetWgtEstimated"":false,""grossWgt"":0,""isGrossWgtEstimated"":false,""cifvalue"":null,""fobvalue"":13423348,""primaryValue"":13423348,""legacyEstimationFlag"":0,""isReported"":false,""isAggregate"":true}"
,UN Comtrade,https://comtradeapi.un.org/public/v1/preview/C/A/HS?reporterCode=76&flowCode=X&cmdCode=090111&period=2020&includeDesc=true,2026-05-30T18:34:22.015Z,"{""reporters"":[{""endpoint"":""https://comtradeapi.un.org/public/v1/preview/C/A/HS"",""reporterCode"":704,""reporterISO"":""VNM"",""flowCode"":""X"",""cmdCode"":""090111"",""period"":""2020,2021,2022,2023,2024,2025"",""includeDesc"":true},{""endpoint"":""https://comtradeapi.un.org/public/v1/preview/C/A/HS"",""reporterCode"":76,""reporterISO"":""BRA"",""flowCode"":""X"",""cmdCode"":""090111"",""period"":""2020,2021,2022,2023,2024,2025"",""includeDesc"":true},{""endpoint"":""https://comtradeapi.un.org/public/v1/preview/C/A/HS"",""reporterCode"":360,""reporterISO"":""IDN"",""flowCode"":""X"",""cmdCode"":""090111"",""period"":""2020,2021,2022,2023,2024,2025"",""includeDesc"":true}]}",C,A,20200101,2020,76,BRA,Brazil,704,VNM,Viet Nam,0,W00,World,X,Export,H5,090111,Coffee; not roasted or decaffeinated,C00,TOTAL CPC,0,TOTAL MOT,8,kg,6964003,6941128,0,9354873,true,false,true,"{""typeCode"":""C"",""freqCode"":""A"",""refPeriodId"":20200101,""refYear"":2020,""refMonth"":52,""period"":""2020"",""reporterCode"":76,""reporterISO"":""BRA"",""reporterDesc"":""Brazil"",""flowCode"":""X"",""flowDesc"":""Export"",""partnerCode"":704,""partnerISO"":""VNM"",""partnerDesc"":""Viet Nam"",""partner2Code"":0,""partner2ISO"":""W00"",""partner2Desc"":""World"",""classificationCode"":""H5"",""classificationSearchCode"":""HS"",""isOriginalClassification"":true,""cmdCode"":""090111"",""cmdDesc"":""Coffee; not roasted or decaffeinated"",""aggrLevel"":6,""isLeaf"":true,""customsCode"":""C00"",""customsDesc"":""TOTAL CPC"",""mosCode"":""0"",""motCode"":0,""motDesc"":""TOTAL MOT"",""qtyUnitCode"":8,""qtyUnitAbbr"":""kg"",""qty"":6964003,""isQtyEstimated"":false,""altQtyUnitCode"":-1,""altQtyUnitAbbr"":""N/A"",""altQty"":0,""isAltQtyEstimated"":false,""netWgt"":6941128,""isNetWgtEstimated"":false,""grossWgt"":0,""isGrossWgtEstimated"":false,""cifvalue"":null,""fobvalue"":9354873,""primaryValue"":9354873,""legacyEstimationFlag"":0,""isReported"":false,""isAggregate"":true}"
,UN Comtrade,https://comtradeapi.un.org/public/v1/preview/C/A/HS?reporterCode=76&flowCode=X&cmdCode=090111&period=2020&includeDesc=true,2026-05-30T18:34:22.015Z,"{""reporters"":[{""endpoint"":""https://comtradeapi.un.org/public/v1/preview/C/A/HS"",""reporterCode"":704,""reporterISO"":""VNM"",""flowCode"":""X"",""cmdCode"":""090111"",""period"":""2020,2021,2022,2023,2024,2025"",""includeDesc"":true},{""endpoint"":""https://comtradeapi.un.org/public/v1/preview/C/A/HS"",""reporterCode"":76,""reporterISO"":""BRA"",""flowCode"":""X"",""cmdCode"":""090111"",""period"":""2020,2021,2022,2023,2024,2025"",""includeDesc"":true},{""endpoint"":""https://comtradeapi.un.org/public/v1/preview/C/A/HS"",""reporterCode"":360,""reporterISO"":""IDN"",""flowCode"":""X"",""cmdCode"":""090111"",""period"":""2020,2021,2022,2023,2024,2025"",""includeDesc"":true}]}",C,A,20200101,2020,76,BRA,Brazil,705,SVN,Slovenia,0,W00,World,X,Export,H5,090111,Coffee; not roasted or decaffeinated,C00,TOTAL CPC,0,TOTAL MOT,8,kg,21864535,21931560,0,38214048,true,false,true,"{""typeCode"":""C"",""freqCode"":""A"",""refPeriodId"":20200101,""refYear"":2020,""refMonth"":52,""period"":""2020"",""reporterCode"":76,""reporterISO"":""BRA"",""reporterDesc"":""Brazil"",""flowCode"":""X"",""flowDesc"":""Export"",""partnerCode"":705,""partnerISO"":""SVN"",""partnerDesc"":""Slovenia"",""partner2Code"":0,""partner2ISO"":""W00"",""partner2Desc"":""World"",""classificationCode"":""H5"",""classificationSearchCode"":""HS"",""isOriginalClassification"":true,""cmdCode"":""090111"",""cmdDesc"":""Coffee; not roasted or decaffeinated"",""aggrLevel"":6,""isLeaf"":true,""customsCode"":""C00"",""customsDesc"":""TOTAL CPC"",""mosCode"":""0"",""motCode"":0,""motDesc"":""TOTAL MOT"",""qtyUnitCode"":8,""qtyUnitAbbr"":""kg"",""qty"":21864535,""isQtyEstimated"":false,""altQtyUnitCode"":-1,""altQtyUnitAbbr"":""N/A"",""altQty"":0,""isAltQtyEstimated"":false,""netWgt"":21931560,""isNetWgtEstimated"":false,""grossWgt"":0,""isGrossWgtEstimated"":false,""cifvalue"":null,""fobvalue"":38214048,""primaryValue"":38214048,""legacyEstimationFlag"":0,""isReported"":false,""isAggregate"":true}"
,UN Comtrade,https://comtradeapi.un.org/public/v1/preview/C/A/HS?reporterCode=76&flowCode=X&cmdCode=090111&period=2020&includeDesc=true,2026-05-30T18:34:22.015Z,"{""reporters"":[{""endpoint"":""https://comtradeapi.un.org/public/v1/preview/C/A/HS"",""reporterCode"":704,""reporterISO"":""VNM"",""flowCode"":""X"",""cmdCode"":""090111"",""period"":""2020,2021,2022,2023,2024,2025"",""includeDesc"":true},{""endpoint"":""https://comtradeapi.un.org/public/v1/preview/C/A/HS"",""reporterCode"":76,""reporterISO"":""BRA"",""flowCode"":""X"",""cmdCode"":""090111"",""period"":""2020,2021,2022,2023,2024,2025"",""includeDesc"":true},{""endpoint"":""https://comtradeapi.un.org/public/v1/preview/C/A/HS"",""reporterCode"":360,""reporterISO"":""IDN"",""flowCode"":""X"",""cmdCode"":""090111"",""period"":""2020,2021,2022,2023,2024,2025"",""includeDesc"":true}]}",C,A,20200101,2020,76,BRA,Brazil,710,ZAF,South Africa,0,W00,World,X,Export,H5,090111,Coffee; not roasted or decaffeinated,C00,TOTAL CPC,0,TOTAL MOT,8,kg,37352000,18044190,0,26171509,true,false,true,"{""typeCode"":""C"",""freqCode"":""A"",""refPeriodId"":20200101,""refYear"":2020,""refMonth"":52,""period"":""2020"",""reporterCode"":76,""reporterISO"":""BRA"",""reporterDesc"":""Brazil"",""flowCode"":""X"",""flowDesc"":""Export"",""partnerCode"":710,""partnerISO"":""ZAF"",""partnerDesc"":""South Africa"",""partner2Code"":0,""partner2ISO"":""W00"",""partner2Desc"":""World"",""classificationCode"":""H5"",""classificationSearchCode"":""HS"",""isOriginalClassification"":true,""cmdCode"":""090111"",""cmdDesc"":""Coffee; not roasted or decaffeinated"",""aggrLevel"":6,""isLeaf"":true,""customsCode"":""C00"",""customsDesc"":""TOTAL CPC"",""mosCode"":""0"",""motCode"":0,""motDesc"":""TOTAL MOT"",""qtyUnitCode"":8,""qtyUnitAbbr"":""kg"",""qty"":37352000,""isQtyEstimated"":false,""altQtyUnitCode"":21,""altQtyUnitAbbr"":""1000 KG"",""altQty"":37352,""isAltQtyEstimated"":false,""netWgt"":18044190,""isNetWgtEstimated"":false,""grossWgt"":0,""isGrossWgtEstimated"":false,""cifvalue"":null,""fobvalue"":26171509,""primaryValue"":26171509,""legacyEstimationFlag"":0,""isReported"":false,""isAggregate"":true}"
,UN Comtrade,https://comtradeapi.un.org/public/v1/preview/C/A/HS?reporterCode=76&flowCode=X&cmdCode=090111&period=2020&includeDesc=true,2026-05-30T18:34:22.015Z,"{""reporters"":[{""endpoint"":""https://comtradeapi.un.org/public/v1/preview/C/A/HS"",""reporterCode"":704,""reporterISO"":""VNM"",""flowCode"":""X"",""cmdCode"":""090111"",""period"":""2020,2021,2022,2023,2024,2025"",""includeDesc"":true},{""endpoint"":""https://comtradeapi.un.org/public/v1/preview/C/A/HS"",""reporterCode"":76,""reporterISO"":""BRA"",""flowCode"":""X"",""cmdCode"":""090111"",""period"":""2020,2021,2022,2023,2024,2025"",""includeDesc"":true},{""endpoint"":""https://comtradeapi.un.org/public/v1/preview/C/A/HS"",""reporterCode"":360,""reporterISO"":""IDN"",""flowCode"":""X"",""cmdCode"":""090111"",""period"":""2020,2021,2022,2023,2024,2025"",""includeDesc"":true}]}",C,A,20200101,2020,76,BRA,Brazil,724,ESP,Spain,0,W00,World,X,Export,H5,090111,Coffee; not roasted or decaffeinated,C00,TOTAL CPC,0,TOTAL MOT,8,kg,207467755,51715628,0,106835576,true,false,true,"{""typeCode"":""C"",""freqCode"":""A"",""refPeriodId"":20200101,""refYear"":2020,""refMonth"":52,""period"":""2020"",""reporterCode"":76,""reporterISO"":""BRA"",""reporterDesc"":""Brazil"",""flowCode"":""X"",""flowDesc"":""Export"",""partnerCode"":724,""partnerISO"":""ESP"",""partnerDesc"":""Spain"",""partner2Code"":0,""partner2ISO"":""W00"",""partner2Desc"":""World"",""classificationCode"":""H5"",""classificationSearchCode"":""HS"",""isOriginalClassification"":true,""cmdCode"":""090111"",""cmdDesc"":""Coffee; not roasted or decaffeinated"",""aggrLevel"":6,""isLeaf"":true,""customsCode"":""C00"",""customsDesc"":""TOTAL CPC"",""mosCode"":""0"",""motCode"":0,""motDesc"":""TOTAL MOT"",""qtyUnitCode"":8,""qtyUnitAbbr"":""kg"",""qty"":207467755,""isQtyEstimated"":false,""altQtyUnitCode"":-1,""altQtyUnitAbbr"":""N/A"",""altQty"":0,""isAltQtyEstimated"":false,""netWgt"":51715628,""isNetWgtEstimated"":false,""grossWgt"":0,""isGrossWgtEstimated"":false,""cifvalue"":null,""fobvalue"":106835576,""primaryValue"":106835576,""legacyEstimationFlag"":0,""isReported"":false,""isAggregate"":true}"
,UN Comtrade,https://comtradeapi.un.org/public/v1/preview/C/A/HS?reporterCode=76&flowCode=X&cmdCode=090111&period=2020&includeDesc=true,2026-05-30T18:34:22.015Z,"{""reporters"":[{""endpoint"":""https://comtradeapi.un.org/public/v1/preview/C/A/HS"",""reporterCode"":704,""reporterISO"":""VNM"",""flowCode"":""X"",""cmdCode"":""090111"",""period"":""2020,2021,2022,2023,2024,2025"",""includeDesc"":true},{""endpoint"":""https://comtradeapi.un.org/public/v1/preview/C/A/HS"",""reporterCode"":76,""reporterISO"":""BRA"",""flowCode"":""X"",""cmdCode"":""090111"",""period"":""2020,2021,2022,2023,2024,2025"",""includeDesc"":true},{""endpoint"":""https://comtradeapi.un.org/public/v1/preview/C/A/HS"",""reporterCode"":360,""reporterISO"":""IDN"",""flowCode"":""X"",""cmdCode"":""090111"",""period"":""2020,2021,2022,2023,2024,2025"",""includeDesc"":true}]}",C,A,20200101,2020,76,BRA,Brazil,752,SWE,Sweden,0,W00,World,X,Export,H5,090111,Coffee; not roasted or decaffeinated,C00,TOTAL CPC,0,TOTAL MOT,8,kg,108677000,42342771,0,93988610,true,false,true,"{""typeCode"":""C"",""freqCode"":""A"",""refPeriodId"":20200101,""refYear"":2020,""refMonth"":52,""period"":""2020"",""reporterCode"":76,""reporterISO"":""BRA"",""reporterDesc"":""Brazil"",""flowCode"":""X"",""flowDesc"":""Export"",""partnerCode"":752,""partnerISO"":""SWE"",""partnerDesc"":""Sweden"",""partner2Code"":0,""partner2ISO"":""W00"",""partner2Desc"":""World"",""classificationCode"":""H5"",""classificationSearchCode"":""HS"",""isOriginalClassification"":true,""cmdCode"":""090111"",""cmdDesc"":""Coffee; not roasted or decaffeinated"",""aggrLevel"":6,""isLeaf"":true,""customsCode"":""C00"",""customsDesc"":""TOTAL CPC"",""mosCode"":""0"",""motCode"":0,""motDesc"":""TOTAL MOT"",""qtyUnitCode"":8,""qtyUnitAbbr"":""kg"",""qty"":108677000,""isQtyEstimated"":false,""altQtyUnitCode"":21,""altQtyUnitAbbr"":""1000 KG"",""altQty"":108677,""isAltQtyEstimated"":false,""netWgt"":42342771,""isNetWgtEstimated"":false,""grossWgt"":0,""isGrossWgtEstimated"":false,""cifvalue"":null,""fobvalue"":93988610,""primaryValue"":93988610,""legacyEstimationFlag"":0,""isReported"":false,""isAggregate"":true}"
,UN Comtrade,https://comtradeapi.un.org/public/v1/preview/C/A/HS?reporterCode=76&flowCode=X&cmdCode=090111&period=2020&includeDesc=true,2026-05-30T18:34:22.015Z,"{""reporters"":[{""endpoint"":""https://comtradeapi.un.org/public/v1/preview/C/A/HS"",""reporterCode"":704,""reporterISO"":""VNM"",""flowCode"":""X"",""cmdCode"":""090111"",""period"":""2020,2021,2022,2023,2024,2025"",""includeDesc"":true},{""endpoint"":""https://comtradeapi.un.org/public/v1/preview/C/A/HS"",""reporterCode"":76,""reporterISO"":""BRA"",""flowCode"":""X"",""cmdCode"":""090111"",""period"":""2020,2021,2022,2023,2024,2025"",""includeDesc"":true},{""endpoint"":""https://comtradeapi.un.org/public/v1/preview/C/A/HS"",""reporterCode"":360,""reporterISO"":""IDN"",""flowCode"":""X"",""cmdCode"":""090111"",""period"":""2020,2021,2022,2023,2024,2025"",""includeDesc"":true}]}",C,A,20200101,2020,76,BRA,Brazil,757,CHE,Switzerland,0,W00,World,X,Export,H5,090111,Coffee; not roasted or decaffeinated,C00,TOTAL CPC,0,TOTAL MOT,8,kg,4884051,4880466,0,9108026,true,false,true,"{""typeCode"":""C"",""freqCode"":""A"",""refPeriodId"":20200101,""refYear"":2020,""refMonth"":52,""period"":""2020"",""reporterCode"":76,""reporterISO"":""BRA"",""reporterDesc"":""Brazil"",""flowCode"":""X"",""flowDesc"":""Export"",""partnerCode"":757,""partnerISO"":""CHE"",""partnerDesc"":""Switzerland"",""partner2Code"":0,""partner2ISO"":""W00"",""partner2Desc"":""World"",""classificationCode"":""H5"",""classificationSearchCode"":""HS"",""isOriginalClassification"":true,""cmdCode"":""090111"",""cmdDesc"":""Coffee; not roasted or decaffeinated"",""aggrLevel"":6,""isLeaf"":true,""customsCode"":""C00"",""customsDesc"":""TOTAL CPC"",""mosCode"":""0"",""motCode"":0,""motDesc"":""TOTAL MOT"",""qtyUnitCode"":8,""qtyUnitAbbr"":""kg"",""qty"":4884051,""isQtyEstimated"":false,""altQtyUnitCode"":-1,""altQtyUnitAbbr"":""N/A"",""altQty"":0,""isAltQtyEstimated"":false,""netWgt"":4880466,""isNetWgtEstimated"":false,""grossWgt"":0,""isGrossWgtEstimated"":false,""cifvalue"":null,""fobvalue"":9108026,""primaryValue"":9108026,""legacyEstimationFlag"":0,""isReported"":false,""isAggregate"":true}"
,UN Comtrade,https://comtradeapi.un.org/public/v1/preview/C/A/HS?reporterCode=76&flowCode=X&cmdCode=090111&period=2020&includeDesc=true,2026-05-30T18:34:22.015Z,"{""reporters"":[{""endpoint"":""https://comtradeapi.un.org/public/v1/preview/C/A/HS"",""reporterCode"":704,""reporterISO"":""VNM"",""flowCode"":""X"",""cmdCode"":""090111"",""period"":""2020,2021,2022,2023,2024,2025"",""includeDesc"":true},{""endpoint"":""https://comtradeapi.un.org/public/v1/preview/C/A/HS"",""reporterCode"":76,""reporterISO"":""BRA"",""flowCode"":""X"",""cmdCode"":""090111"",""period"":""2020,2021,2022,2023,2024,2025"",""includeDesc"":true},{""endpoint"":""https://comtradeapi.un.org/public/v1/preview/C/A/HS"",""reporterCode"":360,""reporterISO"":""IDN"",""flowCode"":""X"",""cmdCode"":""090111"",""period"":""2020,2021,2022,2023,2024,2025"",""includeDesc"":true}]}",C,A,20200101,2020,76,BRA,Brazil,760,SYR,Syria,0,W00,World,X,Export,H5,090111,Coffee; not roasted or decaffeinated,C00,TOTAL CPC,0,TOTAL MOT,8,kg,27048000,27154601,0,42292146,true,false,true,"{""typeCode"":""C"",""freqCode"":""A"",""refPeriodId"":20200101,""refYear"":2020,""refMonth"":52,""period"":""2020"",""reporterCode"":76,""reporterISO"":""BRA"",""reporterDesc"":""Brazil"",""flowCode"":""X"",""flowDesc"":""Export"",""partnerCode"":760,""partnerISO"":""SYR"",""partnerDesc"":""Syria"",""partner2Code"":0,""partner2ISO"":""W00"",""partner2Desc"":""World"",""classificationCode"":""H5"",""classificationSearchCode"":""HS"",""isOriginalClassification"":true,""cmdCode"":""090111"",""cmdDesc"":""Coffee; not roasted or decaffeinated"",""aggrLevel"":6,""isLeaf"":true,""customsCode"":""C00"",""customsDesc"":""TOTAL CPC"",""mosCode"":""0"",""motCode"":0,""motDesc"":""TOTAL MOT"",""qtyUnitCode"":8,""qtyUnitAbbr"":""kg"",""qty"":27048000,""isQtyEstimated"":false,""altQtyUnitCode"":21,""altQtyUnitAbbr"":""1000 KG"",""altQty"":27048,""isAltQtyEstimated"":false,""netWgt"":27154601,""isNetWgtEstimated"":false,""grossWgt"":0,""isGrossWgtEstimated"":false,""cifvalue"":null,""fobvalue"":42292146,""primaryValue"":42292146,""legacyEstimationFlag"":0,""isReported"":false,""isAggregate"":true}"
,UN Comtrade,https://comtradeapi.un.org/public/v1/preview/C/A/HS?reporterCode=76&flowCode=X&cmdCode=090111&period=2020&includeDesc=true,2026-05-30T18:34:22.015Z,"{""reporters"":[{""endpoint"":""https://comtradeapi.un.org/public/v1/preview/C/A/HS"",""reporterCode"":704,""reporterISO"":""VNM"",""flowCode"":""X"",""cmdCode"":""090111"",""period"":""2020,2021,2022,2023,2024,2025"",""includeDesc"":true},{""endpoint"":""https://comtradeapi.un.org/public/v1/preview/C/A/HS"",""reporterCode"":76,""reporterISO"":""BRA"",""flowCode"":""X"",""cmdCode"":""090111"",""period"":""2020,2021,2022,2023,2024,2025"",""includeDesc"":true},{""endpoint"":""https://comtradeapi.un.org/public/v1/preview/C/A/HS"",""reporterCode"":360,""reporterISO"":""IDN"",""flowCode"":""X"",""cmdCode"":""090111"",""period"":""2020,2021,2022,2023,2024,2025"",""includeDesc"":true}]}",C,A,20200101,2020,76,BRA,Brazil,764,THA,Thailand,0,W00,World,X,Export,H5,090111,Coffee; not roasted or decaffeinated,C00,TOTAL CPC,0,TOTAL MOT,8,kg,76020,73970,0,172636,true,false,true,"{""typeCode"":""C"",""freqCode"":""A"",""refPeriodId"":20200101,""refYear"":2020,""refMonth"":52,""period"":""2020"",""reporterCode"":76,""reporterISO"":""BRA"",""reporterDesc"":""Brazil"",""flowCode"":""X"",""flowDesc"":""Export"",""partnerCode"":764,""partnerISO"":""THA"",""partnerDesc"":""Thailand"",""partner2Code"":0,""partner2ISO"":""W00"",""partner2Desc"":""World"",""classificationCode"":""H5"",""classificationSearchCode"":""HS"",""isOriginalClassification"":true,""cmdCode"":""090111"",""cmdDesc"":""Coffee; not roasted or decaffeinated"",""aggrLevel"":6,""isLeaf"":true,""customsCode"":""C00"",""customsDesc"":""TOTAL CPC"",""mosCode"":""0"",""motCode"":0,""motDesc"":""TOTAL MOT"",""qtyUnitCode"":8,""qtyUnitAbbr"":""kg"",""qty"":76020,""isQtyEstimated"":false,""altQtyUnitCode"":-1,""altQtyUnitAbbr"":""N/A"",""altQty"":0,""isAltQtyEstimated"":false,""netWgt"":73970,""isNetWgtEstimated"":false,""grossWgt"":0,""isGrossWgtEstimated"":false,""cifvalue"":null,""fobvalue"":172636,""primaryValue"":172636,""legacyEstimationFlag"":0,""isReported"":false,""isAggregate"":true}"
,UN Comtrade,https://comtradeapi.un.org/public/v1/preview/C/A/HS?reporterCode=76&flowCode=X&cmdCode=090111&period=2020&includeDesc=true,2026-05-30T18:34:22.015Z,"{""reporters"":[{""endpoint"":""https://comtradeapi.un.org/public/v1/preview/C/A/HS"",""reporterCode"":704,""reporterISO"":""VNM"",""flowCode"":""X"",""cmdCode"":""090111"",""period"":""2020,2021,2022,2023,2024,2025"",""includeDesc"":true},{""endpoint"":""https://comtradeapi.un.org/public/v1/preview/C/A/HS"",""reporterCode"":76,""reporterISO"":""BRA"",""flowCode"":""X"",""cmdCode"":""090111"",""period"":""2020,2021,2022,2023,2024,2025"",""includeDesc"":true},{""endpoint"":""https://comtradeapi.un.org/public/v1/preview/C/A/HS"",""reporterCode"":360,""reporterISO"":""IDN"",""flowCode"":""X"",""cmdCode"":""090111"",""period"":""2020,2021,2022,2023,2024,2025"",""includeDesc"":true}]}",C,A,20200101,2020,76,BRA,Brazil,780,TTO,Trinidad and Tobago,0,W00,World,X,Export,H5,090111,Coffee; not roasted or decaffeinated,C00,TOTAL CPC,0,TOTAL MOT,8,kg,298000,292500,0,576294,true,false,true,"{""typeCode"":""C"",""freqCode"":""A"",""refPeriodId"":20200101,""refYear"":2020,""refMonth"":52,""period"":""2020"",""reporterCode"":76,""reporterISO"":""BRA"",""reporterDesc"":""Brazil"",""flowCode"":""X"",""flowDesc"":""Export"",""partnerCode"":780,""partnerISO"":""TTO"",""partnerDesc"":""Trinidad and Tobago"",""partner2Code"":0,""partner2ISO"":""W00"",""partner2Desc"":""World"",""classificationCode"":""H5"",""classificationSearchCode"":""HS"",""isOriginalClassification"":true,""cmdCode"":""090111"",""cmdDesc"":""Coffee; not roasted or decaffeinated"",""aggrLevel"":6,""isLeaf"":true,""customsCode"":""C00"",""customsDesc"":""TOTAL CPC"",""mosCode"":""0"",""motCode"":0,""motDesc"":""TOTAL MOT"",""qtyUnitCode"":8,""qtyUnitAbbr"":""kg"",""qty"":298000,""isQtyEstimated"":false,""altQtyUnitCode"":21,""altQtyUnitAbbr"":""1000 KG"",""altQty"":298,""isAltQtyEstimated"":false,""netWgt"":292500,""isNetWgtEstimated"":false,""grossWgt"":0,""isGrossWgtEstimated"":false,""cifvalue"":null,""fobvalue"":576294,""primaryValue"":576294,""legacyEstimationFlag"":0,""isReported"":false,""isAggregate"":true}"
,UN Comtrade,https://comtradeapi.un.org/public/v1/preview/C/A/HS?reporterCode=76&flowCode=X&cmdCode=090111&period=2020&includeDesc=true,2026-05-30T18:34:22.015Z,"{""reporters"":[{""endpoint"":""https://comtradeapi.un.org/public/v1/preview/C/A/HS"",""reporterCode"":704,""reporterISO"":""VNM"",""flowCode"":""X"",""cmdCode"":""090111"",""period"":""2020,2021,2022,2023,2024,2025"",""includeDesc"":true},{""endpoint"":""https://comtradeapi.un.org/public/v1/preview/C/A/HS"",""reporterCode"":76,""reporterISO"":""BRA"",""flowCode"":""X"",""cmdCode"":""090111"",""period"":""2020,2021,2022,2023,2024,2025"",""includeDesc"":true},{""endpoint"":""https://comtradeapi.un.org/public/v1/preview/C/A/HS"",""reporterCode"":360,""reporterISO"":""IDN"",""flowCode"":""X"",""cmdCode"":""090111"",""period"":""2020,2021,2022,2023,2024,2025"",""includeDesc"":true}]}",C,A,20200101,2020,76,BRA,Brazil,784,ARE,United Arab Emirates,0,W00,World,X,Export,H5,090111,Coffee; not roasted or decaffeinated,C00,TOTAL CPC,0,TOTAL MOT,8,kg,118032007.792,7161682.792,0,13481074,true,false,true,"{""typeCode"":""C"",""freqCode"":""A"",""refPeriodId"":20200101,""refYear"":2020,""refMonth"":52,""period"":""2020"",""reporterCode"":76,""reporterISO"":""BRA"",""reporterDesc"":""Brazil"",""flowCode"":""X"",""flowDesc"":""Export"",""partnerCode"":784,""partnerISO"":""ARE"",""partnerDesc"":""United Arab Emirates"",""partner2Code"":0,""partner2ISO"":""W00"",""partner2Desc"":""World"",""classificationCode"":""H5"",""classificationSearchCode"":""HS"",""isOriginalClassification"":true,""cmdCode"":""090111"",""cmdDesc"":""Coffee; not roasted or decaffeinated"",""aggrLevel"":6,""isLeaf"":true,""customsCode"":""C00"",""customsDesc"":""TOTAL CPC"",""mosCode"":""0"",""motCode"":0,""motDesc"":""TOTAL MOT"",""qtyUnitCode"":8,""qtyUnitAbbr"":""kg"",""qty"":118032007.792,""isQtyEstimated"":true,""altQtyUnitCode"":-1,""altQtyUnitAbbr"":""N/A"",""altQty"":0,""isAltQtyEstimated"":false,""netWgt"":7161682.792,""isNetWgtEstimated"":true,""grossWgt"":0,""isGrossWgtEstimated"":false,""cifvalue"":null,""fobvalue"":13481074,""primaryValue"":13481074,""legacyEstimationFlag"":6,""isReported"":false,""isAggregate"":true}"
,UN Comtrade,https://comtradeapi.un.org/public/v1/preview/C/A/HS?reporterCode=76&flowCode=X&cmdCode=090111&period=2020&includeDesc=true,2026-05-30T18:34:22.015Z,"{""reporters"":[{""endpoint"":""https://comtradeapi.un.org/public/v1/preview/C/A/HS"",""reporterCode"":704,""reporterISO"":""VNM"",""flowCode"":""X"",""cmdCode"":""090111"",""period"":""2020,2021,2022,2023,2024,2025"",""includeDesc"":true},{""endpoint"":""https://comtradeapi.un.org/public/v1/preview/C/A/HS"",""reporterCode"":76,""reporterISO"":""BRA"",""flowCode"":""X"",""cmdCode"":""090111"",""period"":""2020,2021,2022,2023,2024,2025"",""includeDesc"":true},{""endpoint"":""https://comtradeapi.un.org/public/v1/preview/C/A/HS"",""reporterCode"":360,""reporterISO"":""IDN"",""flowCode"":""X"",""cmdCode"":""090111"",""period"":""2020,2021,2022,2023,2024,2025"",""includeDesc"":true}]}",C,A,20200101,2020,76,BRA,Brazil,788,TUN,Tunisia,0,W00,World,X,Export,H5,090111,Coffee; not roasted or decaffeinated,C00,TOTAL CPC,0,TOTAL MOT,8,kg,11745000,11779560,0,18565886,true,false,true,"{""typeCode"":""C"",""freqCode"":""A"",""refPeriodId"":20200101,""refYear"":2020,""refMonth"":52,""period"":""2020"",""reporterCode"":76,""reporterISO"":""BRA"",""reporterDesc"":""Brazil"",""flowCode"":""X"",""flowDesc"":""Export"",""partnerCode"":788,""partnerISO"":""TUN"",""partnerDesc"":""Tunisia"",""partner2Code"":0,""partner2ISO"":""W00"",""partner2Desc"":""World"",""classificationCode"":""H5"",""classificationSearchCode"":""HS"",""isOriginalClassification"":true,""cmdCode"":""090111"",""cmdDesc"":""Coffee; not roasted or decaffeinated"",""aggrLevel"":6,""isLeaf"":true,""customsCode"":""C00"",""customsDesc"":""TOTAL CPC"",""mosCode"":""0"",""motCode"":0,""motDesc"":""TOTAL MOT"",""qtyUnitCode"":8,""qtyUnitAbbr"":""kg"",""qty"":11745000,""isQtyEstimated"":false,""altQtyUnitCode"":21,""altQtyUnitAbbr"":""1000 KG"",""altQty"":11745,""isAltQtyEstimated"":false,""netWgt"":11779560,""isNetWgtEstimated"":false,""grossWgt"":0,""isGrossWgtEstimated"":false,""cifvalue"":null,""fobvalue"":18565886,""primaryValue"":18565886,""legacyEstimationFlag"":0,""isReported"":false,""isAggregate"":true}"
,UN Comtrade,https://comtradeapi.un.org/public/v1/preview/C/A/HS?reporterCode=76&flowCode=X&cmdCode=090111&period=2020&includeDesc=true,2026-05-30T18:34:22.015Z,"{""reporters"":[{""endpoint"":""https://comtradeapi.un.org/public/v1/preview/C/A/HS"",""reporterCode"":704,""reporterISO"":""VNM"",""flowCode"":""X"",""cmdCode"":""090111"",""period"":""2020,2021,2022,2023,2024,2025"",""includeDesc"":true},{""endpoint"":""https://comtradeapi.un.org/public/v1/preview/C/A/HS"",""reporterCode"":76,""reporterISO"":""BRA"",""flowCode"":""X"",""cmdCode"":""090111"",""period"":""2020,2021,2022,2023,2024,2025"",""includeDesc"":true},{""endpoint"":""https://comtradeapi.un.org/public/v1/preview/C/A/HS"",""reporterCode"":360,""reporterISO"":""IDN"",""flowCode"":""X"",""cmdCode"":""090111"",""period"":""2020,2021,2022,2023,2024,2025"",""includeDesc"":true}]}",C,A,20200101,2020,76,BRA,Brazil,792,TUR,Türkiye,0,W00,World,X,Export,H5,090111,Coffee; not roasted or decaffeinated,C00,TOTAL CPC,0,TOTAL MOT,8,kg,177820000,81317597,0,152431854,true,false,true,"{""typeCode"":""C"",""freqCode"":""A"",""refPeriodId"":20200101,""refYear"":2020,""refMonth"":52,""period"":""2020"",""reporterCode"":76,""reporterISO"":""BRA"",""reporterDesc"":""Brazil"",""flowCode"":""X"",""flowDesc"":""Export"",""partnerCode"":792,""partnerISO"":""TUR"",""partnerDesc"":""Türkiye"",""partner2Code"":0,""partner2ISO"":""W00"",""partner2Desc"":""World"",""classificationCode"":""H5"",""classificationSearchCode"":""HS"",""isOriginalClassification"":true,""cmdCode"":""090111"",""cmdDesc"":""Coffee; not roasted or decaffeinated"",""aggrLevel"":6,""isLeaf"":true,""customsCode"":""C00"",""customsDesc"":""TOTAL CPC"",""mosCode"":""0"",""motCode"":0,""motDesc"":""TOTAL MOT"",""qtyUnitCode"":8,""qtyUnitAbbr"":""kg"",""qty"":177820000,""isQtyEstimated"":false,""altQtyUnitCode"":21,""altQtyUnitAbbr"":""1000 KG"",""altQty"":177820,""isAltQtyEstimated"":false,""netWgt"":81317597,""isNetWgtEstimated"":false,""grossWgt"":0,""isGrossWgtEstimated"":false,""cifvalue"":null,""fobvalue"":152431854,""primaryValue"":152431854,""legacyEstimationFlag"":0,""isReported"":false,""isAggregate"":true}"
,UN Comtrade,https://comtradeapi.un.org/public/v1/preview/C/A/HS?reporterCode=76&flowCode=X&cmdCode=090111&period=2020&includeDesc=true,2026-05-30T18:34:22.015Z,"{""reporters"":[{""endpoint"":""https://comtradeapi.un.org/public/v1/preview/C/A/HS"",""reporterCode"":704,""reporterISO"":""VNM"",""flowCode"":""X"",""cmdCode"":""090111"",""period"":""2020,2021,2022,2023,2024,2025"",""includeDesc"":true},{""endpoint"":""https://comtradeapi.un.org/public/v1/preview/C/A/HS"",""reporterCode"":76,""reporterISO"":""BRA"",""flowCode"":""X"",""cmdCode"":""090111"",""period"":""2020,2021,2022,2023,2024,2025"",""includeDesc"":true},{""endpoint"":""https://comtradeapi.un.org/public/v1/preview/C/A/HS"",""reporterCode"":360,""reporterISO"":""IDN"",""flowCode"":""X"",""cmdCode"":""090111"",""period"":""2020,2021,2022,2023,2024,2025"",""includeDesc"":true}]}",C,A,20200101,2020,76,BRA,Brazil,804,UKR,Ukraine,0,W00,World,X,Export,H5,090111,Coffee; not roasted or decaffeinated,C00,TOTAL CPC,0,TOTAL MOT,8,kg,3801000,3829851,0,8682986,true,false,true,"{""typeCode"":""C"",""freqCode"":""A"",""refPeriodId"":20200101,""refYear"":2020,""refMonth"":52,""period"":""2020"",""reporterCode"":76,""reporterISO"":""BRA"",""reporterDesc"":""Brazil"",""flowCode"":""X"",""flowDesc"":""Export"",""partnerCode"":804,""partnerISO"":""UKR"",""partnerDesc"":""Ukraine"",""partner2Code"":0,""partner2ISO"":""W00"",""partner2Desc"":""World"",""classificationCode"":""H5"",""classificationSearchCode"":""HS"",""isOriginalClassification"":true,""cmdCode"":""090111"",""cmdDesc"":""Coffee; not roasted or decaffeinated"",""aggrLevel"":6,""isLeaf"":true,""customsCode"":""C00"",""customsDesc"":""TOTAL CPC"",""mosCode"":""0"",""motCode"":0,""motDesc"":""TOTAL MOT"",""qtyUnitCode"":8,""qtyUnitAbbr"":""kg"",""qty"":3801000,""isQtyEstimated"":false,""altQtyUnitCode"":21,""altQtyUnitAbbr"":""1000 KG"",""altQty"":3801,""isAltQtyEstimated"":false,""netWgt"":3829851,""isNetWgtEstimated"":false,""grossWgt"":0,""isGrossWgtEstimated"":false,""cifvalue"":null,""fobvalue"":8682986,""primaryValue"":8682986,""legacyEstimationFlag"":0,""isReported"":false,""isAggregate"":true}"
,UN Comtrade,https://comtradeapi.un.org/public/v1/preview/C/A/HS?reporterCode=76&flowCode=X&cmdCode=090111&period=2020&includeDesc=true,2026-05-30T18:34:22.015Z,"{""reporters"":[{""endpoint"":""https://comtradeapi.un.org/public/v1/preview/C/A/HS"",""reporterCode"":704,""reporterISO"":""VNM"",""flowCode"":""X"",""cmdCode"":""090111"",""period"":""2020,2021,2022,2023,2024,2025"",""includeDesc"":true},{""endpoint"":""https://comtradeapi.un.org/public/v1/preview/C/A/HS"",""reporterCode"":76,""reporterISO"":""BRA"",""flowCode"":""X"",""cmdCode"":""090111"",""period"":""2020,2021,2022,2023,2024,2025"",""includeDesc"":true},{""endpoint"":""https://comtradeapi.un.org/public/v1/preview/C/A/HS"",""reporterCode"":360,""reporterISO"":""IDN"",""flowCode"":""X"",""cmdCode"":""090111"",""period"":""2020,2021,2022,2023,2024,2025"",""includeDesc"":true}]}",C,A,20200101,2020,76,BRA,Brazil,818,EGY,Egypt,0,W00,World,X,Export,H5,090111,Coffee; not roasted or decaffeinated,C00,TOTAL CPC,0,TOTAL MOT,8,kg,5828400,5931761,0,10630106,true,false,true,"{""typeCode"":""C"",""freqCode"":""A"",""refPeriodId"":20200101,""refYear"":2020,""refMonth"":52,""period"":""2020"",""reporterCode"":76,""reporterISO"":""BRA"",""reporterDesc"":""Brazil"",""flowCode"":""X"",""flowDesc"":""Export"",""partnerCode"":818,""partnerISO"":""EGY"",""partnerDesc"":""Egypt"",""partner2Code"":0,""partner2ISO"":""W00"",""partner2Desc"":""World"",""classificationCode"":""H5"",""classificationSearchCode"":""HS"",""isOriginalClassification"":true,""cmdCode"":""090111"",""cmdDesc"":""Coffee; not roasted or decaffeinated"",""aggrLevel"":6,""isLeaf"":true,""customsCode"":""C00"",""customsDesc"":""TOTAL CPC"",""mosCode"":""0"",""motCode"":0,""motDesc"":""TOTAL MOT"",""qtyUnitCode"":8,""qtyUnitAbbr"":""kg"",""qty"":5828400,""isQtyEstimated"":false,""altQtyUnitCode"":21,""altQtyUnitAbbr"":""1000 KG"",""altQty"":30323,""isAltQtyEstimated"":false,""netWgt"":5931761,""isNetWgtEstimated"":false,""grossWgt"":0,""isGrossWgtEstimated"":false,""cifvalue"":null,""fobvalue"":10630106,""primaryValue"":10630106,""legacyEstimationFlag"":0,""isReported"":false,""isAggregate"":true}"
,UN Comtrade,https://comtradeapi.un.org/public/v1/preview/C/A/HS?reporterCode=76&flowCode=X&cmdCode=090111&period=2020&includeDesc=true,2026-05-30T18:34:22.015Z,"{""reporters"":[{""endpoint"":""https://comtradeapi.un.org/public/v1/preview/C/A/HS"",""reporterCode"":704,""reporterISO"":""VNM"",""flowCode"":""X"",""cmdCode"":""090111"",""period"":""2020,2021,2022,2023,2024,2025"",""includeDesc"":true},{""endpoint"":""https://comtradeapi.un.org/public/v1/preview/C/A/HS"",""reporterCode"":76,""reporterISO"":""BRA"",""flowCode"":""X"",""cmdCode"":""090111"",""period"":""2020,2021,2022,2023,2024,2025"",""includeDesc"":true},{""endpoint"":""https://comtradeapi.un.org/public/v1/preview/C/A/HS"",""reporterCode"":360,""reporterISO"":""IDN"",""flowCode"":""X"",""cmdCode"":""090111"",""period"":""2020,2021,2022,2023,2024,2025"",""includeDesc"":true}]}",C,A,20200101,2020,76,BRA,Brazil,826,GBR,United Kingdom,0,W00,World,X,Export,H5,090111,Coffee; not roasted or decaffeinated,C00,TOTAL CPC,0,TOTAL MOT,8,kg,130577436.248,42512902.248,0,96056626,true,false,true,"{""typeCode"":""C"",""freqCode"":""A"",""refPeriodId"":20200101,""refYear"":2020,""refMonth"":52,""period"":""2020"",""reporterCode"":76,""reporterISO"":""BRA"",""reporterDesc"":""Brazil"",""flowCode"":""X"",""flowDesc"":""Export"",""partnerCode"":826,""partnerISO"":""GBR"",""partnerDesc"":""United Kingdom"",""partner2Code"":0,""partner2ISO"":""W00"",""partner2Desc"":""World"",""classificationCode"":""H5"",""classificationSearchCode"":""HS"",""isOriginalClassification"":true,""cmdCode"":""090111"",""cmdDesc"":""Coffee; not roasted or decaffeinated"",""aggrLevel"":6,""isLeaf"":true,""customsCode"":""C00"",""customsDesc"":""TOTAL CPC"",""mosCode"":""0"",""motCode"":0,""motDesc"":""TOTAL MOT"",""qtyUnitCode"":8,""qtyUnitAbbr"":""kg"",""qty"":130577436.248,""isQtyEstimated"":true,""altQtyUnitCode"":-1,""altQtyUnitAbbr"":""N/A"",""altQty"":0,""isAltQtyEstimated"":false,""netWgt"":42512902.248,""isNetWgtEstimated"":true,""grossWgt"":0,""isGrossWgtEstimated"":false,""cifvalue"":null,""fobvalue"":96056626,""primaryValue"":96056626,""legacyEstimationFlag"":6,""isReported"":false,""isAggregate"":true}"
,UN Comtrade,https://comtradeapi.un.org/public/v1/preview/C/A/HS?reporterCode=76&flowCode=X&cmdCode=090111&period=2020&includeDesc=true,2026-05-30T18:34:22.015Z,"{""reporters"":[{""endpoint"":""https://comtradeapi.un.org/public/v1/preview/C/A/HS"",""reporterCode"":704,""reporterISO"":""VNM"",""flowCode"":""X"",""cmdCode"":""090111"",""period"":""2020,2021,2022,2023,2024,2025"",""includeDesc"":true},{""endpoint"":""https://comtradeapi.un.org/public/v1/preview/C/A/HS"",""reporterCode"":76,""reporterISO"":""BRA"",""flowCode"":""X"",""cmdCode"":""090111"",""period"":""2020,2021,2022,2023,2024,2025"",""includeDesc"":true},{""endpoint"":""https://comtradeapi.un.org/public/v1/preview/C/A/HS"",""reporterCode"":360,""reporterISO"":""IDN"",""flowCode"":""X"",""cmdCode"":""090111"",""period"":""2020,2021,2022,2023,2024,2025"",""includeDesc"":true}]}",C,A,20200101,2020,76,BRA,Brazil,842,USA,USA,0,W00,World,X,Export,H5,090111,Coffee; not roasted or decaffeinated,C00,TOTAL CPC,0,TOTAL MOT,8,kg,965985553,429559442,0,929333166,true,false,true,"{""typeCode"":""C"",""freqCode"":""A"",""refPeriodId"":20200101,""refYear"":2020,""refMonth"":52,""period"":""2020"",""reporterCode"":76,""reporterISO"":""BRA"",""reporterDesc"":""Brazil"",""flowCode"":""X"",""flowDesc"":""Export"",""partnerCode"":842,""partnerISO"":""USA"",""partnerDesc"":""USA"",""partner2Code"":0,""partner2ISO"":""W00"",""partner2Desc"":""World"",""classificationCode"":""H5"",""classificationSearchCode"":""HS"",""isOriginalClassification"":true,""cmdCode"":""090111"",""cmdDesc"":""Coffee; not roasted or decaffeinated"",""aggrLevel"":6,""isLeaf"":true,""customsCode"":""C00"",""customsDesc"":""TOTAL CPC"",""mosCode"":""0"",""motCode"":0,""motDesc"":""TOTAL MOT"",""qtyUnitCode"":8,""qtyUnitAbbr"":""kg"",""qty"":965985553,""isQtyEstimated"":false,""altQtyUnitCode"":-1,""altQtyUnitAbbr"":""N/A"",""altQty"":0,""isAltQtyEstimated"":false,""netWgt"":429559442,""isNetWgtEstimated"":false,""grossWgt"":0,""isGrossWgtEstimated"":false,""cifvalue"":null,""fobvalue"":929333166,""primaryValue"":929333166,""legacyEstimationFlag"":0,""isReported"":false,""isAggregate"":true}"
,UN Comtrade,https://comtradeapi.un.org/public/v1/preview/C/A/HS?reporterCode=76&flowCode=X&cmdCode=090111&period=2020&includeDesc=true,2026-05-30T18:34:22.015Z,"{""reporters"":[{""endpoint"":""https://comtradeapi.un.org/public/v1/preview/C/A/HS"",""reporterCode"":704,""reporterISO"":""VNM"",""flowCode"":""X"",""cmdCode"":""090111"",""period"":""2020,2021,2022,2023,2024,2025"",""includeDesc"":true},{""endpoint"":""https://comtradeapi.un.org/public/v1/preview/C/A/HS"",""reporterCode"":76,""reporterISO"":""BRA"",""flowCode"":""X"",""cmdCode"":""090111"",""period"":""2020,2021,2022,2023,2024,2025"",""includeDesc"":true},{""endpoint"":""https://comtradeapi.un.org/public/v1/preview/C/A/HS"",""reporterCode"":360,""reporterISO"":""IDN"",""flowCode"":""X"",""cmdCode"":""090111"",""period"":""2020,2021,2022,2023,2024,2025"",""includeDesc"":true}]}",C,A,20200101,2020,76,BRA,Brazil,858,URY,Uruguay,0,W00,World,X,Export,H5,090111,Coffee; not roasted or decaffeinated,C00,TOTAL CPC,0,TOTAL MOT,8,kg,1122000,1122370,0,2035432,true,false,true,"{""typeCode"":""C"",""freqCode"":""A"",""refPeriodId"":20200101,""refYear"":2020,""refMonth"":52,""period"":""2020"",""reporterCode"":76,""reporterISO"":""BRA"",""reporterDesc"":""Brazil"",""flowCode"":""X"",""flowDesc"":""Export"",""partnerCode"":858,""partnerISO"":""URY"",""partnerDesc"":""Uruguay"",""partner2Code"":0,""partner2ISO"":""W00"",""partner2Desc"":""World"",""classificationCode"":""H5"",""classificationSearchCode"":""HS"",""isOriginalClassification"":true,""cmdCode"":""090111"",""cmdDesc"":""Coffee; not roasted or decaffeinated"",""aggrLevel"":6,""isLeaf"":true,""customsCode"":""C00"",""customsDesc"":""TOTAL CPC"",""mosCode"":""0"",""motCode"":0,""motDesc"":""TOTAL MOT"",""qtyUnitCode"":8,""qtyUnitAbbr"":""kg"",""qty"":1122000,""isQtyEstimated"":false,""altQtyUnitCode"":21,""altQtyUnitAbbr"":""1000 KG"",""altQty"":1122,""isAltQtyEstimated"":false,""netWgt"":1122370,""isNetWgtEstimated"":false,""grossWgt"":0,""isGrossWgtEstimated"":false,""cifvalue"":null,""fobvalue"":2035432,""primaryValue"":2035432,""legacyEstimationFlag"":0,""isReported"":false,""isAggregate"":true}"
,UN Comtrade,https://comtradeapi.un.org/public/v1/preview/C/A/HS?reporterCode=76&flowCode=X&cmdCode=090111&period=2020&includeDesc=true,2026-05-30T18:34:22.015Z,"{""reporters"":[{""endpoint"":""https://comtradeapi.un.org/public/v1/preview/C/A/HS"",""reporterCode"":704,""reporterISO"":""VNM"",""flowCode"":""X"",""cmdCode"":""090111"",""period"":""2020,2021,2022,2023,2024,2025"",""includeDesc"":true},{""endpoint"":""https://comtradeapi.un.org/public/v1/preview/C/A/HS"",""reporterCode"":76,""reporterISO"":""BRA"",""flowCode"":""X"",""cmdCode"":""090111"",""period"":""2020,2021,2022,2023,2024,2025"",""includeDesc"":true},{""endpoint"":""https://comtradeapi.un.org/public/v1/preview/C/A/HS"",""reporterCode"":360,""reporterISO"":""IDN"",""flowCode"":""X"",""cmdCode"":""090111"",""period"":""2020,2021,2022,2023,2024,2025"",""includeDesc"":true}]}",C,A,20200101,2020,76,BRA,Brazil,862,VEN,Venezuela,0,W00,World,X,Export,H5,090111,Coffee; not roasted or decaffeinated,C00,TOTAL CPC,0,TOTAL MOT,8,kg,2550280,2548530,0,3242023,true,false,true,"{""typeCode"":""C"",""freqCode"":""A"",""refPeriodId"":20200101,""refYear"":2020,""refMonth"":52,""period"":""2020"",""reporterCode"":76,""reporterISO"":""BRA"",""reporterDesc"":""Brazil"",""flowCode"":""X"",""flowDesc"":""Export"",""partnerCode"":862,""partnerISO"":""VEN"",""partnerDesc"":""Venezuela"",""partner2Code"":0,""partner2ISO"":""W00"",""partner2Desc"":""World"",""classificationCode"":""H5"",""classificationSearchCode"":""HS"",""isOriginalClassification"":true,""cmdCode"":""090111"",""cmdDesc"":""Coffee; not roasted or decaffeinated"",""aggrLevel"":6,""isLeaf"":true,""customsCode"":""C00"",""customsDesc"":""TOTAL CPC"",""mosCode"":""0"",""motCode"":0,""motDesc"":""TOTAL MOT"",""qtyUnitCode"":8,""qtyUnitAbbr"":""kg"",""qty"":2550280,""isQtyEstimated"":false,""altQtyUnitCode"":-1,""altQtyUnitAbbr"":""N/A"",""altQty"":0,""isAltQtyEstimated"":false,""netWgt"":2548530,""isNetWgtEstimated"":false,""grossWgt"":0,""isGrossWgtEstimated"":false,""cifvalue"":null,""fobvalue"":3242023,""primaryValue"":3242023,""legacyEstimationFlag"":0,""isReported"":false,""isAggregate"":true}"
,UN Comtrade,https://comtradeapi.un.org/public/v1/preview/C/A/HS?reporterCode=76&flowCode=X&cmdCode=090111&period=2021&includeDesc=true,2026-05-30T18:34:22.015Z,"{""reporters"":[{""endpoint"":""https://comtradeapi.un.org/public/v1/preview/C/A/HS"",""reporterCode"":704,""reporterISO"":""VNM"",""flowCode"":""X"",""cmdCode"":""090111"",""period"":""2020,2021,2022,2023,2024,2025"",""includeDesc"":true},{""endpoint"":""https://comtradeapi.un.org/public/v1/preview/C/A/HS"",""reporterCode"":76,""reporterISO"":""BRA"",""flowCode"":""X"",""cmdCode"":""090111"",""period"":""2020,2021,2022,2023,2024,2025"",""includeDesc"":true},{""endpoint"":""https://comtradeapi.un.org/public/v1/preview/C/A/HS"",""reporterCode"":360,""reporterISO"":""IDN"",""flowCode"":""X"",""cmdCode"":""090111"",""period"":""2020,2021,2022,2023,2024,2025"",""includeDesc"":true}]}",C,A,20210101,2021,76,BRA,Brazil,0,W00,World,0,W00,World,X,Export,H5,090111,Coffee; not roasted or decaffeinated,C00,TOTAL CPC,0,TOTAL MOT,-1,N/A,0,2282843867.775,0,5804672814,true,false,true,"{""typeCode"":""C"",""freqCode"":""A"",""refPeriodId"":20210101,""refYear"":2021,""refMonth"":52,""period"":""2021"",""reporterCode"":76,""reporterISO"":""BRA"",""reporterDesc"":""Brazil"",""flowCode"":""X"",""flowDesc"":""Export"",""partnerCode"":0,""partnerISO"":""W00"",""partnerDesc"":""World"",""partner2Code"":0,""partner2ISO"":""W00"",""partner2Desc"":""World"",""classificationCode"":""H5"",""classificationSearchCode"":""HS"",""isOriginalClassification"":true,""cmdCode"":""090111"",""cmdDesc"":""Coffee; not roasted or decaffeinated"",""aggrLevel"":6,""isLeaf"":true,""customsCode"":""C00"",""customsDesc"":""TOTAL CPC"",""mosCode"":""0"",""motCode"":0,""motDesc"":""TOTAL MOT"",""qtyUnitCode"":-1,""qtyUnitAbbr"":""N/A"",""qty"":0,""isQtyEstimated"":false,""altQtyUnitCode"":-1,""altQtyUnitAbbr"":""N/A"",""altQty"":0,""isAltQtyEstimated"":false,""netWgt"":2282843867.775,""isNetWgtEstimated"":true,""grossWgt"":0,""isGrossWgtEstimated"":false,""cifvalue"":null,""fobvalue"":5804672814,""primaryValue"":5804672814,""legacyEstimationFlag"":4,""isReported"":false,""isAggregate"":true}"
,UN Comtrade,https://comtradeapi.un.org/public/v1/preview/C/A/HS?reporterCode=76&flowCode=X&cmdCode=090111&period=2021&includeDesc=true,2026-05-30T18:34:22.015Z,"{""reporters"":[{""endpoint"":""https://comtradeapi.un.org/public/v1/preview/C/A/HS"",""reporterCode"":704,""reporterISO"":""VNM"",""flowCode"":""X"",""cmdCode"":""090111"",""period"":""2020,2021,2022,2023,2024,2025"",""includeDesc"":true},{""endpoint"":""https://comtradeapi.un.org/public/v1/preview/C/A/HS"",""reporterCode"":76,""reporterISO"":""BRA"",""flowCode"":""X"",""cmdCode"":""090111"",""period"":""2020,2021,2022,2023,2024,2025"",""includeDesc"":true},{""endpoint"":""https://comtradeapi.un.org/public/v1/preview/C/A/HS"",""reporterCode"":360,""reporterISO"":""IDN"",""flowCode"":""X"",""cmdCode"":""090111"",""period"":""2020,2021,2022,2023,2024,2025"",""includeDesc"":true}]}",C,A,20210101,2021,76,BRA,Brazil,8,ALB,Albania,0,W00,World,X,Export,H5,090111,Coffee; not roasted or decaffeinated,C00,TOTAL CPC,0,TOTAL MOT,8,kg,1734000,1744105,0,3363387,true,false,true,"{""typeCode"":""C"",""freqCode"":""A"",""refPeriodId"":20210101,""refYear"":2021,""refMonth"":52,""period"":""2021"",""reporterCode"":76,""reporterISO"":""BRA"",""reporterDesc"":""Brazil"",""flowCode"":""X"",""flowDesc"":""Export"",""partnerCode"":8,""partnerISO"":""ALB"",""partnerDesc"":""Albania"",""partner2Code"":0,""partner2ISO"":""W00"",""partner2Desc"":""World"",""classificationCode"":""H5"",""classificationSearchCode"":""HS"",""isOriginalClassification"":true,""cmdCode"":""090111"",""cmdDesc"":""Coffee; not roasted or decaffeinated"",""aggrLevel"":6,""isLeaf"":true,""customsCode"":""C00"",""customsDesc"":""TOTAL CPC"",""mosCode"":""0"",""motCode"":0,""motDesc"":""TOTAL MOT"",""qtyUnitCode"":8,""qtyUnitAbbr"":""kg"",""qty"":1734000,""isQtyEstimated"":false,""altQtyUnitCode"":21,""altQtyUnitAbbr"":""1000 KG"",""altQty"":1734,""isAltQtyEstimated"":false,""netWgt"":1744105,""isNetWgtEstimated"":false,""grossWgt"":0,""isGrossWgtEstimated"":false,""cifvalue"":null,""fobvalue"":3363387,""primaryValue"":3363387,""legacyEstimationFlag"":0,""isReported"":false,""isAggregate"":true}"
,UN Comtrade,https://comtradeapi.un.org/public/v1/preview/C/A/HS?reporterCode=76&flowCode=X&cmdCode=090111&period=2021&includeDesc=true,2026-05-30T18:34:22.015Z,"{""reporters"":[{""endpoint"":""https://comtradeapi.un.org/public/v1/preview/C/A/HS"",""reporterCode"":704,""reporterISO"":""VNM"",""flowCode"":""X"",""cmdCode"":""090111"",""period"":""2020,2021,2022,2023,2024,2025"",""includeDesc"":true},{""endpoint"":""https://comtradeapi.un.org/public/v1/preview/C/A/HS"",""reporterCode"":76,""reporterISO"":""BRA"",""flowCode"":""X"",""cmdCode"":""090111"",""period"":""2020,2021,2022,2023,2024,2025"",""includeDesc"":true},{""endpoint"":""https://comtradeapi.un.org/public/v1/preview/C/A/HS"",""reporterCode"":360,""reporterISO"":""IDN"",""flowCode"":""X"",""cmdCode"":""090111"",""period"":""2020,2021,2022,2023,2024,2025"",""includeDesc"":true}]}",C,A,20210101,2021,76,BRA,Brazil,12,DZA,Algeria,0,W00,World,X,Export,H5,090111,Coffee; not roasted or decaffeinated,C00,TOTAL CPC,0,TOTAL MOT,8,kg,48688400,19545002,0,31472550,true,false,true,"{""typeCode"":""C"",""freqCode"":""A"",""refPeriodId"":20210101,""refYear"":2021,""refMonth"":52,""period"":""2021"",""reporterCode"":76,""reporterISO"":""BRA"",""reporterDesc"":""Brazil"",""flowCode"":""X"",""flowDesc"":""Export"",""partnerCode"":12,""partnerISO"":""DZA"",""partnerDesc"":""Algeria"",""partner2Code"":0,""partner2ISO"":""W00"",""partner2Desc"":""World"",""classificationCode"":""H5"",""classificationSearchCode"":""HS"",""isOriginalClassification"":true,""cmdCode"":""090111"",""cmdDesc"":""Coffee; not roasted or decaffeinated"",""aggrLevel"":6,""isLeaf"":true,""customsCode"":""C00"",""customsDesc"":""TOTAL CPC"",""mosCode"":""0"",""motCode"":0,""motDesc"":""TOTAL MOT"",""qtyUnitCode"":8,""qtyUnitAbbr"":""kg"",""qty"":48688400,""isQtyEstimated"":false,""altQtyUnitCode"":21,""altQtyUnitAbbr"":""1000 KG"",""altQty"":104038,""isAltQtyEstimated"":false,""netWgt"":19545002,""isNetWgtEstimated"":false,""grossWgt"":0,""isGrossWgtEstimated"":false,""cifvalue"":null,""fobvalue"":31472550,""primaryValue"":31472550,""legacyEstimationFlag"":0,""isReported"":false,""isAggregate"":true}"
,UN Comtrade,https://comtradeapi.un.org/public/v1/preview/C/A/HS?reporterCode=76&flowCode=X&cmdCode=090111&period=2021&includeDesc=true,2026-05-30T18:34:22.015Z,"{""reporters"":[{""endpoint"":""https://comtradeapi.un.org/public/v1/preview/C/A/HS"",""reporterCode"":704,""reporterISO"":""VNM"",""flowCode"":""X"",""cmdCode"":""090111"",""period"":""2020,2021,2022,2023,2024,2025"",""includeDesc"":true},{""endpoint"":""https://comtradeapi.un.org/public/v1/preview/C/A/HS"",""reporterCode"":76,""reporterISO"":""BRA"",""flowCode"":""X"",""cmdCode"":""090111"",""period"":""2020,2021,2022,2023,2024,2025"",""includeDesc"":true},{""endpoint"":""https://comtradeapi.un.org/public/v1/preview/C/A/HS"",""reporterCode"":360,""reporterISO"":""IDN"",""flowCode"":""X"",""cmdCode"":""090111"",""period"":""2020,2021,2022,2023,2024,2025"",""includeDesc"":true}]}",C,A,20210101,2021,76,BRA,Brazil,28,ATG,Antigua and Barbuda,0,W00,World,X,Export,H5,090111,Coffee; not roasted or decaffeinated,C00,TOTAL CPC,0,TOTAL MOT,8,kg,14,29,0,105,true,false,true,"{""typeCode"":""C"",""freqCode"":""A"",""refPeriodId"":20210101,""refYear"":2021,""refMonth"":52,""period"":""2021"",""reporterCode"":76,""reporterISO"":""BRA"",""reporterDesc"":""Brazil"",""flowCode"":""X"",""flowDesc"":""Export"",""partnerCode"":28,""partnerISO"":""ATG"",""partnerDesc"":""Antigua and Barbuda"",""partner2Code"":0,""partner2ISO"":""W00"",""partner2Desc"":""World"",""classificationCode"":""H5"",""classificationSearchCode"":""HS"",""isOriginalClassification"":true,""cmdCode"":""090111"",""cmdDesc"":""Coffee; not roasted or decaffeinated"",""aggrLevel"":6,""isLeaf"":true,""customsCode"":""C00"",""customsDesc"":""TOTAL CPC"",""mosCode"":""0"",""motCode"":0,""motDesc"":""TOTAL MOT"",""qtyUnitCode"":8,""qtyUnitAbbr"":""kg"",""qty"":14,""isQtyEstimated"":false,""altQtyUnitCode"":8,""altQtyUnitAbbr"":""kg"",""altQty"":14,""isAltQtyEstimated"":false,""netWgt"":29,""isNetWgtEstimated"":false,""grossWgt"":0,""isGrossWgtEstimated"":false,""cifvalue"":null,""fobvalue"":105,""primaryValue"":105,""legacyEstimationFlag"":0,""isReported"":false,""isAggregate"":true}"
,UN Comtrade,https://comtradeapi.un.org/public/v1/preview/C/A/HS?reporterCode=76&flowCode=X&cmdCode=090111&period=2021&includeDesc=true,2026-05-30T18:34:22.015Z,"{""reporters"":[{""endpoint"":""https://comtradeapi.un.org/public/v1/preview/C/A/HS"",""reporterCode"":704,""reporterISO"":""VNM"",""flowCode"":""X"",""cmdCode"":""090111"",""period"":""2020,2021,2022,2023,2024,2025"",""includeDesc"":true},{""endpoint"":""https://comtradeapi.un.org/public/v1/preview/C/A/HS"",""reporterCode"":76,""reporterISO"":""BRA"",""flowCode"":""X"",""cmdCode"":""090111"",""period"":""2020,2021,2022,2023,2024,2025"",""includeDesc"":true},{""endpoint"":""https://comtradeapi.un.org/public/v1/preview/C/A/HS"",""reporterCode"":360,""reporterISO"":""IDN"",""flowCode"":""X"",""cmdCode"":""090111"",""period"":""2020,2021,2022,2023,2024,2025"",""includeDesc"":true}]}",C,A,20210101,2021,76,BRA,Brazil,32,ARG,Argentina,0,W00,World,X,Export,H5,090111,Coffee; not roasted or decaffeinated,C00,TOTAL CPC,0,TOTAL MOT,8,kg,23999000,24013501,0,54806755,true,false,true,"{""typeCode"":""C"",""freqCode"":""A"",""refPeriodId"":20210101,""refYear"":2021,""refMonth"":52,""period"":""2021"",""reporterCode"":76,""reporterISO"":""BRA"",""reporterDesc"":""Brazil"",""flowCode"":""X"",""flowDesc"":""Export"",""partnerCode"":32,""partnerISO"":""ARG"",""partnerDesc"":""Argentina"",""partner2Code"":0,""partner2ISO"":""W00"",""partner2Desc"":""World"",""classificationCode"":""H5"",""classificationSearchCode"":""HS"",""isOriginalClassification"":true,""cmdCode"":""090111"",""cmdDesc"":""Coffee; not roasted or decaffeinated"",""aggrLevel"":6,""isLeaf"":true,""customsCode"":""C00"",""customsDesc"":""TOTAL CPC"",""mosCode"":""0"",""motCode"":0,""motDesc"":""TOTAL MOT"",""qtyUnitCode"":8,""qtyUnitAbbr"":""kg"",""qty"":23999000,""isQtyEstimated"":false,""altQtyUnitCode"":21,""altQtyUnitAbbr"":""1000 KG"",""altQty"":23999,""isAltQtyEstimated"":false,""netWgt"":24013501,""isNetWgtEstimated"":false,""grossWgt"":0,""isGrossWgtEstimated"":false,""cifvalue"":null,""fobvalue"":54806755,""primaryValue"":54806755,""legacyEstimationFlag"":0,""isReported"":false,""isAggregate"":true}"
,UN Comtrade,https://comtradeapi.un.org/public/v1/preview/C/A/HS?reporterCode=76&flowCode=X&cmdCode=090111&period=2021&includeDesc=true,2026-05-30T18:34:22.015Z,"{""reporters"":[{""endpoint"":""https://comtradeapi.un.org/public/v1/preview/C/A/HS"",""reporterCode"":704,""reporterISO"":""VNM"",""flowCode"":""X"",""cmdCode"":""090111"",""period"":""2020,2021,2022,2023,2024,2025"",""includeDesc"":true},{""endpoint"":""https://comtradeapi.un.org/public/v1/preview/C/A/HS"",""reporterCode"":76,""reporterISO"":""BRA"",""flowCode"":""X"",""cmdCode"":""090111"",""period"":""2020,2021,2022,2023,2024,2025"",""includeDesc"":true},{""endpoint"":""https://comtradeapi.un.org/public/v1/preview/C/A/HS"",""reporterCode"":360,""reporterISO"":""IDN"",""flowCode"":""X"",""cmdCode"":""090111"",""period"":""2020,2021,2022,2023,2024,2025"",""includeDesc"":true}]}",C,A,20210101,2021,76,BRA,Brazil,36,AUS,Australia,0,W00,World,X,Export,H5,090111,Coffee; not roasted or decaffeinated,C00,TOTAL CPC,0,TOTAL MOT,8,kg,88913230,22132109,0,68422923,true,false,true,"{""typeCode"":""C"",""freqCode"":""A"",""refPeriodId"":20210101,""refYear"":2021,""refMonth"":52,""period"":""2021"",""reporterCode"":76,""reporterISO"":""BRA"",""reporterDesc"":""Brazil"",""flowCode"":""X"",""flowDesc"":""Export"",""partnerCode"":36,""partnerISO"":""AUS"",""partnerDesc"":""Australia"",""partner2Code"":0,""partner2ISO"":""W00"",""partner2Desc"":""World"",""classificationCode"":""H5"",""classificationSearchCode"":""HS"",""isOriginalClassification"":true,""cmdCode"":""090111"",""cmdDesc"":""Coffee; not roasted or decaffeinated"",""aggrLevel"":6,""isLeaf"":true,""customsCode"":""C00"",""customsDesc"":""TOTAL CPC"",""mosCode"":""0"",""motCode"":0,""motDesc"":""TOTAL MOT"",""qtyUnitCode"":8,""qtyUnitAbbr"":""kg"",""qty"":88913230,""isQtyEstimated"":false,""altQtyUnitCode"":-1,""altQtyUnitAbbr"":""N/A"",""altQty"":0,""isAltQtyEstimated"":false,""netWgt"":22132109,""isNetWgtEstimated"":false,""grossWgt"":0,""isGrossWgtEstimated"":false,""cifvalue"":null,""fobvalue"":68422923,""primaryValue"":68422923,""legacyEstimationFlag"":0,""isReported"":false,""isAggregate"":true}"
,UN Comtrade,https://comtradeapi.un.org/public/v1/preview/C/A/HS?reporterCode=76&flowCode=X&cmdCode=090111&period=2021&includeDesc=true,2026-05-30T18:34:22.015Z,"{""reporters"":[{""endpoint"":""https://comtradeapi.un.org/public/v1/preview/C/A/HS"",""reporterCode"":704,""reporterISO"":""VNM"",""flowCode"":""X"",""cmdCode"":""090111"",""period"":""2020,2021,2022,2023,2024,2025"",""includeDesc"":true},{""endpoint"":""https://comtradeapi.un.org/public/v1/preview/C/A/HS"",""reporterCode"":76,""reporterISO"":""BRA"",""flowCode"":""X"",""cmdCode"":""090111"",""period"":""2020,2021,2022,2023,2024,2025"",""includeDesc"":true},{""endpoint"":""https://comtradeapi.un.org/public/v1/preview/C/A/HS"",""reporterCode"":360,""reporterISO"":""IDN"",""flowCode"":""X"",""cmdCode"":""090111"",""period"":""2020,2021,2022,2023,2024,2025"",""includeDesc"":true}]}",C,A,20210101,2021,76,BRA,Brazil,40,AUT,Austria,0,W00,World,X,Export,H5,090111,Coffee; not roasted or decaffeinated,C00,TOTAL CPC,0,TOTAL MOT,8,kg,19000,18834,0,82242,true,false,true,"{""typeCode"":""C"",""freqCode"":""A"",""refPeriodId"":20210101,""refYear"":2021,""refMonth"":52,""period"":""2021"",""reporterCode"":76,""reporterISO"":""BRA"",""reporterDesc"":""Brazil"",""flowCode"":""X"",""flowDesc"":""Export"",""partnerCode"":40,""partnerISO"":""AUT"",""partnerDesc"":""Austria"",""partner2Code"":0,""partner2ISO"":""W00"",""partner2Desc"":""World"",""classificationCode"":""H5"",""classificationSearchCode"":""HS"",""isOriginalClassification"":true,""cmdCode"":""090111"",""cmdDesc"":""Coffee; not roasted or decaffeinated"",""aggrLevel"":6,""isLeaf"":true,""customsCode"":""C00"",""customsDesc"":""TOTAL CPC"",""mosCode"":""0"",""motCode"":0,""motDesc"":""TOTAL MOT"",""qtyUnitCode"":8,""qtyUnitAbbr"":""kg"",""qty"":19000,""isQtyEstimated"":false,""altQtyUnitCode"":21,""altQtyUnitAbbr"":""1000 KG"",""altQty"":19,""isAltQtyEstimated"":false,""netWgt"":18834,""isNetWgtEstimated"":false,""grossWgt"":0,""isGrossWgtEstimated"":false,""cifvalue"":null,""fobvalue"":82242,""primaryValue"":82242,""legacyEstimationFlag"":0,""isReported"":false,""isAggregate"":true}"
,UN Comtrade,https://comtradeapi.un.org/public/v1/preview/C/A/HS?reporterCode=76&flowCode=X&cmdCode=090111&period=2021&includeDesc=true,2026-05-30T18:34:22.015Z,"{""reporters"":[{""endpoint"":""https://comtradeapi.un.org/public/v1/preview/C/A/HS"",""reporterCode"":704,""reporterISO"":""VNM"",""flowCode"":""X"",""cmdCode"":""090111"",""period"":""2020,2021,2022,2023,2024,2025"",""includeDesc"":true},{""endpoint"":""https://comtradeapi.un.org/public/v1/preview/C/A/HS"",""reporterCode"":76,""reporterISO"":""BRA"",""flowCode"":""X"",""cmdCode"":""090111"",""period"":""2020,2021,2022,2023,2024,2025"",""includeDesc"":true},{""endpoint"":""https://comtradeapi.un.org/public/v1/preview/C/A/HS"",""reporterCode"":360,""reporterISO"":""IDN"",""flowCode"":""X"",""cmdCode"":""090111"",""period"":""2020,2021,2022,2023,2024,2025"",""includeDesc"":true}]}",C,A,20210101,2021,76,BRA,Brazil,44,BHS,Bahamas,0,W00,World,X,Export,H5,090111,Coffee; not roasted or decaffeinated,C00,TOTAL CPC,0,TOTAL MOT,8,kg,93,175,0,477,true,false,true,"{""typeCode"":""C"",""freqCode"":""A"",""refPeriodId"":20210101,""refYear"":2021,""refMonth"":52,""period"":""2021"",""reporterCode"":76,""reporterISO"":""BRA"",""reporterDesc"":""Brazil"",""flowCode"":""X"",""flowDesc"":""Export"",""partnerCode"":44,""partnerISO"":""BHS"",""partnerDesc"":""Bahamas"",""partner2Code"":0,""partner2ISO"":""W00"",""partner2Desc"":""World"",""classificationCode"":""H5"",""classificationSearchCode"":""HS"",""isOriginalClassification"":true,""cmdCode"":""090111"",""cmdDesc"":""Coffee; not roasted or decaffeinated"",""aggrLevel"":6,""isLeaf"":true,""customsCode"":""C00"",""customsDesc"":""TOTAL CPC"",""mosCode"":""0"",""motCode"":0,""motDesc"":""TOTAL MOT"",""qtyUnitCode"":8,""qtyUnitAbbr"":""kg"",""qty"":93,""isQtyEstimated"":false,""altQtyUnitCode"":8,""altQtyUnitAbbr"":""kg"",""altQty"":93,""isAltQtyEstimated"":false,""netWgt"":175,""isNetWgtEstimated"":false,""grossWgt"":0,""isGrossWgtEstimated"":false,""cifvalue"":null,""fobvalue"":477,""primaryValue"":477,""legacyEstimationFlag"":0,""isReported"":false,""isAggregate"":true}"
,UN Comtrade,https://comtradeapi.un.org/public/v1/preview/C/A/HS?reporterCode=76&flowCode=X&cmdCode=090111&period=2021&includeDesc=true,2026-05-30T18:34:22.015Z,"{""reporters"":[{""endpoint"":""https://comtradeapi.un.org/public/v1/preview/C/A/HS"",""reporterCode"":704,""reporterISO"":""VNM"",""flowCode"":""X"",""cmdCode"":""090111"",""period"":""2020,2021,2022,2023,2024,2025"",""includeDesc"":true},{""endpoint"":""https://comtradeapi.un.org/public/v1/preview/C/A/HS"",""reporterCode"":76,""reporterISO"":""BRA"",""flowCode"":""X"",""cmdCode"":""090111"",""period"":""2020,2021,2022,2023,2024,2025"",""includeDesc"":true},{""endpoint"":""https://comtradeapi.un.org/public/v1/preview/C/A/HS"",""reporterCode"":360,""reporterISO"":""IDN"",""flowCode"":""X"",""cmdCode"":""090111"",""period"":""2020,2021,2022,2023,2024,2025"",""includeDesc"":true}]}",C,A,20210101,2021,76,BRA,Brazil,48,BHR,Bahrain,0,W00,World,X,Export,H5,090111,Coffee; not roasted or decaffeinated,C00,TOTAL CPC,0,TOTAL MOT,8,kg,7281669,88567,0,214225,true,false,true,"{""typeCode"":""C"",""freqCode"":""A"",""refPeriodId"":20210101,""refYear"":2021,""refMonth"":52,""period"":""2021"",""reporterCode"":76,""reporterISO"":""BRA"",""reporterDesc"":""Brazil"",""flowCode"":""X"",""flowDesc"":""Export"",""partnerCode"":48,""partnerISO"":""BHR"",""partnerDesc"":""Bahrain"",""partner2Code"":0,""partner2ISO"":""W00"",""partner2Desc"":""World"",""classificationCode"":""H5"",""classificationSearchCode"":""HS"",""isOriginalClassification"":true,""cmdCode"":""090111"",""cmdDesc"":""Coffee; not roasted or decaffeinated"",""aggrLevel"":6,""isLeaf"":true,""customsCode"":""C00"",""customsDesc"":""TOTAL CPC"",""mosCode"":""0"",""motCode"":0,""motDesc"":""TOTAL MOT"",""qtyUnitCode"":8,""qtyUnitAbbr"":""kg"",""qty"":7281669,""isQtyEstimated"":false,""altQtyUnitCode"":-1,""altQtyUnitAbbr"":""N/A"",""altQty"":0,""isAltQtyEstimated"":false,""netWgt"":88567,""isNetWgtEstimated"":false,""grossWgt"":0,""isGrossWgtEstimated"":false,""cifvalue"":null,""fobvalue"":214225,""primaryValue"":214225,""legacyEstimationFlag"":0,""isReported"":false,""isAggregate"":true}"
,UN Comtrade,https://comtradeapi.un.org/public/v1/preview/C/A/HS?reporterCode=76&flowCode=X&cmdCode=090111&period=2021&includeDesc=true,2026-05-30T18:34:22.015Z,"{""reporters"":[{""endpoint"":""https://comtradeapi.un.org/public/v1/preview/C/A/HS"",""reporterCode"":704,""reporterISO"":""VNM"",""flowCode"":""X"",""cmdCode"":""090111"",""period"":""2020,2021,2022,2023,2024,2025"",""includeDesc"":true},{""endpoint"":""https://comtradeapi.un.org/public/v1/preview/C/A/HS"",""reporterCode"":76,""reporterISO"":""BRA"",""flowCode"":""X"",""cmdCode"":""090111"",""period"":""2020,2021,2022,2023,2024,2025"",""includeDesc"":true},{""endpoint"":""https://comtradeapi.un.org/public/v1/preview/C/A/HS"",""reporterCode"":360,""reporterISO"":""IDN"",""flowCode"":""X"",""cmdCode"":""090111"",""period"":""2020,2021,2022,2023,2024,2025"",""includeDesc"":true}]}",C,A,20210101,2021,76,BRA,Brazil,50,BGD,Bangladesh,0,W00,World,X,Export,H5,090111,Coffee; not roasted or decaffeinated,C00,TOTAL CPC,0,TOTAL MOT,8,kg,2,2,0,8,true,false,true,"{""typeCode"":""C"",""freqCode"":""A"",""refPeriodId"":20210101,""refYear"":2021,""refMonth"":52,""period"":""2021"",""reporterCode"":76,""reporterISO"":""BRA"",""reporterDesc"":""Brazil"",""flowCode"":""X"",""flowDesc"":""Export"",""partnerCode"":50,""partnerISO"":""BGD"",""partnerDesc"":""Bangladesh"",""partner2Code"":0,""partner2ISO"":""W00"",""partner2Desc"":""World"",""classificationCode"":""H5"",""classificationSearchCode"":""HS"",""isOriginalClassification"":true,""cmdCode"":""090111"",""cmdDesc"":""Coffee; not roasted or decaffeinated"",""aggrLevel"":6,""isLeaf"":true,""customsCode"":""C00"",""customsDesc"":""TOTAL CPC"",""mosCode"":""0"",""motCode"":0,""motDesc"":""TOTAL MOT"",""qtyUnitCode"":8,""qtyUnitAbbr"":""kg"",""qty"":2,""isQtyEstimated"":false,""altQtyUnitCode"":8,""altQtyUnitAbbr"":""kg"",""altQty"":2,""isAltQtyEstimated"":false,""netWgt"":2,""isNetWgtEstimated"":false,""grossWgt"":0,""isGrossWgtEstimated"":false,""cifvalue"":null,""fobvalue"":8,""primaryValue"":8,""legacyEstimationFlag"":0,""isReported"":false,""isAggregate"":true}"
,UN Comtrade,https://comtradeapi.un.org/public/v1/preview/C/A/HS?reporterCode=76&flowCode=X&cmdCode=090111&period=2021&includeDesc=true,2026-05-30T18:34:22.015Z,"{""reporters"":[{""endpoint"":""https://comtradeapi.un.org/public/v1/preview/C/A/HS"",""reporterCode"":704,""reporterISO"":""VNM"",""flowCode"":""X"",""cmdCode"":""090111"",""period"":""2020,2021,2022,2023,2024,2025"",""includeDesc"":true},{""endpoint"":""https://comtradeapi.un.org/public/v1/preview/C/A/HS"",""reporterCode"":76,""reporterISO"":""BRA"",""flowCode"":""X"",""cmdCode"":""090111"",""period"":""2020,2021,2022,2023,2024,2025"",""includeDesc"":true},{""endpoint"":""https://comtradeapi.un.org/public/v1/preview/C/A/HS"",""reporterCode"":360,""reporterISO"":""IDN"",""flowCode"":""X"",""cmdCode"":""090111"",""period"":""2020,2021,2022,2023,2024,2025"",""includeDesc"":true}]}",C,A,20210101,2021,76,BRA,Brazil,51,ARM,Armenia,0,W00,World,X,Export,H5,090111,Coffee; not roasted or decaffeinated,C00,TOTAL CPC,0,TOTAL MOT,8,kg,19000,19200,0,47361,true,false,true,"{""typeCode"":""C"",""freqCode"":""A"",""refPeriodId"":20210101,""refYear"":2021,""refMonth"":52,""period"":""2021"",""reporterCode"":76,""reporterISO"":""BRA"",""reporterDesc"":""Brazil"",""flowCode"":""X"",""flowDesc"":""Export"",""partnerCode"":51,""partnerISO"":""ARM"",""partnerDesc"":""Armenia"",""partner2Code"":0,""partner2ISO"":""W00"",""partner2Desc"":""World"",""classificationCode"":""H5"",""classificationSearchCode"":""HS"",""isOriginalClassification"":true,""cmdCode"":""090111"",""cmdDesc"":""Coffee; not roasted or decaffeinated"",""aggrLevel"":6,""isLeaf"":true,""customsCode"":""C00"",""customsDesc"":""TOTAL CPC"",""mosCode"":""0"",""motCode"":0,""motDesc"":""TOTAL MOT"",""qtyUnitCode"":8,""qtyUnitAbbr"":""kg"",""qty"":19000,""isQtyEstimated"":false,""altQtyUnitCode"":21,""altQtyUnitAbbr"":""1000 KG"",""altQty"":19,""isAltQtyEstimated"":false,""netWgt"":19200,""isNetWgtEstimated"":false,""grossWgt"":0,""isGrossWgtEstimated"":false,""cifvalue"":null,""fobvalue"":47361,""primaryValue"":47361,""legacyEstimationFlag"":0,""isReported"":false,""isAggregate"":true}"
,UN Comtrade,https://comtradeapi.un.org/public/v1/preview/C/A/HS?reporterCode=76&flowCode=X&cmdCode=090111&period=2021&includeDesc=true,2026-05-30T18:34:22.015Z,"{""reporters"":[{""endpoint"":""https://comtradeapi.un.org/public/v1/preview/C/A/HS"",""reporterCode"":704,""reporterISO"":""VNM"",""flowCode"":""X"",""cmdCode"":""090111"",""period"":""2020,2021,2022,2023,2024,2025"",""includeDesc"":true},{""endpoint"":""https://comtradeapi.un.org/public/v1/preview/C/A/HS"",""reporterCode"":76,""reporterISO"":""BRA"",""flowCode"":""X"",""cmdCode"":""090111"",""period"":""2020,2021,2022,2023,2024,2025"",""includeDesc"":true},{""endpoint"":""https://comtradeapi.un.org/public/v1/preview/C/A/HS"",""reporterCode"":360,""reporterISO"":""IDN"",""flowCode"":""X"",""cmdCode"":""090111"",""period"":""2020,2021,2022,2023,2024,2025"",""includeDesc"":true}]}",C,A,20210101,2021,76,BRA,Brazil,52,BRB,Barbados,0,W00,World,X,Export,H5,090111,Coffee; not roasted or decaffeinated,C00,TOTAL CPC,0,TOTAL MOT,8,kg,15,15,0,106,true,false,true,"{""typeCode"":""C"",""freqCode"":""A"",""refPeriodId"":20210101,""refYear"":2021,""refMonth"":52,""period"":""2021"",""reporterCode"":76,""reporterISO"":""BRA"",""reporterDesc"":""Brazil"",""flowCode"":""X"",""flowDesc"":""Export"",""partnerCode"":52,""partnerISO"":""BRB"",""partnerDesc"":""Barbados"",""partner2Code"":0,""partner2ISO"":""W00"",""partner2Desc"":""World"",""classificationCode"":""H5"",""classificationSearchCode"":""HS"",""isOriginalClassification"":true,""cmdCode"":""090111"",""cmdDesc"":""Coffee; not roasted or decaffeinated"",""aggrLevel"":6,""isLeaf"":true,""customsCode"":""C00"",""customsDesc"":""TOTAL CPC"",""mosCode"":""0"",""motCode"":0,""motDesc"":""TOTAL MOT"",""qtyUnitCode"":8,""qtyUnitAbbr"":""kg"",""qty"":15,""isQtyEstimated"":false,""altQtyUnitCode"":8,""altQtyUnitAbbr"":""kg"",""altQty"":15,""isAltQtyEstimated"":false,""netWgt"":15,""isNetWgtEstimated"":false,""grossWgt"":0,""isGrossWgtEstimated"":false,""cifvalue"":null,""fobvalue"":106,""primaryValue"":106,""legacyEstimationFlag"":0,""isReported"":false,""isAggregate"":true}"
,UN Comtrade,https://comtradeapi.un.org/public/v1/preview/C/A/HS?reporterCode=76&flowCode=X&cmdCode=090111&period=2021&includeDesc=true,2026-05-30T18:34:22.015Z,"{""reporters"":[{""endpoint"":""https://comtradeapi.un.org/public/v1/preview/C/A/HS"",""reporterCode"":704,""reporterISO"":""VNM"",""flowCode"":""X"",""cmdCode"":""090111"",""period"":""2020,2021,2022,2023,2024,2025"",""includeDesc"":true},{""endpoint"":""https://comtradeapi.un.org/public/v1/preview/C/A/HS"",""reporterCode"":76,""reporterISO"":""BRA"",""flowCode"":""X"",""cmdCode"":""090111"",""period"":""2020,2021,2022,2023,2024,2025"",""includeDesc"":true},{""endpoint"":""https://comtradeapi.un.org/public/v1/preview/C/A/HS"",""reporterCode"":360,""reporterISO"":""IDN"",""flowCode"":""X"",""cmdCode"":""090111"",""period"":""2020,2021,2022,2023,2024,2025"",""includeDesc"":true}]}",C,A,20210101,2021,76,BRA,Brazil,56,BEL,Belgium,0,W00,World,X,Export,H5,090111,Coffee; not roasted or decaffeinated,C00,TOTAL CPC,0,TOTAL MOT,8,kg,538548120,175590570,0,493990676,true,false,true,"{""typeCode"":""C"",""freqCode"":""A"",""refPeriodId"":20210101,""refYear"":2021,""refMonth"":52,""period"":""2021"",""reporterCode"":76,""reporterISO"":""BRA"",""reporterDesc"":""Brazil"",""flowCode"":""X"",""flowDesc"":""Export"",""partnerCode"":56,""partnerISO"":""BEL"",""partnerDesc"":""Belgium"",""partner2Code"":0,""partner2ISO"":""W00"",""partner2Desc"":""World"",""classificationCode"":""H5"",""classificationSearchCode"":""HS"",""isOriginalClassification"":true,""cmdCode"":""090111"",""cmdDesc"":""Coffee; not roasted or decaffeinated"",""aggrLevel"":6,""isLeaf"":true,""customsCode"":""C00"",""customsDesc"":""TOTAL CPC"",""mosCode"":""0"",""motCode"":0,""motDesc"":""TOTAL MOT"",""qtyUnitCode"":8,""qtyUnitAbbr"":""kg"",""qty"":538548120,""isQtyEstimated"":false,""altQtyUnitCode"":-1,""altQtyUnitAbbr"":""N/A"",""altQty"":0,""isAltQtyEstimated"":false,""netWgt"":175590570,""isNetWgtEstimated"":false,""grossWgt"":0,""isGrossWgtEstimated"":false,""cifvalue"":null,""fobvalue"":493990676,""primaryValue"":493990676,""legacyEstimationFlag"":0,""isReported"":false,""isAggregate"":true}"
,UN Comtrade,https://comtradeapi.un.org/public/v1/preview/C/A/HS?reporterCode=76&flowCode=X&cmdCode=090111&period=2021&includeDesc=true,2026-05-30T18:34:22.015Z,"{""reporters"":[{""endpoint"":""https://comtradeapi.un.org/public/v1/preview/C/A/HS"",""reporterCode"":704,""reporterISO"":""VNM"",""flowCode"":""X"",""cmdCode"":""090111"",""period"":""2020,2021,2022,2023,2024,2025"",""includeDesc"":true},{""endpoint"":""https://comtradeapi.un.org/public/v1/preview/C/A/HS"",""reporterCode"":76,""reporterISO"":""BRA"",""flowCode"":""X"",""cmdCode"":""090111"",""period"":""2020,2021,2022,2023,2024,2025"",""includeDesc"":true},{""endpoint"":""https://comtradeapi.un.org/public/v1/preview/C/A/HS"",""reporterCode"":360,""reporterISO"":""IDN"",""flowCode"":""X"",""cmdCode"":""090111"",""period"":""2020,2021,2022,2023,2024,2025"",""includeDesc"":true}]}",C,A,20210101,2021,76,BRA,Brazil,68,BOL,Bolivia (Plurinational State of),0,W00,World,X,Export,H5,090111,Coffee; not roasted or decaffeinated,C00,TOTAL CPC,0,TOTAL MOT,8,kg,5000,4800,0,19842,true,false,true,"{""typeCode"":""C"",""freqCode"":""A"",""refPeriodId"":20210101,""refYear"":2021,""refMonth"":52,""period"":""2021"",""reporterCode"":76,""reporterISO"":""BRA"",""reporterDesc"":""Brazil"",""flowCode"":""X"",""flowDesc"":""Export"",""partnerCode"":68,""partnerISO"":""BOL"",""partnerDesc"":""Bolivia (Plurinational State of)"",""partner2Code"":0,""partner2ISO"":""W00"",""partner2Desc"":""World"",""classificationCode"":""H5"",""classificationSearchCode"":""HS"",""isOriginalClassification"":true,""cmdCode"":""090111"",""cmdDesc"":""Coffee; not roasted or decaffeinated"",""aggrLevel"":6,""isLeaf"":true,""customsCode"":""C00"",""customsDesc"":""TOTAL CPC"",""mosCode"":""0"",""motCode"":0,""motDesc"":""TOTAL MOT"",""qtyUnitCode"":8,""qtyUnitAbbr"":""kg"",""qty"":5000,""isQtyEstimated"":false,""altQtyUnitCode"":21,""altQtyUnitAbbr"":""1000 KG"",""altQty"":5,""isAltQtyEstimated"":false,""netWgt"":4800,""isNetWgtEstimated"":false,""grossWgt"":0,""isGrossWgtEstimated"":false,""cifvalue"":null,""fobvalue"":19842,""primaryValue"":19842,""legacyEstimationFlag"":0,""isReported"":false,""isAggregate"":true}"
,UN Comtrade,https://comtradeapi.un.org/public/v1/preview/C/A/HS?reporterCode=76&flowCode=X&cmdCode=090111&period=2021&includeDesc=true,2026-05-30T18:34:22.015Z,"{""reporters"":[{""endpoint"":""https://comtradeapi.un.org/public/v1/preview/C/A/HS"",""reporterCode"":704,""reporterISO"":""VNM"",""flowCode"":""X"",""cmdCode"":""090111"",""period"":""2020,2021,2022,2023,2024,2025"",""includeDesc"":true},{""endpoint"":""https://comtradeapi.un.org/public/v1/preview/C/A/HS"",""reporterCode"":76,""reporterISO"":""BRA"",""flowCode"":""X"",""cmdCode"":""090111"",""period"":""2020,2021,2022,2023,2024,2025"",""includeDesc"":true},{""endpoint"":""https://comtradeapi.un.org/public/v1/preview/C/A/HS"",""reporterCode"":360,""reporterISO"":""IDN"",""flowCode"":""X"",""cmdCode"":""090111"",""period"":""2020,2021,2022,2023,2024,2025"",""includeDesc"":true}]}",C,A,20210101,2021,76,BRA,Brazil,84,BLZ,Belize,0,W00,World,X,Export,H5,090111,Coffee; not roasted or decaffeinated,C00,TOTAL CPC,0,TOTAL MOT,8,kg,22000,21600,0,61193,true,false,true,"{""typeCode"":""C"",""freqCode"":""A"",""refPeriodId"":20210101,""refYear"":2021,""refMonth"":52,""period"":""2021"",""reporterCode"":76,""reporterISO"":""BRA"",""reporterDesc"":""Brazil"",""flowCode"":""X"",""flowDesc"":""Export"",""partnerCode"":84,""partnerISO"":""BLZ"",""partnerDesc"":""Belize"",""partner2Code"":0,""partner2ISO"":""W00"",""partner2Desc"":""World"",""classificationCode"":""H5"",""classificationSearchCode"":""HS"",""isOriginalClassification"":true,""cmdCode"":""090111"",""cmdDesc"":""Coffee; not roasted or decaffeinated"",""aggrLevel"":6,""isLeaf"":true,""customsCode"":""C00"",""customsDesc"":""TOTAL CPC"",""mosCode"":""0"",""motCode"":0,""motDesc"":""TOTAL MOT"",""qtyUnitCode"":8,""qtyUnitAbbr"":""kg"",""qty"":22000,""isQtyEstimated"":false,""altQtyUnitCode"":21,""altQtyUnitAbbr"":""1000 KG"",""altQty"":22,""isAltQtyEstimated"":false,""netWgt"":21600,""isNetWgtEstimated"":false,""grossWgt"":0,""isGrossWgtEstimated"":false,""cifvalue"":null,""fobvalue"":61193,""primaryValue"":61193,""legacyEstimationFlag"":0,""isReported"":false,""isAggregate"":true}"
,UN Comtrade,https://comtradeapi.un.org/public/v1/preview/C/A/HS?reporterCode=76&flowCode=X&cmdCode=090111&period=2021&includeDesc=true,2026-05-30T18:34:22.015Z,"{""reporters"":[{""endpoint"":""https://comtradeapi.un.org/public/v1/preview/C/A/HS"",""reporterCode"":704,""reporterISO"":""VNM"",""flowCode"":""X"",""cmdCode"":""090111"",""period"":""2020,2021,2022,2023,2024,2025"",""includeDesc"":true},{""endpoint"":""https://comtradeapi.un.org/public/v1/preview/C/A/HS"",""reporterCode"":76,""reporterISO"":""BRA"",""flowCode"":""X"",""cmdCode"":""090111"",""period"":""2020,2021,2022,2023,2024,2025"",""includeDesc"":true},{""endpoint"":""https://comtradeapi.un.org/public/v1/preview/C/A/HS"",""reporterCode"":360,""reporterISO"":""IDN"",""flowCode"":""X"",""cmdCode"":""090111"",""period"":""2020,2021,2022,2023,2024,2025"",""includeDesc"":true}]}",C,A,20210101,2021,76,BRA,Brazil,100,BGR,Bulgaria,0,W00,World,X,Export,H5,090111,Coffee; not roasted or decaffeinated,C00,TOTAL CPC,0,TOTAL MOT,8,kg,415361,416736,0,1009715,true,false,true,"{""typeCode"":""C"",""freqCode"":""A"",""refPeriodId"":20210101,""refYear"":2021,""refMonth"":52,""period"":""2021"",""reporterCode"":76,""reporterISO"":""BRA"",""reporterDesc"":""Brazil"",""flowCode"":""X"",""flowDesc"":""Export"",""partnerCode"":100,""partnerISO"":""BGR"",""partnerDesc"":""Bulgaria"",""partner2Code"":0,""partner2ISO"":""W00"",""partner2Desc"":""World"",""classificationCode"":""H5"",""classificationSearchCode"":""HS"",""isOriginalClassification"":true,""cmdCode"":""090111"",""cmdDesc"":""Coffee; not roasted or decaffeinated"",""aggrLevel"":6,""isLeaf"":true,""customsCode"":""C00"",""customsDesc"":""TOTAL CPC"",""mosCode"":""0"",""motCode"":0,""motDesc"":""TOTAL MOT"",""qtyUnitCode"":8,""qtyUnitAbbr"":""kg"",""qty"":415361,""isQtyEstimated"":false,""altQtyUnitCode"":-1,""altQtyUnitAbbr"":""N/A"",""altQty"":0,""isAltQtyEstimated"":false,""netWgt"":416736,""isNetWgtEstimated"":false,""grossWgt"":0,""isGrossWgtEstimated"":false,""cifvalue"":null,""fobvalue"":1009715,""primaryValue"":1009715,""legacyEstimationFlag"":0,""isReported"":false,""isAggregate"":true}"
,UN Comtrade,https://comtradeapi.un.org/public/v1/preview/C/A/HS?reporterCode=76&flowCode=X&cmdCode=090111&period=2021&includeDesc=true,2026-05-30T18:34:22.015Z,"{""reporters"":[{""endpoint"":""https://comtradeapi.un.org/public/v1/preview/C/A/HS"",""reporterCode"":704,""reporterISO"":""VNM"",""flowCode"":""X"",""cmdCode"":""090111"",""period"":""2020,2021,2022,2023,2024,2025"",""includeDesc"":true},{""endpoint"":""https://comtradeapi.un.org/public/v1/preview/C/A/HS"",""reporterCode"":76,""reporterISO"":""BRA"",""flowCode"":""X"",""cmdCode"":""090111"",""period"":""2020,2021,2022,2023,2024,2025"",""includeDesc"":true},{""endpoint"":""https://comtradeapi.un.org/public/v1/preview/C/A/HS"",""reporterCode"":360,""reporterISO"":""IDN"",""flowCode"":""X"",""cmdCode"":""090111"",""period"":""2020,2021,2022,2023,2024,2025"",""includeDesc"":true}]}",C,A,20210101,2021,76,BRA,Brazil,112,BLR,Belarus,0,W00,World,X,Export,H5,090111,Coffee; not roasted or decaffeinated,C00,TOTAL CPC,0,TOTAL MOT,8,kg,115000,115200,0,278609,true,false,true,"{""typeCode"":""C"",""freqCode"":""A"",""refPeriodId"":20210101,""refYear"":2021,""refMonth"":52,""period"":""2021"",""reporterCode"":76,""reporterISO"":""BRA"",""reporterDesc"":""Brazil"",""flowCode"":""X"",""flowDesc"":""Export"",""partnerCode"":112,""partnerISO"":""BLR"",""partnerDesc"":""Belarus"",""partner2Code"":0,""partner2ISO"":""W00"",""partner2Desc"":""World"",""classificationCode"":""H5"",""classificationSearchCode"":""HS"",""isOriginalClassification"":true,""cmdCode"":""090111"",""cmdDesc"":""Coffee; not roasted or decaffeinated"",""aggrLevel"":6,""isLeaf"":true,""customsCode"":""C00"",""customsDesc"":""TOTAL CPC"",""mosCode"":""0"",""motCode"":0,""motDesc"":""TOTAL MOT"",""qtyUnitCode"":8,""qtyUnitAbbr"":""kg"",""qty"":115000,""isQtyEstimated"":false,""altQtyUnitCode"":21,""altQtyUnitAbbr"":""1000 KG"",""altQty"":115,""isAltQtyEstimated"":false,""netWgt"":115200,""isNetWgtEstimated"":false,""grossWgt"":0,""isGrossWgtEstimated"":false,""cifvalue"":null,""fobvalue"":278609,""primaryValue"":278609,""legacyEstimationFlag"":0,""isReported"":false,""isAggregate"":true}"
,UN Comtrade,https://comtradeapi.un.org/public/v1/preview/C/A/HS?reporterCode=76&flowCode=X&cmdCode=090111&period=2021&includeDesc=true,2026-05-30T18:34:22.015Z,"{""reporters"":[{""endpoint"":""https://comtradeapi.un.org/public/v1/preview/C/A/HS"",""reporterCode"":704,""reporterISO"":""VNM"",""flowCode"":""X"",""cmdCode"":""090111"",""period"":""2020,2021,2022,2023,2024,2025"",""includeDesc"":true},{""endpoint"":""https://comtradeapi.un.org/public/v1/preview/C/A/HS"",""reporterCode"":76,""reporterISO"":""BRA"",""flowCode"":""X"",""cmdCode"":""090111"",""period"":""2020,2021,2022,2023,2024,2025"",""includeDesc"":true},{""endpoint"":""https://comtradeapi.un.org/public/v1/preview/C/A/HS"",""reporterCode"":360,""reporterISO"":""IDN"",""flowCode"":""X"",""cmdCode"":""090111"",""period"":""2020,2021,2022,2023,2024,2025"",""includeDesc"":true}]}",C,A,20210101,2021,76,BRA,Brazil,120,CMR,Cameroon,0,W00,World,X,Export,H5,090111,Coffee; not roasted or decaffeinated,C00,TOTAL CPC,0,TOTAL MOT,8,kg,14,14,0,16,true,false,true,"{""typeCode"":""C"",""freqCode"":""A"",""refPeriodId"":20210101,""refYear"":2021,""refMonth"":52,""period"":""2021"",""reporterCode"":76,""reporterISO"":""BRA"",""reporterDesc"":""Brazil"",""flowCode"":""X"",""flowDesc"":""Export"",""partnerCode"":120,""partnerISO"":""CMR"",""partnerDesc"":""Cameroon"",""partner2Code"":0,""partner2ISO"":""W00"",""partner2Desc"":""World"",""classificationCode"":""H5"",""classificationSearchCode"":""HS"",""isOriginalClassification"":true,""cmdCode"":""090111"",""cmdDesc"":""Coffee; not roasted or decaffeinated"",""aggrLevel"":6,""isLeaf"":true,""customsCode"":""C00"",""customsDesc"":""TOTAL CPC"",""mosCode"":""0"",""motCode"":0,""motDesc"":""TOTAL MOT"",""qtyUnitCode"":8,""qtyUnitAbbr"":""kg"",""qty"":14,""isQtyEstimated"":false,""altQtyUnitCode"":8,""altQtyUnitAbbr"":""kg"",""altQty"":14,""isAltQtyEstimated"":false,""netWgt"":14,""isNetWgtEstimated"":false,""grossWgt"":0,""isGrossWgtEstimated"":false,""cifvalue"":null,""fobvalue"":16,""primaryValue"":16,""legacyEstimationFlag"":0,""isReported"":false,""isAggregate"":true}"
,UN Comtrade,https://comtradeapi.un.org/public/v1/preview/C/A/HS?reporterCode=76&flowCode=X&cmdCode=090111&period=2021&includeDesc=true,2026-05-30T18:34:22.015Z,"{""reporters"":[{""endpoint"":""https://comtradeapi.un.org/public/v1/preview/C/A/HS"",""reporterCode"":704,""reporterISO"":""VNM"",""flowCode"":""X"",""cmdCode"":""090111"",""period"":""2020,2021,2022,2023,2024,2025"",""includeDesc"":true},{""endpoint"":""https://comtradeapi.un.org/public/v1/preview/C/A/HS"",""reporterCode"":76,""reporterISO"":""BRA"",""flowCode"":""X"",""cmdCode"":""090111"",""period"":""2020,2021,2022,2023,2024,2025"",""includeDesc"":true},{""endpoint"":""https://comtradeapi.un.org/public/v1/preview/C/A/HS"",""reporterCode"":360,""reporterISO"":""IDN"",""flowCode"":""X"",""cmdCode"":""090111"",""period"":""2020,2021,2022,2023,2024,2025"",""includeDesc"":true}]}",C,A,20210101,2021,76,BRA,Brazil,124,CAN,Canada,0,W00,World,X,Export,H5,090111,Coffee; not roasted or decaffeinated,C00,TOTAL CPC,0,TOTAL MOT,8,kg,62661120,42870535,0,109653928,true,false,true,"{""typeCode"":""C"",""freqCode"":""A"",""refPeriodId"":20210101,""refYear"":2021,""refMonth"":52,""period"":""2021"",""reporterCode"":76,""reporterISO"":""BRA"",""reporterDesc"":""Brazil"",""flowCode"":""X"",""flowDesc"":""Export"",""partnerCode"":124,""partnerISO"":""CAN"",""partnerDesc"":""Canada"",""partner2Code"":0,""partner2ISO"":""W00"",""partner2Desc"":""World"",""classificationCode"":""H5"",""classificationSearchCode"":""HS"",""isOriginalClassification"":true,""cmdCode"":""090111"",""cmdDesc"":""Coffee; not roasted or decaffeinated"",""aggrLevel"":6,""isLeaf"":true,""customsCode"":""C00"",""customsDesc"":""TOTAL CPC"",""mosCode"":""0"",""motCode"":0,""motDesc"":""TOTAL MOT"",""qtyUnitCode"":8,""qtyUnitAbbr"":""kg"",""qty"":62661120,""isQtyEstimated"":false,""altQtyUnitCode"":-1,""altQtyUnitAbbr"":""N/A"",""altQty"":0,""isAltQtyEstimated"":false,""netWgt"":42870535,""isNetWgtEstimated"":false,""grossWgt"":0,""isGrossWgtEstimated"":false,""cifvalue"":null,""fobvalue"":109653928,""primaryValue"":109653928,""legacyEstimationFlag"":0,""isReported"":false,""isAggregate"":true}"
,UN Comtrade,https://comtradeapi.un.org/public/v1/preview/C/A/HS?reporterCode=76&flowCode=X&cmdCode=090111&period=2021&includeDesc=true,2026-05-30T18:34:22.015Z,"{""reporters"":[{""endpoint"":""https://comtradeapi.un.org/public/v1/preview/C/A/HS"",""reporterCode"":704,""reporterISO"":""VNM"",""flowCode"":""X"",""cmdCode"":""090111"",""period"":""2020,2021,2022,2023,2024,2025"",""includeDesc"":true},{""endpoint"":""https://comtradeapi.un.org/public/v1/preview/C/A/HS"",""reporterCode"":76,""reporterISO"":""BRA"",""flowCode"":""X"",""cmdCode"":""090111"",""period"":""2020,2021,2022,2023,2024,2025"",""includeDesc"":true},{""endpoint"":""https://comtradeapi.un.org/public/v1/preview/C/A/HS"",""reporterCode"":360,""reporterISO"":""IDN"",""flowCode"":""X"",""cmdCode"":""090111"",""period"":""2020,2021,2022,2023,2024,2025"",""includeDesc"":true}]}",C,A,20210101,2021,76,BRA,Brazil,132,CPV,Cabo Verde,0,W00,World,X,Export,H5,090111,Coffee; not roasted or decaffeinated,C00,TOTAL CPC,0,TOTAL MOT,8,kg,209000,210560,0,389059,true,false,true,"{""typeCode"":""C"",""freqCode"":""A"",""refPeriodId"":20210101,""refYear"":2021,""refMonth"":52,""period"":""2021"",""reporterCode"":76,""reporterISO"":""BRA"",""reporterDesc"":""Brazil"",""flowCode"":""X"",""flowDesc"":""Export"",""partnerCode"":132,""partnerISO"":""CPV"",""partnerDesc"":""Cabo Verde"",""partner2Code"":0,""partner2ISO"":""W00"",""partner2Desc"":""World"",""classificationCode"":""H5"",""classificationSearchCode"":""HS"",""isOriginalClassification"":true,""cmdCode"":""090111"",""cmdDesc"":""Coffee; not roasted or decaffeinated"",""aggrLevel"":6,""isLeaf"":true,""customsCode"":""C00"",""customsDesc"":""TOTAL CPC"",""mosCode"":""0"",""motCode"":0,""motDesc"":""TOTAL MOT"",""qtyUnitCode"":8,""qtyUnitAbbr"":""kg"",""qty"":209000,""isQtyEstimated"":false,""altQtyUnitCode"":21,""altQtyUnitAbbr"":""1000 KG"",""altQty"":209,""isAltQtyEstimated"":false,""netWgt"":210560,""isNetWgtEstimated"":false,""grossWgt"":0,""isGrossWgtEstimated"":false,""cifvalue"":null,""fobvalue"":389059,""primaryValue"":389059,""legacyEstimationFlag"":0,""isReported"":false,""isAggregate"":true}"
,UN Comtrade,https://comtradeapi.un.org/public/v1/preview/C/A/HS?reporterCode=76&flowCode=X&cmdCode=090111&period=2021&includeDesc=true,2026-05-30T18:34:22.015Z,"{""reporters"":[{""endpoint"":""https://comtradeapi.un.org/public/v1/preview/C/A/HS"",""reporterCode"":704,""reporterISO"":""VNM"",""flowCode"":""X"",""cmdCode"":""090111"",""period"":""2020,2021,2022,2023,2024,2025"",""includeDesc"":true},{""endpoint"":""https://comtradeapi.un.org/public/v1/preview/C/A/HS"",""reporterCode"":76,""reporterISO"":""BRA"",""flowCode"":""X"",""cmdCode"":""090111"",""period"":""2020,2021,2022,2023,2024,2025"",""includeDesc"":true},{""endpoint"":""https://comtradeapi.un.org/public/v1/preview/C/A/HS"",""reporterCode"":360,""reporterISO"":""IDN"",""flowCode"":""X"",""cmdCode"":""090111"",""period"":""2020,2021,2022,2023,2024,2025"",""includeDesc"":true}]}",C,A,20210101,2021,76,BRA,Brazil,152,CHL,Chile,0,W00,World,X,Export,H5,090111,Coffee; not roasted or decaffeinated,C00,TOTAL CPC,0,TOTAL MOT,8,kg,12595212,11331531,0,19950841,true,false,true,"{""typeCode"":""C"",""freqCode"":""A"",""refPeriodId"":20210101,""refYear"":2021,""refMonth"":52,""period"":""2021"",""reporterCode"":76,""reporterISO"":""BRA"",""reporterDesc"":""Brazil"",""flowCode"":""X"",""flowDesc"":""Export"",""partnerCode"":152,""partnerISO"":""CHL"",""partnerDesc"":""Chile"",""partner2Code"":0,""partner2ISO"":""W00"",""partner2Desc"":""World"",""classificationCode"":""H5"",""classificationSearchCode"":""HS"",""isOriginalClassification"":true,""cmdCode"":""090111"",""cmdDesc"":""Coffee; not roasted or decaffeinated"",""aggrLevel"":6,""isLeaf"":true,""customsCode"":""C00"",""customsDesc"":""TOTAL CPC"",""mosCode"":""0"",""motCode"":0,""motDesc"":""TOTAL MOT"",""qtyUnitCode"":8,""qtyUnitAbbr"":""kg"",""qty"":12595212,""isQtyEstimated"":false,""altQtyUnitCode"":-1,""altQtyUnitAbbr"":""N/A"",""altQty"":0,""isAltQtyEstimated"":false,""netWgt"":11331531,""isNetWgtEstimated"":false,""grossWgt"":0,""isGrossWgtEstimated"":false,""cifvalue"":null,""fobvalue"":19950841,""primaryValue"":19950841,""legacyEstimationFlag"":0,""isReported"":false,""isAggregate"":true}"
,UN Comtrade,https://comtradeapi.un.org/public/v1/preview/C/A/HS?reporterCode=76&flowCode=X&cmdCode=090111&period=2021&includeDesc=true,2026-05-30T18:34:22.015Z,"{""reporters"":[{""endpoint"":""https://comtradeapi.un.org/public/v1/preview/C/A/HS"",""reporterCode"":704,""reporterISO"":""VNM"",""flowCode"":""X"",""cmdCode"":""090111"",""period"":""2020,2021,2022,2023,2024,2025"",""includeDesc"":true},{""endpoint"":""https://comtradeapi.un.org/public/v1/preview/C/A/HS"",""reporterCode"":76,""reporterISO"":""BRA"",""flowCode"":""X"",""cmdCode"":""090111"",""period"":""2020,2021,2022,2023,2024,2025"",""includeDesc"":true},{""endpoint"":""https://comtradeapi.un.org/public/v1/preview/C/A/HS"",""reporterCode"":360,""reporterISO"":""IDN"",""flowCode"":""X"",""cmdCode"":""090111"",""period"":""2020,2021,2022,2023,2024,2025"",""includeDesc"":true}]}",C,A,20210101,2021,76,BRA,Brazil,156,CHN,China,0,W00,World,X,Export,H5,090111,Coffee; not roasted or decaffeinated,C00,TOTAL CPC,0,TOTAL MOT,8,kg,185838300,18247047,0,49598624,true,false,true,"{""typeCode"":""C"",""freqCode"":""A"",""refPeriodId"":20210101,""refYear"":2021,""refMonth"":52,""period"":""2021"",""reporterCode"":76,""reporterISO"":""BRA"",""reporterDesc"":""Brazil"",""flowCode"":""X"",""flowDesc"":""Export"",""partnerCode"":156,""partnerISO"":""CHN"",""partnerDesc"":""China"",""partner2Code"":0,""partner2ISO"":""W00"",""partner2Desc"":""World"",""classificationCode"":""H5"",""classificationSearchCode"":""HS"",""isOriginalClassification"":true,""cmdCode"":""090111"",""cmdDesc"":""Coffee; not roasted or decaffeinated"",""aggrLevel"":6,""isLeaf"":true,""customsCode"":""C00"",""customsDesc"":""TOTAL CPC"",""mosCode"":""0"",""motCode"":0,""motDesc"":""TOTAL MOT"",""qtyUnitCode"":8,""qtyUnitAbbr"":""kg"",""qty"":185838300,""isQtyEstimated"":false,""altQtyUnitCode"":-1,""altQtyUnitAbbr"":""N/A"",""altQty"":0,""isAltQtyEstimated"":false,""netWgt"":18247047,""isNetWgtEstimated"":false,""grossWgt"":0,""isGrossWgtEstimated"":false,""cifvalue"":null,""fobvalue"":49598624,""primaryValue"":49598624,""legacyEstimationFlag"":0,""isReported"":false,""isAggregate"":true}"
,UN Comtrade,https://comtradeapi.un.org/public/v1/preview/C/A/HS?reporterCode=76&flowCode=X&cmdCode=090111&period=2021&includeDesc=true,2026-05-30T18:34:22.015Z,"{""reporters"":[{""endpoint"":""https://comtradeapi.un.org/public/v1/preview/C/A/HS"",""reporterCode"":704,""reporterISO"":""VNM"",""flowCode"":""X"",""cmdCode"":""090111"",""period"":""2020,2021,2022,2023,2024,2025"",""includeDesc"":true},{""endpoint"":""https://comtradeapi.un.org/public/v1/preview/C/A/HS"",""reporterCode"":76,""reporterISO"":""BRA"",""flowCode"":""X"",""cmdCode"":""090111"",""period"":""2020,2021,2022,2023,2024,2025"",""includeDesc"":true},{""endpoint"":""https://comtradeapi.un.org/public/v1/preview/C/A/HS"",""reporterCode"":360,""reporterISO"":""IDN"",""flowCode"":""X"",""cmdCode"":""090111"",""period"":""2020,2021,2022,2023,2024,2025"",""includeDesc"":true}]}",C,A,20210101,2021,76,BRA,Brazil,170,COL,Colombia,0,W00,World,X,Export,H5,090111,Coffee; not roasted or decaffeinated,C00,TOTAL CPC,0,TOTAL MOT,-1,N/A,0,66793817,0,125203257,true,false,true,"{""typeCode"":""C"",""freqCode"":""A"",""refPeriodId"":20210101,""refYear"":2021,""refMonth"":52,""period"":""2021"",""reporterCode"":76,""reporterISO"":""BRA"",""reporterDesc"":""Brazil"",""flowCode"":""X"",""flowDesc"":""Export"",""partnerCode"":170,""partnerISO"":""COL"",""partnerDesc"":""Colombia"",""partner2Code"":0,""partner2ISO"":""W00"",""partner2Desc"":""World"",""classificationCode"":""H5"",""classificationSearchCode"":""HS"",""isOriginalClassification"":true,""cmdCode"":""090111"",""cmdDesc"":""Coffee; not roasted or decaffeinated"",""aggrLevel"":6,""isLeaf"":true,""customsCode"":""C00"",""customsDesc"":""TOTAL CPC"",""mosCode"":""0"",""motCode"":0,""motDesc"":""TOTAL MOT"",""qtyUnitCode"":-1,""qtyUnitAbbr"":""N/A"",""qty"":0,""isQtyEstimated"":false,""altQtyUnitCode"":21,""altQtyUnitAbbr"":""1000 KG"",""altQty"":86989,""isAltQtyEstimated"":false,""netWgt"":66793817,""isNetWgtEstimated"":false,""grossWgt"":0,""isGrossWgtEstimated"":false,""cifvalue"":null,""fobvalue"":125203257,""primaryValue"":125203257,""legacyEstimationFlag"":0,""isReported"":false,""isAggregate"":true}"
,UN Comtrade,https://comtradeapi.un.org/public/v1/preview/C/A/HS?reporterCode=76&flowCode=X&cmdCode=090111&period=2021&includeDesc=true,2026-05-30T18:34:22.015Z,"{""reporters"":[{""endpoint"":""https://comtradeapi.un.org/public/v1/preview/C/A/HS"",""reporterCode"":704,""reporterISO"":""VNM"",""flowCode"":""X"",""cmdCode"":""090111"",""period"":""2020,2021,2022,2023,2024,2025"",""includeDesc"":true},{""endpoint"":""https://comtradeapi.un.org/public/v1/preview/C/A/HS"",""reporterCode"":76,""reporterISO"":""BRA"",""flowCode"":""X"",""cmdCode"":""090111"",""period"":""2020,2021,2022,2023,2024,2025"",""includeDesc"":true},{""endpoint"":""https://comtradeapi.un.org/public/v1/preview/C/A/HS"",""reporterCode"":360,""reporterISO"":""IDN"",""flowCode"":""X"",""cmdCode"":""090111"",""period"":""2020,2021,2022,2023,2024,2025"",""includeDesc"":true}]}",C,A,20210101,2021,76,BRA,Brazil,188,CRI,Costa Rica,0,W00,World,X,Export,H5,090111,Coffee; not roasted or decaffeinated,C00,TOTAL CPC,0,TOTAL MOT,8,kg,18490000,508350,0,1193333,true,false,true,"{""typeCode"":""C"",""freqCode"":""A"",""refPeriodId"":20210101,""refYear"":2021,""refMonth"":52,""period"":""2021"",""reporterCode"":76,""reporterISO"":""BRA"",""reporterDesc"":""Brazil"",""flowCode"":""X"",""flowDesc"":""Export"",""partnerCode"":188,""partnerISO"":""CRI"",""partnerDesc"":""Costa Rica"",""partner2Code"":0,""partner2ISO"":""W00"",""partner2Desc"":""World"",""classificationCode"":""H5"",""classificationSearchCode"":""HS"",""isOriginalClassification"":true,""cmdCode"":""090111"",""cmdDesc"":""Coffee; not roasted or decaffeinated"",""aggrLevel"":6,""isLeaf"":true,""customsCode"":""C00"",""customsDesc"":""TOTAL CPC"",""mosCode"":""0"",""motCode"":0,""motDesc"":""TOTAL MOT"",""qtyUnitCode"":8,""qtyUnitAbbr"":""kg"",""qty"":18490000,""isQtyEstimated"":false,""altQtyUnitCode"":21,""altQtyUnitAbbr"":""1000 KG"",""altQty"":18490,""isAltQtyEstimated"":false,""netWgt"":508350,""isNetWgtEstimated"":false,""grossWgt"":0,""isGrossWgtEstimated"":false,""cifvalue"":null,""fobvalue"":1193333,""primaryValue"":1193333,""legacyEstimationFlag"":0,""isReported"":false,""isAggregate"":true}"
,UN Comtrade,https://comtradeapi.un.org/public/v1/preview/C/A/HS?reporterCode=76&flowCode=X&cmdCode=090111&period=2021&includeDesc=true,2026-05-30T18:34:22.015Z,"{""reporters"":[{""endpoint"":""https://comtradeapi.un.org/public/v1/preview/C/A/HS"",""reporterCode"":704,""reporterISO"":""VNM"",""flowCode"":""X"",""cmdCode"":""090111"",""period"":""2020,2021,2022,2023,2024,2025"",""includeDesc"":true},{""endpoint"":""https://comtradeapi.un.org/public/v1/preview/C/A/HS"",""reporterCode"":76,""reporterISO"":""BRA"",""flowCode"":""X"",""cmdCode"":""090111"",""period"":""2020,2021,2022,2023,2024,2025"",""includeDesc"":true},{""endpoint"":""https://comtradeapi.un.org/public/v1/preview/C/A/HS"",""reporterCode"":360,""reporterISO"":""IDN"",""flowCode"":""X"",""cmdCode"":""090111"",""period"":""2020,2021,2022,2023,2024,2025"",""includeDesc"":true}]}",C,A,20210101,2021,76,BRA,Brazil,191,HRV,Croatia,0,W00,World,X,Export,H5,090111,Coffee; not roasted or decaffeinated,C00,TOTAL CPC,0,TOTAL MOT,8,kg,23939800,11989051,0,27576348,true,false,true,"{""typeCode"":""C"",""freqCode"":""A"",""refPeriodId"":20210101,""refYear"":2021,""refMonth"":52,""period"":""2021"",""reporterCode"":76,""reporterISO"":""BRA"",""reporterDesc"":""Brazil"",""flowCode"":""X"",""flowDesc"":""Export"",""partnerCode"":191,""partnerISO"":""HRV"",""partnerDesc"":""Croatia"",""partner2Code"":0,""partner2ISO"":""W00"",""partner2Desc"":""World"",""classificationCode"":""H5"",""classificationSearchCode"":""HS"",""isOriginalClassification"":true,""cmdCode"":""090111"",""cmdDesc"":""Coffee; not roasted or decaffeinated"",""aggrLevel"":6,""isLeaf"":true,""customsCode"":""C00"",""customsDesc"":""TOTAL CPC"",""mosCode"":""0"",""motCode"":0,""motDesc"":""TOTAL MOT"",""qtyUnitCode"":8,""qtyUnitAbbr"":""kg"",""qty"":23939800,""isQtyEstimated"":false,""altQtyUnitCode"":21,""altQtyUnitAbbr"":""1000 KG"",""altQty"":118567,""isAltQtyEstimated"":false,""netWgt"":11989051,""isNetWgtEstimated"":false,""grossWgt"":0,""isGrossWgtEstimated"":false,""cifvalue"":null,""fobvalue"":27576348,""primaryValue"":27576348,""legacyEstimationFlag"":0,""isReported"":false,""isAggregate"":true}"
,UN Comtrade,https://comtradeapi.un.org/public/v1/preview/C/A/HS?reporterCode=76&flowCode=X&cmdCode=090111&period=2021&includeDesc=true,2026-05-30T18:34:22.015Z,"{""reporters"":[{""endpoint"":""https://comtradeapi.un.org/public/v1/preview/C/A/HS"",""reporterCode"":704,""reporterISO"":""VNM"",""flowCode"":""X"",""cmdCode"":""090111"",""period"":""2020,2021,2022,2023,2024,2025"",""includeDesc"":true},{""endpoint"":""https://comtradeapi.un.org/public/v1/preview/C/A/HS"",""reporterCode"":76,""reporterISO"":""BRA"",""flowCode"":""X"",""cmdCode"":""090111"",""period"":""2020,2021,2022,2023,2024,2025"",""includeDesc"":true},{""endpoint"":""https://comtradeapi.un.org/public/v1/preview/C/A/HS"",""reporterCode"":360,""reporterISO"":""IDN"",""flowCode"":""X"",""cmdCode"":""090111"",""period"":""2020,2021,2022,2023,2024,2025"",""includeDesc"":true}]}",C,A,20210101,2021,76,BRA,Brazil,192,CUB,Cuba,0,W00,World,X,Export,H5,090111,Coffee; not roasted or decaffeinated,C00,TOTAL CPC,0,TOTAL MOT,8,kg,2760000,2691000,0,5877453,true,false,true,"{""typeCode"":""C"",""freqCode"":""A"",""refPeriodId"":20210101,""refYear"":2021,""refMonth"":52,""period"":""2021"",""reporterCode"":76,""reporterISO"":""BRA"",""reporterDesc"":""Brazil"",""flowCode"":""X"",""flowDesc"":""Export"",""partnerCode"":192,""partnerISO"":""CUB"",""partnerDesc"":""Cuba"",""partner2Code"":0,""partner2ISO"":""W00"",""partner2Desc"":""World"",""classificationCode"":""H5"",""classificationSearchCode"":""HS"",""isOriginalClassification"":true,""cmdCode"":""090111"",""cmdDesc"":""Coffee; not roasted or decaffeinated"",""aggrLevel"":6,""isLeaf"":true,""customsCode"":""C00"",""customsDesc"":""TOTAL CPC"",""mosCode"":""0"",""motCode"":0,""motDesc"":""TOTAL MOT"",""qtyUnitCode"":8,""qtyUnitAbbr"":""kg"",""qty"":2760000,""isQtyEstimated"":false,""altQtyUnitCode"":21,""altQtyUnitAbbr"":""1000 KG"",""altQty"":2760,""isAltQtyEstimated"":false,""netWgt"":2691000,""isNetWgtEstimated"":false,""grossWgt"":0,""isGrossWgtEstimated"":false,""cifvalue"":null,""fobvalue"":5877453,""primaryValue"":5877453,""legacyEstimationFlag"":0,""isReported"":false,""isAggregate"":true}"
,UN Comtrade,https://comtradeapi.un.org/public/v1/preview/C/A/HS?reporterCode=76&flowCode=X&cmdCode=090111&period=2021&includeDesc=true,2026-05-30T18:34:22.015Z,"{""reporters"":[{""endpoint"":""https://comtradeapi.un.org/public/v1/preview/C/A/HS"",""reporterCode"":704,""reporterISO"":""VNM"",""flowCode"":""X"",""cmdCode"":""090111"",""period"":""2020,2021,2022,2023,2024,2025"",""includeDesc"":true},{""endpoint"":""https://comtradeapi.un.org/public/v1/preview/C/A/HS"",""reporterCode"":76,""reporterISO"":""BRA"",""flowCode"":""X"",""cmdCode"":""090111"",""period"":""2020,2021,2022,2023,2024,2025"",""includeDesc"":true},{""endpoint"":""https://comtradeapi.un.org/public/v1/preview/C/A/HS"",""reporterCode"":360,""reporterISO"":""IDN"",""flowCode"":""X"",""cmdCode"":""090111"",""period"":""2020,2021,2022,2023,2024,2025"",""includeDesc"":true}]}",C,A,20210101,2021,76,BRA,Brazil,196,CYP,Cyprus,0,W00,World,X,Export,H5,090111,Coffee; not roasted or decaffeinated,C00,TOTAL CPC,0,TOTAL MOT,8,kg,2058193,932443,0,2011590,true,false,true,"{""typeCode"":""C"",""freqCode"":""A"",""refPeriodId"":20210101,""refYear"":2021,""refMonth"":52,""period"":""2021"",""reporterCode"":76,""reporterISO"":""BRA"",""reporterDesc"":""Brazil"",""flowCode"":""X"",""flowDesc"":""Export"",""partnerCode"":196,""partnerISO"":""CYP"",""partnerDesc"":""Cyprus"",""partner2Code"":0,""partner2ISO"":""W00"",""partner2Desc"":""World"",""classificationCode"":""H5"",""classificationSearchCode"":""HS"",""isOriginalClassification"":true,""cmdCode"":""090111"",""cmdDesc"":""Coffee; not roasted or decaffeinated"",""aggrLevel"":6,""isLeaf"":true,""customsCode"":""C00"",""customsDesc"":""TOTAL CPC"",""mosCode"":""0"",""motCode"":0,""motDesc"":""TOTAL MOT"",""qtyUnitCode"":8,""qtyUnitAbbr"":""kg"",""qty"":2058193,""isQtyEstimated"":false,""altQtyUnitCode"":-1,""altQtyUnitAbbr"":""N/A"",""altQty"":0,""isAltQtyEstimated"":false,""netWgt"":932443,""isNetWgtEstimated"":false,""grossWgt"":0,""isGrossWgtEstimated"":false,""cifvalue"":null,""fobvalue"":2011590,""primaryValue"":2011590,""legacyEstimationFlag"":0,""isReported"":false,""isAggregate"":true}"
,UN Comtrade,https://comtradeapi.un.org/public/v1/preview/C/A/HS?reporterCode=76&flowCode=X&cmdCode=090111&period=2021&includeDesc=true,2026-05-30T18:34:22.015Z,"{""reporters"":[{""endpoint"":""https://comtradeapi.un.org/public/v1/preview/C/A/HS"",""reporterCode"":704,""reporterISO"":""VNM"",""flowCode"":""X"",""cmdCode"":""090111"",""period"":""2020,2021,2022,2023,2024,2025"",""includeDesc"":true},{""endpoint"":""https://comtradeapi.un.org/public/v1/preview/C/A/HS"",""reporterCode"":76,""reporterISO"":""BRA"",""flowCode"":""X"",""cmdCode"":""090111"",""period"":""2020,2021,2022,2023,2024,2025"",""includeDesc"":true},{""endpoint"":""https://comtradeapi.un.org/public/v1/preview/C/A/HS"",""reporterCode"":360,""reporterISO"":""IDN"",""flowCode"":""X"",""cmdCode"":""090111"",""period"":""2020,2021,2022,2023,2024,2025"",""includeDesc"":true}]}",C,A,20210101,2021,76,BRA,Brazil,203,CZE,Czechia,0,W00,World,X,Export,H5,090111,Coffee; not roasted or decaffeinated,C00,TOTAL CPC,0,TOTAL MOT,8,kg,57690,58215,0,153987,true,false,true,"{""typeCode"":""C"",""freqCode"":""A"",""refPeriodId"":20210101,""refYear"":2021,""refMonth"":52,""period"":""2021"",""reporterCode"":76,""reporterISO"":""BRA"",""reporterDesc"":""Brazil"",""flowCode"":""X"",""flowDesc"":""Export"",""partnerCode"":203,""partnerISO"":""CZE"",""partnerDesc"":""Czechia"",""partner2Code"":0,""partner2ISO"":""W00"",""partner2Desc"":""World"",""classificationCode"":""H5"",""classificationSearchCode"":""HS"",""isOriginalClassification"":true,""cmdCode"":""090111"",""cmdDesc"":""Coffee; not roasted or decaffeinated"",""aggrLevel"":6,""isLeaf"":true,""customsCode"":""C00"",""customsDesc"":""TOTAL CPC"",""mosCode"":""0"",""motCode"":0,""motDesc"":""TOTAL MOT"",""qtyUnitCode"":8,""qtyUnitAbbr"":""kg"",""qty"":57690,""isQtyEstimated"":false,""altQtyUnitCode"":-1,""altQtyUnitAbbr"":""N/A"",""altQty"":0,""isAltQtyEstimated"":false,""netWgt"":58215,""isNetWgtEstimated"":false,""grossWgt"":0,""isGrossWgtEstimated"":false,""cifvalue"":null,""fobvalue"":153987,""primaryValue"":153987,""legacyEstimationFlag"":0,""isReported"":false,""isAggregate"":true}"
,UN Comtrade,https://comtradeapi.un.org/public/v1/preview/C/A/HS?reporterCode=76&flowCode=X&cmdCode=090111&period=2021&includeDesc=true,2026-05-30T18:34:22.015Z,"{""reporters"":[{""endpoint"":""https://comtradeapi.un.org/public/v1/preview/C/A/HS"",""reporterCode"":704,""reporterISO"":""VNM"",""flowCode"":""X"",""cmdCode"":""090111"",""period"":""2020,2021,2022,2023,2024,2025"",""includeDesc"":true},{""endpoint"":""https://comtradeapi.un.org/public/v1/preview/C/A/HS"",""reporterCode"":76,""reporterISO"":""BRA"",""flowCode"":""X"",""cmdCode"":""090111"",""period"":""2020,2021,2022,2023,2024,2025"",""includeDesc"":true},{""endpoint"":""https://comtradeapi.un.org/public/v1/preview/C/A/HS"",""reporterCode"":360,""reporterISO"":""IDN"",""flowCode"":""X"",""cmdCode"":""090111"",""period"":""2020,2021,2022,2023,2024,2025"",""includeDesc"":true}]}",C,A,20210101,2021,76,BRA,Brazil,208,DNK,Denmark,0,W00,World,X,Export,H5,090111,Coffee; not roasted or decaffeinated,C00,TOTAL CPC,0,TOTAL MOT,8,kg,4491332.091,4467828.091,0,12945291,true,false,true,"{""typeCode"":""C"",""freqCode"":""A"",""refPeriodId"":20210101,""refYear"":2021,""refMonth"":52,""period"":""2021"",""reporterCode"":76,""reporterISO"":""BRA"",""reporterDesc"":""Brazil"",""flowCode"":""X"",""flowDesc"":""Export"",""partnerCode"":208,""partnerISO"":""DNK"",""partnerDesc"":""Denmark"",""partner2Code"":0,""partner2ISO"":""W00"",""partner2Desc"":""World"",""classificationCode"":""H5"",""classificationSearchCode"":""HS"",""isOriginalClassification"":true,""cmdCode"":""090111"",""cmdDesc"":""Coffee; not roasted or decaffeinated"",""aggrLevel"":6,""isLeaf"":true,""customsCode"":""C00"",""customsDesc"":""TOTAL CPC"",""mosCode"":""0"",""motCode"":0,""motDesc"":""TOTAL MOT"",""qtyUnitCode"":8,""qtyUnitAbbr"":""kg"",""qty"":4491332.091,""isQtyEstimated"":true,""altQtyUnitCode"":-1,""altQtyUnitAbbr"":""N/A"",""altQty"":0,""isAltQtyEstimated"":false,""netWgt"":4467828.091,""isNetWgtEstimated"":true,""grossWgt"":0,""isGrossWgtEstimated"":false,""cifvalue"":null,""fobvalue"":12945291,""primaryValue"":12945291,""legacyEstimationFlag"":6,""isReported"":false,""isAggregate"":true}"
,UN Comtrade,https://comtradeapi.un.org/public/v1/preview/C/A/HS?reporterCode=76&flowCode=X&cmdCode=090111&period=2021&includeDesc=true,2026-05-30T18:34:22.015Z,"{""reporters"":[{""endpoint"":""https://comtradeapi.un.org/public/v1/preview/C/A/HS"",""reporterCode"":704,""reporterISO"":""VNM"",""flowCode"":""X"",""cmdCode"":""090111"",""period"":""2020,2021,2022,2023,2024,2025"",""includeDesc"":true},{""endpoint"":""https://comtradeapi.un.org/public/v1/preview/C/A/HS"",""reporterCode"":76,""reporterISO"":""BRA"",""flowCode"":""X"",""cmdCode"":""090111"",""period"":""2020,2021,2022,2023,2024,2025"",""includeDesc"":true},{""endpoint"":""https://comtradeapi.un.org/public/v1/preview/C/A/HS"",""reporterCode"":360,""reporterISO"":""IDN"",""flowCode"":""X"",""cmdCode"":""090111"",""period"":""2020,2021,2022,2023,2024,2025"",""includeDesc"":true}]}",C,A,20210101,2021,76,BRA,Brazil,214,DOM,Dominican Rep.,0,W00,World,X,Export,H5,090111,Coffee; not roasted or decaffeinated,C00,TOTAL CPC,0,TOTAL MOT,8,kg,7569800,7607149,0,22141888,true,false,true,"{""typeCode"":""C"",""freqCode"":""A"",""refPeriodId"":20210101,""refYear"":2021,""refMonth"":52,""period"":""2021"",""reporterCode"":76,""reporterISO"":""BRA"",""reporterDesc"":""Brazil"",""flowCode"":""X"",""flowDesc"":""Export"",""partnerCode"":214,""partnerISO"":""DOM"",""partnerDesc"":""Dominican Rep."",""partner2Code"":0,""partner2ISO"":""W00"",""partner2Desc"":""World"",""classificationCode"":""H5"",""classificationSearchCode"":""HS"",""isOriginalClassification"":true,""cmdCode"":""090111"",""cmdDesc"":""Coffee; not roasted or decaffeinated"",""aggrLevel"":6,""isLeaf"":true,""customsCode"":""C00"",""customsDesc"":""TOTAL CPC"",""mosCode"":""0"",""motCode"":0,""motDesc"":""TOTAL MOT"",""qtyUnitCode"":8,""qtyUnitAbbr"":""kg"",""qty"":7569800,""isQtyEstimated"":false,""altQtyUnitCode"":21,""altQtyUnitAbbr"":""1000 KG"",""altQty"":60317,""isAltQtyEstimated"":false,""netWgt"":7607149,""isNetWgtEstimated"":false,""grossWgt"":0,""isGrossWgtEstimated"":false,""cifvalue"":null,""fobvalue"":22141888,""primaryValue"":22141888,""legacyEstimationFlag"":0,""isReported"":false,""isAggregate"":true}"
,UN Comtrade,https://comtradeapi.un.org/public/v1/preview/C/A/HS?reporterCode=76&flowCode=X&cmdCode=090111&period=2021&includeDesc=true,2026-05-30T18:34:22.015Z,"{""reporters"":[{""endpoint"":""https://comtradeapi.un.org/public/v1/preview/C/A/HS"",""reporterCode"":704,""reporterISO"":""VNM"",""flowCode"":""X"",""cmdCode"":""090111"",""period"":""2020,2021,2022,2023,2024,2025"",""includeDesc"":true},{""endpoint"":""https://comtradeapi.un.org/public/v1/preview/C/A/HS"",""reporterCode"":76,""reporterISO"":""BRA"",""flowCode"":""X"",""cmdCode"":""090111"",""period"":""2020,2021,2022,2023,2024,2025"",""includeDesc"":true},{""endpoint"":""https://comtradeapi.un.org/public/v1/preview/C/A/HS"",""reporterCode"":360,""reporterISO"":""IDN"",""flowCode"":""X"",""cmdCode"":""090111"",""period"":""2020,2021,2022,2023,2024,2025"",""includeDesc"":true}]}",C,A,20210101,2021,76,BRA,Brazil,218,ECU,Ecuador,0,W00,World,X,Export,H5,090111,Coffee; not roasted or decaffeinated,C00,TOTAL CPC,0,TOTAL MOT,8,kg,9802000,9799800,0,14059130,true,false,true,"{""typeCode"":""C"",""freqCode"":""A"",""refPeriodId"":20210101,""refYear"":2021,""refMonth"":52,""period"":""2021"",""reporterCode"":76,""reporterISO"":""BRA"",""reporterDesc"":""Brazil"",""flowCode"":""X"",""flowDesc"":""Export"",""partnerCode"":218,""partnerISO"":""ECU"",""partnerDesc"":""Ecuador"",""partner2Code"":0,""partner2ISO"":""W00"",""partner2Desc"":""World"",""classificationCode"":""H5"",""classificationSearchCode"":""HS"",""isOriginalClassification"":true,""cmdCode"":""090111"",""cmdDesc"":""Coffee; not roasted or decaffeinated"",""aggrLevel"":6,""isLeaf"":true,""customsCode"":""C00"",""customsDesc"":""TOTAL CPC"",""mosCode"":""0"",""motCode"":0,""motDesc"":""TOTAL MOT"",""qtyUnitCode"":8,""qtyUnitAbbr"":""kg"",""qty"":9802000,""isQtyEstimated"":false,""altQtyUnitCode"":21,""altQtyUnitAbbr"":""1000 KG"",""altQty"":9802,""isAltQtyEstimated"":false,""netWgt"":9799800,""isNetWgtEstimated"":false,""grossWgt"":0,""isGrossWgtEstimated"":false,""cifvalue"":null,""fobvalue"":14059130,""primaryValue"":14059130,""legacyEstimationFlag"":0,""isReported"":false,""isAggregate"":true}"
,UN Comtrade,https://comtradeapi.un.org/public/v1/preview/C/A/HS?reporterCode=76&flowCode=X&cmdCode=090111&period=2021&includeDesc=true,2026-05-30T18:34:22.015Z,"{""reporters"":[{""endpoint"":""https://comtradeapi.un.org/public/v1/preview/C/A/HS"",""reporterCode"":704,""reporterISO"":""VNM"",""flowCode"":""X"",""cmdCode"":""090111"",""period"":""2020,2021,2022,2023,2024,2025"",""includeDesc"":true},{""endpoint"":""https://comtradeapi.un.org/public/v1/preview/C/A/HS"",""reporterCode"":76,""reporterISO"":""BRA"",""flowCode"":""X"",""cmdCode"":""090111"",""period"":""2020,2021,2022,2023,2024,2025"",""includeDesc"":true},{""endpoint"":""https://comtradeapi.un.org/public/v1/preview/C/A/HS"",""reporterCode"":360,""reporterISO"":""IDN"",""flowCode"":""X"",""cmdCode"":""090111"",""period"":""2020,2021,2022,2023,2024,2025"",""includeDesc"":true}]}",C,A,20210101,2021,76,BRA,Brazil,231,ETH,Ethiopia,0,W00,World,X,Export,H5,090111,Coffee; not roasted or decaffeinated,C00,TOTAL CPC,0,TOTAL MOT,8,kg,1000,500,0,10500,true,false,true,"{""typeCode"":""C"",""freqCode"":""A"",""refPeriodId"":20210101,""refYear"":2021,""refMonth"":52,""period"":""2021"",""reporterCode"":76,""reporterISO"":""BRA"",""reporterDesc"":""Brazil"",""flowCode"":""X"",""flowDesc"":""Export"",""partnerCode"":231,""partnerISO"":""ETH"",""partnerDesc"":""Ethiopia"",""partner2Code"":0,""partner2ISO"":""W00"",""partner2Desc"":""World"",""classificationCode"":""H5"",""classificationSearchCode"":""HS"",""isOriginalClassification"":true,""cmdCode"":""090111"",""cmdDesc"":""Coffee; not roasted or decaffeinated"",""aggrLevel"":6,""isLeaf"":true,""customsCode"":""C00"",""customsDesc"":""TOTAL CPC"",""mosCode"":""0"",""motCode"":0,""motDesc"":""TOTAL MOT"",""qtyUnitCode"":8,""qtyUnitAbbr"":""kg"",""qty"":1000,""isQtyEstimated"":false,""altQtyUnitCode"":21,""altQtyUnitAbbr"":""1000 KG"",""altQty"":1,""isAltQtyEstimated"":false,""netWgt"":500,""isNetWgtEstimated"":false,""grossWgt"":0,""isGrossWgtEstimated"":false,""cifvalue"":null,""fobvalue"":10500,""primaryValue"":10500,""legacyEstimationFlag"":0,""isReported"":false,""isAggregate"":true}"
,UN Comtrade,https://comtradeapi.un.org/public/v1/preview/C/A/HS?reporterCode=76&flowCode=X&cmdCode=090111&period=2021&includeDesc=true,2026-05-30T18:34:22.015Z,"{""reporters"":[{""endpoint"":""https://comtradeapi.un.org/public/v1/preview/C/A/HS"",""reporterCode"":704,""reporterISO"":""VNM"",""flowCode"":""X"",""cmdCode"":""090111"",""period"":""2020,2021,2022,2023,2024,2025"",""includeDesc"":true},{""endpoint"":""https://comtradeapi.un.org/public/v1/preview/C/A/HS"",""reporterCode"":76,""reporterISO"":""BRA"",""flowCode"":""X"",""cmdCode"":""090111"",""period"":""2020,2021,2022,2023,2024,2025"",""includeDesc"":true},{""endpoint"":""https://comtradeapi.un.org/public/v1/preview/C/A/HS"",""reporterCode"":360,""reporterISO"":""IDN"",""flowCode"":""X"",""cmdCode"":""090111"",""period"":""2020,2021,2022,2023,2024,2025"",""includeDesc"":true}]}",C,A,20210101,2021,76,BRA,Brazil,233,EST,Estonia,0,W00,World,X,Export,H5,090111,Coffee; not roasted or decaffeinated,C00,TOTAL CPC,0,TOTAL MOT,8,kg,19000,19200,0,65661,true,false,true,"{""typeCode"":""C"",""freqCode"":""A"",""refPeriodId"":20210101,""refYear"":2021,""refMonth"":52,""period"":""2021"",""reporterCode"":76,""reporterISO"":""BRA"",""reporterDesc"":""Brazil"",""flowCode"":""X"",""flowDesc"":""Export"",""partnerCode"":233,""partnerISO"":""EST"",""partnerDesc"":""Estonia"",""partner2Code"":0,""partner2ISO"":""W00"",""partner2Desc"":""World"",""classificationCode"":""H5"",""classificationSearchCode"":""HS"",""isOriginalClassification"":true,""cmdCode"":""090111"",""cmdDesc"":""Coffee; not roasted or decaffeinated"",""aggrLevel"":6,""isLeaf"":true,""customsCode"":""C00"",""customsDesc"":""TOTAL CPC"",""mosCode"":""0"",""motCode"":0,""motDesc"":""TOTAL MOT"",""qtyUnitCode"":8,""qtyUnitAbbr"":""kg"",""qty"":19000,""isQtyEstimated"":false,""altQtyUnitCode"":21,""altQtyUnitAbbr"":""1000 KG"",""altQty"":19,""isAltQtyEstimated"":false,""netWgt"":19200,""isNetWgtEstimated"":false,""grossWgt"":0,""isGrossWgtEstimated"":false,""cifvalue"":null,""fobvalue"":65661,""primaryValue"":65661,""legacyEstimationFlag"":0,""isReported"":false,""isAggregate"":true}"
,UN Comtrade,https://comtradeapi.un.org/public/v1/preview/C/A/HS?reporterCode=76&flowCode=X&cmdCode=090111&period=2021&includeDesc=true,2026-05-30T18:34:22.015Z,"{""reporters"":[{""endpoint"":""https://comtradeapi.un.org/public/v1/preview/C/A/HS"",""reporterCode"":704,""reporterISO"":""VNM"",""flowCode"":""X"",""cmdCode"":""090111"",""period"":""2020,2021,2022,2023,2024,2025"",""includeDesc"":true},{""endpoint"":""https://comtradeapi.un.org/public/v1/preview/C/A/HS"",""reporterCode"":76,""reporterISO"":""BRA"",""flowCode"":""X"",""cmdCode"":""090111"",""period"":""2020,2021,2022,2023,2024,2025"",""includeDesc"":true},{""endpoint"":""https://comtradeapi.un.org/public/v1/preview/C/A/HS"",""reporterCode"":360,""reporterISO"":""IDN"",""flowCode"":""X"",""cmdCode"":""090111"",""period"":""2020,2021,2022,2023,2024,2025"",""includeDesc"":true}]}",C,A,20210101,2021,76,BRA,Brazil,246,FIN,Finland,0,W00,World,X,Export,H5,090111,Coffee; not roasted or decaffeinated,C00,TOTAL CPC,0,TOTAL MOT,8,kg,23556000,23274905,0,67811543,true,false,true,"{""typeCode"":""C"",""freqCode"":""A"",""refPeriodId"":20210101,""refYear"":2021,""refMonth"":52,""period"":""2021"",""reporterCode"":76,""reporterISO"":""BRA"",""reporterDesc"":""Brazil"",""flowCode"":""X"",""flowDesc"":""Export"",""partnerCode"":246,""partnerISO"":""FIN"",""partnerDesc"":""Finland"",""partner2Code"":0,""partner2ISO"":""W00"",""partner2Desc"":""World"",""classificationCode"":""H5"",""classificationSearchCode"":""HS"",""isOriginalClassification"":true,""cmdCode"":""090111"",""cmdDesc"":""Coffee; not roasted or decaffeinated"",""aggrLevel"":6,""isLeaf"":true,""customsCode"":""C00"",""customsDesc"":""TOTAL CPC"",""mosCode"":""0"",""motCode"":0,""motDesc"":""TOTAL MOT"",""qtyUnitCode"":8,""qtyUnitAbbr"":""kg"",""qty"":23556000,""isQtyEstimated"":false,""altQtyUnitCode"":21,""altQtyUnitAbbr"":""1000 KG"",""altQty"":23556,""isAltQtyEstimated"":false,""netWgt"":23274905,""isNetWgtEstimated"":false,""grossWgt"":0,""isGrossWgtEstimated"":false,""cifvalue"":null,""fobvalue"":67811543,""primaryValue"":67811543,""legacyEstimationFlag"":0,""isReported"":false,""isAggregate"":true}"
,UN Comtrade,https://comtradeapi.un.org/public/v1/preview/C/A/HS?reporterCode=76&flowCode=X&cmdCode=090111&period=2021&includeDesc=true,2026-05-30T18:34:22.015Z,"{""reporters"":[{""endpoint"":""https://comtradeapi.un.org/public/v1/preview/C/A/HS"",""reporterCode"":704,""reporterISO"":""VNM"",""flowCode"":""X"",""cmdCode"":""090111"",""period"":""2020,2021,2022,2023,2024,2025"",""includeDesc"":true},{""endpoint"":""https://comtradeapi.un.org/public/v1/preview/C/A/HS"",""reporterCode"":76,""reporterISO"":""BRA"",""flowCode"":""X"",""cmdCode"":""090111"",""period"":""2020,2021,2022,2023,2024,2025"",""includeDesc"":true},{""endpoint"":""https://comtradeapi.un.org/public/v1/preview/C/A/HS"",""reporterCode"":360,""reporterISO"":""IDN"",""flowCode"":""X"",""cmdCode"":""090111"",""period"":""2020,2021,2022,2023,2024,2025"",""includeDesc"":true}]}",C,A,20210101,2021,76,BRA,Brazil,251,FRA,France,0,W00,World,X,Export,H5,090111,Coffee; not roasted or decaffeinated,C00,TOTAL CPC,0,TOTAL MOT,8,kg,68555002,47265697,0,120060492,true,false,true,"{""typeCode"":""C"",""freqCode"":""A"",""refPeriodId"":20210101,""refYear"":2021,""refMonth"":52,""period"":""2021"",""reporterCode"":76,""reporterISO"":""BRA"",""reporterDesc"":""Brazil"",""flowCode"":""X"",""flowDesc"":""Export"",""partnerCode"":251,""partnerISO"":""FRA"",""partnerDesc"":""France"",""partner2Code"":0,""partner2ISO"":""W00"",""partner2Desc"":""World"",""classificationCode"":""H5"",""classificationSearchCode"":""HS"",""isOriginalClassification"":true,""cmdCode"":""090111"",""cmdDesc"":""Coffee; not roasted or decaffeinated"",""aggrLevel"":6,""isLeaf"":true,""customsCode"":""C00"",""customsDesc"":""TOTAL CPC"",""mosCode"":""0"",""motCode"":0,""motDesc"":""TOTAL MOT"",""qtyUnitCode"":8,""qtyUnitAbbr"":""kg"",""qty"":68555002,""isQtyEstimated"":false,""altQtyUnitCode"":-1,""altQtyUnitAbbr"":""N/A"",""altQty"":0,""isAltQtyEstimated"":false,""netWgt"":47265697,""isNetWgtEstimated"":false,""grossWgt"":0,""isGrossWgtEstimated"":false,""cifvalue"":null,""fobvalue"":120060492,""primaryValue"":120060492,""legacyEstimationFlag"":0,""isReported"":false,""isAggregate"":true}"
,UN Comtrade,https://comtradeapi.un.org/public/v1/preview/C/A/HS?reporterCode=76&flowCode=X&cmdCode=090111&period=2021&includeDesc=true,2026-05-30T18:34:22.015Z,"{""reporters"":[{""endpoint"":""https://comtradeapi.un.org/public/v1/preview/C/A/HS"",""reporterCode"":704,""reporterISO"":""VNM"",""flowCode"":""X"",""cmdCode"":""090111"",""period"":""2020,2021,2022,2023,2024,2025"",""includeDesc"":true},{""endpoint"":""https://comtradeapi.un.org/public/v1/preview/C/A/HS"",""reporterCode"":76,""reporterISO"":""BRA"",""flowCode"":""X"",""cmdCode"":""090111"",""period"":""2020,2021,2022,2023,2024,2025"",""includeDesc"":true},{""endpoint"":""https://comtradeapi.un.org/public/v1/preview/C/A/HS"",""reporterCode"":360,""reporterISO"":""IDN"",""flowCode"":""X"",""cmdCode"":""090111"",""period"":""2020,2021,2022,2023,2024,2025"",""includeDesc"":true}]}",C,A,20210101,2021,76,BRA,Brazil,268,GEO,Georgia,0,W00,World,X,Export,H5,090111,Coffee; not roasted or decaffeinated,C00,TOTAL CPC,0,TOTAL MOT,8,kg,38000,38375,0,89488,true,false,true,"{""typeCode"":""C"",""freqCode"":""A"",""refPeriodId"":20210101,""refYear"":2021,""refMonth"":52,""period"":""2021"",""reporterCode"":76,""reporterISO"":""BRA"",""reporterDesc"":""Brazil"",""flowCode"":""X"",""flowDesc"":""Export"",""partnerCode"":268,""partnerISO"":""GEO"",""partnerDesc"":""Georgia"",""partner2Code"":0,""partner2ISO"":""W00"",""partner2Desc"":""World"",""classificationCode"":""H5"",""classificationSearchCode"":""HS"",""isOriginalClassification"":true,""cmdCode"":""090111"",""cmdDesc"":""Coffee; not roasted or decaffeinated"",""aggrLevel"":6,""isLeaf"":true,""customsCode"":""C00"",""customsDesc"":""TOTAL CPC"",""mosCode"":""0"",""motCode"":0,""motDesc"":""TOTAL MOT"",""qtyUnitCode"":8,""qtyUnitAbbr"":""kg"",""qty"":38000,""isQtyEstimated"":false,""altQtyUnitCode"":21,""altQtyUnitAbbr"":""1000 KG"",""altQty"":38,""isAltQtyEstimated"":false,""netWgt"":38375,""isNetWgtEstimated"":false,""grossWgt"":0,""isGrossWgtEstimated"":false,""cifvalue"":null,""fobvalue"":89488,""primaryValue"":89488,""legacyEstimationFlag"":0,""isReported"":false,""isAggregate"":true}"
,UN Comtrade,https://comtradeapi.un.org/public/v1/preview/C/A/HS?reporterCode=76&flowCode=X&cmdCode=090111&period=2021&includeDesc=true,2026-05-30T18:34:22.015Z,"{""reporters"":[{""endpoint"":""https://comtradeapi.un.org/public/v1/preview/C/A/HS"",""reporterCode"":704,""reporterISO"":""VNM"",""flowCode"":""X"",""cmdCode"":""090111"",""period"":""2020,2021,2022,2023,2024,2025"",""includeDesc"":true},{""endpoint"":""https://comtradeapi.un.org/public/v1/preview/C/A/HS"",""reporterCode"":76,""reporterISO"":""BRA"",""flowCode"":""X"",""cmdCode"":""090111"",""period"":""2020,2021,2022,2023,2024,2025"",""includeDesc"":true},{""endpoint"":""https://comtradeapi.un.org/public/v1/preview/C/A/HS"",""reporterCode"":360,""reporterISO"":""IDN"",""flowCode"":""X"",""cmdCode"":""090111"",""period"":""2020,2021,2022,2023,2024,2025"",""includeDesc"":true}]}",C,A,20210101,2021,76,BRA,Brazil,276,DEU,Germany,0,W00,World,X,Export,H5,090111,Coffee; not roasted or decaffeinated,C00,TOTAL CPC,0,TOTAL MOT,8,kg,847973775,404045919,0,1064625013,true,false,true,"{""typeCode"":""C"",""freqCode"":""A"",""refPeriodId"":20210101,""refYear"":2021,""refMonth"":52,""period"":""2021"",""reporterCode"":76,""reporterISO"":""BRA"",""reporterDesc"":""Brazil"",""flowCode"":""X"",""flowDesc"":""Export"",""partnerCode"":276,""partnerISO"":""DEU"",""partnerDesc"":""Germany"",""partner2Code"":0,""partner2ISO"":""W00"",""partner2Desc"":""World"",""classificationCode"":""H5"",""classificationSearchCode"":""HS"",""isOriginalClassification"":true,""cmdCode"":""090111"",""cmdDesc"":""Coffee; not roasted or decaffeinated"",""aggrLevel"":6,""isLeaf"":true,""customsCode"":""C00"",""customsDesc"":""TOTAL CPC"",""mosCode"":""0"",""motCode"":0,""motDesc"":""TOTAL MOT"",""qtyUnitCode"":8,""qtyUnitAbbr"":""kg"",""qty"":847973775,""isQtyEstimated"":false,""altQtyUnitCode"":-1,""altQtyUnitAbbr"":""N/A"",""altQty"":0,""isAltQtyEstimated"":false,""netWgt"":404045919,""isNetWgtEstimated"":false,""grossWgt"":0,""isGrossWgtEstimated"":false,""cifvalue"":null,""fobvalue"":1064625013,""primaryValue"":1064625013,""legacyEstimationFlag"":0,""isReported"":false,""isAggregate"":true}"
,UN Comtrade,https://comtradeapi.un.org/public/v1/preview/C/A/HS?reporterCode=76&flowCode=X&cmdCode=090111&period=2021&includeDesc=true,2026-05-30T18:34:22.015Z,"{""reporters"":[{""endpoint"":""https://comtradeapi.un.org/public/v1/preview/C/A/HS"",""reporterCode"":704,""reporterISO"":""VNM"",""flowCode"":""X"",""cmdCode"":""090111"",""period"":""2020,2021,2022,2023,2024,2025"",""includeDesc"":true},{""endpoint"":""https://comtradeapi.un.org/public/v1/preview/C/A/HS"",""reporterCode"":76,""reporterISO"":""BRA"",""flowCode"":""X"",""cmdCode"":""090111"",""period"":""2020,2021,2022,2023,2024,2025"",""includeDesc"":true},{""endpoint"":""https://comtradeapi.un.org/public/v1/preview/C/A/HS"",""reporterCode"":360,""reporterISO"":""IDN"",""flowCode"":""X"",""cmdCode"":""090111"",""period"":""2020,2021,2022,2023,2024,2025"",""includeDesc"":true}]}",C,A,20210101,2021,76,BRA,Brazil,300,GRC,Greece,0,W00,World,X,Export,H5,090111,Coffee; not roasted or decaffeinated,C00,TOTAL CPC,0,TOTAL MOT,8,kg,240935070.35,29851151.35,0,73250737,true,false,true,"{""typeCode"":""C"",""freqCode"":""A"",""refPeriodId"":20210101,""refYear"":2021,""refMonth"":52,""period"":""2021"",""reporterCode"":76,""reporterISO"":""BRA"",""reporterDesc"":""Brazil"",""flowCode"":""X"",""flowDesc"":""Export"",""partnerCode"":300,""partnerISO"":""GRC"",""partnerDesc"":""Greece"",""partner2Code"":0,""partner2ISO"":""W00"",""partner2Desc"":""World"",""classificationCode"":""H5"",""classificationSearchCode"":""HS"",""isOriginalClassification"":true,""cmdCode"":""090111"",""cmdDesc"":""Coffee; not roasted or decaffeinated"",""aggrLevel"":6,""isLeaf"":true,""customsCode"":""C00"",""customsDesc"":""TOTAL CPC"",""mosCode"":""0"",""motCode"":0,""motDesc"":""TOTAL MOT"",""qtyUnitCode"":8,""qtyUnitAbbr"":""kg"",""qty"":240935070.35,""isQtyEstimated"":true,""altQtyUnitCode"":-1,""altQtyUnitAbbr"":""N/A"",""altQty"":0,""isAltQtyEstimated"":false,""netWgt"":29851151.35,""isNetWgtEstimated"":true,""grossWgt"":0,""isGrossWgtEstimated"":false,""cifvalue"":null,""fobvalue"":73250737,""primaryValue"":73250737,""legacyEstimationFlag"":6,""isReported"":false,""isAggregate"":true}"
,UN Comtrade,https://comtradeapi.un.org/public/v1/preview/C/A/HS?reporterCode=76&flowCode=X&cmdCode=090111&period=2021&includeDesc=true,2026-05-30T18:34:22.015Z,"{""reporters"":[{""endpoint"":""https://comtradeapi.un.org/public/v1/preview/C/A/HS"",""reporterCode"":704,""reporterISO"":""VNM"",""flowCode"":""X"",""cmdCode"":""090111"",""period"":""2020,2021,2022,2023,2024,2025"",""includeDesc"":true},{""endpoint"":""https://comtradeapi.un.org/public/v1/preview/C/A/HS"",""reporterCode"":76,""reporterISO"":""BRA"",""flowCode"":""X"",""cmdCode"":""090111"",""period"":""2020,2021,2022,2023,2024,2025"",""includeDesc"":true},{""endpoint"":""https://comtradeapi.un.org/public/v1/preview/C/A/HS"",""reporterCode"":360,""reporterISO"":""IDN"",""flowCode"":""X"",""cmdCode"":""090111"",""period"":""2020,2021,2022,2023,2024,2025"",""includeDesc"":true}]}",C,A,20210101,2021,76,BRA,Brazil,344,HKG,"China, Hong Kong SAR",0,W00,World,X,Export,H5,090111,Coffee; not roasted or decaffeinated,C00,TOTAL CPC,0,TOTAL MOT,8,kg,20124511,1196159,0,3436667,true,false,true,"{""typeCode"":""C"",""freqCode"":""A"",""refPeriodId"":20210101,""refYear"":2021,""refMonth"":52,""period"":""2021"",""reporterCode"":76,""reporterISO"":""BRA"",""reporterDesc"":""Brazil"",""flowCode"":""X"",""flowDesc"":""Export"",""partnerCode"":344,""partnerISO"":""HKG"",""partnerDesc"":""China, Hong Kong SAR"",""partner2Code"":0,""partner2ISO"":""W00"",""partner2Desc"":""World"",""classificationCode"":""H5"",""classificationSearchCode"":""HS"",""isOriginalClassification"":true,""cmdCode"":""090111"",""cmdDesc"":""Coffee; not roasted or decaffeinated"",""aggrLevel"":6,""isLeaf"":true,""customsCode"":""C00"",""customsDesc"":""TOTAL CPC"",""mosCode"":""0"",""motCode"":0,""motDesc"":""TOTAL MOT"",""qtyUnitCode"":8,""qtyUnitAbbr"":""kg"",""qty"":20124511,""isQtyEstimated"":false,""altQtyUnitCode"":-1,""altQtyUnitAbbr"":""N/A"",""altQty"":0,""isAltQtyEstimated"":false,""netWgt"":1196159,""isNetWgtEstimated"":false,""grossWgt"":0,""isGrossWgtEstimated"":false,""cifvalue"":null,""fobvalue"":3436667,""primaryValue"":3436667,""legacyEstimationFlag"":0,""isReported"":false,""isAggregate"":true}"
,UN Comtrade,https://comtradeapi.un.org/public/v1/preview/C/A/HS?reporterCode=76&flowCode=X&cmdCode=090111&period=2021&includeDesc=true,2026-05-30T18:34:22.015Z,"{""reporters"":[{""endpoint"":""https://comtradeapi.un.org/public/v1/preview/C/A/HS"",""reporterCode"":704,""reporterISO"":""VNM"",""flowCode"":""X"",""cmdCode"":""090111"",""period"":""2020,2021,2022,2023,2024,2025"",""includeDesc"":true},{""endpoint"":""https://comtradeapi.un.org/public/v1/preview/C/A/HS"",""reporterCode"":76,""reporterISO"":""BRA"",""flowCode"":""X"",""cmdCode"":""090111"",""period"":""2020,2021,2022,2023,2024,2025"",""includeDesc"":true},{""endpoint"":""https://comtradeapi.un.org/public/v1/preview/C/A/HS"",""reporterCode"":360,""reporterISO"":""IDN"",""flowCode"":""X"",""cmdCode"":""090111"",""period"":""2020,2021,2022,2023,2024,2025"",""includeDesc"":true}]}",C,A,20210101,2021,76,BRA,Brazil,348,HUN,Hungary,0,W00,World,X,Export,H5,090111,Coffee; not roasted or decaffeinated,C00,TOTAL CPC,0,TOTAL MOT,8,kg,2000,2040,0,6365,true,false,true,"{""typeCode"":""C"",""freqCode"":""A"",""refPeriodId"":20210101,""refYear"":2021,""refMonth"":52,""period"":""2021"",""reporterCode"":76,""reporterISO"":""BRA"",""reporterDesc"":""Brazil"",""flowCode"":""X"",""flowDesc"":""Export"",""partnerCode"":348,""partnerISO"":""HUN"",""partnerDesc"":""Hungary"",""partner2Code"":0,""partner2ISO"":""W00"",""partner2Desc"":""World"",""classificationCode"":""H5"",""classificationSearchCode"":""HS"",""isOriginalClassification"":true,""cmdCode"":""090111"",""cmdDesc"":""Coffee; not roasted or decaffeinated"",""aggrLevel"":6,""isLeaf"":true,""customsCode"":""C00"",""customsDesc"":""TOTAL CPC"",""mosCode"":""0"",""motCode"":0,""motDesc"":""TOTAL MOT"",""qtyUnitCode"":8,""qtyUnitAbbr"":""kg"",""qty"":2000,""isQtyEstimated"":false,""altQtyUnitCode"":21,""altQtyUnitAbbr"":""1000 KG"",""altQty"":2,""isAltQtyEstimated"":false,""netWgt"":2040,""isNetWgtEstimated"":false,""grossWgt"":0,""isGrossWgtEstimated"":false,""cifvalue"":null,""fobvalue"":6365,""primaryValue"":6365,""legacyEstimationFlag"":0,""isReported"":false,""isAggregate"":true}"
,UN Comtrade,https://comtradeapi.un.org/public/v1/preview/C/A/HS?reporterCode=76&flowCode=X&cmdCode=090111&period=2021&includeDesc=true,2026-05-30T18:34:22.015Z,"{""reporters"":[{""endpoint"":""https://comtradeapi.un.org/public/v1/preview/C/A/HS"",""reporterCode"":704,""reporterISO"":""VNM"",""flowCode"":""X"",""cmdCode"":""090111"",""period"":""2020,2021,2022,2023,2024,2025"",""includeDesc"":true},{""endpoint"":""https://comtradeapi.un.org/public/v1/preview/C/A/HS"",""reporterCode"":76,""reporterISO"":""BRA"",""flowCode"":""X"",""cmdCode"":""090111"",""period"":""2020,2021,2022,2023,2024,2025"",""includeDesc"":true},{""endpoint"":""https://comtradeapi.un.org/public/v1/preview/C/A/HS"",""reporterCode"":360,""reporterISO"":""IDN"",""flowCode"":""X"",""cmdCode"":""090111"",""period"":""2020,2021,2022,2023,2024,2025"",""includeDesc"":true}]}",C,A,20210101,2021,76,BRA,Brazil,352,ISL,Iceland,0,W00,World,X,Export,H5,090111,Coffee; not roasted or decaffeinated,C00,TOTAL CPC,0,TOTAL MOT,8,kg,254000,254669,0,729032,true,false,true,"{""typeCode"":""C"",""freqCode"":""A"",""refPeriodId"":20210101,""refYear"":2021,""refMonth"":52,""period"":""2021"",""reporterCode"":76,""reporterISO"":""BRA"",""reporterDesc"":""Brazil"",""flowCode"":""X"",""flowDesc"":""Export"",""partnerCode"":352,""partnerISO"":""ISL"",""partnerDesc"":""Iceland"",""partner2Code"":0,""partner2ISO"":""W00"",""partner2Desc"":""World"",""classificationCode"":""H5"",""classificationSearchCode"":""HS"",""isOriginalClassification"":true,""cmdCode"":""090111"",""cmdDesc"":""Coffee; not roasted or decaffeinated"",""aggrLevel"":6,""isLeaf"":true,""customsCode"":""C00"",""customsDesc"":""TOTAL CPC"",""mosCode"":""0"",""motCode"":0,""motDesc"":""TOTAL MOT"",""qtyUnitCode"":8,""qtyUnitAbbr"":""kg"",""qty"":254000,""isQtyEstimated"":false,""altQtyUnitCode"":21,""altQtyUnitAbbr"":""1000 KG"",""altQty"":254,""isAltQtyEstimated"":false,""netWgt"":254669,""isNetWgtEstimated"":false,""grossWgt"":0,""isGrossWgtEstimated"":false,""cifvalue"":null,""fobvalue"":729032,""primaryValue"":729032,""legacyEstimationFlag"":0,""isReported"":false,""isAggregate"":true}"
,UN Comtrade,https://comtradeapi.un.org/public/v1/preview/C/A/HS?reporterCode=76&flowCode=X&cmdCode=090111&period=2021&includeDesc=true,2026-05-30T18:34:22.015Z,"{""reporters"":[{""endpoint"":""https://comtradeapi.un.org/public/v1/preview/C/A/HS"",""reporterCode"":704,""reporterISO"":""VNM"",""flowCode"":""X"",""cmdCode"":""090111"",""period"":""2020,2021,2022,2023,2024,2025"",""includeDesc"":true},{""endpoint"":""https://comtradeapi.un.org/public/v1/preview/C/A/HS"",""reporterCode"":76,""reporterISO"":""BRA"",""flowCode"":""X"",""cmdCode"":""090111"",""period"":""2020,2021,2022,2023,2024,2025"",""includeDesc"":true},{""endpoint"":""https://comtradeapi.un.org/public/v1/preview/C/A/HS"",""reporterCode"":360,""reporterISO"":""IDN"",""flowCode"":""X"",""cmdCode"":""090111"",""period"":""2020,2021,2022,2023,2024,2025"",""includeDesc"":true}]}",C,A,20210101,2021,76,BRA,Brazil,360,IDN,Indonesia,0,W00,World,X,Export,H5,090111,Coffee; not roasted or decaffeinated,C00,TOTAL CPC,0,TOTAL MOT,8,kg,4814000,4830350,0,14042025,true,false,true,"{""typeCode"":""C"",""freqCode"":""A"",""refPeriodId"":20210101,""refYear"":2021,""refMonth"":52,""period"":""2021"",""reporterCode"":76,""reporterISO"":""BRA"",""reporterDesc"":""Brazil"",""flowCode"":""X"",""flowDesc"":""Export"",""partnerCode"":360,""partnerISO"":""IDN"",""partnerDesc"":""Indonesia"",""partner2Code"":0,""partner2ISO"":""W00"",""partner2Desc"":""World"",""classificationCode"":""H5"",""classificationSearchCode"":""HS"",""isOriginalClassification"":true,""cmdCode"":""090111"",""cmdDesc"":""Coffee; not roasted or decaffeinated"",""aggrLevel"":6,""isLeaf"":true,""customsCode"":""C00"",""customsDesc"":""TOTAL CPC"",""mosCode"":""0"",""motCode"":0,""motDesc"":""TOTAL MOT"",""qtyUnitCode"":8,""qtyUnitAbbr"":""kg"",""qty"":4814000,""isQtyEstimated"":false,""altQtyUnitCode"":21,""altQtyUnitAbbr"":""1000 KG"",""altQty"":4814,""isAltQtyEstimated"":false,""netWgt"":4830350,""isNetWgtEstimated"":false,""grossWgt"":0,""isGrossWgtEstimated"":false,""cifvalue"":null,""fobvalue"":14042025,""primaryValue"":14042025,""legacyEstimationFlag"":0,""isReported"":false,""isAggregate"":true}"
,UN Comtrade,https://comtradeapi.un.org/public/v1/preview/C/A/HS?reporterCode=76&flowCode=X&cmdCode=090111&period=2021&includeDesc=true,2026-05-30T18:34:22.015Z,"{""reporters"":[{""endpoint"":""https://comtradeapi.un.org/public/v1/preview/C/A/HS"",""reporterCode"":704,""reporterISO"":""VNM"",""flowCode"":""X"",""cmdCode"":""090111"",""period"":""2020,2021,2022,2023,2024,2025"",""includeDesc"":true},{""endpoint"":""https://comtradeapi.un.org/public/v1/preview/C/A/HS"",""reporterCode"":76,""reporterISO"":""BRA"",""flowCode"":""X"",""cmdCode"":""090111"",""period"":""2020,2021,2022,2023,2024,2025"",""includeDesc"":true},{""endpoint"":""https://comtradeapi.un.org/public/v1/preview/C/A/HS"",""reporterCode"":360,""reporterISO"":""IDN"",""flowCode"":""X"",""cmdCode"":""090111"",""period"":""2020,2021,2022,2023,2024,2025"",""includeDesc"":true}]}",C,A,20210101,2021,76,BRA,Brazil,364,IRN,Iran,0,W00,World,X,Export,H5,090111,Coffee; not roasted or decaffeinated,C00,TOTAL CPC,0,TOTAL MOT,8,kg,97000,96000,0,205085,true,false,true,"{""typeCode"":""C"",""freqCode"":""A"",""refPeriodId"":20210101,""refYear"":2021,""refMonth"":52,""period"":""2021"",""reporterCode"":76,""reporterISO"":""BRA"",""reporterDesc"":""Brazil"",""flowCode"":""X"",""flowDesc"":""Export"",""partnerCode"":364,""partnerISO"":""IRN"",""partnerDesc"":""Iran"",""partner2Code"":0,""partner2ISO"":""W00"",""partner2Desc"":""World"",""classificationCode"":""H5"",""classificationSearchCode"":""HS"",""isOriginalClassification"":true,""cmdCode"":""090111"",""cmdDesc"":""Coffee; not roasted or decaffeinated"",""aggrLevel"":6,""isLeaf"":true,""customsCode"":""C00"",""customsDesc"":""TOTAL CPC"",""mosCode"":""0"",""motCode"":0,""motDesc"":""TOTAL MOT"",""qtyUnitCode"":8,""qtyUnitAbbr"":""kg"",""qty"":97000,""isQtyEstimated"":false,""altQtyUnitCode"":21,""altQtyUnitAbbr"":""1000 KG"",""altQty"":97,""isAltQtyEstimated"":false,""netWgt"":96000,""isNetWgtEstimated"":false,""grossWgt"":0,""isGrossWgtEstimated"":false,""cifvalue"":null,""fobvalue"":205085,""primaryValue"":205085,""legacyEstimationFlag"":0,""isReported"":false,""isAggregate"":true}"
,UN Comtrade,https://comtradeapi.un.org/public/v1/preview/C/A/HS?reporterCode=76&flowCode=X&cmdCode=090111&period=2021&includeDesc=true,2026-05-30T18:34:22.015Z,"{""reporters"":[{""endpoint"":""https://comtradeapi.un.org/public/v1/preview/C/A/HS"",""reporterCode"":704,""reporterISO"":""VNM"",""flowCode"":""X"",""cmdCode"":""090111"",""period"":""2020,2021,2022,2023,2024,2025"",""includeDesc"":true},{""endpoint"":""https://comtradeapi.un.org/public/v1/preview/C/A/HS"",""reporterCode"":76,""reporterISO"":""BRA"",""flowCode"":""X"",""cmdCode"":""090111"",""period"":""2020,2021,2022,2023,2024,2025"",""includeDesc"":true},{""endpoint"":""https://comtradeapi.un.org/public/v1/preview/C/A/HS"",""reporterCode"":360,""reporterISO"":""IDN"",""flowCode"":""X"",""cmdCode"":""090111"",""period"":""2020,2021,2022,2023,2024,2025"",""includeDesc"":true}]}",C,A,20210101,2021,76,BRA,Brazil,368,IRQ,Iraq,0,W00,World,X,Export,H5,090111,Coffee; not roasted or decaffeinated,C00,TOTAL CPC,0,TOTAL MOT,8,kg,52000,52800,0,118360,true,false,true,"{""typeCode"":""C"",""freqCode"":""A"",""refPeriodId"":20210101,""refYear"":2021,""refMonth"":52,""period"":""2021"",""reporterCode"":76,""reporterISO"":""BRA"",""reporterDesc"":""Brazil"",""flowCode"":""X"",""flowDesc"":""Export"",""partnerCode"":368,""partnerISO"":""IRQ"",""partnerDesc"":""Iraq"",""partner2Code"":0,""partner2ISO"":""W00"",""partner2Desc"":""World"",""classificationCode"":""H5"",""classificationSearchCode"":""HS"",""isOriginalClassification"":true,""cmdCode"":""090111"",""cmdDesc"":""Coffee; not roasted or decaffeinated"",""aggrLevel"":6,""isLeaf"":true,""customsCode"":""C00"",""customsDesc"":""TOTAL CPC"",""mosCode"":""0"",""motCode"":0,""motDesc"":""TOTAL MOT"",""qtyUnitCode"":8,""qtyUnitAbbr"":""kg"",""qty"":52000,""isQtyEstimated"":false,""altQtyUnitCode"":21,""altQtyUnitAbbr"":""1000 KG"",""altQty"":52,""isAltQtyEstimated"":false,""netWgt"":52800,""isNetWgtEstimated"":false,""grossWgt"":0,""isGrossWgtEstimated"":false,""cifvalue"":null,""fobvalue"":118360,""primaryValue"":118360,""legacyEstimationFlag"":0,""isReported"":false,""isAggregate"":true}"
,UN Comtrade,https://comtradeapi.un.org/public/v1/preview/C/A/HS?reporterCode=76&flowCode=X&cmdCode=090111&period=2021&includeDesc=true,2026-05-30T18:34:22.015Z,"{""reporters"":[{""endpoint"":""https://comtradeapi.un.org/public/v1/preview/C/A/HS"",""reporterCode"":704,""reporterISO"":""VNM"",""flowCode"":""X"",""cmdCode"":""090111"",""period"":""2020,2021,2022,2023,2024,2025"",""includeDesc"":true},{""endpoint"":""https://comtradeapi.un.org/public/v1/preview/C/A/HS"",""reporterCode"":76,""reporterISO"":""BRA"",""flowCode"":""X"",""cmdCode"":""090111"",""period"":""2020,2021,2022,2023,2024,2025"",""includeDesc"":true},{""endpoint"":""https://comtradeapi.un.org/public/v1/preview/C/A/HS"",""reporterCode"":360,""reporterISO"":""IDN"",""flowCode"":""X"",""cmdCode"":""090111"",""period"":""2020,2021,2022,2023,2024,2025"",""includeDesc"":true}]}",C,A,20210101,2021,76,BRA,Brazil,372,IRL,Ireland,0,W00,World,X,Export,H5,090111,Coffee; not roasted or decaffeinated,C00,TOTAL CPC,0,TOTAL MOT,8,kg,20642200,1470469,0,5524714,true,false,true,"{""typeCode"":""C"",""freqCode"":""A"",""refPeriodId"":20210101,""refYear"":2021,""refMonth"":52,""period"":""2021"",""reporterCode"":76,""reporterISO"":""BRA"",""reporterDesc"":""Brazil"",""flowCode"":""X"",""flowDesc"":""Export"",""partnerCode"":372,""partnerISO"":""IRL"",""partnerDesc"":""Ireland"",""partner2Code"":0,""partner2ISO"":""W00"",""partner2Desc"":""World"",""classificationCode"":""H5"",""classificationSearchCode"":""HS"",""isOriginalClassification"":true,""cmdCode"":""090111"",""cmdDesc"":""Coffee; not roasted or decaffeinated"",""aggrLevel"":6,""isLeaf"":true,""customsCode"":""C00"",""customsDesc"":""TOTAL CPC"",""mosCode"":""0"",""motCode"":0,""motDesc"":""TOTAL MOT"",""qtyUnitCode"":8,""qtyUnitAbbr"":""kg"",""qty"":20642200,""isQtyEstimated"":false,""altQtyUnitCode"":21,""altQtyUnitAbbr"":""1000 KG"",""altQty"":39823,""isAltQtyEstimated"":false,""netWgt"":1470469,""isNetWgtEstimated"":false,""grossWgt"":0,""isGrossWgtEstimated"":false,""cifvalue"":null,""fobvalue"":5524714,""primaryValue"":5524714,""legacyEstimationFlag"":0,""isReported"":false,""isAggregate"":true}"
,UN Comtrade,https://comtradeapi.un.org/public/v1/preview/C/A/HS?reporterCode=76&flowCode=X&cmdCode=090111&period=2021&includeDesc=true,2026-05-30T18:34:22.015Z,"{""reporters"":[{""endpoint"":""https://comtradeapi.un.org/public/v1/preview/C/A/HS"",""reporterCode"":704,""reporterISO"":""VNM"",""flowCode"":""X"",""cmdCode"":""090111"",""period"":""2020,2021,2022,2023,2024,2025"",""includeDesc"":true},{""endpoint"":""https://comtradeapi.un.org/public/v1/preview/C/A/HS"",""reporterCode"":76,""reporterISO"":""BRA"",""flowCode"":""X"",""cmdCode"":""090111"",""period"":""2020,2021,2022,2023,2024,2025"",""includeDesc"":true},{""endpoint"":""https://comtradeapi.un.org/public/v1/preview/C/A/HS"",""reporterCode"":360,""reporterISO"":""IDN"",""flowCode"":""X"",""cmdCode"":""090111"",""period"":""2020,2021,2022,2023,2024,2025"",""includeDesc"":true}]}",C,A,20210101,2021,76,BRA,Brazil,376,ISR,Israel,0,W00,World,X,Export,H5,090111,Coffee; not roasted or decaffeinated,C00,TOTAL CPC,0,TOTAL MOT,8,kg,67668000,6253999,0,15093047,true,false,true,"{""typeCode"":""C"",""freqCode"":""A"",""refPeriodId"":20210101,""refYear"":2021,""refMonth"":52,""period"":""2021"",""reporterCode"":76,""reporterISO"":""BRA"",""reporterDesc"":""Brazil"",""flowCode"":""X"",""flowDesc"":""Export"",""partnerCode"":376,""partnerISO"":""ISR"",""partnerDesc"":""Israel"",""partner2Code"":0,""partner2ISO"":""W00"",""partner2Desc"":""World"",""classificationCode"":""H5"",""classificationSearchCode"":""HS"",""isOriginalClassification"":true,""cmdCode"":""090111"",""cmdDesc"":""Coffee; not roasted or decaffeinated"",""aggrLevel"":6,""isLeaf"":true,""customsCode"":""C00"",""customsDesc"":""TOTAL CPC"",""mosCode"":""0"",""motCode"":0,""motDesc"":""TOTAL MOT"",""qtyUnitCode"":8,""qtyUnitAbbr"":""kg"",""qty"":67668000,""isQtyEstimated"":false,""altQtyUnitCode"":21,""altQtyUnitAbbr"":""1000 KG"",""altQty"":67668,""isAltQtyEstimated"":false,""netWgt"":6253999,""isNetWgtEstimated"":false,""grossWgt"":0,""isGrossWgtEstimated"":false,""cifvalue"":null,""fobvalue"":15093047,""primaryValue"":15093047,""legacyEstimationFlag"":0,""isReported"":false,""isAggregate"":true}"
,UN Comtrade,https://comtradeapi.un.org/public/v1/preview/C/A/HS?reporterCode=76&flowCode=X&cmdCode=090111&period=2021&includeDesc=true,2026-05-30T18:34:22.015Z,"{""reporters"":[{""endpoint"":""https://comtradeapi.un.org/public/v1/preview/C/A/HS"",""reporterCode"":704,""reporterISO"":""VNM"",""flowCode"":""X"",""cmdCode"":""090111"",""period"":""2020,2021,2022,2023,2024,2025"",""includeDesc"":true},{""endpoint"":""https://comtradeapi.un.org/public/v1/preview/C/A/HS"",""reporterCode"":76,""reporterISO"":""BRA"",""flowCode"":""X"",""cmdCode"":""090111"",""period"":""2020,2021,2022,2023,2024,2025"",""includeDesc"":true},{""endpoint"":""https://comtradeapi.un.org/public/v1/preview/C/A/HS"",""reporterCode"":360,""reporterISO"":""IDN"",""flowCode"":""X"",""cmdCode"":""090111"",""period"":""2020,2021,2022,2023,2024,2025"",""includeDesc"":true}]}",C,A,20210101,2021,76,BRA,Brazil,380,ITA,Italy,0,W00,World,X,Export,H5,090111,Coffee; not roasted or decaffeinated,C00,TOTAL CPC,0,TOTAL MOT,8,kg,442721458,174450124,0,477026534,true,false,true,"{""typeCode"":""C"",""freqCode"":""A"",""refPeriodId"":20210101,""refYear"":2021,""refMonth"":52,""period"":""2021"",""reporterCode"":76,""reporterISO"":""BRA"",""reporterDesc"":""Brazil"",""flowCode"":""X"",""flowDesc"":""Export"",""partnerCode"":380,""partnerISO"":""ITA"",""partnerDesc"":""Italy"",""partner2Code"":0,""partner2ISO"":""W00"",""partner2Desc"":""World"",""classificationCode"":""H5"",""classificationSearchCode"":""HS"",""isOriginalClassification"":true,""cmdCode"":""090111"",""cmdDesc"":""Coffee; not roasted or decaffeinated"",""aggrLevel"":6,""isLeaf"":true,""customsCode"":""C00"",""customsDesc"":""TOTAL CPC"",""mosCode"":""0"",""motCode"":0,""motDesc"":""TOTAL MOT"",""qtyUnitCode"":8,""qtyUnitAbbr"":""kg"",""qty"":442721458,""isQtyEstimated"":false,""altQtyUnitCode"":-1,""altQtyUnitAbbr"":""N/A"",""altQty"":0,""isAltQtyEstimated"":false,""netWgt"":174450124,""isNetWgtEstimated"":false,""grossWgt"":0,""isGrossWgtEstimated"":false,""cifvalue"":null,""fobvalue"":477026534,""primaryValue"":477026534,""legacyEstimationFlag"":0,""isReported"":false,""isAggregate"":true}"
,UN Comtrade,https://comtradeapi.un.org/public/v1/preview/C/A/HS?reporterCode=76&flowCode=X&cmdCode=090111&period=2021&includeDesc=true,2026-05-30T18:34:22.015Z,"{""reporters"":[{""endpoint"":""https://comtradeapi.un.org/public/v1/preview/C/A/HS"",""reporterCode"":704,""reporterISO"":""VNM"",""flowCode"":""X"",""cmdCode"":""090111"",""period"":""2020,2021,2022,2023,2024,2025"",""includeDesc"":true},{""endpoint"":""https://comtradeapi.un.org/public/v1/preview/C/A/HS"",""reporterCode"":76,""reporterISO"":""BRA"",""flowCode"":""X"",""cmdCode"":""090111"",""period"":""2020,2021,2022,2023,2024,2025"",""includeDesc"":true},{""endpoint"":""https://comtradeapi.un.org/public/v1/preview/C/A/HS"",""reporterCode"":360,""reporterISO"":""IDN"",""flowCode"":""X"",""cmdCode"":""090111"",""period"":""2020,2021,2022,2023,2024,2025"",""includeDesc"":true}]}",C,A,20210101,2021,76,BRA,Brazil,392,JPN,Japan,0,W00,World,X,Export,H5,090111,Coffee; not roasted or decaffeinated,C00,TOTAL CPC,0,TOTAL MOT,8,kg,241885682,149211502,0,402345201,true,false,true,"{""typeCode"":""C"",""freqCode"":""A"",""refPeriodId"":20210101,""refYear"":2021,""refMonth"":52,""period"":""2021"",""reporterCode"":76,""reporterISO"":""BRA"",""reporterDesc"":""Brazil"",""flowCode"":""X"",""flowDesc"":""Export"",""partnerCode"":392,""partnerISO"":""JPN"",""partnerDesc"":""Japan"",""partner2Code"":0,""partner2ISO"":""W00"",""partner2Desc"":""World"",""classificationCode"":""H5"",""classificationSearchCode"":""HS"",""isOriginalClassification"":true,""cmdCode"":""090111"",""cmdDesc"":""Coffee; not roasted or decaffeinated"",""aggrLevel"":6,""isLeaf"":true,""customsCode"":""C00"",""customsDesc"":""TOTAL CPC"",""mosCode"":""0"",""motCode"":0,""motDesc"":""TOTAL MOT"",""qtyUnitCode"":8,""qtyUnitAbbr"":""kg"",""qty"":241885682,""isQtyEstimated"":false,""altQtyUnitCode"":-1,""altQtyUnitAbbr"":""N/A"",""altQty"":0,""isAltQtyEstimated"":false,""netWgt"":149211502,""isNetWgtEstimated"":false,""grossWgt"":0,""isGrossWgtEstimated"":false,""cifvalue"":null,""fobvalue"":402345201,""primaryValue"":402345201,""legacyEstimationFlag"":0,""isReported"":false,""isAggregate"":true}"
,UN Comtrade,https://comtradeapi.un.org/public/v1/preview/C/A/HS?reporterCode=76&flowCode=X&cmdCode=090111&period=2021&includeDesc=true,2026-05-30T18:34:22.015Z,"{""reporters"":[{""endpoint"":""https://comtradeapi.un.org/public/v1/preview/C/A/HS"",""reporterCode"":704,""reporterISO"":""VNM"",""flowCode"":""X"",""cmdCode"":""090111"",""period"":""2020,2021,2022,2023,2024,2025"",""includeDesc"":true},{""endpoint"":""https://comtradeapi.un.org/public/v1/preview/C/A/HS"",""reporterCode"":76,""reporterISO"":""BRA"",""flowCode"":""X"",""cmdCode"":""090111"",""period"":""2020,2021,2022,2023,2024,2025"",""includeDesc"":true},{""endpoint"":""https://comtradeapi.un.org/public/v1/preview/C/A/HS"",""reporterCode"":360,""reporterISO"":""IDN"",""flowCode"":""X"",""cmdCode"":""090111"",""period"":""2020,2021,2022,2023,2024,2025"",""includeDesc"":true}]}",C,A,20210101,2021,76,BRA,Brazil,398,KAZ,Kazakhstan,0,W00,World,X,Export,H5,090111,Coffee; not roasted or decaffeinated,C00,TOTAL CPC,0,TOTAL MOT,8,kg,19000,19175,0,50047,true,false,true,"{""typeCode"":""C"",""freqCode"":""A"",""refPeriodId"":20210101,""refYear"":2021,""refMonth"":52,""period"":""2021"",""reporterCode"":76,""reporterISO"":""BRA"",""reporterDesc"":""Brazil"",""flowCode"":""X"",""flowDesc"":""Export"",""partnerCode"":398,""partnerISO"":""KAZ"",""partnerDesc"":""Kazakhstan"",""partner2Code"":0,""partner2ISO"":""W00"",""partner2Desc"":""World"",""classificationCode"":""H5"",""classificationSearchCode"":""HS"",""isOriginalClassification"":true,""cmdCode"":""090111"",""cmdDesc"":""Coffee; not roasted or decaffeinated"",""aggrLevel"":6,""isLeaf"":true,""customsCode"":""C00"",""customsDesc"":""TOTAL CPC"",""mosCode"":""0"",""motCode"":0,""motDesc"":""TOTAL MOT"",""qtyUnitCode"":8,""qtyUnitAbbr"":""kg"",""qty"":19000,""isQtyEstimated"":false,""altQtyUnitCode"":21,""altQtyUnitAbbr"":""1000 KG"",""altQty"":19,""isAltQtyEstimated"":false,""netWgt"":19175,""isNetWgtEstimated"":false,""grossWgt"":0,""isGrossWgtEstimated"":false,""cifvalue"":null,""fobvalue"":50047,""primaryValue"":50047,""legacyEstimationFlag"":0,""isReported"":false,""isAggregate"":true}"
,UN Comtrade,https://comtradeapi.un.org/public/v1/preview/C/A/HS?reporterCode=76&flowCode=X&cmdCode=090111&period=2021&includeDesc=true,2026-05-30T18:34:22.015Z,"{""reporters"":[{""endpoint"":""https://comtradeapi.un.org/public/v1/preview/C/A/HS"",""reporterCode"":704,""reporterISO"":""VNM"",""flowCode"":""X"",""cmdCode"":""090111"",""period"":""2020,2021,2022,2023,2024,2025"",""includeDesc"":true},{""endpoint"":""https://comtradeapi.un.org/public/v1/preview/C/A/HS"",""reporterCode"":76,""reporterISO"":""BRA"",""flowCode"":""X"",""cmdCode"":""090111"",""period"":""2020,2021,2022,2023,2024,2025"",""includeDesc"":true},{""endpoint"":""https://comtradeapi.un.org/public/v1/preview/C/A/HS"",""reporterCode"":360,""reporterISO"":""IDN"",""flowCode"":""X"",""cmdCode"":""090111"",""period"":""2020,2021,2022,2023,2024,2025"",""includeDesc"":true}]}",C,A,20210101,2021,76,BRA,Brazil,400,JOR,Jordan,0,W00,World,X,Export,H5,090111,Coffee; not roasted or decaffeinated,C00,TOTAL CPC,0,TOTAL MOT,8,kg,9288000,9318412,0,23654968,true,false,true,"{""typeCode"":""C"",""freqCode"":""A"",""refPeriodId"":20210101,""refYear"":2021,""refMonth"":52,""period"":""2021"",""reporterCode"":76,""reporterISO"":""BRA"",""reporterDesc"":""Brazil"",""flowCode"":""X"",""flowDesc"":""Export"",""partnerCode"":400,""partnerISO"":""JOR"",""partnerDesc"":""Jordan"",""partner2Code"":0,""partner2ISO"":""W00"",""partner2Desc"":""World"",""classificationCode"":""H5"",""classificationSearchCode"":""HS"",""isOriginalClassification"":true,""cmdCode"":""090111"",""cmdDesc"":""Coffee; not roasted or decaffeinated"",""aggrLevel"":6,""isLeaf"":true,""customsCode"":""C00"",""customsDesc"":""TOTAL CPC"",""mosCode"":""0"",""motCode"":0,""motDesc"":""TOTAL MOT"",""qtyUnitCode"":8,""qtyUnitAbbr"":""kg"",""qty"":9288000,""isQtyEstimated"":false,""altQtyUnitCode"":21,""altQtyUnitAbbr"":""1000 KG"",""altQty"":9288,""isAltQtyEstimated"":false,""netWgt"":9318412,""isNetWgtEstimated"":false,""grossWgt"":0,""isGrossWgtEstimated"":false,""cifvalue"":null,""fobvalue"":23654968,""primaryValue"":23654968,""legacyEstimationFlag"":0,""isReported"":false,""isAggregate"":true}"
,UN Comtrade,https://comtradeapi.un.org/public/v1/preview/C/A/HS?reporterCode=76&flowCode=X&cmdCode=090111&period=2021&includeDesc=true,2026-05-30T18:34:22.015Z,"{""reporters"":[{""endpoint"":""https://comtradeapi.un.org/public/v1/preview/C/A/HS"",""reporterCode"":704,""reporterISO"":""VNM"",""flowCode"":""X"",""cmdCode"":""090111"",""period"":""2020,2021,2022,2023,2024,2025"",""includeDesc"":true},{""endpoint"":""https://comtradeapi.un.org/public/v1/preview/C/A/HS"",""reporterCode"":76,""reporterISO"":""BRA"",""flowCode"":""X"",""cmdCode"":""090111"",""period"":""2020,2021,2022,2023,2024,2025"",""includeDesc"":true},{""endpoint"":""https://comtradeapi.un.org/public/v1/preview/C/A/HS"",""reporterCode"":360,""reporterISO"":""IDN"",""flowCode"":""X"",""cmdCode"":""090111"",""period"":""2020,2021,2022,2023,2024,2025"",""includeDesc"":true}]}",C,A,20210101,2021,76,BRA,Brazil,404,KEN,Kenya,0,W00,World,X,Export,H5,090111,Coffee; not roasted or decaffeinated,C00,TOTAL CPC,0,TOTAL MOT,8,kg,209000,211000,0,664875,true,false,true,"{""typeCode"":""C"",""freqCode"":""A"",""refPeriodId"":20210101,""refYear"":2021,""refMonth"":52,""period"":""2021"",""reporterCode"":76,""reporterISO"":""BRA"",""reporterDesc"":""Brazil"",""flowCode"":""X"",""flowDesc"":""Export"",""partnerCode"":404,""partnerISO"":""KEN"",""partnerDesc"":""Kenya"",""partner2Code"":0,""partner2ISO"":""W00"",""partner2Desc"":""World"",""classificationCode"":""H5"",""classificationSearchCode"":""HS"",""isOriginalClassification"":true,""cmdCode"":""090111"",""cmdDesc"":""Coffee; not roasted or decaffeinated"",""aggrLevel"":6,""isLeaf"":true,""customsCode"":""C00"",""customsDesc"":""TOTAL CPC"",""mosCode"":""0"",""motCode"":0,""motDesc"":""TOTAL MOT"",""qtyUnitCode"":8,""qtyUnitAbbr"":""kg"",""qty"":209000,""isQtyEstimated"":false,""altQtyUnitCode"":21,""altQtyUnitAbbr"":""1000 KG"",""altQty"":209,""isAltQtyEstimated"":false,""netWgt"":211000,""isNetWgtEstimated"":false,""grossWgt"":0,""isGrossWgtEstimated"":false,""cifvalue"":null,""fobvalue"":664875,""primaryValue"":664875,""legacyEstimationFlag"":0,""isReported"":false,""isAggregate"":true}"
,UN Comtrade,https://comtradeapi.un.org/public/v1/preview/C/A/HS?reporterCode=76&flowCode=X&cmdCode=090111&period=2021&includeDesc=true,2026-05-30T18:34:22.015Z,"{""reporters"":[{""endpoint"":""https://comtradeapi.un.org/public/v1/preview/C/A/HS"",""reporterCode"":704,""reporterISO"":""VNM"",""flowCode"":""X"",""cmdCode"":""090111"",""period"":""2020,2021,2022,2023,2024,2025"",""includeDesc"":true},{""endpoint"":""https://comtradeapi.un.org/public/v1/preview/C/A/HS"",""reporterCode"":76,""reporterISO"":""BRA"",""flowCode"":""X"",""cmdCode"":""090111"",""period"":""2020,2021,2022,2023,2024,2025"",""includeDesc"":true},{""endpoint"":""https://comtradeapi.un.org/public/v1/preview/C/A/HS"",""reporterCode"":360,""reporterISO"":""IDN"",""flowCode"":""X"",""cmdCode"":""090111"",""period"":""2020,2021,2022,2023,2024,2025"",""includeDesc"":true}]}",C,A,20210101,2021,76,BRA,Brazil,410,KOR,Rep. of Korea,0,W00,World,X,Export,H5,090111,Coffee; not roasted or decaffeinated,C00,TOTAL CPC,0,TOTAL MOT,8,kg,114233317,38131329,0,109081675,true,false,true,"{""typeCode"":""C"",""freqCode"":""A"",""refPeriodId"":20210101,""refYear"":2021,""refMonth"":52,""period"":""2021"",""reporterCode"":76,""reporterISO"":""BRA"",""reporterDesc"":""Brazil"",""flowCode"":""X"",""flowDesc"":""Export"",""partnerCode"":410,""partnerISO"":""KOR"",""partnerDesc"":""Rep. of Korea"",""partner2Code"":0,""partner2ISO"":""W00"",""partner2Desc"":""World"",""classificationCode"":""H5"",""classificationSearchCode"":""HS"",""isOriginalClassification"":true,""cmdCode"":""090111"",""cmdDesc"":""Coffee; not roasted or decaffeinated"",""aggrLevel"":6,""isLeaf"":true,""customsCode"":""C00"",""customsDesc"":""TOTAL CPC"",""mosCode"":""0"",""motCode"":0,""motDesc"":""TOTAL MOT"",""qtyUnitCode"":8,""qtyUnitAbbr"":""kg"",""qty"":114233317,""isQtyEstimated"":false,""altQtyUnitCode"":-1,""altQtyUnitAbbr"":""N/A"",""altQty"":0,""isAltQtyEstimated"":false,""netWgt"":38131329,""isNetWgtEstimated"":false,""grossWgt"":0,""isGrossWgtEstimated"":false,""cifvalue"":null,""fobvalue"":109081675,""primaryValue"":109081675,""legacyEstimationFlag"":0,""isReported"":false,""isAggregate"":true}"
,UN Comtrade,https://comtradeapi.un.org/public/v1/preview/C/A/HS?reporterCode=76&flowCode=X&cmdCode=090111&period=2021&includeDesc=true,2026-05-30T18:34:22.015Z,"{""reporters"":[{""endpoint"":""https://comtradeapi.un.org/public/v1/preview/C/A/HS"",""reporterCode"":704,""reporterISO"":""VNM"",""flowCode"":""X"",""cmdCode"":""090111"",""period"":""2020,2021,2022,2023,2024,2025"",""includeDesc"":true},{""endpoint"":""https://comtradeapi.un.org/public/v1/preview/C/A/HS"",""reporterCode"":76,""reporterISO"":""BRA"",""flowCode"":""X"",""cmdCode"":""090111"",""period"":""2020,2021,2022,2023,2024,2025"",""includeDesc"":true},{""endpoint"":""https://comtradeapi.un.org/public/v1/preview/C/A/HS"",""reporterCode"":360,""reporterISO"":""IDN"",""flowCode"":""X"",""cmdCode"":""090111"",""period"":""2020,2021,2022,2023,2024,2025"",""includeDesc"":true}]}",C,A,20210101,2021,76,BRA,Brazil,414,KWT,Kuwait,0,W00,World,X,Export,H5,090111,Coffee; not roasted or decaffeinated,C00,TOTAL CPC,0,TOTAL MOT,8,kg,344226,345601,0,1164032,true,false,true,"{""typeCode"":""C"",""freqCode"":""A"",""refPeriodId"":20210101,""refYear"":2021,""refMonth"":52,""period"":""2021"",""reporterCode"":76,""reporterISO"":""BRA"",""reporterDesc"":""Brazil"",""flowCode"":""X"",""flowDesc"":""Export"",""partnerCode"":414,""partnerISO"":""KWT"",""partnerDesc"":""Kuwait"",""partner2Code"":0,""partner2ISO"":""W00"",""partner2Desc"":""World"",""classificationCode"":""H5"",""classificationSearchCode"":""HS"",""isOriginalClassification"":true,""cmdCode"":""090111"",""cmdDesc"":""Coffee; not roasted or decaffeinated"",""aggrLevel"":6,""isLeaf"":true,""customsCode"":""C00"",""customsDesc"":""TOTAL CPC"",""mosCode"":""0"",""motCode"":0,""motDesc"":""TOTAL MOT"",""qtyUnitCode"":8,""qtyUnitAbbr"":""kg"",""qty"":344226,""isQtyEstimated"":false,""altQtyUnitCode"":-1,""altQtyUnitAbbr"":""N/A"",""altQty"":0,""isAltQtyEstimated"":false,""netWgt"":345601,""isNetWgtEstimated"":false,""grossWgt"":0,""isGrossWgtEstimated"":false,""cifvalue"":null,""fobvalue"":1164032,""primaryValue"":1164032,""legacyEstimationFlag"":0,""isReported"":false,""isAggregate"":true}"
,UN Comtrade,https://comtradeapi.un.org/public/v1/preview/C/A/HS?reporterCode=76&flowCode=X&cmdCode=090111&period=2021&includeDesc=true,2026-05-30T18:34:22.015Z,"{""reporters"":[{""endpoint"":""https://comtradeapi.un.org/public/v1/preview/C/A/HS"",""reporterCode"":704,""reporterISO"":""VNM"",""flowCode"":""X"",""cmdCode"":""090111"",""period"":""2020,2021,2022,2023,2024,2025"",""includeDesc"":true},{""endpoint"":""https://comtradeapi.un.org/public/v1/preview/C/A/HS"",""reporterCode"":76,""reporterISO"":""BRA"",""flowCode"":""X"",""cmdCode"":""090111"",""period"":""2020,2021,2022,2023,2024,2025"",""includeDesc"":true},{""endpoint"":""https://comtradeapi.un.org/public/v1/preview/C/A/HS"",""reporterCode"":360,""reporterISO"":""IDN"",""flowCode"":""X"",""cmdCode"":""090111"",""period"":""2020,2021,2022,2023,2024,2025"",""includeDesc"":true}]}",C,A,20210101,2021,76,BRA,Brazil,422,LBN,Lebanon,0,W00,World,X,Export,H5,090111,Coffee; not roasted or decaffeinated,C00,TOTAL CPC,0,TOTAL MOT,8,kg,29602000.787,18385050.787,0,34441587,true,false,true,"{""typeCode"":""C"",""freqCode"":""A"",""refPeriodId"":20210101,""refYear"":2021,""refMonth"":52,""period"":""2021"",""reporterCode"":76,""reporterISO"":""BRA"",""reporterDesc"":""Brazil"",""flowCode"":""X"",""flowDesc"":""Export"",""partnerCode"":422,""partnerISO"":""LBN"",""partnerDesc"":""Lebanon"",""partner2Code"":0,""partner2ISO"":""W00"",""partner2Desc"":""World"",""classificationCode"":""H5"",""classificationSearchCode"":""HS"",""isOriginalClassification"":true,""cmdCode"":""090111"",""cmdDesc"":""Coffee; not roasted or decaffeinated"",""aggrLevel"":6,""isLeaf"":true,""customsCode"":""C00"",""customsDesc"":""TOTAL CPC"",""mosCode"":""0"",""motCode"":0,""motDesc"":""TOTAL MOT"",""qtyUnitCode"":8,""qtyUnitAbbr"":""kg"",""qty"":29602000.787,""isQtyEstimated"":true,""altQtyUnitCode"":21,""altQtyUnitAbbr"":""1000 KG"",""altQty"":29602,""isAltQtyEstimated"":false,""netWgt"":18385050.787,""isNetWgtEstimated"":true,""grossWgt"":0,""isGrossWgtEstimated"":false,""cifvalue"":null,""fobvalue"":34441587,""primaryValue"":34441587,""legacyEstimationFlag"":6,""isReported"":false,""isAggregate"":true}"
,UN Comtrade,https://comtradeapi.un.org/public/v1/preview/C/A/HS?reporterCode=76&flowCode=X&cmdCode=090111&period=2021&includeDesc=true,2026-05-30T18:34:22.015Z,"{""reporters"":[{""endpoint"":""https://comtradeapi.un.org/public/v1/preview/C/A/HS"",""reporterCode"":704,""reporterISO"":""VNM"",""flowCode"":""X"",""cmdCode"":""090111"",""period"":""2020,2021,2022,2023,2024,2025"",""includeDesc"":true},{""endpoint"":""https://comtradeapi.un.org/public/v1/preview/C/A/HS"",""reporterCode"":76,""reporterISO"":""BRA"",""flowCode"":""X"",""cmdCode"":""090111"",""period"":""2020,2021,2022,2023,2024,2025"",""includeDesc"":true},{""endpoint"":""https://comtradeapi.un.org/public/v1/preview/C/A/HS"",""reporterCode"":360,""reporterISO"":""IDN"",""flowCode"":""X"",""cmdCode"":""090111"",""period"":""2020,2021,2022,2023,2024,2025"",""includeDesc"":true}]}",C,A,20210101,2021,76,BRA,Brazil,428,LVA,Latvia,0,W00,World,X,Export,H5,090111,Coffee; not roasted or decaffeinated,C00,TOTAL CPC,0,TOTAL MOT,8,kg,2405000,2413205,0,6389525,true,false,true,"{""typeCode"":""C"",""freqCode"":""A"",""refPeriodId"":20210101,""refYear"":2021,""refMonth"":52,""period"":""2021"",""reporterCode"":76,""reporterISO"":""BRA"",""reporterDesc"":""Brazil"",""flowCode"":""X"",""flowDesc"":""Export"",""partnerCode"":428,""partnerISO"":""LVA"",""partnerDesc"":""Latvia"",""partner2Code"":0,""partner2ISO"":""W00"",""partner2Desc"":""World"",""classificationCode"":""H5"",""classificationSearchCode"":""HS"",""isOriginalClassification"":true,""cmdCode"":""090111"",""cmdDesc"":""Coffee; not roasted or decaffeinated"",""aggrLevel"":6,""isLeaf"":true,""customsCode"":""C00"",""customsDesc"":""TOTAL CPC"",""mosCode"":""0"",""motCode"":0,""motDesc"":""TOTAL MOT"",""qtyUnitCode"":8,""qtyUnitAbbr"":""kg"",""qty"":2405000,""isQtyEstimated"":false,""altQtyUnitCode"":21,""altQtyUnitAbbr"":""1000 KG"",""altQty"":2405,""isAltQtyEstimated"":false,""netWgt"":2413205,""isNetWgtEstimated"":false,""grossWgt"":0,""isGrossWgtEstimated"":false,""cifvalue"":null,""fobvalue"":6389525,""primaryValue"":6389525,""legacyEstimationFlag"":0,""isReported"":false,""isAggregate"":true}"
,UN Comtrade,https://comtradeapi.un.org/public/v1/preview/C/A/HS?reporterCode=76&flowCode=X&cmdCode=090111&period=2021&includeDesc=true,2026-05-30T18:34:22.015Z,"{""reporters"":[{""endpoint"":""https://comtradeapi.un.org/public/v1/preview/C/A/HS"",""reporterCode"":704,""reporterISO"":""VNM"",""flowCode"":""X"",""cmdCode"":""090111"",""period"":""2020,2021,2022,2023,2024,2025"",""includeDesc"":true},{""endpoint"":""https://comtradeapi.un.org/public/v1/preview/C/A/HS"",""reporterCode"":76,""reporterISO"":""BRA"",""flowCode"":""X"",""cmdCode"":""090111"",""period"":""2020,2021,2022,2023,2024,2025"",""includeDesc"":true},{""endpoint"":""https://comtradeapi.un.org/public/v1/preview/C/A/HS"",""reporterCode"":360,""reporterISO"":""IDN"",""flowCode"":""X"",""cmdCode"":""090111"",""period"":""2020,2021,2022,2023,2024,2025"",""includeDesc"":true}]}",C,A,20210101,2021,76,BRA,Brazil,430,LBR,Liberia,0,W00,World,X,Export,H5,090111,Coffee; not roasted or decaffeinated,C00,TOTAL CPC,0,TOTAL MOT,8,kg,9731,738,0,5133,true,false,true,"{""typeCode"":""C"",""freqCode"":""A"",""refPeriodId"":20210101,""refYear"":2021,""refMonth"":52,""period"":""2021"",""reporterCode"":76,""reporterISO"":""BRA"",""reporterDesc"":""Brazil"",""flowCode"":""X"",""flowDesc"":""Export"",""partnerCode"":430,""partnerISO"":""LBR"",""partnerDesc"":""Liberia"",""partner2Code"":0,""partner2ISO"":""W00"",""partner2Desc"":""World"",""classificationCode"":""H5"",""classificationSearchCode"":""HS"",""isOriginalClassification"":true,""cmdCode"":""090111"",""cmdDesc"":""Coffee; not roasted or decaffeinated"",""aggrLevel"":6,""isLeaf"":true,""customsCode"":""C00"",""customsDesc"":""TOTAL CPC"",""mosCode"":""0"",""motCode"":0,""motDesc"":""TOTAL MOT"",""qtyUnitCode"":8,""qtyUnitAbbr"":""kg"",""qty"":9731,""isQtyEstimated"":false,""altQtyUnitCode"":-1,""altQtyUnitAbbr"":""N/A"",""altQty"":0,""isAltQtyEstimated"":false,""netWgt"":738,""isNetWgtEstimated"":false,""grossWgt"":0,""isGrossWgtEstimated"":false,""cifvalue"":null,""fobvalue"":5133,""primaryValue"":5133,""legacyEstimationFlag"":0,""isReported"":false,""isAggregate"":true}"
,UN Comtrade,https://comtradeapi.un.org/public/v1/preview/C/A/HS?reporterCode=76&flowCode=X&cmdCode=090111&period=2021&includeDesc=true,2026-05-30T18:34:22.015Z,"{""reporters"":[{""endpoint"":""https://comtradeapi.un.org/public/v1/preview/C/A/HS"",""reporterCode"":704,""reporterISO"":""VNM"",""flowCode"":""X"",""cmdCode"":""090111"",""period"":""2020,2021,2022,2023,2024,2025"",""includeDesc"":true},{""endpoint"":""https://comtradeapi.un.org/public/v1/preview/C/A/HS"",""reporterCode"":76,""reporterISO"":""BRA"",""flowCode"":""X"",""cmdCode"":""090111"",""period"":""2020,2021,2022,2023,2024,2025"",""includeDesc"":true},{""endpoint"":""https://comtradeapi.un.org/public/v1/preview/C/A/HS"",""reporterCode"":360,""reporterISO"":""IDN"",""flowCode"":""X"",""cmdCode"":""090111"",""period"":""2020,2021,2022,2023,2024,2025"",""includeDesc"":true}]}",C,A,20210101,2021,76,BRA,Brazil,434,LBY,Libya,0,W00,World,X,Export,H5,090111,Coffee; not roasted or decaffeinated,C00,TOTAL CPC,0,TOTAL MOT,8,kg,26421000,2854589,0,7165316,true,false,true,"{""typeCode"":""C"",""freqCode"":""A"",""refPeriodId"":20210101,""refYear"":2021,""refMonth"":52,""period"":""2021"",""reporterCode"":76,""reporterISO"":""BRA"",""reporterDesc"":""Brazil"",""flowCode"":""X"",""flowDesc"":""Export"",""partnerCode"":434,""partnerISO"":""LBY"",""partnerDesc"":""Libya"",""partner2Code"":0,""partner2ISO"":""W00"",""partner2Desc"":""World"",""classificationCode"":""H5"",""classificationSearchCode"":""HS"",""isOriginalClassification"":true,""cmdCode"":""090111"",""cmdDesc"":""Coffee; not roasted or decaffeinated"",""aggrLevel"":6,""isLeaf"":true,""customsCode"":""C00"",""customsDesc"":""TOTAL CPC"",""mosCode"":""0"",""motCode"":0,""motDesc"":""TOTAL MOT"",""qtyUnitCode"":8,""qtyUnitAbbr"":""kg"",""qty"":26421000,""isQtyEstimated"":false,""altQtyUnitCode"":21,""altQtyUnitAbbr"":""1000 KG"",""altQty"":26421,""isAltQtyEstimated"":false,""netWgt"":2854589,""isNetWgtEstimated"":false,""grossWgt"":0,""isGrossWgtEstimated"":false,""cifvalue"":null,""fobvalue"":7165316,""primaryValue"":7165316,""legacyEstimationFlag"":0,""isReported"":false,""isAggregate"":true}"
,UN Comtrade,https://comtradeapi.un.org/public/v1/preview/C/A/HS?reporterCode=76&flowCode=X&cmdCode=090111&period=2021&includeDesc=true,2026-05-30T18:34:22.015Z,"{""reporters"":[{""endpoint"":""https://comtradeapi.un.org/public/v1/preview/C/A/HS"",""reporterCode"":704,""reporterISO"":""VNM"",""flowCode"":""X"",""cmdCode"":""090111"",""period"":""2020,2021,2022,2023,2024,2025"",""includeDesc"":true},{""endpoint"":""https://comtradeapi.un.org/public/v1/preview/C/A/HS"",""reporterCode"":76,""reporterISO"":""BRA"",""flowCode"":""X"",""cmdCode"":""090111"",""period"":""2020,2021,2022,2023,2024,2025"",""includeDesc"":true},{""endpoint"":""https://comtradeapi.un.org/public/v1/preview/C/A/HS"",""reporterCode"":360,""reporterISO"":""IDN"",""flowCode"":""X"",""cmdCode"":""090111"",""period"":""2020,2021,2022,2023,2024,2025"",""includeDesc"":true}]}",C,A,20210101,2021,76,BRA,Brazil,440,LTU,Lithuania,0,W00,World,X,Export,H5,090111,Coffee; not roasted or decaffeinated,C00,TOTAL CPC,0,TOTAL MOT,8,kg,1315701,1324780,0,3627052,true,false,true,"{""typeCode"":""C"",""freqCode"":""A"",""refPeriodId"":20210101,""refYear"":2021,""refMonth"":52,""period"":""2021"",""reporterCode"":76,""reporterISO"":""BRA"",""reporterDesc"":""Brazil"",""flowCode"":""X"",""flowDesc"":""Export"",""partnerCode"":440,""partnerISO"":""LTU"",""partnerDesc"":""Lithuania"",""partner2Code"":0,""partner2ISO"":""W00"",""partner2Desc"":""World"",""classificationCode"":""H5"",""classificationSearchCode"":""HS"",""isOriginalClassification"":true,""cmdCode"":""090111"",""cmdDesc"":""Coffee; not roasted or decaffeinated"",""aggrLevel"":6,""isLeaf"":true,""customsCode"":""C00"",""customsDesc"":""TOTAL CPC"",""mosCode"":""0"",""motCode"":0,""motDesc"":""TOTAL MOT"",""qtyUnitCode"":8,""qtyUnitAbbr"":""kg"",""qty"":1315701,""isQtyEstimated"":false,""altQtyUnitCode"":-1,""altQtyUnitAbbr"":""N/A"",""altQty"":0,""isAltQtyEstimated"":false,""netWgt"":1324780,""isNetWgtEstimated"":false,""grossWgt"":0,""isGrossWgtEstimated"":false,""cifvalue"":null,""fobvalue"":3627052,""primaryValue"":3627052,""legacyEstimationFlag"":0,""isReported"":false,""isAggregate"":true}"
,UN Comtrade,https://comtradeapi.un.org/public/v1/preview/C/A/HS?reporterCode=76&flowCode=X&cmdCode=090111&period=2021&includeDesc=true,2026-05-30T18:34:22.015Z,"{""reporters"":[{""endpoint"":""https://comtradeapi.un.org/public/v1/preview/C/A/HS"",""reporterCode"":704,""reporterISO"":""VNM"",""flowCode"":""X"",""cmdCode"":""090111"",""period"":""2020,2021,2022,2023,2024,2025"",""includeDesc"":true},{""endpoint"":""https://comtradeapi.un.org/public/v1/preview/C/A/HS"",""reporterCode"":76,""reporterISO"":""BRA"",""flowCode"":""X"",""cmdCode"":""090111"",""period"":""2020,2021,2022,2023,2024,2025"",""includeDesc"":true},{""endpoint"":""https://comtradeapi.un.org/public/v1/preview/C/A/HS"",""reporterCode"":360,""reporterISO"":""IDN"",""flowCode"":""X"",""cmdCode"":""090111"",""period"":""2020,2021,2022,2023,2024,2025"",""includeDesc"":true}]}",C,A,20210101,2021,76,BRA,Brazil,446,MAC,"China, Macao SAR",0,W00,World,X,Export,H5,090111,Coffee; not roasted or decaffeinated,C00,TOTAL CPC,0,TOTAL MOT,8,kg,19000,19200,0,40704,true,false,true,"{""typeCode"":""C"",""freqCode"":""A"",""refPeriodId"":20210101,""refYear"":2021,""refMonth"":52,""period"":""2021"",""reporterCode"":76,""reporterISO"":""BRA"",""reporterDesc"":""Brazil"",""flowCode"":""X"",""flowDesc"":""Export"",""partnerCode"":446,""partnerISO"":""MAC"",""partnerDesc"":""China, Macao SAR"",""partner2Code"":0,""partner2ISO"":""W00"",""partner2Desc"":""World"",""classificationCode"":""H5"",""classificationSearchCode"":""HS"",""isOriginalClassification"":true,""cmdCode"":""090111"",""cmdDesc"":""Coffee; not roasted or decaffeinated"",""aggrLevel"":6,""isLeaf"":true,""customsCode"":""C00"",""customsDesc"":""TOTAL CPC"",""mosCode"":""0"",""motCode"":0,""motDesc"":""TOTAL MOT"",""qtyUnitCode"":8,""qtyUnitAbbr"":""kg"",""qty"":19000,""isQtyEstimated"":false,""altQtyUnitCode"":21,""altQtyUnitAbbr"":""1000 KG"",""altQty"":19,""isAltQtyEstimated"":false,""netWgt"":19200,""isNetWgtEstimated"":false,""grossWgt"":0,""isGrossWgtEstimated"":false,""cifvalue"":null,""fobvalue"":40704,""primaryValue"":40704,""legacyEstimationFlag"":0,""isReported"":false,""isAggregate"":true}"
,UN Comtrade,https://comtradeapi.un.org/public/v1/preview/C/A/HS?reporterCode=76&flowCode=X&cmdCode=090111&period=2021&includeDesc=true,2026-05-30T18:34:22.015Z,"{""reporters"":[{""endpoint"":""https://comtradeapi.un.org/public/v1/preview/C/A/HS"",""reporterCode"":704,""reporterISO"":""VNM"",""flowCode"":""X"",""cmdCode"":""090111"",""period"":""2020,2021,2022,2023,2024,2025"",""includeDesc"":true},{""endpoint"":""https://comtradeapi.un.org/public/v1/preview/C/A/HS"",""reporterCode"":76,""reporterISO"":""BRA"",""flowCode"":""X"",""cmdCode"":""090111"",""period"":""2020,2021,2022,2023,2024,2025"",""includeDesc"":true},{""endpoint"":""https://comtradeapi.un.org/public/v1/preview/C/A/HS"",""reporterCode"":360,""reporterISO"":""IDN"",""flowCode"":""X"",""cmdCode"":""090111"",""period"":""2020,2021,2022,2023,2024,2025"",""includeDesc"":true}]}",C,A,20210101,2021,76,BRA,Brazil,458,MYS,Malaysia,0,W00,World,X,Export,H5,090111,Coffee; not roasted or decaffeinated,C00,TOTAL CPC,0,TOTAL MOT,8,kg,12148000,10273558,0,27763488,true,false,true,"{""typeCode"":""C"",""freqCode"":""A"",""refPeriodId"":20210101,""refYear"":2021,""refMonth"":52,""period"":""2021"",""reporterCode"":76,""reporterISO"":""BRA"",""reporterDesc"":""Brazil"",""flowCode"":""X"",""flowDesc"":""Export"",""partnerCode"":458,""partnerISO"":""MYS"",""partnerDesc"":""Malaysia"",""partner2Code"":0,""partner2ISO"":""W00"",""partner2Desc"":""World"",""classificationCode"":""H5"",""classificationSearchCode"":""HS"",""isOriginalClassification"":true,""cmdCode"":""090111"",""cmdDesc"":""Coffee; not roasted or decaffeinated"",""aggrLevel"":6,""isLeaf"":true,""customsCode"":""C00"",""customsDesc"":""TOTAL CPC"",""mosCode"":""0"",""motCode"":0,""motDesc"":""TOTAL MOT"",""qtyUnitCode"":8,""qtyUnitAbbr"":""kg"",""qty"":12148000,""isQtyEstimated"":false,""altQtyUnitCode"":21,""altQtyUnitAbbr"":""1000 KG"",""altQty"":12148,""isAltQtyEstimated"":false,""netWgt"":10273558,""isNetWgtEstimated"":false,""grossWgt"":0,""isGrossWgtEstimated"":false,""cifvalue"":null,""fobvalue"":27763488,""primaryValue"":27763488,""legacyEstimationFlag"":0,""isReported"":false,""isAggregate"":true}"
,UN Comtrade,https://comtradeapi.un.org/public/v1/preview/C/A/HS?reporterCode=76&flowCode=X&cmdCode=090111&period=2021&includeDesc=true,2026-05-30T18:34:22.015Z,"{""reporters"":[{""endpoint"":""https://comtradeapi.un.org/public/v1/preview/C/A/HS"",""reporterCode"":704,""reporterISO"":""VNM"",""flowCode"":""X"",""cmdCode"":""090111"",""period"":""2020,2021,2022,2023,2024,2025"",""includeDesc"":true},{""endpoint"":""https://comtradeapi.un.org/public/v1/preview/C/A/HS"",""reporterCode"":76,""reporterISO"":""BRA"",""flowCode"":""X"",""cmdCode"":""090111"",""period"":""2020,2021,2022,2023,2024,2025"",""includeDesc"":true},{""endpoint"":""https://comtradeapi.un.org/public/v1/preview/C/A/HS"",""reporterCode"":360,""reporterISO"":""IDN"",""flowCode"":""X"",""cmdCode"":""090111"",""period"":""2020,2021,2022,2023,2024,2025"",""includeDesc"":true}]}",C,A,20210101,2021,76,BRA,Brazil,470,MLT,Malta,0,W00,World,X,Export,H5,090111,Coffee; not roasted or decaffeinated,C00,TOTAL CPC,0,TOTAL MOT,8,kg,20450,15536,0,3757,true,false,true,"{""typeCode"":""C"",""freqCode"":""A"",""refPeriodId"":20210101,""refYear"":2021,""refMonth"":52,""period"":""2021"",""reporterCode"":76,""reporterISO"":""BRA"",""reporterDesc"":""Brazil"",""flowCode"":""X"",""flowDesc"":""Export"",""partnerCode"":470,""partnerISO"":""MLT"",""partnerDesc"":""Malta"",""partner2Code"":0,""partner2ISO"":""W00"",""partner2Desc"":""World"",""classificationCode"":""H5"",""classificationSearchCode"":""HS"",""isOriginalClassification"":true,""cmdCode"":""090111"",""cmdDesc"":""Coffee; not roasted or decaffeinated"",""aggrLevel"":6,""isLeaf"":true,""customsCode"":""C00"",""customsDesc"":""TOTAL CPC"",""mosCode"":""0"",""motCode"":0,""motDesc"":""TOTAL MOT"",""qtyUnitCode"":8,""qtyUnitAbbr"":""kg"",""qty"":20450,""isQtyEstimated"":false,""altQtyUnitCode"":-1,""altQtyUnitAbbr"":""N/A"",""altQty"":0,""isAltQtyEstimated"":false,""netWgt"":15536,""isNetWgtEstimated"":false,""grossWgt"":0,""isGrossWgtEstimated"":false,""cifvalue"":null,""fobvalue"":3757,""primaryValue"":3757,""legacyEstimationFlag"":0,""isReported"":false,""isAggregate"":true}"
,UN Comtrade,https://comtradeapi.un.org/public/v1/preview/C/A/HS?reporterCode=76&flowCode=X&cmdCode=090111&period=2021&includeDesc=true,2026-05-30T18:34:22.015Z,"{""reporters"":[{""endpoint"":""https://comtradeapi.un.org/public/v1/preview/C/A/HS"",""reporterCode"":704,""reporterISO"":""VNM"",""flowCode"":""X"",""cmdCode"":""090111"",""period"":""2020,2021,2022,2023,2024,2025"",""includeDesc"":true},{""endpoint"":""https://comtradeapi.un.org/public/v1/preview/C/A/HS"",""reporterCode"":76,""reporterISO"":""BRA"",""flowCode"":""X"",""cmdCode"":""090111"",""period"":""2020,2021,2022,2023,2024,2025"",""includeDesc"":true},{""endpoint"":""https://comtradeapi.un.org/public/v1/preview/C/A/HS"",""reporterCode"":360,""reporterISO"":""IDN"",""flowCode"":""X"",""cmdCode"":""090111"",""period"":""2020,2021,2022,2023,2024,2025"",""includeDesc"":true}]}",C,A,20210101,2021,76,BRA,Brazil,484,MEX,Mexico,0,W00,World,X,Export,H5,090111,Coffee; not roasted or decaffeinated,C00,TOTAL CPC,0,TOTAL MOT,8,kg,139843000,55114891,0,91565089,true,false,true,"{""typeCode"":""C"",""freqCode"":""A"",""refPeriodId"":20210101,""refYear"":2021,""refMonth"":52,""period"":""2021"",""reporterCode"":76,""reporterISO"":""BRA"",""reporterDesc"":""Brazil"",""flowCode"":""X"",""flowDesc"":""Export"",""partnerCode"":484,""partnerISO"":""MEX"",""partnerDesc"":""Mexico"",""partner2Code"":0,""partner2ISO"":""W00"",""partner2Desc"":""World"",""classificationCode"":""H5"",""classificationSearchCode"":""HS"",""isOriginalClassification"":true,""cmdCode"":""090111"",""cmdDesc"":""Coffee; not roasted or decaffeinated"",""aggrLevel"":6,""isLeaf"":true,""customsCode"":""C00"",""customsDesc"":""TOTAL CPC"",""mosCode"":""0"",""motCode"":0,""motDesc"":""TOTAL MOT"",""qtyUnitCode"":8,""qtyUnitAbbr"":""kg"",""qty"":139843000,""isQtyEstimated"":false,""altQtyUnitCode"":21,""altQtyUnitAbbr"":""1000 KG"",""altQty"":139843,""isAltQtyEstimated"":false,""netWgt"":55114891,""isNetWgtEstimated"":false,""grossWgt"":0,""isGrossWgtEstimated"":false,""cifvalue"":null,""fobvalue"":91565089,""primaryValue"":91565089,""legacyEstimationFlag"":0,""isReported"":false,""isAggregate"":true}"
,UN Comtrade,https://comtradeapi.un.org/public/v1/preview/C/A/HS?reporterCode=76&flowCode=X&cmdCode=090111&period=2021&includeDesc=true,2026-05-30T18:34:22.015Z,"{""reporters"":[{""endpoint"":""https://comtradeapi.un.org/public/v1/preview/C/A/HS"",""reporterCode"":704,""reporterISO"":""VNM"",""flowCode"":""X"",""cmdCode"":""090111"",""period"":""2020,2021,2022,2023,2024,2025"",""includeDesc"":true},{""endpoint"":""https://comtradeapi.un.org/public/v1/preview/C/A/HS"",""reporterCode"":76,""reporterISO"":""BRA"",""flowCode"":""X"",""cmdCode"":""090111"",""period"":""2020,2021,2022,2023,2024,2025"",""includeDesc"":true},{""endpoint"":""https://comtradeapi.un.org/public/v1/preview/C/A/HS"",""reporterCode"":360,""reporterISO"":""IDN"",""flowCode"":""X"",""cmdCode"":""090111"",""period"":""2020,2021,2022,2023,2024,2025"",""includeDesc"":true}]}",C,A,20210101,2021,76,BRA,Brazil,490,S19,"Other Asia, nes",0,W00,World,X,Export,H5,090111,Coffee; not roasted or decaffeinated,C00,TOTAL CPC,0,TOTAL MOT,8,kg,7863151,7842167,0,21512516,true,false,true,"{""typeCode"":""C"",""freqCode"":""A"",""refPeriodId"":20210101,""refYear"":2021,""refMonth"":52,""period"":""2021"",""reporterCode"":76,""reporterISO"":""BRA"",""reporterDesc"":""Brazil"",""flowCode"":""X"",""flowDesc"":""Export"",""partnerCode"":490,""partnerISO"":""S19"",""partnerDesc"":""Other Asia, nes"",""partner2Code"":0,""partner2ISO"":""W00"",""partner2Desc"":""World"",""classificationCode"":""H5"",""classificationSearchCode"":""HS"",""isOriginalClassification"":true,""cmdCode"":""090111"",""cmdDesc"":""Coffee; not roasted or decaffeinated"",""aggrLevel"":6,""isLeaf"":true,""customsCode"":""C00"",""customsDesc"":""TOTAL CPC"",""mosCode"":""0"",""motCode"":0,""motDesc"":""TOTAL MOT"",""qtyUnitCode"":8,""qtyUnitAbbr"":""kg"",""qty"":7863151,""isQtyEstimated"":false,""altQtyUnitCode"":-1,""altQtyUnitAbbr"":""N/A"",""altQty"":0,""isAltQtyEstimated"":false,""netWgt"":7842167,""isNetWgtEstimated"":false,""grossWgt"":0,""isGrossWgtEstimated"":false,""cifvalue"":null,""fobvalue"":21512516,""primaryValue"":21512516,""legacyEstimationFlag"":0,""isReported"":false,""isAggregate"":true}"
,UN Comtrade,https://comtradeapi.un.org/public/v1/preview/C/A/HS?reporterCode=76&flowCode=X&cmdCode=090111&period=2021&includeDesc=true,2026-05-30T18:34:22.015Z,"{""reporters"":[{""endpoint"":""https://comtradeapi.un.org/public/v1/preview/C/A/HS"",""reporterCode"":704,""reporterISO"":""VNM"",""flowCode"":""X"",""cmdCode"":""090111"",""period"":""2020,2021,2022,2023,2024,2025"",""includeDesc"":true},{""endpoint"":""https://comtradeapi.un.org/public/v1/preview/C/A/HS"",""reporterCode"":76,""reporterISO"":""BRA"",""flowCode"":""X"",""cmdCode"":""090111"",""period"":""2020,2021,2022,2023,2024,2025"",""includeDesc"":true},{""endpoint"":""https://comtradeapi.un.org/public/v1/preview/C/A/HS"",""reporterCode"":360,""reporterISO"":""IDN"",""flowCode"":""X"",""cmdCode"":""090111"",""period"":""2020,2021,2022,2023,2024,2025"",""includeDesc"":true}]}",C,A,20210101,2021,76,BRA,Brazil,499,MNE,Montenegro,0,W00,World,X,Export,H5,090111,Coffee; not roasted or decaffeinated,C00,TOTAL CPC,0,TOTAL MOT,8,kg,3746000,3775883,0,7815516,true,false,true,"{""typeCode"":""C"",""freqCode"":""A"",""refPeriodId"":20210101,""refYear"":2021,""refMonth"":52,""period"":""2021"",""reporterCode"":76,""reporterISO"":""BRA"",""reporterDesc"":""Brazil"",""flowCode"":""X"",""flowDesc"":""Export"",""partnerCode"":499,""partnerISO"":""MNE"",""partnerDesc"":""Montenegro"",""partner2Code"":0,""partner2ISO"":""W00"",""partner2Desc"":""World"",""classificationCode"":""H5"",""classificationSearchCode"":""HS"",""isOriginalClassification"":true,""cmdCode"":""090111"",""cmdDesc"":""Coffee; not roasted or decaffeinated"",""aggrLevel"":6,""isLeaf"":true,""customsCode"":""C00"",""customsDesc"":""TOTAL CPC"",""mosCode"":""0"",""motCode"":0,""motDesc"":""TOTAL MOT"",""qtyUnitCode"":8,""qtyUnitAbbr"":""kg"",""qty"":3746000,""isQtyEstimated"":false,""altQtyUnitCode"":21,""altQtyUnitAbbr"":""1000 KG"",""altQty"":3746,""isAltQtyEstimated"":false,""netWgt"":3775883,""isNetWgtEstimated"":false,""grossWgt"":0,""isGrossWgtEstimated"":false,""cifvalue"":null,""fobvalue"":7815516,""primaryValue"":7815516,""legacyEstimationFlag"":0,""isReported"":false,""isAggregate"":true}"
,UN Comtrade,https://comtradeapi.un.org/public/v1/preview/C/A/HS?reporterCode=76&flowCode=X&cmdCode=090111&period=2021&includeDesc=true,2026-05-30T18:34:22.015Z,"{""reporters"":[{""endpoint"":""https://comtradeapi.un.org/public/v1/preview/C/A/HS"",""reporterCode"":704,""reporterISO"":""VNM"",""flowCode"":""X"",""cmdCode"":""090111"",""period"":""2020,2021,2022,2023,2024,2025"",""includeDesc"":true},{""endpoint"":""https://comtradeapi.un.org/public/v1/preview/C/A/HS"",""reporterCode"":76,""reporterISO"":""BRA"",""flowCode"":""X"",""cmdCode"":""090111"",""period"":""2020,2021,2022,2023,2024,2025"",""includeDesc"":true},{""endpoint"":""https://comtradeapi.un.org/public/v1/preview/C/A/HS"",""reporterCode"":360,""reporterISO"":""IDN"",""flowCode"":""X"",""cmdCode"":""090111"",""period"":""2020,2021,2022,2023,2024,2025"",""includeDesc"":true}]}",C,A,20210101,2021,76,BRA,Brazil,504,MAR,Morocco,0,W00,World,X,Export,H5,090111,Coffee; not roasted or decaffeinated,C00,TOTAL CPC,0,TOTAL MOT,8,kg,2278220,2283350,0,4154168,true,false,true,"{""typeCode"":""C"",""freqCode"":""A"",""refPeriodId"":20210101,""refYear"":2021,""refMonth"":52,""period"":""2021"",""reporterCode"":76,""reporterISO"":""BRA"",""reporterDesc"":""Brazil"",""flowCode"":""X"",""flowDesc"":""Export"",""partnerCode"":504,""partnerISO"":""MAR"",""partnerDesc"":""Morocco"",""partner2Code"":0,""partner2ISO"":""W00"",""partner2Desc"":""World"",""classificationCode"":""H5"",""classificationSearchCode"":""HS"",""isOriginalClassification"":true,""cmdCode"":""090111"",""cmdDesc"":""Coffee; not roasted or decaffeinated"",""aggrLevel"":6,""isLeaf"":true,""customsCode"":""C00"",""customsDesc"":""TOTAL CPC"",""mosCode"":""0"",""motCode"":0,""motDesc"":""TOTAL MOT"",""qtyUnitCode"":8,""qtyUnitAbbr"":""kg"",""qty"":2278220,""isQtyEstimated"":false,""altQtyUnitCode"":-1,""altQtyUnitAbbr"":""N/A"",""altQty"":0,""isAltQtyEstimated"":false,""netWgt"":2283350,""isNetWgtEstimated"":false,""grossWgt"":0,""isGrossWgtEstimated"":false,""cifvalue"":null,""fobvalue"":4154168,""primaryValue"":4154168,""legacyEstimationFlag"":0,""isReported"":false,""isAggregate"":true}"
,UN Comtrade,https://comtradeapi.un.org/public/v1/preview/C/A/HS?reporterCode=76&flowCode=X&cmdCode=090111&period=2021&includeDesc=true,2026-05-30T18:34:22.015Z,"{""reporters"":[{""endpoint"":""https://comtradeapi.un.org/public/v1/preview/C/A/HS"",""reporterCode"":704,""reporterISO"":""VNM"",""flowCode"":""X"",""cmdCode"":""090111"",""period"":""2020,2021,2022,2023,2024,2025"",""includeDesc"":true},{""endpoint"":""https://comtradeapi.un.org/public/v1/preview/C/A/HS"",""reporterCode"":76,""reporterISO"":""BRA"",""flowCode"":""X"",""cmdCode"":""090111"",""period"":""2020,2021,2022,2023,2024,2025"",""includeDesc"":true},{""endpoint"":""https://comtradeapi.un.org/public/v1/preview/C/A/HS"",""reporterCode"":360,""reporterISO"":""IDN"",""flowCode"":""X"",""cmdCode"":""090111"",""period"":""2020,2021,2022,2023,2024,2025"",""includeDesc"":true}]}",C,A,20210101,2021,76,BRA,Brazil,512,OMN,Oman,0,W00,World,X,Export,H5,090111,Coffee; not roasted or decaffeinated,C00,TOTAL CPC,0,TOTAL MOT,8,kg,376000,380400,0,766673,true,false,true,"{""typeCode"":""C"",""freqCode"":""A"",""refPeriodId"":20210101,""refYear"":2021,""refMonth"":52,""period"":""2021"",""reporterCode"":76,""reporterISO"":""BRA"",""reporterDesc"":""Brazil"",""flowCode"":""X"",""flowDesc"":""Export"",""partnerCode"":512,""partnerISO"":""OMN"",""partnerDesc"":""Oman"",""partner2Code"":0,""partner2ISO"":""W00"",""partner2Desc"":""World"",""classificationCode"":""H5"",""classificationSearchCode"":""HS"",""isOriginalClassification"":true,""cmdCode"":""090111"",""cmdDesc"":""Coffee; not roasted or decaffeinated"",""aggrLevel"":6,""isLeaf"":true,""customsCode"":""C00"",""customsDesc"":""TOTAL CPC"",""mosCode"":""0"",""motCode"":0,""motDesc"":""TOTAL MOT"",""qtyUnitCode"":8,""qtyUnitAbbr"":""kg"",""qty"":376000,""isQtyEstimated"":false,""altQtyUnitCode"":21,""altQtyUnitAbbr"":""1000 KG"",""altQty"":376,""isAltQtyEstimated"":false,""netWgt"":380400,""isNetWgtEstimated"":false,""grossWgt"":0,""isGrossWgtEstimated"":false,""cifvalue"":null,""fobvalue"":766673,""primaryValue"":766673,""legacyEstimationFlag"":0,""isReported"":false,""isAggregate"":true}"
,UN Comtrade,https://comtradeapi.un.org/public/v1/preview/C/A/HS?reporterCode=76&flowCode=X&cmdCode=090111&period=2021&includeDesc=true,2026-05-30T18:34:22.015Z,"{""reporters"":[{""endpoint"":""https://comtradeapi.un.org/public/v1/preview/C/A/HS"",""reporterCode"":704,""reporterISO"":""VNM"",""flowCode"":""X"",""cmdCode"":""090111"",""period"":""2020,2021,2022,2023,2024,2025"",""includeDesc"":true},{""endpoint"":""https://comtradeapi.un.org/public/v1/preview/C/A/HS"",""reporterCode"":76,""reporterISO"":""BRA"",""flowCode"":""X"",""cmdCode"":""090111"",""period"":""2020,2021,2022,2023,2024,2025"",""includeDesc"":true},{""endpoint"":""https://comtradeapi.un.org/public/v1/preview/C/A/HS"",""reporterCode"":360,""reporterISO"":""IDN"",""flowCode"":""X"",""cmdCode"":""090111"",""period"":""2020,2021,2022,2023,2024,2025"",""includeDesc"":true}]}",C,A,20210101,2021,76,BRA,Brazil,528,NLD,Netherlands,0,W00,World,X,Export,H5,090111,Coffee; not roasted or decaffeinated,C00,TOTAL CPC,0,TOTAL MOT,8,kg,28331856,26137127,0,71389730,true,false,true,"{""typeCode"":""C"",""freqCode"":""A"",""refPeriodId"":20210101,""refYear"":2021,""refMonth"":52,""period"":""2021"",""reporterCode"":76,""reporterISO"":""BRA"",""reporterDesc"":""Brazil"",""flowCode"":""X"",""flowDesc"":""Export"",""partnerCode"":528,""partnerISO"":""NLD"",""partnerDesc"":""Netherlands"",""partner2Code"":0,""partner2ISO"":""W00"",""partner2Desc"":""World"",""classificationCode"":""H5"",""classificationSearchCode"":""HS"",""isOriginalClassification"":true,""cmdCode"":""090111"",""cmdDesc"":""Coffee; not roasted or decaffeinated"",""aggrLevel"":6,""isLeaf"":true,""customsCode"":""C00"",""customsDesc"":""TOTAL CPC"",""mosCode"":""0"",""motCode"":0,""motDesc"":""TOTAL MOT"",""qtyUnitCode"":8,""qtyUnitAbbr"":""kg"",""qty"":28331856,""isQtyEstimated"":false,""altQtyUnitCode"":-1,""altQtyUnitAbbr"":""N/A"",""altQty"":0,""isAltQtyEstimated"":false,""netWgt"":26137127,""isNetWgtEstimated"":false,""grossWgt"":0,""isGrossWgtEstimated"":false,""cifvalue"":null,""fobvalue"":71389730,""primaryValue"":71389730,""legacyEstimationFlag"":0,""isReported"":false,""isAggregate"":true}"
,UN Comtrade,https://comtradeapi.un.org/public/v1/preview/C/A/HS?reporterCode=76&flowCode=X&cmdCode=090111&period=2021&includeDesc=true,2026-05-30T18:34:22.015Z,"{""reporters"":[{""endpoint"":""https://comtradeapi.un.org/public/v1/preview/C/A/HS"",""reporterCode"":704,""reporterISO"":""VNM"",""flowCode"":""X"",""cmdCode"":""090111"",""period"":""2020,2021,2022,2023,2024,2025"",""includeDesc"":true},{""endpoint"":""https://comtradeapi.un.org/public/v1/preview/C/A/HS"",""reporterCode"":76,""reporterISO"":""BRA"",""flowCode"":""X"",""cmdCode"":""090111"",""period"":""2020,2021,2022,2023,2024,2025"",""includeDesc"":true},{""endpoint"":""https://comtradeapi.un.org/public/v1/preview/C/A/HS"",""reporterCode"":360,""reporterISO"":""IDN"",""flowCode"":""X"",""cmdCode"":""090111"",""period"":""2020,2021,2022,2023,2024,2025"",""includeDesc"":true}]}",C,A,20210101,2021,76,BRA,Brazil,554,NZL,New Zealand,0,W00,World,X,Export,H5,090111,Coffee; not roasted or decaffeinated,C00,TOTAL CPC,0,TOTAL MOT,8,kg,22202000,3042015,0,10293380,true,false,true,"{""typeCode"":""C"",""freqCode"":""A"",""refPeriodId"":20210101,""refYear"":2021,""refMonth"":52,""period"":""2021"",""reporterCode"":76,""reporterISO"":""BRA"",""reporterDesc"":""Brazil"",""flowCode"":""X"",""flowDesc"":""Export"",""partnerCode"":554,""partnerISO"":""NZL"",""partnerDesc"":""New Zealand"",""partner2Code"":0,""partner2ISO"":""W00"",""partner2Desc"":""World"",""classificationCode"":""H5"",""classificationSearchCode"":""HS"",""isOriginalClassification"":true,""cmdCode"":""090111"",""cmdDesc"":""Coffee; not roasted or decaffeinated"",""aggrLevel"":6,""isLeaf"":true,""customsCode"":""C00"",""customsDesc"":""TOTAL CPC"",""mosCode"":""0"",""motCode"":0,""motDesc"":""TOTAL MOT"",""qtyUnitCode"":8,""qtyUnitAbbr"":""kg"",""qty"":22202000,""isQtyEstimated"":false,""altQtyUnitCode"":21,""altQtyUnitAbbr"":""1000 KG"",""altQty"":22202,""isAltQtyEstimated"":false,""netWgt"":3042015,""isNetWgtEstimated"":false,""grossWgt"":0,""isGrossWgtEstimated"":false,""cifvalue"":null,""fobvalue"":10293380,""primaryValue"":10293380,""legacyEstimationFlag"":0,""isReported"":false,""isAggregate"":true}"
,UN Comtrade,https://comtradeapi.un.org/public/v1/preview/C/A/HS?reporterCode=76&flowCode=X&cmdCode=090111&period=2021&includeDesc=true,2026-05-30T18:34:22.015Z,"{""reporters"":[{""endpoint"":""https://comtradeapi.un.org/public/v1/preview/C/A/HS"",""reporterCode"":704,""reporterISO"":""VNM"",""flowCode"":""X"",""cmdCode"":""090111"",""period"":""2020,2021,2022,2023,2024,2025"",""includeDesc"":true},{""endpoint"":""https://comtradeapi.un.org/public/v1/preview/C/A/HS"",""reporterCode"":76,""reporterISO"":""BRA"",""flowCode"":""X"",""cmdCode"":""090111"",""period"":""2020,2021,2022,2023,2024,2025"",""includeDesc"":true},{""endpoint"":""https://comtradeapi.un.org/public/v1/preview/C/A/HS"",""reporterCode"":360,""reporterISO"":""IDN"",""flowCode"":""X"",""cmdCode"":""090111"",""period"":""2020,2021,2022,2023,2024,2025"",""includeDesc"":true}]}",C,A,20210101,2021,76,BRA,Brazil,579,NOR,Norway,0,W00,World,X,Export,H5,090111,Coffee; not roasted or decaffeinated,C00,TOTAL CPC,0,TOTAL MOT,8,kg,95532073,11519276,0,30204857,true,false,true,"{""typeCode"":""C"",""freqCode"":""A"",""refPeriodId"":20210101,""refYear"":2021,""refMonth"":52,""period"":""2021"",""reporterCode"":76,""reporterISO"":""BRA"",""reporterDesc"":""Brazil"",""flowCode"":""X"",""flowDesc"":""Export"",""partnerCode"":579,""partnerISO"":""NOR"",""partnerDesc"":""Norway"",""partner2Code"":0,""partner2ISO"":""W00"",""partner2Desc"":""World"",""classificationCode"":""H5"",""classificationSearchCode"":""HS"",""isOriginalClassification"":true,""cmdCode"":""090111"",""cmdDesc"":""Coffee; not roasted or decaffeinated"",""aggrLevel"":6,""isLeaf"":true,""customsCode"":""C00"",""customsDesc"":""TOTAL CPC"",""mosCode"":""0"",""motCode"":0,""motDesc"":""TOTAL MOT"",""qtyUnitCode"":8,""qtyUnitAbbr"":""kg"",""qty"":95532073,""isQtyEstimated"":false,""altQtyUnitCode"":-1,""altQtyUnitAbbr"":""N/A"",""altQty"":0,""isAltQtyEstimated"":false,""netWgt"":11519276,""isNetWgtEstimated"":false,""grossWgt"":0,""isGrossWgtEstimated"":false,""cifvalue"":null,""fobvalue"":30204857,""primaryValue"":30204857,""legacyEstimationFlag"":0,""isReported"":false,""isAggregate"":true}"
,UN Comtrade,https://comtradeapi.un.org/public/v1/preview/C/A/HS?reporterCode=76&flowCode=X&cmdCode=090111&period=2021&includeDesc=true,2026-05-30T18:34:22.015Z,"{""reporters"":[{""endpoint"":""https://comtradeapi.un.org/public/v1/preview/C/A/HS"",""reporterCode"":704,""reporterISO"":""VNM"",""flowCode"":""X"",""cmdCode"":""090111"",""period"":""2020,2021,2022,2023,2024,2025"",""includeDesc"":true},{""endpoint"":""https://comtradeapi.un.org/public/v1/preview/C/A/HS"",""reporterCode"":76,""reporterISO"":""BRA"",""flowCode"":""X"",""cmdCode"":""090111"",""period"":""2020,2021,2022,2023,2024,2025"",""includeDesc"":true},{""endpoint"":""https://comtradeapi.un.org/public/v1/preview/C/A/HS"",""reporterCode"":360,""reporterISO"":""IDN"",""flowCode"":""X"",""cmdCode"":""090111"",""period"":""2020,2021,2022,2023,2024,2025"",""includeDesc"":true}]}",C,A,20210101,2021,76,BRA,Brazil,584,MHL,Marshall Isds,0,W00,World,X,Export,H5,090111,Coffee; not roasted or decaffeinated,C00,TOTAL CPC,0,TOTAL MOT,8,kg,37323,7419,0,2665,true,false,true,"{""typeCode"":""C"",""freqCode"":""A"",""refPeriodId"":20210101,""refYear"":2021,""refMonth"":52,""period"":""2021"",""reporterCode"":76,""reporterISO"":""BRA"",""reporterDesc"":""Brazil"",""flowCode"":""X"",""flowDesc"":""Export"",""partnerCode"":584,""partnerISO"":""MHL"",""partnerDesc"":""Marshall Isds"",""partner2Code"":0,""partner2ISO"":""W00"",""partner2Desc"":""World"",""classificationCode"":""H5"",""classificationSearchCode"":""HS"",""isOriginalClassification"":true,""cmdCode"":""090111"",""cmdDesc"":""Coffee; not roasted or decaffeinated"",""aggrLevel"":6,""isLeaf"":true,""customsCode"":""C00"",""customsDesc"":""TOTAL CPC"",""mosCode"":""0"",""motCode"":0,""motDesc"":""TOTAL MOT"",""qtyUnitCode"":8,""qtyUnitAbbr"":""kg"",""qty"":37323,""isQtyEstimated"":false,""altQtyUnitCode"":-1,""altQtyUnitAbbr"":""N/A"",""altQty"":0,""isAltQtyEstimated"":false,""netWgt"":7419,""isNetWgtEstimated"":false,""grossWgt"":0,""isGrossWgtEstimated"":false,""cifvalue"":null,""fobvalue"":2665,""primaryValue"":2665,""legacyEstimationFlag"":0,""isReported"":false,""isAggregate"":true}"
,UN Comtrade,https://comtradeapi.un.org/public/v1/preview/C/A/HS?reporterCode=76&flowCode=X&cmdCode=090111&period=2021&includeDesc=true,2026-05-30T18:34:22.015Z,"{""reporters"":[{""endpoint"":""https://comtradeapi.un.org/public/v1/preview/C/A/HS"",""reporterCode"":704,""reporterISO"":""VNM"",""flowCode"":""X"",""cmdCode"":""090111"",""period"":""2020,2021,2022,2023,2024,2025"",""includeDesc"":true},{""endpoint"":""https://comtradeapi.un.org/public/v1/preview/C/A/HS"",""reporterCode"":76,""reporterISO"":""BRA"",""flowCode"":""X"",""cmdCode"":""090111"",""period"":""2020,2021,2022,2023,2024,2025"",""includeDesc"":true},{""endpoint"":""https://comtradeapi.un.org/public/v1/preview/C/A/HS"",""reporterCode"":360,""reporterISO"":""IDN"",""flowCode"":""X"",""cmdCode"":""090111"",""period"":""2020,2021,2022,2023,2024,2025"",""includeDesc"":true}]}",C,A,20210101,2021,76,BRA,Brazil,591,PAN,Panama,0,W00,World,X,Export,H5,090111,Coffee; not roasted or decaffeinated,C00,TOTAL CPC,0,TOTAL MOT,8,kg,94351.798,96683.798,0,319816,true,false,true,"{""typeCode"":""C"",""freqCode"":""A"",""refPeriodId"":20210101,""refYear"":2021,""refMonth"":52,""period"":""2021"",""reporterCode"":76,""reporterISO"":""BRA"",""reporterDesc"":""Brazil"",""flowCode"":""X"",""flowDesc"":""Export"",""partnerCode"":591,""partnerISO"":""PAN"",""partnerDesc"":""Panama"",""partner2Code"":0,""partner2ISO"":""W00"",""partner2Desc"":""World"",""classificationCode"":""H5"",""classificationSearchCode"":""HS"",""isOriginalClassification"":true,""cmdCode"":""090111"",""cmdDesc"":""Coffee; not roasted or decaffeinated"",""aggrLevel"":6,""isLeaf"":true,""customsCode"":""C00"",""customsDesc"":""TOTAL CPC"",""mosCode"":""0"",""motCode"":0,""motDesc"":""TOTAL MOT"",""qtyUnitCode"":8,""qtyUnitAbbr"":""kg"",""qty"":94351.798,""isQtyEstimated"":true,""altQtyUnitCode"":-1,""altQtyUnitAbbr"":""N/A"",""altQty"":0,""isAltQtyEstimated"":false,""netWgt"":96683.798,""isNetWgtEstimated"":true,""grossWgt"":0,""isGrossWgtEstimated"":false,""cifvalue"":null,""fobvalue"":319816,""primaryValue"":319816,""legacyEstimationFlag"":6,""isReported"":false,""isAggregate"":true}"
,UN Comtrade,https://comtradeapi.un.org/public/v1/preview/C/A/HS?reporterCode=76&flowCode=X&cmdCode=090111&period=2021&includeDesc=true,2026-05-30T18:34:22.015Z,"{""reporters"":[{""endpoint"":""https://comtradeapi.un.org/public/v1/preview/C/A/HS"",""reporterCode"":704,""reporterISO"":""VNM"",""flowCode"":""X"",""cmdCode"":""090111"",""period"":""2020,2021,2022,2023,2024,2025"",""includeDesc"":true},{""endpoint"":""https://comtradeapi.un.org/public/v1/preview/C/A/HS"",""reporterCode"":76,""reporterISO"":""BRA"",""flowCode"":""X"",""cmdCode"":""090111"",""period"":""2020,2021,2022,2023,2024,2025"",""includeDesc"":true},{""endpoint"":""https://comtradeapi.un.org/public/v1/preview/C/A/HS"",""reporterCode"":360,""reporterISO"":""IDN"",""flowCode"":""X"",""cmdCode"":""090111"",""period"":""2020,2021,2022,2023,2024,2025"",""includeDesc"":true}]}",C,A,20210101,2021,76,BRA,Brazil,600,PRY,Paraguay,0,W00,World,X,Export,H5,090111,Coffee; not roasted or decaffeinated,C00,TOTAL CPC,0,TOTAL MOT,8,kg,633000,630421,0,1358039,true,false,true,"{""typeCode"":""C"",""freqCode"":""A"",""refPeriodId"":20210101,""refYear"":2021,""refMonth"":52,""period"":""2021"",""reporterCode"":76,""reporterISO"":""BRA"",""reporterDesc"":""Brazil"",""flowCode"":""X"",""flowDesc"":""Export"",""partnerCode"":600,""partnerISO"":""PRY"",""partnerDesc"":""Paraguay"",""partner2Code"":0,""partner2ISO"":""W00"",""partner2Desc"":""World"",""classificationCode"":""H5"",""classificationSearchCode"":""HS"",""isOriginalClassification"":true,""cmdCode"":""090111"",""cmdDesc"":""Coffee; not roasted or decaffeinated"",""aggrLevel"":6,""isLeaf"":true,""customsCode"":""C00"",""customsDesc"":""TOTAL CPC"",""mosCode"":""0"",""motCode"":0,""motDesc"":""TOTAL MOT"",""qtyUnitCode"":8,""qtyUnitAbbr"":""kg"",""qty"":633000,""isQtyEstimated"":false,""altQtyUnitCode"":21,""altQtyUnitAbbr"":""1000 KG"",""altQty"":633,""isAltQtyEstimated"":false,""netWgt"":630421,""isNetWgtEstimated"":false,""grossWgt"":0,""isGrossWgtEstimated"":false,""cifvalue"":null,""fobvalue"":1358039,""primaryValue"":1358039,""legacyEstimationFlag"":0,""isReported"":false,""isAggregate"":true}"
,UN Comtrade,https://comtradeapi.un.org/public/v1/preview/C/A/HS?reporterCode=76&flowCode=X&cmdCode=090111&period=2021&includeDesc=true,2026-05-30T18:34:22.015Z,"{""reporters"":[{""endpoint"":""https://comtradeapi.un.org/public/v1/preview/C/A/HS"",""reporterCode"":704,""reporterISO"":""VNM"",""flowCode"":""X"",""cmdCode"":""090111"",""period"":""2020,2021,2022,2023,2024,2025"",""includeDesc"":true},{""endpoint"":""https://comtradeapi.un.org/public/v1/preview/C/A/HS"",""reporterCode"":76,""reporterISO"":""BRA"",""flowCode"":""X"",""cmdCode"":""090111"",""period"":""2020,2021,2022,2023,2024,2025"",""includeDesc"":true},{""endpoint"":""https://comtradeapi.un.org/public/v1/preview/C/A/HS"",""reporterCode"":360,""reporterISO"":""IDN"",""flowCode"":""X"",""cmdCode"":""090111"",""period"":""2020,2021,2022,2023,2024,2025"",""includeDesc"":true}]}",C,A,20210101,2021,76,BRA,Brazil,608,PHL,Philippines,0,W00,World,X,Export,H5,090111,Coffee; not roasted or decaffeinated,C00,TOTAL CPC,0,TOTAL MOT,8,kg,534020,537630,0,1785514,true,false,true,"{""typeCode"":""C"",""freqCode"":""A"",""refPeriodId"":20210101,""refYear"":2021,""refMonth"":52,""period"":""2021"",""reporterCode"":76,""reporterISO"":""BRA"",""reporterDesc"":""Brazil"",""flowCode"":""X"",""flowDesc"":""Export"",""partnerCode"":608,""partnerISO"":""PHL"",""partnerDesc"":""Philippines"",""partner2Code"":0,""partner2ISO"":""W00"",""partner2Desc"":""World"",""classificationCode"":""H5"",""classificationSearchCode"":""HS"",""isOriginalClassification"":true,""cmdCode"":""090111"",""cmdDesc"":""Coffee; not roasted or decaffeinated"",""aggrLevel"":6,""isLeaf"":true,""customsCode"":""C00"",""customsDesc"":""TOTAL CPC"",""mosCode"":""0"",""motCode"":0,""motDesc"":""TOTAL MOT"",""qtyUnitCode"":8,""qtyUnitAbbr"":""kg"",""qty"":534020,""isQtyEstimated"":false,""altQtyUnitCode"":-1,""altQtyUnitAbbr"":""N/A"",""altQty"":0,""isAltQtyEstimated"":false,""netWgt"":537630,""isNetWgtEstimated"":false,""grossWgt"":0,""isGrossWgtEstimated"":false,""cifvalue"":null,""fobvalue"":1785514,""primaryValue"":1785514,""legacyEstimationFlag"":0,""isReported"":false,""isAggregate"":true}"
,UN Comtrade,https://comtradeapi.un.org/public/v1/preview/C/A/HS?reporterCode=76&flowCode=X&cmdCode=090111&period=2021&includeDesc=true,2026-05-30T18:34:22.015Z,"{""reporters"":[{""endpoint"":""https://comtradeapi.un.org/public/v1/preview/C/A/HS"",""reporterCode"":704,""reporterISO"":""VNM"",""flowCode"":""X"",""cmdCode"":""090111"",""period"":""2020,2021,2022,2023,2024,2025"",""includeDesc"":true},{""endpoint"":""https://comtradeapi.un.org/public/v1/preview/C/A/HS"",""reporterCode"":76,""reporterISO"":""BRA"",""flowCode"":""X"",""cmdCode"":""090111"",""period"":""2020,2021,2022,2023,2024,2025"",""includeDesc"":true},{""endpoint"":""https://comtradeapi.un.org/public/v1/preview/C/A/HS"",""reporterCode"":360,""reporterISO"":""IDN"",""flowCode"":""X"",""cmdCode"":""090111"",""period"":""2020,2021,2022,2023,2024,2025"",""includeDesc"":true}]}",C,A,20210101,2021,76,BRA,Brazil,616,POL,Poland,0,W00,World,X,Export,H5,090111,Coffee; not roasted or decaffeinated,C00,TOTAL CPC,0,TOTAL MOT,8,kg,377628795,18266261,0,44477307,true,false,true,"{""typeCode"":""C"",""freqCode"":""A"",""refPeriodId"":20210101,""refYear"":2021,""refMonth"":52,""period"":""2021"",""reporterCode"":76,""reporterISO"":""BRA"",""reporterDesc"":""Brazil"",""flowCode"":""X"",""flowDesc"":""Export"",""partnerCode"":616,""partnerISO"":""POL"",""partnerDesc"":""Poland"",""partner2Code"":0,""partner2ISO"":""W00"",""partner2Desc"":""World"",""classificationCode"":""H5"",""classificationSearchCode"":""HS"",""isOriginalClassification"":true,""cmdCode"":""090111"",""cmdDesc"":""Coffee; not roasted or decaffeinated"",""aggrLevel"":6,""isLeaf"":true,""customsCode"":""C00"",""customsDesc"":""TOTAL CPC"",""mosCode"":""0"",""motCode"":0,""motDesc"":""TOTAL MOT"",""qtyUnitCode"":8,""qtyUnitAbbr"":""kg"",""qty"":377628795,""isQtyEstimated"":false,""altQtyUnitCode"":-1,""altQtyUnitAbbr"":""N/A"",""altQty"":0,""isAltQtyEstimated"":false,""netWgt"":18266261,""isNetWgtEstimated"":false,""grossWgt"":0,""isGrossWgtEstimated"":false,""cifvalue"":null,""fobvalue"":44477307,""primaryValue"":44477307,""legacyEstimationFlag"":0,""isReported"":false,""isAggregate"":true}"
,UN Comtrade,https://comtradeapi.un.org/public/v1/preview/C/A/HS?reporterCode=76&flowCode=X&cmdCode=090111&period=2021&includeDesc=true,2026-05-30T18:34:22.015Z,"{""reporters"":[{""endpoint"":""https://comtradeapi.un.org/public/v1/preview/C/A/HS"",""reporterCode"":704,""reporterISO"":""VNM"",""flowCode"":""X"",""cmdCode"":""090111"",""period"":""2020,2021,2022,2023,2024,2025"",""includeDesc"":true},{""endpoint"":""https://comtradeapi.un.org/public/v1/preview/C/A/HS"",""reporterCode"":76,""reporterISO"":""BRA"",""flowCode"":""X"",""cmdCode"":""090111"",""period"":""2020,2021,2022,2023,2024,2025"",""includeDesc"":true},{""endpoint"":""https://comtradeapi.un.org/public/v1/preview/C/A/HS"",""reporterCode"":360,""reporterISO"":""IDN"",""flowCode"":""X"",""cmdCode"":""090111"",""period"":""2020,2021,2022,2023,2024,2025"",""includeDesc"":true}]}",C,A,20210101,2021,76,BRA,Brazil,620,PRT,Portugal,0,W00,World,X,Export,H5,090111,Coffee; not roasted or decaffeinated,C00,TOTAL CPC,0,TOTAL MOT,8,kg,5048555,5024068,0,13600155,true,false,true,"{""typeCode"":""C"",""freqCode"":""A"",""refPeriodId"":20210101,""refYear"":2021,""refMonth"":52,""period"":""2021"",""reporterCode"":76,""reporterISO"":""BRA"",""reporterDesc"":""Brazil"",""flowCode"":""X"",""flowDesc"":""Export"",""partnerCode"":620,""partnerISO"":""PRT"",""partnerDesc"":""Portugal"",""partner2Code"":0,""partner2ISO"":""W00"",""partner2Desc"":""World"",""classificationCode"":""H5"",""classificationSearchCode"":""HS"",""isOriginalClassification"":true,""cmdCode"":""090111"",""cmdDesc"":""Coffee; not roasted or decaffeinated"",""aggrLevel"":6,""isLeaf"":true,""customsCode"":""C00"",""customsDesc"":""TOTAL CPC"",""mosCode"":""0"",""motCode"":0,""motDesc"":""TOTAL MOT"",""qtyUnitCode"":8,""qtyUnitAbbr"":""kg"",""qty"":5048555,""isQtyEstimated"":false,""altQtyUnitCode"":-1,""altQtyUnitAbbr"":""N/A"",""altQty"":0,""isAltQtyEstimated"":false,""netWgt"":5024068,""isNetWgtEstimated"":false,""grossWgt"":0,""isGrossWgtEstimated"":false,""cifvalue"":null,""fobvalue"":13600155,""primaryValue"":13600155,""legacyEstimationFlag"":0,""isReported"":false,""isAggregate"":true}"
,UN Comtrade,https://comtradeapi.un.org/public/v1/preview/C/A/HS?reporterCode=76&flowCode=X&cmdCode=090111&period=2021&includeDesc=true,2026-05-30T18:34:22.015Z,"{""reporters"":[{""endpoint"":""https://comtradeapi.un.org/public/v1/preview/C/A/HS"",""reporterCode"":704,""reporterISO"":""VNM"",""flowCode"":""X"",""cmdCode"":""090111"",""period"":""2020,2021,2022,2023,2024,2025"",""includeDesc"":true},{""endpoint"":""https://comtradeapi.un.org/public/v1/preview/C/A/HS"",""reporterCode"":76,""reporterISO"":""BRA"",""flowCode"":""X"",""cmdCode"":""090111"",""period"":""2020,2021,2022,2023,2024,2025"",""includeDesc"":true},{""endpoint"":""https://comtradeapi.un.org/public/v1/preview/C/A/HS"",""reporterCode"":360,""reporterISO"":""IDN"",""flowCode"":""X"",""cmdCode"":""090111"",""period"":""2020,2021,2022,2023,2024,2025"",""includeDesc"":true}]}",C,A,20210101,2021,76,BRA,Brazil,634,QAT,Qatar,0,W00,World,X,Export,H5,090111,Coffee; not roasted or decaffeinated,C00,TOTAL CPC,0,TOTAL MOT,8,kg,240027,241212,0,702291,true,false,true,"{""typeCode"":""C"",""freqCode"":""A"",""refPeriodId"":20210101,""refYear"":2021,""refMonth"":52,""period"":""2021"",""reporterCode"":76,""reporterISO"":""BRA"",""reporterDesc"":""Brazil"",""flowCode"":""X"",""flowDesc"":""Export"",""partnerCode"":634,""partnerISO"":""QAT"",""partnerDesc"":""Qatar"",""partner2Code"":0,""partner2ISO"":""W00"",""partner2Desc"":""World"",""classificationCode"":""H5"",""classificationSearchCode"":""HS"",""isOriginalClassification"":true,""cmdCode"":""090111"",""cmdDesc"":""Coffee; not roasted or decaffeinated"",""aggrLevel"":6,""isLeaf"":true,""customsCode"":""C00"",""customsDesc"":""TOTAL CPC"",""mosCode"":""0"",""motCode"":0,""motDesc"":""TOTAL MOT"",""qtyUnitCode"":8,""qtyUnitAbbr"":""kg"",""qty"":240027,""isQtyEstimated"":false,""altQtyUnitCode"":-1,""altQtyUnitAbbr"":""N/A"",""altQty"":0,""isAltQtyEstimated"":false,""netWgt"":241212,""isNetWgtEstimated"":false,""grossWgt"":0,""isGrossWgtEstimated"":false,""cifvalue"":null,""fobvalue"":702291,""primaryValue"":702291,""legacyEstimationFlag"":0,""isReported"":false,""isAggregate"":true}"
,UN Comtrade,https://comtradeapi.un.org/public/v1/preview/C/A/HS?reporterCode=76&flowCode=X&cmdCode=090111&period=2021&includeDesc=true,2026-05-30T18:34:22.015Z,"{""reporters"":[{""endpoint"":""https://comtradeapi.un.org/public/v1/preview/C/A/HS"",""reporterCode"":704,""reporterISO"":""VNM"",""flowCode"":""X"",""cmdCode"":""090111"",""period"":""2020,2021,2022,2023,2024,2025"",""includeDesc"":true},{""endpoint"":""https://comtradeapi.un.org/public/v1/preview/C/A/HS"",""reporterCode"":76,""reporterISO"":""BRA"",""flowCode"":""X"",""cmdCode"":""090111"",""period"":""2020,2021,2022,2023,2024,2025"",""includeDesc"":true},{""endpoint"":""https://comtradeapi.un.org/public/v1/preview/C/A/HS"",""reporterCode"":360,""reporterISO"":""IDN"",""flowCode"":""X"",""cmdCode"":""090111"",""period"":""2020,2021,2022,2023,2024,2025"",""includeDesc"":true}]}",C,A,20210101,2021,76,BRA,Brazil,642,ROU,Romania,0,W00,World,X,Export,H5,090111,Coffee; not roasted or decaffeinated,C00,TOTAL CPC,0,TOTAL MOT,8,kg,2939400,2922604,0,7506368,true,false,true,"{""typeCode"":""C"",""freqCode"":""A"",""refPeriodId"":20210101,""refYear"":2021,""refMonth"":52,""period"":""2021"",""reporterCode"":76,""reporterISO"":""BRA"",""reporterDesc"":""Brazil"",""flowCode"":""X"",""flowDesc"":""Export"",""partnerCode"":642,""partnerISO"":""ROU"",""partnerDesc"":""Romania"",""partner2Code"":0,""partner2ISO"":""W00"",""partner2Desc"":""World"",""classificationCode"":""H5"",""classificationSearchCode"":""HS"",""isOriginalClassification"":true,""cmdCode"":""090111"",""cmdDesc"":""Coffee; not roasted or decaffeinated"",""aggrLevel"":6,""isLeaf"":true,""customsCode"":""C00"",""customsDesc"":""TOTAL CPC"",""mosCode"":""0"",""motCode"":0,""motDesc"":""TOTAL MOT"",""qtyUnitCode"":8,""qtyUnitAbbr"":""kg"",""qty"":2939400,""isQtyEstimated"":false,""altQtyUnitCode"":21,""altQtyUnitAbbr"":""1000 KG"",""altQty"":58053,""isAltQtyEstimated"":false,""netWgt"":2922604,""isNetWgtEstimated"":false,""grossWgt"":0,""isGrossWgtEstimated"":false,""cifvalue"":null,""fobvalue"":7506368,""primaryValue"":7506368,""legacyEstimationFlag"":0,""isReported"":false,""isAggregate"":true}"
,UN Comtrade,https://comtradeapi.un.org/public/v1/preview/C/A/HS?reporterCode=76&flowCode=X&cmdCode=090111&period=2021&includeDesc=true,2026-05-30T18:34:22.015Z,"{""reporters"":[{""endpoint"":""https://comtradeapi.un.org/public/v1/preview/C/A/HS"",""reporterCode"":704,""reporterISO"":""VNM"",""flowCode"":""X"",""cmdCode"":""090111"",""period"":""2020,2021,2022,2023,2024,2025"",""includeDesc"":true},{""endpoint"":""https://comtradeapi.un.org/public/v1/preview/C/A/HS"",""reporterCode"":76,""reporterISO"":""BRA"",""flowCode"":""X"",""cmdCode"":""090111"",""period"":""2020,2021,2022,2023,2024,2025"",""includeDesc"":true},{""endpoint"":""https://comtradeapi.un.org/public/v1/preview/C/A/HS"",""reporterCode"":360,""reporterISO"":""IDN"",""flowCode"":""X"",""cmdCode"":""090111"",""period"":""2020,2021,2022,2023,2024,2025"",""includeDesc"":true}]}",C,A,20210101,2021,76,BRA,Brazil,643,RUS,Russian Federation,0,W00,World,X,Export,H5,090111,Coffee; not roasted or decaffeinated,C00,TOTAL CPC,0,TOTAL MOT,8,kg,75628403,54101463,0,132823877,true,false,true,"{""typeCode"":""C"",""freqCode"":""A"",""refPeriodId"":20210101,""refYear"":2021,""refMonth"":52,""period"":""2021"",""reporterCode"":76,""reporterISO"":""BRA"",""reporterDesc"":""Brazil"",""flowCode"":""X"",""flowDesc"":""Export"",""partnerCode"":643,""partnerISO"":""RUS"",""partnerDesc"":""Russian Federation"",""partner2Code"":0,""partner2ISO"":""W00"",""partner2Desc"":""World"",""classificationCode"":""H5"",""classificationSearchCode"":""HS"",""isOriginalClassification"":true,""cmdCode"":""090111"",""cmdDesc"":""Coffee; not roasted or decaffeinated"",""aggrLevel"":6,""isLeaf"":true,""customsCode"":""C00"",""customsDesc"":""TOTAL CPC"",""mosCode"":""0"",""motCode"":0,""motDesc"":""TOTAL MOT"",""qtyUnitCode"":8,""qtyUnitAbbr"":""kg"",""qty"":75628403,""isQtyEstimated"":false,""altQtyUnitCode"":-1,""altQtyUnitAbbr"":""N/A"",""altQty"":0,""isAltQtyEstimated"":false,""netWgt"":54101463,""isNetWgtEstimated"":false,""grossWgt"":0,""isGrossWgtEstimated"":false,""cifvalue"":null,""fobvalue"":132823877,""primaryValue"":132823877,""legacyEstimationFlag"":0,""isReported"":false,""isAggregate"":true}"
,UN Comtrade,https://comtradeapi.un.org/public/v1/preview/C/A/HS?reporterCode=76&flowCode=X&cmdCode=090111&period=2021&includeDesc=true,2026-05-30T18:34:22.015Z,"{""reporters"":[{""endpoint"":""https://comtradeapi.un.org/public/v1/preview/C/A/HS"",""reporterCode"":704,""reporterISO"":""VNM"",""flowCode"":""X"",""cmdCode"":""090111"",""period"":""2020,2021,2022,2023,2024,2025"",""includeDesc"":true},{""endpoint"":""https://comtradeapi.un.org/public/v1/preview/C/A/HS"",""reporterCode"":76,""reporterISO"":""BRA"",""flowCode"":""X"",""cmdCode"":""090111"",""period"":""2020,2021,2022,2023,2024,2025"",""includeDesc"":true},{""endpoint"":""https://comtradeapi.un.org/public/v1/preview/C/A/HS"",""reporterCode"":360,""reporterISO"":""IDN"",""flowCode"":""X"",""cmdCode"":""090111"",""period"":""2020,2021,2022,2023,2024,2025"",""includeDesc"":true}]}",C,A,20210101,2021,76,BRA,Brazil,682,SAU,Saudi Arabia,0,W00,World,X,Export,H5,090111,Coffee; not roasted or decaffeinated,C00,TOTAL CPC,0,TOTAL MOT,8,kg,5926913.21,5941416.21,0,17717764,true,false,true,"{""typeCode"":""C"",""freqCode"":""A"",""refPeriodId"":20210101,""refYear"":2021,""refMonth"":52,""period"":""2021"",""reporterCode"":76,""reporterISO"":""BRA"",""reporterDesc"":""Brazil"",""flowCode"":""X"",""flowDesc"":""Export"",""partnerCode"":682,""partnerISO"":""SAU"",""partnerDesc"":""Saudi Arabia"",""partner2Code"":0,""partner2ISO"":""W00"",""partner2Desc"":""World"",""classificationCode"":""H5"",""classificationSearchCode"":""HS"",""isOriginalClassification"":true,""cmdCode"":""090111"",""cmdDesc"":""Coffee; not roasted or decaffeinated"",""aggrLevel"":6,""isLeaf"":true,""customsCode"":""C00"",""customsDesc"":""TOTAL CPC"",""mosCode"":""0"",""motCode"":0,""motDesc"":""TOTAL MOT"",""qtyUnitCode"":8,""qtyUnitAbbr"":""kg"",""qty"":5926913.21,""isQtyEstimated"":true,""altQtyUnitCode"":-1,""altQtyUnitAbbr"":""N/A"",""altQty"":0,""isAltQtyEstimated"":false,""netWgt"":5941416.21,""isNetWgtEstimated"":true,""grossWgt"":0,""isGrossWgtEstimated"":false,""cifvalue"":null,""fobvalue"":17717764,""primaryValue"":17717764,""legacyEstimationFlag"":6,""isReported"":false,""isAggregate"":true}"
,UN Comtrade,https://comtradeapi.un.org/public/v1/preview/C/A/HS?reporterCode=76&flowCode=X&cmdCode=090111&period=2021&includeDesc=true,2026-05-30T18:34:22.015Z,"{""reporters"":[{""endpoint"":""https://comtradeapi.un.org/public/v1/preview/C/A/HS"",""reporterCode"":704,""reporterISO"":""VNM"",""flowCode"":""X"",""cmdCode"":""090111"",""period"":""2020,2021,2022,2023,2024,2025"",""includeDesc"":true},{""endpoint"":""https://comtradeapi.un.org/public/v1/preview/C/A/HS"",""reporterCode"":76,""reporterISO"":""BRA"",""flowCode"":""X"",""cmdCode"":""090111"",""period"":""2020,2021,2022,2023,2024,2025"",""includeDesc"":true},{""endpoint"":""https://comtradeapi.un.org/public/v1/preview/C/A/HS"",""reporterCode"":360,""reporterISO"":""IDN"",""flowCode"":""X"",""cmdCode"":""090111"",""period"":""2020,2021,2022,2023,2024,2025"",""includeDesc"":true}]}",C,A,20210101,2021,76,BRA,Brazil,699,IND,India,0,W00,World,X,Export,H5,090111,Coffee; not roasted or decaffeinated,C00,TOTAL CPC,0,TOTAL MOT,8,kg,2242043,2262066,0,3035610,true,false,true,"{""typeCode"":""C"",""freqCode"":""A"",""refPeriodId"":20210101,""refYear"":2021,""refMonth"":52,""period"":""2021"",""reporterCode"":76,""reporterISO"":""BRA"",""reporterDesc"":""Brazil"",""flowCode"":""X"",""flowDesc"":""Export"",""partnerCode"":699,""partnerISO"":""IND"",""partnerDesc"":""India"",""partner2Code"":0,""partner2ISO"":""W00"",""partner2Desc"":""World"",""classificationCode"":""H5"",""classificationSearchCode"":""HS"",""isOriginalClassification"":true,""cmdCode"":""090111"",""cmdDesc"":""Coffee; not roasted or decaffeinated"",""aggrLevel"":6,""isLeaf"":true,""customsCode"":""C00"",""customsDesc"":""TOTAL CPC"",""mosCode"":""0"",""motCode"":0,""motDesc"":""TOTAL MOT"",""qtyUnitCode"":8,""qtyUnitAbbr"":""kg"",""qty"":2242043,""isQtyEstimated"":false,""altQtyUnitCode"":-1,""altQtyUnitAbbr"":""N/A"",""altQty"":0,""isAltQtyEstimated"":false,""netWgt"":2262066,""isNetWgtEstimated"":false,""grossWgt"":0,""isGrossWgtEstimated"":false,""cifvalue"":null,""fobvalue"":3035610,""primaryValue"":3035610,""legacyEstimationFlag"":0,""isReported"":false,""isAggregate"":true}"
,UN Comtrade,https://comtradeapi.un.org/public/v1/preview/C/A/HS?reporterCode=76&flowCode=X&cmdCode=090111&period=2021&includeDesc=true,2026-05-30T18:34:22.015Z,"{""reporters"":[{""endpoint"":""https://comtradeapi.un.org/public/v1/preview/C/A/HS"",""reporterCode"":704,""reporterISO"":""VNM"",""flowCode"":""X"",""cmdCode"":""090111"",""period"":""2020,2021,2022,2023,2024,2025"",""includeDesc"":true},{""endpoint"":""https://comtradeapi.un.org/public/v1/preview/C/A/HS"",""reporterCode"":76,""reporterISO"":""BRA"",""flowCode"":""X"",""cmdCode"":""090111"",""period"":""2020,2021,2022,2023,2024,2025"",""includeDesc"":true},{""endpoint"":""https://comtradeapi.un.org/public/v1/preview/C/A/HS"",""reporterCode"":360,""reporterISO"":""IDN"",""flowCode"":""X"",""cmdCode"":""090111"",""period"":""2020,2021,2022,2023,2024,2025"",""includeDesc"":true}]}",C,A,20210101,2021,76,BRA,Brazil,702,SGP,Singapore,0,W00,World,X,Export,H5,090111,Coffee; not roasted or decaffeinated,C00,TOTAL CPC,0,TOTAL MOT,8,kg,2756271,864752,0,2966265,true,false,true,"{""typeCode"":""C"",""freqCode"":""A"",""refPeriodId"":20210101,""refYear"":2021,""refMonth"":52,""period"":""2021"",""reporterCode"":76,""reporterISO"":""BRA"",""reporterDesc"":""Brazil"",""flowCode"":""X"",""flowDesc"":""Export"",""partnerCode"":702,""partnerISO"":""SGP"",""partnerDesc"":""Singapore"",""partner2Code"":0,""partner2ISO"":""W00"",""partner2Desc"":""World"",""classificationCode"":""H5"",""classificationSearchCode"":""HS"",""isOriginalClassification"":true,""cmdCode"":""090111"",""cmdDesc"":""Coffee; not roasted or decaffeinated"",""aggrLevel"":6,""isLeaf"":true,""customsCode"":""C00"",""customsDesc"":""TOTAL CPC"",""mosCode"":""0"",""motCode"":0,""motDesc"":""TOTAL MOT"",""qtyUnitCode"":8,""qtyUnitAbbr"":""kg"",""qty"":2756271,""isQtyEstimated"":false,""altQtyUnitCode"":-1,""altQtyUnitAbbr"":""N/A"",""altQty"":0,""isAltQtyEstimated"":false,""netWgt"":864752,""isNetWgtEstimated"":false,""grossWgt"":0,""isGrossWgtEstimated"":false,""cifvalue"":null,""fobvalue"":2966265,""primaryValue"":2966265,""legacyEstimationFlag"":0,""isReported"":false,""isAggregate"":true}"
,UN Comtrade,https://comtradeapi.un.org/public/v1/preview/C/A/HS?reporterCode=76&flowCode=X&cmdCode=090111&period=2021&includeDesc=true,2026-05-30T18:34:22.015Z,"{""reporters"":[{""endpoint"":""https://comtradeapi.un.org/public/v1/preview/C/A/HS"",""reporterCode"":704,""reporterISO"":""VNM"",""flowCode"":""X"",""cmdCode"":""090111"",""period"":""2020,2021,2022,2023,2024,2025"",""includeDesc"":true},{""endpoint"":""https://comtradeapi.un.org/public/v1/preview/C/A/HS"",""reporterCode"":76,""reporterISO"":""BRA"",""flowCode"":""X"",""cmdCode"":""090111"",""period"":""2020,2021,2022,2023,2024,2025"",""includeDesc"":true},{""endpoint"":""https://comtradeapi.un.org/public/v1/preview/C/A/HS"",""reporterCode"":360,""reporterISO"":""IDN"",""flowCode"":""X"",""cmdCode"":""090111"",""period"":""2020,2021,2022,2023,2024,2025"",""includeDesc"":true}]}",C,A,20210101,2021,76,BRA,Brazil,703,SVK,Slovakia,0,W00,World,X,Export,H5,090111,Coffee; not roasted or decaffeinated,C00,TOTAL CPC,0,TOTAL MOT,8,kg,3831000,3832089,0,7674326,true,false,true,"{""typeCode"":""C"",""freqCode"":""A"",""refPeriodId"":20210101,""refYear"":2021,""refMonth"":52,""period"":""2021"",""reporterCode"":76,""reporterISO"":""BRA"",""reporterDesc"":""Brazil"",""flowCode"":""X"",""flowDesc"":""Export"",""partnerCode"":703,""partnerISO"":""SVK"",""partnerDesc"":""Slovakia"",""partner2Code"":0,""partner2ISO"":""W00"",""partner2Desc"":""World"",""classificationCode"":""H5"",""classificationSearchCode"":""HS"",""isOriginalClassification"":true,""cmdCode"":""090111"",""cmdDesc"":""Coffee; not roasted or decaffeinated"",""aggrLevel"":6,""isLeaf"":true,""customsCode"":""C00"",""customsDesc"":""TOTAL CPC"",""mosCode"":""0"",""motCode"":0,""motDesc"":""TOTAL MOT"",""qtyUnitCode"":8,""qtyUnitAbbr"":""kg"",""qty"":3831000,""isQtyEstimated"":false,""altQtyUnitCode"":21,""altQtyUnitAbbr"":""1000 KG"",""altQty"":3831,""isAltQtyEstimated"":false,""netWgt"":3832089,""isNetWgtEstimated"":false,""grossWgt"":0,""isGrossWgtEstimated"":false,""cifvalue"":null,""fobvalue"":7674326,""primaryValue"":7674326,""legacyEstimationFlag"":0,""isReported"":false,""isAggregate"":true}"
,UN Comtrade,https://comtradeapi.un.org/public/v1/preview/C/A/HS?reporterCode=76&flowCode=X&cmdCode=090111&period=2021&includeDesc=true,2026-05-30T18:34:22.015Z,"{""reporters"":[{""endpoint"":""https://comtradeapi.un.org/public/v1/preview/C/A/HS"",""reporterCode"":704,""reporterISO"":""VNM"",""flowCode"":""X"",""cmdCode"":""090111"",""period"":""2020,2021,2022,2023,2024,2025"",""includeDesc"":true},{""endpoint"":""https://comtradeapi.un.org/public/v1/preview/C/A/HS"",""reporterCode"":76,""reporterISO"":""BRA"",""flowCode"":""X"",""cmdCode"":""090111"",""period"":""2020,2021,2022,2023,2024,2025"",""includeDesc"":true},{""endpoint"":""https://comtradeapi.un.org/public/v1/preview/C/A/HS"",""reporterCode"":360,""reporterISO"":""IDN"",""flowCode"":""X"",""cmdCode"":""090111"",""period"":""2020,2021,2022,2023,2024,2025"",""includeDesc"":true}]}",C,A,20210101,2021,76,BRA,Brazil,704,VNM,Viet Nam,0,W00,World,X,Export,H5,090111,Coffee; not roasted or decaffeinated,C00,TOTAL CPC,0,TOTAL MOT,8,kg,3050000,3049780,0,7152804,true,false,true,"{""typeCode"":""C"",""freqCode"":""A"",""refPeriodId"":20210101,""refYear"":2021,""refMonth"":52,""period"":""2021"",""reporterCode"":76,""reporterISO"":""BRA"",""reporterDesc"":""Brazil"",""flowCode"":""X"",""flowDesc"":""Export"",""partnerCode"":704,""partnerISO"":""VNM"",""partnerDesc"":""Viet Nam"",""partner2Code"":0,""partner2ISO"":""W00"",""partner2Desc"":""World"",""classificationCode"":""H5"",""classificationSearchCode"":""HS"",""isOriginalClassification"":true,""cmdCode"":""090111"",""cmdDesc"":""Coffee; not roasted or decaffeinated"",""aggrLevel"":6,""isLeaf"":true,""customsCode"":""C00"",""customsDesc"":""TOTAL CPC"",""mosCode"":""0"",""motCode"":0,""motDesc"":""TOTAL MOT"",""qtyUnitCode"":8,""qtyUnitAbbr"":""kg"",""qty"":3050000,""isQtyEstimated"":false,""altQtyUnitCode"":21,""altQtyUnitAbbr"":""1000 KG"",""altQty"":3050,""isAltQtyEstimated"":false,""netWgt"":3049780,""isNetWgtEstimated"":false,""grossWgt"":0,""isGrossWgtEstimated"":false,""cifvalue"":null,""fobvalue"":7152804,""primaryValue"":7152804,""legacyEstimationFlag"":0,""isReported"":false,""isAggregate"":true}"
,UN Comtrade,https://comtradeapi.un.org/public/v1/preview/C/A/HS?reporterCode=76&flowCode=X&cmdCode=090111&period=2021&includeDesc=true,2026-05-30T18:34:22.015Z,"{""reporters"":[{""endpoint"":""https://comtradeapi.un.org/public/v1/preview/C/A/HS"",""reporterCode"":704,""reporterISO"":""VNM"",""flowCode"":""X"",""cmdCode"":""090111"",""period"":""2020,2021,2022,2023,2024,2025"",""includeDesc"":true},{""endpoint"":""https://comtradeapi.un.org/public/v1/preview/C/A/HS"",""reporterCode"":76,""reporterISO"":""BRA"",""flowCode"":""X"",""cmdCode"":""090111"",""period"":""2020,2021,2022,2023,2024,2025"",""includeDesc"":true},{""endpoint"":""https://comtradeapi.un.org/public/v1/preview/C/A/HS"",""reporterCode"":360,""reporterISO"":""IDN"",""flowCode"":""X"",""cmdCode"":""090111"",""period"":""2020,2021,2022,2023,2024,2025"",""includeDesc"":true}]}",C,A,20210101,2021,76,BRA,Brazil,705,SVN,Slovenia,0,W00,World,X,Export,H5,090111,Coffee; not roasted or decaffeinated,C00,TOTAL CPC,0,TOTAL MOT,8,kg,99641580,22955805,0,49698669,true,false,true,"{""typeCode"":""C"",""freqCode"":""A"",""refPeriodId"":20210101,""refYear"":2021,""refMonth"":52,""period"":""2021"",""reporterCode"":76,""reporterISO"":""BRA"",""reporterDesc"":""Brazil"",""flowCode"":""X"",""flowDesc"":""Export"",""partnerCode"":705,""partnerISO"":""SVN"",""partnerDesc"":""Slovenia"",""partner2Code"":0,""partner2ISO"":""W00"",""partner2Desc"":""World"",""classificationCode"":""H5"",""classificationSearchCode"":""HS"",""isOriginalClassification"":true,""cmdCode"":""090111"",""cmdDesc"":""Coffee; not roasted or decaffeinated"",""aggrLevel"":6,""isLeaf"":true,""customsCode"":""C00"",""customsDesc"":""TOTAL CPC"",""mosCode"":""0"",""motCode"":0,""motDesc"":""TOTAL MOT"",""qtyUnitCode"":8,""qtyUnitAbbr"":""kg"",""qty"":99641580,""isQtyEstimated"":false,""altQtyUnitCode"":-1,""altQtyUnitAbbr"":""N/A"",""altQty"":0,""isAltQtyEstimated"":false,""netWgt"":22955805,""isNetWgtEstimated"":false,""grossWgt"":0,""isGrossWgtEstimated"":false,""cifvalue"":null,""fobvalue"":49698669,""primaryValue"":49698669,""legacyEstimationFlag"":0,""isReported"":false,""isAggregate"":true}"
,UN Comtrade,https://comtradeapi.un.org/public/v1/preview/C/A/HS?reporterCode=76&flowCode=X&cmdCode=090111&period=2021&includeDesc=true,2026-05-30T18:34:22.015Z,"{""reporters"":[{""endpoint"":""https://comtradeapi.un.org/public/v1/preview/C/A/HS"",""reporterCode"":704,""reporterISO"":""VNM"",""flowCode"":""X"",""cmdCode"":""090111"",""period"":""2020,2021,2022,2023,2024,2025"",""includeDesc"":true},{""endpoint"":""https://comtradeapi.un.org/public/v1/preview/C/A/HS"",""reporterCode"":76,""reporterISO"":""BRA"",""flowCode"":""X"",""cmdCode"":""090111"",""period"":""2020,2021,2022,2023,2024,2025"",""includeDesc"":true},{""endpoint"":""https://comtradeapi.un.org/public/v1/preview/C/A/HS"",""reporterCode"":360,""reporterISO"":""IDN"",""flowCode"":""X"",""cmdCode"":""090111"",""period"":""2020,2021,2022,2023,2024,2025"",""includeDesc"":true}]}",C,A,20210101,2021,76,BRA,Brazil,710,ZAF,South Africa,0,W00,World,X,Export,H5,090111,Coffee; not roasted or decaffeinated,C00,TOTAL CPC,0,TOTAL MOT,8,kg,51600000,12493215,0,21107852,true,false,true,"{""typeCode"":""C"",""freqCode"":""A"",""refPeriodId"":20210101,""refYear"":2021,""refMonth"":52,""period"":""2021"",""reporterCode"":76,""reporterISO"":""BRA"",""reporterDesc"":""Brazil"",""flowCode"":""X"",""flowDesc"":""Export"",""partnerCode"":710,""partnerISO"":""ZAF"",""partnerDesc"":""South Africa"",""partner2Code"":0,""partner2ISO"":""W00"",""partner2Desc"":""World"",""classificationCode"":""H5"",""classificationSearchCode"":""HS"",""isOriginalClassification"":true,""cmdCode"":""090111"",""cmdDesc"":""Coffee; not roasted or decaffeinated"",""aggrLevel"":6,""isLeaf"":true,""customsCode"":""C00"",""customsDesc"":""TOTAL CPC"",""mosCode"":""0"",""motCode"":0,""motDesc"":""TOTAL MOT"",""qtyUnitCode"":8,""qtyUnitAbbr"":""kg"",""qty"":51600000,""isQtyEstimated"":false,""altQtyUnitCode"":21,""altQtyUnitAbbr"":""1000 KG"",""altQty"":51600,""isAltQtyEstimated"":false,""netWgt"":12493215,""isNetWgtEstimated"":false,""grossWgt"":0,""isGrossWgtEstimated"":false,""cifvalue"":null,""fobvalue"":21107852,""primaryValue"":21107852,""legacyEstimationFlag"":0,""isReported"":false,""isAggregate"":true}"
,UN Comtrade,https://comtradeapi.un.org/public/v1/preview/C/A/HS?reporterCode=76&flowCode=X&cmdCode=090111&period=2021&includeDesc=true,2026-05-30T18:34:22.015Z,"{""reporters"":[{""endpoint"":""https://comtradeapi.un.org/public/v1/preview/C/A/HS"",""reporterCode"":704,""reporterISO"":""VNM"",""flowCode"":""X"",""cmdCode"":""090111"",""period"":""2020,2021,2022,2023,2024,2025"",""includeDesc"":true},{""endpoint"":""https://comtradeapi.un.org/public/v1/preview/C/A/HS"",""reporterCode"":76,""reporterISO"":""BRA"",""flowCode"":""X"",""cmdCode"":""090111"",""period"":""2020,2021,2022,2023,2024,2025"",""includeDesc"":true},{""endpoint"":""https://comtradeapi.un.org/public/v1/preview/C/A/HS"",""reporterCode"":360,""reporterISO"":""IDN"",""flowCode"":""X"",""cmdCode"":""090111"",""period"":""2020,2021,2022,2023,2024,2025"",""includeDesc"":true}]}",C,A,20210101,2021,76,BRA,Brazil,724,ESP,Spain,0,W00,World,X,Export,H5,090111,Coffee; not roasted or decaffeinated,C00,TOTAL CPC,0,TOTAL MOT,8,kg,136873055,56609528,0,138564807,true,false,true,"{""typeCode"":""C"",""freqCode"":""A"",""refPeriodId"":20210101,""refYear"":2021,""refMonth"":52,""period"":""2021"",""reporterCode"":76,""reporterISO"":""BRA"",""reporterDesc"":""Brazil"",""flowCode"":""X"",""flowDesc"":""Export"",""partnerCode"":724,""partnerISO"":""ESP"",""partnerDesc"":""Spain"",""partner2Code"":0,""partner2ISO"":""W00"",""partner2Desc"":""World"",""classificationCode"":""H5"",""classificationSearchCode"":""HS"",""isOriginalClassification"":true,""cmdCode"":""090111"",""cmdDesc"":""Coffee; not roasted or decaffeinated"",""aggrLevel"":6,""isLeaf"":true,""customsCode"":""C00"",""customsDesc"":""TOTAL CPC"",""mosCode"":""0"",""motCode"":0,""motDesc"":""TOTAL MOT"",""qtyUnitCode"":8,""qtyUnitAbbr"":""kg"",""qty"":136873055,""isQtyEstimated"":false,""altQtyUnitCode"":-1,""altQtyUnitAbbr"":""N/A"",""altQty"":0,""isAltQtyEstimated"":false,""netWgt"":56609528,""isNetWgtEstimated"":false,""grossWgt"":0,""isGrossWgtEstimated"":false,""cifvalue"":null,""fobvalue"":138564807,""primaryValue"":138564807,""legacyEstimationFlag"":0,""isReported"":false,""isAggregate"":true}"
,UN Comtrade,https://comtradeapi.un.org/public/v1/preview/C/A/HS?reporterCode=76&flowCode=X&cmdCode=090111&period=2021&includeDesc=true,2026-05-30T18:34:22.015Z,"{""reporters"":[{""endpoint"":""https://comtradeapi.un.org/public/v1/preview/C/A/HS"",""reporterCode"":704,""reporterISO"":""VNM"",""flowCode"":""X"",""cmdCode"":""090111"",""period"":""2020,2021,2022,2023,2024,2025"",""includeDesc"":true},{""endpoint"":""https://comtradeapi.un.org/public/v1/preview/C/A/HS"",""reporterCode"":76,""reporterISO"":""BRA"",""flowCode"":""X"",""cmdCode"":""090111"",""period"":""2020,2021,2022,2023,2024,2025"",""includeDesc"":true},{""endpoint"":""https://comtradeapi.un.org/public/v1/preview/C/A/HS"",""reporterCode"":360,""reporterISO"":""IDN"",""flowCode"":""X"",""cmdCode"":""090111"",""period"":""2020,2021,2022,2023,2024,2025"",""includeDesc"":true}]}",C,A,20210101,2021,76,BRA,Brazil,752,SWE,Sweden,0,W00,World,X,Export,H5,090111,Coffee; not roasted or decaffeinated,C00,TOTAL CPC,0,TOTAL MOT,8,kg,209570000,36633319,0,93402190,true,false,true,"{""typeCode"":""C"",""freqCode"":""A"",""refPeriodId"":20210101,""refYear"":2021,""refMonth"":52,""period"":""2021"",""reporterCode"":76,""reporterISO"":""BRA"",""reporterDesc"":""Brazil"",""flowCode"":""X"",""flowDesc"":""Export"",""partnerCode"":752,""partnerISO"":""SWE"",""partnerDesc"":""Sweden"",""partner2Code"":0,""partner2ISO"":""W00"",""partner2Desc"":""World"",""classificationCode"":""H5"",""classificationSearchCode"":""HS"",""isOriginalClassification"":true,""cmdCode"":""090111"",""cmdDesc"":""Coffee; not roasted or decaffeinated"",""aggrLevel"":6,""isLeaf"":true,""customsCode"":""C00"",""customsDesc"":""TOTAL CPC"",""mosCode"":""0"",""motCode"":0,""motDesc"":""TOTAL MOT"",""qtyUnitCode"":8,""qtyUnitAbbr"":""kg"",""qty"":209570000,""isQtyEstimated"":false,""altQtyUnitCode"":21,""altQtyUnitAbbr"":""1000 KG"",""altQty"":209570,""isAltQtyEstimated"":false,""netWgt"":36633319,""isNetWgtEstimated"":false,""grossWgt"":0,""isGrossWgtEstimated"":false,""cifvalue"":null,""fobvalue"":93402190,""primaryValue"":93402190,""legacyEstimationFlag"":0,""isReported"":false,""isAggregate"":true}"
,UN Comtrade,https://comtradeapi.un.org/public/v1/preview/C/A/HS?reporterCode=76&flowCode=X&cmdCode=090111&period=2021&includeDesc=true,2026-05-30T18:34:22.015Z,"{""reporters"":[{""endpoint"":""https://comtradeapi.un.org/public/v1/preview/C/A/HS"",""reporterCode"":704,""reporterISO"":""VNM"",""flowCode"":""X"",""cmdCode"":""090111"",""period"":""2020,2021,2022,2023,2024,2025"",""includeDesc"":true},{""endpoint"":""https://comtradeapi.un.org/public/v1/preview/C/A/HS"",""reporterCode"":76,""reporterISO"":""BRA"",""flowCode"":""X"",""cmdCode"":""090111"",""period"":""2020,2021,2022,2023,2024,2025"",""includeDesc"":true},{""endpoint"":""https://comtradeapi.un.org/public/v1/preview/C/A/HS"",""reporterCode"":360,""reporterISO"":""IDN"",""flowCode"":""X"",""cmdCode"":""090111"",""period"":""2020,2021,2022,2023,2024,2025"",""includeDesc"":true}]}",C,A,20210101,2021,76,BRA,Brazil,757,CHE,Switzerland,0,W00,World,X,Export,H5,090111,Coffee; not roasted or decaffeinated,C00,TOTAL CPC,0,TOTAL MOT,8,kg,9699882,9722246,0,28001027,true,false,true,"{""typeCode"":""C"",""freqCode"":""A"",""refPeriodId"":20210101,""refYear"":2021,""refMonth"":52,""period"":""2021"",""reporterCode"":76,""reporterISO"":""BRA"",""reporterDesc"":""Brazil"",""flowCode"":""X"",""flowDesc"":""Export"",""partnerCode"":757,""partnerISO"":""CHE"",""partnerDesc"":""Switzerland"",""partner2Code"":0,""partner2ISO"":""W00"",""partner2Desc"":""World"",""classificationCode"":""H5"",""classificationSearchCode"":""HS"",""isOriginalClassification"":true,""cmdCode"":""090111"",""cmdDesc"":""Coffee; not roasted or decaffeinated"",""aggrLevel"":6,""isLeaf"":true,""customsCode"":""C00"",""customsDesc"":""TOTAL CPC"",""mosCode"":""0"",""motCode"":0,""motDesc"":""TOTAL MOT"",""qtyUnitCode"":8,""qtyUnitAbbr"":""kg"",""qty"":9699882,""isQtyEstimated"":false,""altQtyUnitCode"":-1,""altQtyUnitAbbr"":""N/A"",""altQty"":0,""isAltQtyEstimated"":false,""netWgt"":9722246,""isNetWgtEstimated"":false,""grossWgt"":0,""isGrossWgtEstimated"":false,""cifvalue"":null,""fobvalue"":28001027,""primaryValue"":28001027,""legacyEstimationFlag"":0,""isReported"":false,""isAggregate"":true}"
,UN Comtrade,https://comtradeapi.un.org/public/v1/preview/C/A/HS?reporterCode=76&flowCode=X&cmdCode=090111&period=2021&includeDesc=true,2026-05-30T18:34:22.015Z,"{""reporters"":[{""endpoint"":""https://comtradeapi.un.org/public/v1/preview/C/A/HS"",""reporterCode"":704,""reporterISO"":""VNM"",""flowCode"":""X"",""cmdCode"":""090111"",""period"":""2020,2021,2022,2023,2024,2025"",""includeDesc"":true},{""endpoint"":""https://comtradeapi.un.org/public/v1/preview/C/A/HS"",""reporterCode"":76,""reporterISO"":""BRA"",""flowCode"":""X"",""cmdCode"":""090111"",""period"":""2020,2021,2022,2023,2024,2025"",""includeDesc"":true},{""endpoint"":""https://comtradeapi.un.org/public/v1/preview/C/A/HS"",""reporterCode"":360,""reporterISO"":""IDN"",""flowCode"":""X"",""cmdCode"":""090111"",""period"":""2020,2021,2022,2023,2024,2025"",""includeDesc"":true}]}",C,A,20210101,2021,76,BRA,Brazil,760,SYR,Syria,0,W00,World,X,Export,H5,090111,Coffee; not roasted or decaffeinated,C00,TOTAL CPC,0,TOTAL MOT,8,kg,13586000,13669280,0,25749028,true,false,true,"{""typeCode"":""C"",""freqCode"":""A"",""refPeriodId"":20210101,""refYear"":2021,""refMonth"":52,""period"":""2021"",""reporterCode"":76,""reporterISO"":""BRA"",""reporterDesc"":""Brazil"",""flowCode"":""X"",""flowDesc"":""Export"",""partnerCode"":760,""partnerISO"":""SYR"",""partnerDesc"":""Syria"",""partner2Code"":0,""partner2ISO"":""W00"",""partner2Desc"":""World"",""classificationCode"":""H5"",""classificationSearchCode"":""HS"",""isOriginalClassification"":true,""cmdCode"":""090111"",""cmdDesc"":""Coffee; not roasted or decaffeinated"",""aggrLevel"":6,""isLeaf"":true,""customsCode"":""C00"",""customsDesc"":""TOTAL CPC"",""mosCode"":""0"",""motCode"":0,""motDesc"":""TOTAL MOT"",""qtyUnitCode"":8,""qtyUnitAbbr"":""kg"",""qty"":13586000,""isQtyEstimated"":false,""altQtyUnitCode"":21,""altQtyUnitAbbr"":""1000 KG"",""altQty"":13586,""isAltQtyEstimated"":false,""netWgt"":13669280,""isNetWgtEstimated"":false,""grossWgt"":0,""isGrossWgtEstimated"":false,""cifvalue"":null,""fobvalue"":25749028,""primaryValue"":25749028,""legacyEstimationFlag"":0,""isReported"":false,""isAggregate"":true}"
,UN Comtrade,https://comtradeapi.un.org/public/v1/preview/C/A/HS?reporterCode=76&flowCode=X&cmdCode=090111&period=2021&includeDesc=true,2026-05-30T18:34:22.015Z,"{""reporters"":[{""endpoint"":""https://comtradeapi.un.org/public/v1/preview/C/A/HS"",""reporterCode"":704,""reporterISO"":""VNM"",""flowCode"":""X"",""cmdCode"":""090111"",""period"":""2020,2021,2022,2023,2024,2025"",""includeDesc"":true},{""endpoint"":""https://comtradeapi.un.org/public/v1/preview/C/A/HS"",""reporterCode"":76,""reporterISO"":""BRA"",""flowCode"":""X"",""cmdCode"":""090111"",""period"":""2020,2021,2022,2023,2024,2025"",""includeDesc"":true},{""endpoint"":""https://comtradeapi.un.org/public/v1/preview/C/A/HS"",""reporterCode"":360,""reporterISO"":""IDN"",""flowCode"":""X"",""cmdCode"":""090111"",""period"":""2020,2021,2022,2023,2024,2025"",""includeDesc"":true}]}",C,A,20210101,2021,76,BRA,Brazil,764,THA,Thailand,0,W00,World,X,Export,H5,090111,Coffee; not roasted or decaffeinated,C00,TOTAL CPC,0,TOTAL MOT,8,kg,57052,57652,0,149638,true,false,true,"{""typeCode"":""C"",""freqCode"":""A"",""refPeriodId"":20210101,""refYear"":2021,""refMonth"":52,""period"":""2021"",""reporterCode"":76,""reporterISO"":""BRA"",""reporterDesc"":""Brazil"",""flowCode"":""X"",""flowDesc"":""Export"",""partnerCode"":764,""partnerISO"":""THA"",""partnerDesc"":""Thailand"",""partner2Code"":0,""partner2ISO"":""W00"",""partner2Desc"":""World"",""classificationCode"":""H5"",""classificationSearchCode"":""HS"",""isOriginalClassification"":true,""cmdCode"":""090111"",""cmdDesc"":""Coffee; not roasted or decaffeinated"",""aggrLevel"":6,""isLeaf"":true,""customsCode"":""C00"",""customsDesc"":""TOTAL CPC"",""mosCode"":""0"",""motCode"":0,""motDesc"":""TOTAL MOT"",""qtyUnitCode"":8,""qtyUnitAbbr"":""kg"",""qty"":57052,""isQtyEstimated"":false,""altQtyUnitCode"":-1,""altQtyUnitAbbr"":""N/A"",""altQty"":0,""isAltQtyEstimated"":false,""netWgt"":57652,""isNetWgtEstimated"":false,""grossWgt"":0,""isGrossWgtEstimated"":false,""cifvalue"":null,""fobvalue"":149638,""primaryValue"":149638,""legacyEstimationFlag"":0,""isReported"":false,""isAggregate"":true}"
,UN Comtrade,https://comtradeapi.un.org/public/v1/preview/C/A/HS?reporterCode=76&flowCode=X&cmdCode=090111&period=2021&includeDesc=true,2026-05-30T18:34:22.015Z,"{""reporters"":[{""endpoint"":""https://comtradeapi.un.org/public/v1/preview/C/A/HS"",""reporterCode"":704,""reporterISO"":""VNM"",""flowCode"":""X"",""cmdCode"":""090111"",""period"":""2020,2021,2022,2023,2024,2025"",""includeDesc"":true},{""endpoint"":""https://comtradeapi.un.org/public/v1/preview/C/A/HS"",""reporterCode"":76,""reporterISO"":""BRA"",""flowCode"":""X"",""cmdCode"":""090111"",""period"":""2020,2021,2022,2023,2024,2025"",""includeDesc"":true},{""endpoint"":""https://comtradeapi.un.org/public/v1/preview/C/A/HS"",""reporterCode"":360,""reporterISO"":""IDN"",""flowCode"":""X"",""cmdCode"":""090111"",""period"":""2020,2021,2022,2023,2024,2025"",""includeDesc"":true}]}",C,A,20210101,2021,76,BRA,Brazil,780,TTO,Trinidad and Tobago,0,W00,World,X,Export,H5,090111,Coffee; not roasted or decaffeinated,C00,TOTAL CPC,0,TOTAL MOT,8,kg,260000,253500,0,616092,true,false,true,"{""typeCode"":""C"",""freqCode"":""A"",""refPeriodId"":20210101,""refYear"":2021,""refMonth"":52,""period"":""2021"",""reporterCode"":76,""reporterISO"":""BRA"",""reporterDesc"":""Brazil"",""flowCode"":""X"",""flowDesc"":""Export"",""partnerCode"":780,""partnerISO"":""TTO"",""partnerDesc"":""Trinidad and Tobago"",""partner2Code"":0,""partner2ISO"":""W00"",""partner2Desc"":""World"",""classificationCode"":""H5"",""classificationSearchCode"":""HS"",""isOriginalClassification"":true,""cmdCode"":""090111"",""cmdDesc"":""Coffee; not roasted or decaffeinated"",""aggrLevel"":6,""isLeaf"":true,""customsCode"":""C00"",""customsDesc"":""TOTAL CPC"",""mosCode"":""0"",""motCode"":0,""motDesc"":""TOTAL MOT"",""qtyUnitCode"":8,""qtyUnitAbbr"":""kg"",""qty"":260000,""isQtyEstimated"":false,""altQtyUnitCode"":21,""altQtyUnitAbbr"":""1000 KG"",""altQty"":260,""isAltQtyEstimated"":false,""netWgt"":253500,""isNetWgtEstimated"":false,""grossWgt"":0,""isGrossWgtEstimated"":false,""cifvalue"":null,""fobvalue"":616092,""primaryValue"":616092,""legacyEstimationFlag"":0,""isReported"":false,""isAggregate"":true}"
,UN Comtrade,https://comtradeapi.un.org/public/v1/preview/C/A/HS?reporterCode=76&flowCode=X&cmdCode=090111&period=2021&includeDesc=true,2026-05-30T18:34:22.015Z,"{""reporters"":[{""endpoint"":""https://comtradeapi.un.org/public/v1/preview/C/A/HS"",""reporterCode"":704,""reporterISO"":""VNM"",""flowCode"":""X"",""cmdCode"":""090111"",""period"":""2020,2021,2022,2023,2024,2025"",""includeDesc"":true},{""endpoint"":""https://comtradeapi.un.org/public/v1/preview/C/A/HS"",""reporterCode"":76,""reporterISO"":""BRA"",""flowCode"":""X"",""cmdCode"":""090111"",""period"":""2020,2021,2022,2023,2024,2025"",""includeDesc"":true},{""endpoint"":""https://comtradeapi.un.org/public/v1/preview/C/A/HS"",""reporterCode"":360,""reporterISO"":""IDN"",""flowCode"":""X"",""cmdCode"":""090111"",""period"":""2020,2021,2022,2023,2024,2025"",""includeDesc"":true}]}",C,A,20210101,2021,76,BRA,Brazil,784,ARE,United Arab Emirates,0,W00,World,X,Export,H5,090111,Coffee; not roasted or decaffeinated,C00,TOTAL CPC,0,TOTAL MOT,8,kg,55465362,6965400,0,17948559,true,false,true,"{""typeCode"":""C"",""freqCode"":""A"",""refPeriodId"":20210101,""refYear"":2021,""refMonth"":52,""period"":""2021"",""reporterCode"":76,""reporterISO"":""BRA"",""reporterDesc"":""Brazil"",""flowCode"":""X"",""flowDesc"":""Export"",""partnerCode"":784,""partnerISO"":""ARE"",""partnerDesc"":""United Arab Emirates"",""partner2Code"":0,""partner2ISO"":""W00"",""partner2Desc"":""World"",""classificationCode"":""H5"",""classificationSearchCode"":""HS"",""isOriginalClassification"":true,""cmdCode"":""090111"",""cmdDesc"":""Coffee; not roasted or decaffeinated"",""aggrLevel"":6,""isLeaf"":true,""customsCode"":""C00"",""customsDesc"":""TOTAL CPC"",""mosCode"":""0"",""motCode"":0,""motDesc"":""TOTAL MOT"",""qtyUnitCode"":8,""qtyUnitAbbr"":""kg"",""qty"":55465362,""isQtyEstimated"":false,""altQtyUnitCode"":-1,""altQtyUnitAbbr"":""N/A"",""altQty"":0,""isAltQtyEstimated"":false,""netWgt"":6965400,""isNetWgtEstimated"":false,""grossWgt"":0,""isGrossWgtEstimated"":false,""cifvalue"":null,""fobvalue"":17948559,""primaryValue"":17948559,""legacyEstimationFlag"":0,""isReported"":false,""isAggregate"":true}"
,UN Comtrade,https://comtradeapi.un.org/public/v1/preview/C/A/HS?reporterCode=76&flowCode=X&cmdCode=090111&period=2021&includeDesc=true,2026-05-30T18:34:22.015Z,"{""reporters"":[{""endpoint"":""https://comtradeapi.un.org/public/v1/preview/C/A/HS"",""reporterCode"":704,""reporterISO"":""VNM"",""flowCode"":""X"",""cmdCode"":""090111"",""period"":""2020,2021,2022,2023,2024,2025"",""includeDesc"":true},{""endpoint"":""https://comtradeapi.un.org/public/v1/preview/C/A/HS"",""reporterCode"":76,""reporterISO"":""BRA"",""flowCode"":""X"",""cmdCode"":""090111"",""period"":""2020,2021,2022,2023,2024,2025"",""includeDesc"":true},{""endpoint"":""https://comtradeapi.un.org/public/v1/preview/C/A/HS"",""reporterCode"":360,""reporterISO"":""IDN"",""flowCode"":""X"",""cmdCode"":""090111"",""period"":""2020,2021,2022,2023,2024,2025"",""includeDesc"":true}]}",C,A,20210101,2021,76,BRA,Brazil,788,TUN,Tunisia,0,W00,World,X,Export,H5,090111,Coffee; not roasted or decaffeinated,C00,TOTAL CPC,0,TOTAL MOT,8,kg,10666000,10685420,0,25005088,true,false,true,"{""typeCode"":""C"",""freqCode"":""A"",""refPeriodId"":20210101,""refYear"":2021,""refMonth"":52,""period"":""2021"",""reporterCode"":76,""reporterISO"":""BRA"",""reporterDesc"":""Brazil"",""flowCode"":""X"",""flowDesc"":""Export"",""partnerCode"":788,""partnerISO"":""TUN"",""partnerDesc"":""Tunisia"",""partner2Code"":0,""partner2ISO"":""W00"",""partner2Desc"":""World"",""classificationCode"":""H5"",""classificationSearchCode"":""HS"",""isOriginalClassification"":true,""cmdCode"":""090111"",""cmdDesc"":""Coffee; not roasted or decaffeinated"",""aggrLevel"":6,""isLeaf"":true,""customsCode"":""C00"",""customsDesc"":""TOTAL CPC"",""mosCode"":""0"",""motCode"":0,""motDesc"":""TOTAL MOT"",""qtyUnitCode"":8,""qtyUnitAbbr"":""kg"",""qty"":10666000,""isQtyEstimated"":false,""altQtyUnitCode"":21,""altQtyUnitAbbr"":""1000 KG"",""altQty"":10666,""isAltQtyEstimated"":false,""netWgt"":10685420,""isNetWgtEstimated"":false,""grossWgt"":0,""isGrossWgtEstimated"":false,""cifvalue"":null,""fobvalue"":25005088,""primaryValue"":25005088,""legacyEstimationFlag"":0,""isReported"":false,""isAggregate"":true}"
,UN Comtrade,https://comtradeapi.un.org/public/v1/preview/C/A/HS?reporterCode=76&flowCode=X&cmdCode=090111&period=2021&includeDesc=true,2026-05-30T18:34:22.015Z,"{""reporters"":[{""endpoint"":""https://comtradeapi.un.org/public/v1/preview/C/A/HS"",""reporterCode"":704,""reporterISO"":""VNM"",""flowCode"":""X"",""cmdCode"":""090111"",""period"":""2020,2021,2022,2023,2024,2025"",""includeDesc"":true},{""endpoint"":""https://comtradeapi.un.org/public/v1/preview/C/A/HS"",""reporterCode"":76,""reporterISO"":""BRA"",""flowCode"":""X"",""cmdCode"":""090111"",""period"":""2020,2021,2022,2023,2024,2025"",""includeDesc"":true},{""endpoint"":""https://comtradeapi.un.org/public/v1/preview/C/A/HS"",""reporterCode"":360,""reporterISO"":""IDN"",""flowCode"":""X"",""cmdCode"":""090111"",""period"":""2020,2021,2022,2023,2024,2025"",""includeDesc"":true}]}",C,A,20210101,2021,76,BRA,Brazil,792,TUR,Türkiye,0,W00,World,X,Export,H5,090111,Coffee; not roasted or decaffeinated,C00,TOTAL CPC,0,TOTAL MOT,8,kg,134464010,59450555,0,155888210,true,false,true,"{""typeCode"":""C"",""freqCode"":""A"",""refPeriodId"":20210101,""refYear"":2021,""refMonth"":52,""period"":""2021"",""reporterCode"":76,""reporterISO"":""BRA"",""reporterDesc"":""Brazil"",""flowCode"":""X"",""flowDesc"":""Export"",""partnerCode"":792,""partnerISO"":""TUR"",""partnerDesc"":""Türkiye"",""partner2Code"":0,""partner2ISO"":""W00"",""partner2Desc"":""World"",""classificationCode"":""H5"",""classificationSearchCode"":""HS"",""isOriginalClassification"":true,""cmdCode"":""090111"",""cmdDesc"":""Coffee; not roasted or decaffeinated"",""aggrLevel"":6,""isLeaf"":true,""customsCode"":""C00"",""customsDesc"":""TOTAL CPC"",""mosCode"":""0"",""motCode"":0,""motDesc"":""TOTAL MOT"",""qtyUnitCode"":8,""qtyUnitAbbr"":""kg"",""qty"":134464010,""isQtyEstimated"":false,""altQtyUnitCode"":-1,""altQtyUnitAbbr"":""N/A"",""altQty"":0,""isAltQtyEstimated"":false,""netWgt"":59450555,""isNetWgtEstimated"":false,""grossWgt"":0,""isGrossWgtEstimated"":false,""cifvalue"":null,""fobvalue"":155888210,""primaryValue"":155888210,""legacyEstimationFlag"":0,""isReported"":false,""isAggregate"":true}"
,UN Comtrade,https://comtradeapi.un.org/public/v1/preview/C/A/HS?reporterCode=76&flowCode=X&cmdCode=090111&period=2021&includeDesc=true,2026-05-30T18:34:22.015Z,"{""reporters"":[{""endpoint"":""https://comtradeapi.un.org/public/v1/preview/C/A/HS"",""reporterCode"":704,""reporterISO"":""VNM"",""flowCode"":""X"",""cmdCode"":""090111"",""period"":""2020,2021,2022,2023,2024,2025"",""includeDesc"":true},{""endpoint"":""https://comtradeapi.un.org/public/v1/preview/C/A/HS"",""reporterCode"":76,""reporterISO"":""BRA"",""flowCode"":""X"",""cmdCode"":""090111"",""period"":""2020,2021,2022,2023,2024,2025"",""includeDesc"":true},{""endpoint"":""https://comtradeapi.un.org/public/v1/preview/C/A/HS"",""reporterCode"":360,""reporterISO"":""IDN"",""flowCode"":""X"",""cmdCode"":""090111"",""period"":""2020,2021,2022,2023,2024,2025"",""includeDesc"":true}]}",C,A,20210101,2021,76,BRA,Brazil,795,TKM,Turkmenistan,0,W00,World,X,Export,H5,090111,Coffee; not roasted or decaffeinated,C00,TOTAL CPC,0,TOTAL MOT,8,kg,19000,19175,0,44451,true,false,true,"{""typeCode"":""C"",""freqCode"":""A"",""refPeriodId"":20210101,""refYear"":2021,""refMonth"":52,""period"":""2021"",""reporterCode"":76,""reporterISO"":""BRA"",""reporterDesc"":""Brazil"",""flowCode"":""X"",""flowDesc"":""Export"",""partnerCode"":795,""partnerISO"":""TKM"",""partnerDesc"":""Turkmenistan"",""partner2Code"":0,""partner2ISO"":""W00"",""partner2Desc"":""World"",""classificationCode"":""H5"",""classificationSearchCode"":""HS"",""isOriginalClassification"":true,""cmdCode"":""090111"",""cmdDesc"":""Coffee; not roasted or decaffeinated"",""aggrLevel"":6,""isLeaf"":true,""customsCode"":""C00"",""customsDesc"":""TOTAL CPC"",""mosCode"":""0"",""motCode"":0,""motDesc"":""TOTAL MOT"",""qtyUnitCode"":8,""qtyUnitAbbr"":""kg"",""qty"":19000,""isQtyEstimated"":false,""altQtyUnitCode"":21,""altQtyUnitAbbr"":""1000 KG"",""altQty"":19,""isAltQtyEstimated"":false,""netWgt"":19175,""isNetWgtEstimated"":false,""grossWgt"":0,""isGrossWgtEstimated"":false,""cifvalue"":null,""fobvalue"":44451,""primaryValue"":44451,""legacyEstimationFlag"":0,""isReported"":false,""isAggregate"":true}"
,UN Comtrade,https://comtradeapi.un.org/public/v1/preview/C/A/HS?reporterCode=76&flowCode=X&cmdCode=090111&period=2021&includeDesc=true,2026-05-30T18:34:22.015Z,"{""reporters"":[{""endpoint"":""https://comtradeapi.un.org/public/v1/preview/C/A/HS"",""reporterCode"":704,""reporterISO"":""VNM"",""flowCode"":""X"",""cmdCode"":""090111"",""period"":""2020,2021,2022,2023,2024,2025"",""includeDesc"":true},{""endpoint"":""https://comtradeapi.un.org/public/v1/preview/C/A/HS"",""reporterCode"":76,""reporterISO"":""BRA"",""flowCode"":""X"",""cmdCode"":""090111"",""period"":""2020,2021,2022,2023,2024,2025"",""includeDesc"":true},{""endpoint"":""https://comtradeapi.un.org/public/v1/preview/C/A/HS"",""reporterCode"":360,""reporterISO"":""IDN"",""flowCode"":""X"",""cmdCode"":""090111"",""period"":""2020,2021,2022,2023,2024,2025"",""includeDesc"":true}]}",C,A,20210101,2021,76,BRA,Brazil,804,UKR,Ukraine,0,W00,World,X,Export,H5,090111,Coffee; not roasted or decaffeinated,C00,TOTAL CPC,0,TOTAL MOT,8,kg,22689000,3526680,0,9812775,true,false,true,"{""typeCode"":""C"",""freqCode"":""A"",""refPeriodId"":20210101,""refYear"":2021,""refMonth"":52,""period"":""2021"",""reporterCode"":76,""reporterISO"":""BRA"",""reporterDesc"":""Brazil"",""flowCode"":""X"",""flowDesc"":""Export"",""partnerCode"":804,""partnerISO"":""UKR"",""partnerDesc"":""Ukraine"",""partner2Code"":0,""partner2ISO"":""W00"",""partner2Desc"":""World"",""classificationCode"":""H5"",""classificationSearchCode"":""HS"",""isOriginalClassification"":true,""cmdCode"":""090111"",""cmdDesc"":""Coffee; not roasted or decaffeinated"",""aggrLevel"":6,""isLeaf"":true,""customsCode"":""C00"",""customsDesc"":""TOTAL CPC"",""mosCode"":""0"",""motCode"":0,""motDesc"":""TOTAL MOT"",""qtyUnitCode"":8,""qtyUnitAbbr"":""kg"",""qty"":22689000,""isQtyEstimated"":false,""altQtyUnitCode"":21,""altQtyUnitAbbr"":""1000 KG"",""altQty"":22689,""isAltQtyEstimated"":false,""netWgt"":3526680,""isNetWgtEstimated"":false,""grossWgt"":0,""isGrossWgtEstimated"":false,""cifvalue"":null,""fobvalue"":9812775,""primaryValue"":9812775,""legacyEstimationFlag"":0,""isReported"":false,""isAggregate"":true}"
,UN Comtrade,https://comtradeapi.un.org/public/v1/preview/C/A/HS?reporterCode=76&flowCode=X&cmdCode=090111&period=2021&includeDesc=true,2026-05-30T18:34:22.015Z,"{""reporters"":[{""endpoint"":""https://comtradeapi.un.org/public/v1/preview/C/A/HS"",""reporterCode"":704,""reporterISO"":""VNM"",""flowCode"":""X"",""cmdCode"":""090111"",""period"":""2020,2021,2022,2023,2024,2025"",""includeDesc"":true},{""endpoint"":""https://comtradeapi.un.org/public/v1/preview/C/A/HS"",""reporterCode"":76,""reporterISO"":""BRA"",""flowCode"":""X"",""cmdCode"":""090111"",""period"":""2020,2021,2022,2023,2024,2025"",""includeDesc"":true},{""endpoint"":""https://comtradeapi.un.org/public/v1/preview/C/A/HS"",""reporterCode"":360,""reporterISO"":""IDN"",""flowCode"":""X"",""cmdCode"":""090111"",""period"":""2020,2021,2022,2023,2024,2025"",""includeDesc"":true}]}",C,A,20210101,2021,76,BRA,Brazil,818,EGY,Egypt,0,W00,World,X,Export,H5,090111,Coffee; not roasted or decaffeinated,C00,TOTAL CPC,0,TOTAL MOT,8,kg,20366004.539,4120705.539,0,9578355,true,false,true,"{""typeCode"":""C"",""freqCode"":""A"",""refPeriodId"":20210101,""refYear"":2021,""refMonth"":52,""period"":""2021"",""reporterCode"":76,""reporterISO"":""BRA"",""reporterDesc"":""Brazil"",""flowCode"":""X"",""flowDesc"":""Export"",""partnerCode"":818,""partnerISO"":""EGY"",""partnerDesc"":""Egypt"",""partner2Code"":0,""partner2ISO"":""W00"",""partner2Desc"":""World"",""classificationCode"":""H5"",""classificationSearchCode"":""HS"",""isOriginalClassification"":true,""cmdCode"":""090111"",""cmdDesc"":""Coffee; not roasted or decaffeinated"",""aggrLevel"":6,""isLeaf"":true,""customsCode"":""C00"",""customsDesc"":""TOTAL CPC"",""mosCode"":""0"",""motCode"":0,""motDesc"":""TOTAL MOT"",""qtyUnitCode"":8,""qtyUnitAbbr"":""kg"",""qty"":20366004.539,""isQtyEstimated"":true,""altQtyUnitCode"":-1,""altQtyUnitAbbr"":""N/A"",""altQty"":0,""isAltQtyEstimated"":false,""netWgt"":4120705.539,""isNetWgtEstimated"":true,""grossWgt"":0,""isGrossWgtEstimated"":false,""cifvalue"":null,""fobvalue"":9578355,""primaryValue"":9578355,""legacyEstimationFlag"":6,""isReported"":false,""isAggregate"":true}"
,UN Comtrade,https://comtradeapi.un.org/public/v1/preview/C/A/HS?reporterCode=76&flowCode=X&cmdCode=090111&period=2021&includeDesc=true,2026-05-30T18:34:22.015Z,"{""reporters"":[{""endpoint"":""https://comtradeapi.un.org/public/v1/preview/C/A/HS"",""reporterCode"":704,""reporterISO"":""VNM"",""flowCode"":""X"",""cmdCode"":""090111"",""period"":""2020,2021,2022,2023,2024,2025"",""includeDesc"":true},{""endpoint"":""https://comtradeapi.un.org/public/v1/preview/C/A/HS"",""reporterCode"":76,""reporterISO"":""BRA"",""flowCode"":""X"",""cmdCode"":""090111"",""period"":""2020,2021,2022,2023,2024,2025"",""includeDesc"":true},{""endpoint"":""https://comtradeapi.un.org/public/v1/preview/C/A/HS"",""reporterCode"":360,""reporterISO"":""IDN"",""flowCode"":""X"",""cmdCode"":""090111"",""period"":""2020,2021,2022,2023,2024,2025"",""includeDesc"":true}]}",C,A,20210101,2021,76,BRA,Brazil,826,GBR,United Kingdom,0,W00,World,X,Export,H5,090111,Coffee; not roasted or decaffeinated,C00,TOTAL CPC,0,TOTAL MOT,8,kg,236913131,44057683,0,122550186,true,false,true,"{""typeCode"":""C"",""freqCode"":""A"",""refPeriodId"":20210101,""refYear"":2021,""refMonth"":52,""period"":""2021"",""reporterCode"":76,""reporterISO"":""BRA"",""reporterDesc"":""Brazil"",""flowCode"":""X"",""flowDesc"":""Export"",""partnerCode"":826,""partnerISO"":""GBR"",""partnerDesc"":""United Kingdom"",""partner2Code"":0,""partner2ISO"":""W00"",""partner2Desc"":""World"",""classificationCode"":""H5"",""classificationSearchCode"":""HS"",""isOriginalClassification"":true,""cmdCode"":""090111"",""cmdDesc"":""Coffee; not roasted or decaffeinated"",""aggrLevel"":6,""isLeaf"":true,""customsCode"":""C00"",""customsDesc"":""TOTAL CPC"",""mosCode"":""0"",""motCode"":0,""motDesc"":""TOTAL MOT"",""qtyUnitCode"":8,""qtyUnitAbbr"":""kg"",""qty"":236913131,""isQtyEstimated"":false,""altQtyUnitCode"":-1,""altQtyUnitAbbr"":""N/A"",""altQty"":0,""isAltQtyEstimated"":false,""netWgt"":44057683,""isNetWgtEstimated"":false,""grossWgt"":0,""isGrossWgtEstimated"":false,""cifvalue"":null,""fobvalue"":122550186,""primaryValue"":122550186,""legacyEstimationFlag"":0,""isReported"":false,""isAggregate"":true}"
,UN Comtrade,https://comtradeapi.un.org/public/v1/preview/C/A/HS?reporterCode=76&flowCode=X&cmdCode=090111&period=2021&includeDesc=true,2026-05-30T18:34:22.015Z,"{""reporters"":[{""endpoint"":""https://comtradeapi.un.org/public/v1/preview/C/A/HS"",""reporterCode"":704,""reporterISO"":""VNM"",""flowCode"":""X"",""cmdCode"":""090111"",""period"":""2020,2021,2022,2023,2024,2025"",""includeDesc"":true},{""endpoint"":""https://comtradeapi.un.org/public/v1/preview/C/A/HS"",""reporterCode"":76,""reporterISO"":""BRA"",""flowCode"":""X"",""cmdCode"":""090111"",""period"":""2020,2021,2022,2023,2024,2025"",""includeDesc"":true},{""endpoint"":""https://comtradeapi.un.org/public/v1/preview/C/A/HS"",""reporterCode"":360,""reporterISO"":""IDN"",""flowCode"":""X"",""cmdCode"":""090111"",""period"":""2020,2021,2022,2023,2024,2025"",""includeDesc"":true}]}",C,A,20210101,2021,76,BRA,Brazil,842,USA,USA,0,W00,World,X,Export,H5,090111,Coffee; not roasted or decaffeinated,C00,TOTAL CPC,0,TOTAL MOT,8,kg,741341547,445607718,0,1121612083,true,false,true,"{""typeCode"":""C"",""freqCode"":""A"",""refPeriodId"":20210101,""refYear"":2021,""refMonth"":52,""period"":""2021"",""reporterCode"":76,""reporterISO"":""BRA"",""reporterDesc"":""Brazil"",""flowCode"":""X"",""flowDesc"":""Export"",""partnerCode"":842,""partnerISO"":""USA"",""partnerDesc"":""USA"",""partner2Code"":0,""partner2ISO"":""W00"",""partner2Desc"":""World"",""classificationCode"":""H5"",""classificationSearchCode"":""HS"",""isOriginalClassification"":true,""cmdCode"":""090111"",""cmdDesc"":""Coffee; not roasted or decaffeinated"",""aggrLevel"":6,""isLeaf"":true,""customsCode"":""C00"",""customsDesc"":""TOTAL CPC"",""mosCode"":""0"",""motCode"":0,""motDesc"":""TOTAL MOT"",""qtyUnitCode"":8,""qtyUnitAbbr"":""kg"",""qty"":741341547,""isQtyEstimated"":false,""altQtyUnitCode"":-1,""altQtyUnitAbbr"":""N/A"",""altQty"":0,""isAltQtyEstimated"":false,""netWgt"":445607718,""isNetWgtEstimated"":false,""grossWgt"":0,""isGrossWgtEstimated"":false,""cifvalue"":null,""fobvalue"":1121612083,""primaryValue"":1121612083,""legacyEstimationFlag"":0,""isReported"":false,""isAggregate"":true}"
,UN Comtrade,https://comtradeapi.un.org/public/v1/preview/C/A/HS?reporterCode=76&flowCode=X&cmdCode=090111&period=2021&includeDesc=true,2026-05-30T18:34:22.015Z,"{""reporters"":[{""endpoint"":""https://comtradeapi.un.org/public/v1/preview/C/A/HS"",""reporterCode"":704,""reporterISO"":""VNM"",""flowCode"":""X"",""cmdCode"":""090111"",""period"":""2020,2021,2022,2023,2024,2025"",""includeDesc"":true},{""endpoint"":""https://comtradeapi.un.org/public/v1/preview/C/A/HS"",""reporterCode"":76,""reporterISO"":""BRA"",""flowCode"":""X"",""cmdCode"":""090111"",""period"":""2020,2021,2022,2023,2024,2025"",""includeDesc"":true},{""endpoint"":""https://comtradeapi.un.org/public/v1/preview/C/A/HS"",""reporterCode"":360,""reporterISO"":""IDN"",""flowCode"":""X"",""cmdCode"":""090111"",""period"":""2020,2021,2022,2023,2024,2025"",""includeDesc"":true}]}",C,A,20210101,2021,76,BRA,Brazil,858,URY,Uruguay,0,W00,World,X,Export,H5,090111,Coffee; not roasted or decaffeinated,C00,TOTAL CPC,0,TOTAL MOT,8,kg,1261160,1260780,0,2940033,true,false,true,"{""typeCode"":""C"",""freqCode"":""A"",""refPeriodId"":20210101,""refYear"":2021,""refMonth"":52,""period"":""2021"",""reporterCode"":76,""reporterISO"":""BRA"",""reporterDesc"":""Brazil"",""flowCode"":""X"",""flowDesc"":""Export"",""partnerCode"":858,""partnerISO"":""URY"",""partnerDesc"":""Uruguay"",""partner2Code"":0,""partner2ISO"":""W00"",""partner2Desc"":""World"",""classificationCode"":""H5"",""classificationSearchCode"":""HS"",""isOriginalClassification"":true,""cmdCode"":""090111"",""cmdDesc"":""Coffee; not roasted or decaffeinated"",""aggrLevel"":6,""isLeaf"":true,""customsCode"":""C00"",""customsDesc"":""TOTAL CPC"",""mosCode"":""0"",""motCode"":0,""motDesc"":""TOTAL MOT"",""qtyUnitCode"":8,""qtyUnitAbbr"":""kg"",""qty"":1261160,""isQtyEstimated"":false,""altQtyUnitCode"":-1,""altQtyUnitAbbr"":""N/A"",""altQty"":0,""isAltQtyEstimated"":false,""netWgt"":1260780,""isNetWgtEstimated"":false,""grossWgt"":0,""isGrossWgtEstimated"":false,""cifvalue"":null,""fobvalue"":2940033,""primaryValue"":2940033,""legacyEstimationFlag"":0,""isReported"":false,""isAggregate"":true}"
,UN Comtrade,https://comtradeapi.un.org/public/v1/preview/C/A/HS?reporterCode=76&flowCode=X&cmdCode=090111&period=2021&includeDesc=true,2026-05-30T18:34:22.015Z,"{""reporters"":[{""endpoint"":""https://comtradeapi.un.org/public/v1/preview/C/A/HS"",""reporterCode"":704,""reporterISO"":""VNM"",""flowCode"":""X"",""cmdCode"":""090111"",""period"":""2020,2021,2022,2023,2024,2025"",""includeDesc"":true},{""endpoint"":""https://comtradeapi.un.org/public/v1/preview/C/A/HS"",""reporterCode"":76,""reporterISO"":""BRA"",""flowCode"":""X"",""cmdCode"":""090111"",""period"":""2020,2021,2022,2023,2024,2025"",""includeDesc"":true},{""endpoint"":""https://comtradeapi.un.org/public/v1/preview/C/A/HS"",""reporterCode"":360,""reporterISO"":""IDN"",""flowCode"":""X"",""cmdCode"":""090111"",""period"":""2020,2021,2022,2023,2024,2025"",""includeDesc"":true}]}",C,A,20210101,2021,76,BRA,Brazil,860,UZB,Uzbekistan,0,W00,World,X,Export,H5,090111,Coffee; not roasted or decaffeinated,C00,TOTAL CPC,0,TOTAL MOT,8,kg,38000,38400,0,161394,true,false,true,"{""typeCode"":""C"",""freqCode"":""A"",""refPeriodId"":20210101,""refYear"":2021,""refMonth"":52,""period"":""2021"",""reporterCode"":76,""reporterISO"":""BRA"",""reporterDesc"":""Brazil"",""flowCode"":""X"",""flowDesc"":""Export"",""partnerCode"":860,""partnerISO"":""UZB"",""partnerDesc"":""Uzbekistan"",""partner2Code"":0,""partner2ISO"":""W00"",""partner2Desc"":""World"",""classificationCode"":""H5"",""classificationSearchCode"":""HS"",""isOriginalClassification"":true,""cmdCode"":""090111"",""cmdDesc"":""Coffee; not roasted or decaffeinated"",""aggrLevel"":6,""isLeaf"":true,""customsCode"":""C00"",""customsDesc"":""TOTAL CPC"",""mosCode"":""0"",""motCode"":0,""motDesc"":""TOTAL MOT"",""qtyUnitCode"":8,""qtyUnitAbbr"":""kg"",""qty"":38000,""isQtyEstimated"":false,""altQtyUnitCode"":21,""altQtyUnitAbbr"":""1000 KG"",""altQty"":38,""isAltQtyEstimated"":false,""netWgt"":38400,""isNetWgtEstimated"":false,""grossWgt"":0,""isGrossWgtEstimated"":false,""cifvalue"":null,""fobvalue"":161394,""primaryValue"":161394,""legacyEstimationFlag"":0,""isReported"":false,""isAggregate"":true}"
,UN Comtrade,https://comtradeapi.un.org/public/v1/preview/C/A/HS?reporterCode=76&flowCode=X&cmdCode=090111&period=2021&includeDesc=true,2026-05-30T18:34:22.015Z,"{""reporters"":[{""endpoint"":""https://comtradeapi.un.org/public/v1/preview/C/A/HS"",""reporterCode"":704,""reporterISO"":""VNM"",""flowCode"":""X"",""cmdCode"":""090111"",""period"":""2020,2021,2022,2023,2024,2025"",""includeDesc"":true},{""endpoint"":""https://comtradeapi.un.org/public/v1/preview/C/A/HS"",""reporterCode"":76,""reporterISO"":""BRA"",""flowCode"":""X"",""cmdCode"":""090111"",""period"":""2020,2021,2022,2023,2024,2025"",""includeDesc"":true},{""endpoint"":""https://comtradeapi.un.org/public/v1/preview/C/A/HS"",""reporterCode"":360,""reporterISO"":""IDN"",""flowCode"":""X"",""cmdCode"":""090111"",""period"":""2020,2021,2022,2023,2024,2025"",""includeDesc"":true}]}",C,A,20210101,2021,76,BRA,Brazil,899,_X,"Areas, nes",0,W00,World,X,Export,H5,090111,Coffee; not roasted or decaffeinated,C00,TOTAL CPC,0,TOTAL MOT,8,kg,14,14,0,105,true,false,true,"{""typeCode"":""C"",""freqCode"":""A"",""refPeriodId"":20210101,""refYear"":2021,""refMonth"":52,""period"":""2021"",""reporterCode"":76,""reporterISO"":""BRA"",""reporterDesc"":""Brazil"",""flowCode"":""X"",""flowDesc"":""Export"",""partnerCode"":899,""partnerISO"":""_X "",""partnerDesc"":""Areas, nes"",""partner2Code"":0,""partner2ISO"":""W00"",""partner2Desc"":""World"",""classificationCode"":""H5"",""classificationSearchCode"":""HS"",""isOriginalClassification"":true,""cmdCode"":""090111"",""cmdDesc"":""Coffee; not roasted or decaffeinated"",""aggrLevel"":6,""isLeaf"":true,""customsCode"":""C00"",""customsDesc"":""TOTAL CPC"",""mosCode"":""0"",""motCode"":0,""motDesc"":""TOTAL MOT"",""qtyUnitCode"":8,""qtyUnitAbbr"":""kg"",""qty"":14,""isQtyEstimated"":false,""altQtyUnitCode"":8,""altQtyUnitAbbr"":""kg"",""altQty"":14,""isAltQtyEstimated"":false,""netWgt"":14,""isNetWgtEstimated"":false,""grossWgt"":0,""isGrossWgtEstimated"":false,""cifvalue"":null,""fobvalue"":105,""primaryValue"":105,""legacyEstimationFlag"":0,""isReported"":false,""isAggregate"":true}"
,UN Comtrade,https://comtradeapi.un.org/public/v1/preview/C/A/HS?reporterCode=76&flowCode=X&cmdCode=090111&period=2022&includeDesc=true,2026-05-30T18:34:22.015Z,"{""reporters"":[{""endpoint"":""https://comtradeapi.un.org/public/v1/preview/C/A/HS"",""reporterCode"":704,""reporterISO"":""VNM"",""flowCode"":""X"",""cmdCode"":""090111"",""period"":""2020,2021,2022,2023,2024,2025"",""includeDesc"":true},{""endpoint"":""https://comtradeapi.un.org/public/v1/preview/C/A/HS"",""reporterCode"":76,""reporterISO"":""BRA"",""flowCode"":""X"",""cmdCode"":""090111"",""period"":""2020,2021,2022,2023,2024,2025"",""includeDesc"":true},{""endpoint"":""https://comtradeapi.un.org/public/v1/preview/C/A/HS"",""reporterCode"":360,""reporterISO"":""IDN"",""flowCode"":""X"",""cmdCode"":""090111"",""period"":""2020,2021,2022,2023,2024,2025"",""includeDesc"":true}]}",C,A,20220101,2022,76,BRA,Brazil,0,W00,World,0,W00,World,X,Export,H6,090111,Coffee; not roasted or decaffeinated,C00,TOTAL CPC,0,TOTAL MOT,-1,N/A,0,2132139304.77,0,8514137393,true,false,true,"{""typeCode"":""C"",""freqCode"":""A"",""refPeriodId"":20220101,""refYear"":2022,""refMonth"":52,""period"":""2022"",""reporterCode"":76,""reporterISO"":""BRA"",""reporterDesc"":""Brazil"",""flowCode"":""X"",""flowDesc"":""Export"",""partnerCode"":0,""partnerISO"":""W00"",""partnerDesc"":""World"",""partner2Code"":0,""partner2ISO"":""W00"",""partner2Desc"":""World"",""classificationCode"":""H6"",""classificationSearchCode"":""HS"",""isOriginalClassification"":true,""cmdCode"":""090111"",""cmdDesc"":""Coffee; not roasted or decaffeinated"",""aggrLevel"":6,""isLeaf"":true,""customsCode"":""C00"",""customsDesc"":""TOTAL CPC"",""mosCode"":""0"",""motCode"":0,""motDesc"":""TOTAL MOT"",""qtyUnitCode"":-1,""qtyUnitAbbr"":""N/A"",""qty"":0,""isQtyEstimated"":false,""altQtyUnitCode"":-1,""altQtyUnitAbbr"":""N/A"",""altQty"":0,""isAltQtyEstimated"":false,""netWgt"":2132139304.77,""isNetWgtEstimated"":true,""grossWgt"":0,""isGrossWgtEstimated"":false,""cifvalue"":0,""fobvalue"":8514137393,""primaryValue"":8514137393,""legacyEstimationFlag"":4,""isReported"":false,""isAggregate"":true}"
,UN Comtrade,https://comtradeapi.un.org/public/v1/preview/C/A/HS?reporterCode=76&flowCode=X&cmdCode=090111&period=2022&includeDesc=true,2026-05-30T18:34:22.015Z,"{""reporters"":[{""endpoint"":""https://comtradeapi.un.org/public/v1/preview/C/A/HS"",""reporterCode"":704,""reporterISO"":""VNM"",""flowCode"":""X"",""cmdCode"":""090111"",""period"":""2020,2021,2022,2023,2024,2025"",""includeDesc"":true},{""endpoint"":""https://comtradeapi.un.org/public/v1/preview/C/A/HS"",""reporterCode"":76,""reporterISO"":""BRA"",""flowCode"":""X"",""cmdCode"":""090111"",""period"":""2020,2021,2022,2023,2024,2025"",""includeDesc"":true},{""endpoint"":""https://comtradeapi.un.org/public/v1/preview/C/A/HS"",""reporterCode"":360,""reporterISO"":""IDN"",""flowCode"":""X"",""cmdCode"":""090111"",""period"":""2020,2021,2022,2023,2024,2025"",""includeDesc"":true}]}",C,A,20220101,2022,76,BRA,Brazil,8,ALB,Albania,0,W00,World,X,Export,H6,090111,Coffee; not roasted or decaffeinated,C00,TOTAL CPC,0,TOTAL MOT,8,kg,1088000,1088850,0,2821501,true,false,true,"{""typeCode"":""C"",""freqCode"":""A"",""refPeriodId"":20220101,""refYear"":2022,""refMonth"":52,""period"":""2022"",""reporterCode"":76,""reporterISO"":""BRA"",""reporterDesc"":""Brazil"",""flowCode"":""X"",""flowDesc"":""Export"",""partnerCode"":8,""partnerISO"":""ALB"",""partnerDesc"":""Albania"",""partner2Code"":0,""partner2ISO"":""W00"",""partner2Desc"":""World"",""classificationCode"":""H6"",""classificationSearchCode"":""HS"",""isOriginalClassification"":true,""cmdCode"":""090111"",""cmdDesc"":""Coffee; not roasted or decaffeinated"",""aggrLevel"":6,""isLeaf"":true,""customsCode"":""C00"",""customsDesc"":""TOTAL CPC"",""mosCode"":""0"",""motCode"":0,""motDesc"":""TOTAL MOT"",""qtyUnitCode"":8,""qtyUnitAbbr"":""kg"",""qty"":1088000,""isQtyEstimated"":false,""altQtyUnitCode"":21,""altQtyUnitAbbr"":""1000 KG"",""altQty"":1088,""isAltQtyEstimated"":false,""netWgt"":1088850,""isNetWgtEstimated"":false,""grossWgt"":0,""isGrossWgtEstimated"":false,""cifvalue"":0,""fobvalue"":2821501,""primaryValue"":2821501,""legacyEstimationFlag"":0,""isReported"":false,""isAggregate"":true}"
,UN Comtrade,https://comtradeapi.un.org/public/v1/preview/C/A/HS?reporterCode=76&flowCode=X&cmdCode=090111&period=2022&includeDesc=true,2026-05-30T18:34:22.015Z,"{""reporters"":[{""endpoint"":""https://comtradeapi.un.org/public/v1/preview/C/A/HS"",""reporterCode"":704,""reporterISO"":""VNM"",""flowCode"":""X"",""cmdCode"":""090111"",""period"":""2020,2021,2022,2023,2024,2025"",""includeDesc"":true},{""endpoint"":""https://comtradeapi.un.org/public/v1/preview/C/A/HS"",""reporterCode"":76,""reporterISO"":""BRA"",""flowCode"":""X"",""cmdCode"":""090111"",""period"":""2020,2021,2022,2023,2024,2025"",""includeDesc"":true},{""endpoint"":""https://comtradeapi.un.org/public/v1/preview/C/A/HS"",""reporterCode"":360,""reporterISO"":""IDN"",""flowCode"":""X"",""cmdCode"":""090111"",""period"":""2020,2021,2022,2023,2024,2025"",""includeDesc"":true}]}",C,A,20220101,2022,76,BRA,Brazil,12,DZA,Algeria,0,W00,World,X,Export,H6,090111,Coffee; not roasted or decaffeinated,C00,TOTAL CPC,0,TOTAL MOT,8,kg,1820000,1828802,0,4488313,true,false,true,"{""typeCode"":""C"",""freqCode"":""A"",""refPeriodId"":20220101,""refYear"":2022,""refMonth"":52,""period"":""2022"",""reporterCode"":76,""reporterISO"":""BRA"",""reporterDesc"":""Brazil"",""flowCode"":""X"",""flowDesc"":""Export"",""partnerCode"":12,""partnerISO"":""DZA"",""partnerDesc"":""Algeria"",""partner2Code"":0,""partner2ISO"":""W00"",""partner2Desc"":""World"",""classificationCode"":""H6"",""classificationSearchCode"":""HS"",""isOriginalClassification"":true,""cmdCode"":""090111"",""cmdDesc"":""Coffee; not roasted or decaffeinated"",""aggrLevel"":6,""isLeaf"":true,""customsCode"":""C00"",""customsDesc"":""TOTAL CPC"",""mosCode"":""0"",""motCode"":0,""motDesc"":""TOTAL MOT"",""qtyUnitCode"":8,""qtyUnitAbbr"":""kg"",""qty"":1820000,""isQtyEstimated"":false,""altQtyUnitCode"":21,""altQtyUnitAbbr"":""1000 KG"",""altQty"":1820,""isAltQtyEstimated"":false,""netWgt"":1828802,""isNetWgtEstimated"":false,""grossWgt"":0,""isGrossWgtEstimated"":false,""cifvalue"":0,""fobvalue"":4488313,""primaryValue"":4488313,""legacyEstimationFlag"":0,""isReported"":false,""isAggregate"":true}"
,UN Comtrade,https://comtradeapi.un.org/public/v1/preview/C/A/HS?reporterCode=76&flowCode=X&cmdCode=090111&period=2022&includeDesc=true,2026-05-30T18:34:22.015Z,"{""reporters"":[{""endpoint"":""https://comtradeapi.un.org/public/v1/preview/C/A/HS"",""reporterCode"":704,""reporterISO"":""VNM"",""flowCode"":""X"",""cmdCode"":""090111"",""period"":""2020,2021,2022,2023,2024,2025"",""includeDesc"":true},{""endpoint"":""https://comtradeapi.un.org/public/v1/preview/C/A/HS"",""reporterCode"":76,""reporterISO"":""BRA"",""flowCode"":""X"",""cmdCode"":""090111"",""period"":""2020,2021,2022,2023,2024,2025"",""includeDesc"":true},{""endpoint"":""https://comtradeapi.un.org/public/v1/preview/C/A/HS"",""reporterCode"":360,""reporterISO"":""IDN"",""flowCode"":""X"",""cmdCode"":""090111"",""period"":""2020,2021,2022,2023,2024,2025"",""includeDesc"":true}]}",C,A,20220101,2022,76,BRA,Brazil,24,AGO,Angola,0,W00,World,X,Export,H6,090111,Coffee; not roasted or decaffeinated,C00,TOTAL CPC,0,TOTAL MOT,8,kg,2000,1293,0,29423,true,false,true,"{""typeCode"":""C"",""freqCode"":""A"",""refPeriodId"":20220101,""refYear"":2022,""refMonth"":52,""period"":""2022"",""reporterCode"":76,""reporterISO"":""BRA"",""reporterDesc"":""Brazil"",""flowCode"":""X"",""flowDesc"":""Export"",""partnerCode"":24,""partnerISO"":""AGO"",""partnerDesc"":""Angola"",""partner2Code"":0,""partner2ISO"":""W00"",""partner2Desc"":""World"",""classificationCode"":""H6"",""classificationSearchCode"":""HS"",""isOriginalClassification"":true,""cmdCode"":""090111"",""cmdDesc"":""Coffee; not roasted or decaffeinated"",""aggrLevel"":6,""isLeaf"":true,""customsCode"":""C00"",""customsDesc"":""TOTAL CPC"",""mosCode"":""0"",""motCode"":0,""motDesc"":""TOTAL MOT"",""qtyUnitCode"":8,""qtyUnitAbbr"":""kg"",""qty"":2000,""isQtyEstimated"":false,""altQtyUnitCode"":-1,""altQtyUnitAbbr"":""N/A"",""altQty"":0,""isAltQtyEstimated"":false,""netWgt"":1293,""isNetWgtEstimated"":false,""grossWgt"":0,""isGrossWgtEstimated"":false,""cifvalue"":0,""fobvalue"":29423,""primaryValue"":29423,""legacyEstimationFlag"":0,""isReported"":false,""isAggregate"":true}"
,UN Comtrade,https://comtradeapi.un.org/public/v1/preview/C/A/HS?reporterCode=76&flowCode=X&cmdCode=090111&period=2022&includeDesc=true,2026-05-30T18:34:22.015Z,"{""reporters"":[{""endpoint"":""https://comtradeapi.un.org/public/v1/preview/C/A/HS"",""reporterCode"":704,""reporterISO"":""VNM"",""flowCode"":""X"",""cmdCode"":""090111"",""period"":""2020,2021,2022,2023,2024,2025"",""includeDesc"":true},{""endpoint"":""https://comtradeapi.un.org/public/v1/preview/C/A/HS"",""reporterCode"":76,""reporterISO"":""BRA"",""flowCode"":""X"",""cmdCode"":""090111"",""period"":""2020,2021,2022,2023,2024,2025"",""includeDesc"":true},{""endpoint"":""https://comtradeapi.un.org/public/v1/preview/C/A/HS"",""reporterCode"":360,""reporterISO"":""IDN"",""flowCode"":""X"",""cmdCode"":""090111"",""period"":""2020,2021,2022,2023,2024,2025"",""includeDesc"":true}]}",C,A,20220101,2022,76,BRA,Brazil,28,ATG,Antigua and Barbuda,0,W00,World,X,Export,H6,090111,Coffee; not roasted or decaffeinated,C00,TOTAL CPC,0,TOTAL MOT,8,kg,18,18,0,321,true,false,true,"{""typeCode"":""C"",""freqCode"":""A"",""refPeriodId"":20220101,""refYear"":2022,""refMonth"":52,""period"":""2022"",""reporterCode"":76,""reporterISO"":""BRA"",""reporterDesc"":""Brazil"",""flowCode"":""X"",""flowDesc"":""Export"",""partnerCode"":28,""partnerISO"":""ATG"",""partnerDesc"":""Antigua and Barbuda"",""partner2Code"":0,""partner2ISO"":""W00"",""partner2Desc"":""World"",""classificationCode"":""H6"",""classificationSearchCode"":""HS"",""isOriginalClassification"":true,""cmdCode"":""090111"",""cmdDesc"":""Coffee; not roasted or decaffeinated"",""aggrLevel"":6,""isLeaf"":true,""customsCode"":""C00"",""customsDesc"":""TOTAL CPC"",""mosCode"":""0"",""motCode"":0,""motDesc"":""TOTAL MOT"",""qtyUnitCode"":8,""qtyUnitAbbr"":""kg"",""qty"":18,""isQtyEstimated"":false,""altQtyUnitCode"":8,""altQtyUnitAbbr"":""kg"",""altQty"":18,""isAltQtyEstimated"":false,""netWgt"":18,""isNetWgtEstimated"":false,""grossWgt"":0,""isGrossWgtEstimated"":false,""cifvalue"":0,""fobvalue"":321,""primaryValue"":321,""legacyEstimationFlag"":0,""isReported"":false,""isAggregate"":true}"
,UN Comtrade,https://comtradeapi.un.org/public/v1/preview/C/A/HS?reporterCode=76&flowCode=X&cmdCode=090111&period=2024&includeDesc=true,2026-05-30T18:34:22.015Z,"{""reporters"":[{""endpoint"":""https://comtradeapi.un.org/public/v1/preview/C/A/HS"",""reporterCode"":704,""reporterISO"":""VNM"",""flowCode"":""X"",""cmdCode"":""090111"",""period"":""2020,2021,2022,2023,2024,2025"",""includeDesc"":true},{""endpoint"":""https://comtradeapi.un.org/public/v1/preview/C/A/HS"",""reporterCode"":76,""reporterISO"":""BRA"",""flowCode"":""X"",""cmdCode"":""090111"",""period"":""2020,2021,2022,2023,2024,2025"",""includeDesc"":true},{""endpoint"":""https://comtradeapi.un.org/public/v1/preview/C/A/HS"",""reporterCode"":360,""reporterISO"":""IDN"",""flowCode"":""X"",""cmdCode"":""090111"",""period"":""2020,2021,2022,2023,2024,2025"",""includeDesc"":true}]}",C,A,20240101,2024,76,BRA,Brazil,0,W00,World,0,W00,World,X,Export,H6,090111,Coffee; not roasted or decaffeinated,C00,TOTAL CPC,0,TOTAL MOT,8,kg,7212735171.28,2768766406.28,0,11337471665,true,false,true,"{""typeCode"":""C"",""freqCode"":""A"",""refPeriodId"":20240101,""refYear"":2024,""refMonth"":52,""period"":""2024"",""reporterCode"":76,""reporterISO"":""BRA"",""reporterDesc"":""Brazil"",""flowCode"":""X"",""flowDesc"":""Export"",""partnerCode"":0,""partnerISO"":""W00"",""partnerDesc"":""World"",""partner2Code"":0,""partner2ISO"":""W00"",""partner2Desc"":""World"",""classificationCode"":""H6"",""classificationSearchCode"":""HS"",""isOriginalClassification"":true,""cmdCode"":""090111"",""cmdDesc"":""Coffee; not roasted or decaffeinated"",""aggrLevel"":6,""isLeaf"":true,""customsCode"":""C00"",""customsDesc"":""TOTAL CPC"",""mosCode"":""0"",""motCode"":0,""motDesc"":""TOTAL MOT"",""qtyUnitCode"":8,""qtyUnitAbbr"":""kg"",""qty"":7212735171.28,""isQtyEstimated"":true,""altQtyUnitCode"":-1,""altQtyUnitAbbr"":""N/A"",""altQty"":0,""isAltQtyEstimated"":false,""netWgt"":2768766406.28,""isNetWgtEstimated"":true,""grossWgt"":0,""isGrossWgtEstimated"":false,""cifvalue"":null,""fobvalue"":11337471665,""primaryValue"":11337471665,""legacyEstimationFlag"":6,""isReported"":false,""isAggregate"":true}"
,UN Comtrade,https://comtradeapi.un.org/public/v1/preview/C/A/HS?reporterCode=76&flowCode=X&cmdCode=090111&period=2024&includeDesc=true,2026-05-30T18:34:22.015Z,"{""reporters"":[{""endpoint"":""https://comtradeapi.un.org/public/v1/preview/C/A/HS"",""reporterCode"":704,""reporterISO"":""VNM"",""flowCode"":""X"",""cmdCode"":""090111"",""period"":""2020,2021,2022,2023,2024,2025"",""includeDesc"":true},{""endpoint"":""https://comtradeapi.un.org/public/v1/preview/C/A/HS"",""reporterCode"":76,""reporterISO"":""BRA"",""flowCode"":""X"",""cmdCode"":""090111"",""period"":""2020,2021,2022,2023,2024,2025"",""includeDesc"":true},{""endpoint"":""https://comtradeapi.un.org/public/v1/preview/C/A/HS"",""reporterCode"":360,""reporterISO"":""IDN"",""flowCode"":""X"",""cmdCode"":""090111"",""period"":""2020,2021,2022,2023,2024,2025"",""includeDesc"":true}]}",C,A,20240101,2024,76,BRA,Brazil,8,ALB,Albania,0,W00,World,X,Export,H6,090111,Coffee; not roasted or decaffeinated,C00,TOTAL CPC,0,TOTAL MOT,8,kg,1811000,1820681,0,5884431,true,false,true,"{""typeCode"":""C"",""freqCode"":""A"",""refPeriodId"":20240101,""refYear"":2024,""refMonth"":52,""period"":""2024"",""reporterCode"":76,""reporterISO"":""BRA"",""reporterDesc"":""Brazil"",""flowCode"":""X"",""flowDesc"":""Export"",""partnerCode"":8,""partnerISO"":""ALB"",""partnerDesc"":""Albania"",""partner2Code"":0,""partner2ISO"":""W00"",""partner2Desc"":""World"",""classificationCode"":""H6"",""classificationSearchCode"":""HS"",""isOriginalClassification"":true,""cmdCode"":""090111"",""cmdDesc"":""Coffee; not roasted or decaffeinated"",""aggrLevel"":6,""isLeaf"":true,""customsCode"":""C00"",""customsDesc"":""TOTAL CPC"",""mosCode"":""0"",""motCode"":0,""motDesc"":""TOTAL MOT"",""qtyUnitCode"":8,""qtyUnitAbbr"":""kg"",""qty"":1811000,""isQtyEstimated"":false,""altQtyUnitCode"":21,""altQtyUnitAbbr"":""1000 KG"",""altQty"":1811,""isAltQtyEstimated"":false,""netWgt"":1820681,""isNetWgtEstimated"":false,""grossWgt"":0,""isGrossWgtEstimated"":false,""cifvalue"":null,""fobvalue"":5884431,""primaryValue"":5884431,""legacyEstimationFlag"":0,""isReported"":false,""isAggregate"":true}"
,UN Comtrade,https://comtradeapi.un.org/public/v1/preview/C/A/HS?reporterCode=76&flowCode=X&cmdCode=090111&period=2024&includeDesc=true,2026-05-30T18:34:22.015Z,"{""reporters"":[{""endpoint"":""https://comtradeapi.un.org/public/v1/preview/C/A/HS"",""reporterCode"":704,""reporterISO"":""VNM"",""flowCode"":""X"",""cmdCode"":""090111"",""period"":""2020,2021,2022,2023,2024,2025"",""includeDesc"":true},{""endpoint"":""https://comtradeapi.un.org/public/v1/preview/C/A/HS"",""reporterCode"":76,""reporterISO"":""BRA"",""flowCode"":""X"",""cmdCode"":""090111"",""period"":""2020,2021,2022,2023,2024,2025"",""includeDesc"":true},{""endpoint"":""https://comtradeapi.un.org/public/v1/preview/C/A/HS"",""reporterCode"":360,""reporterISO"":""IDN"",""flowCode"":""X"",""cmdCode"":""090111"",""period"":""2020,2021,2022,2023,2024,2025"",""includeDesc"":true}]}",C,A,20240101,2024,76,BRA,Brazil,12,DZA,Algeria,0,W00,World,X,Export,H6,090111,Coffee; not roasted or decaffeinated,C00,TOTAL CPC,0,TOTAL MOT,8,kg,11061663,11039025,0,41310094,true,false,true,"{""typeCode"":""C"",""freqCode"":""A"",""refPeriodId"":20240101,""refYear"":2024,""refMonth"":52,""period"":""2024"",""reporterCode"":76,""reporterISO"":""BRA"",""reporterDesc"":""Brazil"",""flowCode"":""X"",""flowDesc"":""Export"",""partnerCode"":12,""partnerISO"":""DZA"",""partnerDesc"":""Algeria"",""partner2Code"":0,""partner2ISO"":""W00"",""partner2Desc"":""World"",""classificationCode"":""H6"",""classificationSearchCode"":""HS"",""isOriginalClassification"":true,""cmdCode"":""090111"",""cmdDesc"":""Coffee; not roasted or decaffeinated"",""aggrLevel"":6,""isLeaf"":true,""customsCode"":""C00"",""customsDesc"":""TOTAL CPC"",""mosCode"":""0"",""motCode"":0,""motDesc"":""TOTAL MOT"",""qtyUnitCode"":8,""qtyUnitAbbr"":""kg"",""qty"":11061663,""isQtyEstimated"":false,""altQtyUnitCode"":-1,""altQtyUnitAbbr"":""N/A"",""altQty"":0,""isAltQtyEstimated"":false,""netWgt"":11039025,""isNetWgtEstimated"":false,""grossWgt"":0,""isGrossWgtEstimated"":false,""cifvalue"":null,""fobvalue"":41310094,""primaryValue"":41310094,""legacyEstimationFlag"":0,""isReported"":false,""isAggregate"":true}"
,UN Comtrade,https://comtradeapi.un.org/public/v1/preview/C/A/HS?reporterCode=76&flowCode=X&cmdCode=090111&period=2024&includeDesc=true,2026-05-30T18:34:22.015Z,"{""reporters"":[{""endpoint"":""https://comtradeapi.un.org/public/v1/preview/C/A/HS"",""reporterCode"":704,""reporterISO"":""VNM"",""flowCode"":""X"",""cmdCode"":""090111"",""period"":""2020,2021,2022,2023,2024,2025"",""includeDesc"":true},{""endpoint"":""https://comtradeapi.un.org/public/v1/preview/C/A/HS"",""reporterCode"":76,""reporterISO"":""BRA"",""flowCode"":""X"",""cmdCode"":""090111"",""period"":""2020,2021,2022,2023,2024,2025"",""includeDesc"":true},{""endpoint"":""https://comtradeapi.un.org/public/v1/preview/C/A/HS"",""reporterCode"":360,""reporterISO"":""IDN"",""flowCode"":""X"",""cmdCode"":""090111"",""period"":""2020,2021,2022,2023,2024,2025"",""includeDesc"":true}]}",C,A,20240101,2024,76,BRA,Brazil,24,AGO,Angola,0,W00,World,X,Export,H6,090111,Coffee; not roasted or decaffeinated,C00,TOTAL CPC,0,TOTAL MOT,8,kg,2100,160,0,3771,true,false,true,"{""typeCode"":""C"",""freqCode"":""A"",""refPeriodId"":20240101,""refYear"":2024,""refMonth"":52,""period"":""2024"",""reporterCode"":76,""reporterISO"":""BRA"",""reporterDesc"":""Brazil"",""flowCode"":""X"",""flowDesc"":""Export"",""partnerCode"":24,""partnerISO"":""AGO"",""partnerDesc"":""Angola"",""partner2Code"":0,""partner2ISO"":""W00"",""partner2Desc"":""World"",""classificationCode"":""H6"",""classificationSearchCode"":""HS"",""isOriginalClassification"":true,""cmdCode"":""090111"",""cmdDesc"":""Coffee; not roasted or decaffeinated"",""aggrLevel"":6,""isLeaf"":true,""customsCode"":""C00"",""customsDesc"":""TOTAL CPC"",""mosCode"":""0"",""motCode"":0,""motDesc"":""TOTAL MOT"",""qtyUnitCode"":8,""qtyUnitAbbr"":""kg"",""qty"":2100,""isQtyEstimated"":false,""altQtyUnitCode"":-1,""altQtyUnitAbbr"":""N/A"",""altQty"":0,""isAltQtyEstimated"":false,""netWgt"":160,""isNetWgtEstimated"":false,""grossWgt"":0,""isGrossWgtEstimated"":false,""cifvalue"":null,""fobvalue"":3771,""primaryValue"":3771,""legacyEstimationFlag"":0,""isReported"":false,""isAggregate"":true}"
,UN Comtrade,https://comtradeapi.un.org/public/v1/preview/C/A/HS?reporterCode=76&flowCode=X&cmdCode=090111&period=2024&includeDesc=true,2026-05-30T18:34:22.015Z,"{""reporters"":[{""endpoint"":""https://comtradeapi.un.org/public/v1/preview/C/A/HS"",""reporterCode"":704,""reporterISO"":""VNM"",""flowCode"":""X"",""cmdCode"":""090111"",""period"":""2020,2021,2022,2023,2024,2025"",""includeDesc"":true},{""endpoint"":""https://comtradeapi.un.org/public/v1/preview/C/A/HS"",""reporterCode"":76,""reporterISO"":""BRA"",""flowCode"":""X"",""cmdCode"":""090111"",""period"":""2020,2021,2022,2023,2024,2025"",""includeDesc"":true},{""endpoint"":""https://comtradeapi.un.org/public/v1/preview/C/A/HS"",""reporterCode"":360,""reporterISO"":""IDN"",""flowCode"":""X"",""cmdCode"":""090111"",""period"":""2020,2021,2022,2023,2024,2025"",""includeDesc"":true}]}",C,A,20240101,2024,76,BRA,Brazil,28,ATG,Antigua and Barbuda,0,W00,World,X,Export,H6,090111,Coffee; not roasted or decaffeinated,C00,TOTAL CPC,0,TOTAL MOT,8,kg,11,11,0,211,true,false,true,"{""typeCode"":""C"",""freqCode"":""A"",""refPeriodId"":20240101,""refYear"":2024,""refMonth"":52,""period"":""2024"",""reporterCode"":76,""reporterISO"":""BRA"",""reporterDesc"":""Brazil"",""flowCode"":""X"",""flowDesc"":""Export"",""partnerCode"":28,""partnerISO"":""ATG"",""partnerDesc"":""Antigua and Barbuda"",""partner2Code"":0,""partner2ISO"":""W00"",""partner2Desc"":""World"",""classificationCode"":""H6"",""classificationSearchCode"":""HS"",""isOriginalClassification"":true,""cmdCode"":""090111"",""cmdDesc"":""Coffee; not roasted or decaffeinated"",""aggrLevel"":6,""isLeaf"":true,""customsCode"":""C00"",""customsDesc"":""TOTAL CPC"",""mosCode"":""0"",""motCode"":0,""motDesc"":""TOTAL MOT"",""qtyUnitCode"":8,""qtyUnitAbbr"":""kg"",""qty"":11,""isQtyEstimated"":false,""altQtyUnitCode"":8,""altQtyUnitAbbr"":""kg"",""altQty"":11,""isAltQtyEstimated"":false,""netWgt"":11,""isNetWgtEstimated"":false,""grossWgt"":0,""isGrossWgtEstimated"":false,""cifvalue"":null,""fobvalue"":211,""primaryValue"":211,""legacyEstimationFlag"":0,""isReported"":false,""isAggregate"":true}"
,UN Comtrade,https://comtradeapi.un.org/public/v1/preview/C/A/HS?reporterCode=76&flowCode=X&cmdCode=090111&period=2024&includeDesc=true,2026-05-30T18:34:22.015Z,"{""reporters"":[{""endpoint"":""https://comtradeapi.un.org/public/v1/preview/C/A/HS"",""reporterCode"":704,""reporterISO"":""VNM"",""flowCode"":""X"",""cmdCode"":""090111"",""period"":""2020,2021,2022,2023,2024,2025"",""includeDesc"":true},{""endpoint"":""https://comtradeapi.un.org/public/v1/preview/C/A/HS"",""reporterCode"":76,""reporterISO"":""BRA"",""flowCode"":""X"",""cmdCode"":""090111"",""period"":""2020,2021,2022,2023,2024,2025"",""includeDesc"":true},{""endpoint"":""https://comtradeapi.un.org/public/v1/preview/C/A/HS"",""reporterCode"":360,""reporterISO"":""IDN"",""flowCode"":""X"",""cmdCode"":""090111"",""period"":""2020,2021,2022,2023,2024,2025"",""includeDesc"":true}]}",C,A,20240101,2024,76,BRA,Brazil,32,ARG,Argentina,0,W00,World,X,Export,H6,090111,Coffee; not roasted or decaffeinated,C00,TOTAL CPC,0,TOTAL MOT,8,kg,42928283,22258107,0,98597211,true,false,true,"{""typeCode"":""C"",""freqCode"":""A"",""refPeriodId"":20240101,""refYear"":2024,""refMonth"":52,""period"":""2024"",""reporterCode"":76,""reporterISO"":""BRA"",""reporterDesc"":""Brazil"",""flowCode"":""X"",""flowDesc"":""Export"",""partnerCode"":32,""partnerISO"":""ARG"",""partnerDesc"":""Argentina"",""partner2Code"":0,""partner2ISO"":""W00"",""partner2Desc"":""World"",""classificationCode"":""H6"",""classificationSearchCode"":""HS"",""isOriginalClassification"":true,""cmdCode"":""090111"",""cmdDesc"":""Coffee; not roasted or decaffeinated"",""aggrLevel"":6,""isLeaf"":true,""customsCode"":""C00"",""customsDesc"":""TOTAL CPC"",""mosCode"":""0"",""motCode"":0,""motDesc"":""TOTAL MOT"",""qtyUnitCode"":8,""qtyUnitAbbr"":""kg"",""qty"":42928283,""isQtyEstimated"":false,""altQtyUnitCode"":-1,""altQtyUnitAbbr"":""N/A"",""altQty"":0,""isAltQtyEstimated"":false,""netWgt"":22258107,""isNetWgtEstimated"":false,""grossWgt"":0,""isGrossWgtEstimated"":false,""cifvalue"":null,""fobvalue"":98597211,""primaryValue"":98597211,""legacyEstimationFlag"":0,""isReported"":false,""isAggregate"":true}"
,UN Comtrade,https://comtradeapi.un.org/public/v1/preview/C/A/HS?reporterCode=76&flowCode=X&cmdCode=090111&period=2024&includeDesc=true,2026-05-30T18:34:22.015Z,"{""reporters"":[{""endpoint"":""https://comtradeapi.un.org/public/v1/preview/C/A/HS"",""reporterCode"":704,""reporterISO"":""VNM"",""flowCode"":""X"",""cmdCode"":""090111"",""period"":""2020,2021,2022,2023,2024,2025"",""includeDesc"":true},{""endpoint"":""https://comtradeapi.un.org/public/v1/preview/C/A/HS"",""reporterCode"":76,""reporterISO"":""BRA"",""flowCode"":""X"",""cmdCode"":""090111"",""period"":""2020,2021,2022,2023,2024,2025"",""includeDesc"":true},{""endpoint"":""https://comtradeapi.un.org/public/v1/preview/C/A/HS"",""reporterCode"":360,""reporterISO"":""IDN"",""flowCode"":""X"",""cmdCode"":""090111"",""period"":""2020,2021,2022,2023,2024,2025"",""includeDesc"":true}]}",C,A,20240101,2024,76,BRA,Brazil,36,AUS,Australia,0,W00,World,X,Export,H6,090111,Coffee; not roasted or decaffeinated,C00,TOTAL CPC,0,TOTAL MOT,8,kg,390516561,26803275,0,123275776,true,false,true,"{""typeCode"":""C"",""freqCode"":""A"",""refPeriodId"":20240101,""refYear"":2024,""refMonth"":52,""period"":""2024"",""reporterCode"":76,""reporterISO"":""BRA"",""reporterDesc"":""Brazil"",""flowCode"":""X"",""flowDesc"":""Export"",""partnerCode"":36,""partnerISO"":""AUS"",""partnerDesc"":""Australia"",""partner2Code"":0,""partner2ISO"":""W00"",""partner2Desc"":""World"",""classificationCode"":""H6"",""classificationSearchCode"":""HS"",""isOriginalClassification"":true,""cmdCode"":""090111"",""cmdDesc"":""Coffee; not roasted or decaffeinated"",""aggrLevel"":6,""isLeaf"":true,""customsCode"":""C00"",""customsDesc"":""TOTAL CPC"",""mosCode"":""0"",""motCode"":0,""motDesc"":""TOTAL MOT"",""qtyUnitCode"":8,""qtyUnitAbbr"":""kg"",""qty"":390516561,""isQtyEstimated"":false,""altQtyUnitCode"":-1,""altQtyUnitAbbr"":""N/A"",""altQty"":0,""isAltQtyEstimated"":false,""netWgt"":26803275,""isNetWgtEstimated"":false,""grossWgt"":0,""isGrossWgtEstimated"":false,""cifvalue"":null,""fobvalue"":123275776,""primaryValue"":123275776,""legacyEstimationFlag"":0,""isReported"":false,""isAggregate"":true}"
,UN Comtrade,https://comtradeapi.un.org/public/v1/preview/C/A/HS?reporterCode=76&flowCode=X&cmdCode=090111&period=2024&includeDesc=true,2026-05-30T18:34:22.015Z,"{""reporters"":[{""endpoint"":""https://comtradeapi.un.org/public/v1/preview/C/A/HS"",""reporterCode"":704,""reporterISO"":""VNM"",""flowCode"":""X"",""cmdCode"":""090111"",""period"":""2020,2021,2022,2023,2024,2025"",""includeDesc"":true},{""endpoint"":""https://comtradeapi.un.org/public/v1/preview/C/A/HS"",""reporterCode"":76,""reporterISO"":""BRA"",""flowCode"":""X"",""cmdCode"":""090111"",""period"":""2020,2021,2022,2023,2024,2025"",""includeDesc"":true},{""endpoint"":""https://comtradeapi.un.org/public/v1/preview/C/A/HS"",""reporterCode"":360,""reporterISO"":""IDN"",""flowCode"":""X"",""cmdCode"":""090111"",""period"":""2020,2021,2022,2023,2024,2025"",""includeDesc"":true}]}",C,A,20240101,2024,76,BRA,Brazil,44,BHS,Bahamas,0,W00,World,X,Export,H6,090111,Coffee; not roasted or decaffeinated,C00,TOTAL CPC,0,TOTAL MOT,8,kg,41,41,0,797,true,false,true,"{""typeCode"":""C"",""freqCode"":""A"",""refPeriodId"":20240101,""refYear"":2024,""refMonth"":52,""period"":""2024"",""reporterCode"":76,""reporterISO"":""BRA"",""reporterDesc"":""Brazil"",""flowCode"":""X"",""flowDesc"":""Export"",""partnerCode"":44,""partnerISO"":""BHS"",""partnerDesc"":""Bahamas"",""partner2Code"":0,""partner2ISO"":""W00"",""partner2Desc"":""World"",""classificationCode"":""H6"",""classificationSearchCode"":""HS"",""isOriginalClassification"":true,""cmdCode"":""090111"",""cmdDesc"":""Coffee; not roasted or decaffeinated"",""aggrLevel"":6,""isLeaf"":true,""customsCode"":""C00"",""customsDesc"":""TOTAL CPC"",""mosCode"":""0"",""motCode"":0,""motDesc"":""TOTAL MOT"",""qtyUnitCode"":8,""qtyUnitAbbr"":""kg"",""qty"":41,""isQtyEstimated"":false,""altQtyUnitCode"":8,""altQtyUnitAbbr"":""kg"",""altQty"":41,""isAltQtyEstimated"":false,""netWgt"":41,""isNetWgtEstimated"":false,""grossWgt"":0,""isGrossWgtEstimated"":false,""cifvalue"":null,""fobvalue"":797,""primaryValue"":797,""legacyEstimationFlag"":0,""isReported"":false,""isAggregate"":true}"
,UN Comtrade,https://comtradeapi.un.org/public/v1/preview/C/A/HS?reporterCode=76&flowCode=X&cmdCode=090111&period=2024&includeDesc=true,2026-05-30T18:34:22.015Z,"{""reporters"":[{""endpoint"":""https://comtradeapi.un.org/public/v1/preview/C/A/HS"",""reporterCode"":704,""reporterISO"":""VNM"",""flowCode"":""X"",""cmdCode"":""090111"",""period"":""2020,2021,2022,2023,2024,2025"",""includeDesc"":true},{""endpoint"":""https://comtradeapi.un.org/public/v1/preview/C/A/HS"",""reporterCode"":76,""reporterISO"":""BRA"",""flowCode"":""X"",""cmdCode"":""090111"",""period"":""2020,2021,2022,2023,2024,2025"",""includeDesc"":true},{""endpoint"":""https://comtradeapi.un.org/public/v1/preview/C/A/HS"",""reporterCode"":360,""reporterISO"":""IDN"",""flowCode"":""X"",""cmdCode"":""090111"",""period"":""2020,2021,2022,2023,2024,2025"",""includeDesc"":true}]}",C,A,20240101,2024,76,BRA,Brazil,48,BHR,Bahrain,0,W00,World,X,Export,H6,090111,Coffee; not roasted or decaffeinated,C00,TOTAL CPC,0,TOTAL MOT,8,kg,61003,61473,0,251505,true,false,true,"{""typeCode"":""C"",""freqCode"":""A"",""refPeriodId"":20240101,""refYear"":2024,""refMonth"":52,""period"":""2024"",""reporterCode"":76,""reporterISO"":""BRA"",""reporterDesc"":""Brazil"",""flowCode"":""X"",""flowDesc"":""Export"",""partnerCode"":48,""partnerISO"":""BHR"",""partnerDesc"":""Bahrain"",""partner2Code"":0,""partner2ISO"":""W00"",""partner2Desc"":""World"",""classificationCode"":""H6"",""classificationSearchCode"":""HS"",""isOriginalClassification"":true,""cmdCode"":""090111"",""cmdDesc"":""Coffee; not roasted or decaffeinated"",""aggrLevel"":6,""isLeaf"":true,""customsCode"":""C00"",""customsDesc"":""TOTAL CPC"",""mosCode"":""0"",""motCode"":0,""motDesc"":""TOTAL MOT"",""qtyUnitCode"":8,""qtyUnitAbbr"":""kg"",""qty"":61003,""isQtyEstimated"":false,""altQtyUnitCode"":-1,""altQtyUnitAbbr"":""N/A"",""altQty"":0,""isAltQtyEstimated"":false,""netWgt"":61473,""isNetWgtEstimated"":false,""grossWgt"":0,""isGrossWgtEstimated"":false,""cifvalue"":null,""fobvalue"":251505,""primaryValue"":251505,""legacyEstimationFlag"":0,""isReported"":false,""isAggregate"":true}"
,UN Comtrade,https://comtradeapi.un.org/public/v1/preview/C/A/HS?reporterCode=76&flowCode=X&cmdCode=090111&period=2024&includeDesc=true,2026-05-30T18:34:22.015Z,"{""reporters"":[{""endpoint"":""https://comtradeapi.un.org/public/v1/preview/C/A/HS"",""reporterCode"":704,""reporterISO"":""VNM"",""flowCode"":""X"",""cmdCode"":""090111"",""period"":""2020,2021,2022,2023,2024,2025"",""includeDesc"":true},{""endpoint"":""https://comtradeapi.un.org/public/v1/preview/C/A/HS"",""reporterCode"":76,""reporterISO"":""BRA"",""flowCode"":""X"",""cmdCode"":""090111"",""period"":""2020,2021,2022,2023,2024,2025"",""includeDesc"":true},{""endpoint"":""https://comtradeapi.un.org/public/v1/preview/C/A/HS"",""reporterCode"":360,""reporterISO"":""IDN"",""flowCode"":""X"",""cmdCode"":""090111"",""period"":""2020,2021,2022,2023,2024,2025"",""includeDesc"":true}]}",C,A,20240101,2024,76,BRA,Brazil,51,ARM,Armenia,0,W00,World,X,Export,H6,090111,Coffee; not roasted or decaffeinated,C00,TOTAL CPC,0,TOTAL MOT,8,kg,250000,249575,0,917859,true,false,true,"{""typeCode"":""C"",""freqCode"":""A"",""refPeriodId"":20240101,""refYear"":2024,""refMonth"":52,""period"":""2024"",""reporterCode"":76,""reporterISO"":""BRA"",""reporterDesc"":""Brazil"",""flowCode"":""X"",""flowDesc"":""Export"",""partnerCode"":51,""partnerISO"":""ARM"",""partnerDesc"":""Armenia"",""partner2Code"":0,""partner2ISO"":""W00"",""partner2Desc"":""World"",""classificationCode"":""H6"",""classificationSearchCode"":""HS"",""isOriginalClassification"":true,""cmdCode"":""090111"",""cmdDesc"":""Coffee; not roasted or decaffeinated"",""aggrLevel"":6,""isLeaf"":true,""customsCode"":""C00"",""customsDesc"":""TOTAL CPC"",""mosCode"":""0"",""motCode"":0,""motDesc"":""TOTAL MOT"",""qtyUnitCode"":8,""qtyUnitAbbr"":""kg"",""qty"":250000,""isQtyEstimated"":false,""altQtyUnitCode"":21,""altQtyUnitAbbr"":""1000 KG"",""altQty"":250,""isAltQtyEstimated"":false,""netWgt"":249575,""isNetWgtEstimated"":false,""grossWgt"":0,""isGrossWgtEstimated"":false,""cifvalue"":null,""fobvalue"":917859,""primaryValue"":917859,""legacyEstimationFlag"":0,""isReported"":false,""isAggregate"":true}"
,UN Comtrade,https://comtradeapi.un.org/public/v1/preview/C/A/HS?reporterCode=76&flowCode=X&cmdCode=090111&period=2024&includeDesc=true,2026-05-30T18:34:22.015Z,"{""reporters"":[{""endpoint"":""https://comtradeapi.un.org/public/v1/preview/C/A/HS"",""reporterCode"":704,""reporterISO"":""VNM"",""flowCode"":""X"",""cmdCode"":""090111"",""period"":""2020,2021,2022,2023,2024,2025"",""includeDesc"":true},{""endpoint"":""https://comtradeapi.un.org/public/v1/preview/C/A/HS"",""reporterCode"":76,""reporterISO"":""BRA"",""flowCode"":""X"",""cmdCode"":""090111"",""period"":""2020,2021,2022,2023,2024,2025"",""includeDesc"":true},{""endpoint"":""https://comtradeapi.un.org/public/v1/preview/C/A/HS"",""reporterCode"":360,""reporterISO"":""IDN"",""flowCode"":""X"",""cmdCode"":""090111"",""period"":""2020,2021,2022,2023,2024,2025"",""includeDesc"":true}]}",C,A,20240101,2024,76,BRA,Brazil,52,BRB,Barbados,0,W00,World,X,Export,H6,090111,Coffee; not roasted or decaffeinated,C00,TOTAL CPC,0,TOTAL MOT,8,kg,2,2,0,46,true,false,true,"{""typeCode"":""C"",""freqCode"":""A"",""refPeriodId"":20240101,""refYear"":2024,""refMonth"":52,""period"":""2024"",""reporterCode"":76,""reporterISO"":""BRA"",""reporterDesc"":""Brazil"",""flowCode"":""X"",""flowDesc"":""Export"",""partnerCode"":52,""partnerISO"":""BRB"",""partnerDesc"":""Barbados"",""partner2Code"":0,""partner2ISO"":""W00"",""partner2Desc"":""World"",""classificationCode"":""H6"",""classificationSearchCode"":""HS"",""isOriginalClassification"":true,""cmdCode"":""090111"",""cmdDesc"":""Coffee; not roasted or decaffeinated"",""aggrLevel"":6,""isLeaf"":true,""customsCode"":""C00"",""customsDesc"":""TOTAL CPC"",""mosCode"":""0"",""motCode"":0,""motDesc"":""TOTAL MOT"",""qtyUnitCode"":8,""qtyUnitAbbr"":""kg"",""qty"":2,""isQtyEstimated"":false,""altQtyUnitCode"":8,""altQtyUnitAbbr"":""kg"",""altQty"":2,""isAltQtyEstimated"":false,""netWgt"":2,""isNetWgtEstimated"":false,""grossWgt"":0,""isGrossWgtEstimated"":false,""cifvalue"":null,""fobvalue"":46,""primaryValue"":46,""legacyEstimationFlag"":0,""isReported"":false,""isAggregate"":true}"
,UN Comtrade,https://comtradeapi.un.org/public/v1/preview/C/A/HS?reporterCode=76&flowCode=X&cmdCode=090111&period=2024&includeDesc=true,2026-05-30T18:34:22.015Z,"{""reporters"":[{""endpoint"":""https://comtradeapi.un.org/public/v1/preview/C/A/HS"",""reporterCode"":704,""reporterISO"":""VNM"",""flowCode"":""X"",""cmdCode"":""090111"",""period"":""2020,2021,2022,2023,2024,2025"",""includeDesc"":true},{""endpoint"":""https://comtradeapi.un.org/public/v1/preview/C/A/HS"",""reporterCode"":76,""reporterISO"":""BRA"",""flowCode"":""X"",""cmdCode"":""090111"",""period"":""2020,2021,2022,2023,2024,2025"",""includeDesc"":true},{""endpoint"":""https://comtradeapi.un.org/public/v1/preview/C/A/HS"",""reporterCode"":360,""reporterISO"":""IDN"",""flowCode"":""X"",""cmdCode"":""090111"",""period"":""2020,2021,2022,2023,2024,2025"",""includeDesc"":true}]}",C,A,20240101,2024,76,BRA,Brazil,56,BEL,Belgium,0,W00,World,X,Export,H6,090111,Coffee; not roasted or decaffeinated,C00,TOTAL CPC,0,TOTAL MOT,8,kg,748188000,261871862,0,1099104580,true,false,true,"{""typeCode"":""C"",""freqCode"":""A"",""refPeriodId"":20240101,""refYear"":2024,""refMonth"":52,""period"":""2024"",""reporterCode"":76,""reporterISO"":""BRA"",""reporterDesc"":""Brazil"",""flowCode"":""X"",""flowDesc"":""Export"",""partnerCode"":56,""partnerISO"":""BEL"",""partnerDesc"":""Belgium"",""partner2Code"":0,""partner2ISO"":""W00"",""partner2Desc"":""World"",""classificationCode"":""H6"",""classificationSearchCode"":""HS"",""isOriginalClassification"":true,""cmdCode"":""090111"",""cmdDesc"":""Coffee; not roasted or decaffeinated"",""aggrLevel"":6,""isLeaf"":true,""customsCode"":""C00"",""customsDesc"":""TOTAL CPC"",""mosCode"":""0"",""motCode"":0,""motDesc"":""TOTAL MOT"",""qtyUnitCode"":8,""qtyUnitAbbr"":""kg"",""qty"":748188000,""isQtyEstimated"":false,""altQtyUnitCode"":21,""altQtyUnitAbbr"":""1000 KG"",""altQty"":748188,""isAltQtyEstimated"":false,""netWgt"":261871862,""isNetWgtEstimated"":false,""grossWgt"":0,""isGrossWgtEstimated"":false,""cifvalue"":null,""fobvalue"":1099104580,""primaryValue"":1099104580,""legacyEstimationFlag"":0,""isReported"":false,""isAggregate"":true}"
,UN Comtrade,https://comtradeapi.un.org/public/v1/preview/C/A/HS?reporterCode=76&flowCode=X&cmdCode=090111&period=2024&includeDesc=true,2026-05-30T18:34:22.015Z,"{""reporters"":[{""endpoint"":""https://comtradeapi.un.org/public/v1/preview/C/A/HS"",""reporterCode"":704,""reporterISO"":""VNM"",""flowCode"":""X"",""cmdCode"":""090111"",""period"":""2020,2021,2022,2023,2024,2025"",""includeDesc"":true},{""endpoint"":""https://comtradeapi.un.org/public/v1/preview/C/A/HS"",""reporterCode"":76,""reporterISO"":""BRA"",""flowCode"":""X"",""cmdCode"":""090111"",""period"":""2020,2021,2022,2023,2024,2025"",""includeDesc"":true},{""endpoint"":""https://comtradeapi.un.org/public/v1/preview/C/A/HS"",""reporterCode"":360,""reporterISO"":""IDN"",""flowCode"":""X"",""cmdCode"":""090111"",""period"":""2020,2021,2022,2023,2024,2025"",""includeDesc"":true}]}",C,A,20240101,2024,76,BRA,Brazil,60,BMU,Bermuda,0,W00,World,X,Export,H6,090111,Coffee; not roasted or decaffeinated,C00,TOTAL CPC,0,TOTAL MOT,8,kg,9,9,0,90,true,false,true,"{""typeCode"":""C"",""freqCode"":""A"",""refPeriodId"":20240101,""refYear"":2024,""refMonth"":52,""period"":""2024"",""reporterCode"":76,""reporterISO"":""BRA"",""reporterDesc"":""Brazil"",""flowCode"":""X"",""flowDesc"":""Export"",""partnerCode"":60,""partnerISO"":""BMU"",""partnerDesc"":""Bermuda"",""partner2Code"":0,""partner2ISO"":""W00"",""partner2Desc"":""World"",""classificationCode"":""H6"",""classificationSearchCode"":""HS"",""isOriginalClassification"":true,""cmdCode"":""090111"",""cmdDesc"":""Coffee; not roasted or decaffeinated"",""aggrLevel"":6,""isLeaf"":true,""customsCode"":""C00"",""customsDesc"":""TOTAL CPC"",""mosCode"":""0"",""motCode"":0,""motDesc"":""TOTAL MOT"",""qtyUnitCode"":8,""qtyUnitAbbr"":""kg"",""qty"":9,""isQtyEstimated"":false,""altQtyUnitCode"":8,""altQtyUnitAbbr"":""kg"",""altQty"":9,""isAltQtyEstimated"":false,""netWgt"":9,""isNetWgtEstimated"":false,""grossWgt"":0,""isGrossWgtEstimated"":false,""cifvalue"":null,""fobvalue"":90,""primaryValue"":90,""legacyEstimationFlag"":0,""isReported"":false,""isAggregate"":true}"
,UN Comtrade,https://comtradeapi.un.org/public/v1/preview/C/A/HS?reporterCode=76&flowCode=X&cmdCode=090111&period=2024&includeDesc=true,2026-05-30T18:34:22.015Z,"{""reporters"":[{""endpoint"":""https://comtradeapi.un.org/public/v1/preview/C/A/HS"",""reporterCode"":704,""reporterISO"":""VNM"",""flowCode"":""X"",""cmdCode"":""090111"",""period"":""2020,2021,2022,2023,2024,2025"",""includeDesc"":true},{""endpoint"":""https://comtradeapi.un.org/public/v1/preview/C/A/HS"",""reporterCode"":76,""reporterISO"":""BRA"",""flowCode"":""X"",""cmdCode"":""090111"",""period"":""2020,2021,2022,2023,2024,2025"",""includeDesc"":true},{""endpoint"":""https://comtradeapi.un.org/public/v1/preview/C/A/HS"",""reporterCode"":360,""reporterISO"":""IDN"",""flowCode"":""X"",""cmdCode"":""090111"",""period"":""2020,2021,2022,2023,2024,2025"",""includeDesc"":true}]}",C,A,20240101,2024,76,BRA,Brazil,68,BOL,Bolivia (Plurinational State of),0,W00,World,X,Export,H6,090111,Coffee; not roasted or decaffeinated,C00,TOTAL CPC,0,TOTAL MOT,8,kg,6000,5900,0,26339,true,false,true,"{""typeCode"":""C"",""freqCode"":""A"",""refPeriodId"":20240101,""refYear"":2024,""refMonth"":52,""period"":""2024"",""reporterCode"":76,""reporterISO"":""BRA"",""reporterDesc"":""Brazil"",""flowCode"":""X"",""flowDesc"":""Export"",""partnerCode"":68,""partnerISO"":""BOL"",""partnerDesc"":""Bolivia (Plurinational State of)"",""partner2Code"":0,""partner2ISO"":""W00"",""partner2Desc"":""World"",""classificationCode"":""H6"",""classificationSearchCode"":""HS"",""isOriginalClassification"":true,""cmdCode"":""090111"",""cmdDesc"":""Coffee; not roasted or decaffeinated"",""aggrLevel"":6,""isLeaf"":true,""customsCode"":""C00"",""customsDesc"":""TOTAL CPC"",""mosCode"":""0"",""motCode"":0,""motDesc"":""TOTAL MOT"",""qtyUnitCode"":8,""qtyUnitAbbr"":""kg"",""qty"":6000,""isQtyEstimated"":false,""altQtyUnitCode"":21,""altQtyUnitAbbr"":""1000 KG"",""altQty"":6,""isAltQtyEstimated"":false,""netWgt"":5900,""isNetWgtEstimated"":false,""grossWgt"":0,""isGrossWgtEstimated"":false,""cifvalue"":null,""fobvalue"":26339,""primaryValue"":26339,""legacyEstimationFlag"":0,""isReported"":false,""isAggregate"":true}"
,UN Comtrade,https://comtradeapi.un.org/public/v1/preview/C/A/HS?reporterCode=76&flowCode=X&cmdCode=090111&period=2024&includeDesc=true,2026-05-30T18:34:22.015Z,"{""reporters"":[{""endpoint"":""https://comtradeapi.un.org/public/v1/preview/C/A/HS"",""reporterCode"":704,""reporterISO"":""VNM"",""flowCode"":""X"",""cmdCode"":""090111"",""period"":""2020,2021,2022,2023,2024,2025"",""includeDesc"":true},{""endpoint"":""https://comtradeapi.un.org/public/v1/preview/C/A/HS"",""reporterCode"":76,""reporterISO"":""BRA"",""flowCode"":""X"",""cmdCode"":""090111"",""period"":""2020,2021,2022,2023,2024,2025"",""includeDesc"":true},{""endpoint"":""https://comtradeapi.un.org/public/v1/preview/C/A/HS"",""reporterCode"":360,""reporterISO"":""IDN"",""flowCode"":""X"",""cmdCode"":""090111"",""period"":""2020,2021,2022,2023,2024,2025"",""includeDesc"":true}]}",C,A,20240101,2024,76,BRA,Brazil,100,BGR,Bulgaria,0,W00,World,X,Export,H6,090111,Coffee; not roasted or decaffeinated,C00,TOTAL CPC,0,TOTAL MOT,8,kg,158680,160070,0,588311,true,false,true,"{""typeCode"":""C"",""freqCode"":""A"",""refPeriodId"":20240101,""refYear"":2024,""refMonth"":52,""period"":""2024"",""reporterCode"":76,""reporterISO"":""BRA"",""reporterDesc"":""Brazil"",""flowCode"":""X"",""flowDesc"":""Export"",""partnerCode"":100,""partnerISO"":""BGR"",""partnerDesc"":""Bulgaria"",""partner2Code"":0,""partner2ISO"":""W00"",""partner2Desc"":""World"",""classificationCode"":""H6"",""classificationSearchCode"":""HS"",""isOriginalClassification"":true,""cmdCode"":""090111"",""cmdDesc"":""Coffee; not roasted or decaffeinated"",""aggrLevel"":6,""isLeaf"":true,""customsCode"":""C00"",""customsDesc"":""TOTAL CPC"",""mosCode"":""0"",""motCode"":0,""motDesc"":""TOTAL MOT"",""qtyUnitCode"":8,""qtyUnitAbbr"":""kg"",""qty"":158680,""isQtyEstimated"":false,""altQtyUnitCode"":-1,""altQtyUnitAbbr"":""N/A"",""altQty"":0,""isAltQtyEstimated"":false,""netWgt"":160070,""isNetWgtEstimated"":false,""grossWgt"":0,""isGrossWgtEstimated"":false,""cifvalue"":null,""fobvalue"":588311,""primaryValue"":588311,""legacyEstimationFlag"":0,""isReported"":false,""isAggregate"":true}"
,UN Comtrade,https://comtradeapi.un.org/public/v1/preview/C/A/HS?reporterCode=76&flowCode=X&cmdCode=090111&period=2024&includeDesc=true,2026-05-30T18:34:22.015Z,"{""reporters"":[{""endpoint"":""https://comtradeapi.un.org/public/v1/preview/C/A/HS"",""reporterCode"":704,""reporterISO"":""VNM"",""flowCode"":""X"",""cmdCode"":""090111"",""period"":""2020,2021,2022,2023,2024,2025"",""includeDesc"":true},{""endpoint"":""https://comtradeapi.un.org/public/v1/preview/C/A/HS"",""reporterCode"":76,""reporterISO"":""BRA"",""flowCode"":""X"",""cmdCode"":""090111"",""period"":""2020,2021,2022,2023,2024,2025"",""includeDesc"":true},{""endpoint"":""https://comtradeapi.un.org/public/v1/preview/C/A/HS"",""reporterCode"":360,""reporterISO"":""IDN"",""flowCode"":""X"",""cmdCode"":""090111"",""period"":""2020,2021,2022,2023,2024,2025"",""includeDesc"":true}]}",C,A,20240101,2024,76,BRA,Brazil,112,BLR,Belarus,0,W00,World,X,Export,H6,090111,Coffee; not roasted or decaffeinated,C00,TOTAL CPC,0,TOTAL MOT,8,kg,66000,66400,0,249991,true,false,true,"{""typeCode"":""C"",""freqCode"":""A"",""refPeriodId"":20240101,""refYear"":2024,""refMonth"":52,""period"":""2024"",""reporterCode"":76,""reporterISO"":""BRA"",""reporterDesc"":""Brazil"",""flowCode"":""X"",""flowDesc"":""Export"",""partnerCode"":112,""partnerISO"":""BLR"",""partnerDesc"":""Belarus"",""partner2Code"":0,""partner2ISO"":""W00"",""partner2Desc"":""World"",""classificationCode"":""H6"",""classificationSearchCode"":""HS"",""isOriginalClassification"":true,""cmdCode"":""090111"",""cmdDesc"":""Coffee; not roasted or decaffeinated"",""aggrLevel"":6,""isLeaf"":true,""customsCode"":""C00"",""customsDesc"":""TOTAL CPC"",""mosCode"":""0"",""motCode"":0,""motDesc"":""TOTAL MOT"",""qtyUnitCode"":8,""qtyUnitAbbr"":""kg"",""qty"":66000,""isQtyEstimated"":false,""altQtyUnitCode"":21,""altQtyUnitAbbr"":""1000 KG"",""altQty"":66,""isAltQtyEstimated"":false,""netWgt"":66400,""isNetWgtEstimated"":false,""grossWgt"":0,""isGrossWgtEstimated"":false,""cifvalue"":null,""fobvalue"":249991,""primaryValue"":249991,""legacyEstimationFlag"":0,""isReported"":false,""isAggregate"":true}"
,UN Comtrade,https://comtradeapi.un.org/public/v1/preview/C/A/HS?reporterCode=76&flowCode=X&cmdCode=090111&period=2024&includeDesc=true,2026-05-30T18:34:22.015Z,"{""reporters"":[{""endpoint"":""https://comtradeapi.un.org/public/v1/preview/C/A/HS"",""reporterCode"":704,""reporterISO"":""VNM"",""flowCode"":""X"",""cmdCode"":""090111"",""period"":""2020,2021,2022,2023,2024,2025"",""includeDesc"":true},{""endpoint"":""https://comtradeapi.un.org/public/v1/preview/C/A/HS"",""reporterCode"":76,""reporterISO"":""BRA"",""flowCode"":""X"",""cmdCode"":""090111"",""period"":""2020,2021,2022,2023,2024,2025"",""includeDesc"":true},{""endpoint"":""https://comtradeapi.un.org/public/v1/preview/C/A/HS"",""reporterCode"":360,""reporterISO"":""IDN"",""flowCode"":""X"",""cmdCode"":""090111"",""period"":""2020,2021,2022,2023,2024,2025"",""includeDesc"":true}]}",C,A,20240101,2024,76,BRA,Brazil,124,CAN,Canada,0,W00,World,X,Export,H6,090111,Coffee; not roasted or decaffeinated,C00,TOTAL CPC,0,TOTAL MOT,8,kg,179665193.724,53916807.724,0,231347296,true,false,true,"{""typeCode"":""C"",""freqCode"":""A"",""refPeriodId"":20240101,""refYear"":2024,""refMonth"":52,""period"":""2024"",""reporterCode"":76,""reporterISO"":""BRA"",""reporterDesc"":""Brazil"",""flowCode"":""X"",""flowDesc"":""Export"",""partnerCode"":124,""partnerISO"":""CAN"",""partnerDesc"":""Canada"",""partner2Code"":0,""partner2ISO"":""W00"",""partner2Desc"":""World"",""classificationCode"":""H6"",""classificationSearchCode"":""HS"",""isOriginalClassification"":true,""cmdCode"":""090111"",""cmdDesc"":""Coffee; not roasted or decaffeinated"",""aggrLevel"":6,""isLeaf"":true,""customsCode"":""C00"",""customsDesc"":""TOTAL CPC"",""mosCode"":""0"",""motCode"":0,""motDesc"":""TOTAL MOT"",""qtyUnitCode"":8,""qtyUnitAbbr"":""kg"",""qty"":179665193.724,""isQtyEstimated"":true,""altQtyUnitCode"":-1,""altQtyUnitAbbr"":""N/A"",""altQty"":0,""isAltQtyEstimated"":false,""netWgt"":53916807.724,""isNetWgtEstimated"":true,""grossWgt"":0,""isGrossWgtEstimated"":false,""cifvalue"":null,""fobvalue"":231347296,""primaryValue"":231347296,""legacyEstimationFlag"":6,""isReported"":false,""isAggregate"":true}"
,UN Comtrade,https://comtradeapi.un.org/public/v1/preview/C/A/HS?reporterCode=76&flowCode=X&cmdCode=090111&period=2024&includeDesc=true,2026-05-30T18:34:22.015Z,"{""reporters"":[{""endpoint"":""https://comtradeapi.un.org/public/v1/preview/C/A/HS"",""reporterCode"":704,""reporterISO"":""VNM"",""flowCode"":""X"",""cmdCode"":""090111"",""period"":""2020,2021,2022,2023,2024,2025"",""includeDesc"":true},{""endpoint"":""https://comtradeapi.un.org/public/v1/preview/C/A/HS"",""reporterCode"":76,""reporterISO"":""BRA"",""flowCode"":""X"",""cmdCode"":""090111"",""period"":""2020,2021,2022,2023,2024,2025"",""includeDesc"":true},{""endpoint"":""https://comtradeapi.un.org/public/v1/preview/C/A/HS"",""reporterCode"":360,""reporterISO"":""IDN"",""flowCode"":""X"",""cmdCode"":""090111"",""period"":""2020,2021,2022,2023,2024,2025"",""includeDesc"":true}]}",C,A,20240101,2024,76,BRA,Brazil,132,CPV,Cabo Verde,0,W00,World,X,Export,H6,090111,Coffee; not roasted or decaffeinated,C00,TOTAL CPC,0,TOTAL MOT,8,kg,250000,248864,0,1041322,true,false,true,"{""typeCode"":""C"",""freqCode"":""A"",""refPeriodId"":20240101,""refYear"":2024,""refMonth"":52,""period"":""2024"",""reporterCode"":76,""reporterISO"":""BRA"",""reporterDesc"":""Brazil"",""flowCode"":""X"",""flowDesc"":""Export"",""partnerCode"":132,""partnerISO"":""CPV"",""partnerDesc"":""Cabo Verde"",""partner2Code"":0,""partner2ISO"":""W00"",""partner2Desc"":""World"",""classificationCode"":""H6"",""classificationSearchCode"":""HS"",""isOriginalClassification"":true,""cmdCode"":""090111"",""cmdDesc"":""Coffee; not roasted or decaffeinated"",""aggrLevel"":6,""isLeaf"":true,""customsCode"":""C00"",""customsDesc"":""TOTAL CPC"",""mosCode"":""0"",""motCode"":0,""motDesc"":""TOTAL MOT"",""qtyUnitCode"":8,""qtyUnitAbbr"":""kg"",""qty"":250000,""isQtyEstimated"":false,""altQtyUnitCode"":21,""altQtyUnitAbbr"":""1000 KG"",""altQty"":250,""isAltQtyEstimated"":false,""netWgt"":248864,""isNetWgtEstimated"":false,""grossWgt"":0,""isGrossWgtEstimated"":false,""cifvalue"":null,""fobvalue"":1041322,""primaryValue"":1041322,""legacyEstimationFlag"":0,""isReported"":false,""isAggregate"":true}"
,UN Comtrade,https://comtradeapi.un.org/public/v1/preview/C/A/HS?reporterCode=76&flowCode=X&cmdCode=090111&period=2024&includeDesc=true,2026-05-30T18:34:22.015Z,"{""reporters"":[{""endpoint"":""https://comtradeapi.un.org/public/v1/preview/C/A/HS"",""reporterCode"":704,""reporterISO"":""VNM"",""flowCode"":""X"",""cmdCode"":""090111"",""period"":""2020,2021,2022,2023,2024,2025"",""includeDesc"":true},{""endpoint"":""https://comtradeapi.un.org/public/v1/preview/C/A/HS"",""reporterCode"":76,""reporterISO"":""BRA"",""flowCode"":""X"",""cmdCode"":""090111"",""period"":""2020,2021,2022,2023,2024,2025"",""includeDesc"":true},{""endpoint"":""https://comtradeapi.un.org/public/v1/preview/C/A/HS"",""reporterCode"":360,""reporterISO"":""IDN"",""flowCode"":""X"",""cmdCode"":""090111"",""period"":""2020,2021,2022,2023,2024,2025"",""includeDesc"":true}]}",C,A,20240101,2024,76,BRA,Brazil,136,CYM,Cayman Isds,0,W00,World,X,Export,H6,090111,Coffee; not roasted or decaffeinated,C00,TOTAL CPC,0,TOTAL MOT,8,kg,2,2,0,13,true,false,true,"{""typeCode"":""C"",""freqCode"":""A"",""refPeriodId"":20240101,""refYear"":2024,""refMonth"":52,""period"":""2024"",""reporterCode"":76,""reporterISO"":""BRA"",""reporterDesc"":""Brazil"",""flowCode"":""X"",""flowDesc"":""Export"",""partnerCode"":136,""partnerISO"":""CYM"",""partnerDesc"":""Cayman Isds"",""partner2Code"":0,""partner2ISO"":""W00"",""partner2Desc"":""World"",""classificationCode"":""H6"",""classificationSearchCode"":""HS"",""isOriginalClassification"":true,""cmdCode"":""090111"",""cmdDesc"":""Coffee; not roasted or decaffeinated"",""aggrLevel"":6,""isLeaf"":true,""customsCode"":""C00"",""customsDesc"":""TOTAL CPC"",""mosCode"":""0"",""motCode"":0,""motDesc"":""TOTAL MOT"",""qtyUnitCode"":8,""qtyUnitAbbr"":""kg"",""qty"":2,""isQtyEstimated"":false,""altQtyUnitCode"":8,""altQtyUnitAbbr"":""kg"",""altQty"":2,""isAltQtyEstimated"":false,""netWgt"":2,""isNetWgtEstimated"":false,""grossWgt"":0,""isGrossWgtEstimated"":false,""cifvalue"":null,""fobvalue"":13,""primaryValue"":13,""legacyEstimationFlag"":0,""isReported"":false,""isAggregate"":true}"
,UN Comtrade,https://comtradeapi.un.org/public/v1/preview/C/A/HS?reporterCode=76&flowCode=X&cmdCode=090111&period=2024&includeDesc=true,2026-05-30T18:34:22.015Z,"{""reporters"":[{""endpoint"":""https://comtradeapi.un.org/public/v1/preview/C/A/HS"",""reporterCode"":704,""reporterISO"":""VNM"",""flowCode"":""X"",""cmdCode"":""090111"",""period"":""2020,2021,2022,2023,2024,2025"",""includeDesc"":true},{""endpoint"":""https://comtradeapi.un.org/public/v1/preview/C/A/HS"",""reporterCode"":76,""reporterISO"":""BRA"",""flowCode"":""X"",""cmdCode"":""090111"",""period"":""2020,2021,2022,2023,2024,2025"",""includeDesc"":true},{""endpoint"":""https://comtradeapi.un.org/public/v1/preview/C/A/HS"",""reporterCode"":360,""reporterISO"":""IDN"",""flowCode"":""X"",""cmdCode"":""090111"",""period"":""2020,2021,2022,2023,2024,2025"",""includeDesc"":true}]}",C,A,20240101,2024,76,BRA,Brazil,152,CHL,Chile,0,W00,World,X,Export,H6,090111,Coffee; not roasted or decaffeinated,C00,TOTAL CPC,0,TOTAL MOT,8,kg,10877797,10874272,0,39009515,true,false,true,"{""typeCode"":""C"",""freqCode"":""A"",""refPeriodId"":20240101,""refYear"":2024,""refMonth"":52,""period"":""2024"",""reporterCode"":76,""reporterISO"":""BRA"",""reporterDesc"":""Brazil"",""flowCode"":""X"",""flowDesc"":""Export"",""partnerCode"":152,""partnerISO"":""CHL"",""partnerDesc"":""Chile"",""partner2Code"":0,""partner2ISO"":""W00"",""partner2Desc"":""World"",""classificationCode"":""H6"",""classificationSearchCode"":""HS"",""isOriginalClassification"":true,""cmdCode"":""090111"",""cmdDesc"":""Coffee; not roasted or decaffeinated"",""aggrLevel"":6,""isLeaf"":true,""customsCode"":""C00"",""customsDesc"":""TOTAL CPC"",""mosCode"":""0"",""motCode"":0,""motDesc"":""TOTAL MOT"",""qtyUnitCode"":8,""qtyUnitAbbr"":""kg"",""qty"":10877797,""isQtyEstimated"":false,""altQtyUnitCode"":-1,""altQtyUnitAbbr"":""N/A"",""altQty"":0,""isAltQtyEstimated"":false,""netWgt"":10874272,""isNetWgtEstimated"":false,""grossWgt"":0,""isGrossWgtEstimated"":false,""cifvalue"":null,""fobvalue"":39009515,""primaryValue"":39009515,""legacyEstimationFlag"":0,""isReported"":false,""isAggregate"":true}"
,UN Comtrade,https://comtradeapi.un.org/public/v1/preview/C/A/HS?reporterCode=76&flowCode=X&cmdCode=090111&period=2024&includeDesc=true,2026-05-30T18:34:22.015Z,"{""reporters"":[{""endpoint"":""https://comtradeapi.un.org/public/v1/preview/C/A/HS"",""reporterCode"":704,""reporterISO"":""VNM"",""flowCode"":""X"",""cmdCode"":""090111"",""period"":""2020,2021,2022,2023,2024,2025"",""includeDesc"":true},{""endpoint"":""https://comtradeapi.un.org/public/v1/preview/C/A/HS"",""reporterCode"":76,""reporterISO"":""BRA"",""flowCode"":""X"",""cmdCode"":""090111"",""period"":""2020,2021,2022,2023,2024,2025"",""includeDesc"":true},{""endpoint"":""https://comtradeapi.un.org/public/v1/preview/C/A/HS"",""reporterCode"":360,""reporterISO"":""IDN"",""flowCode"":""X"",""cmdCode"":""090111"",""period"":""2020,2021,2022,2023,2024,2025"",""includeDesc"":true}]}",C,A,20240101,2024,76,BRA,Brazil,156,CHN,China,0,W00,World,X,Export,H6,090111,Coffee; not roasted or decaffeinated,C00,TOTAL CPC,0,TOTAL MOT,8,kg,113460981,55739208,0,213588991,true,false,true,"{""typeCode"":""C"",""freqCode"":""A"",""refPeriodId"":20240101,""refYear"":2024,""refMonth"":52,""period"":""2024"",""reporterCode"":76,""reporterISO"":""BRA"",""reporterDesc"":""Brazil"",""flowCode"":""X"",""flowDesc"":""Export"",""partnerCode"":156,""partnerISO"":""CHN"",""partnerDesc"":""China"",""partner2Code"":0,""partner2ISO"":""W00"",""partner2Desc"":""World"",""classificationCode"":""H6"",""classificationSearchCode"":""HS"",""isOriginalClassification"":true,""cmdCode"":""090111"",""cmdDesc"":""Coffee; not roasted or decaffeinated"",""aggrLevel"":6,""isLeaf"":true,""customsCode"":""C00"",""customsDesc"":""TOTAL CPC"",""mosCode"":""0"",""motCode"":0,""motDesc"":""TOTAL MOT"",""qtyUnitCode"":8,""qtyUnitAbbr"":""kg"",""qty"":113460981,""isQtyEstimated"":false,""altQtyUnitCode"":-1,""altQtyUnitAbbr"":""N/A"",""altQty"":0,""isAltQtyEstimated"":false,""netWgt"":55739208,""isNetWgtEstimated"":false,""grossWgt"":0,""isGrossWgtEstimated"":false,""cifvalue"":null,""fobvalue"":213588991,""primaryValue"":213588991,""legacyEstimationFlag"":0,""isReported"":false,""isAggregate"":true}"
,UN Comtrade,https://comtradeapi.un.org/public/v1/preview/C/A/HS?reporterCode=76&flowCode=X&cmdCode=090111&period=2024&includeDesc=true,2026-05-30T18:34:22.015Z,"{""reporters"":[{""endpoint"":""https://comtradeapi.un.org/public/v1/preview/C/A/HS"",""reporterCode"":704,""reporterISO"":""VNM"",""flowCode"":""X"",""cmdCode"":""090111"",""period"":""2020,2021,2022,2023,2024,2025"",""includeDesc"":true},{""endpoint"":""https://comtradeapi.un.org/public/v1/preview/C/A/HS"",""reporterCode"":76,""reporterISO"":""BRA"",""flowCode"":""X"",""cmdCode"":""090111"",""period"":""2020,2021,2022,2023,2024,2025"",""includeDesc"":true},{""endpoint"":""https://comtradeapi.un.org/public/v1/preview/C/A/HS"",""reporterCode"":360,""reporterISO"":""IDN"",""flowCode"":""X"",""cmdCode"":""090111"",""period"":""2020,2021,2022,2023,2024,2025"",""includeDesc"":true}]}",C,A,20240101,2024,76,BRA,Brazil,170,COL,Colombia,0,W00,World,X,Export,H6,090111,Coffee; not roasted or decaffeinated,C00,TOTAL CPC,0,TOTAL MOT,8,kg,26154000,26154500,0,82703386,true,false,true,"{""typeCode"":""C"",""freqCode"":""A"",""refPeriodId"":20240101,""refYear"":2024,""refMonth"":52,""period"":""2024"",""reporterCode"":76,""reporterISO"":""BRA"",""reporterDesc"":""Brazil"",""flowCode"":""X"",""flowDesc"":""Export"",""partnerCode"":170,""partnerISO"":""COL"",""partnerDesc"":""Colombia"",""partner2Code"":0,""partner2ISO"":""W00"",""partner2Desc"":""World"",""classificationCode"":""H6"",""classificationSearchCode"":""HS"",""isOriginalClassification"":true,""cmdCode"":""090111"",""cmdDesc"":""Coffee; not roasted or decaffeinated"",""aggrLevel"":6,""isLeaf"":true,""customsCode"":""C00"",""customsDesc"":""TOTAL CPC"",""mosCode"":""0"",""motCode"":0,""motDesc"":""TOTAL MOT"",""qtyUnitCode"":8,""qtyUnitAbbr"":""kg"",""qty"":26154000,""isQtyEstimated"":false,""altQtyUnitCode"":21,""altQtyUnitAbbr"":""1000 KG"",""altQty"":26154,""isAltQtyEstimated"":false,""netWgt"":26154500,""isNetWgtEstimated"":false,""grossWgt"":0,""isGrossWgtEstimated"":false,""cifvalue"":null,""fobvalue"":82703386,""primaryValue"":82703386,""legacyEstimationFlag"":0,""isReported"":false,""isAggregate"":true}"
,UN Comtrade,https://comtradeapi.un.org/public/v1/preview/C/A/HS?reporterCode=76&flowCode=X&cmdCode=090111&period=2024&includeDesc=true,2026-05-30T18:34:22.015Z,"{""reporters"":[{""endpoint"":""https://comtradeapi.un.org/public/v1/preview/C/A/HS"",""reporterCode"":704,""reporterISO"":""VNM"",""flowCode"":""X"",""cmdCode"":""090111"",""period"":""2020,2021,2022,2023,2024,2025"",""includeDesc"":true},{""endpoint"":""https://comtradeapi.un.org/public/v1/preview/C/A/HS"",""reporterCode"":76,""reporterISO"":""BRA"",""flowCode"":""X"",""cmdCode"":""090111"",""period"":""2020,2021,2022,2023,2024,2025"",""includeDesc"":true},{""endpoint"":""https://comtradeapi.un.org/public/v1/preview/C/A/HS"",""reporterCode"":360,""reporterISO"":""IDN"",""flowCode"":""X"",""cmdCode"":""090111"",""period"":""2020,2021,2022,2023,2024,2025"",""includeDesc"":true}]}",C,A,20240101,2024,76,BRA,Brazil,188,CRI,Costa Rica,0,W00,World,X,Export,H6,090111,Coffee; not roasted or decaffeinated,C00,TOTAL CPC,0,TOTAL MOT,8,kg,200000,200000,0,426000,true,false,true,"{""typeCode"":""C"",""freqCode"":""A"",""refPeriodId"":20240101,""refYear"":2024,""refMonth"":52,""period"":""2024"",""reporterCode"":76,""reporterISO"":""BRA"",""reporterDesc"":""Brazil"",""flowCode"":""X"",""flowDesc"":""Export"",""partnerCode"":188,""partnerISO"":""CRI"",""partnerDesc"":""Costa Rica"",""partner2Code"":0,""partner2ISO"":""W00"",""partner2Desc"":""World"",""classificationCode"":""H6"",""classificationSearchCode"":""HS"",""isOriginalClassification"":true,""cmdCode"":""090111"",""cmdDesc"":""Coffee; not roasted or decaffeinated"",""aggrLevel"":6,""isLeaf"":true,""customsCode"":""C00"",""customsDesc"":""TOTAL CPC"",""mosCode"":""0"",""motCode"":0,""motDesc"":""TOTAL MOT"",""qtyUnitCode"":8,""qtyUnitAbbr"":""kg"",""qty"":200000,""isQtyEstimated"":false,""altQtyUnitCode"":21,""altQtyUnitAbbr"":""1000 KG"",""altQty"":200,""isAltQtyEstimated"":false,""netWgt"":200000,""isNetWgtEstimated"":false,""grossWgt"":0,""isGrossWgtEstimated"":false,""cifvalue"":null,""fobvalue"":426000,""primaryValue"":426000,""legacyEstimationFlag"":0,""isReported"":false,""isAggregate"":true}"
,UN Comtrade,https://comtradeapi.un.org/public/v1/preview/C/A/HS?reporterCode=76&flowCode=X&cmdCode=090111&period=2024&includeDesc=true,2026-05-30T18:34:22.015Z,"{""reporters"":[{""endpoint"":""https://comtradeapi.un.org/public/v1/preview/C/A/HS"",""reporterCode"":704,""reporterISO"":""VNM"",""flowCode"":""X"",""cmdCode"":""090111"",""period"":""2020,2021,2022,2023,2024,2025"",""includeDesc"":true},{""endpoint"":""https://comtradeapi.un.org/public/v1/preview/C/A/HS"",""reporterCode"":76,""reporterISO"":""BRA"",""flowCode"":""X"",""cmdCode"":""090111"",""period"":""2020,2021,2022,2023,2024,2025"",""includeDesc"":true},{""endpoint"":""https://comtradeapi.un.org/public/v1/preview/C/A/HS"",""reporterCode"":360,""reporterISO"":""IDN"",""flowCode"":""X"",""cmdCode"":""090111"",""period"":""2020,2021,2022,2023,2024,2025"",""includeDesc"":true}]}",C,A,20240101,2024,76,BRA,Brazil,191,HRV,Croatia,0,W00,World,X,Export,H6,090111,Coffee; not roasted or decaffeinated,C00,TOTAL CPC,0,TOTAL MOT,8,kg,7751004,7872209,0,29222000,true,false,true,"{""typeCode"":""C"",""freqCode"":""A"",""refPeriodId"":20240101,""refYear"":2024,""refMonth"":52,""period"":""2024"",""reporterCode"":76,""reporterISO"":""BRA"",""reporterDesc"":""Brazil"",""flowCode"":""X"",""flowDesc"":""Export"",""partnerCode"":191,""partnerISO"":""HRV"",""partnerDesc"":""Croatia"",""partner2Code"":0,""partner2ISO"":""W00"",""partner2Desc"":""World"",""classificationCode"":""H6"",""classificationSearchCode"":""HS"",""isOriginalClassification"":true,""cmdCode"":""090111"",""cmdDesc"":""Coffee; not roasted or decaffeinated"",""aggrLevel"":6,""isLeaf"":true,""customsCode"":""C00"",""customsDesc"":""TOTAL CPC"",""mosCode"":""0"",""motCode"":0,""motDesc"":""TOTAL MOT"",""qtyUnitCode"":8,""qtyUnitAbbr"":""kg"",""qty"":7751004,""isQtyEstimated"":false,""altQtyUnitCode"":-1,""altQtyUnitAbbr"":""N/A"",""altQty"":0,""isAltQtyEstimated"":false,""netWgt"":7872209,""isNetWgtEstimated"":false,""grossWgt"":0,""isGrossWgtEstimated"":false,""cifvalue"":null,""fobvalue"":29222000,""primaryValue"":29222000,""legacyEstimationFlag"":0,""isReported"":false,""isAggregate"":true}"
,UN Comtrade,https://comtradeapi.un.org/public/v1/preview/C/A/HS?reporterCode=76&flowCode=X&cmdCode=090111&period=2024&includeDesc=true,2026-05-30T18:34:22.015Z,"{""reporters"":[{""endpoint"":""https://comtradeapi.un.org/public/v1/preview/C/A/HS"",""reporterCode"":704,""reporterISO"":""VNM"",""flowCode"":""X"",""cmdCode"":""090111"",""period"":""2020,2021,2022,2023,2024,2025"",""includeDesc"":true},{""endpoint"":""https://comtradeapi.un.org/public/v1/preview/C/A/HS"",""reporterCode"":76,""reporterISO"":""BRA"",""flowCode"":""X"",""cmdCode"":""090111"",""period"":""2020,2021,2022,2023,2024,2025"",""includeDesc"":true},{""endpoint"":""https://comtradeapi.un.org/public/v1/preview/C/A/HS"",""reporterCode"":360,""reporterISO"":""IDN"",""flowCode"":""X"",""cmdCode"":""090111"",""period"":""2020,2021,2022,2023,2024,2025"",""includeDesc"":true}]}",C,A,20240101,2024,76,BRA,Brazil,192,CUB,Cuba,0,W00,World,X,Export,H6,090111,Coffee; not roasted or decaffeinated,C00,TOTAL CPC,0,TOTAL MOT,8,kg,1679000,1674000,0,5669842,true,false,true,"{""typeCode"":""C"",""freqCode"":""A"",""refPeriodId"":20240101,""refYear"":2024,""refMonth"":52,""period"":""2024"",""reporterCode"":76,""reporterISO"":""BRA"",""reporterDesc"":""Brazil"",""flowCode"":""X"",""flowDesc"":""Export"",""partnerCode"":192,""partnerISO"":""CUB"",""partnerDesc"":""Cuba"",""partner2Code"":0,""partner2ISO"":""W00"",""partner2Desc"":""World"",""classificationCode"":""H6"",""classificationSearchCode"":""HS"",""isOriginalClassification"":true,""cmdCode"":""090111"",""cmdDesc"":""Coffee; not roasted or decaffeinated"",""aggrLevel"":6,""isLeaf"":true,""customsCode"":""C00"",""customsDesc"":""TOTAL CPC"",""mosCode"":""0"",""motCode"":0,""motDesc"":""TOTAL MOT"",""qtyUnitCode"":8,""qtyUnitAbbr"":""kg"",""qty"":1679000,""isQtyEstimated"":false,""altQtyUnitCode"":21,""altQtyUnitAbbr"":""1000 KG"",""altQty"":1679,""isAltQtyEstimated"":false,""netWgt"":1674000,""isNetWgtEstimated"":false,""grossWgt"":0,""isGrossWgtEstimated"":false,""cifvalue"":null,""fobvalue"":5669842,""primaryValue"":5669842,""legacyEstimationFlag"":0,""isReported"":false,""isAggregate"":true}"
,UN Comtrade,https://comtradeapi.un.org/public/v1/preview/C/A/HS?reporterCode=76&flowCode=X&cmdCode=090111&period=2024&includeDesc=true,2026-05-30T18:34:22.015Z,"{""reporters"":[{""endpoint"":""https://comtradeapi.un.org/public/v1/preview/C/A/HS"",""reporterCode"":704,""reporterISO"":""VNM"",""flowCode"":""X"",""cmdCode"":""090111"",""period"":""2020,2021,2022,2023,2024,2025"",""includeDesc"":true},{""endpoint"":""https://comtradeapi.un.org/public/v1/preview/C/A/HS"",""reporterCode"":76,""reporterISO"":""BRA"",""flowCode"":""X"",""cmdCode"":""090111"",""period"":""2020,2021,2022,2023,2024,2025"",""includeDesc"":true},{""endpoint"":""https://comtradeapi.un.org/public/v1/preview/C/A/HS"",""reporterCode"":360,""reporterISO"":""IDN"",""flowCode"":""X"",""cmdCode"":""090111"",""period"":""2020,2021,2022,2023,2024,2025"",""includeDesc"":true}]}",C,A,20240101,2024,76,BRA,Brazil,196,CYP,Cyprus,0,W00,World,X,Export,H6,090111,Coffee; not roasted or decaffeinated,C00,TOTAL CPC,0,TOTAL MOT,8,kg,1003034,1011134,0,4144933,true,false,true,"{""typeCode"":""C"",""freqCode"":""A"",""refPeriodId"":20240101,""refYear"":2024,""refMonth"":52,""period"":""2024"",""reporterCode"":76,""reporterISO"":""BRA"",""reporterDesc"":""Brazil"",""flowCode"":""X"",""flowDesc"":""Export"",""partnerCode"":196,""partnerISO"":""CYP"",""partnerDesc"":""Cyprus"",""partner2Code"":0,""partner2ISO"":""W00"",""partner2Desc"":""World"",""classificationCode"":""H6"",""classificationSearchCode"":""HS"",""isOriginalClassification"":true,""cmdCode"":""090111"",""cmdDesc"":""Coffee; not roasted or decaffeinated"",""aggrLevel"":6,""isLeaf"":true,""customsCode"":""C00"",""customsDesc"":""TOTAL CPC"",""mosCode"":""0"",""motCode"":0,""motDesc"":""TOTAL MOT"",""qtyUnitCode"":8,""qtyUnitAbbr"":""kg"",""qty"":1003034,""isQtyEstimated"":false,""altQtyUnitCode"":-1,""altQtyUnitAbbr"":""N/A"",""altQty"":0,""isAltQtyEstimated"":false,""netWgt"":1011134,""isNetWgtEstimated"":false,""grossWgt"":0,""isGrossWgtEstimated"":false,""cifvalue"":null,""fobvalue"":4144933,""primaryValue"":4144933,""legacyEstimationFlag"":0,""isReported"":false,""isAggregate"":true}"
,UN Comtrade,https://comtradeapi.un.org/public/v1/preview/C/A/HS?reporterCode=76&flowCode=X&cmdCode=090111&period=2024&includeDesc=true,2026-05-30T18:34:22.015Z,"{""reporters"":[{""endpoint"":""https://comtradeapi.un.org/public/v1/preview/C/A/HS"",""reporterCode"":704,""reporterISO"":""VNM"",""flowCode"":""X"",""cmdCode"":""090111"",""period"":""2020,2021,2022,2023,2024,2025"",""includeDesc"":true},{""endpoint"":""https://comtradeapi.un.org/public/v1/preview/C/A/HS"",""reporterCode"":76,""reporterISO"":""BRA"",""flowCode"":""X"",""cmdCode"":""090111"",""period"":""2020,2021,2022,2023,2024,2025"",""includeDesc"":true},{""endpoint"":""https://comtradeapi.un.org/public/v1/preview/C/A/HS"",""reporterCode"":360,""reporterISO"":""IDN"",""flowCode"":""X"",""cmdCode"":""090111"",""period"":""2020,2021,2022,2023,2024,2025"",""includeDesc"":true}]}",C,A,20240101,2024,76,BRA,Brazil,203,CZE,Czechia,0,W00,World,X,Export,H6,090111,Coffee; not roasted or decaffeinated,C00,TOTAL CPC,0,TOTAL MOT,8,kg,64240,64550,0,294681,true,false,true,"{""typeCode"":""C"",""freqCode"":""A"",""refPeriodId"":20240101,""refYear"":2024,""refMonth"":52,""period"":""2024"",""reporterCode"":76,""reporterISO"":""BRA"",""reporterDesc"":""Brazil"",""flowCode"":""X"",""flowDesc"":""Export"",""partnerCode"":203,""partnerISO"":""CZE"",""partnerDesc"":""Czechia"",""partner2Code"":0,""partner2ISO"":""W00"",""partner2Desc"":""World"",""classificationCode"":""H6"",""classificationSearchCode"":""HS"",""isOriginalClassification"":true,""cmdCode"":""090111"",""cmdDesc"":""Coffee; not roasted or decaffeinated"",""aggrLevel"":6,""isLeaf"":true,""customsCode"":""C00"",""customsDesc"":""TOTAL CPC"",""mosCode"":""0"",""motCode"":0,""motDesc"":""TOTAL MOT"",""qtyUnitCode"":8,""qtyUnitAbbr"":""kg"",""qty"":64240,""isQtyEstimated"":false,""altQtyUnitCode"":-1,""altQtyUnitAbbr"":""N/A"",""altQty"":0,""isAltQtyEstimated"":false,""netWgt"":64550,""isNetWgtEstimated"":false,""grossWgt"":0,""isGrossWgtEstimated"":false,""cifvalue"":null,""fobvalue"":294681,""primaryValue"":294681,""legacyEstimationFlag"":0,""isReported"":false,""isAggregate"":true}"
,UN Comtrade,https://comtradeapi.un.org/public/v1/preview/C/A/HS?reporterCode=76&flowCode=X&cmdCode=090111&period=2024&includeDesc=true,2026-05-30T18:34:22.015Z,"{""reporters"":[{""endpoint"":""https://comtradeapi.un.org/public/v1/preview/C/A/HS"",""reporterCode"":704,""reporterISO"":""VNM"",""flowCode"":""X"",""cmdCode"":""090111"",""period"":""2020,2021,2022,2023,2024,2025"",""includeDesc"":true},{""endpoint"":""https://comtradeapi.un.org/public/v1/preview/C/A/HS"",""reporterCode"":76,""reporterISO"":""BRA"",""flowCode"":""X"",""cmdCode"":""090111"",""period"":""2020,2021,2022,2023,2024,2025"",""includeDesc"":true},{""endpoint"":""https://comtradeapi.un.org/public/v1/preview/C/A/HS"",""reporterCode"":360,""reporterISO"":""IDN"",""flowCode"":""X"",""cmdCode"":""090111"",""period"":""2020,2021,2022,2023,2024,2025"",""includeDesc"":true}]}",C,A,20240101,2024,76,BRA,Brazil,208,DNK,Denmark,0,W00,World,X,Export,H6,090111,Coffee; not roasted or decaffeinated,C00,TOTAL CPC,0,TOTAL MOT,8,kg,6977200,6973550,0,28949094,true,false,true,"{""typeCode"":""C"",""freqCode"":""A"",""refPeriodId"":20240101,""refYear"":2024,""refMonth"":52,""period"":""2024"",""reporterCode"":76,""reporterISO"":""BRA"",""reporterDesc"":""Brazil"",""flowCode"":""X"",""flowDesc"":""Export"",""partnerCode"":208,""partnerISO"":""DNK"",""partnerDesc"":""Denmark"",""partner2Code"":0,""partner2ISO"":""W00"",""partner2Desc"":""World"",""classificationCode"":""H6"",""classificationSearchCode"":""HS"",""isOriginalClassification"":true,""cmdCode"":""090111"",""cmdDesc"":""Coffee; not roasted or decaffeinated"",""aggrLevel"":6,""isLeaf"":true,""customsCode"":""C00"",""customsDesc"":""TOTAL CPC"",""mosCode"":""0"",""motCode"":0,""motDesc"":""TOTAL MOT"",""qtyUnitCode"":8,""qtyUnitAbbr"":""kg"",""qty"":6977200,""isQtyEstimated"":false,""altQtyUnitCode"":21,""altQtyUnitAbbr"":""1000 KG"",""altQty"":50134,""isAltQtyEstimated"":false,""netWgt"":6973550,""isNetWgtEstimated"":false,""grossWgt"":0,""isGrossWgtEstimated"":false,""cifvalue"":null,""fobvalue"":28949094,""primaryValue"":28949094,""legacyEstimationFlag"":0,""isReported"":false,""isAggregate"":true}"
,UN Comtrade,https://comtradeapi.un.org/public/v1/preview/C/A/HS?reporterCode=76&flowCode=X&cmdCode=090111&period=2024&includeDesc=true,2026-05-30T18:34:22.015Z,"{""reporters"":[{""endpoint"":""https://comtradeapi.un.org/public/v1/preview/C/A/HS"",""reporterCode"":704,""reporterISO"":""VNM"",""flowCode"":""X"",""cmdCode"":""090111"",""period"":""2020,2021,2022,2023,2024,2025"",""includeDesc"":true},{""endpoint"":""https://comtradeapi.un.org/public/v1/preview/C/A/HS"",""reporterCode"":76,""reporterISO"":""BRA"",""flowCode"":""X"",""cmdCode"":""090111"",""period"":""2020,2021,2022,2023,2024,2025"",""includeDesc"":true},{""endpoint"":""https://comtradeapi.un.org/public/v1/preview/C/A/HS"",""reporterCode"":360,""reporterISO"":""IDN"",""flowCode"":""X"",""cmdCode"":""090111"",""period"":""2020,2021,2022,2023,2024,2025"",""includeDesc"":true}]}",C,A,20240101,2024,76,BRA,Brazil,214,DOM,Dominican Rep.,0,W00,World,X,Export,H6,090111,Coffee; not roasted or decaffeinated,C00,TOTAL CPC,0,TOTAL MOT,8,kg,3290100,3291775,0,9710886,true,false,true,"{""typeCode"":""C"",""freqCode"":""A"",""refPeriodId"":20240101,""refYear"":2024,""refMonth"":52,""period"":""2024"",""reporterCode"":76,""reporterISO"":""BRA"",""reporterDesc"":""Brazil"",""flowCode"":""X"",""flowDesc"":""Export"",""partnerCode"":214,""partnerISO"":""DOM"",""partnerDesc"":""Dominican Rep."",""partner2Code"":0,""partner2ISO"":""W00"",""partner2Desc"":""World"",""classificationCode"":""H6"",""classificationSearchCode"":""HS"",""isOriginalClassification"":true,""cmdCode"":""090111"",""cmdDesc"":""Coffee; not roasted or decaffeinated"",""aggrLevel"":6,""isLeaf"":true,""customsCode"":""C00"",""customsDesc"":""TOTAL CPC"",""mosCode"":""0"",""motCode"":0,""motDesc"":""TOTAL MOT"",""qtyUnitCode"":8,""qtyUnitAbbr"":""kg"",""qty"":3290100,""isQtyEstimated"":false,""altQtyUnitCode"":-1,""altQtyUnitAbbr"":""N/A"",""altQty"":0,""isAltQtyEstimated"":false,""netWgt"":3291775,""isNetWgtEstimated"":false,""grossWgt"":0,""isGrossWgtEstimated"":false,""cifvalue"":null,""fobvalue"":9710886,""primaryValue"":9710886,""legacyEstimationFlag"":0,""isReported"":false,""isAggregate"":true}"
,UN Comtrade,https://comtradeapi.un.org/public/v1/preview/C/A/HS?reporterCode=76&flowCode=X&cmdCode=090111&period=2024&includeDesc=true,2026-05-30T18:34:22.015Z,"{""reporters"":[{""endpoint"":""https://comtradeapi.un.org/public/v1/preview/C/A/HS"",""reporterCode"":704,""reporterISO"":""VNM"",""flowCode"":""X"",""cmdCode"":""090111"",""period"":""2020,2021,2022,2023,2024,2025"",""includeDesc"":true},{""endpoint"":""https://comtradeapi.un.org/public/v1/preview/C/A/HS"",""reporterCode"":76,""reporterISO"":""BRA"",""flowCode"":""X"",""cmdCode"":""090111"",""period"":""2020,2021,2022,2023,2024,2025"",""includeDesc"":true},{""endpoint"":""https://comtradeapi.un.org/public/v1/preview/C/A/HS"",""reporterCode"":360,""reporterISO"":""IDN"",""flowCode"":""X"",""cmdCode"":""090111"",""period"":""2020,2021,2022,2023,2024,2025"",""includeDesc"":true}]}",C,A,20240101,2024,76,BRA,Brazil,218,ECU,Ecuador,0,W00,World,X,Export,H6,090111,Coffee; not roasted or decaffeinated,C00,TOTAL CPC,0,TOTAL MOT,8,kg,9875317,9870880,0,32383166,true,false,true,"{""typeCode"":""C"",""freqCode"":""A"",""refPeriodId"":20240101,""refYear"":2024,""refMonth"":52,""period"":""2024"",""reporterCode"":76,""reporterISO"":""BRA"",""reporterDesc"":""Brazil"",""flowCode"":""X"",""flowDesc"":""Export"",""partnerCode"":218,""partnerISO"":""ECU"",""partnerDesc"":""Ecuador"",""partner2Code"":0,""partner2ISO"":""W00"",""partner2Desc"":""World"",""classificationCode"":""H6"",""classificationSearchCode"":""HS"",""isOriginalClassification"":true,""cmdCode"":""090111"",""cmdDesc"":""Coffee; not roasted or decaffeinated"",""aggrLevel"":6,""isLeaf"":true,""customsCode"":""C00"",""customsDesc"":""TOTAL CPC"",""mosCode"":""0"",""motCode"":0,""motDesc"":""TOTAL MOT"",""qtyUnitCode"":8,""qtyUnitAbbr"":""kg"",""qty"":9875317,""isQtyEstimated"":false,""altQtyUnitCode"":-1,""altQtyUnitAbbr"":""N/A"",""altQty"":0,""isAltQtyEstimated"":false,""netWgt"":9870880,""isNetWgtEstimated"":false,""grossWgt"":0,""isGrossWgtEstimated"":false,""cifvalue"":null,""fobvalue"":32383166,""primaryValue"":32383166,""legacyEstimationFlag"":0,""isReported"":false,""isAggregate"":true}"
,UN Comtrade,https://comtradeapi.un.org/public/v1/preview/C/A/HS?reporterCode=76&flowCode=X&cmdCode=090111&period=2024&includeDesc=true,2026-05-30T18:34:22.015Z,"{""reporters"":[{""endpoint"":""https://comtradeapi.un.org/public/v1/preview/C/A/HS"",""reporterCode"":704,""reporterISO"":""VNM"",""flowCode"":""X"",""cmdCode"":""090111"",""period"":""2020,2021,2022,2023,2024,2025"",""includeDesc"":true},{""endpoint"":""https://comtradeapi.un.org/public/v1/preview/C/A/HS"",""reporterCode"":76,""reporterISO"":""BRA"",""flowCode"":""X"",""cmdCode"":""090111"",""period"":""2020,2021,2022,2023,2024,2025"",""includeDesc"":true},{""endpoint"":""https://comtradeapi.un.org/public/v1/preview/C/A/HS"",""reporterCode"":360,""reporterISO"":""IDN"",""flowCode"":""X"",""cmdCode"":""090111"",""period"":""2020,2021,2022,2023,2024,2025"",""includeDesc"":true}]}",C,A,20240101,2024,76,BRA,Brazil,233,EST,Estonia,0,W00,World,X,Export,H6,090111,Coffee; not roasted or decaffeinated,C00,TOTAL CPC,0,TOTAL MOT,8,kg,20763000,10738600,0,42883884,true,false,true,"{""typeCode"":""C"",""freqCode"":""A"",""refPeriodId"":20240101,""refYear"":2024,""refMonth"":52,""period"":""2024"",""reporterCode"":76,""reporterISO"":""BRA"",""reporterDesc"":""Brazil"",""flowCode"":""X"",""flowDesc"":""Export"",""partnerCode"":233,""partnerISO"":""EST"",""partnerDesc"":""Estonia"",""partner2Code"":0,""partner2ISO"":""W00"",""partner2Desc"":""World"",""classificationCode"":""H6"",""classificationSearchCode"":""HS"",""isOriginalClassification"":true,""cmdCode"":""090111"",""cmdDesc"":""Coffee; not roasted or decaffeinated"",""aggrLevel"":6,""isLeaf"":true,""customsCode"":""C00"",""customsDesc"":""TOTAL CPC"",""mosCode"":""0"",""motCode"":0,""motDesc"":""TOTAL MOT"",""qtyUnitCode"":8,""qtyUnitAbbr"":""kg"",""qty"":20763000,""isQtyEstimated"":false,""altQtyUnitCode"":21,""altQtyUnitAbbr"":""1000 KG"",""altQty"":20763,""isAltQtyEstimated"":false,""netWgt"":10738600,""isNetWgtEstimated"":false,""grossWgt"":0,""isGrossWgtEstimated"":false,""cifvalue"":null,""fobvalue"":42883884,""primaryValue"":42883884,""legacyEstimationFlag"":0,""isReported"":false,""isAggregate"":true}"
,UN Comtrade,https://comtradeapi.un.org/public/v1/preview/C/A/HS?reporterCode=76&flowCode=X&cmdCode=090111&period=2024&includeDesc=true,2026-05-30T18:34:22.015Z,"{""reporters"":[{""endpoint"":""https://comtradeapi.un.org/public/v1/preview/C/A/HS"",""reporterCode"":704,""reporterISO"":""VNM"",""flowCode"":""X"",""cmdCode"":""090111"",""period"":""2020,2021,2022,2023,2024,2025"",""includeDesc"":true},{""endpoint"":""https://comtradeapi.un.org/public/v1/preview/C/A/HS"",""reporterCode"":76,""reporterISO"":""BRA"",""flowCode"":""X"",""cmdCode"":""090111"",""period"":""2020,2021,2022,2023,2024,2025"",""includeDesc"":true},{""endpoint"":""https://comtradeapi.un.org/public/v1/preview/C/A/HS"",""reporterCode"":360,""reporterISO"":""IDN"",""flowCode"":""X"",""cmdCode"":""090111"",""period"":""2020,2021,2022,2023,2024,2025"",""includeDesc"":true}]}",C,A,20240101,2024,76,BRA,Brazil,246,FIN,Finland,0,W00,World,X,Export,H6,090111,Coffee; not roasted or decaffeinated,C00,TOTAL CPC,0,TOTAL MOT,8,kg,23118000,23115025,0,103844054,true,false,true,"{""typeCode"":""C"",""freqCode"":""A"",""refPeriodId"":20240101,""refYear"":2024,""refMonth"":52,""period"":""2024"",""reporterCode"":76,""reporterISO"":""BRA"",""reporterDesc"":""Brazil"",""flowCode"":""X"",""flowDesc"":""Export"",""partnerCode"":246,""partnerISO"":""FIN"",""partnerDesc"":""Finland"",""partner2Code"":0,""partner2ISO"":""W00"",""partner2Desc"":""World"",""classificationCode"":""H6"",""classificationSearchCode"":""HS"",""isOriginalClassification"":true,""cmdCode"":""090111"",""cmdDesc"":""Coffee; not roasted or decaffeinated"",""aggrLevel"":6,""isLeaf"":true,""customsCode"":""C00"",""customsDesc"":""TOTAL CPC"",""mosCode"":""0"",""motCode"":0,""motDesc"":""TOTAL MOT"",""qtyUnitCode"":8,""qtyUnitAbbr"":""kg"",""qty"":23118000,""isQtyEstimated"":false,""altQtyUnitCode"":21,""altQtyUnitAbbr"":""1000 KG"",""altQty"":23118,""isAltQtyEstimated"":false,""netWgt"":23115025,""isNetWgtEstimated"":false,""grossWgt"":0,""isGrossWgtEstimated"":false,""cifvalue"":null,""fobvalue"":103844054,""primaryValue"":103844054,""legacyEstimationFlag"":0,""isReported"":false,""isAggregate"":true}"
,UN Comtrade,https://comtradeapi.un.org/public/v1/preview/C/A/HS?reporterCode=76&flowCode=X&cmdCode=090111&period=2024&includeDesc=true,2026-05-30T18:34:22.015Z,"{""reporters"":[{""endpoint"":""https://comtradeapi.un.org/public/v1/preview/C/A/HS"",""reporterCode"":704,""reporterISO"":""VNM"",""flowCode"":""X"",""cmdCode"":""090111"",""period"":""2020,2021,2022,2023,2024,2025"",""includeDesc"":true},{""endpoint"":""https://comtradeapi.un.org/public/v1/preview/C/A/HS"",""reporterCode"":76,""reporterISO"":""BRA"",""flowCode"":""X"",""cmdCode"":""090111"",""period"":""2020,2021,2022,2023,2024,2025"",""includeDesc"":true},{""endpoint"":""https://comtradeapi.un.org/public/v1/preview/C/A/HS"",""reporterCode"":360,""reporterISO"":""IDN"",""flowCode"":""X"",""cmdCode"":""090111"",""period"":""2020,2021,2022,2023,2024,2025"",""includeDesc"":true}]}",C,A,20240101,2024,76,BRA,Brazil,251,FRA,France,0,W00,World,X,Export,H6,090111,Coffee; not roasted or decaffeinated,C00,TOTAL CPC,0,TOTAL MOT,8,kg,79655028,41173498,0,171652716,true,false,true,"{""typeCode"":""C"",""freqCode"":""A"",""refPeriodId"":20240101,""refYear"":2024,""refMonth"":52,""period"":""2024"",""reporterCode"":76,""reporterISO"":""BRA"",""reporterDesc"":""Brazil"",""flowCode"":""X"",""flowDesc"":""Export"",""partnerCode"":251,""partnerISO"":""FRA"",""partnerDesc"":""France"",""partner2Code"":0,""partner2ISO"":""W00"",""partner2Desc"":""World"",""classificationCode"":""H6"",""classificationSearchCode"":""HS"",""isOriginalClassification"":true,""cmdCode"":""090111"",""cmdDesc"":""Coffee; not roasted or decaffeinated"",""aggrLevel"":6,""isLeaf"":true,""customsCode"":""C00"",""customsDesc"":""TOTAL CPC"",""mosCode"":""0"",""motCode"":0,""motDesc"":""TOTAL MOT"",""qtyUnitCode"":8,""qtyUnitAbbr"":""kg"",""qty"":79655028,""isQtyEstimated"":false,""altQtyUnitCode"":-1,""altQtyUnitAbbr"":""N/A"",""altQty"":0,""isAltQtyEstimated"":false,""netWgt"":41173498,""isNetWgtEstimated"":false,""grossWgt"":0,""isGrossWgtEstimated"":false,""cifvalue"":null,""fobvalue"":171652716,""primaryValue"":171652716,""legacyEstimationFlag"":0,""isReported"":false,""isAggregate"":true}"
,UN Comtrade,https://comtradeapi.un.org/public/v1/preview/C/A/HS?reporterCode=76&flowCode=X&cmdCode=090111&period=2024&includeDesc=true,2026-05-30T18:34:22.015Z,"{""reporters"":[{""endpoint"":""https://comtradeapi.un.org/public/v1/preview/C/A/HS"",""reporterCode"":704,""reporterISO"":""VNM"",""flowCode"":""X"",""cmdCode"":""090111"",""period"":""2020,2021,2022,2023,2024,2025"",""includeDesc"":true},{""endpoint"":""https://comtradeapi.un.org/public/v1/preview/C/A/HS"",""reporterCode"":76,""reporterISO"":""BRA"",""flowCode"":""X"",""cmdCode"":""090111"",""period"":""2020,2021,2022,2023,2024,2025"",""includeDesc"":true},{""endpoint"":""https://comtradeapi.un.org/public/v1/preview/C/A/HS"",""reporterCode"":360,""reporterISO"":""IDN"",""flowCode"":""X"",""cmdCode"":""090111"",""period"":""2020,2021,2022,2023,2024,2025"",""includeDesc"":true}]}",C,A,20240101,2024,76,BRA,Brazil,266,GAB,Gabon,0,W00,World,X,Export,H6,090111,Coffee; not roasted or decaffeinated,C00,TOTAL CPC,0,TOTAL MOT,8,kg,5,5,0,37,true,false,true,"{""typeCode"":""C"",""freqCode"":""A"",""refPeriodId"":20240101,""refYear"":2024,""refMonth"":52,""period"":""2024"",""reporterCode"":76,""reporterISO"":""BRA"",""reporterDesc"":""Brazil"",""flowCode"":""X"",""flowDesc"":""Export"",""partnerCode"":266,""partnerISO"":""GAB"",""partnerDesc"":""Gabon"",""partner2Code"":0,""partner2ISO"":""W00"",""partner2Desc"":""World"",""classificationCode"":""H6"",""classificationSearchCode"":""HS"",""isOriginalClassification"":true,""cmdCode"":""090111"",""cmdDesc"":""Coffee; not roasted or decaffeinated"",""aggrLevel"":6,""isLeaf"":true,""customsCode"":""C00"",""customsDesc"":""TOTAL CPC"",""mosCode"":""0"",""motCode"":0,""motDesc"":""TOTAL MOT"",""qtyUnitCode"":8,""qtyUnitAbbr"":""kg"",""qty"":5,""isQtyEstimated"":false,""altQtyUnitCode"":8,""altQtyUnitAbbr"":""kg"",""altQty"":5,""isAltQtyEstimated"":false,""netWgt"":5,""isNetWgtEstimated"":false,""grossWgt"":0,""isGrossWgtEstimated"":false,""cifvalue"":null,""fobvalue"":37,""primaryValue"":37,""legacyEstimationFlag"":0,""isReported"":false,""isAggregate"":true}"
,UN Comtrade,https://comtradeapi.un.org/public/v1/preview/C/A/HS?reporterCode=76&flowCode=X&cmdCode=090111&period=2024&includeDesc=true,2026-05-30T18:34:22.015Z,"{""reporters"":[{""endpoint"":""https://comtradeapi.un.org/public/v1/preview/C/A/HS"",""reporterCode"":704,""reporterISO"":""VNM"",""flowCode"":""X"",""cmdCode"":""090111"",""period"":""2020,2021,2022,2023,2024,2025"",""includeDesc"":true},{""endpoint"":""https://comtradeapi.un.org/public/v1/preview/C/A/HS"",""reporterCode"":76,""reporterISO"":""BRA"",""flowCode"":""X"",""cmdCode"":""090111"",""period"":""2020,2021,2022,2023,2024,2025"",""includeDesc"":true},{""endpoint"":""https://comtradeapi.un.org/public/v1/preview/C/A/HS"",""reporterCode"":360,""reporterISO"":""IDN"",""flowCode"":""X"",""cmdCode"":""090111"",""period"":""2020,2021,2022,2023,2024,2025"",""includeDesc"":true}]}",C,A,20240101,2024,76,BRA,Brazil,268,GEO,Georgia,0,W00,World,X,Export,H6,090111,Coffee; not roasted or decaffeinated,C00,TOTAL CPC,0,TOTAL MOT,8,kg,419400,421060,0,1624391,true,false,true,"{""typeCode"":""C"",""freqCode"":""A"",""refPeriodId"":20240101,""refYear"":2024,""refMonth"":52,""period"":""2024"",""reporterCode"":76,""reporterISO"":""BRA"",""reporterDesc"":""Brazil"",""flowCode"":""X"",""flowDesc"":""Export"",""partnerCode"":268,""partnerISO"":""GEO"",""partnerDesc"":""Georgia"",""partner2Code"":0,""partner2ISO"":""W00"",""partner2Desc"":""World"",""classificationCode"":""H6"",""classificationSearchCode"":""HS"",""isOriginalClassification"":true,""cmdCode"":""090111"",""cmdDesc"":""Coffee; not roasted or decaffeinated"",""aggrLevel"":6,""isLeaf"":true,""customsCode"":""C00"",""customsDesc"":""TOTAL CPC"",""mosCode"":""0"",""motCode"":0,""motDesc"":""TOTAL MOT"",""qtyUnitCode"":8,""qtyUnitAbbr"":""kg"",""qty"":419400,""isQtyEstimated"":false,""altQtyUnitCode"":-1,""altQtyUnitAbbr"":""N/A"",""altQty"":0,""isAltQtyEstimated"":false,""netWgt"":421060,""isNetWgtEstimated"":false,""grossWgt"":0,""isGrossWgtEstimated"":false,""cifvalue"":null,""fobvalue"":1624391,""primaryValue"":1624391,""legacyEstimationFlag"":0,""isReported"":false,""isAggregate"":true}"
,UN Comtrade,https://comtradeapi.un.org/public/v1/preview/C/A/HS?reporterCode=76&flowCode=X&cmdCode=090111&period=2024&includeDesc=true,2026-05-30T18:34:22.015Z,"{""reporters"":[{""endpoint"":""https://comtradeapi.un.org/public/v1/preview/C/A/HS"",""reporterCode"":704,""reporterISO"":""VNM"",""flowCode"":""X"",""cmdCode"":""090111"",""period"":""2020,2021,2022,2023,2024,2025"",""includeDesc"":true},{""endpoint"":""https://comtradeapi.un.org/public/v1/preview/C/A/HS"",""reporterCode"":76,""reporterISO"":""BRA"",""flowCode"":""X"",""cmdCode"":""090111"",""period"":""2020,2021,2022,2023,2024,2025"",""includeDesc"":true},{""endpoint"":""https://comtradeapi.un.org/public/v1/preview/C/A/HS"",""reporterCode"":360,""reporterISO"":""IDN"",""flowCode"":""X"",""cmdCode"":""090111"",""period"":""2020,2021,2022,2023,2024,2025"",""includeDesc"":true}]}",C,A,20240101,2024,76,BRA,Brazil,276,DEU,Germany,0,W00,World,X,Export,H6,090111,Coffee; not roasted or decaffeinated,C00,TOTAL CPC,0,TOTAL MOT,8,kg,517779583,440642444,0,1805300490,true,false,true,"{""typeCode"":""C"",""freqCode"":""A"",""refPeriodId"":20240101,""refYear"":2024,""refMonth"":52,""period"":""2024"",""reporterCode"":76,""reporterISO"":""BRA"",""reporterDesc"":""Brazil"",""flowCode"":""X"",""flowDesc"":""Export"",""partnerCode"":276,""partnerISO"":""DEU"",""partnerDesc"":""Germany"",""partner2Code"":0,""partner2ISO"":""W00"",""partner2Desc"":""World"",""classificationCode"":""H6"",""classificationSearchCode"":""HS"",""isOriginalClassification"":true,""cmdCode"":""090111"",""cmdDesc"":""Coffee; not roasted or decaffeinated"",""aggrLevel"":6,""isLeaf"":true,""customsCode"":""C00"",""customsDesc"":""TOTAL CPC"",""mosCode"":""0"",""motCode"":0,""motDesc"":""TOTAL MOT"",""qtyUnitCode"":8,""qtyUnitAbbr"":""kg"",""qty"":517779583,""isQtyEstimated"":false,""altQtyUnitCode"":-1,""altQtyUnitAbbr"":""N/A"",""altQty"":0,""isAltQtyEstimated"":false,""netWgt"":440642444,""isNetWgtEstimated"":false,""grossWgt"":0,""isGrossWgtEstimated"":false,""cifvalue"":null,""fobvalue"":1805300490,""primaryValue"":1805300490,""legacyEstimationFlag"":0,""isReported"":false,""isAggregate"":true}"
,UN Comtrade,https://comtradeapi.un.org/public/v1/preview/C/A/HS?reporterCode=76&flowCode=X&cmdCode=090111&period=2024&includeDesc=true,2026-05-30T18:34:22.015Z,"{""reporters"":[{""endpoint"":""https://comtradeapi.un.org/public/v1/preview/C/A/HS"",""reporterCode"":704,""reporterISO"":""VNM"",""flowCode"":""X"",""cmdCode"":""090111"",""period"":""2020,2021,2022,2023,2024,2025"",""includeDesc"":true},{""endpoint"":""https://comtradeapi.un.org/public/v1/preview/C/A/HS"",""reporterCode"":76,""reporterISO"":""BRA"",""flowCode"":""X"",""cmdCode"":""090111"",""period"":""2020,2021,2022,2023,2024,2025"",""includeDesc"":true},{""endpoint"":""https://comtradeapi.un.org/public/v1/preview/C/A/HS"",""reporterCode"":360,""reporterISO"":""IDN"",""flowCode"":""X"",""cmdCode"":""090111"",""period"":""2020,2021,2022,2023,2024,2025"",""includeDesc"":true}]}",C,A,20240101,2024,76,BRA,Brazil,300,GRC,Greece,0,W00,World,X,Export,H6,090111,Coffee; not roasted or decaffeinated,C00,TOTAL CPC,0,TOTAL MOT,8,kg,114427625,37684019,0,166656374,true,false,true,"{""typeCode"":""C"",""freqCode"":""A"",""refPeriodId"":20240101,""refYear"":2024,""refMonth"":52,""period"":""2024"",""reporterCode"":76,""reporterISO"":""BRA"",""reporterDesc"":""Brazil"",""flowCode"":""X"",""flowDesc"":""Export"",""partnerCode"":300,""partnerISO"":""GRC"",""partnerDesc"":""Greece"",""partner2Code"":0,""partner2ISO"":""W00"",""partner2Desc"":""World"",""classificationCode"":""H6"",""classificationSearchCode"":""HS"",""isOriginalClassification"":true,""cmdCode"":""090111"",""cmdDesc"":""Coffee; not roasted or decaffeinated"",""aggrLevel"":6,""isLeaf"":true,""customsCode"":""C00"",""customsDesc"":""TOTAL CPC"",""mosCode"":""0"",""motCode"":0,""motDesc"":""TOTAL MOT"",""qtyUnitCode"":8,""qtyUnitAbbr"":""kg"",""qty"":114427625,""isQtyEstimated"":false,""altQtyUnitCode"":-1,""altQtyUnitAbbr"":""N/A"",""altQty"":0,""isAltQtyEstimated"":false,""netWgt"":37684019,""isNetWgtEstimated"":false,""grossWgt"":0,""isGrossWgtEstimated"":false,""cifvalue"":null,""fobvalue"":166656374,""primaryValue"":166656374,""legacyEstimationFlag"":0,""isReported"":false,""isAggregate"":true}"
,UN Comtrade,https://comtradeapi.un.org/public/v1/preview/C/A/HS?reporterCode=76&flowCode=X&cmdCode=090111&period=2024&includeDesc=true,2026-05-30T18:34:22.015Z,"{""reporters"":[{""endpoint"":""https://comtradeapi.un.org/public/v1/preview/C/A/HS"",""reporterCode"":704,""reporterISO"":""VNM"",""flowCode"":""X"",""cmdCode"":""090111"",""period"":""2020,2021,2022,2023,2024,2025"",""includeDesc"":true},{""endpoint"":""https://comtradeapi.un.org/public/v1/preview/C/A/HS"",""reporterCode"":76,""reporterISO"":""BRA"",""flowCode"":""X"",""cmdCode"":""090111"",""period"":""2020,2021,2022,2023,2024,2025"",""includeDesc"":true},{""endpoint"":""https://comtradeapi.un.org/public/v1/preview/C/A/HS"",""reporterCode"":360,""reporterISO"":""IDN"",""flowCode"":""X"",""cmdCode"":""090111"",""period"":""2020,2021,2022,2023,2024,2025"",""includeDesc"":true}]}",C,A,20240101,2024,76,BRA,Brazil,320,GTM,Guatemala,0,W00,World,X,Export,H6,090111,Coffee; not roasted or decaffeinated,C00,TOTAL CPC,0,TOTAL MOT,8,kg,340,340,0,11900,true,false,true,"{""typeCode"":""C"",""freqCode"":""A"",""refPeriodId"":20240101,""refYear"":2024,""refMonth"":52,""period"":""2024"",""reporterCode"":76,""reporterISO"":""BRA"",""reporterDesc"":""Brazil"",""flowCode"":""X"",""flowDesc"":""Export"",""partnerCode"":320,""partnerISO"":""GTM"",""partnerDesc"":""Guatemala"",""partner2Code"":0,""partner2ISO"":""W00"",""partner2Desc"":""World"",""classificationCode"":""H6"",""classificationSearchCode"":""HS"",""isOriginalClassification"":true,""cmdCode"":""090111"",""cmdDesc"":""Coffee; not roasted or decaffeinated"",""aggrLevel"":6,""isLeaf"":true,""customsCode"":""C00"",""customsDesc"":""TOTAL CPC"",""mosCode"":""0"",""motCode"":0,""motDesc"":""TOTAL MOT"",""qtyUnitCode"":8,""qtyUnitAbbr"":""kg"",""qty"":340,""isQtyEstimated"":false,""altQtyUnitCode"":8,""altQtyUnitAbbr"":""kg"",""altQty"":340,""isAltQtyEstimated"":false,""netWgt"":340,""isNetWgtEstimated"":false,""grossWgt"":0,""isGrossWgtEstimated"":false,""cifvalue"":null,""fobvalue"":11900,""primaryValue"":11900,""legacyEstimationFlag"":0,""isReported"":false,""isAggregate"":true}"
,UN Comtrade,https://comtradeapi.un.org/public/v1/preview/C/A/HS?reporterCode=76&flowCode=X&cmdCode=090111&period=2024&includeDesc=true,2026-05-30T18:34:22.015Z,"{""reporters"":[{""endpoint"":""https://comtradeapi.un.org/public/v1/preview/C/A/HS"",""reporterCode"":704,""reporterISO"":""VNM"",""flowCode"":""X"",""cmdCode"":""090111"",""period"":""2020,2021,2022,2023,2024,2025"",""includeDesc"":true},{""endpoint"":""https://comtradeapi.un.org/public/v1/preview/C/A/HS"",""reporterCode"":76,""reporterISO"":""BRA"",""flowCode"":""X"",""cmdCode"":""090111"",""period"":""2020,2021,2022,2023,2024,2025"",""includeDesc"":true},{""endpoint"":""https://comtradeapi.un.org/public/v1/preview/C/A/HS"",""reporterCode"":360,""reporterISO"":""IDN"",""flowCode"":""X"",""cmdCode"":""090111"",""period"":""2020,2021,2022,2023,2024,2025"",""includeDesc"":true}]}",C,A,20240101,2024,76,BRA,Brazil,328,GUY,Guyana,0,W00,World,X,Export,H6,090111,Coffee; not roasted or decaffeinated,C00,TOTAL CPC,0,TOTAL MOT,8,kg,2000,2100,0,14704,true,false,true,"{""typeCode"":""C"",""freqCode"":""A"",""refPeriodId"":20240101,""refYear"":2024,""refMonth"":52,""period"":""2024"",""reporterCode"":76,""reporterISO"":""BRA"",""reporterDesc"":""Brazil"",""flowCode"":""X"",""flowDesc"":""Export"",""partnerCode"":328,""partnerISO"":""GUY"",""partnerDesc"":""Guyana"",""partner2Code"":0,""partner2ISO"":""W00"",""partner2Desc"":""World"",""classificationCode"":""H6"",""classificationSearchCode"":""HS"",""isOriginalClassification"":true,""cmdCode"":""090111"",""cmdDesc"":""Coffee; not roasted or decaffeinated"",""aggrLevel"":6,""isLeaf"":true,""customsCode"":""C00"",""customsDesc"":""TOTAL CPC"",""mosCode"":""0"",""motCode"":0,""motDesc"":""TOTAL MOT"",""qtyUnitCode"":8,""qtyUnitAbbr"":""kg"",""qty"":2000,""isQtyEstimated"":false,""altQtyUnitCode"":21,""altQtyUnitAbbr"":""1000 KG"",""altQty"":2,""isAltQtyEstimated"":false,""netWgt"":2100,""isNetWgtEstimated"":false,""grossWgt"":0,""isGrossWgtEstimated"":false,""cifvalue"":null,""fobvalue"":14704,""primaryValue"":14704,""legacyEstimationFlag"":0,""isReported"":false,""isAggregate"":true}"
,UN Comtrade,https://comtradeapi.un.org/public/v1/preview/C/A/HS?reporterCode=76&flowCode=X&cmdCode=090111&period=2024&includeDesc=true,2026-05-30T18:34:22.015Z,"{""reporters"":[{""endpoint"":""https://comtradeapi.un.org/public/v1/preview/C/A/HS"",""reporterCode"":704,""reporterISO"":""VNM"",""flowCode"":""X"",""cmdCode"":""090111"",""period"":""2020,2021,2022,2023,2024,2025"",""includeDesc"":true},{""endpoint"":""https://comtradeapi.un.org/public/v1/preview/C/A/HS"",""reporterCode"":76,""reporterISO"":""BRA"",""flowCode"":""X"",""cmdCode"":""090111"",""period"":""2020,2021,2022,2023,2024,2025"",""includeDesc"":true},{""endpoint"":""https://comtradeapi.un.org/public/v1/preview/C/A/HS"",""reporterCode"":360,""reporterISO"":""IDN"",""flowCode"":""X"",""cmdCode"":""090111"",""period"":""2020,2021,2022,2023,2024,2025"",""includeDesc"":true}]}",C,A,20240101,2024,76,BRA,Brazil,344,HKG,"China, Hong Kong SAR",0,W00,World,X,Export,H6,090111,Coffee; not roasted or decaffeinated,C00,TOTAL CPC,0,TOTAL MOT,8,kg,26545649.036,1563664.036,0,5903867,true,false,true,"{""typeCode"":""C"",""freqCode"":""A"",""refPeriodId"":20240101,""refYear"":2024,""refMonth"":52,""period"":""2024"",""reporterCode"":76,""reporterISO"":""BRA"",""reporterDesc"":""Brazil"",""flowCode"":""X"",""flowDesc"":""Export"",""partnerCode"":344,""partnerISO"":""HKG"",""partnerDesc"":""China, Hong Kong SAR"",""partner2Code"":0,""partner2ISO"":""W00"",""partner2Desc"":""World"",""classificationCode"":""H6"",""classificationSearchCode"":""HS"",""isOriginalClassification"":true,""cmdCode"":""090111"",""cmdDesc"":""Coffee; not roasted or decaffeinated"",""aggrLevel"":6,""isLeaf"":true,""customsCode"":""C00"",""customsDesc"":""TOTAL CPC"",""mosCode"":""0"",""motCode"":0,""motDesc"":""TOTAL MOT"",""qtyUnitCode"":8,""qtyUnitAbbr"":""kg"",""qty"":26545649.036,""isQtyEstimated"":true,""altQtyUnitCode"":-1,""altQtyUnitAbbr"":""N/A"",""altQty"":0,""isAltQtyEstimated"":false,""netWgt"":1563664.036,""isNetWgtEstimated"":true,""grossWgt"":0,""isGrossWgtEstimated"":false,""cifvalue"":null,""fobvalue"":5903867,""primaryValue"":5903867,""legacyEstimationFlag"":6,""isReported"":false,""isAggregate"":true}"
,UN Comtrade,https://comtradeapi.un.org/public/v1/preview/C/A/HS?reporterCode=76&flowCode=X&cmdCode=090111&period=2024&includeDesc=true,2026-05-30T18:34:22.015Z,"{""reporters"":[{""endpoint"":""https://comtradeapi.un.org/public/v1/preview/C/A/HS"",""reporterCode"":704,""reporterISO"":""VNM"",""flowCode"":""X"",""cmdCode"":""090111"",""period"":""2020,2021,2022,2023,2024,2025"",""includeDesc"":true},{""endpoint"":""https://comtradeapi.un.org/public/v1/preview/C/A/HS"",""reporterCode"":76,""reporterISO"":""BRA"",""flowCode"":""X"",""cmdCode"":""090111"",""period"":""2020,2021,2022,2023,2024,2025"",""includeDesc"":true},{""endpoint"":""https://comtradeapi.un.org/public/v1/preview/C/A/HS"",""reporterCode"":360,""reporterISO"":""IDN"",""flowCode"":""X"",""cmdCode"":""090111"",""period"":""2020,2021,2022,2023,2024,2025"",""includeDesc"":true}]}",C,A,20240101,2024,76,BRA,Brazil,352,ISL,Iceland,0,W00,World,X,Export,H6,090111,Coffee; not roasted or decaffeinated,C00,TOTAL CPC,0,TOTAL MOT,8,kg,100000,99121,0,408626,true,false,true,"{""typeCode"":""C"",""freqCode"":""A"",""refPeriodId"":20240101,""refYear"":2024,""refMonth"":52,""period"":""2024"",""reporterCode"":76,""reporterISO"":""BRA"",""reporterDesc"":""Brazil"",""flowCode"":""X"",""flowDesc"":""Export"",""partnerCode"":352,""partnerISO"":""ISL"",""partnerDesc"":""Iceland"",""partner2Code"":0,""partner2ISO"":""W00"",""partner2Desc"":""World"",""classificationCode"":""H6"",""classificationSearchCode"":""HS"",""isOriginalClassification"":true,""cmdCode"":""090111"",""cmdDesc"":""Coffee; not roasted or decaffeinated"",""aggrLevel"":6,""isLeaf"":true,""customsCode"":""C00"",""customsDesc"":""TOTAL CPC"",""mosCode"":""0"",""motCode"":0,""motDesc"":""TOTAL MOT"",""qtyUnitCode"":8,""qtyUnitAbbr"":""kg"",""qty"":100000,""isQtyEstimated"":false,""altQtyUnitCode"":21,""altQtyUnitAbbr"":""1000 KG"",""altQty"":100,""isAltQtyEstimated"":false,""netWgt"":99121,""isNetWgtEstimated"":false,""grossWgt"":0,""isGrossWgtEstimated"":false,""cifvalue"":null,""fobvalue"":408626,""primaryValue"":408626,""legacyEstimationFlag"":0,""isReported"":false,""isAggregate"":true}"
,UN Comtrade,https://comtradeapi.un.org/public/v1/preview/C/A/HS?reporterCode=76&flowCode=X&cmdCode=090111&period=2024&includeDesc=true,2026-05-30T18:34:22.015Z,"{""reporters"":[{""endpoint"":""https://comtradeapi.un.org/public/v1/preview/C/A/HS"",""reporterCode"":704,""reporterISO"":""VNM"",""flowCode"":""X"",""cmdCode"":""090111"",""period"":""2020,2021,2022,2023,2024,2025"",""includeDesc"":true},{""endpoint"":""https://comtradeapi.un.org/public/v1/preview/C/A/HS"",""reporterCode"":76,""reporterISO"":""BRA"",""flowCode"":""X"",""cmdCode"":""090111"",""period"":""2020,2021,2022,2023,2024,2025"",""includeDesc"":true},{""endpoint"":""https://comtradeapi.un.org/public/v1/preview/C/A/HS"",""reporterCode"":360,""reporterISO"":""IDN"",""flowCode"":""X"",""cmdCode"":""090111"",""period"":""2020,2021,2022,2023,2024,2025"",""includeDesc"":true}]}",C,A,20240101,2024,76,BRA,Brazil,360,IDN,Indonesia,0,W00,World,X,Export,H6,090111,Coffee; not roasted or decaffeinated,C00,TOTAL CPC,0,TOTAL MOT,8,kg,12158100,12168266,0,49215056,true,false,true,"{""typeCode"":""C"",""freqCode"":""A"",""refPeriodId"":20240101,""refYear"":2024,""refMonth"":52,""period"":""2024"",""reporterCode"":76,""reporterISO"":""BRA"",""reporterDesc"":""Brazil"",""flowCode"":""X"",""flowDesc"":""Export"",""partnerCode"":360,""partnerISO"":""IDN"",""partnerDesc"":""Indonesia"",""partner2Code"":0,""partner2ISO"":""W00"",""partner2Desc"":""World"",""classificationCode"":""H6"",""classificationSearchCode"":""HS"",""isOriginalClassification"":true,""cmdCode"":""090111"",""cmdDesc"":""Coffee; not roasted or decaffeinated"",""aggrLevel"":6,""isLeaf"":true,""customsCode"":""C00"",""customsDesc"":""TOTAL CPC"",""mosCode"":""0"",""motCode"":0,""motDesc"":""TOTAL MOT"",""qtyUnitCode"":8,""qtyUnitAbbr"":""kg"",""qty"":12158100,""isQtyEstimated"":false,""altQtyUnitCode"":-1,""altQtyUnitAbbr"":""N/A"",""altQty"":0,""isAltQtyEstimated"":false,""netWgt"":12168266,""isNetWgtEstimated"":false,""grossWgt"":0,""isGrossWgtEstimated"":false,""cifvalue"":null,""fobvalue"":49215056,""primaryValue"":49215056,""legacyEstimationFlag"":0,""isReported"":false,""isAggregate"":true}"
,UN Comtrade,https://comtradeapi.un.org/public/v1/preview/C/A/HS?reporterCode=76&flowCode=X&cmdCode=090111&period=2024&includeDesc=true,2026-05-30T18:34:22.015Z,"{""reporters"":[{""endpoint"":""https://comtradeapi.un.org/public/v1/preview/C/A/HS"",""reporterCode"":704,""reporterISO"":""VNM"",""flowCode"":""X"",""cmdCode"":""090111"",""period"":""2020,2021,2022,2023,2024,2025"",""includeDesc"":true},{""endpoint"":""https://comtradeapi.un.org/public/v1/preview/C/A/HS"",""reporterCode"":76,""reporterISO"":""BRA"",""flowCode"":""X"",""cmdCode"":""090111"",""period"":""2020,2021,2022,2023,2024,2025"",""includeDesc"":true},{""endpoint"":""https://comtradeapi.un.org/public/v1/preview/C/A/HS"",""reporterCode"":360,""reporterISO"":""IDN"",""flowCode"":""X"",""cmdCode"":""090111"",""period"":""2020,2021,2022,2023,2024,2025"",""includeDesc"":true}]}",C,A,20240101,2024,76,BRA,Brazil,368,IRQ,Iraq,0,W00,World,X,Export,H6,090111,Coffee; not roasted or decaffeinated,C00,TOTAL CPC,0,TOTAL MOT,8,kg,185000,184800,0,723950,true,false,true,"{""typeCode"":""C"",""freqCode"":""A"",""refPeriodId"":20240101,""refYear"":2024,""refMonth"":52,""period"":""2024"",""reporterCode"":76,""reporterISO"":""BRA"",""reporterDesc"":""Brazil"",""flowCode"":""X"",""flowDesc"":""Export"",""partnerCode"":368,""partnerISO"":""IRQ"",""partnerDesc"":""Iraq"",""partner2Code"":0,""partner2ISO"":""W00"",""partner2Desc"":""World"",""classificationCode"":""H6"",""classificationSearchCode"":""HS"",""isOriginalClassification"":true,""cmdCode"":""090111"",""cmdDesc"":""Coffee; not roasted or decaffeinated"",""aggrLevel"":6,""isLeaf"":true,""customsCode"":""C00"",""customsDesc"":""TOTAL CPC"",""mosCode"":""0"",""motCode"":0,""motDesc"":""TOTAL MOT"",""qtyUnitCode"":8,""qtyUnitAbbr"":""kg"",""qty"":185000,""isQtyEstimated"":false,""altQtyUnitCode"":21,""altQtyUnitAbbr"":""1000 KG"",""altQty"":185,""isAltQtyEstimated"":false,""netWgt"":184800,""isNetWgtEstimated"":false,""grossWgt"":0,""isGrossWgtEstimated"":false,""cifvalue"":null,""fobvalue"":723950,""primaryValue"":723950,""legacyEstimationFlag"":0,""isReported"":false,""isAggregate"":true}"
,UN Comtrade,https://comtradeapi.un.org/public/v1/preview/C/A/HS?reporterCode=76&flowCode=X&cmdCode=090111&period=2024&includeDesc=true,2026-05-30T18:34:22.015Z,"{""reporters"":[{""endpoint"":""https://comtradeapi.un.org/public/v1/preview/C/A/HS"",""reporterCode"":704,""reporterISO"":""VNM"",""flowCode"":""X"",""cmdCode"":""090111"",""period"":""2020,2021,2022,2023,2024,2025"",""includeDesc"":true},{""endpoint"":""https://comtradeapi.un.org/public/v1/preview/C/A/HS"",""reporterCode"":76,""reporterISO"":""BRA"",""flowCode"":""X"",""cmdCode"":""090111"",""period"":""2020,2021,2022,2023,2024,2025"",""includeDesc"":true},{""endpoint"":""https://comtradeapi.un.org/public/v1/preview/C/A/HS"",""reporterCode"":360,""reporterISO"":""IDN"",""flowCode"":""X"",""cmdCode"":""090111"",""period"":""2020,2021,2022,2023,2024,2025"",""includeDesc"":true}]}",C,A,20240101,2024,76,BRA,Brazil,372,IRL,Ireland,0,W00,World,X,Export,H6,090111,Coffee; not roasted or decaffeinated,C00,TOTAL CPC,0,TOTAL MOT,8,kg,21837000,2673782,0,12845065,true,false,true,"{""typeCode"":""C"",""freqCode"":""A"",""refPeriodId"":20240101,""refYear"":2024,""refMonth"":52,""period"":""2024"",""reporterCode"":76,""reporterISO"":""BRA"",""reporterDesc"":""Brazil"",""flowCode"":""X"",""flowDesc"":""Export"",""partnerCode"":372,""partnerISO"":""IRL"",""partnerDesc"":""Ireland"",""partner2Code"":0,""partner2ISO"":""W00"",""partner2Desc"":""World"",""classificationCode"":""H6"",""classificationSearchCode"":""HS"",""isOriginalClassification"":true,""cmdCode"":""090111"",""cmdDesc"":""Coffee; not roasted or decaffeinated"",""aggrLevel"":6,""isLeaf"":true,""customsCode"":""C00"",""customsDesc"":""TOTAL CPC"",""mosCode"":""0"",""motCode"":0,""motDesc"":""TOTAL MOT"",""qtyUnitCode"":8,""qtyUnitAbbr"":""kg"",""qty"":21837000,""isQtyEstimated"":false,""altQtyUnitCode"":21,""altQtyUnitAbbr"":""1000 KG"",""altQty"":21837,""isAltQtyEstimated"":false,""netWgt"":2673782,""isNetWgtEstimated"":false,""grossWgt"":0,""isGrossWgtEstimated"":false,""cifvalue"":null,""fobvalue"":12845065,""primaryValue"":12845065,""legacyEstimationFlag"":0,""isReported"":false,""isAggregate"":true}"
,UN Comtrade,https://comtradeapi.un.org/public/v1/preview/C/A/HS?reporterCode=76&flowCode=X&cmdCode=090111&period=2024&includeDesc=true,2026-05-30T18:34:22.015Z,"{""reporters"":[{""endpoint"":""https://comtradeapi.un.org/public/v1/preview/C/A/HS"",""reporterCode"":704,""reporterISO"":""VNM"",""flowCode"":""X"",""cmdCode"":""090111"",""period"":""2020,2021,2022,2023,2024,2025"",""includeDesc"":true},{""endpoint"":""https://comtradeapi.un.org/public/v1/preview/C/A/HS"",""reporterCode"":76,""reporterISO"":""BRA"",""flowCode"":""X"",""cmdCode"":""090111"",""period"":""2020,2021,2022,2023,2024,2025"",""includeDesc"":true},{""endpoint"":""https://comtradeapi.un.org/public/v1/preview/C/A/HS"",""reporterCode"":360,""reporterISO"":""IDN"",""flowCode"":""X"",""cmdCode"":""090111"",""period"":""2020,2021,2022,2023,2024,2025"",""includeDesc"":true}]}",C,A,20240101,2024,76,BRA,Brazil,376,ISR,Israel,0,W00,World,X,Export,H6,090111,Coffee; not roasted or decaffeinated,C00,TOTAL CPC,0,TOTAL MOT,8,kg,8643000,8679752,0,35253686,true,false,true,"{""typeCode"":""C"",""freqCode"":""A"",""refPeriodId"":20240101,""refYear"":2024,""refMonth"":52,""period"":""2024"",""reporterCode"":76,""reporterISO"":""BRA"",""reporterDesc"":""Brazil"",""flowCode"":""X"",""flowDesc"":""Export"",""partnerCode"":376,""partnerISO"":""ISR"",""partnerDesc"":""Israel"",""partner2Code"":0,""partner2ISO"":""W00"",""partner2Desc"":""World"",""classificationCode"":""H6"",""classificationSearchCode"":""HS"",""isOriginalClassification"":true,""cmdCode"":""090111"",""cmdDesc"":""Coffee; not roasted or decaffeinated"",""aggrLevel"":6,""isLeaf"":true,""customsCode"":""C00"",""customsDesc"":""TOTAL CPC"",""mosCode"":""0"",""motCode"":0,""motDesc"":""TOTAL MOT"",""qtyUnitCode"":8,""qtyUnitAbbr"":""kg"",""qty"":8643000,""isQtyEstimated"":false,""altQtyUnitCode"":21,""altQtyUnitAbbr"":""1000 KG"",""altQty"":8643,""isAltQtyEstimated"":false,""netWgt"":8679752,""isNetWgtEstimated"":false,""grossWgt"":0,""isGrossWgtEstimated"":false,""cifvalue"":null,""fobvalue"":35253686,""primaryValue"":35253686,""legacyEstimationFlag"":0,""isReported"":false,""isAggregate"":true}"
,UN Comtrade,https://comtradeapi.un.org/public/v1/preview/C/A/HS?reporterCode=76&flowCode=X&cmdCode=090111&period=2024&includeDesc=true,2026-05-30T18:34:22.015Z,"{""reporters"":[{""endpoint"":""https://comtradeapi.un.org/public/v1/preview/C/A/HS"",""reporterCode"":704,""reporterISO"":""VNM"",""flowCode"":""X"",""cmdCode"":""090111"",""period"":""2020,2021,2022,2023,2024,2025"",""includeDesc"":true},{""endpoint"":""https://comtradeapi.un.org/public/v1/preview/C/A/HS"",""reporterCode"":76,""reporterISO"":""BRA"",""flowCode"":""X"",""cmdCode"":""090111"",""period"":""2020,2021,2022,2023,2024,2025"",""includeDesc"":true},{""endpoint"":""https://comtradeapi.un.org/public/v1/preview/C/A/HS"",""reporterCode"":360,""reporterISO"":""IDN"",""flowCode"":""X"",""cmdCode"":""090111"",""period"":""2020,2021,2022,2023,2024,2025"",""includeDesc"":true}]}",C,A,20240101,2024,76,BRA,Brazil,380,ITA,Italy,0,W00,World,X,Export,H6,090111,Coffee; not roasted or decaffeinated,C00,TOTAL CPC,0,TOTAL MOT,8,kg,579564377,232776474,0,953811216,true,false,true,"{""typeCode"":""C"",""freqCode"":""A"",""refPeriodId"":20240101,""refYear"":2024,""refMonth"":52,""period"":""2024"",""reporterCode"":76,""reporterISO"":""BRA"",""reporterDesc"":""Brazil"",""flowCode"":""X"",""flowDesc"":""Export"",""partnerCode"":380,""partnerISO"":""ITA"",""partnerDesc"":""Italy"",""partner2Code"":0,""partner2ISO"":""W00"",""partner2Desc"":""World"",""classificationCode"":""H6"",""classificationSearchCode"":""HS"",""isOriginalClassification"":true,""cmdCode"":""090111"",""cmdDesc"":""Coffee; not roasted or decaffeinated"",""aggrLevel"":6,""isLeaf"":true,""customsCode"":""C00"",""customsDesc"":""TOTAL CPC"",""mosCode"":""0"",""motCode"":0,""motDesc"":""TOTAL MOT"",""qtyUnitCode"":8,""qtyUnitAbbr"":""kg"",""qty"":579564377,""isQtyEstimated"":false,""altQtyUnitCode"":-1,""altQtyUnitAbbr"":""N/A"",""altQty"":0,""isAltQtyEstimated"":false,""netWgt"":232776474,""isNetWgtEstimated"":false,""grossWgt"":0,""isGrossWgtEstimated"":false,""cifvalue"":null,""fobvalue"":953811216,""primaryValue"":953811216,""legacyEstimationFlag"":0,""isReported"":false,""isAggregate"":true}"
,UN Comtrade,https://comtradeapi.un.org/public/v1/preview/C/A/HS?reporterCode=76&flowCode=X&cmdCode=090111&period=2024&includeDesc=true,2026-05-30T18:34:22.015Z,"{""reporters"":[{""endpoint"":""https://comtradeapi.un.org/public/v1/preview/C/A/HS"",""reporterCode"":704,""reporterISO"":""VNM"",""flowCode"":""X"",""cmdCode"":""090111"",""period"":""2020,2021,2022,2023,2024,2025"",""includeDesc"":true},{""endpoint"":""https://comtradeapi.un.org/public/v1/preview/C/A/HS"",""reporterCode"":76,""reporterISO"":""BRA"",""flowCode"":""X"",""cmdCode"":""090111"",""period"":""2020,2021,2022,2023,2024,2025"",""includeDesc"":true},{""endpoint"":""https://comtradeapi.un.org/public/v1/preview/C/A/HS"",""reporterCode"":360,""reporterISO"":""IDN"",""flowCode"":""X"",""cmdCode"":""090111"",""period"":""2020,2021,2022,2023,2024,2025"",""includeDesc"":true}]}",C,A,20240101,2024,76,BRA,Brazil,392,JPN,Japan,0,W00,World,X,Export,H6,090111,Coffee; not roasted or decaffeinated,C00,TOTAL CPC,0,TOTAL MOT,8,kg,316772493,137004611,0,562017260,true,false,true,"{""typeCode"":""C"",""freqCode"":""A"",""refPeriodId"":20240101,""refYear"":2024,""refMonth"":52,""period"":""2024"",""reporterCode"":76,""reporterISO"":""BRA"",""reporterDesc"":""Brazil"",""flowCode"":""X"",""flowDesc"":""Export"",""partnerCode"":392,""partnerISO"":""JPN"",""partnerDesc"":""Japan"",""partner2Code"":0,""partner2ISO"":""W00"",""partner2Desc"":""World"",""classificationCode"":""H6"",""classificationSearchCode"":""HS"",""isOriginalClassification"":true,""cmdCode"":""090111"",""cmdDesc"":""Coffee; not roasted or decaffeinated"",""aggrLevel"":6,""isLeaf"":true,""customsCode"":""C00"",""customsDesc"":""TOTAL CPC"",""mosCode"":""0"",""motCode"":0,""motDesc"":""TOTAL MOT"",""qtyUnitCode"":8,""qtyUnitAbbr"":""kg"",""qty"":316772493,""isQtyEstimated"":false,""altQtyUnitCode"":-1,""altQtyUnitAbbr"":""N/A"",""altQty"":0,""isAltQtyEstimated"":false,""netWgt"":137004611,""isNetWgtEstimated"":false,""grossWgt"":0,""isGrossWgtEstimated"":false,""cifvalue"":null,""fobvalue"":562017260,""primaryValue"":562017260,""legacyEstimationFlag"":0,""isReported"":false,""isAggregate"":true}"
,UN Comtrade,https://comtradeapi.un.org/public/v1/preview/C/A/HS?reporterCode=76&flowCode=X&cmdCode=090111&period=2024&includeDesc=true,2026-05-30T18:34:22.015Z,"{""reporters"":[{""endpoint"":""https://comtradeapi.un.org/public/v1/preview/C/A/HS"",""reporterCode"":704,""reporterISO"":""VNM"",""flowCode"":""X"",""cmdCode"":""090111"",""period"":""2020,2021,2022,2023,2024,2025"",""includeDesc"":true},{""endpoint"":""https://comtradeapi.un.org/public/v1/preview/C/A/HS"",""reporterCode"":76,""reporterISO"":""BRA"",""flowCode"":""X"",""cmdCode"":""090111"",""period"":""2020,2021,2022,2023,2024,2025"",""includeDesc"":true},{""endpoint"":""https://comtradeapi.un.org/public/v1/preview/C/A/HS"",""reporterCode"":360,""reporterISO"":""IDN"",""flowCode"":""X"",""cmdCode"":""090111"",""period"":""2020,2021,2022,2023,2024,2025"",""includeDesc"":true}]}",C,A,20240101,2024,76,BRA,Brazil,398,KAZ,Kazakhstan,0,W00,World,X,Export,H6,090111,Coffee; not roasted or decaffeinated,C00,TOTAL CPC,0,TOTAL MOT,8,kg,183325,183225,0,891506,true,false,true,"{""typeCode"":""C"",""freqCode"":""A"",""refPeriodId"":20240101,""refYear"":2024,""refMonth"":52,""period"":""2024"",""reporterCode"":76,""reporterISO"":""BRA"",""reporterDesc"":""Brazil"",""flowCode"":""X"",""flowDesc"":""Export"",""partnerCode"":398,""partnerISO"":""KAZ"",""partnerDesc"":""Kazakhstan"",""partner2Code"":0,""partner2ISO"":""W00"",""partner2Desc"":""World"",""classificationCode"":""H6"",""classificationSearchCode"":""HS"",""isOriginalClassification"":true,""cmdCode"":""090111"",""cmdDesc"":""Coffee; not roasted or decaffeinated"",""aggrLevel"":6,""isLeaf"":true,""customsCode"":""C00"",""customsDesc"":""TOTAL CPC"",""mosCode"":""0"",""motCode"":0,""motDesc"":""TOTAL MOT"",""qtyUnitCode"":8,""qtyUnitAbbr"":""kg"",""qty"":183325,""isQtyEstimated"":false,""altQtyUnitCode"":-1,""altQtyUnitAbbr"":""N/A"",""altQty"":0,""isAltQtyEstimated"":false,""netWgt"":183225,""isNetWgtEstimated"":false,""grossWgt"":0,""isGrossWgtEstimated"":false,""cifvalue"":null,""fobvalue"":891506,""primaryValue"":891506,""legacyEstimationFlag"":0,""isReported"":false,""isAggregate"":true}"
,UN Comtrade,https://comtradeapi.un.org/public/v1/preview/C/A/HS?reporterCode=76&flowCode=X&cmdCode=090111&period=2024&includeDesc=true,2026-05-30T18:34:22.015Z,"{""reporters"":[{""endpoint"":""https://comtradeapi.un.org/public/v1/preview/C/A/HS"",""reporterCode"":704,""reporterISO"":""VNM"",""flowCode"":""X"",""cmdCode"":""090111"",""period"":""2020,2021,2022,2023,2024,2025"",""includeDesc"":true},{""endpoint"":""https://comtradeapi.un.org/public/v1/preview/C/A/HS"",""reporterCode"":76,""reporterISO"":""BRA"",""flowCode"":""X"",""cmdCode"":""090111"",""period"":""2020,2021,2022,2023,2024,2025"",""includeDesc"":true},{""endpoint"":""https://comtradeapi.un.org/public/v1/preview/C/A/HS"",""reporterCode"":360,""reporterISO"":""IDN"",""flowCode"":""X"",""cmdCode"":""090111"",""period"":""2020,2021,2022,2023,2024,2025"",""includeDesc"":true}]}",C,A,20240101,2024,76,BRA,Brazil,400,JOR,Jordan,0,W00,World,X,Export,H6,090111,Coffee; not roasted or decaffeinated,C00,TOTAL CPC,0,TOTAL MOT,8,kg,50876520,18149019,0,73875355,true,false,true,"{""typeCode"":""C"",""freqCode"":""A"",""refPeriodId"":20240101,""refYear"":2024,""refMonth"":52,""period"":""2024"",""reporterCode"":76,""reporterISO"":""BRA"",""reporterDesc"":""Brazil"",""flowCode"":""X"",""flowDesc"":""Export"",""partnerCode"":400,""partnerISO"":""JOR"",""partnerDesc"":""Jordan"",""partner2Code"":0,""partner2ISO"":""W00"",""partner2Desc"":""World"",""classificationCode"":""H6"",""classificationSearchCode"":""HS"",""isOriginalClassification"":true,""cmdCode"":""090111"",""cmdDesc"":""Coffee; not roasted or decaffeinated"",""aggrLevel"":6,""isLeaf"":true,""customsCode"":""C00"",""customsDesc"":""TOTAL CPC"",""mosCode"":""0"",""motCode"":0,""motDesc"":""TOTAL MOT"",""qtyUnitCode"":8,""qtyUnitAbbr"":""kg"",""qty"":50876520,""isQtyEstimated"":false,""altQtyUnitCode"":21,""altQtyUnitAbbr"":""1000 KG"",""altQty"":77370,""isAltQtyEstimated"":false,""netWgt"":18149019,""isNetWgtEstimated"":false,""grossWgt"":0,""isGrossWgtEstimated"":false,""cifvalue"":null,""fobvalue"":73875355,""primaryValue"":73875355,""legacyEstimationFlag"":0,""isReported"":false,""isAggregate"":true}"
,UN Comtrade,https://comtradeapi.un.org/public/v1/preview/C/A/HS?reporterCode=76&flowCode=X&cmdCode=090111&period=2024&includeDesc=true,2026-05-30T18:34:22.015Z,"{""reporters"":[{""endpoint"":""https://comtradeapi.un.org/public/v1/preview/C/A/HS"",""reporterCode"":704,""reporterISO"":""VNM"",""flowCode"":""X"",""cmdCode"":""090111"",""period"":""2020,2021,2022,2023,2024,2025"",""includeDesc"":true},{""endpoint"":""https://comtradeapi.un.org/public/v1/preview/C/A/HS"",""reporterCode"":76,""reporterISO"":""BRA"",""flowCode"":""X"",""cmdCode"":""090111"",""period"":""2020,2021,2022,2023,2024,2025"",""includeDesc"":true},{""endpoint"":""https://comtradeapi.un.org/public/v1/preview/C/A/HS"",""reporterCode"":360,""reporterISO"":""IDN"",""flowCode"":""X"",""cmdCode"":""090111"",""period"":""2020,2021,2022,2023,2024,2025"",""includeDesc"":true}]}",C,A,20240101,2024,76,BRA,Brazil,404,KEN,Kenya,0,W00,World,X,Export,H6,090111,Coffee; not roasted or decaffeinated,C00,TOTAL CPC,0,TOTAL MOT,8,kg,228000,230400,0,946364,true,false,true,"{""typeCode"":""C"",""freqCode"":""A"",""refPeriodId"":20240101,""refYear"":2024,""refMonth"":52,""period"":""2024"",""reporterCode"":76,""reporterISO"":""BRA"",""reporterDesc"":""Brazil"",""flowCode"":""X"",""flowDesc"":""Export"",""partnerCode"":404,""partnerISO"":""KEN"",""partnerDesc"":""Kenya"",""partner2Code"":0,""partner2ISO"":""W00"",""partner2Desc"":""World"",""classificationCode"":""H6"",""classificationSearchCode"":""HS"",""isOriginalClassification"":true,""cmdCode"":""090111"",""cmdDesc"":""Coffee; not roasted or decaffeinated"",""aggrLevel"":6,""isLeaf"":true,""customsCode"":""C00"",""customsDesc"":""TOTAL CPC"",""mosCode"":""0"",""motCode"":0,""motDesc"":""TOTAL MOT"",""qtyUnitCode"":8,""qtyUnitAbbr"":""kg"",""qty"":228000,""isQtyEstimated"":false,""altQtyUnitCode"":21,""altQtyUnitAbbr"":""1000 KG"",""altQty"":228,""isAltQtyEstimated"":false,""netWgt"":230400,""isNetWgtEstimated"":false,""grossWgt"":0,""isGrossWgtEstimated"":false,""cifvalue"":null,""fobvalue"":946364,""primaryValue"":946364,""legacyEstimationFlag"":0,""isReported"":false,""isAggregate"":true}"
,UN Comtrade,https://comtradeapi.un.org/public/v1/preview/C/A/HS?reporterCode=76&flowCode=X&cmdCode=090111&period=2024&includeDesc=true,2026-05-30T18:34:22.015Z,"{""reporters"":[{""endpoint"":""https://comtradeapi.un.org/public/v1/preview/C/A/HS"",""reporterCode"":704,""reporterISO"":""VNM"",""flowCode"":""X"",""cmdCode"":""090111"",""period"":""2020,2021,2022,2023,2024,2025"",""includeDesc"":true},{""endpoint"":""https://comtradeapi.un.org/public/v1/preview/C/A/HS"",""reporterCode"":76,""reporterISO"":""BRA"",""flowCode"":""X"",""cmdCode"":""090111"",""period"":""2020,2021,2022,2023,2024,2025"",""includeDesc"":true},{""endpoint"":""https://comtradeapi.un.org/public/v1/preview/C/A/HS"",""reporterCode"":360,""reporterISO"":""IDN"",""flowCode"":""X"",""cmdCode"":""090111"",""period"":""2020,2021,2022,2023,2024,2025"",""includeDesc"":true}]}",C,A,20240101,2024,76,BRA,Brazil,410,KOR,Rep. of Korea,0,W00,World,X,Export,H6,090111,Coffee; not roasted or decaffeinated,C00,TOTAL CPC,0,TOTAL MOT,8,kg,116845827,55692298,0,241697881,true,false,true,"{""typeCode"":""C"",""freqCode"":""A"",""refPeriodId"":20240101,""refYear"":2024,""refMonth"":52,""period"":""2024"",""reporterCode"":76,""reporterISO"":""BRA"",""reporterDesc"":""Brazil"",""flowCode"":""X"",""flowDesc"":""Export"",""partnerCode"":410,""partnerISO"":""KOR"",""partnerDesc"":""Rep. of Korea"",""partner2Code"":0,""partner2ISO"":""W00"",""partner2Desc"":""World"",""classificationCode"":""H6"",""classificationSearchCode"":""HS"",""isOriginalClassification"":true,""cmdCode"":""090111"",""cmdDesc"":""Coffee; not roasted or decaffeinated"",""aggrLevel"":6,""isLeaf"":true,""customsCode"":""C00"",""customsDesc"":""TOTAL CPC"",""mosCode"":""0"",""motCode"":0,""motDesc"":""TOTAL MOT"",""qtyUnitCode"":8,""qtyUnitAbbr"":""kg"",""qty"":116845827,""isQtyEstimated"":false,""altQtyUnitCode"":-1,""altQtyUnitAbbr"":""N/A"",""altQty"":0,""isAltQtyEstimated"":false,""netWgt"":55692298,""isNetWgtEstimated"":false,""grossWgt"":0,""isGrossWgtEstimated"":false,""cifvalue"":null,""fobvalue"":241697881,""primaryValue"":241697881,""legacyEstimationFlag"":0,""isReported"":false,""isAggregate"":true}"
,UN Comtrade,https://comtradeapi.un.org/public/v1/preview/C/A/HS?reporterCode=76&flowCode=X&cmdCode=090111&period=2024&includeDesc=true,2026-05-30T18:34:22.015Z,"{""reporters"":[{""endpoint"":""https://comtradeapi.un.org/public/v1/preview/C/A/HS"",""reporterCode"":704,""reporterISO"":""VNM"",""flowCode"":""X"",""cmdCode"":""090111"",""period"":""2020,2021,2022,2023,2024,2025"",""includeDesc"":true},{""endpoint"":""https://comtradeapi.un.org/public/v1/preview/C/A/HS"",""reporterCode"":76,""reporterISO"":""BRA"",""flowCode"":""X"",""cmdCode"":""090111"",""period"":""2020,2021,2022,2023,2024,2025"",""includeDesc"":true},{""endpoint"":""https://comtradeapi.un.org/public/v1/preview/C/A/HS"",""reporterCode"":360,""reporterISO"":""IDN"",""flowCode"":""X"",""cmdCode"":""090111"",""period"":""2020,2021,2022,2023,2024,2025"",""includeDesc"":true}]}",C,A,20240101,2024,76,BRA,Brazil,414,KWT,Kuwait,0,W00,World,X,Export,H6,090111,Coffee; not roasted or decaffeinated,C00,TOTAL CPC,0,TOTAL MOT,8,kg,4338000,539090,0,2508905,true,false,true,"{""typeCode"":""C"",""freqCode"":""A"",""refPeriodId"":20240101,""refYear"":2024,""refMonth"":52,""period"":""2024"",""reporterCode"":76,""reporterISO"":""BRA"",""reporterDesc"":""Brazil"",""flowCode"":""X"",""flowDesc"":""Export"",""partnerCode"":414,""partnerISO"":""KWT"",""partnerDesc"":""Kuwait"",""partner2Code"":0,""partner2ISO"":""W00"",""partner2Desc"":""World"",""classificationCode"":""H6"",""classificationSearchCode"":""HS"",""isOriginalClassification"":true,""cmdCode"":""090111"",""cmdDesc"":""Coffee; not roasted or decaffeinated"",""aggrLevel"":6,""isLeaf"":true,""customsCode"":""C00"",""customsDesc"":""TOTAL CPC"",""mosCode"":""0"",""motCode"":0,""motDesc"":""TOTAL MOT"",""qtyUnitCode"":8,""qtyUnitAbbr"":""kg"",""qty"":4338000,""isQtyEstimated"":false,""altQtyUnitCode"":21,""altQtyUnitAbbr"":""1000 KG"",""altQty"":4338,""isAltQtyEstimated"":false,""netWgt"":539090,""isNetWgtEstimated"":false,""grossWgt"":0,""isGrossWgtEstimated"":false,""cifvalue"":null,""fobvalue"":2508905,""primaryValue"":2508905,""legacyEstimationFlag"":0,""isReported"":false,""isAggregate"":true}"
,UN Comtrade,https://comtradeapi.un.org/public/v1/preview/C/A/HS?reporterCode=76&flowCode=X&cmdCode=090111&period=2024&includeDesc=true,2026-05-30T18:34:22.015Z,"{""reporters"":[{""endpoint"":""https://comtradeapi.un.org/public/v1/preview/C/A/HS"",""reporterCode"":704,""reporterISO"":""VNM"",""flowCode"":""X"",""cmdCode"":""090111"",""period"":""2020,2021,2022,2023,2024,2025"",""includeDesc"":true},{""endpoint"":""https://comtradeapi.un.org/public/v1/preview/C/A/HS"",""reporterCode"":76,""reporterISO"":""BRA"",""flowCode"":""X"",""cmdCode"":""090111"",""period"":""2020,2021,2022,2023,2024,2025"",""includeDesc"":true},{""endpoint"":""https://comtradeapi.un.org/public/v1/preview/C/A/HS"",""reporterCode"":360,""reporterISO"":""IDN"",""flowCode"":""X"",""cmdCode"":""090111"",""period"":""2020,2021,2022,2023,2024,2025"",""includeDesc"":true}]}",C,A,20240101,2024,76,BRA,Brazil,422,LBN,Lebanon,0,W00,World,X,Export,H6,090111,Coffee; not roasted or decaffeinated,C00,TOTAL CPC,0,TOTAL MOT,8,kg,25225140,24165099,0,93614840,true,false,true,"{""typeCode"":""C"",""freqCode"":""A"",""refPeriodId"":20240101,""refYear"":2024,""refMonth"":52,""period"":""2024"",""reporterCode"":76,""reporterISO"":""BRA"",""reporterDesc"":""Brazil"",""flowCode"":""X"",""flowDesc"":""Export"",""partnerCode"":422,""partnerISO"":""LBN"",""partnerDesc"":""Lebanon"",""partner2Code"":0,""partner2ISO"":""W00"",""partner2Desc"":""World"",""classificationCode"":""H6"",""classificationSearchCode"":""HS"",""isOriginalClassification"":true,""cmdCode"":""090111"",""cmdDesc"":""Coffee; not roasted or decaffeinated"",""aggrLevel"":6,""isLeaf"":true,""customsCode"":""C00"",""customsDesc"":""TOTAL CPC"",""mosCode"":""0"",""motCode"":0,""motDesc"":""TOTAL MOT"",""qtyUnitCode"":8,""qtyUnitAbbr"":""kg"",""qty"":25225140,""isQtyEstimated"":false,""altQtyUnitCode"":-1,""altQtyUnitAbbr"":""N/A"",""altQty"":0,""isAltQtyEstimated"":false,""netWgt"":24165099,""isNetWgtEstimated"":false,""grossWgt"":0,""isGrossWgtEstimated"":false,""cifvalue"":null,""fobvalue"":93614840,""primaryValue"":93614840,""legacyEstimationFlag"":0,""isReported"":false,""isAggregate"":true}"
,UN Comtrade,https://comtradeapi.un.org/public/v1/preview/C/A/HS?reporterCode=76&flowCode=X&cmdCode=090111&period=2024&includeDesc=true,2026-05-30T18:34:22.015Z,"{""reporters"":[{""endpoint"":""https://comtradeapi.un.org/public/v1/preview/C/A/HS"",""reporterCode"":704,""reporterISO"":""VNM"",""flowCode"":""X"",""cmdCode"":""090111"",""period"":""2020,2021,2022,2023,2024,2025"",""includeDesc"":true},{""endpoint"":""https://comtradeapi.un.org/public/v1/preview/C/A/HS"",""reporterCode"":76,""reporterISO"":""BRA"",""flowCode"":""X"",""cmdCode"":""090111"",""period"":""2020,2021,2022,2023,2024,2025"",""includeDesc"":true},{""endpoint"":""https://comtradeapi.un.org/public/v1/preview/C/A/HS"",""reporterCode"":360,""reporterISO"":""IDN"",""flowCode"":""X"",""cmdCode"":""090111"",""period"":""2020,2021,2022,2023,2024,2025"",""includeDesc"":true}]}",C,A,20240101,2024,76,BRA,Brazil,428,LVA,Latvia,0,W00,World,X,Export,H6,090111,Coffee; not roasted or decaffeinated,C00,TOTAL CPC,0,TOTAL MOT,8,kg,5777000,5791581,0,24391385,true,false,true,"{""typeCode"":""C"",""freqCode"":""A"",""refPeriodId"":20240101,""refYear"":2024,""refMonth"":52,""period"":""2024"",""reporterCode"":76,""reporterISO"":""BRA"",""reporterDesc"":""Brazil"",""flowCode"":""X"",""flowDesc"":""Export"",""partnerCode"":428,""partnerISO"":""LVA"",""partnerDesc"":""Latvia"",""partner2Code"":0,""partner2ISO"":""W00"",""partner2Desc"":""World"",""classificationCode"":""H6"",""classificationSearchCode"":""HS"",""isOriginalClassification"":true,""cmdCode"":""090111"",""cmdDesc"":""Coffee; not roasted or decaffeinated"",""aggrLevel"":6,""isLeaf"":true,""customsCode"":""C00"",""customsDesc"":""TOTAL CPC"",""mosCode"":""0"",""motCode"":0,""motDesc"":""TOTAL MOT"",""qtyUnitCode"":8,""qtyUnitAbbr"":""kg"",""qty"":5777000,""isQtyEstimated"":false,""altQtyUnitCode"":21,""altQtyUnitAbbr"":""1000 KG"",""altQty"":5777,""isAltQtyEstimated"":false,""netWgt"":5791581,""isNetWgtEstimated"":false,""grossWgt"":0,""isGrossWgtEstimated"":false,""cifvalue"":null,""fobvalue"":24391385,""primaryValue"":24391385,""legacyEstimationFlag"":0,""isReported"":false,""isAggregate"":true}"
,UN Comtrade,https://comtradeapi.un.org/public/v1/preview/C/A/HS?reporterCode=76&flowCode=X&cmdCode=090111&period=2024&includeDesc=true,2026-05-30T18:34:22.015Z,"{""reporters"":[{""endpoint"":""https://comtradeapi.un.org/public/v1/preview/C/A/HS"",""reporterCode"":704,""reporterISO"":""VNM"",""flowCode"":""X"",""cmdCode"":""090111"",""period"":""2020,2021,2022,2023,2024,2025"",""includeDesc"":true},{""endpoint"":""https://comtradeapi.un.org/public/v1/preview/C/A/HS"",""reporterCode"":76,""reporterISO"":""BRA"",""flowCode"":""X"",""cmdCode"":""090111"",""period"":""2020,2021,2022,2023,2024,2025"",""includeDesc"":true},{""endpoint"":""https://comtradeapi.un.org/public/v1/preview/C/A/HS"",""reporterCode"":360,""reporterISO"":""IDN"",""flowCode"":""X"",""cmdCode"":""090111"",""period"":""2020,2021,2022,2023,2024,2025"",""includeDesc"":true}]}",C,A,20240101,2024,76,BRA,Brazil,430,LBR,Liberia,0,W00,World,X,Export,H6,090111,Coffee; not roasted or decaffeinated,C00,TOTAL CPC,0,TOTAL MOT,8,kg,333.059,332.059,0,5484,true,false,true,"{""typeCode"":""C"",""freqCode"":""A"",""refPeriodId"":20240101,""refYear"":2024,""refMonth"":52,""period"":""2024"",""reporterCode"":76,""reporterISO"":""BRA"",""reporterDesc"":""Brazil"",""flowCode"":""X"",""flowDesc"":""Export"",""partnerCode"":430,""partnerISO"":""LBR"",""partnerDesc"":""Liberia"",""partner2Code"":0,""partner2ISO"":""W00"",""partner2Desc"":""World"",""classificationCode"":""H6"",""classificationSearchCode"":""HS"",""isOriginalClassification"":true,""cmdCode"":""090111"",""cmdDesc"":""Coffee; not roasted or decaffeinated"",""aggrLevel"":6,""isLeaf"":true,""customsCode"":""C00"",""customsDesc"":""TOTAL CPC"",""mosCode"":""0"",""motCode"":0,""motDesc"":""TOTAL MOT"",""qtyUnitCode"":8,""qtyUnitAbbr"":""kg"",""qty"":333.059,""isQtyEstimated"":true,""altQtyUnitCode"":8,""altQtyUnitAbbr"":""kg"",""altQty"":325,""isAltQtyEstimated"":false,""netWgt"":332.059,""isNetWgtEstimated"":true,""grossWgt"":0,""isGrossWgtEstimated"":false,""cifvalue"":null,""fobvalue"":5484,""primaryValue"":5484,""legacyEstimationFlag"":6,""isReported"":false,""isAggregate"":true}"
,UN Comtrade,https://comtradeapi.un.org/public/v1/preview/C/A/HS?reporterCode=76&flowCode=X&cmdCode=090111&period=2024&includeDesc=true,2026-05-30T18:34:22.015Z,"{""reporters"":[{""endpoint"":""https://comtradeapi.un.org/public/v1/preview/C/A/HS"",""reporterCode"":704,""reporterISO"":""VNM"",""flowCode"":""X"",""cmdCode"":""090111"",""period"":""2020,2021,2022,2023,2024,2025"",""includeDesc"":true},{""endpoint"":""https://comtradeapi.un.org/public/v1/preview/C/A/HS"",""reporterCode"":76,""reporterISO"":""BRA"",""flowCode"":""X"",""cmdCode"":""090111"",""period"":""2020,2021,2022,2023,2024,2025"",""includeDesc"":true},{""endpoint"":""https://comtradeapi.un.org/public/v1/preview/C/A/HS"",""reporterCode"":360,""reporterISO"":""IDN"",""flowCode"":""X"",""cmdCode"":""090111"",""period"":""2020,2021,2022,2023,2024,2025"",""includeDesc"":true}]}",C,A,20240101,2024,76,BRA,Brazil,434,LBY,Libya,0,W00,World,X,Export,H6,090111,Coffee; not roasted or decaffeinated,C00,TOTAL CPC,0,TOTAL MOT,8,kg,15515000,7747146,0,31842891,true,false,true,"{""typeCode"":""C"",""freqCode"":""A"",""refPeriodId"":20240101,""refYear"":2024,""refMonth"":52,""period"":""2024"",""reporterCode"":76,""reporterISO"":""BRA"",""reporterDesc"":""Brazil"",""flowCode"":""X"",""flowDesc"":""Export"",""partnerCode"":434,""partnerISO"":""LBY"",""partnerDesc"":""Libya"",""partner2Code"":0,""partner2ISO"":""W00"",""partner2Desc"":""World"",""classificationCode"":""H6"",""classificationSearchCode"":""HS"",""isOriginalClassification"":true,""cmdCode"":""090111"",""cmdDesc"":""Coffee; not roasted or decaffeinated"",""aggrLevel"":6,""isLeaf"":true,""customsCode"":""C00"",""customsDesc"":""TOTAL CPC"",""mosCode"":""0"",""motCode"":0,""motDesc"":""TOTAL MOT"",""qtyUnitCode"":8,""qtyUnitAbbr"":""kg"",""qty"":15515000,""isQtyEstimated"":false,""altQtyUnitCode"":21,""altQtyUnitAbbr"":""1000 KG"",""altQty"":15515,""isAltQtyEstimated"":false,""netWgt"":7747146,""isNetWgtEstimated"":false,""grossWgt"":0,""isGrossWgtEstimated"":false,""cifvalue"":null,""fobvalue"":31842891,""primaryValue"":31842891,""legacyEstimationFlag"":0,""isReported"":false,""isAggregate"":true}"
,UN Comtrade,https://comtradeapi.un.org/public/v1/preview/C/A/HS?reporterCode=76&flowCode=X&cmdCode=090111&period=2024&includeDesc=true,2026-05-30T18:34:22.015Z,"{""reporters"":[{""endpoint"":""https://comtradeapi.un.org/public/v1/preview/C/A/HS"",""reporterCode"":704,""reporterISO"":""VNM"",""flowCode"":""X"",""cmdCode"":""090111"",""period"":""2020,2021,2022,2023,2024,2025"",""includeDesc"":true},{""endpoint"":""https://comtradeapi.un.org/public/v1/preview/C/A/HS"",""reporterCode"":76,""reporterISO"":""BRA"",""flowCode"":""X"",""cmdCode"":""090111"",""period"":""2020,2021,2022,2023,2024,2025"",""includeDesc"":true},{""endpoint"":""https://comtradeapi.un.org/public/v1/preview/C/A/HS"",""reporterCode"":360,""reporterISO"":""IDN"",""flowCode"":""X"",""cmdCode"":""090111"",""period"":""2020,2021,2022,2023,2024,2025"",""includeDesc"":true}]}",C,A,20240101,2024,76,BRA,Brazil,440,LTU,Lithuania,0,W00,World,X,Export,H6,090111,Coffee; not roasted or decaffeinated,C00,TOTAL CPC,0,TOTAL MOT,8,kg,2752201,2767621,0,11023703,true,false,true,"{""typeCode"":""C"",""freqCode"":""A"",""refPeriodId"":20240101,""refYear"":2024,""refMonth"":52,""period"":""2024"",""reporterCode"":76,""reporterISO"":""BRA"",""reporterDesc"":""Brazil"",""flowCode"":""X"",""flowDesc"":""Export"",""partnerCode"":440,""partnerISO"":""LTU"",""partnerDesc"":""Lithuania"",""partner2Code"":0,""partner2ISO"":""W00"",""partner2Desc"":""World"",""classificationCode"":""H6"",""classificationSearchCode"":""HS"",""isOriginalClassification"":true,""cmdCode"":""090111"",""cmdDesc"":""Coffee; not roasted or decaffeinated"",""aggrLevel"":6,""isLeaf"":true,""customsCode"":""C00"",""customsDesc"":""TOTAL CPC"",""mosCode"":""0"",""motCode"":0,""motDesc"":""TOTAL MOT"",""qtyUnitCode"":8,""qtyUnitAbbr"":""kg"",""qty"":2752201,""isQtyEstimated"":false,""altQtyUnitCode"":-1,""altQtyUnitAbbr"":""N/A"",""altQty"":0,""isAltQtyEstimated"":false,""netWgt"":2767621,""isNetWgtEstimated"":false,""grossWgt"":0,""isGrossWgtEstimated"":false,""cifvalue"":null,""fobvalue"":11023703,""primaryValue"":11023703,""legacyEstimationFlag"":0,""isReported"":false,""isAggregate"":true}"
,UN Comtrade,https://comtradeapi.un.org/public/v1/preview/C/A/HS?reporterCode=76&flowCode=X&cmdCode=090111&period=2024&includeDesc=true,2026-05-30T18:34:22.015Z,"{""reporters"":[{""endpoint"":""https://comtradeapi.un.org/public/v1/preview/C/A/HS"",""reporterCode"":704,""reporterISO"":""VNM"",""flowCode"":""X"",""cmdCode"":""090111"",""period"":""2020,2021,2022,2023,2024,2025"",""includeDesc"":true},{""endpoint"":""https://comtradeapi.un.org/public/v1/preview/C/A/HS"",""reporterCode"":76,""reporterISO"":""BRA"",""flowCode"":""X"",""cmdCode"":""090111"",""period"":""2020,2021,2022,2023,2024,2025"",""includeDesc"":true},{""endpoint"":""https://comtradeapi.un.org/public/v1/preview/C/A/HS"",""reporterCode"":360,""reporterISO"":""IDN"",""flowCode"":""X"",""cmdCode"":""090111"",""period"":""2020,2021,2022,2023,2024,2025"",""includeDesc"":true}]}",C,A,20240101,2024,76,BRA,Brazil,458,MYS,Malaysia,0,W00,World,X,Export,H6,090111,Coffee; not roasted or decaffeinated,C00,TOTAL CPC,0,TOTAL MOT,8,kg,15558345,15576700,0,65800693,true,false,true,"{""typeCode"":""C"",""freqCode"":""A"",""refPeriodId"":20240101,""refYear"":2024,""refMonth"":52,""period"":""2024"",""reporterCode"":76,""reporterISO"":""BRA"",""reporterDesc"":""Brazil"",""flowCode"":""X"",""flowDesc"":""Export"",""partnerCode"":458,""partnerISO"":""MYS"",""partnerDesc"":""Malaysia"",""partner2Code"":0,""partner2ISO"":""W00"",""partner2Desc"":""World"",""classificationCode"":""H6"",""classificationSearchCode"":""HS"",""isOriginalClassification"":true,""cmdCode"":""090111"",""cmdDesc"":""Coffee; not roasted or decaffeinated"",""aggrLevel"":6,""isLeaf"":true,""customsCode"":""C00"",""customsDesc"":""TOTAL CPC"",""mosCode"":""0"",""motCode"":0,""motDesc"":""TOTAL MOT"",""qtyUnitCode"":8,""qtyUnitAbbr"":""kg"",""qty"":15558345,""isQtyEstimated"":false,""altQtyUnitCode"":-1,""altQtyUnitAbbr"":""N/A"",""altQty"":0,""isAltQtyEstimated"":false,""netWgt"":15576700,""isNetWgtEstimated"":false,""grossWgt"":0,""isGrossWgtEstimated"":false,""cifvalue"":null,""fobvalue"":65800693,""primaryValue"":65800693,""legacyEstimationFlag"":0,""isReported"":false,""isAggregate"":true}"
,UN Comtrade,https://comtradeapi.un.org/public/v1/preview/C/A/HS?reporterCode=76&flowCode=X&cmdCode=090111&period=2024&includeDesc=true,2026-05-30T18:34:22.015Z,"{""reporters"":[{""endpoint"":""https://comtradeapi.un.org/public/v1/preview/C/A/HS"",""reporterCode"":704,""reporterISO"":""VNM"",""flowCode"":""X"",""cmdCode"":""090111"",""period"":""2020,2021,2022,2023,2024,2025"",""includeDesc"":true},{""endpoint"":""https://comtradeapi.un.org/public/v1/preview/C/A/HS"",""reporterCode"":76,""reporterISO"":""BRA"",""flowCode"":""X"",""cmdCode"":""090111"",""period"":""2020,2021,2022,2023,2024,2025"",""includeDesc"":true},{""endpoint"":""https://comtradeapi.un.org/public/v1/preview/C/A/HS"",""reporterCode"":360,""reporterISO"":""IDN"",""flowCode"":""X"",""cmdCode"":""090111"",""period"":""2020,2021,2022,2023,2024,2025"",""includeDesc"":true}]}",C,A,20240101,2024,76,BRA,Brazil,470,MLT,Malta,0,W00,World,X,Export,H6,090111,Coffee; not roasted or decaffeinated,C00,TOTAL CPC,0,TOTAL MOT,8,kg,3176,179,0,3059,true,false,true,"{""typeCode"":""C"",""freqCode"":""A"",""refPeriodId"":20240101,""refYear"":2024,""refMonth"":52,""period"":""2024"",""reporterCode"":76,""reporterISO"":""BRA"",""reporterDesc"":""Brazil"",""flowCode"":""X"",""flowDesc"":""Export"",""partnerCode"":470,""partnerISO"":""MLT"",""partnerDesc"":""Malta"",""partner2Code"":0,""partner2ISO"":""W00"",""partner2Desc"":""World"",""classificationCode"":""H6"",""classificationSearchCode"":""HS"",""isOriginalClassification"":true,""cmdCode"":""090111"",""cmdDesc"":""Coffee; not roasted or decaffeinated"",""aggrLevel"":6,""isLeaf"":true,""customsCode"":""C00"",""customsDesc"":""TOTAL CPC"",""mosCode"":""0"",""motCode"":0,""motDesc"":""TOTAL MOT"",""qtyUnitCode"":8,""qtyUnitAbbr"":""kg"",""qty"":3176,""isQtyEstimated"":false,""altQtyUnitCode"":-1,""altQtyUnitAbbr"":""N/A"",""altQty"":0,""isAltQtyEstimated"":false,""netWgt"":179,""isNetWgtEstimated"":false,""grossWgt"":0,""isGrossWgtEstimated"":false,""cifvalue"":null,""fobvalue"":3059,""primaryValue"":3059,""legacyEstimationFlag"":0,""isReported"":false,""isAggregate"":true}"
,UN Comtrade,https://comtradeapi.un.org/public/v1/preview/C/A/HS?reporterCode=76&flowCode=X&cmdCode=090111&period=2024&includeDesc=true,2026-05-30T18:34:22.015Z,"{""reporters"":[{""endpoint"":""https://comtradeapi.un.org/public/v1/preview/C/A/HS"",""reporterCode"":704,""reporterISO"":""VNM"",""flowCode"":""X"",""cmdCode"":""090111"",""period"":""2020,2021,2022,2023,2024,2025"",""includeDesc"":true},{""endpoint"":""https://comtradeapi.un.org/public/v1/preview/C/A/HS"",""reporterCode"":76,""reporterISO"":""BRA"",""flowCode"":""X"",""cmdCode"":""090111"",""period"":""2020,2021,2022,2023,2024,2025"",""includeDesc"":true},{""endpoint"":""https://comtradeapi.un.org/public/v1/preview/C/A/HS"",""reporterCode"":360,""reporterISO"":""IDN"",""flowCode"":""X"",""cmdCode"":""090111"",""period"":""2020,2021,2022,2023,2024,2025"",""includeDesc"":true}]}",C,A,20240101,2024,76,BRA,Brazil,484,MEX,Mexico,0,W00,World,X,Export,H6,090111,Coffee; not roasted or decaffeinated,C00,TOTAL CPC,0,TOTAL MOT,8,kg,76249000,76268972,0,262360878,true,false,true,"{""typeCode"":""C"",""freqCode"":""A"",""refPeriodId"":20240101,""refYear"":2024,""refMonth"":52,""period"":""2024"",""reporterCode"":76,""reporterISO"":""BRA"",""reporterDesc"":""Brazil"",""flowCode"":""X"",""flowDesc"":""Export"",""partnerCode"":484,""partnerISO"":""MEX"",""partnerDesc"":""Mexico"",""partner2Code"":0,""partner2ISO"":""W00"",""partner2Desc"":""World"",""classificationCode"":""H6"",""classificationSearchCode"":""HS"",""isOriginalClassification"":true,""cmdCode"":""090111"",""cmdDesc"":""Coffee; not roasted or decaffeinated"",""aggrLevel"":6,""isLeaf"":true,""customsCode"":""C00"",""customsDesc"":""TOTAL CPC"",""mosCode"":""0"",""motCode"":0,""motDesc"":""TOTAL MOT"",""qtyUnitCode"":8,""qtyUnitAbbr"":""kg"",""qty"":76249000,""isQtyEstimated"":false,""altQtyUnitCode"":21,""altQtyUnitAbbr"":""1000 KG"",""altQty"":76249,""isAltQtyEstimated"":false,""netWgt"":76268972,""isNetWgtEstimated"":false,""grossWgt"":0,""isGrossWgtEstimated"":false,""cifvalue"":null,""fobvalue"":262360878,""primaryValue"":262360878,""legacyEstimationFlag"":0,""isReported"":false,""isAggregate"":true}"
,UN Comtrade,https://comtradeapi.un.org/public/v1/preview/C/A/HS?reporterCode=76&flowCode=X&cmdCode=090111&period=2024&includeDesc=true,2026-05-30T18:34:22.015Z,"{""reporters"":[{""endpoint"":""https://comtradeapi.un.org/public/v1/preview/C/A/HS"",""reporterCode"":704,""reporterISO"":""VNM"",""flowCode"":""X"",""cmdCode"":""090111"",""period"":""2020,2021,2022,2023,2024,2025"",""includeDesc"":true},{""endpoint"":""https://comtradeapi.un.org/public/v1/preview/C/A/HS"",""reporterCode"":76,""reporterISO"":""BRA"",""flowCode"":""X"",""cmdCode"":""090111"",""period"":""2020,2021,2022,2023,2024,2025"",""includeDesc"":true},{""endpoint"":""https://comtradeapi.un.org/public/v1/preview/C/A/HS"",""reporterCode"":360,""reporterISO"":""IDN"",""flowCode"":""X"",""cmdCode"":""090111"",""period"":""2020,2021,2022,2023,2024,2025"",""includeDesc"":true}]}",C,A,20240101,2024,76,BRA,Brazil,490,S19,"Other Asia, nes",0,W00,World,X,Export,H6,090111,Coffee; not roasted or decaffeinated,C00,TOTAL CPC,0,TOTAL MOT,8,kg,33874235,12928985,0,53266012,true,false,true,"{""typeCode"":""C"",""freqCode"":""A"",""refPeriodId"":20240101,""refYear"":2024,""refMonth"":52,""period"":""2024"",""reporterCode"":76,""reporterISO"":""BRA"",""reporterDesc"":""Brazil"",""flowCode"":""X"",""flowDesc"":""Export"",""partnerCode"":490,""partnerISO"":""S19"",""partnerDesc"":""Other Asia, nes"",""partner2Code"":0,""partner2ISO"":""W00"",""partner2Desc"":""World"",""classificationCode"":""H6"",""classificationSearchCode"":""HS"",""isOriginalClassification"":true,""cmdCode"":""090111"",""cmdDesc"":""Coffee; not roasted or decaffeinated"",""aggrLevel"":6,""isLeaf"":true,""customsCode"":""C00"",""customsDesc"":""TOTAL CPC"",""mosCode"":""0"",""motCode"":0,""motDesc"":""TOTAL MOT"",""qtyUnitCode"":8,""qtyUnitAbbr"":""kg"",""qty"":33874235,""isQtyEstimated"":false,""altQtyUnitCode"":-1,""altQtyUnitAbbr"":""N/A"",""altQty"":0,""isAltQtyEstimated"":false,""netWgt"":12928985,""isNetWgtEstimated"":false,""grossWgt"":0,""isGrossWgtEstimated"":false,""cifvalue"":null,""fobvalue"":53266012,""primaryValue"":53266012,""legacyEstimationFlag"":0,""isReported"":false,""isAggregate"":true}"
,UN Comtrade,https://comtradeapi.un.org/public/v1/preview/C/A/HS?reporterCode=76&flowCode=X&cmdCode=090111&period=2024&includeDesc=true,2026-05-30T18:34:22.015Z,"{""reporters"":[{""endpoint"":""https://comtradeapi.un.org/public/v1/preview/C/A/HS"",""reporterCode"":704,""reporterISO"":""VNM"",""flowCode"":""X"",""cmdCode"":""090111"",""period"":""2020,2021,2022,2023,2024,2025"",""includeDesc"":true},{""endpoint"":""https://comtradeapi.un.org/public/v1/preview/C/A/HS"",""reporterCode"":76,""reporterISO"":""BRA"",""flowCode"":""X"",""cmdCode"":""090111"",""period"":""2020,2021,2022,2023,2024,2025"",""includeDesc"":true},{""endpoint"":""https://comtradeapi.un.org/public/v1/preview/C/A/HS"",""reporterCode"":360,""reporterISO"":""IDN"",""flowCode"":""X"",""cmdCode"":""090111"",""period"":""2020,2021,2022,2023,2024,2025"",""includeDesc"":true}]}",C,A,20240101,2024,76,BRA,Brazil,499,MNE,Montenegro,0,W00,World,X,Export,H6,090111,Coffee; not roasted or decaffeinated,C00,TOTAL CPC,0,TOTAL MOT,8,kg,5173000,5170869,0,19673036,true,false,true,"{""typeCode"":""C"",""freqCode"":""A"",""refPeriodId"":20240101,""refYear"":2024,""refMonth"":52,""period"":""2024"",""reporterCode"":76,""reporterISO"":""BRA"",""reporterDesc"":""Brazil"",""flowCode"":""X"",""flowDesc"":""Export"",""partnerCode"":499,""partnerISO"":""MNE"",""partnerDesc"":""Montenegro"",""partner2Code"":0,""partner2ISO"":""W00"",""partner2Desc"":""World"",""classificationCode"":""H6"",""classificationSearchCode"":""HS"",""isOriginalClassification"":true,""cmdCode"":""090111"",""cmdDesc"":""Coffee; not roasted or decaffeinated"",""aggrLevel"":6,""isLeaf"":true,""customsCode"":""C00"",""customsDesc"":""TOTAL CPC"",""mosCode"":""0"",""motCode"":0,""motDesc"":""TOTAL MOT"",""qtyUnitCode"":8,""qtyUnitAbbr"":""kg"",""qty"":5173000,""isQtyEstimated"":false,""altQtyUnitCode"":21,""altQtyUnitAbbr"":""1000 KG"",""altQty"":5173,""isAltQtyEstimated"":false,""netWgt"":5170869,""isNetWgtEstimated"":false,""grossWgt"":0,""isGrossWgtEstimated"":false,""cifvalue"":null,""fobvalue"":19673036,""primaryValue"":19673036,""legacyEstimationFlag"":0,""isReported"":false,""isAggregate"":true}"
,UN Comtrade,https://comtradeapi.un.org/public/v1/preview/C/A/HS?reporterCode=76&flowCode=X&cmdCode=090111&period=2024&includeDesc=true,2026-05-30T18:34:22.015Z,"{""reporters"":[{""endpoint"":""https://comtradeapi.un.org/public/v1/preview/C/A/HS"",""reporterCode"":704,""reporterISO"":""VNM"",""flowCode"":""X"",""cmdCode"":""090111"",""period"":""2020,2021,2022,2023,2024,2025"",""includeDesc"":true},{""endpoint"":""https://comtradeapi.un.org/public/v1/preview/C/A/HS"",""reporterCode"":76,""reporterISO"":""BRA"",""flowCode"":""X"",""cmdCode"":""090111"",""period"":""2020,2021,2022,2023,2024,2025"",""includeDesc"":true},{""endpoint"":""https://comtradeapi.un.org/public/v1/preview/C/A/HS"",""reporterCode"":360,""reporterISO"":""IDN"",""flowCode"":""X"",""cmdCode"":""090111"",""period"":""2020,2021,2022,2023,2024,2025"",""includeDesc"":true}]}",C,A,20240101,2024,76,BRA,Brazil,504,MAR,Morocco,0,W00,World,X,Export,H6,090111,Coffee; not roasted or decaffeinated,C00,TOTAL CPC,0,TOTAL MOT,8,kg,30505000,5534895,0,18675065,true,false,true,"{""typeCode"":""C"",""freqCode"":""A"",""refPeriodId"":20240101,""refYear"":2024,""refMonth"":52,""period"":""2024"",""reporterCode"":76,""reporterISO"":""BRA"",""reporterDesc"":""Brazil"",""flowCode"":""X"",""flowDesc"":""Export"",""partnerCode"":504,""partnerISO"":""MAR"",""partnerDesc"":""Morocco"",""partner2Code"":0,""partner2ISO"":""W00"",""partner2Desc"":""World"",""classificationCode"":""H6"",""classificationSearchCode"":""HS"",""isOriginalClassification"":true,""cmdCode"":""090111"",""cmdDesc"":""Coffee; not roasted or decaffeinated"",""aggrLevel"":6,""isLeaf"":true,""customsCode"":""C00"",""customsDesc"":""TOTAL CPC"",""mosCode"":""0"",""motCode"":0,""motDesc"":""TOTAL MOT"",""qtyUnitCode"":8,""qtyUnitAbbr"":""kg"",""qty"":30505000,""isQtyEstimated"":false,""altQtyUnitCode"":21,""altQtyUnitAbbr"":""1000 KG"",""altQty"":30505,""isAltQtyEstimated"":false,""netWgt"":5534895,""isNetWgtEstimated"":false,""grossWgt"":0,""isGrossWgtEstimated"":false,""cifvalue"":null,""fobvalue"":18675065,""primaryValue"":18675065,""legacyEstimationFlag"":0,""isReported"":false,""isAggregate"":true}"
,UN Comtrade,https://comtradeapi.un.org/public/v1/preview/C/A/HS?reporterCode=76&flowCode=X&cmdCode=090111&period=2024&includeDesc=true,2026-05-30T18:34:22.015Z,"{""reporters"":[{""endpoint"":""https://comtradeapi.un.org/public/v1/preview/C/A/HS"",""reporterCode"":704,""reporterISO"":""VNM"",""flowCode"":""X"",""cmdCode"":""090111"",""period"":""2020,2021,2022,2023,2024,2025"",""includeDesc"":true},{""endpoint"":""https://comtradeapi.un.org/public/v1/preview/C/A/HS"",""reporterCode"":76,""reporterISO"":""BRA"",""flowCode"":""X"",""cmdCode"":""090111"",""period"":""2020,2021,2022,2023,2024,2025"",""includeDesc"":true},{""endpoint"":""https://comtradeapi.un.org/public/v1/preview/C/A/HS"",""reporterCode"":360,""reporterISO"":""IDN"",""flowCode"":""X"",""cmdCode"":""090111"",""period"":""2020,2021,2022,2023,2024,2025"",""includeDesc"":true}]}",C,A,20240101,2024,76,BRA,Brazil,512,OMN,Oman,0,W00,World,X,Export,H6,090111,Coffee; not roasted or decaffeinated,C00,TOTAL CPC,0,TOTAL MOT,8,kg,2458000,908400,0,3478887,true,false,true,"{""typeCode"":""C"",""freqCode"":""A"",""refPeriodId"":20240101,""refYear"":2024,""refMonth"":52,""period"":""2024"",""reporterCode"":76,""reporterISO"":""BRA"",""reporterDesc"":""Brazil"",""flowCode"":""X"",""flowDesc"":""Export"",""partnerCode"":512,""partnerISO"":""OMN"",""partnerDesc"":""Oman"",""partner2Code"":0,""partner2ISO"":""W00"",""partner2Desc"":""World"",""classificationCode"":""H6"",""classificationSearchCode"":""HS"",""isOriginalClassification"":true,""cmdCode"":""090111"",""cmdDesc"":""Coffee; not roasted or decaffeinated"",""aggrLevel"":6,""isLeaf"":true,""customsCode"":""C00"",""customsDesc"":""TOTAL CPC"",""mosCode"":""0"",""motCode"":0,""motDesc"":""TOTAL MOT"",""qtyUnitCode"":8,""qtyUnitAbbr"":""kg"",""qty"":2458000,""isQtyEstimated"":false,""altQtyUnitCode"":21,""altQtyUnitAbbr"":""1000 KG"",""altQty"":2458,""isAltQtyEstimated"":false,""netWgt"":908400,""isNetWgtEstimated"":false,""grossWgt"":0,""isGrossWgtEstimated"":false,""cifvalue"":null,""fobvalue"":3478887,""primaryValue"":3478887,""legacyEstimationFlag"":0,""isReported"":false,""isAggregate"":true}"
,UN Comtrade,https://comtradeapi.un.org/public/v1/preview/C/A/HS?reporterCode=76&flowCode=X&cmdCode=090111&period=2024&includeDesc=true,2026-05-30T18:34:22.015Z,"{""reporters"":[{""endpoint"":""https://comtradeapi.un.org/public/v1/preview/C/A/HS"",""reporterCode"":704,""reporterISO"":""VNM"",""flowCode"":""X"",""cmdCode"":""090111"",""period"":""2020,2021,2022,2023,2024,2025"",""includeDesc"":true},{""endpoint"":""https://comtradeapi.un.org/public/v1/preview/C/A/HS"",""reporterCode"":76,""reporterISO"":""BRA"",""flowCode"":""X"",""cmdCode"":""090111"",""period"":""2020,2021,2022,2023,2024,2025"",""includeDesc"":true},{""endpoint"":""https://comtradeapi.un.org/public/v1/preview/C/A/HS"",""reporterCode"":360,""reporterISO"":""IDN"",""flowCode"":""X"",""cmdCode"":""090111"",""period"":""2020,2021,2022,2023,2024,2025"",""includeDesc"":true}]}",C,A,20240101,2024,76,BRA,Brazil,528,NLD,Netherlands,0,W00,World,X,Export,H6,090111,Coffee; not roasted or decaffeinated,C00,TOTAL CPC,0,TOTAL MOT,8,kg,79431302.488,79415606.488,0,337205079,true,false,true,"{""typeCode"":""C"",""freqCode"":""A"",""refPeriodId"":20240101,""refYear"":2024,""refMonth"":52,""period"":""2024"",""reporterCode"":76,""reporterISO"":""BRA"",""reporterDesc"":""Brazil"",""flowCode"":""X"",""flowDesc"":""Export"",""partnerCode"":528,""partnerISO"":""NLD"",""partnerDesc"":""Netherlands"",""partner2Code"":0,""partner2ISO"":""W00"",""partner2Desc"":""World"",""classificationCode"":""H6"",""classificationSearchCode"":""HS"",""isOriginalClassification"":true,""cmdCode"":""090111"",""cmdDesc"":""Coffee; not roasted or decaffeinated"",""aggrLevel"":6,""isLeaf"":true,""customsCode"":""C00"",""customsDesc"":""TOTAL CPC"",""mosCode"":""0"",""motCode"":0,""motDesc"":""TOTAL MOT"",""qtyUnitCode"":8,""qtyUnitAbbr"":""kg"",""qty"":79431302.488,""isQtyEstimated"":true,""altQtyUnitCode"":-1,""altQtyUnitAbbr"":""N/A"",""altQty"":0,""isAltQtyEstimated"":false,""netWgt"":79415606.488,""isNetWgtEstimated"":true,""grossWgt"":0,""isGrossWgtEstimated"":false,""cifvalue"":null,""fobvalue"":337205079,""primaryValue"":337205079,""legacyEstimationFlag"":6,""isReported"":false,""isAggregate"":true}"
,UN Comtrade,https://comtradeapi.un.org/public/v1/preview/C/A/HS?reporterCode=76&flowCode=X&cmdCode=090111&period=2024&includeDesc=true,2026-05-30T18:34:22.015Z,"{""reporters"":[{""endpoint"":""https://comtradeapi.un.org/public/v1/preview/C/A/HS"",""reporterCode"":704,""reporterISO"":""VNM"",""flowCode"":""X"",""cmdCode"":""090111"",""period"":""2020,2021,2022,2023,2024,2025"",""includeDesc"":true},{""endpoint"":""https://comtradeapi.un.org/public/v1/preview/C/A/HS"",""reporterCode"":76,""reporterISO"":""BRA"",""flowCode"":""X"",""cmdCode"":""090111"",""period"":""2020,2021,2022,2023,2024,2025"",""includeDesc"":true},{""endpoint"":""https://comtradeapi.un.org/public/v1/preview/C/A/HS"",""reporterCode"":360,""reporterISO"":""IDN"",""flowCode"":""X"",""cmdCode"":""090111"",""period"":""2020,2021,2022,2023,2024,2025"",""includeDesc"":true}]}",C,A,20240101,2024,76,BRA,Brazil,554,NZL,New Zealand,0,W00,World,X,Export,H6,090111,Coffee; not roasted or decaffeinated,C00,TOTAL CPC,0,TOTAL MOT,8,kg,22723040,3560037,0,16073445,true,false,true,"{""typeCode"":""C"",""freqCode"":""A"",""refPeriodId"":20240101,""refYear"":2024,""refMonth"":52,""period"":""2024"",""reporterCode"":76,""reporterISO"":""BRA"",""reporterDesc"":""Brazil"",""flowCode"":""X"",""flowDesc"":""Export"",""partnerCode"":554,""partnerISO"":""NZL"",""partnerDesc"":""New Zealand"",""partner2Code"":0,""partner2ISO"":""W00"",""partner2Desc"":""World"",""classificationCode"":""H6"",""classificationSearchCode"":""HS"",""isOriginalClassification"":true,""cmdCode"":""090111"",""cmdDesc"":""Coffee; not roasted or decaffeinated"",""aggrLevel"":6,""isLeaf"":true,""customsCode"":""C00"",""customsDesc"":""TOTAL CPC"",""mosCode"":""0"",""motCode"":0,""motDesc"":""TOTAL MOT"",""qtyUnitCode"":8,""qtyUnitAbbr"":""kg"",""qty"":22723040,""isQtyEstimated"":false,""altQtyUnitCode"":-1,""altQtyUnitAbbr"":""N/A"",""altQty"":0,""isAltQtyEstimated"":false,""netWgt"":3560037,""isNetWgtEstimated"":false,""grossWgt"":0,""isGrossWgtEstimated"":false,""cifvalue"":null,""fobvalue"":16073445,""primaryValue"":16073445,""legacyEstimationFlag"":0,""isReported"":false,""isAggregate"":true}"
,UN Comtrade,https://comtradeapi.un.org/public/v1/preview/C/A/HS?reporterCode=76&flowCode=X&cmdCode=090111&period=2024&includeDesc=true,2026-05-30T18:34:22.015Z,"{""reporters"":[{""endpoint"":""https://comtradeapi.un.org/public/v1/preview/C/A/HS"",""reporterCode"":704,""reporterISO"":""VNM"",""flowCode"":""X"",""cmdCode"":""090111"",""period"":""2020,2021,2022,2023,2024,2025"",""includeDesc"":true},{""endpoint"":""https://comtradeapi.un.org/public/v1/preview/C/A/HS"",""reporterCode"":76,""reporterISO"":""BRA"",""flowCode"":""X"",""cmdCode"":""090111"",""period"":""2020,2021,2022,2023,2024,2025"",""includeDesc"":true},{""endpoint"":""https://comtradeapi.un.org/public/v1/preview/C/A/HS"",""reporterCode"":360,""reporterISO"":""IDN"",""flowCode"":""X"",""cmdCode"":""090111"",""period"":""2020,2021,2022,2023,2024,2025"",""includeDesc"":true}]}",C,A,20240101,2024,76,BRA,Brazil,566,NGA,Nigeria,0,W00,World,X,Export,H6,090111,Coffee; not roasted or decaffeinated,C00,TOTAL CPC,0,TOTAL MOT,8,kg,10,10,0,74,true,false,true,"{""typeCode"":""C"",""freqCode"":""A"",""refPeriodId"":20240101,""refYear"":2024,""refMonth"":52,""period"":""2024"",""reporterCode"":76,""reporterISO"":""BRA"",""reporterDesc"":""Brazil"",""flowCode"":""X"",""flowDesc"":""Export"",""partnerCode"":566,""partnerISO"":""NGA"",""partnerDesc"":""Nigeria"",""partner2Code"":0,""partner2ISO"":""W00"",""partner2Desc"":""World"",""classificationCode"":""H6"",""classificationSearchCode"":""HS"",""isOriginalClassification"":true,""cmdCode"":""090111"",""cmdDesc"":""Coffee; not roasted or decaffeinated"",""aggrLevel"":6,""isLeaf"":true,""customsCode"":""C00"",""customsDesc"":""TOTAL CPC"",""mosCode"":""0"",""motCode"":0,""motDesc"":""TOTAL MOT"",""qtyUnitCode"":8,""qtyUnitAbbr"":""kg"",""qty"":10,""isQtyEstimated"":false,""altQtyUnitCode"":8,""altQtyUnitAbbr"":""kg"",""altQty"":10,""isAltQtyEstimated"":false,""netWgt"":10,""isNetWgtEstimated"":false,""grossWgt"":0,""isGrossWgtEstimated"":false,""cifvalue"":null,""fobvalue"":74,""primaryValue"":74,""legacyEstimationFlag"":0,""isReported"":false,""isAggregate"":true}"
,UN Comtrade,https://comtradeapi.un.org/public/v1/preview/C/A/HS?reporterCode=76&flowCode=X&cmdCode=090111&period=2024&includeDesc=true,2026-05-30T18:34:22.015Z,"{""reporters"":[{""endpoint"":""https://comtradeapi.un.org/public/v1/preview/C/A/HS"",""reporterCode"":704,""reporterISO"":""VNM"",""flowCode"":""X"",""cmdCode"":""090111"",""period"":""2020,2021,2022,2023,2024,2025"",""includeDesc"":true},{""endpoint"":""https://comtradeapi.un.org/public/v1/preview/C/A/HS"",""reporterCode"":76,""reporterISO"":""BRA"",""flowCode"":""X"",""cmdCode"":""090111"",""period"":""2020,2021,2022,2023,2024,2025"",""includeDesc"":true},{""endpoint"":""https://comtradeapi.un.org/public/v1/preview/C/A/HS"",""reporterCode"":360,""reporterISO"":""IDN"",""flowCode"":""X"",""cmdCode"":""090111"",""period"":""2020,2021,2022,2023,2024,2025"",""includeDesc"":true}]}",C,A,20240101,2024,76,BRA,Brazil,579,NOR,Norway,0,W00,World,X,Export,H6,090111,Coffee; not roasted or decaffeinated,C00,TOTAL CPC,0,TOTAL MOT,8,kg,11052030,11227501,0,50432587,true,false,true,"{""typeCode"":""C"",""freqCode"":""A"",""refPeriodId"":20240101,""refYear"":2024,""refMonth"":52,""period"":""2024"",""reporterCode"":76,""reporterISO"":""BRA"",""reporterDesc"":""Brazil"",""flowCode"":""X"",""flowDesc"":""Export"",""partnerCode"":579,""partnerISO"":""NOR"",""partnerDesc"":""Norway"",""partner2Code"":0,""partner2ISO"":""W00"",""partner2Desc"":""World"",""classificationCode"":""H6"",""classificationSearchCode"":""HS"",""isOriginalClassification"":true,""cmdCode"":""090111"",""cmdDesc"":""Coffee; not roasted or decaffeinated"",""aggrLevel"":6,""isLeaf"":true,""customsCode"":""C00"",""customsDesc"":""TOTAL CPC"",""mosCode"":""0"",""motCode"":0,""motDesc"":""TOTAL MOT"",""qtyUnitCode"":8,""qtyUnitAbbr"":""kg"",""qty"":11052030,""isQtyEstimated"":false,""altQtyUnitCode"":-1,""altQtyUnitAbbr"":""N/A"",""altQty"":0,""isAltQtyEstimated"":false,""netWgt"":11227501,""isNetWgtEstimated"":false,""grossWgt"":0,""isGrossWgtEstimated"":false,""cifvalue"":null,""fobvalue"":50432587,""primaryValue"":50432587,""legacyEstimationFlag"":0,""isReported"":false,""isAggregate"":true}"
,UN Comtrade,https://comtradeapi.un.org/public/v1/preview/C/A/HS?reporterCode=76&flowCode=X&cmdCode=090111&period=2024&includeDesc=true,2026-05-30T18:34:22.015Z,"{""reporters"":[{""endpoint"":""https://comtradeapi.un.org/public/v1/preview/C/A/HS"",""reporterCode"":704,""reporterISO"":""VNM"",""flowCode"":""X"",""cmdCode"":""090111"",""period"":""2020,2021,2022,2023,2024,2025"",""includeDesc"":true},{""endpoint"":""https://comtradeapi.un.org/public/v1/preview/C/A/HS"",""reporterCode"":76,""reporterISO"":""BRA"",""flowCode"":""X"",""cmdCode"":""090111"",""period"":""2020,2021,2022,2023,2024,2025"",""includeDesc"":true},{""endpoint"":""https://comtradeapi.un.org/public/v1/preview/C/A/HS"",""reporterCode"":360,""reporterISO"":""IDN"",""flowCode"":""X"",""cmdCode"":""090111"",""period"":""2020,2021,2022,2023,2024,2025"",""includeDesc"":true}]}",C,A,20240101,2024,76,BRA,Brazil,584,MHL,Marshall Isds,0,W00,World,X,Export,H6,090111,Coffee; not roasted or decaffeinated,C00,TOTAL CPC,0,TOTAL MOT,8,kg,407.931,407.931,0,5806,true,false,true,"{""typeCode"":""C"",""freqCode"":""A"",""refPeriodId"":20240101,""refYear"":2024,""refMonth"":52,""period"":""2024"",""reporterCode"":76,""reporterISO"":""BRA"",""reporterDesc"":""Brazil"",""flowCode"":""X"",""flowDesc"":""Export"",""partnerCode"":584,""partnerISO"":""MHL"",""partnerDesc"":""Marshall Isds"",""partner2Code"":0,""partner2ISO"":""W00"",""partner2Desc"":""World"",""classificationCode"":""H6"",""classificationSearchCode"":""HS"",""isOriginalClassification"":true,""cmdCode"":""090111"",""cmdDesc"":""Coffee; not roasted or decaffeinated"",""aggrLevel"":6,""isLeaf"":true,""customsCode"":""C00"",""customsDesc"":""TOTAL CPC"",""mosCode"":""0"",""motCode"":0,""motDesc"":""TOTAL MOT"",""qtyUnitCode"":8,""qtyUnitAbbr"":""kg"",""qty"":407.931,""isQtyEstimated"":true,""altQtyUnitCode"":8,""altQtyUnitAbbr"":""kg"",""altQty"":405,""isAltQtyEstimated"":false,""netWgt"":407.931,""isNetWgtEstimated"":true,""grossWgt"":0,""isGrossWgtEstimated"":false,""cifvalue"":null,""fobvalue"":5806,""primaryValue"":5806,""legacyEstimationFlag"":6,""isReported"":false,""isAggregate"":true}"
,UN Comtrade,https://comtradeapi.un.org/public/v1/preview/C/A/HS?reporterCode=76&flowCode=X&cmdCode=090111&period=2024&includeDesc=true,2026-05-30T18:34:22.015Z,"{""reporters"":[{""endpoint"":""https://comtradeapi.un.org/public/v1/preview/C/A/HS"",""reporterCode"":704,""reporterISO"":""VNM"",""flowCode"":""X"",""cmdCode"":""090111"",""period"":""2020,2021,2022,2023,2024,2025"",""includeDesc"":true},{""endpoint"":""https://comtradeapi.un.org/public/v1/preview/C/A/HS"",""reporterCode"":76,""reporterISO"":""BRA"",""flowCode"":""X"",""cmdCode"":""090111"",""period"":""2020,2021,2022,2023,2024,2025"",""includeDesc"":true},{""endpoint"":""https://comtradeapi.un.org/public/v1/preview/C/A/HS"",""reporterCode"":360,""reporterISO"":""IDN"",""flowCode"":""X"",""cmdCode"":""090111"",""period"":""2020,2021,2022,2023,2024,2025"",""includeDesc"":true}]}",C,A,20240101,2024,76,BRA,Brazil,586,PAK,Pakistan,0,W00,World,X,Export,H6,090111,Coffee; not roasted or decaffeinated,C00,TOTAL CPC,0,TOTAL MOT,8,kg,37000,37200,0,242091,true,false,true,"{""typeCode"":""C"",""freqCode"":""A"",""refPeriodId"":20240101,""refYear"":2024,""refMonth"":52,""period"":""2024"",""reporterCode"":76,""reporterISO"":""BRA"",""reporterDesc"":""Brazil"",""flowCode"":""X"",""flowDesc"":""Export"",""partnerCode"":586,""partnerISO"":""PAK"",""partnerDesc"":""Pakistan"",""partner2Code"":0,""partner2ISO"":""W00"",""partner2Desc"":""World"",""classificationCode"":""H6"",""classificationSearchCode"":""HS"",""isOriginalClassification"":true,""cmdCode"":""090111"",""cmdDesc"":""Coffee; not roasted or decaffeinated"",""aggrLevel"":6,""isLeaf"":true,""customsCode"":""C00"",""customsDesc"":""TOTAL CPC"",""mosCode"":""0"",""motCode"":0,""motDesc"":""TOTAL MOT"",""qtyUnitCode"":8,""qtyUnitAbbr"":""kg"",""qty"":37000,""isQtyEstimated"":false,""altQtyUnitCode"":21,""altQtyUnitAbbr"":""1000 KG"",""altQty"":37,""isAltQtyEstimated"":false,""netWgt"":37200,""isNetWgtEstimated"":false,""grossWgt"":0,""isGrossWgtEstimated"":false,""cifvalue"":null,""fobvalue"":242091,""primaryValue"":242091,""legacyEstimationFlag"":0,""isReported"":false,""isAggregate"":true}"
,UN Comtrade,https://comtradeapi.un.org/public/v1/preview/C/A/HS?reporterCode=76&flowCode=X&cmdCode=090111&period=2024&includeDesc=true,2026-05-30T18:34:22.015Z,"{""reporters"":[{""endpoint"":""https://comtradeapi.un.org/public/v1/preview/C/A/HS"",""reporterCode"":704,""reporterISO"":""VNM"",""flowCode"":""X"",""cmdCode"":""090111"",""period"":""2020,2021,2022,2023,2024,2025"",""includeDesc"":true},{""endpoint"":""https://comtradeapi.un.org/public/v1/preview/C/A/HS"",""reporterCode"":76,""reporterISO"":""BRA"",""flowCode"":""X"",""cmdCode"":""090111"",""period"":""2020,2021,2022,2023,2024,2025"",""includeDesc"":true},{""endpoint"":""https://comtradeapi.un.org/public/v1/preview/C/A/HS"",""reporterCode"":360,""reporterISO"":""IDN"",""flowCode"":""X"",""cmdCode"":""090111"",""period"":""2020,2021,2022,2023,2024,2025"",""includeDesc"":true}]}",C,A,20240101,2024,76,BRA,Brazil,591,PAN,Panama,0,W00,World,X,Export,H6,090111,Coffee; not roasted or decaffeinated,C00,TOTAL CPC,0,TOTAL MOT,8,kg,1191894.686,1191894.686,0,4575061,true,false,true,"{""typeCode"":""C"",""freqCode"":""A"",""refPeriodId"":20240101,""refYear"":2024,""refMonth"":52,""period"":""2024"",""reporterCode"":76,""reporterISO"":""BRA"",""reporterDesc"":""Brazil"",""flowCode"":""X"",""flowDesc"":""Export"",""partnerCode"":591,""partnerISO"":""PAN"",""partnerDesc"":""Panama"",""partner2Code"":0,""partner2ISO"":""W00"",""partner2Desc"":""World"",""classificationCode"":""H6"",""classificationSearchCode"":""HS"",""isOriginalClassification"":true,""cmdCode"":""090111"",""cmdDesc"":""Coffee; not roasted or decaffeinated"",""aggrLevel"":6,""isLeaf"":true,""customsCode"":""C00"",""customsDesc"":""TOTAL CPC"",""mosCode"":""0"",""motCode"":0,""motDesc"":""TOTAL MOT"",""qtyUnitCode"":8,""qtyUnitAbbr"":""kg"",""qty"":1191894.686,""isQtyEstimated"":true,""altQtyUnitCode"":-1,""altQtyUnitAbbr"":""N/A"",""altQty"":0,""isAltQtyEstimated"":false,""netWgt"":1191894.686,""isNetWgtEstimated"":true,""grossWgt"":0,""isGrossWgtEstimated"":false,""cifvalue"":null,""fobvalue"":4575061,""primaryValue"":4575061,""legacyEstimationFlag"":6,""isReported"":false,""isAggregate"":true}"
,UN Comtrade,https://comtradeapi.un.org/public/v1/preview/C/A/HS?reporterCode=76&flowCode=X&cmdCode=090111&period=2024&includeDesc=true,2026-05-30T18:34:22.015Z,"{""reporters"":[{""endpoint"":""https://comtradeapi.un.org/public/v1/preview/C/A/HS"",""reporterCode"":704,""reporterISO"":""VNM"",""flowCode"":""X"",""cmdCode"":""090111"",""period"":""2020,2021,2022,2023,2024,2025"",""includeDesc"":true},{""endpoint"":""https://comtradeapi.un.org/public/v1/preview/C/A/HS"",""reporterCode"":76,""reporterISO"":""BRA"",""flowCode"":""X"",""cmdCode"":""090111"",""period"":""2020,2021,2022,2023,2024,2025"",""includeDesc"":true},{""endpoint"":""https://comtradeapi.un.org/public/v1/preview/C/A/HS"",""reporterCode"":360,""reporterISO"":""IDN"",""flowCode"":""X"",""cmdCode"":""090111"",""period"":""2020,2021,2022,2023,2024,2025"",""includeDesc"":true}]}",C,A,20240101,2024,76,BRA,Brazil,600,PRY,Paraguay,0,W00,World,X,Export,H6,090111,Coffee; not roasted or decaffeinated,C00,TOTAL CPC,0,TOTAL MOT,8,kg,629210,628290,0,2404042,true,false,true,"{""typeCode"":""C"",""freqCode"":""A"",""refPeriodId"":20240101,""refYear"":2024,""refMonth"":52,""period"":""2024"",""reporterCode"":76,""reporterISO"":""BRA"",""reporterDesc"":""Brazil"",""flowCode"":""X"",""flowDesc"":""Export"",""partnerCode"":600,""partnerISO"":""PRY"",""partnerDesc"":""Paraguay"",""partner2Code"":0,""partner2ISO"":""W00"",""partner2Desc"":""World"",""classificationCode"":""H6"",""classificationSearchCode"":""HS"",""isOriginalClassification"":true,""cmdCode"":""090111"",""cmdDesc"":""Coffee; not roasted or decaffeinated"",""aggrLevel"":6,""isLeaf"":true,""customsCode"":""C00"",""customsDesc"":""TOTAL CPC"",""mosCode"":""0"",""motCode"":0,""motDesc"":""TOTAL MOT"",""qtyUnitCode"":8,""qtyUnitAbbr"":""kg"",""qty"":629210,""isQtyEstimated"":false,""altQtyUnitCode"":21,""altQtyUnitAbbr"":""1000 KG"",""altQty"":15824,""isAltQtyEstimated"":false,""netWgt"":628290,""isNetWgtEstimated"":false,""grossWgt"":0,""isGrossWgtEstimated"":false,""cifvalue"":null,""fobvalue"":2404042,""primaryValue"":2404042,""legacyEstimationFlag"":0,""isReported"":false,""isAggregate"":true}"
,UN Comtrade,https://comtradeapi.un.org/public/v1/preview/C/A/HS?reporterCode=76&flowCode=X&cmdCode=090111&period=2024&includeDesc=true,2026-05-30T18:34:22.015Z,"{""reporters"":[{""endpoint"":""https://comtradeapi.un.org/public/v1/preview/C/A/HS"",""reporterCode"":704,""reporterISO"":""VNM"",""flowCode"":""X"",""cmdCode"":""090111"",""period"":""2020,2021,2022,2023,2024,2025"",""includeDesc"":true},{""endpoint"":""https://comtradeapi.un.org/public/v1/preview/C/A/HS"",""reporterCode"":76,""reporterISO"":""BRA"",""flowCode"":""X"",""cmdCode"":""090111"",""period"":""2020,2021,2022,2023,2024,2025"",""includeDesc"":true},{""endpoint"":""https://comtradeapi.un.org/public/v1/preview/C/A/HS"",""reporterCode"":360,""reporterISO"":""IDN"",""flowCode"":""X"",""cmdCode"":""090111"",""period"":""2020,2021,2022,2023,2024,2025"",""includeDesc"":true}]}",C,A,20240101,2024,76,BRA,Brazil,604,PER,Peru,0,W00,World,X,Export,H6,090111,Coffee; not roasted or decaffeinated,C00,TOTAL CPC,0,TOTAL MOT,8,kg,165,165,0,5925,true,false,true,"{""typeCode"":""C"",""freqCode"":""A"",""refPeriodId"":20240101,""refYear"":2024,""refMonth"":52,""period"":""2024"",""reporterCode"":76,""reporterISO"":""BRA"",""reporterDesc"":""Brazil"",""flowCode"":""X"",""flowDesc"":""Export"",""partnerCode"":604,""partnerISO"":""PER"",""partnerDesc"":""Peru"",""partner2Code"":0,""partner2ISO"":""W00"",""partner2Desc"":""World"",""classificationCode"":""H6"",""classificationSearchCode"":""HS"",""isOriginalClassification"":true,""cmdCode"":""090111"",""cmdDesc"":""Coffee; not roasted or decaffeinated"",""aggrLevel"":6,""isLeaf"":true,""customsCode"":""C00"",""customsDesc"":""TOTAL CPC"",""mosCode"":""0"",""motCode"":0,""motDesc"":""TOTAL MOT"",""qtyUnitCode"":8,""qtyUnitAbbr"":""kg"",""qty"":165,""isQtyEstimated"":false,""altQtyUnitCode"":8,""altQtyUnitAbbr"":""kg"",""altQty"":165,""isAltQtyEstimated"":false,""netWgt"":165,""isNetWgtEstimated"":false,""grossWgt"":0,""isGrossWgtEstimated"":false,""cifvalue"":null,""fobvalue"":5925,""primaryValue"":5925,""legacyEstimationFlag"":0,""isReported"":false,""isAggregate"":true}"
,UN Comtrade,https://comtradeapi.un.org/public/v1/preview/C/A/HS?reporterCode=76&flowCode=X&cmdCode=090111&period=2024&includeDesc=true,2026-05-30T18:34:22.015Z,"{""reporters"":[{""endpoint"":""https://comtradeapi.un.org/public/v1/preview/C/A/HS"",""reporterCode"":704,""reporterISO"":""VNM"",""flowCode"":""X"",""cmdCode"":""090111"",""period"":""2020,2021,2022,2023,2024,2025"",""includeDesc"":true},{""endpoint"":""https://comtradeapi.un.org/public/v1/preview/C/A/HS"",""reporterCode"":76,""reporterISO"":""BRA"",""flowCode"":""X"",""cmdCode"":""090111"",""period"":""2020,2021,2022,2023,2024,2025"",""includeDesc"":true},{""endpoint"":""https://comtradeapi.un.org/public/v1/preview/C/A/HS"",""reporterCode"":360,""reporterISO"":""IDN"",""flowCode"":""X"",""cmdCode"":""090111"",""period"":""2020,2021,2022,2023,2024,2025"",""includeDesc"":true}]}",C,A,20240101,2024,76,BRA,Brazil,608,PHL,Philippines,0,W00,World,X,Export,H6,090111,Coffee; not roasted or decaffeinated,C00,TOTAL CPC,0,TOTAL MOT,8,kg,531022,537466,0,2096860,true,false,true,"{""typeCode"":""C"",""freqCode"":""A"",""refPeriodId"":20240101,""refYear"":2024,""refMonth"":52,""period"":""2024"",""reporterCode"":76,""reporterISO"":""BRA"",""reporterDesc"":""Brazil"",""flowCode"":""X"",""flowDesc"":""Export"",""partnerCode"":608,""partnerISO"":""PHL"",""partnerDesc"":""Philippines"",""partner2Code"":0,""partner2ISO"":""W00"",""partner2Desc"":""World"",""classificationCode"":""H6"",""classificationSearchCode"":""HS"",""isOriginalClassification"":true,""cmdCode"":""090111"",""cmdDesc"":""Coffee; not roasted or decaffeinated"",""aggrLevel"":6,""isLeaf"":true,""customsCode"":""C00"",""customsDesc"":""TOTAL CPC"",""mosCode"":""0"",""motCode"":0,""motDesc"":""TOTAL MOT"",""qtyUnitCode"":8,""qtyUnitAbbr"":""kg"",""qty"":531022,""isQtyEstimated"":false,""altQtyUnitCode"":-1,""altQtyUnitAbbr"":""N/A"",""altQty"":0,""isAltQtyEstimated"":false,""netWgt"":537466,""isNetWgtEstimated"":false,""grossWgt"":0,""isGrossWgtEstimated"":false,""cifvalue"":null,""fobvalue"":2096860,""primaryValue"":2096860,""legacyEstimationFlag"":0,""isReported"":false,""isAggregate"":true}"
,UN Comtrade,https://comtradeapi.un.org/public/v1/preview/C/A/HS?reporterCode=76&flowCode=X&cmdCode=090111&period=2024&includeDesc=true,2026-05-30T18:34:22.015Z,"{""reporters"":[{""endpoint"":""https://comtradeapi.un.org/public/v1/preview/C/A/HS"",""reporterCode"":704,""reporterISO"":""VNM"",""flowCode"":""X"",""cmdCode"":""090111"",""period"":""2020,2021,2022,2023,2024,2025"",""includeDesc"":true},{""endpoint"":""https://comtradeapi.un.org/public/v1/preview/C/A/HS"",""reporterCode"":76,""reporterISO"":""BRA"",""flowCode"":""X"",""cmdCode"":""090111"",""period"":""2020,2021,2022,2023,2024,2025"",""includeDesc"":true},{""endpoint"":""https://comtradeapi.un.org/public/v1/preview/C/A/HS"",""reporterCode"":360,""reporterISO"":""IDN"",""flowCode"":""X"",""cmdCode"":""090111"",""period"":""2020,2021,2022,2023,2024,2025"",""includeDesc"":true}]}",C,A,20240101,2024,76,BRA,Brazil,616,POL,Poland,0,W00,World,X,Export,H6,090111,Coffee; not roasted or decaffeinated,C00,TOTAL CPC,0,TOTAL MOT,8,kg,15101108.431,15109961.431,0,59953549,true,false,true,"{""typeCode"":""C"",""freqCode"":""A"",""refPeriodId"":20240101,""refYear"":2024,""refMonth"":52,""period"":""2024"",""reporterCode"":76,""reporterISO"":""BRA"",""reporterDesc"":""Brazil"",""flowCode"":""X"",""flowDesc"":""Export"",""partnerCode"":616,""partnerISO"":""POL"",""partnerDesc"":""Poland"",""partner2Code"":0,""partner2ISO"":""W00"",""partner2Desc"":""World"",""classificationCode"":""H6"",""classificationSearchCode"":""HS"",""isOriginalClassification"":true,""cmdCode"":""090111"",""cmdDesc"":""Coffee; not roasted or decaffeinated"",""aggrLevel"":6,""isLeaf"":true,""customsCode"":""C00"",""customsDesc"":""TOTAL CPC"",""mosCode"":""0"",""motCode"":0,""motDesc"":""TOTAL MOT"",""qtyUnitCode"":8,""qtyUnitAbbr"":""kg"",""qty"":15101108.431,""isQtyEstimated"":true,""altQtyUnitCode"":21,""altQtyUnitAbbr"":""1000 KG"",""altQty"":15101,""isAltQtyEstimated"":false,""netWgt"":15109961.431,""isNetWgtEstimated"":true,""grossWgt"":0,""isGrossWgtEstimated"":false,""cifvalue"":null,""fobvalue"":59953549,""primaryValue"":59953549,""legacyEstimationFlag"":6,""isReported"":false,""isAggregate"":true}"
,UN Comtrade,https://comtradeapi.un.org/public/v1/preview/C/A/HS?reporterCode=76&flowCode=X&cmdCode=090111&period=2024&includeDesc=true,2026-05-30T18:34:22.015Z,"{""reporters"":[{""endpoint"":""https://comtradeapi.un.org/public/v1/preview/C/A/HS"",""reporterCode"":704,""reporterISO"":""VNM"",""flowCode"":""X"",""cmdCode"":""090111"",""period"":""2020,2021,2022,2023,2024,2025"",""includeDesc"":true},{""endpoint"":""https://comtradeapi.un.org/public/v1/preview/C/A/HS"",""reporterCode"":76,""reporterISO"":""BRA"",""flowCode"":""X"",""cmdCode"":""090111"",""period"":""2020,2021,2022,2023,2024,2025"",""includeDesc"":true},{""endpoint"":""https://comtradeapi.un.org/public/v1/preview/C/A/HS"",""reporterCode"":360,""reporterISO"":""IDN"",""flowCode"":""X"",""cmdCode"":""090111"",""period"":""2020,2021,2022,2023,2024,2025"",""includeDesc"":true}]}",C,A,20240101,2024,76,BRA,Brazil,620,PRT,Portugal,0,W00,World,X,Export,H6,090111,Coffee; not roasted or decaffeinated,C00,TOTAL CPC,0,TOTAL MOT,8,kg,31839505.373,10309921.373,0,42940515,true,false,true,"{""typeCode"":""C"",""freqCode"":""A"",""refPeriodId"":20240101,""refYear"":2024,""refMonth"":52,""period"":""2024"",""reporterCode"":76,""reporterISO"":""BRA"",""reporterDesc"":""Brazil"",""flowCode"":""X"",""flowDesc"":""Export"",""partnerCode"":620,""partnerISO"":""PRT"",""partnerDesc"":""Portugal"",""partner2Code"":0,""partner2ISO"":""W00"",""partner2Desc"":""World"",""classificationCode"":""H6"",""classificationSearchCode"":""HS"",""isOriginalClassification"":true,""cmdCode"":""090111"",""cmdDesc"":""Coffee; not roasted or decaffeinated"",""aggrLevel"":6,""isLeaf"":true,""customsCode"":""C00"",""customsDesc"":""TOTAL CPC"",""mosCode"":""0"",""motCode"":0,""motDesc"":""TOTAL MOT"",""qtyUnitCode"":8,""qtyUnitAbbr"":""kg"",""qty"":31839505.373,""isQtyEstimated"":true,""altQtyUnitCode"":-1,""altQtyUnitAbbr"":""N/A"",""altQty"":0,""isAltQtyEstimated"":false,""netWgt"":10309921.373,""isNetWgtEstimated"":true,""grossWgt"":0,""isGrossWgtEstimated"":false,""cifvalue"":null,""fobvalue"":42940515,""primaryValue"":42940515,""legacyEstimationFlag"":6,""isReported"":false,""isAggregate"":true}"
,UN Comtrade,https://comtradeapi.un.org/public/v1/preview/C/A/HS?reporterCode=76&flowCode=X&cmdCode=090111&period=2024&includeDesc=true,2026-05-30T18:34:22.015Z,"{""reporters"":[{""endpoint"":""https://comtradeapi.un.org/public/v1/preview/C/A/HS"",""reporterCode"":704,""reporterISO"":""VNM"",""flowCode"":""X"",""cmdCode"":""090111"",""period"":""2020,2021,2022,2023,2024,2025"",""includeDesc"":true},{""endpoint"":""https://comtradeapi.un.org/public/v1/preview/C/A/HS"",""reporterCode"":76,""reporterISO"":""BRA"",""flowCode"":""X"",""cmdCode"":""090111"",""period"":""2020,2021,2022,2023,2024,2025"",""includeDesc"":true},{""endpoint"":""https://comtradeapi.un.org/public/v1/preview/C/A/HS"",""reporterCode"":360,""reporterISO"":""IDN"",""flowCode"":""X"",""cmdCode"":""090111"",""period"":""2020,2021,2022,2023,2024,2025"",""includeDesc"":true}]}",C,A,20240101,2024,76,BRA,Brazil,634,QAT,Qatar,0,W00,World,X,Export,H6,090111,Coffee; not roasted or decaffeinated,C00,TOTAL CPC,0,TOTAL MOT,8,kg,220060,221881,0,1030897,true,false,true,"{""typeCode"":""C"",""freqCode"":""A"",""refPeriodId"":20240101,""refYear"":2024,""refMonth"":52,""period"":""2024"",""reporterCode"":76,""reporterISO"":""BRA"",""reporterDesc"":""Brazil"",""flowCode"":""X"",""flowDesc"":""Export"",""partnerCode"":634,""partnerISO"":""QAT"",""partnerDesc"":""Qatar"",""partner2Code"":0,""partner2ISO"":""W00"",""partner2Desc"":""World"",""classificationCode"":""H6"",""classificationSearchCode"":""HS"",""isOriginalClassification"":true,""cmdCode"":""090111"",""cmdDesc"":""Coffee; not roasted or decaffeinated"",""aggrLevel"":6,""isLeaf"":true,""customsCode"":""C00"",""customsDesc"":""TOTAL CPC"",""mosCode"":""0"",""motCode"":0,""motDesc"":""TOTAL MOT"",""qtyUnitCode"":8,""qtyUnitAbbr"":""kg"",""qty"":220060,""isQtyEstimated"":false,""altQtyUnitCode"":-1,""altQtyUnitAbbr"":""N/A"",""altQty"":0,""isAltQtyEstimated"":false,""netWgt"":221881,""isNetWgtEstimated"":false,""grossWgt"":0,""isGrossWgtEstimated"":false,""cifvalue"":null,""fobvalue"":1030897,""primaryValue"":1030897,""legacyEstimationFlag"":0,""isReported"":false,""isAggregate"":true}"
,UN Comtrade,https://comtradeapi.un.org/public/v1/preview/C/A/HS?reporterCode=76&flowCode=X&cmdCode=090111&period=2024&includeDesc=true,2026-05-30T18:34:22.015Z,"{""reporters"":[{""endpoint"":""https://comtradeapi.un.org/public/v1/preview/C/A/HS"",""reporterCode"":704,""reporterISO"":""VNM"",""flowCode"":""X"",""cmdCode"":""090111"",""period"":""2020,2021,2022,2023,2024,2025"",""includeDesc"":true},{""endpoint"":""https://comtradeapi.un.org/public/v1/preview/C/A/HS"",""reporterCode"":76,""reporterISO"":""BRA"",""flowCode"":""X"",""cmdCode"":""090111"",""period"":""2020,2021,2022,2023,2024,2025"",""includeDesc"":true},{""endpoint"":""https://comtradeapi.un.org/public/v1/preview/C/A/HS"",""reporterCode"":360,""reporterISO"":""IDN"",""flowCode"":""X"",""cmdCode"":""090111"",""period"":""2020,2021,2022,2023,2024,2025"",""includeDesc"":true}]}",C,A,20240101,2024,76,BRA,Brazil,642,ROU,Romania,0,W00,World,X,Export,H6,090111,Coffee; not roasted or decaffeinated,C00,TOTAL CPC,0,TOTAL MOT,8,kg,5159000,5155560,0,20631032,true,false,true,"{""typeCode"":""C"",""freqCode"":""A"",""refPeriodId"":20240101,""refYear"":2024,""refMonth"":52,""period"":""2024"",""reporterCode"":76,""reporterISO"":""BRA"",""reporterDesc"":""Brazil"",""flowCode"":""X"",""flowDesc"":""Export"",""partnerCode"":642,""partnerISO"":""ROU"",""partnerDesc"":""Romania"",""partner2Code"":0,""partner2ISO"":""W00"",""partner2Desc"":""World"",""classificationCode"":""H6"",""classificationSearchCode"":""HS"",""isOriginalClassification"":true,""cmdCode"":""090111"",""cmdDesc"":""Coffee; not roasted or decaffeinated"",""aggrLevel"":6,""isLeaf"":true,""customsCode"":""C00"",""customsDesc"":""TOTAL CPC"",""mosCode"":""0"",""motCode"":0,""motDesc"":""TOTAL MOT"",""qtyUnitCode"":8,""qtyUnitAbbr"":""kg"",""qty"":5159000,""isQtyEstimated"":false,""altQtyUnitCode"":21,""altQtyUnitAbbr"":""1000 KG"",""altQty"":5159,""isAltQtyEstimated"":false,""netWgt"":5155560,""isNetWgtEstimated"":false,""grossWgt"":0,""isGrossWgtEstimated"":false,""cifvalue"":null,""fobvalue"":20631032,""primaryValue"":20631032,""legacyEstimationFlag"":0,""isReported"":false,""isAggregate"":true}"
,UN Comtrade,https://comtradeapi.un.org/public/v1/preview/C/A/HS?reporterCode=76&flowCode=X&cmdCode=090111&period=2024&includeDesc=true,2026-05-30T18:34:22.015Z,"{""reporters"":[{""endpoint"":""https://comtradeapi.un.org/public/v1/preview/C/A/HS"",""reporterCode"":704,""reporterISO"":""VNM"",""flowCode"":""X"",""cmdCode"":""090111"",""period"":""2020,2021,2022,2023,2024,2025"",""includeDesc"":true},{""endpoint"":""https://comtradeapi.un.org/public/v1/preview/C/A/HS"",""reporterCode"":76,""reporterISO"":""BRA"",""flowCode"":""X"",""cmdCode"":""090111"",""period"":""2020,2021,2022,2023,2024,2025"",""includeDesc"":true},{""endpoint"":""https://comtradeapi.un.org/public/v1/preview/C/A/HS"",""reporterCode"":360,""reporterISO"":""IDN"",""flowCode"":""X"",""cmdCode"":""090111"",""period"":""2020,2021,2022,2023,2024,2025"",""includeDesc"":true}]}",C,A,20240101,2024,76,BRA,Brazil,643,RUS,Russian Federation,0,W00,World,X,Export,H6,090111,Coffee; not roasted or decaffeinated,C00,TOTAL CPC,0,TOTAL MOT,8,kg,153463000,61993357,0,266127095,true,false,true,"{""typeCode"":""C"",""freqCode"":""A"",""refPeriodId"":20240101,""refYear"":2024,""refMonth"":52,""period"":""2024"",""reporterCode"":76,""reporterISO"":""BRA"",""reporterDesc"":""Brazil"",""flowCode"":""X"",""flowDesc"":""Export"",""partnerCode"":643,""partnerISO"":""RUS"",""partnerDesc"":""Russian Federation"",""partner2Code"":0,""partner2ISO"":""W00"",""partner2Desc"":""World"",""classificationCode"":""H6"",""classificationSearchCode"":""HS"",""isOriginalClassification"":true,""cmdCode"":""090111"",""cmdDesc"":""Coffee; not roasted or decaffeinated"",""aggrLevel"":6,""isLeaf"":true,""customsCode"":""C00"",""customsDesc"":""TOTAL CPC"",""mosCode"":""0"",""motCode"":0,""motDesc"":""TOTAL MOT"",""qtyUnitCode"":8,""qtyUnitAbbr"":""kg"",""qty"":153463000,""isQtyEstimated"":false,""altQtyUnitCode"":21,""altQtyUnitAbbr"":""1000 KG"",""altQty"":153463,""isAltQtyEstimated"":false,""netWgt"":61993357,""isNetWgtEstimated"":false,""grossWgt"":0,""isGrossWgtEstimated"":false,""cifvalue"":null,""fobvalue"":266127095,""primaryValue"":266127095,""legacyEstimationFlag"":0,""isReported"":false,""isAggregate"":true}"
,UN Comtrade,https://comtradeapi.un.org/public/v1/preview/C/A/HS?reporterCode=76&flowCode=X&cmdCode=090111&period=2024&includeDesc=true,2026-05-30T18:34:22.015Z,"{""reporters"":[{""endpoint"":""https://comtradeapi.un.org/public/v1/preview/C/A/HS"",""reporterCode"":704,""reporterISO"":""VNM"",""flowCode"":""X"",""cmdCode"":""090111"",""period"":""2020,2021,2022,2023,2024,2025"",""includeDesc"":true},{""endpoint"":""https://comtradeapi.un.org/public/v1/preview/C/A/HS"",""reporterCode"":76,""reporterISO"":""BRA"",""flowCode"":""X"",""cmdCode"":""090111"",""period"":""2020,2021,2022,2023,2024,2025"",""includeDesc"":true},{""endpoint"":""https://comtradeapi.un.org/public/v1/preview/C/A/HS"",""reporterCode"":360,""reporterISO"":""IDN"",""flowCode"":""X"",""cmdCode"":""090111"",""period"":""2020,2021,2022,2023,2024,2025"",""includeDesc"":true}]}",C,A,20240101,2024,76,BRA,Brazil,682,SAU,Saudi Arabia,0,W00,World,X,Export,H6,090111,Coffee; not roasted or decaffeinated,C00,TOTAL CPC,0,TOTAL MOT,8,kg,35672191,10988216,0,49117037,true,false,true,"{""typeCode"":""C"",""freqCode"":""A"",""refPeriodId"":20240101,""refYear"":2024,""refMonth"":52,""period"":""2024"",""reporterCode"":76,""reporterISO"":""BRA"",""reporterDesc"":""Brazil"",""flowCode"":""X"",""flowDesc"":""Export"",""partnerCode"":682,""partnerISO"":""SAU"",""partnerDesc"":""Saudi Arabia"",""partner2Code"":0,""partner2ISO"":""W00"",""partner2Desc"":""World"",""classificationCode"":""H6"",""classificationSearchCode"":""HS"",""isOriginalClassification"":true,""cmdCode"":""090111"",""cmdDesc"":""Coffee; not roasted or decaffeinated"",""aggrLevel"":6,""isLeaf"":true,""customsCode"":""C00"",""customsDesc"":""TOTAL CPC"",""mosCode"":""0"",""motCode"":0,""motDesc"":""TOTAL MOT"",""qtyUnitCode"":8,""qtyUnitAbbr"":""kg"",""qty"":35672191,""isQtyEstimated"":false,""altQtyUnitCode"":-1,""altQtyUnitAbbr"":""N/A"",""altQty"":0,""isAltQtyEstimated"":false,""netWgt"":10988216,""isNetWgtEstimated"":false,""grossWgt"":0,""isGrossWgtEstimated"":false,""cifvalue"":null,""fobvalue"":49117037,""primaryValue"":49117037,""legacyEstimationFlag"":0,""isReported"":false,""isAggregate"":true}"
,UN Comtrade,https://comtradeapi.un.org/public/v1/preview/C/A/HS?reporterCode=76&flowCode=X&cmdCode=090111&period=2024&includeDesc=true,2026-05-30T18:34:22.015Z,"{""reporters"":[{""endpoint"":""https://comtradeapi.un.org/public/v1/preview/C/A/HS"",""reporterCode"":704,""reporterISO"":""VNM"",""flowCode"":""X"",""cmdCode"":""090111"",""period"":""2020,2021,2022,2023,2024,2025"",""includeDesc"":true},{""endpoint"":""https://comtradeapi.un.org/public/v1/preview/C/A/HS"",""reporterCode"":76,""reporterISO"":""BRA"",""flowCode"":""X"",""cmdCode"":""090111"",""period"":""2020,2021,2022,2023,2024,2025"",""includeDesc"":true},{""endpoint"":""https://comtradeapi.un.org/public/v1/preview/C/A/HS"",""reporterCode"":360,""reporterISO"":""IDN"",""flowCode"":""X"",""cmdCode"":""090111"",""period"":""2020,2021,2022,2023,2024,2025"",""includeDesc"":true}]}",C,A,20240101,2024,76,BRA,Brazil,699,IND,India,0,W00,World,X,Export,H6,090111,Coffee; not roasted or decaffeinated,C00,TOTAL CPC,0,TOTAL MOT,8,kg,14199010,14197850,0,48024149,true,false,true,"{""typeCode"":""C"",""freqCode"":""A"",""refPeriodId"":20240101,""refYear"":2024,""refMonth"":52,""period"":""2024"",""reporterCode"":76,""reporterISO"":""BRA"",""reporterDesc"":""Brazil"",""flowCode"":""X"",""flowDesc"":""Export"",""partnerCode"":699,""partnerISO"":""IND"",""partnerDesc"":""India"",""partner2Code"":0,""partner2ISO"":""W00"",""partner2Desc"":""World"",""classificationCode"":""H6"",""classificationSearchCode"":""HS"",""isOriginalClassification"":true,""cmdCode"":""090111"",""cmdDesc"":""Coffee; not roasted or decaffeinated"",""aggrLevel"":6,""isLeaf"":true,""customsCode"":""C00"",""customsDesc"":""TOTAL CPC"",""mosCode"":""0"",""motCode"":0,""motDesc"":""TOTAL MOT"",""qtyUnitCode"":8,""qtyUnitAbbr"":""kg"",""qty"":14199010,""isQtyEstimated"":false,""altQtyUnitCode"":-1,""altQtyUnitAbbr"":""N/A"",""altQty"":0,""isAltQtyEstimated"":false,""netWgt"":14197850,""isNetWgtEstimated"":false,""grossWgt"":0,""isGrossWgtEstimated"":false,""cifvalue"":null,""fobvalue"":48024149,""primaryValue"":48024149,""legacyEstimationFlag"":0,""isReported"":false,""isAggregate"":true}"
,UN Comtrade,https://comtradeapi.un.org/public/v1/preview/C/A/HS?reporterCode=76&flowCode=X&cmdCode=090111&period=2024&includeDesc=true,2026-05-30T18:34:22.015Z,"{""reporters"":[{""endpoint"":""https://comtradeapi.un.org/public/v1/preview/C/A/HS"",""reporterCode"":704,""reporterISO"":""VNM"",""flowCode"":""X"",""cmdCode"":""090111"",""period"":""2020,2021,2022,2023,2024,2025"",""includeDesc"":true},{""endpoint"":""https://comtradeapi.un.org/public/v1/preview/C/A/HS"",""reporterCode"":76,""reporterISO"":""BRA"",""flowCode"":""X"",""cmdCode"":""090111"",""period"":""2020,2021,2022,2023,2024,2025"",""includeDesc"":true},{""endpoint"":""https://comtradeapi.un.org/public/v1/preview/C/A/HS"",""reporterCode"":360,""reporterISO"":""IDN"",""flowCode"":""X"",""cmdCode"":""090111"",""period"":""2020,2021,2022,2023,2024,2025"",""includeDesc"":true}]}",C,A,20240101,2024,76,BRA,Brazil,702,SGP,Singapore,0,W00,World,X,Export,H6,090111,Coffee; not roasted or decaffeinated,C00,TOTAL CPC,0,TOTAL MOT,8,kg,1545653.733,1520177.733,0,6783983,true,false,true,"{""typeCode"":""C"",""freqCode"":""A"",""refPeriodId"":20240101,""refYear"":2024,""refMonth"":52,""period"":""2024"",""reporterCode"":76,""reporterISO"":""BRA"",""reporterDesc"":""Brazil"",""flowCode"":""X"",""flowDesc"":""Export"",""partnerCode"":702,""partnerISO"":""SGP"",""partnerDesc"":""Singapore"",""partner2Code"":0,""partner2ISO"":""W00"",""partner2Desc"":""World"",""classificationCode"":""H6"",""classificationSearchCode"":""HS"",""isOriginalClassification"":true,""cmdCode"":""090111"",""cmdDesc"":""Coffee; not roasted or decaffeinated"",""aggrLevel"":6,""isLeaf"":true,""customsCode"":""C00"",""customsDesc"":""TOTAL CPC"",""mosCode"":""0"",""motCode"":0,""motDesc"":""TOTAL MOT"",""qtyUnitCode"":8,""qtyUnitAbbr"":""kg"",""qty"":1545653.733,""isQtyEstimated"":true,""altQtyUnitCode"":-1,""altQtyUnitAbbr"":""N/A"",""altQty"":0,""isAltQtyEstimated"":false,""netWgt"":1520177.733,""isNetWgtEstimated"":true,""grossWgt"":0,""isGrossWgtEstimated"":false,""cifvalue"":null,""fobvalue"":6783983,""primaryValue"":6783983,""legacyEstimationFlag"":6,""isReported"":false,""isAggregate"":true}"
,UN Comtrade,https://comtradeapi.un.org/public/v1/preview/C/A/HS?reporterCode=76&flowCode=X&cmdCode=090111&period=2024&includeDesc=true,2026-05-30T18:34:22.015Z,"{""reporters"":[{""endpoint"":""https://comtradeapi.un.org/public/v1/preview/C/A/HS"",""reporterCode"":704,""reporterISO"":""VNM"",""flowCode"":""X"",""cmdCode"":""090111"",""period"":""2020,2021,2022,2023,2024,2025"",""includeDesc"":true},{""endpoint"":""https://comtradeapi.un.org/public/v1/preview/C/A/HS"",""reporterCode"":76,""reporterISO"":""BRA"",""flowCode"":""X"",""cmdCode"":""090111"",""period"":""2020,2021,2022,2023,2024,2025"",""includeDesc"":true},{""endpoint"":""https://comtradeapi.un.org/public/v1/preview/C/A/HS"",""reporterCode"":360,""reporterISO"":""IDN"",""flowCode"":""X"",""cmdCode"":""090111"",""period"":""2020,2021,2022,2023,2024,2025"",""includeDesc"":true}]}",C,A,20240101,2024,76,BRA,Brazil,703,SVK,Slovakia,0,W00,World,X,Export,H6,090111,Coffee; not roasted or decaffeinated,C00,TOTAL CPC,0,TOTAL MOT,8,kg,284000,230215,0,1184353,true,false,true,"{""typeCode"":""C"",""freqCode"":""A"",""refPeriodId"":20240101,""refYear"":2024,""refMonth"":52,""period"":""2024"",""reporterCode"":76,""reporterISO"":""BRA"",""reporterDesc"":""Brazil"",""flowCode"":""X"",""flowDesc"":""Export"",""partnerCode"":703,""partnerISO"":""SVK"",""partnerDesc"":""Slovakia"",""partner2Code"":0,""partner2ISO"":""W00"",""partner2Desc"":""World"",""classificationCode"":""H6"",""classificationSearchCode"":""HS"",""isOriginalClassification"":true,""cmdCode"":""090111"",""cmdDesc"":""Coffee; not roasted or decaffeinated"",""aggrLevel"":6,""isLeaf"":true,""customsCode"":""C00"",""customsDesc"":""TOTAL CPC"",""mosCode"":""0"",""motCode"":0,""motDesc"":""TOTAL MOT"",""qtyUnitCode"":8,""qtyUnitAbbr"":""kg"",""qty"":284000,""isQtyEstimated"":false,""altQtyUnitCode"":21,""altQtyUnitAbbr"":""1000 KG"",""altQty"":284,""isAltQtyEstimated"":false,""netWgt"":230215,""isNetWgtEstimated"":false,""grossWgt"":0,""isGrossWgtEstimated"":false,""cifvalue"":null,""fobvalue"":1184353,""primaryValue"":1184353,""legacyEstimationFlag"":0,""isReported"":false,""isAggregate"":true}"
,UN Comtrade,https://comtradeapi.un.org/public/v1/preview/C/A/HS?reporterCode=76&flowCode=X&cmdCode=090111&period=2024&includeDesc=true,2026-05-30T18:34:22.015Z,"{""reporters"":[{""endpoint"":""https://comtradeapi.un.org/public/v1/preview/C/A/HS"",""reporterCode"":704,""reporterISO"":""VNM"",""flowCode"":""X"",""cmdCode"":""090111"",""period"":""2020,2021,2022,2023,2024,2025"",""includeDesc"":true},{""endpoint"":""https://comtradeapi.un.org/public/v1/preview/C/A/HS"",""reporterCode"":76,""reporterISO"":""BRA"",""flowCode"":""X"",""cmdCode"":""090111"",""period"":""2020,2021,2022,2023,2024,2025"",""includeDesc"":true},{""endpoint"":""https://comtradeapi.un.org/public/v1/preview/C/A/HS"",""reporterCode"":360,""reporterISO"":""IDN"",""flowCode"":""X"",""cmdCode"":""090111"",""period"":""2020,2021,2022,2023,2024,2025"",""includeDesc"":true}]}",C,A,20240101,2024,76,BRA,Brazil,704,VNM,Viet Nam,0,W00,World,X,Export,H6,090111,Coffee; not roasted or decaffeinated,C00,TOTAL CPC,0,TOTAL MOT,8,kg,234772006,34966838,0,128022562,true,false,true,"{""typeCode"":""C"",""freqCode"":""A"",""refPeriodId"":20240101,""refYear"":2024,""refMonth"":52,""period"":""2024"",""reporterCode"":76,""reporterISO"":""BRA"",""reporterDesc"":""Brazil"",""flowCode"":""X"",""flowDesc"":""Export"",""partnerCode"":704,""partnerISO"":""VNM"",""partnerDesc"":""Viet Nam"",""partner2Code"":0,""partner2ISO"":""W00"",""partner2Desc"":""World"",""classificationCode"":""H6"",""classificationSearchCode"":""HS"",""isOriginalClassification"":true,""cmdCode"":""090111"",""cmdDesc"":""Coffee; not roasted or decaffeinated"",""aggrLevel"":6,""isLeaf"":true,""customsCode"":""C00"",""customsDesc"":""TOTAL CPC"",""mosCode"":""0"",""motCode"":0,""motDesc"":""TOTAL MOT"",""qtyUnitCode"":8,""qtyUnitAbbr"":""kg"",""qty"":234772006,""isQtyEstimated"":false,""altQtyUnitCode"":-1,""altQtyUnitAbbr"":""N/A"",""altQty"":0,""isAltQtyEstimated"":false,""netWgt"":34966838,""isNetWgtEstimated"":false,""grossWgt"":0,""isGrossWgtEstimated"":false,""cifvalue"":null,""fobvalue"":128022562,""primaryValue"":128022562,""legacyEstimationFlag"":0,""isReported"":false,""isAggregate"":true}"
,UN Comtrade,https://comtradeapi.un.org/public/v1/preview/C/A/HS?reporterCode=76&flowCode=X&cmdCode=090111&period=2024&includeDesc=true,2026-05-30T18:34:22.015Z,"{""reporters"":[{""endpoint"":""https://comtradeapi.un.org/public/v1/preview/C/A/HS"",""reporterCode"":704,""reporterISO"":""VNM"",""flowCode"":""X"",""cmdCode"":""090111"",""period"":""2020,2021,2022,2023,2024,2025"",""includeDesc"":true},{""endpoint"":""https://comtradeapi.un.org/public/v1/preview/C/A/HS"",""reporterCode"":76,""reporterISO"":""BRA"",""flowCode"":""X"",""cmdCode"":""090111"",""period"":""2020,2021,2022,2023,2024,2025"",""includeDesc"":true},{""endpoint"":""https://comtradeapi.un.org/public/v1/preview/C/A/HS"",""reporterCode"":360,""reporterISO"":""IDN"",""flowCode"":""X"",""cmdCode"":""090111"",""period"":""2020,2021,2022,2023,2024,2025"",""includeDesc"":true}]}",C,A,20240101,2024,76,BRA,Brazil,705,SVN,Slovenia,0,W00,World,X,Export,H6,090111,Coffee; not roasted or decaffeinated,C00,TOTAL CPC,0,TOTAL MOT,8,kg,148803080,29721990,0,120000475,true,false,true,"{""typeCode"":""C"",""freqCode"":""A"",""refPeriodId"":20240101,""refYear"":2024,""refMonth"":52,""period"":""2024"",""reporterCode"":76,""reporterISO"":""BRA"",""reporterDesc"":""Brazil"",""flowCode"":""X"",""flowDesc"":""Export"",""partnerCode"":705,""partnerISO"":""SVN"",""partnerDesc"":""Slovenia"",""partner2Code"":0,""partner2ISO"":""W00"",""partner2Desc"":""World"",""classificationCode"":""H6"",""classificationSearchCode"":""HS"",""isOriginalClassification"":true,""cmdCode"":""090111"",""cmdDesc"":""Coffee; not roasted or decaffeinated"",""aggrLevel"":6,""isLeaf"":true,""customsCode"":""C00"",""customsDesc"":""TOTAL CPC"",""mosCode"":""0"",""motCode"":0,""motDesc"":""TOTAL MOT"",""qtyUnitCode"":8,""qtyUnitAbbr"":""kg"",""qty"":148803080,""isQtyEstimated"":false,""altQtyUnitCode"":-1,""altQtyUnitAbbr"":""N/A"",""altQty"":0,""isAltQtyEstimated"":false,""netWgt"":29721990,""isNetWgtEstimated"":false,""grossWgt"":0,""isGrossWgtEstimated"":false,""cifvalue"":null,""fobvalue"":120000475,""primaryValue"":120000475,""legacyEstimationFlag"":0,""isReported"":false,""isAggregate"":true}"
,UN Comtrade,https://comtradeapi.un.org/public/v1/preview/C/A/HS?reporterCode=76&flowCode=X&cmdCode=090111&period=2024&includeDesc=true,2026-05-30T18:34:22.015Z,"{""reporters"":[{""endpoint"":""https://comtradeapi.un.org/public/v1/preview/C/A/HS"",""reporterCode"":704,""reporterISO"":""VNM"",""flowCode"":""X"",""cmdCode"":""090111"",""period"":""2020,2021,2022,2023,2024,2025"",""includeDesc"":true},{""endpoint"":""https://comtradeapi.un.org/public/v1/preview/C/A/HS"",""reporterCode"":76,""reporterISO"":""BRA"",""flowCode"":""X"",""cmdCode"":""090111"",""period"":""2020,2021,2022,2023,2024,2025"",""includeDesc"":true},{""endpoint"":""https://comtradeapi.un.org/public/v1/preview/C/A/HS"",""reporterCode"":360,""reporterISO"":""IDN"",""flowCode"":""X"",""cmdCode"":""090111"",""period"":""2020,2021,2022,2023,2024,2025"",""includeDesc"":true}]}",C,A,20240101,2024,76,BRA,Brazil,710,ZAF,South Africa,0,W00,World,X,Export,H6,090111,Coffee; not roasted or decaffeinated,C00,TOTAL CPC,0,TOTAL MOT,8,kg,12888070,12902104,0,45354259,true,false,true,"{""typeCode"":""C"",""freqCode"":""A"",""refPeriodId"":20240101,""refYear"":2024,""refMonth"":52,""period"":""2024"",""reporterCode"":76,""reporterISO"":""BRA"",""reporterDesc"":""Brazil"",""flowCode"":""X"",""flowDesc"":""Export"",""partnerCode"":710,""partnerISO"":""ZAF"",""partnerDesc"":""South Africa"",""partner2Code"":0,""partner2ISO"":""W00"",""partner2Desc"":""World"",""classificationCode"":""H6"",""classificationSearchCode"":""HS"",""isOriginalClassification"":true,""cmdCode"":""090111"",""cmdDesc"":""Coffee; not roasted or decaffeinated"",""aggrLevel"":6,""isLeaf"":true,""customsCode"":""C00"",""customsDesc"":""TOTAL CPC"",""mosCode"":""0"",""motCode"":0,""motDesc"":""TOTAL MOT"",""qtyUnitCode"":8,""qtyUnitAbbr"":""kg"",""qty"":12888070,""isQtyEstimated"":false,""altQtyUnitCode"":-1,""altQtyUnitAbbr"":""N/A"",""altQty"":0,""isAltQtyEstimated"":false,""netWgt"":12902104,""isNetWgtEstimated"":false,""grossWgt"":0,""isGrossWgtEstimated"":false,""cifvalue"":null,""fobvalue"":45354259,""primaryValue"":45354259,""legacyEstimationFlag"":0,""isReported"":false,""isAggregate"":true}"
,UN Comtrade,https://comtradeapi.un.org/public/v1/preview/C/A/HS?reporterCode=76&flowCode=X&cmdCode=090111&period=2024&includeDesc=true,2026-05-30T18:34:22.015Z,"{""reporters"":[{""endpoint"":""https://comtradeapi.un.org/public/v1/preview/C/A/HS"",""reporterCode"":704,""reporterISO"":""VNM"",""flowCode"":""X"",""cmdCode"":""090111"",""period"":""2020,2021,2022,2023,2024,2025"",""includeDesc"":true},{""endpoint"":""https://comtradeapi.un.org/public/v1/preview/C/A/HS"",""reporterCode"":76,""reporterISO"":""BRA"",""flowCode"":""X"",""cmdCode"":""090111"",""period"":""2020,2021,2022,2023,2024,2025"",""includeDesc"":true},{""endpoint"":""https://comtradeapi.un.org/public/v1/preview/C/A/HS"",""reporterCode"":360,""reporterISO"":""IDN"",""flowCode"":""X"",""cmdCode"":""090111"",""period"":""2020,2021,2022,2023,2024,2025"",""includeDesc"":true}]}",C,A,20240101,2024,76,BRA,Brazil,724,ESP,Spain,0,W00,World,X,Export,H6,090111,Coffee; not roasted or decaffeinated,C00,TOTAL CPC,0,TOTAL MOT,8,kg,427014214.442,93990280.442,0,363810704,true,false,true,"{""typeCode"":""C"",""freqCode"":""A"",""refPeriodId"":20240101,""refYear"":2024,""refMonth"":52,""period"":""2024"",""reporterCode"":76,""reporterISO"":""BRA"",""reporterDesc"":""Brazil"",""flowCode"":""X"",""flowDesc"":""Export"",""partnerCode"":724,""partnerISO"":""ESP"",""partnerDesc"":""Spain"",""partner2Code"":0,""partner2ISO"":""W00"",""partner2Desc"":""World"",""classificationCode"":""H6"",""classificationSearchCode"":""HS"",""isOriginalClassification"":true,""cmdCode"":""090111"",""cmdDesc"":""Coffee; not roasted or decaffeinated"",""aggrLevel"":6,""isLeaf"":true,""customsCode"":""C00"",""customsDesc"":""TOTAL CPC"",""mosCode"":""0"",""motCode"":0,""motDesc"":""TOTAL MOT"",""qtyUnitCode"":8,""qtyUnitAbbr"":""kg"",""qty"":427014214.442,""isQtyEstimated"":true,""altQtyUnitCode"":-1,""altQtyUnitAbbr"":""N/A"",""altQty"":0,""isAltQtyEstimated"":false,""netWgt"":93990280.442,""isNetWgtEstimated"":true,""grossWgt"":0,""isGrossWgtEstimated"":false,""cifvalue"":null,""fobvalue"":363810704,""primaryValue"":363810704,""legacyEstimationFlag"":6,""isReported"":false,""isAggregate"":true}"
,UN Comtrade,https://comtradeapi.un.org/public/v1/preview/C/A/HS?reporterCode=76&flowCode=X&cmdCode=090111&period=2024&includeDesc=true,2026-05-30T18:34:22.015Z,"{""reporters"":[{""endpoint"":""https://comtradeapi.un.org/public/v1/preview/C/A/HS"",""reporterCode"":704,""reporterISO"":""VNM"",""flowCode"":""X"",""cmdCode"":""090111"",""period"":""2020,2021,2022,2023,2024,2025"",""includeDesc"":true},{""endpoint"":""https://comtradeapi.un.org/public/v1/preview/C/A/HS"",""reporterCode"":76,""reporterISO"":""BRA"",""flowCode"":""X"",""cmdCode"":""090111"",""period"":""2020,2021,2022,2023,2024,2025"",""includeDesc"":true},{""endpoint"":""https://comtradeapi.un.org/public/v1/preview/C/A/HS"",""reporterCode"":360,""reporterISO"":""IDN"",""flowCode"":""X"",""cmdCode"":""090111"",""period"":""2020,2021,2022,2023,2024,2025"",""includeDesc"":true}]}",C,A,20240101,2024,76,BRA,Brazil,752,SWE,Sweden,0,W00,World,X,Export,H6,090111,Coffee; not roasted or decaffeinated,C00,TOTAL CPC,0,TOTAL MOT,8,kg,41868000,41844060,0,178154943,true,false,true,"{""typeCode"":""C"",""freqCode"":""A"",""refPeriodId"":20240101,""refYear"":2024,""refMonth"":52,""period"":""2024"",""reporterCode"":76,""reporterISO"":""BRA"",""reporterDesc"":""Brazil"",""flowCode"":""X"",""flowDesc"":""Export"",""partnerCode"":752,""partnerISO"":""SWE"",""partnerDesc"":""Sweden"",""partner2Code"":0,""partner2ISO"":""W00"",""partner2Desc"":""World"",""classificationCode"":""H6"",""classificationSearchCode"":""HS"",""isOriginalClassification"":true,""cmdCode"":""090111"",""cmdDesc"":""Coffee; not roasted or decaffeinated"",""aggrLevel"":6,""isLeaf"":true,""customsCode"":""C00"",""customsDesc"":""TOTAL CPC"",""mosCode"":""0"",""motCode"":0,""motDesc"":""TOTAL MOT"",""qtyUnitCode"":8,""qtyUnitAbbr"":""kg"",""qty"":41868000,""isQtyEstimated"":false,""altQtyUnitCode"":21,""altQtyUnitAbbr"":""1000 KG"",""altQty"":41868,""isAltQtyEstimated"":false,""netWgt"":41844060,""isNetWgtEstimated"":false,""grossWgt"":0,""isGrossWgtEstimated"":false,""cifvalue"":null,""fobvalue"":178154943,""primaryValue"":178154943,""legacyEstimationFlag"":0,""isReported"":false,""isAggregate"":true}"
,UN Comtrade,https://comtradeapi.un.org/public/v1/preview/C/A/HS?reporterCode=76&flowCode=X&cmdCode=090111&period=2024&includeDesc=true,2026-05-30T18:34:22.015Z,"{""reporters"":[{""endpoint"":""https://comtradeapi.un.org/public/v1/preview/C/A/HS"",""reporterCode"":704,""reporterISO"":""VNM"",""flowCode"":""X"",""cmdCode"":""090111"",""period"":""2020,2021,2022,2023,2024,2025"",""includeDesc"":true},{""endpoint"":""https://comtradeapi.un.org/public/v1/preview/C/A/HS"",""reporterCode"":76,""reporterISO"":""BRA"",""flowCode"":""X"",""cmdCode"":""090111"",""period"":""2020,2021,2022,2023,2024,2025"",""includeDesc"":true},{""endpoint"":""https://comtradeapi.un.org/public/v1/preview/C/A/HS"",""reporterCode"":360,""reporterISO"":""IDN"",""flowCode"":""X"",""cmdCode"":""090111"",""period"":""2020,2021,2022,2023,2024,2025"",""includeDesc"":true}]}",C,A,20240101,2024,76,BRA,Brazil,757,CHE,Switzerland,0,W00,World,X,Export,H6,090111,Coffee; not roasted or decaffeinated,C00,TOTAL CPC,0,TOTAL MOT,8,kg,92233414,7425534,0,33445317,true,false,true,"{""typeCode"":""C"",""freqCode"":""A"",""refPeriodId"":20240101,""refYear"":2024,""refMonth"":52,""period"":""2024"",""reporterCode"":76,""reporterISO"":""BRA"",""reporterDesc"":""Brazil"",""flowCode"":""X"",""flowDesc"":""Export"",""partnerCode"":757,""partnerISO"":""CHE"",""partnerDesc"":""Switzerland"",""partner2Code"":0,""partner2ISO"":""W00"",""partner2Desc"":""World"",""classificationCode"":""H6"",""classificationSearchCode"":""HS"",""isOriginalClassification"":true,""cmdCode"":""090111"",""cmdDesc"":""Coffee; not roasted or decaffeinated"",""aggrLevel"":6,""isLeaf"":true,""customsCode"":""C00"",""customsDesc"":""TOTAL CPC"",""mosCode"":""0"",""motCode"":0,""motDesc"":""TOTAL MOT"",""qtyUnitCode"":8,""qtyUnitAbbr"":""kg"",""qty"":92233414,""isQtyEstimated"":false,""altQtyUnitCode"":-1,""altQtyUnitAbbr"":""N/A"",""altQty"":0,""isAltQtyEstimated"":false,""netWgt"":7425534,""isNetWgtEstimated"":false,""grossWgt"":0,""isGrossWgtEstimated"":false,""cifvalue"":null,""fobvalue"":33445317,""primaryValue"":33445317,""legacyEstimationFlag"":0,""isReported"":false,""isAggregate"":true}"
,UN Comtrade,https://comtradeapi.un.org/public/v1/preview/C/A/HS?reporterCode=76&flowCode=X&cmdCode=090111&period=2024&includeDesc=true,2026-05-30T18:34:22.015Z,"{""reporters"":[{""endpoint"":""https://comtradeapi.un.org/public/v1/preview/C/A/HS"",""reporterCode"":704,""reporterISO"":""VNM"",""flowCode"":""X"",""cmdCode"":""090111"",""period"":""2020,2021,2022,2023,2024,2025"",""includeDesc"":true},{""endpoint"":""https://comtradeapi.un.org/public/v1/preview/C/A/HS"",""reporterCode"":76,""reporterISO"":""BRA"",""flowCode"":""X"",""cmdCode"":""090111"",""period"":""2020,2021,2022,2023,2024,2025"",""includeDesc"":true},{""endpoint"":""https://comtradeapi.un.org/public/v1/preview/C/A/HS"",""reporterCode"":360,""reporterISO"":""IDN"",""flowCode"":""X"",""cmdCode"":""090111"",""period"":""2020,2021,2022,2023,2024,2025"",""includeDesc"":true}]}",C,A,20240101,2024,76,BRA,Brazil,760,SYR,Syria,0,W00,World,X,Export,H6,090111,Coffee; not roasted or decaffeinated,C00,TOTAL CPC,0,TOTAL MOT,8,kg,12618000,9605160,0,40689531,true,false,true,"{""typeCode"":""C"",""freqCode"":""A"",""refPeriodId"":20240101,""refYear"":2024,""refMonth"":52,""period"":""2024"",""reporterCode"":76,""reporterISO"":""BRA"",""reporterDesc"":""Brazil"",""flowCode"":""X"",""flowDesc"":""Export"",""partnerCode"":760,""partnerISO"":""SYR"",""partnerDesc"":""Syria"",""partner2Code"":0,""partner2ISO"":""W00"",""partner2Desc"":""World"",""classificationCode"":""H6"",""classificationSearchCode"":""HS"",""isOriginalClassification"":true,""cmdCode"":""090111"",""cmdDesc"":""Coffee; not roasted or decaffeinated"",""aggrLevel"":6,""isLeaf"":true,""customsCode"":""C00"",""customsDesc"":""TOTAL CPC"",""mosCode"":""0"",""motCode"":0,""motDesc"":""TOTAL MOT"",""qtyUnitCode"":8,""qtyUnitAbbr"":""kg"",""qty"":12618000,""isQtyEstimated"":false,""altQtyUnitCode"":21,""altQtyUnitAbbr"":""1000 KG"",""altQty"":12618,""isAltQtyEstimated"":false,""netWgt"":9605160,""isNetWgtEstimated"":false,""grossWgt"":0,""isGrossWgtEstimated"":false,""cifvalue"":null,""fobvalue"":40689531,""primaryValue"":40689531,""legacyEstimationFlag"":0,""isReported"":false,""isAggregate"":true}"
,UN Comtrade,https://comtradeapi.un.org/public/v1/preview/C/A/HS?reporterCode=76&flowCode=X&cmdCode=090111&period=2024&includeDesc=true,2026-05-30T18:34:22.015Z,"{""reporters"":[{""endpoint"":""https://comtradeapi.un.org/public/v1/preview/C/A/HS"",""reporterCode"":704,""reporterISO"":""VNM"",""flowCode"":""X"",""cmdCode"":""090111"",""period"":""2020,2021,2022,2023,2024,2025"",""includeDesc"":true},{""endpoint"":""https://comtradeapi.un.org/public/v1/preview/C/A/HS"",""reporterCode"":76,""reporterISO"":""BRA"",""flowCode"":""X"",""cmdCode"":""090111"",""period"":""2020,2021,2022,2023,2024,2025"",""includeDesc"":true},{""endpoint"":""https://comtradeapi.un.org/public/v1/preview/C/A/HS"",""reporterCode"":360,""reporterISO"":""IDN"",""flowCode"":""X"",""cmdCode"":""090111"",""period"":""2020,2021,2022,2023,2024,2025"",""includeDesc"":true}]}",C,A,20240101,2024,76,BRA,Brazil,764,THA,Thailand,0,W00,World,X,Export,H6,090111,Coffee; not roasted or decaffeinated,C00,TOTAL CPC,0,TOTAL MOT,8,kg,1526054,581114,0,2574054,true,false,true,"{""typeCode"":""C"",""freqCode"":""A"",""refPeriodId"":20240101,""refYear"":2024,""refMonth"":52,""period"":""2024"",""reporterCode"":76,""reporterISO"":""BRA"",""reporterDesc"":""Brazil"",""flowCode"":""X"",""flowDesc"":""Export"",""partnerCode"":764,""partnerISO"":""THA"",""partnerDesc"":""Thailand"",""partner2Code"":0,""partner2ISO"":""W00"",""partner2Desc"":""World"",""classificationCode"":""H6"",""classificationSearchCode"":""HS"",""isOriginalClassification"":true,""cmdCode"":""090111"",""cmdDesc"":""Coffee; not roasted or decaffeinated"",""aggrLevel"":6,""isLeaf"":true,""customsCode"":""C00"",""customsDesc"":""TOTAL CPC"",""mosCode"":""0"",""motCode"":0,""motDesc"":""TOTAL MOT"",""qtyUnitCode"":8,""qtyUnitAbbr"":""kg"",""qty"":1526054,""isQtyEstimated"":false,""altQtyUnitCode"":-1,""altQtyUnitAbbr"":""N/A"",""altQty"":0,""isAltQtyEstimated"":false,""netWgt"":581114,""isNetWgtEstimated"":false,""grossWgt"":0,""isGrossWgtEstimated"":false,""cifvalue"":null,""fobvalue"":2574054,""primaryValue"":2574054,""legacyEstimationFlag"":0,""isReported"":false,""isAggregate"":true}"
,UN Comtrade,https://comtradeapi.un.org/public/v1/preview/C/A/HS?reporterCode=76&flowCode=X&cmdCode=090111&period=2024&includeDesc=true,2026-05-30T18:34:22.015Z,"{""reporters"":[{""endpoint"":""https://comtradeapi.un.org/public/v1/preview/C/A/HS"",""reporterCode"":704,""reporterISO"":""VNM"",""flowCode"":""X"",""cmdCode"":""090111"",""period"":""2020,2021,2022,2023,2024,2025"",""includeDesc"":true},{""endpoint"":""https://comtradeapi.un.org/public/v1/preview/C/A/HS"",""reporterCode"":76,""reporterISO"":""BRA"",""flowCode"":""X"",""cmdCode"":""090111"",""period"":""2020,2021,2022,2023,2024,2025"",""includeDesc"":true},{""endpoint"":""https://comtradeapi.un.org/public/v1/preview/C/A/HS"",""reporterCode"":360,""reporterISO"":""IDN"",""flowCode"":""X"",""cmdCode"":""090111"",""period"":""2020,2021,2022,2023,2024,2025"",""includeDesc"":true}]}",C,A,20240101,2024,76,BRA,Brazil,780,TTO,Trinidad and Tobago,0,W00,World,X,Export,H6,090111,Coffee; not roasted or decaffeinated,C00,TOTAL CPC,0,TOTAL MOT,8,kg,219000,214410,0,843680,true,false,true,"{""typeCode"":""C"",""freqCode"":""A"",""refPeriodId"":20240101,""refYear"":2024,""refMonth"":52,""period"":""2024"",""reporterCode"":76,""reporterISO"":""BRA"",""reporterDesc"":""Brazil"",""flowCode"":""X"",""flowDesc"":""Export"",""partnerCode"":780,""partnerISO"":""TTO"",""partnerDesc"":""Trinidad and Tobago"",""partner2Code"":0,""partner2ISO"":""W00"",""partner2Desc"":""World"",""classificationCode"":""H6"",""classificationSearchCode"":""HS"",""isOriginalClassification"":true,""cmdCode"":""090111"",""cmdDesc"":""Coffee; not roasted or decaffeinated"",""aggrLevel"":6,""isLeaf"":true,""customsCode"":""C00"",""customsDesc"":""TOTAL CPC"",""mosCode"":""0"",""motCode"":0,""motDesc"":""TOTAL MOT"",""qtyUnitCode"":8,""qtyUnitAbbr"":""kg"",""qty"":219000,""isQtyEstimated"":false,""altQtyUnitCode"":21,""altQtyUnitAbbr"":""1000 KG"",""altQty"":219,""isAltQtyEstimated"":false,""netWgt"":214410,""isNetWgtEstimated"":false,""grossWgt"":0,""isGrossWgtEstimated"":false,""cifvalue"":null,""fobvalue"":843680,""primaryValue"":843680,""legacyEstimationFlag"":0,""isReported"":false,""isAggregate"":true}"
,UN Comtrade,https://comtradeapi.un.org/public/v1/preview/C/A/HS?reporterCode=76&flowCode=X&cmdCode=090111&period=2024&includeDesc=true,2026-05-30T18:34:22.015Z,"{""reporters"":[{""endpoint"":""https://comtradeapi.un.org/public/v1/preview/C/A/HS"",""reporterCode"":704,""reporterISO"":""VNM"",""flowCode"":""X"",""cmdCode"":""090111"",""period"":""2020,2021,2022,2023,2024,2025"",""includeDesc"":true},{""endpoint"":""https://comtradeapi.un.org/public/v1/preview/C/A/HS"",""reporterCode"":76,""reporterISO"":""BRA"",""flowCode"":""X"",""cmdCode"":""090111"",""period"":""2020,2021,2022,2023,2024,2025"",""includeDesc"":true},{""endpoint"":""https://comtradeapi.un.org/public/v1/preview/C/A/HS"",""reporterCode"":360,""reporterISO"":""IDN"",""flowCode"":""X"",""cmdCode"":""090111"",""period"":""2020,2021,2022,2023,2024,2025"",""includeDesc"":true}]}",C,A,20240101,2024,76,BRA,Brazil,784,ARE,United Arab Emirates,0,W00,World,X,Export,H6,090111,Coffee; not roasted or decaffeinated,C00,TOTAL CPC,0,TOTAL MOT,8,kg,190313831,18305172,0,77065132,true,false,true,"{""typeCode"":""C"",""freqCode"":""A"",""refPeriodId"":20240101,""refYear"":2024,""refMonth"":52,""period"":""2024"",""reporterCode"":76,""reporterISO"":""BRA"",""reporterDesc"":""Brazil"",""flowCode"":""X"",""flowDesc"":""Export"",""partnerCode"":784,""partnerISO"":""ARE"",""partnerDesc"":""United Arab Emirates"",""partner2Code"":0,""partner2ISO"":""W00"",""partner2Desc"":""World"",""classificationCode"":""H6"",""classificationSearchCode"":""HS"",""isOriginalClassification"":true,""cmdCode"":""090111"",""cmdDesc"":""Coffee; not roasted or decaffeinated"",""aggrLevel"":6,""isLeaf"":true,""customsCode"":""C00"",""customsDesc"":""TOTAL CPC"",""mosCode"":""0"",""motCode"":0,""motDesc"":""TOTAL MOT"",""qtyUnitCode"":8,""qtyUnitAbbr"":""kg"",""qty"":190313831,""isQtyEstimated"":false,""altQtyUnitCode"":-1,""altQtyUnitAbbr"":""N/A"",""altQty"":0,""isAltQtyEstimated"":false,""netWgt"":18305172,""isNetWgtEstimated"":false,""grossWgt"":0,""isGrossWgtEstimated"":false,""cifvalue"":null,""fobvalue"":77065132,""primaryValue"":77065132,""legacyEstimationFlag"":0,""isReported"":false,""isAggregate"":true}"
,UN Comtrade,https://comtradeapi.un.org/public/v1/preview/C/A/HS?reporterCode=76&flowCode=X&cmdCode=090111&period=2024&includeDesc=true,2026-05-30T18:34:22.015Z,"{""reporters"":[{""endpoint"":""https://comtradeapi.un.org/public/v1/preview/C/A/HS"",""reporterCode"":704,""reporterISO"":""VNM"",""flowCode"":""X"",""cmdCode"":""090111"",""period"":""2020,2021,2022,2023,2024,2025"",""includeDesc"":true},{""endpoint"":""https://comtradeapi.un.org/public/v1/preview/C/A/HS"",""reporterCode"":76,""reporterISO"":""BRA"",""flowCode"":""X"",""cmdCode"":""090111"",""period"":""2020,2021,2022,2023,2024,2025"",""includeDesc"":true},{""endpoint"":""https://comtradeapi.un.org/public/v1/preview/C/A/HS"",""reporterCode"":360,""reporterISO"":""IDN"",""flowCode"":""X"",""cmdCode"":""090111"",""period"":""2020,2021,2022,2023,2024,2025"",""includeDesc"":true}]}",C,A,20240101,2024,76,BRA,Brazil,788,TUN,Tunisia,0,W00,World,X,Export,H6,090111,Coffee; not roasted or decaffeinated,C00,TOTAL CPC,0,TOTAL MOT,8,kg,12819000,12820100,0,48954689,true,false,true,"{""typeCode"":""C"",""freqCode"":""A"",""refPeriodId"":20240101,""refYear"":2024,""refMonth"":52,""period"":""2024"",""reporterCode"":76,""reporterISO"":""BRA"",""reporterDesc"":""Brazil"",""flowCode"":""X"",""flowDesc"":""Export"",""partnerCode"":788,""partnerISO"":""TUN"",""partnerDesc"":""Tunisia"",""partner2Code"":0,""partner2ISO"":""W00"",""partner2Desc"":""World"",""classificationCode"":""H6"",""classificationSearchCode"":""HS"",""isOriginalClassification"":true,""cmdCode"":""090111"",""cmdDesc"":""Coffee; not roasted or decaffeinated"",""aggrLevel"":6,""isLeaf"":true,""customsCode"":""C00"",""customsDesc"":""TOTAL CPC"",""mosCode"":""0"",""motCode"":0,""motDesc"":""TOTAL MOT"",""qtyUnitCode"":8,""qtyUnitAbbr"":""kg"",""qty"":12819000,""isQtyEstimated"":false,""altQtyUnitCode"":21,""altQtyUnitAbbr"":""1000 KG"",""altQty"":12819,""isAltQtyEstimated"":false,""netWgt"":12820100,""isNetWgtEstimated"":false,""grossWgt"":0,""isGrossWgtEstimated"":false,""cifvalue"":null,""fobvalue"":48954689,""primaryValue"":48954689,""legacyEstimationFlag"":0,""isReported"":false,""isAggregate"":true}"
,UN Comtrade,https://comtradeapi.un.org/public/v1/preview/C/A/HS?reporterCode=76&flowCode=X&cmdCode=090111&period=2024&includeDesc=true,2026-05-30T18:34:22.015Z,"{""reporters"":[{""endpoint"":""https://comtradeapi.un.org/public/v1/preview/C/A/HS"",""reporterCode"":704,""reporterISO"":""VNM"",""flowCode"":""X"",""cmdCode"":""090111"",""period"":""2020,2021,2022,2023,2024,2025"",""includeDesc"":true},{""endpoint"":""https://comtradeapi.un.org/public/v1/preview/C/A/HS"",""reporterCode"":76,""reporterISO"":""BRA"",""flowCode"":""X"",""cmdCode"":""090111"",""period"":""2020,2021,2022,2023,2024,2025"",""includeDesc"":true},{""endpoint"":""https://comtradeapi.un.org/public/v1/preview/C/A/HS"",""reporterCode"":360,""reporterISO"":""IDN"",""flowCode"":""X"",""cmdCode"":""090111"",""period"":""2020,2021,2022,2023,2024,2025"",""includeDesc"":true}]}",C,A,20240101,2024,76,BRA,Brazil,792,TUR,Türkiye,0,W00,World,X,Export,H6,090111,Coffee; not roasted or decaffeinated,C00,TOTAL CPC,0,TOTAL MOT,8,kg,193858000,81722922,0,337615938,true,false,true,"{""typeCode"":""C"",""freqCode"":""A"",""refPeriodId"":20240101,""refYear"":2024,""refMonth"":52,""period"":""2024"",""reporterCode"":76,""reporterISO"":""BRA"",""reporterDesc"":""Brazil"",""flowCode"":""X"",""flowDesc"":""Export"",""partnerCode"":792,""partnerISO"":""TUR"",""partnerDesc"":""Türkiye"",""partner2Code"":0,""partner2ISO"":""W00"",""partner2Desc"":""World"",""classificationCode"":""H6"",""classificationSearchCode"":""HS"",""isOriginalClassification"":true,""cmdCode"":""090111"",""cmdDesc"":""Coffee; not roasted or decaffeinated"",""aggrLevel"":6,""isLeaf"":true,""customsCode"":""C00"",""customsDesc"":""TOTAL CPC"",""mosCode"":""0"",""motCode"":0,""motDesc"":""TOTAL MOT"",""qtyUnitCode"":8,""qtyUnitAbbr"":""kg"",""qty"":193858000,""isQtyEstimated"":false,""altQtyUnitCode"":21,""altQtyUnitAbbr"":""1000 KG"",""altQty"":193858,""isAltQtyEstimated"":false,""netWgt"":81722922,""isNetWgtEstimated"":false,""grossWgt"":0,""isGrossWgtEstimated"":false,""cifvalue"":null,""fobvalue"":337615938,""primaryValue"":337615938,""legacyEstimationFlag"":0,""isReported"":false,""isAggregate"":true}"
,UN Comtrade,https://comtradeapi.un.org/public/v1/preview/C/A/HS?reporterCode=76&flowCode=X&cmdCode=090111&period=2024&includeDesc=true,2026-05-30T18:34:22.015Z,"{""reporters"":[{""endpoint"":""https://comtradeapi.un.org/public/v1/preview/C/A/HS"",""reporterCode"":704,""reporterISO"":""VNM"",""flowCode"":""X"",""cmdCode"":""090111"",""period"":""2020,2021,2022,2023,2024,2025"",""includeDesc"":true},{""endpoint"":""https://comtradeapi.un.org/public/v1/preview/C/A/HS"",""reporterCode"":76,""reporterISO"":""BRA"",""flowCode"":""X"",""cmdCode"":""090111"",""period"":""2020,2021,2022,2023,2024,2025"",""includeDesc"":true},{""endpoint"":""https://comtradeapi.un.org/public/v1/preview/C/A/HS"",""reporterCode"":360,""reporterISO"":""IDN"",""flowCode"":""X"",""cmdCode"":""090111"",""period"":""2020,2021,2022,2023,2024,2025"",""includeDesc"":true}]}",C,A,20240101,2024,76,BRA,Brazil,804,UKR,Ukraine,0,W00,World,X,Export,H6,090111,Coffee; not roasted or decaffeinated,C00,TOTAL CPC,0,TOTAL MOT,8,kg,3801286,1400411,0,6445040,true,false,true,"{""typeCode"":""C"",""freqCode"":""A"",""refPeriodId"":20240101,""refYear"":2024,""refMonth"":52,""period"":""2024"",""reporterCode"":76,""reporterISO"":""BRA"",""reporterDesc"":""Brazil"",""flowCode"":""X"",""flowDesc"":""Export"",""partnerCode"":804,""partnerISO"":""UKR"",""partnerDesc"":""Ukraine"",""partner2Code"":0,""partner2ISO"":""W00"",""partner2Desc"":""World"",""classificationCode"":""H6"",""classificationSearchCode"":""HS"",""isOriginalClassification"":true,""cmdCode"":""090111"",""cmdDesc"":""Coffee; not roasted or decaffeinated"",""aggrLevel"":6,""isLeaf"":true,""customsCode"":""C00"",""customsDesc"":""TOTAL CPC"",""mosCode"":""0"",""motCode"":0,""motDesc"":""TOTAL MOT"",""qtyUnitCode"":8,""qtyUnitAbbr"":""kg"",""qty"":3801286,""isQtyEstimated"":false,""altQtyUnitCode"":-1,""altQtyUnitAbbr"":""N/A"",""altQty"":0,""isAltQtyEstimated"":false,""netWgt"":1400411,""isNetWgtEstimated"":false,""grossWgt"":0,""isGrossWgtEstimated"":false,""cifvalue"":null,""fobvalue"":6445040,""primaryValue"":6445040,""legacyEstimationFlag"":0,""isReported"":false,""isAggregate"":true}"
,UN Comtrade,https://comtradeapi.un.org/public/v1/preview/C/A/HS?reporterCode=76&flowCode=X&cmdCode=090111&period=2024&includeDesc=true,2026-05-30T18:34:22.015Z,"{""reporters"":[{""endpoint"":""https://comtradeapi.un.org/public/v1/preview/C/A/HS"",""reporterCode"":704,""reporterISO"":""VNM"",""flowCode"":""X"",""cmdCode"":""090111"",""period"":""2020,2021,2022,2023,2024,2025"",""includeDesc"":true},{""endpoint"":""https://comtradeapi.un.org/public/v1/preview/C/A/HS"",""reporterCode"":76,""reporterISO"":""BRA"",""flowCode"":""X"",""cmdCode"":""090111"",""period"":""2020,2021,2022,2023,2024,2025"",""includeDesc"":true},{""endpoint"":""https://comtradeapi.un.org/public/v1/preview/C/A/HS"",""reporterCode"":360,""reporterISO"":""IDN"",""flowCode"":""X"",""cmdCode"":""090111"",""period"":""2020,2021,2022,2023,2024,2025"",""includeDesc"":true}]}",C,A,20240101,2024,76,BRA,Brazil,818,EGY,Egypt,0,W00,World,X,Export,H6,090111,Coffee; not roasted or decaffeinated,C00,TOTAL CPC,0,TOTAL MOT,8,kg,37282010.488,7818951.488,0,31223679,true,false,true,"{""typeCode"":""C"",""freqCode"":""A"",""refPeriodId"":20240101,""refYear"":2024,""refMonth"":52,""period"":""2024"",""reporterCode"":76,""reporterISO"":""BRA"",""reporterDesc"":""Brazil"",""flowCode"":""X"",""flowDesc"":""Export"",""partnerCode"":818,""partnerISO"":""EGY"",""partnerDesc"":""Egypt"",""partner2Code"":0,""partner2ISO"":""W00"",""partner2Desc"":""World"",""classificationCode"":""H6"",""classificationSearchCode"":""HS"",""isOriginalClassification"":true,""cmdCode"":""090111"",""cmdDesc"":""Coffee; not roasted or decaffeinated"",""aggrLevel"":6,""isLeaf"":true,""customsCode"":""C00"",""customsDesc"":""TOTAL CPC"",""mosCode"":""0"",""motCode"":0,""motDesc"":""TOTAL MOT"",""qtyUnitCode"":8,""qtyUnitAbbr"":""kg"",""qty"":37282010.488,""isQtyEstimated"":true,""altQtyUnitCode"":-1,""altQtyUnitAbbr"":""N/A"",""altQty"":0,""isAltQtyEstimated"":false,""netWgt"":7818951.488,""isNetWgtEstimated"":true,""grossWgt"":0,""isGrossWgtEstimated"":false,""cifvalue"":null,""fobvalue"":31223679,""primaryValue"":31223679,""legacyEstimationFlag"":6,""isReported"":false,""isAggregate"":true}"
,UN Comtrade,https://comtradeapi.un.org/public/v1/preview/C/A/HS?reporterCode=76&flowCode=X&cmdCode=090111&period=2024&includeDesc=true,2026-05-30T18:34:22.015Z,"{""reporters"":[{""endpoint"":""https://comtradeapi.un.org/public/v1/preview/C/A/HS"",""reporterCode"":704,""reporterISO"":""VNM"",""flowCode"":""X"",""cmdCode"":""090111"",""period"":""2020,2021,2022,2023,2024,2025"",""includeDesc"":true},{""endpoint"":""https://comtradeapi.un.org/public/v1/preview/C/A/HS"",""reporterCode"":76,""reporterISO"":""BRA"",""flowCode"":""X"",""cmdCode"":""090111"",""period"":""2020,2021,2022,2023,2024,2025"",""includeDesc"":true},{""endpoint"":""https://comtradeapi.un.org/public/v1/preview/C/A/HS"",""reporterCode"":360,""reporterISO"":""IDN"",""flowCode"":""X"",""cmdCode"":""090111"",""period"":""2020,2021,2022,2023,2024,2025"",""includeDesc"":true}]}",C,A,20240101,2024,76,BRA,Brazil,826,GBR,United Kingdom,0,W00,World,X,Export,H6,090111,Coffee; not roasted or decaffeinated,C00,TOTAL CPC,0,TOTAL MOT,8,kg,256875361.244,61243774.244,0,245438965,true,false,true,"{""typeCode"":""C"",""freqCode"":""A"",""refPeriodId"":20240101,""refYear"":2024,""refMonth"":52,""period"":""2024"",""reporterCode"":76,""reporterISO"":""BRA"",""reporterDesc"":""Brazil"",""flowCode"":""X"",""flowDesc"":""Export"",""partnerCode"":826,""partnerISO"":""GBR"",""partnerDesc"":""United Kingdom"",""partner2Code"":0,""partner2ISO"":""W00"",""partner2Desc"":""World"",""classificationCode"":""H6"",""classificationSearchCode"":""HS"",""isOriginalClassification"":true,""cmdCode"":""090111"",""cmdDesc"":""Coffee; not roasted or decaffeinated"",""aggrLevel"":6,""isLeaf"":true,""customsCode"":""C00"",""customsDesc"":""TOTAL CPC"",""mosCode"":""0"",""motCode"":0,""motDesc"":""TOTAL MOT"",""qtyUnitCode"":8,""qtyUnitAbbr"":""kg"",""qty"":256875361.244,""isQtyEstimated"":true,""altQtyUnitCode"":-1,""altQtyUnitAbbr"":""N/A"",""altQty"":0,""isAltQtyEstimated"":false,""netWgt"":61243774.244,""isNetWgtEstimated"":true,""grossWgt"":0,""isGrossWgtEstimated"":false,""cifvalue"":null,""fobvalue"":245438965,""primaryValue"":245438965,""legacyEstimationFlag"":6,""isReported"":false,""isAggregate"":true}"
,UN Comtrade,https://comtradeapi.un.org/public/v1/preview/C/A/HS?reporterCode=76&flowCode=X&cmdCode=090111&period=2024&includeDesc=true,2026-05-30T18:34:22.015Z,"{""reporters"":[{""endpoint"":""https://comtradeapi.un.org/public/v1/preview/C/A/HS"",""reporterCode"":704,""reporterISO"":""VNM"",""flowCode"":""X"",""cmdCode"":""090111"",""period"":""2020,2021,2022,2023,2024,2025"",""includeDesc"":true},{""endpoint"":""https://comtradeapi.un.org/public/v1/preview/C/A/HS"",""reporterCode"":76,""reporterISO"":""BRA"",""flowCode"":""X"",""cmdCode"":""090111"",""period"":""2020,2021,2022,2023,2024,2025"",""includeDesc"":true},{""endpoint"":""https://comtradeapi.un.org/public/v1/preview/C/A/HS"",""reporterCode"":360,""reporterISO"":""IDN"",""flowCode"":""X"",""cmdCode"":""090111"",""period"":""2020,2021,2022,2023,2024,2025"",""includeDesc"":true}]}",C,A,20240101,2024,76,BRA,Brazil,842,USA,USA,0,W00,World,X,Export,H6,090111,Coffee; not roasted or decaffeinated,C00,TOTAL CPC,0,TOTAL MOT,8,kg,1505552479.645,453230897.645,0,1896139335,true,false,true,"{""typeCode"":""C"",""freqCode"":""A"",""refPeriodId"":20240101,""refYear"":2024,""refMonth"":52,""period"":""2024"",""reporterCode"":76,""reporterISO"":""BRA"",""reporterDesc"":""Brazil"",""flowCode"":""X"",""flowDesc"":""Export"",""partnerCode"":842,""partnerISO"":""USA"",""partnerDesc"":""USA"",""partner2Code"":0,""partner2ISO"":""W00"",""partner2Desc"":""World"",""classificationCode"":""H6"",""classificationSearchCode"":""HS"",""isOriginalClassification"":true,""cmdCode"":""090111"",""cmdDesc"":""Coffee; not roasted or decaffeinated"",""aggrLevel"":6,""isLeaf"":true,""customsCode"":""C00"",""customsDesc"":""TOTAL CPC"",""mosCode"":""0"",""motCode"":0,""motDesc"":""TOTAL MOT"",""qtyUnitCode"":8,""qtyUnitAbbr"":""kg"",""qty"":1505552479.645,""isQtyEstimated"":true,""altQtyUnitCode"":-1,""altQtyUnitAbbr"":""N/A"",""altQty"":0,""isAltQtyEstimated"":false,""netWgt"":453230897.645,""isNetWgtEstimated"":true,""grossWgt"":0,""isGrossWgtEstimated"":false,""cifvalue"":null,""fobvalue"":1896139335,""primaryValue"":1896139335,""legacyEstimationFlag"":6,""isReported"":false,""isAggregate"":true}"
,UN Comtrade,https://comtradeapi.un.org/public/v1/preview/C/A/HS?reporterCode=76&flowCode=X&cmdCode=090111&period=2024&includeDesc=true,2026-05-30T18:34:22.015Z,"{""reporters"":[{""endpoint"":""https://comtradeapi.un.org/public/v1/preview/C/A/HS"",""reporterCode"":704,""reporterISO"":""VNM"",""flowCode"":""X"",""cmdCode"":""090111"",""period"":""2020,2021,2022,2023,2024,2025"",""includeDesc"":true},{""endpoint"":""https://comtradeapi.un.org/public/v1/preview/C/A/HS"",""reporterCode"":76,""reporterISO"":""BRA"",""flowCode"":""X"",""cmdCode"":""090111"",""period"":""2020,2021,2022,2023,2024,2025"",""includeDesc"":true},{""endpoint"":""https://comtradeapi.un.org/public/v1/preview/C/A/HS"",""reporterCode"":360,""reporterISO"":""IDN"",""flowCode"":""X"",""cmdCode"":""090111"",""period"":""2020,2021,2022,2023,2024,2025"",""includeDesc"":true}]}",C,A,20240101,2024,76,BRA,Brazil,858,URY,Uruguay,0,W00,World,X,Export,H6,090111,Coffee; not roasted or decaffeinated,C00,TOTAL CPC,0,TOTAL MOT,8,kg,3361830,1816195,0,7831116,true,false,true,"{""typeCode"":""C"",""freqCode"":""A"",""refPeriodId"":20240101,""refYear"":2024,""refMonth"":52,""period"":""2024"",""reporterCode"":76,""reporterISO"":""BRA"",""reporterDesc"":""Brazil"",""flowCode"":""X"",""flowDesc"":""Export"",""partnerCode"":858,""partnerISO"":""URY"",""partnerDesc"":""Uruguay"",""partner2Code"":0,""partner2ISO"":""W00"",""partner2Desc"":""World"",""classificationCode"":""H6"",""classificationSearchCode"":""HS"",""isOriginalClassification"":true,""cmdCode"":""090111"",""cmdDesc"":""Coffee; not roasted or decaffeinated"",""aggrLevel"":6,""isLeaf"":true,""customsCode"":""C00"",""customsDesc"":""TOTAL CPC"",""mosCode"":""0"",""motCode"":0,""motDesc"":""TOTAL MOT"",""qtyUnitCode"":8,""qtyUnitAbbr"":""kg"",""qty"":3361830,""isQtyEstimated"":false,""altQtyUnitCode"":21,""altQtyUnitAbbr"":""1000 KG"",""altQty"":4560,""isAltQtyEstimated"":false,""netWgt"":1816195,""isNetWgtEstimated"":false,""grossWgt"":0,""isGrossWgtEstimated"":false,""cifvalue"":null,""fobvalue"":7831116,""primaryValue"":7831116,""legacyEstimationFlag"":0,""isReported"":false,""isAggregate"":true}"
,UN Comtrade,https://comtradeapi.un.org/public/v1/preview/C/A/HS?reporterCode=76&flowCode=X&cmdCode=090111&period=2024&includeDesc=true,2026-05-30T18:34:22.015Z,"{""reporters"":[{""endpoint"":""https://comtradeapi.un.org/public/v1/preview/C/A/HS"",""reporterCode"":704,""reporterISO"":""VNM"",""flowCode"":""X"",""cmdCode"":""090111"",""period"":""2020,2021,2022,2023,2024,2025"",""includeDesc"":true},{""endpoint"":""https://comtradeapi.un.org/public/v1/preview/C/A/HS"",""reporterCode"":76,""reporterISO"":""BRA"",""flowCode"":""X"",""cmdCode"":""090111"",""period"":""2020,2021,2022,2023,2024,2025"",""includeDesc"":true},{""endpoint"":""https://comtradeapi.un.org/public/v1/preview/C/A/HS"",""reporterCode"":360,""reporterISO"":""IDN"",""flowCode"":""X"",""cmdCode"":""090111"",""period"":""2020,2021,2022,2023,2024,2025"",""includeDesc"":true}]}",C,A,20240101,2024,76,BRA,Brazil,860,UZB,Uzbekistan,0,W00,World,X,Export,H6,090111,Coffee; not roasted or decaffeinated,C00,TOTAL CPC,0,TOTAL MOT,8,kg,20000,20060,0,103309,true,false,true,"{""typeCode"":""C"",""freqCode"":""A"",""refPeriodId"":20240101,""refYear"":2024,""refMonth"":52,""period"":""2024"",""reporterCode"":76,""reporterISO"":""BRA"",""reporterDesc"":""Brazil"",""flowCode"":""X"",""flowDesc"":""Export"",""partnerCode"":860,""partnerISO"":""UZB"",""partnerDesc"":""Uzbekistan"",""partner2Code"":0,""partner2ISO"":""W00"",""partner2Desc"":""World"",""classificationCode"":""H6"",""classificationSearchCode"":""HS"",""isOriginalClassification"":true,""cmdCode"":""090111"",""cmdDesc"":""Coffee; not roasted or decaffeinated"",""aggrLevel"":6,""isLeaf"":true,""customsCode"":""C00"",""customsDesc"":""TOTAL CPC"",""mosCode"":""0"",""motCode"":0,""motDesc"":""TOTAL MOT"",""qtyUnitCode"":8,""qtyUnitAbbr"":""kg"",""qty"":20000,""isQtyEstimated"":false,""altQtyUnitCode"":21,""altQtyUnitAbbr"":""1000 KG"",""altQty"":20,""isAltQtyEstimated"":false,""netWgt"":20060,""isNetWgtEstimated"":false,""grossWgt"":0,""isGrossWgtEstimated"":false,""cifvalue"":null,""fobvalue"":103309,""primaryValue"":103309,""legacyEstimationFlag"":0,""isReported"":false,""isAggregate"":true}"
,UN Comtrade,https://comtradeapi.un.org/public/v1/preview/C/A/HS?reporterCode=76&flowCode=X&cmdCode=090111&period=2025&includeDesc=true,2026-05-30T18:34:22.015Z,"{""reporters"":[{""endpoint"":""https://comtradeapi.un.org/public/v1/preview/C/A/HS"",""reporterCode"":704,""reporterISO"":""VNM"",""flowCode"":""X"",""cmdCode"":""090111"",""period"":""2020,2021,2022,2023,2024,2025"",""includeDesc"":true},{""endpoint"":""https://comtradeapi.un.org/public/v1/preview/C/A/HS"",""reporterCode"":76,""reporterISO"":""BRA"",""flowCode"":""X"",""cmdCode"":""090111"",""period"":""2020,2021,2022,2023,2024,2025"",""includeDesc"":true},{""endpoint"":""https://comtradeapi.un.org/public/v1/preview/C/A/HS"",""reporterCode"":360,""reporterISO"":""IDN"",""flowCode"":""X"",""cmdCode"":""090111"",""period"":""2020,2021,2022,2023,2024,2025"",""includeDesc"":true}]}",C,A,20250101,2025,76,BRA,Brazil,0,W00,World,0,W00,World,X,Export,H6,090111,Coffee; not roasted or decaffeinated,C00,TOTAL CPC,0,TOTAL MOT,-1,N/A,0,2269114110.465,0,14863169164,true,false,true,"{""typeCode"":""C"",""freqCode"":""A"",""refPeriodId"":20250101,""refYear"":2025,""refMonth"":52,""period"":""2025"",""reporterCode"":76,""reporterISO"":""BRA"",""reporterDesc"":""Brazil"",""flowCode"":""X"",""flowDesc"":""Export"",""partnerCode"":0,""partnerISO"":""W00"",""partnerDesc"":""World"",""partner2Code"":0,""partner2ISO"":""W00"",""partner2Desc"":""World"",""classificationCode"":""H6"",""classificationSearchCode"":""HS"",""isOriginalClassification"":true,""cmdCode"":""090111"",""cmdDesc"":""Coffee; not roasted or decaffeinated"",""aggrLevel"":6,""isLeaf"":true,""customsCode"":""C00"",""customsDesc"":""TOTAL CPC"",""mosCode"":""0"",""motCode"":0,""motDesc"":""TOTAL MOT"",""qtyUnitCode"":-1,""qtyUnitAbbr"":""N/A"",""qty"":0,""isQtyEstimated"":false,""altQtyUnitCode"":-1,""altQtyUnitAbbr"":""N/A"",""altQty"":0,""isAltQtyEstimated"":false,""netWgt"":2269114110.465,""isNetWgtEstimated"":true,""grossWgt"":0,""isGrossWgtEstimated"":false,""cifvalue"":null,""fobvalue"":14863169164,""primaryValue"":14863169164,""legacyEstimationFlag"":4,""isReported"":false,""isAggregate"":true}"
,UN Comtrade,https://comtradeapi.un.org/public/v1/preview/C/A/HS?reporterCode=76&flowCode=X&cmdCode=090111&period=2025&includeDesc=true,2026-05-30T18:34:22.015Z,"{""reporters"":[{""endpoint"":""https://comtradeapi.un.org/public/v1/preview/C/A/HS"",""reporterCode"":704,""reporterISO"":""VNM"",""flowCode"":""X"",""cmdCode"":""090111"",""period"":""2020,2021,2022,2023,2024,2025"",""includeDesc"":true},{""endpoint"":""https://comtradeapi.un.org/public/v1/preview/C/A/HS"",""reporterCode"":76,""reporterISO"":""BRA"",""flowCode"":""X"",""cmdCode"":""090111"",""period"":""2020,2021,2022,2023,2024,2025"",""includeDesc"":true},{""endpoint"":""https://comtradeapi.un.org/public/v1/preview/C/A/HS"",""reporterCode"":360,""reporterISO"":""IDN"",""flowCode"":""X"",""cmdCode"":""090111"",""period"":""2020,2021,2022,2023,2024,2025"",""includeDesc"":true}]}",C,A,20250101,2025,76,BRA,Brazil,8,ALB,Albania,0,W00,World,X,Export,H6,090111,Coffee; not roasted or decaffeinated,C00,TOTAL CPC,0,TOTAL MOT,8,kg,28241000,1876500,0,10424692,true,false,true,"{""typeCode"":""C"",""freqCode"":""A"",""refPeriodId"":20250101,""refYear"":2025,""refMonth"":52,""period"":""2025"",""reporterCode"":76,""reporterISO"":""BRA"",""reporterDesc"":""Brazil"",""flowCode"":""X"",""flowDesc"":""Export"",""partnerCode"":8,""partnerISO"":""ALB"",""partnerDesc"":""Albania"",""partner2Code"":0,""partner2ISO"":""W00"",""partner2Desc"":""World"",""classificationCode"":""H6"",""classificationSearchCode"":""HS"",""isOriginalClassification"":true,""cmdCode"":""090111"",""cmdDesc"":""Coffee; not roasted or decaffeinated"",""aggrLevel"":6,""isLeaf"":true,""customsCode"":""C00"",""customsDesc"":""TOTAL CPC"",""mosCode"":""0"",""motCode"":0,""motDesc"":""TOTAL MOT"",""qtyUnitCode"":8,""qtyUnitAbbr"":""kg"",""qty"":28241000,""isQtyEstimated"":false,""altQtyUnitCode"":21,""altQtyUnitAbbr"":""1000 KG"",""altQty"":28241,""isAltQtyEstimated"":false,""netWgt"":1876500,""isNetWgtEstimated"":false,""grossWgt"":0,""isGrossWgtEstimated"":false,""cifvalue"":null,""fobvalue"":10424692,""primaryValue"":10424692,""legacyEstimationFlag"":0,""isReported"":false,""isAggregate"":true}"
,UN Comtrade,https://comtradeapi.un.org/public/v1/preview/C/A/HS?reporterCode=76&flowCode=X&cmdCode=090111&period=2025&includeDesc=true,2026-05-30T18:34:22.015Z,"{""reporters"":[{""endpoint"":""https://comtradeapi.un.org/public/v1/preview/C/A/HS"",""reporterCode"":704,""reporterISO"":""VNM"",""flowCode"":""X"",""cmdCode"":""090111"",""period"":""2020,2021,2022,2023,2024,2025"",""includeDesc"":true},{""endpoint"":""https://comtradeapi.un.org/public/v1/preview/C/A/HS"",""reporterCode"":76,""reporterISO"":""BRA"",""flowCode"":""X"",""cmdCode"":""090111"",""period"":""2020,2021,2022,2023,2024,2025"",""includeDesc"":true},{""endpoint"":""https://comtradeapi.un.org/public/v1/preview/C/A/HS"",""reporterCode"":360,""reporterISO"":""IDN"",""flowCode"":""X"",""cmdCode"":""090111"",""period"":""2020,2021,2022,2023,2024,2025"",""includeDesc"":true}]}",C,A,20250101,2025,76,BRA,Brazil,12,DZA,Algeria,0,W00,World,X,Export,H6,090111,Coffee; not roasted or decaffeinated,C00,TOTAL CPC,0,TOTAL MOT,8,kg,11434000,11431500,0,58862347,true,false,true,"{""typeCode"":""C"",""freqCode"":""A"",""refPeriodId"":20250101,""refYear"":2025,""refMonth"":52,""period"":""2025"",""reporterCode"":76,""reporterISO"":""BRA"",""reporterDesc"":""Brazil"",""flowCode"":""X"",""flowDesc"":""Export"",""partnerCode"":12,""partnerISO"":""DZA"",""partnerDesc"":""Algeria"",""partner2Code"":0,""partner2ISO"":""W00"",""partner2Desc"":""World"",""classificationCode"":""H6"",""classificationSearchCode"":""HS"",""isOriginalClassification"":true,""cmdCode"":""090111"",""cmdDesc"":""Coffee; not roasted or decaffeinated"",""aggrLevel"":6,""isLeaf"":true,""customsCode"":""C00"",""customsDesc"":""TOTAL CPC"",""mosCode"":""0"",""motCode"":0,""motDesc"":""TOTAL MOT"",""qtyUnitCode"":8,""qtyUnitAbbr"":""kg"",""qty"":11434000,""isQtyEstimated"":false,""altQtyUnitCode"":21,""altQtyUnitAbbr"":""1000 KG"",""altQty"":11434,""isAltQtyEstimated"":false,""netWgt"":11431500,""isNetWgtEstimated"":false,""grossWgt"":0,""isGrossWgtEstimated"":false,""cifvalue"":null,""fobvalue"":58862347,""primaryValue"":58862347,""legacyEstimationFlag"":0,""isReported"":false,""isAggregate"":true}"
,UN Comtrade,https://comtradeapi.un.org/public/v1/preview/C/A/HS?reporterCode=76&flowCode=X&cmdCode=090111&period=2025&includeDesc=true,2026-05-30T18:34:22.015Z,"{""reporters"":[{""endpoint"":""https://comtradeapi.un.org/public/v1/preview/C/A/HS"",""reporterCode"":704,""reporterISO"":""VNM"",""flowCode"":""X"",""cmdCode"":""090111"",""period"":""2020,2021,2022,2023,2024,2025"",""includeDesc"":true},{""endpoint"":""https://comtradeapi.un.org/public/v1/preview/C/A/HS"",""reporterCode"":76,""reporterISO"":""BRA"",""flowCode"":""X"",""cmdCode"":""090111"",""period"":""2020,2021,2022,2023,2024,2025"",""includeDesc"":true},{""endpoint"":""https://comtradeapi.un.org/public/v1/preview/C/A/HS"",""reporterCode"":360,""reporterISO"":""IDN"",""flowCode"":""X"",""cmdCode"":""090111"",""period"":""2020,2021,2022,2023,2024,2025"",""includeDesc"":true}]}",C,A,20250101,2025,76,BRA,Brazil,24,AGO,Angola,0,W00,World,X,Export,H6,090111,Coffee; not roasted or decaffeinated,C00,TOTAL CPC,0,TOTAL MOT,8,kg,237,237,0,7176,true,false,true,"{""typeCode"":""C"",""freqCode"":""A"",""refPeriodId"":20250101,""refYear"":2025,""refMonth"":52,""period"":""2025"",""reporterCode"":76,""reporterISO"":""BRA"",""reporterDesc"":""Brazil"",""flowCode"":""X"",""flowDesc"":""Export"",""partnerCode"":24,""partnerISO"":""AGO"",""partnerDesc"":""Angola"",""partner2Code"":0,""partner2ISO"":""W00"",""partner2Desc"":""World"",""classificationCode"":""H6"",""classificationSearchCode"":""HS"",""isOriginalClassification"":true,""cmdCode"":""090111"",""cmdDesc"":""Coffee; not roasted or decaffeinated"",""aggrLevel"":6,""isLeaf"":true,""customsCode"":""C00"",""customsDesc"":""TOTAL CPC"",""mosCode"":""0"",""motCode"":0,""motDesc"":""TOTAL MOT"",""qtyUnitCode"":8,""qtyUnitAbbr"":""kg"",""qty"":237,""isQtyEstimated"":false,""altQtyUnitCode"":8,""altQtyUnitAbbr"":""kg"",""altQty"":237,""isAltQtyEstimated"":false,""netWgt"":237,""isNetWgtEstimated"":false,""grossWgt"":0,""isGrossWgtEstimated"":false,""cifvalue"":null,""fobvalue"":7176,""primaryValue"":7176,""legacyEstimationFlag"":0,""isReported"":false,""isAggregate"":true}"
,UN Comtrade,https://comtradeapi.un.org/public/v1/preview/C/A/HS?reporterCode=76&flowCode=X&cmdCode=090111&period=2025&includeDesc=true,2026-05-30T18:34:22.015Z,"{""reporters"":[{""endpoint"":""https://comtradeapi.un.org/public/v1/preview/C/A/HS"",""reporterCode"":704,""reporterISO"":""VNM"",""flowCode"":""X"",""cmdCode"":""090111"",""period"":""2020,2021,2022,2023,2024,2025"",""includeDesc"":true},{""endpoint"":""https://comtradeapi.un.org/public/v1/preview/C/A/HS"",""reporterCode"":76,""reporterISO"":""BRA"",""flowCode"":""X"",""cmdCode"":""090111"",""period"":""2020,2021,2022,2023,2024,2025"",""includeDesc"":true},{""endpoint"":""https://comtradeapi.un.org/public/v1/preview/C/A/HS"",""reporterCode"":360,""reporterISO"":""IDN"",""flowCode"":""X"",""cmdCode"":""090111"",""period"":""2020,2021,2022,2023,2024,2025"",""includeDesc"":true}]}",C,A,20250101,2025,76,BRA,Brazil,28,ATG,Antigua and Barbuda,0,W00,World,X,Export,H6,090111,Coffee; not roasted or decaffeinated,C00,TOTAL CPC,0,TOTAL MOT,8,kg,16,16,0,607,true,false,true,"{""typeCode"":""C"",""freqCode"":""A"",""refPeriodId"":20250101,""refYear"":2025,""refMonth"":52,""period"":""2025"",""reporterCode"":76,""reporterISO"":""BRA"",""reporterDesc"":""Brazil"",""flowCode"":""X"",""flowDesc"":""Export"",""partnerCode"":28,""partnerISO"":""ATG"",""partnerDesc"":""Antigua and Barbuda"",""partner2Code"":0,""partner2ISO"":""W00"",""partner2Desc"":""World"",""classificationCode"":""H6"",""classificationSearchCode"":""HS"",""isOriginalClassification"":true,""cmdCode"":""090111"",""cmdDesc"":""Coffee; not roasted or decaffeinated"",""aggrLevel"":6,""isLeaf"":true,""customsCode"":""C00"",""customsDesc"":""TOTAL CPC"",""mosCode"":""0"",""motCode"":0,""motDesc"":""TOTAL MOT"",""qtyUnitCode"":8,""qtyUnitAbbr"":""kg"",""qty"":16,""isQtyEstimated"":false,""altQtyUnitCode"":8,""altQtyUnitAbbr"":""kg"",""altQty"":16,""isAltQtyEstimated"":false,""netWgt"":16,""isNetWgtEstimated"":false,""grossWgt"":0,""isGrossWgtEstimated"":false,""cifvalue"":null,""fobvalue"":607,""primaryValue"":607,""legacyEstimationFlag"":0,""isReported"":false,""isAggregate"":true}"
,UN Comtrade,https://comtradeapi.un.org/public/v1/preview/C/A/HS?reporterCode=76&flowCode=X&cmdCode=090111&period=2025&includeDesc=true,2026-05-30T18:34:22.015Z,"{""reporters"":[{""endpoint"":""https://comtradeapi.un.org/public/v1/preview/C/A/HS"",""reporterCode"":704,""reporterISO"":""VNM"",""flowCode"":""X"",""cmdCode"":""090111"",""period"":""2020,2021,2022,2023,2024,2025"",""includeDesc"":true},{""endpoint"":""https://comtradeapi.un.org/public/v1/preview/C/A/HS"",""reporterCode"":76,""reporterISO"":""BRA"",""flowCode"":""X"",""cmdCode"":""090111"",""period"":""2020,2021,2022,2023,2024,2025"",""includeDesc"":true},{""endpoint"":""https://comtradeapi.un.org/public/v1/preview/C/A/HS"",""reporterCode"":360,""reporterISO"":""IDN"",""flowCode"":""X"",""cmdCode"":""090111"",""period"":""2020,2021,2022,2023,2024,2025"",""includeDesc"":true}]}",C,A,20250101,2025,76,BRA,Brazil,31,AZE,Azerbaijan,0,W00,World,X,Export,H6,090111,Coffee; not roasted or decaffeinated,C00,TOTAL CPC,0,TOTAL MOT,8,kg,42000,41940,0,246437,true,false,true,"{""typeCode"":""C"",""freqCode"":""A"",""refPeriodId"":20250101,""refYear"":2025,""refMonth"":52,""period"":""2025"",""reporterCode"":76,""reporterISO"":""BRA"",""reporterDesc"":""Brazil"",""flowCode"":""X"",""flowDesc"":""Export"",""partnerCode"":31,""partnerISO"":""AZE"",""partnerDesc"":""Azerbaijan"",""partner2Code"":0,""partner2ISO"":""W00"",""partner2Desc"":""World"",""classificationCode"":""H6"",""classificationSearchCode"":""HS"",""isOriginalClassification"":true,""cmdCode"":""090111"",""cmdDesc"":""Coffee; not roasted or decaffeinated"",""aggrLevel"":6,""isLeaf"":true,""customsCode"":""C00"",""customsDesc"":""TOTAL CPC"",""mosCode"":""0"",""motCode"":0,""motDesc"":""TOTAL MOT"",""qtyUnitCode"":8,""qtyUnitAbbr"":""kg"",""qty"":42000,""isQtyEstimated"":false,""altQtyUnitCode"":21,""altQtyUnitAbbr"":""1000 KG"",""altQty"":42,""isAltQtyEstimated"":false,""netWgt"":41940,""isNetWgtEstimated"":false,""grossWgt"":0,""isGrossWgtEstimated"":false,""cifvalue"":null,""fobvalue"":246437,""primaryValue"":246437,""legacyEstimationFlag"":0,""isReported"":false,""isAggregate"":true}"
,UN Comtrade,https://comtradeapi.un.org/public/v1/preview/C/A/HS?reporterCode=76&flowCode=X&cmdCode=090111&period=2025&includeDesc=true,2026-05-30T18:34:22.015Z,"{""reporters"":[{""endpoint"":""https://comtradeapi.un.org/public/v1/preview/C/A/HS"",""reporterCode"":704,""reporterISO"":""VNM"",""flowCode"":""X"",""cmdCode"":""090111"",""period"":""2020,2021,2022,2023,2024,2025"",""includeDesc"":true},{""endpoint"":""https://comtradeapi.un.org/public/v1/preview/C/A/HS"",""reporterCode"":76,""reporterISO"":""BRA"",""flowCode"":""X"",""cmdCode"":""090111"",""period"":""2020,2021,2022,2023,2024,2025"",""includeDesc"":true},{""endpoint"":""https://comtradeapi.un.org/public/v1/preview/C/A/HS"",""reporterCode"":360,""reporterISO"":""IDN"",""flowCode"":""X"",""cmdCode"":""090111"",""period"":""2020,2021,2022,2023,2024,2025"",""includeDesc"":true}]}",C,A,20250101,2025,76,BRA,Brazil,32,ARG,Argentina,0,W00,World,X,Export,H6,090111,Coffee; not roasted or decaffeinated,C00,TOTAL CPC,0,TOTAL MOT,8,kg,50944000,24622020,0,162357411,true,false,true,"{""typeCode"":""C"",""freqCode"":""A"",""refPeriodId"":20250101,""refYear"":2025,""refMonth"":52,""period"":""2025"",""reporterCode"":76,""reporterISO"":""BRA"",""reporterDesc"":""Brazil"",""flowCode"":""X"",""flowDesc"":""Export"",""partnerCode"":32,""partnerISO"":""ARG"",""partnerDesc"":""Argentina"",""partner2Code"":0,""partner2ISO"":""W00"",""partner2Desc"":""World"",""classificationCode"":""H6"",""classificationSearchCode"":""HS"",""isOriginalClassification"":true,""cmdCode"":""090111"",""cmdDesc"":""Coffee; not roasted or decaffeinated"",""aggrLevel"":6,""isLeaf"":true,""customsCode"":""C00"",""customsDesc"":""TOTAL CPC"",""mosCode"":""0"",""motCode"":0,""motDesc"":""TOTAL MOT"",""qtyUnitCode"":8,""qtyUnitAbbr"":""kg"",""qty"":50944000,""isQtyEstimated"":false,""altQtyUnitCode"":21,""altQtyUnitAbbr"":""1000 KG"",""altQty"":50944,""isAltQtyEstimated"":false,""netWgt"":24622020,""isNetWgtEstimated"":false,""grossWgt"":0,""isGrossWgtEstimated"":false,""cifvalue"":null,""fobvalue"":162357411,""primaryValue"":162357411,""legacyEstimationFlag"":0,""isReported"":false,""isAggregate"":true}"
,UN Comtrade,https://comtradeapi.un.org/public/v1/preview/C/A/HS?reporterCode=76&flowCode=X&cmdCode=090111&period=2025&includeDesc=true,2026-05-30T18:34:22.015Z,"{""reporters"":[{""endpoint"":""https://comtradeapi.un.org/public/v1/preview/C/A/HS"",""reporterCode"":704,""reporterISO"":""VNM"",""flowCode"":""X"",""cmdCode"":""090111"",""period"":""2020,2021,2022,2023,2024,2025"",""includeDesc"":true},{""endpoint"":""https://comtradeapi.un.org/public/v1/preview/C/A/HS"",""reporterCode"":76,""reporterISO"":""BRA"",""flowCode"":""X"",""cmdCode"":""090111"",""period"":""2020,2021,2022,2023,2024,2025"",""includeDesc"":true},{""endpoint"":""https://comtradeapi.un.org/public/v1/preview/C/A/HS"",""reporterCode"":360,""reporterISO"":""IDN"",""flowCode"":""X"",""cmdCode"":""090111"",""period"":""2020,2021,2022,2023,2024,2025"",""includeDesc"":true}]}",C,A,20250101,2025,76,BRA,Brazil,36,AUS,Australia,0,W00,World,X,Export,H6,090111,Coffee; not roasted or decaffeinated,C00,TOTAL CPC,0,TOTAL MOT,8,kg,125699000,26636959,0,188433856,true,false,true,"{""typeCode"":""C"",""freqCode"":""A"",""refPeriodId"":20250101,""refYear"":2025,""refMonth"":52,""period"":""2025"",""reporterCode"":76,""reporterISO"":""BRA"",""reporterDesc"":""Brazil"",""flowCode"":""X"",""flowDesc"":""Export"",""partnerCode"":36,""partnerISO"":""AUS"",""partnerDesc"":""Australia"",""partner2Code"":0,""partner2ISO"":""W00"",""partner2Desc"":""World"",""classificationCode"":""H6"",""classificationSearchCode"":""HS"",""isOriginalClassification"":true,""cmdCode"":""090111"",""cmdDesc"":""Coffee; not roasted or decaffeinated"",""aggrLevel"":6,""isLeaf"":true,""customsCode"":""C00"",""customsDesc"":""TOTAL CPC"",""mosCode"":""0"",""motCode"":0,""motDesc"":""TOTAL MOT"",""qtyUnitCode"":8,""qtyUnitAbbr"":""kg"",""qty"":125699000,""isQtyEstimated"":false,""altQtyUnitCode"":21,""altQtyUnitAbbr"":""1000 KG"",""altQty"":125699,""isAltQtyEstimated"":false,""netWgt"":26636959,""isNetWgtEstimated"":false,""grossWgt"":0,""isGrossWgtEstimated"":false,""cifvalue"":null,""fobvalue"":188433856,""primaryValue"":188433856,""legacyEstimationFlag"":0,""isReported"":false,""isAggregate"":true}"
,UN Comtrade,https://comtradeapi.un.org/public/v1/preview/C/A/HS?reporterCode=76&flowCode=X&cmdCode=090111&period=2025&includeDesc=true,2026-05-30T18:34:22.015Z,"{""reporters"":[{""endpoint"":""https://comtradeapi.un.org/public/v1/preview/C/A/HS"",""reporterCode"":704,""reporterISO"":""VNM"",""flowCode"":""X"",""cmdCode"":""090111"",""period"":""2020,2021,2022,2023,2024,2025"",""includeDesc"":true},{""endpoint"":""https://comtradeapi.un.org/public/v1/preview/C/A/HS"",""reporterCode"":76,""reporterISO"":""BRA"",""flowCode"":""X"",""cmdCode"":""090111"",""period"":""2020,2021,2022,2023,2024,2025"",""includeDesc"":true},{""endpoint"":""https://comtradeapi.un.org/public/v1/preview/C/A/HS"",""reporterCode"":360,""reporterISO"":""IDN"",""flowCode"":""X"",""cmdCode"":""090111"",""period"":""2020,2021,2022,2023,2024,2025"",""includeDesc"":true}]}",C,A,20250101,2025,76,BRA,Brazil,44,BHS,Bahamas,0,W00,World,X,Export,H6,090111,Coffee; not roasted or decaffeinated,C00,TOTAL CPC,0,TOTAL MOT,8,kg,16013,44,0,1205,true,false,true,"{""typeCode"":""C"",""freqCode"":""A"",""refPeriodId"":20250101,""refYear"":2025,""refMonth"":52,""period"":""2025"",""reporterCode"":76,""reporterISO"":""BRA"",""reporterDesc"":""Brazil"",""flowCode"":""X"",""flowDesc"":""Export"",""partnerCode"":44,""partnerISO"":""BHS"",""partnerDesc"":""Bahamas"",""partner2Code"":0,""partner2ISO"":""W00"",""partner2Desc"":""World"",""classificationCode"":""H6"",""classificationSearchCode"":""HS"",""isOriginalClassification"":true,""cmdCode"":""090111"",""cmdDesc"":""Coffee; not roasted or decaffeinated"",""aggrLevel"":6,""isLeaf"":true,""customsCode"":""C00"",""customsDesc"":""TOTAL CPC"",""mosCode"":""0"",""motCode"":0,""motDesc"":""TOTAL MOT"",""qtyUnitCode"":8,""qtyUnitAbbr"":""kg"",""qty"":16013,""isQtyEstimated"":false,""altQtyUnitCode"":-1,""altQtyUnitAbbr"":""N/A"",""altQty"":0,""isAltQtyEstimated"":false,""netWgt"":44,""isNetWgtEstimated"":false,""grossWgt"":0,""isGrossWgtEstimated"":false,""cifvalue"":null,""fobvalue"":1205,""primaryValue"":1205,""legacyEstimationFlag"":0,""isReported"":false,""isAggregate"":true}"
,UN Comtrade,https://comtradeapi.un.org/public/v1/preview/C/A/HS?reporterCode=76&flowCode=X&cmdCode=090111&period=2025&includeDesc=true,2026-05-30T18:34:22.015Z,"{""reporters"":[{""endpoint"":""https://comtradeapi.un.org/public/v1/preview/C/A/HS"",""reporterCode"":704,""reporterISO"":""VNM"",""flowCode"":""X"",""cmdCode"":""090111"",""period"":""2020,2021,2022,2023,2024,2025"",""includeDesc"":true},{""endpoint"":""https://comtradeapi.un.org/public/v1/preview/C/A/HS"",""reporterCode"":76,""reporterISO"":""BRA"",""flowCode"":""X"",""cmdCode"":""090111"",""period"":""2020,2021,2022,2023,2024,2025"",""includeDesc"":true},{""endpoint"":""https://comtradeapi.un.org/public/v1/preview/C/A/HS"",""reporterCode"":360,""reporterISO"":""IDN"",""flowCode"":""X"",""cmdCode"":""090111"",""period"":""2020,2021,2022,2023,2024,2025"",""includeDesc"":true}]}",C,A,20250101,2025,76,BRA,Brazil,48,BHR,Bahrain,0,W00,World,X,Export,H6,090111,Coffee; not roasted or decaffeinated,C00,TOTAL CPC,0,TOTAL MOT,8,kg,40006,38996,0,234481,true,false,true,"{""typeCode"":""C"",""freqCode"":""A"",""refPeriodId"":20250101,""refYear"":2025,""refMonth"":52,""period"":""2025"",""reporterCode"":76,""reporterISO"":""BRA"",""reporterDesc"":""Brazil"",""flowCode"":""X"",""flowDesc"":""Export"",""partnerCode"":48,""partnerISO"":""BHR"",""partnerDesc"":""Bahrain"",""partner2Code"":0,""partner2ISO"":""W00"",""partner2Desc"":""World"",""classificationCode"":""H6"",""classificationSearchCode"":""HS"",""isOriginalClassification"":true,""cmdCode"":""090111"",""cmdDesc"":""Coffee; not roasted or decaffeinated"",""aggrLevel"":6,""isLeaf"":true,""customsCode"":""C00"",""customsDesc"":""TOTAL CPC"",""mosCode"":""0"",""motCode"":0,""motDesc"":""TOTAL MOT"",""qtyUnitCode"":8,""qtyUnitAbbr"":""kg"",""qty"":40006,""isQtyEstimated"":false,""altQtyUnitCode"":-1,""altQtyUnitAbbr"":""N/A"",""altQty"":0,""isAltQtyEstimated"":false,""netWgt"":38996,""isNetWgtEstimated"":false,""grossWgt"":0,""isGrossWgtEstimated"":false,""cifvalue"":null,""fobvalue"":234481,""primaryValue"":234481,""legacyEstimationFlag"":0,""isReported"":false,""isAggregate"":true}"
,UN Comtrade,https://comtradeapi.un.org/public/v1/preview/C/A/HS?reporterCode=76&flowCode=X&cmdCode=090111&period=2025&includeDesc=true,2026-05-30T18:34:22.015Z,"{""reporters"":[{""endpoint"":""https://comtradeapi.un.org/public/v1/preview/C/A/HS"",""reporterCode"":704,""reporterISO"":""VNM"",""flowCode"":""X"",""cmdCode"":""090111"",""period"":""2020,2021,2022,2023,2024,2025"",""includeDesc"":true},{""endpoint"":""https://comtradeapi.un.org/public/v1/preview/C/A/HS"",""reporterCode"":76,""reporterISO"":""BRA"",""flowCode"":""X"",""cmdCode"":""090111"",""period"":""2020,2021,2022,2023,2024,2025"",""includeDesc"":true},{""endpoint"":""https://comtradeapi.un.org/public/v1/preview/C/A/HS"",""reporterCode"":360,""reporterISO"":""IDN"",""flowCode"":""X"",""cmdCode"":""090111"",""period"":""2020,2021,2022,2023,2024,2025"",""includeDesc"":true}]}",C,A,20250101,2025,76,BRA,Brazil,50,BGD,Bangladesh,0,W00,World,X,Export,H6,090111,Coffee; not roasted or decaffeinated,C00,TOTAL CPC,0,TOTAL MOT,8,kg,18000,17700,0,146507,true,false,true,"{""typeCode"":""C"",""freqCode"":""A"",""refPeriodId"":20250101,""refYear"":2025,""refMonth"":52,""period"":""2025"",""reporterCode"":76,""reporterISO"":""BRA"",""reporterDesc"":""Brazil"",""flowCode"":""X"",""flowDesc"":""Export"",""partnerCode"":50,""partnerISO"":""BGD"",""partnerDesc"":""Bangladesh"",""partner2Code"":0,""partner2ISO"":""W00"",""partner2Desc"":""World"",""classificationCode"":""H6"",""classificationSearchCode"":""HS"",""isOriginalClassification"":true,""cmdCode"":""090111"",""cmdDesc"":""Coffee; not roasted or decaffeinated"",""aggrLevel"":6,""isLeaf"":true,""customsCode"":""C00"",""customsDesc"":""TOTAL CPC"",""mosCode"":""0"",""motCode"":0,""motDesc"":""TOTAL MOT"",""qtyUnitCode"":8,""qtyUnitAbbr"":""kg"",""qty"":18000,""isQtyEstimated"":false,""altQtyUnitCode"":21,""altQtyUnitAbbr"":""1000 KG"",""altQty"":18,""isAltQtyEstimated"":false,""netWgt"":17700,""isNetWgtEstimated"":false,""grossWgt"":0,""isGrossWgtEstimated"":false,""cifvalue"":null,""fobvalue"":146507,""primaryValue"":146507,""legacyEstimationFlag"":0,""isReported"":false,""isAggregate"":true}"
,UN Comtrade,https://comtradeapi.un.org/public/v1/preview/C/A/HS?reporterCode=76&flowCode=X&cmdCode=090111&period=2025&includeDesc=true,2026-05-30T18:34:22.015Z,"{""reporters"":[{""endpoint"":""https://comtradeapi.un.org/public/v1/preview/C/A/HS"",""reporterCode"":704,""reporterISO"":""VNM"",""flowCode"":""X"",""cmdCode"":""090111"",""period"":""2020,2021,2022,2023,2024,2025"",""includeDesc"":true},{""endpoint"":""https://comtradeapi.un.org/public/v1/preview/C/A/HS"",""reporterCode"":76,""reporterISO"":""BRA"",""flowCode"":""X"",""cmdCode"":""090111"",""period"":""2020,2021,2022,2023,2024,2025"",""includeDesc"":true},{""endpoint"":""https://comtradeapi.un.org/public/v1/preview/C/A/HS"",""reporterCode"":360,""reporterISO"":""IDN"",""flowCode"":""X"",""cmdCode"":""090111"",""period"":""2020,2021,2022,2023,2024,2025"",""includeDesc"":true}]}",C,A,20250101,2025,76,BRA,Brazil,51,ARM,Armenia,0,W00,World,X,Export,H6,090111,Coffee; not roasted or decaffeinated,C00,TOTAL CPC,0,TOTAL MOT,8,kg,19447000,268650,0,1772962,true,false,true,"{""typeCode"":""C"",""freqCode"":""A"",""refPeriodId"":20250101,""refYear"":2025,""refMonth"":52,""period"":""2025"",""reporterCode"":76,""reporterISO"":""BRA"",""reporterDesc"":""Brazil"",""flowCode"":""X"",""flowDesc"":""Export"",""partnerCode"":51,""partnerISO"":""ARM"",""partnerDesc"":""Armenia"",""partner2Code"":0,""partner2ISO"":""W00"",""partner2Desc"":""World"",""classificationCode"":""H6"",""classificationSearchCode"":""HS"",""isOriginalClassification"":true,""cmdCode"":""090111"",""cmdDesc"":""Coffee; not roasted or decaffeinated"",""aggrLevel"":6,""isLeaf"":true,""customsCode"":""C00"",""customsDesc"":""TOTAL CPC"",""mosCode"":""0"",""motCode"":0,""motDesc"":""TOTAL MOT"",""qtyUnitCode"":8,""qtyUnitAbbr"":""kg"",""qty"":19447000,""isQtyEstimated"":false,""altQtyUnitCode"":21,""altQtyUnitAbbr"":""1000 KG"",""altQty"":19447,""isAltQtyEstimated"":false,""netWgt"":268650,""isNetWgtEstimated"":false,""grossWgt"":0,""isGrossWgtEstimated"":false,""cifvalue"":null,""fobvalue"":1772962,""primaryValue"":1772962,""legacyEstimationFlag"":0,""isReported"":false,""isAggregate"":true}"
,UN Comtrade,https://comtradeapi.un.org/public/v1/preview/C/A/HS?reporterCode=76&flowCode=X&cmdCode=090111&period=2025&includeDesc=true,2026-05-30T18:34:22.015Z,"{""reporters"":[{""endpoint"":""https://comtradeapi.un.org/public/v1/preview/C/A/HS"",""reporterCode"":704,""reporterISO"":""VNM"",""flowCode"":""X"",""cmdCode"":""090111"",""period"":""2020,2021,2022,2023,2024,2025"",""includeDesc"":true},{""endpoint"":""https://comtradeapi.un.org/public/v1/preview/C/A/HS"",""reporterCode"":76,""reporterISO"":""BRA"",""flowCode"":""X"",""cmdCode"":""090111"",""period"":""2020,2021,2022,2023,2024,2025"",""includeDesc"":true},{""endpoint"":""https://comtradeapi.un.org/public/v1/preview/C/A/HS"",""reporterCode"":360,""reporterISO"":""IDN"",""flowCode"":""X"",""cmdCode"":""090111"",""period"":""2020,2021,2022,2023,2024,2025"",""includeDesc"":true}]}",C,A,20250101,2025,76,BRA,Brazil,52,BRB,Barbados,0,W00,World,X,Export,H6,090111,Coffee; not roasted or decaffeinated,C00,TOTAL CPC,0,TOTAL MOT,8,kg,5,5,0,111,true,false,true,"{""typeCode"":""C"",""freqCode"":""A"",""refPeriodId"":20250101,""refYear"":2025,""refMonth"":52,""period"":""2025"",""reporterCode"":76,""reporterISO"":""BRA"",""reporterDesc"":""Brazil"",""flowCode"":""X"",""flowDesc"":""Export"",""partnerCode"":52,""partnerISO"":""BRB"",""partnerDesc"":""Barbados"",""partner2Code"":0,""partner2ISO"":""W00"",""partner2Desc"":""World"",""classificationCode"":""H6"",""classificationSearchCode"":""HS"",""isOriginalClassification"":true,""cmdCode"":""090111"",""cmdDesc"":""Coffee; not roasted or decaffeinated"",""aggrLevel"":6,""isLeaf"":true,""customsCode"":""C00"",""customsDesc"":""TOTAL CPC"",""mosCode"":""0"",""motCode"":0,""motDesc"":""TOTAL MOT"",""qtyUnitCode"":8,""qtyUnitAbbr"":""kg"",""qty"":5,""isQtyEstimated"":false,""altQtyUnitCode"":8,""altQtyUnitAbbr"":""kg"",""altQty"":5,""isAltQtyEstimated"":false,""netWgt"":5,""isNetWgtEstimated"":false,""grossWgt"":0,""isGrossWgtEstimated"":false,""cifvalue"":null,""fobvalue"":111,""primaryValue"":111,""legacyEstimationFlag"":0,""isReported"":false,""isAggregate"":true}"
,UN Comtrade,https://comtradeapi.un.org/public/v1/preview/C/A/HS?reporterCode=76&flowCode=X&cmdCode=090111&period=2025&includeDesc=true,2026-05-30T18:34:22.015Z,"{""reporters"":[{""endpoint"":""https://comtradeapi.un.org/public/v1/preview/C/A/HS"",""reporterCode"":704,""reporterISO"":""VNM"",""flowCode"":""X"",""cmdCode"":""090111"",""period"":""2020,2021,2022,2023,2024,2025"",""includeDesc"":true},{""endpoint"":""https://comtradeapi.un.org/public/v1/preview/C/A/HS"",""reporterCode"":76,""reporterISO"":""BRA"",""flowCode"":""X"",""cmdCode"":""090111"",""period"":""2020,2021,2022,2023,2024,2025"",""includeDesc"":true},{""endpoint"":""https://comtradeapi.un.org/public/v1/preview/C/A/HS"",""reporterCode"":360,""reporterISO"":""IDN"",""flowCode"":""X"",""cmdCode"":""090111"",""period"":""2020,2021,2022,2023,2024,2025"",""includeDesc"":true}]}",C,A,20250101,2025,76,BRA,Brazil,56,BEL,Belgium,0,W00,World,X,Export,H6,090111,Coffee; not roasted or decaffeinated,C00,TOTAL CPC,0,TOTAL MOT,8,kg,2287917011,149348093,0,987350926,true,false,true,"{""typeCode"":""C"",""freqCode"":""A"",""refPeriodId"":20250101,""refYear"":2025,""refMonth"":52,""period"":""2025"",""reporterCode"":76,""reporterISO"":""BRA"",""reporterDesc"":""Brazil"",""flowCode"":""X"",""flowDesc"":""Export"",""partnerCode"":56,""partnerISO"":""BEL"",""partnerDesc"":""Belgium"",""partner2Code"":0,""partner2ISO"":""W00"",""partner2Desc"":""World"",""classificationCode"":""H6"",""classificationSearchCode"":""HS"",""isOriginalClassification"":true,""cmdCode"":""090111"",""cmdDesc"":""Coffee; not roasted or decaffeinated"",""aggrLevel"":6,""isLeaf"":true,""customsCode"":""C00"",""customsDesc"":""TOTAL CPC"",""mosCode"":""0"",""motCode"":0,""motDesc"":""TOTAL MOT"",""qtyUnitCode"":8,""qtyUnitAbbr"":""kg"",""qty"":2287917011,""isQtyEstimated"":false,""altQtyUnitCode"":-1,""altQtyUnitAbbr"":""N/A"",""altQty"":0,""isAltQtyEstimated"":false,""netWgt"":149348093,""isNetWgtEstimated"":false,""grossWgt"":0,""isGrossWgtEstimated"":false,""cifvalue"":null,""fobvalue"":987350926,""primaryValue"":987350926,""legacyEstimationFlag"":0,""isReported"":false,""isAggregate"":true}"
,UN Comtrade,https://comtradeapi.un.org/public/v1/preview/C/A/HS?reporterCode=76&flowCode=X&cmdCode=090111&period=2025&includeDesc=true,2026-05-30T18:34:22.015Z,"{""reporters"":[{""endpoint"":""https://comtradeapi.un.org/public/v1/preview/C/A/HS"",""reporterCode"":704,""reporterISO"":""VNM"",""flowCode"":""X"",""cmdCode"":""090111"",""period"":""2020,2021,2022,2023,2024,2025"",""includeDesc"":true},{""endpoint"":""https://comtradeapi.un.org/public/v1/preview/C/A/HS"",""reporterCode"":76,""reporterISO"":""BRA"",""flowCode"":""X"",""cmdCode"":""090111"",""period"":""2020,2021,2022,2023,2024,2025"",""includeDesc"":true},{""endpoint"":""https://comtradeapi.un.org/public/v1/preview/C/A/HS"",""reporterCode"":360,""reporterISO"":""IDN"",""flowCode"":""X"",""cmdCode"":""090111"",""period"":""2020,2021,2022,2023,2024,2025"",""includeDesc"":true}]}",C,A,20250101,2025,76,BRA,Brazil,68,BOL,Bolivia (Plurinational State of),0,W00,World,X,Export,H6,090111,Coffee; not roasted or decaffeinated,C00,TOTAL CPC,0,TOTAL MOT,8,kg,6000,5900,0,52549,true,false,true,"{""typeCode"":""C"",""freqCode"":""A"",""refPeriodId"":20250101,""refYear"":2025,""refMonth"":52,""period"":""2025"",""reporterCode"":76,""reporterISO"":""BRA"",""reporterDesc"":""Brazil"",""flowCode"":""X"",""flowDesc"":""Export"",""partnerCode"":68,""partnerISO"":""BOL"",""partnerDesc"":""Bolivia (Plurinational State of)"",""partner2Code"":0,""partner2ISO"":""W00"",""partner2Desc"":""World"",""classificationCode"":""H6"",""classificationSearchCode"":""HS"",""isOriginalClassification"":true,""cmdCode"":""090111"",""cmdDesc"":""Coffee; not roasted or decaffeinated"",""aggrLevel"":6,""isLeaf"":true,""customsCode"":""C00"",""customsDesc"":""TOTAL CPC"",""mosCode"":""0"",""motCode"":0,""motDesc"":""TOTAL MOT"",""qtyUnitCode"":8,""qtyUnitAbbr"":""kg"",""qty"":6000,""isQtyEstimated"":false,""altQtyUnitCode"":21,""altQtyUnitAbbr"":""1000 KG"",""altQty"":6,""isAltQtyEstimated"":false,""netWgt"":5900,""isNetWgtEstimated"":false,""grossWgt"":0,""isGrossWgtEstimated"":false,""cifvalue"":null,""fobvalue"":52549,""primaryValue"":52549,""legacyEstimationFlag"":0,""isReported"":false,""isAggregate"":true}"
,UN Comtrade,https://comtradeapi.un.org/public/v1/preview/C/A/HS?reporterCode=76&flowCode=X&cmdCode=090111&period=2025&includeDesc=true,2026-05-30T18:34:22.015Z,"{""reporters"":[{""endpoint"":""https://comtradeapi.un.org/public/v1/preview/C/A/HS"",""reporterCode"":704,""reporterISO"":""VNM"",""flowCode"":""X"",""cmdCode"":""090111"",""period"":""2020,2021,2022,2023,2024,2025"",""includeDesc"":true},{""endpoint"":""https://comtradeapi.un.org/public/v1/preview/C/A/HS"",""reporterCode"":76,""reporterISO"":""BRA"",""flowCode"":""X"",""cmdCode"":""090111"",""period"":""2020,2021,2022,2023,2024,2025"",""includeDesc"":true},{""endpoint"":""https://comtradeapi.un.org/public/v1/preview/C/A/HS"",""reporterCode"":360,""reporterISO"":""IDN"",""flowCode"":""X"",""cmdCode"":""090111"",""period"":""2020,2021,2022,2023,2024,2025"",""includeDesc"":true}]}",C,A,20250101,2025,76,BRA,Brazil,70,BIH,Bosnia Herzegovina,0,W00,World,X,Export,H6,090111,Coffee; not roasted or decaffeinated,C00,TOTAL CPC,0,TOTAL MOT,8,kg,78000,78400,0,371840,true,false,true,"{""typeCode"":""C"",""freqCode"":""A"",""refPeriodId"":20250101,""refYear"":2025,""refMonth"":52,""period"":""2025"",""reporterCode"":76,""reporterISO"":""BRA"",""reporterDesc"":""Brazil"",""flowCode"":""X"",""flowDesc"":""Export"",""partnerCode"":70,""partnerISO"":""BIH"",""partnerDesc"":""Bosnia Herzegovina"",""partner2Code"":0,""partner2ISO"":""W00"",""partner2Desc"":""World"",""classificationCode"":""H6"",""classificationSearchCode"":""HS"",""isOriginalClassification"":true,""cmdCode"":""090111"",""cmdDesc"":""Coffee; not roasted or decaffeinated"",""aggrLevel"":6,""isLeaf"":true,""customsCode"":""C00"",""customsDesc"":""TOTAL CPC"",""mosCode"":""0"",""motCode"":0,""motDesc"":""TOTAL MOT"",""qtyUnitCode"":8,""qtyUnitAbbr"":""kg"",""qty"":78000,""isQtyEstimated"":false,""altQtyUnitCode"":21,""altQtyUnitAbbr"":""1000 KG"",""altQty"":78,""isAltQtyEstimated"":false,""netWgt"":78400,""isNetWgtEstimated"":false,""grossWgt"":0,""isGrossWgtEstimated"":false,""cifvalue"":null,""fobvalue"":371840,""primaryValue"":371840,""legacyEstimationFlag"":0,""isReported"":false,""isAggregate"":true}"
,UN Comtrade,https://comtradeapi.un.org/public/v1/preview/C/A/HS?reporterCode=76&flowCode=X&cmdCode=090111&period=2025&includeDesc=true,2026-05-30T18:34:22.015Z,"{""reporters"":[{""endpoint"":""https://comtradeapi.un.org/public/v1/preview/C/A/HS"",""reporterCode"":704,""reporterISO"":""VNM"",""flowCode"":""X"",""cmdCode"":""090111"",""period"":""2020,2021,2022,2023,2024,2025"",""includeDesc"":true},{""endpoint"":""https://comtradeapi.un.org/public/v1/preview/C/A/HS"",""reporterCode"":76,""reporterISO"":""BRA"",""flowCode"":""X"",""cmdCode"":""090111"",""period"":""2020,2021,2022,2023,2024,2025"",""includeDesc"":true},{""endpoint"":""https://comtradeapi.un.org/public/v1/preview/C/A/HS"",""reporterCode"":360,""reporterISO"":""IDN"",""flowCode"":""X"",""cmdCode"":""090111"",""period"":""2020,2021,2022,2023,2024,2025"",""includeDesc"":true}]}",C,A,20250101,2025,76,BRA,Brazil,100,BGR,Bulgaria,0,W00,World,X,Export,H6,090111,Coffee; not roasted or decaffeinated,C00,TOTAL CPC,0,TOTAL MOT,8,kg,52760,52740,0,381717,true,false,true,"{""typeCode"":""C"",""freqCode"":""A"",""refPeriodId"":20250101,""refYear"":2025,""refMonth"":52,""period"":""2025"",""reporterCode"":76,""reporterISO"":""BRA"",""reporterDesc"":""Brazil"",""flowCode"":""X"",""flowDesc"":""Export"",""partnerCode"":100,""partnerISO"":""BGR"",""partnerDesc"":""Bulgaria"",""partner2Code"":0,""partner2ISO"":""W00"",""partner2Desc"":""World"",""classificationCode"":""H6"",""classificationSearchCode"":""HS"",""isOriginalClassification"":true,""cmdCode"":""090111"",""cmdDesc"":""Coffee; not roasted or decaffeinated"",""aggrLevel"":6,""isLeaf"":true,""customsCode"":""C00"",""customsDesc"":""TOTAL CPC"",""mosCode"":""0"",""motCode"":0,""motDesc"":""TOTAL MOT"",""qtyUnitCode"":8,""qtyUnitAbbr"":""kg"",""qty"":52760,""isQtyEstimated"":false,""altQtyUnitCode"":-1,""altQtyUnitAbbr"":""N/A"",""altQty"":0,""isAltQtyEstimated"":false,""netWgt"":52740,""isNetWgtEstimated"":false,""grossWgt"":0,""isGrossWgtEstimated"":false,""cifvalue"":null,""fobvalue"":381717,""primaryValue"":381717,""legacyEstimationFlag"":0,""isReported"":false,""isAggregate"":true}"
,UN Comtrade,https://comtradeapi.un.org/public/v1/preview/C/A/HS?reporterCode=76&flowCode=X&cmdCode=090111&period=2025&includeDesc=true,2026-05-30T18:34:22.015Z,"{""reporters"":[{""endpoint"":""https://comtradeapi.un.org/public/v1/preview/C/A/HS"",""reporterCode"":704,""reporterISO"":""VNM"",""flowCode"":""X"",""cmdCode"":""090111"",""period"":""2020,2021,2022,2023,2024,2025"",""includeDesc"":true},{""endpoint"":""https://comtradeapi.un.org/public/v1/preview/C/A/HS"",""reporterCode"":76,""reporterISO"":""BRA"",""flowCode"":""X"",""cmdCode"":""090111"",""period"":""2020,2021,2022,2023,2024,2025"",""includeDesc"":true},{""endpoint"":""https://comtradeapi.un.org/public/v1/preview/C/A/HS"",""reporterCode"":360,""reporterISO"":""IDN"",""flowCode"":""X"",""cmdCode"":""090111"",""period"":""2020,2021,2022,2023,2024,2025"",""includeDesc"":true}]}",C,A,20250101,2025,76,BRA,Brazil,112,BLR,Belarus,0,W00,World,X,Export,H6,090111,Coffee; not roasted or decaffeinated,C00,TOTAL CPC,0,TOTAL MOT,8,kg,57000,57456,0,410395,true,false,true,"{""typeCode"":""C"",""freqCode"":""A"",""refPeriodId"":20250101,""refYear"":2025,""refMonth"":52,""period"":""2025"",""reporterCode"":76,""reporterISO"":""BRA"",""reporterDesc"":""Brazil"",""flowCode"":""X"",""flowDesc"":""Export"",""partnerCode"":112,""partnerISO"":""BLR"",""partnerDesc"":""Belarus"",""partner2Code"":0,""partner2ISO"":""W00"",""partner2Desc"":""World"",""classificationCode"":""H6"",""classificationSearchCode"":""HS"",""isOriginalClassification"":true,""cmdCode"":""090111"",""cmdDesc"":""Coffee; not roasted or decaffeinated"",""aggrLevel"":6,""isLeaf"":true,""customsCode"":""C00"",""customsDesc"":""TOTAL CPC"",""mosCode"":""0"",""motCode"":0,""motDesc"":""TOTAL MOT"",""qtyUnitCode"":8,""qtyUnitAbbr"":""kg"",""qty"":57000,""isQtyEstimated"":false,""altQtyUnitCode"":21,""altQtyUnitAbbr"":""1000 KG"",""altQty"":57,""isAltQtyEstimated"":false,""netWgt"":57456,""isNetWgtEstimated"":false,""grossWgt"":0,""isGrossWgtEstimated"":false,""cifvalue"":null,""fobvalue"":410395,""primaryValue"":410395,""legacyEstimationFlag"":0,""isReported"":false,""isAggregate"":true}"
,UN Comtrade,https://comtradeapi.un.org/public/v1/preview/C/A/HS?reporterCode=76&flowCode=X&cmdCode=090111&period=2025&includeDesc=true,2026-05-30T18:34:22.015Z,"{""reporters"":[{""endpoint"":""https://comtradeapi.un.org/public/v1/preview/C/A/HS"",""reporterCode"":704,""reporterISO"":""VNM"",""flowCode"":""X"",""cmdCode"":""090111"",""period"":""2020,2021,2022,2023,2024,2025"",""includeDesc"":true},{""endpoint"":""https://comtradeapi.un.org/public/v1/preview/C/A/HS"",""reporterCode"":76,""reporterISO"":""BRA"",""flowCode"":""X"",""cmdCode"":""090111"",""period"":""2020,2021,2022,2023,2024,2025"",""includeDesc"":true},{""endpoint"":""https://comtradeapi.un.org/public/v1/preview/C/A/HS"",""reporterCode"":360,""reporterISO"":""IDN"",""flowCode"":""X"",""cmdCode"":""090111"",""period"":""2020,2021,2022,2023,2024,2025"",""includeDesc"":true}]}",C,A,20250101,2025,76,BRA,Brazil,116,KHM,Cambodia,0,W00,World,X,Export,H6,090111,Coffee; not roasted or decaffeinated,C00,TOTAL CPC,0,TOTAL MOT,8,kg,38000,38375,0,300696,true,false,true,"{""typeCode"":""C"",""freqCode"":""A"",""refPeriodId"":20250101,""refYear"":2025,""refMonth"":52,""period"":""2025"",""reporterCode"":76,""reporterISO"":""BRA"",""reporterDesc"":""Brazil"",""flowCode"":""X"",""flowDesc"":""Export"",""partnerCode"":116,""partnerISO"":""KHM"",""partnerDesc"":""Cambodia"",""partner2Code"":0,""partner2ISO"":""W00"",""partner2Desc"":""World"",""classificationCode"":""H6"",""classificationSearchCode"":""HS"",""isOriginalClassification"":true,""cmdCode"":""090111"",""cmdDesc"":""Coffee; not roasted or decaffeinated"",""aggrLevel"":6,""isLeaf"":true,""customsCode"":""C00"",""customsDesc"":""TOTAL CPC"",""mosCode"":""0"",""motCode"":0,""motDesc"":""TOTAL MOT"",""qtyUnitCode"":8,""qtyUnitAbbr"":""kg"",""qty"":38000,""isQtyEstimated"":false,""altQtyUnitCode"":21,""altQtyUnitAbbr"":""1000 KG"",""altQty"":38,""isAltQtyEstimated"":false,""netWgt"":38375,""isNetWgtEstimated"":false,""grossWgt"":0,""isGrossWgtEstimated"":false,""cifvalue"":null,""fobvalue"":300696,""primaryValue"":300696,""legacyEstimationFlag"":0,""isReported"":false,""isAggregate"":true}"
,UN Comtrade,https://comtradeapi.un.org/public/v1/preview/C/A/HS?reporterCode=76&flowCode=X&cmdCode=090111&period=2025&includeDesc=true,2026-05-30T18:34:22.015Z,"{""reporters"":[{""endpoint"":""https://comtradeapi.un.org/public/v1/preview/C/A/HS"",""reporterCode"":704,""reporterISO"":""VNM"",""flowCode"":""X"",""cmdCode"":""090111"",""period"":""2020,2021,2022,2023,2024,2025"",""includeDesc"":true},{""endpoint"":""https://comtradeapi.un.org/public/v1/preview/C/A/HS"",""reporterCode"":76,""reporterISO"":""BRA"",""flowCode"":""X"",""cmdCode"":""090111"",""period"":""2020,2021,2022,2023,2024,2025"",""includeDesc"":true},{""endpoint"":""https://comtradeapi.un.org/public/v1/preview/C/A/HS"",""reporterCode"":360,""reporterISO"":""IDN"",""flowCode"":""X"",""cmdCode"":""090111"",""period"":""2020,2021,2022,2023,2024,2025"",""includeDesc"":true}]}",C,A,20250101,2025,76,BRA,Brazil,120,CMR,Cameroon,0,W00,World,X,Export,H6,090111,Coffee; not roasted or decaffeinated,C00,TOTAL CPC,0,TOTAL MOT,8,kg,2,2,0,51,true,false,true,"{""typeCode"":""C"",""freqCode"":""A"",""refPeriodId"":20250101,""refYear"":2025,""refMonth"":52,""period"":""2025"",""reporterCode"":76,""reporterISO"":""BRA"",""reporterDesc"":""Brazil"",""flowCode"":""X"",""flowDesc"":""Export"",""partnerCode"":120,""partnerISO"":""CMR"",""partnerDesc"":""Cameroon"",""partner2Code"":0,""partner2ISO"":""W00"",""partner2Desc"":""World"",""classificationCode"":""H6"",""classificationSearchCode"":""HS"",""isOriginalClassification"":true,""cmdCode"":""090111"",""cmdDesc"":""Coffee; not roasted or decaffeinated"",""aggrLevel"":6,""isLeaf"":true,""customsCode"":""C00"",""customsDesc"":""TOTAL CPC"",""mosCode"":""0"",""motCode"":0,""motDesc"":""TOTAL MOT"",""qtyUnitCode"":8,""qtyUnitAbbr"":""kg"",""qty"":2,""isQtyEstimated"":false,""altQtyUnitCode"":8,""altQtyUnitAbbr"":""kg"",""altQty"":2,""isAltQtyEstimated"":false,""netWgt"":2,""isNetWgtEstimated"":false,""grossWgt"":0,""isGrossWgtEstimated"":false,""cifvalue"":null,""fobvalue"":51,""primaryValue"":51,""legacyEstimationFlag"":0,""isReported"":false,""isAggregate"":true}"
,UN Comtrade,https://comtradeapi.un.org/public/v1/preview/C/A/HS?reporterCode=76&flowCode=X&cmdCode=090111&period=2025&includeDesc=true,2026-05-30T18:34:22.015Z,"{""reporters"":[{""endpoint"":""https://comtradeapi.un.org/public/v1/preview/C/A/HS"",""reporterCode"":704,""reporterISO"":""VNM"",""flowCode"":""X"",""cmdCode"":""090111"",""period"":""2020,2021,2022,2023,2024,2025"",""includeDesc"":true},{""endpoint"":""https://comtradeapi.un.org/public/v1/preview/C/A/HS"",""reporterCode"":76,""reporterISO"":""BRA"",""flowCode"":""X"",""cmdCode"":""090111"",""period"":""2020,2021,2022,2023,2024,2025"",""includeDesc"":true},{""endpoint"":""https://comtradeapi.un.org/public/v1/preview/C/A/HS"",""reporterCode"":360,""reporterISO"":""IDN"",""flowCode"":""X"",""cmdCode"":""090111"",""period"":""2020,2021,2022,2023,2024,2025"",""includeDesc"":true}]}",C,A,20250101,2025,76,BRA,Brazil,124,CAN,Canada,0,W00,World,X,Export,H6,090111,Coffee; not roasted or decaffeinated,C00,TOTAL CPC,0,TOTAL MOT,8,kg,51446060,49630660,0,336680016,true,false,true,"{""typeCode"":""C"",""freqCode"":""A"",""refPeriodId"":20250101,""refYear"":2025,""refMonth"":52,""period"":""2025"",""reporterCode"":76,""reporterISO"":""BRA"",""reporterDesc"":""Brazil"",""flowCode"":""X"",""flowDesc"":""Export"",""partnerCode"":124,""partnerISO"":""CAN"",""partnerDesc"":""Canada"",""partner2Code"":0,""partner2ISO"":""W00"",""partner2Desc"":""World"",""classificationCode"":""H6"",""classificationSearchCode"":""HS"",""isOriginalClassification"":true,""cmdCode"":""090111"",""cmdDesc"":""Coffee; not roasted or decaffeinated"",""aggrLevel"":6,""isLeaf"":true,""customsCode"":""C00"",""customsDesc"":""TOTAL CPC"",""mosCode"":""0"",""motCode"":0,""motDesc"":""TOTAL MOT"",""qtyUnitCode"":8,""qtyUnitAbbr"":""kg"",""qty"":51446060,""isQtyEstimated"":false,""altQtyUnitCode"":-1,""altQtyUnitAbbr"":""N/A"",""altQty"":0,""isAltQtyEstimated"":false,""netWgt"":49630660,""isNetWgtEstimated"":false,""grossWgt"":0,""isGrossWgtEstimated"":false,""cifvalue"":null,""fobvalue"":336680016,""primaryValue"":336680016,""legacyEstimationFlag"":0,""isReported"":false,""isAggregate"":true}"
,UN Comtrade,https://comtradeapi.un.org/public/v1/preview/C/A/HS?reporterCode=76&flowCode=X&cmdCode=090111&period=2025&includeDesc=true,2026-05-30T18:34:22.015Z,"{""reporters"":[{""endpoint"":""https://comtradeapi.un.org/public/v1/preview/C/A/HS"",""reporterCode"":704,""reporterISO"":""VNM"",""flowCode"":""X"",""cmdCode"":""090111"",""period"":""2020,2021,2022,2023,2024,2025"",""includeDesc"":true},{""endpoint"":""https://comtradeapi.un.org/public/v1/preview/C/A/HS"",""reporterCode"":76,""reporterISO"":""BRA"",""flowCode"":""X"",""cmdCode"":""090111"",""period"":""2020,2021,2022,2023,2024,2025"",""includeDesc"":true},{""endpoint"":""https://comtradeapi.un.org/public/v1/preview/C/A/HS"",""reporterCode"":360,""reporterISO"":""IDN"",""flowCode"":""X"",""cmdCode"":""090111"",""period"":""2020,2021,2022,2023,2024,2025"",""includeDesc"":true}]}",C,A,20250101,2025,76,BRA,Brazil,132,CPV,Cabo Verde,0,W00,World,X,Export,H6,090111,Coffee; not roasted or decaffeinated,C00,TOTAL CPC,0,TOTAL MOT,8,kg,96000,95856,0,690690,true,false,true,"{""typeCode"":""C"",""freqCode"":""A"",""refPeriodId"":20250101,""refYear"":2025,""refMonth"":52,""period"":""2025"",""reporterCode"":76,""reporterISO"":""BRA"",""reporterDesc"":""Brazil"",""flowCode"":""X"",""flowDesc"":""Export"",""partnerCode"":132,""partnerISO"":""CPV"",""partnerDesc"":""Cabo Verde"",""partner2Code"":0,""partner2ISO"":""W00"",""partner2Desc"":""World"",""classificationCode"":""H6"",""classificationSearchCode"":""HS"",""isOriginalClassification"":true,""cmdCode"":""090111"",""cmdDesc"":""Coffee; not roasted or decaffeinated"",""aggrLevel"":6,""isLeaf"":true,""customsCode"":""C00"",""customsDesc"":""TOTAL CPC"",""mosCode"":""0"",""motCode"":0,""motDesc"":""TOTAL MOT"",""qtyUnitCode"":8,""qtyUnitAbbr"":""kg"",""qty"":96000,""isQtyEstimated"":false,""altQtyUnitCode"":21,""altQtyUnitAbbr"":""1000 KG"",""altQty"":96,""isAltQtyEstimated"":false,""netWgt"":95856,""isNetWgtEstimated"":false,""grossWgt"":0,""isGrossWgtEstimated"":false,""cifvalue"":null,""fobvalue"":690690,""primaryValue"":690690,""legacyEstimationFlag"":0,""isReported"":false,""isAggregate"":true}"
,UN Comtrade,https://comtradeapi.un.org/public/v1/preview/C/A/HS?reporterCode=76&flowCode=X&cmdCode=090111&period=2025&includeDesc=true,2026-05-30T18:34:22.015Z,"{""reporters"":[{""endpoint"":""https://comtradeapi.un.org/public/v1/preview/C/A/HS"",""reporterCode"":704,""reporterISO"":""VNM"",""flowCode"":""X"",""cmdCode"":""090111"",""period"":""2020,2021,2022,2023,2024,2025"",""includeDesc"":true},{""endpoint"":""https://comtradeapi.un.org/public/v1/preview/C/A/HS"",""reporterCode"":76,""reporterISO"":""BRA"",""flowCode"":""X"",""cmdCode"":""090111"",""period"":""2020,2021,2022,2023,2024,2025"",""includeDesc"":true},{""endpoint"":""https://comtradeapi.un.org/public/v1/preview/C/A/HS"",""reporterCode"":360,""reporterISO"":""IDN"",""flowCode"":""X"",""cmdCode"":""090111"",""period"":""2020,2021,2022,2023,2024,2025"",""includeDesc"":true}]}",C,A,20250101,2025,76,BRA,Brazil,152,CHL,Chile,0,W00,World,X,Export,H6,090111,Coffee; not roasted or decaffeinated,C00,TOTAL CPC,0,TOTAL MOT,8,kg,90721005,11606714,0,63936700,true,false,true,"{""typeCode"":""C"",""freqCode"":""A"",""refPeriodId"":20250101,""refYear"":2025,""refMonth"":52,""period"":""2025"",""reporterCode"":76,""reporterISO"":""BRA"",""reporterDesc"":""Brazil"",""flowCode"":""X"",""flowDesc"":""Export"",""partnerCode"":152,""partnerISO"":""CHL"",""partnerDesc"":""Chile"",""partner2Code"":0,""partner2ISO"":""W00"",""partner2Desc"":""World"",""classificationCode"":""H6"",""classificationSearchCode"":""HS"",""isOriginalClassification"":true,""cmdCode"":""090111"",""cmdDesc"":""Coffee; not roasted or decaffeinated"",""aggrLevel"":6,""isLeaf"":true,""customsCode"":""C00"",""customsDesc"":""TOTAL CPC"",""mosCode"":""0"",""motCode"":0,""motDesc"":""TOTAL MOT"",""qtyUnitCode"":8,""qtyUnitAbbr"":""kg"",""qty"":90721005,""isQtyEstimated"":false,""altQtyUnitCode"":-1,""altQtyUnitAbbr"":""N/A"",""altQty"":0,""isAltQtyEstimated"":false,""netWgt"":11606714,""isNetWgtEstimated"":false,""grossWgt"":0,""isGrossWgtEstimated"":false,""cifvalue"":null,""fobvalue"":63936700,""primaryValue"":63936700,""legacyEstimationFlag"":0,""isReported"":false,""isAggregate"":true}"
,UN Comtrade,https://comtradeapi.un.org/public/v1/preview/C/A/HS?reporterCode=76&flowCode=X&cmdCode=090111&period=2025&includeDesc=true,2026-05-30T18:34:22.015Z,"{""reporters"":[{""endpoint"":""https://comtradeapi.un.org/public/v1/preview/C/A/HS"",""reporterCode"":704,""reporterISO"":""VNM"",""flowCode"":""X"",""cmdCode"":""090111"",""period"":""2020,2021,2022,2023,2024,2025"",""includeDesc"":true},{""endpoint"":""https://comtradeapi.un.org/public/v1/preview/C/A/HS"",""reporterCode"":76,""reporterISO"":""BRA"",""flowCode"":""X"",""cmdCode"":""090111"",""period"":""2020,2021,2022,2023,2024,2025"",""includeDesc"":true},{""endpoint"":""https://comtradeapi.un.org/public/v1/preview/C/A/HS"",""reporterCode"":360,""reporterISO"":""IDN"",""flowCode"":""X"",""cmdCode"":""090111"",""period"":""2020,2021,2022,2023,2024,2025"",""includeDesc"":true}]}",C,A,20250101,2025,76,BRA,Brazil,156,CHN,China,0,W00,World,X,Export,H6,090111,Coffee; not roasted or decaffeinated,C00,TOTAL CPC,0,TOTAL MOT,8,kg,83291404,67566613,0,459380941,true,false,true,"{""typeCode"":""C"",""freqCode"":""A"",""refPeriodId"":20250101,""refYear"":2025,""refMonth"":52,""period"":""2025"",""reporterCode"":76,""reporterISO"":""BRA"",""reporterDesc"":""Brazil"",""flowCode"":""X"",""flowDesc"":""Export"",""partnerCode"":156,""partnerISO"":""CHN"",""partnerDesc"":""China"",""partner2Code"":0,""partner2ISO"":""W00"",""partner2Desc"":""World"",""classificationCode"":""H6"",""classificationSearchCode"":""HS"",""isOriginalClassification"":true,""cmdCode"":""090111"",""cmdDesc"":""Coffee; not roasted or decaffeinated"",""aggrLevel"":6,""isLeaf"":true,""customsCode"":""C00"",""customsDesc"":""TOTAL CPC"",""mosCode"":""0"",""motCode"":0,""motDesc"":""TOTAL MOT"",""qtyUnitCode"":8,""qtyUnitAbbr"":""kg"",""qty"":83291404,""isQtyEstimated"":false,""altQtyUnitCode"":-1,""altQtyUnitAbbr"":""N/A"",""altQty"":0,""isAltQtyEstimated"":false,""netWgt"":67566613,""isNetWgtEstimated"":false,""grossWgt"":0,""isGrossWgtEstimated"":false,""cifvalue"":null,""fobvalue"":459380941,""primaryValue"":459380941,""legacyEstimationFlag"":0,""isReported"":false,""isAggregate"":true}"
,UN Comtrade,https://comtradeapi.un.org/public/v1/preview/C/A/HS?reporterCode=76&flowCode=X&cmdCode=090111&period=2025&includeDesc=true,2026-05-30T18:34:22.015Z,"{""reporters"":[{""endpoint"":""https://comtradeapi.un.org/public/v1/preview/C/A/HS"",""reporterCode"":704,""reporterISO"":""VNM"",""flowCode"":""X"",""cmdCode"":""090111"",""period"":""2020,2021,2022,2023,2024,2025"",""includeDesc"":true},{""endpoint"":""https://comtradeapi.un.org/public/v1/preview/C/A/HS"",""reporterCode"":76,""reporterISO"":""BRA"",""flowCode"":""X"",""cmdCode"":""090111"",""period"":""2020,2021,2022,2023,2024,2025"",""includeDesc"":true},{""endpoint"":""https://comtradeapi.un.org/public/v1/preview/C/A/HS"",""reporterCode"":360,""reporterISO"":""IDN"",""flowCode"":""X"",""cmdCode"":""090111"",""period"":""2020,2021,2022,2023,2024,2025"",""includeDesc"":true}]}",C,A,20250101,2025,76,BRA,Brazil,170,COL,Colombia,0,W00,World,X,Export,H6,090111,Coffee; not roasted or decaffeinated,C00,TOTAL CPC,0,TOTAL MOT,8,kg,69159000,42786400,0,213339788,true,false,true,"{""typeCode"":""C"",""freqCode"":""A"",""refPeriodId"":20250101,""refYear"":2025,""refMonth"":52,""period"":""2025"",""reporterCode"":76,""reporterISO"":""BRA"",""reporterDesc"":""Brazil"",""flowCode"":""X"",""flowDesc"":""Export"",""partnerCode"":170,""partnerISO"":""COL"",""partnerDesc"":""Colombia"",""partner2Code"":0,""partner2ISO"":""W00"",""partner2Desc"":""World"",""classificationCode"":""H6"",""classificationSearchCode"":""HS"",""isOriginalClassification"":true,""cmdCode"":""090111"",""cmdDesc"":""Coffee; not roasted or decaffeinated"",""aggrLevel"":6,""isLeaf"":true,""customsCode"":""C00"",""customsDesc"":""TOTAL CPC"",""mosCode"":""0"",""motCode"":0,""motDesc"":""TOTAL MOT"",""qtyUnitCode"":8,""qtyUnitAbbr"":""kg"",""qty"":69159000,""isQtyEstimated"":false,""altQtyUnitCode"":21,""altQtyUnitAbbr"":""1000 KG"",""altQty"":69159,""isAltQtyEstimated"":false,""netWgt"":42786400,""isNetWgtEstimated"":false,""grossWgt"":0,""isGrossWgtEstimated"":false,""cifvalue"":null,""fobvalue"":213339788,""primaryValue"":213339788,""legacyEstimationFlag"":0,""isReported"":false,""isAggregate"":true}"
,UN Comtrade,https://comtradeapi.un.org/public/v1/preview/C/A/HS?reporterCode=76&flowCode=X&cmdCode=090111&period=2025&includeDesc=true,2026-05-30T18:34:22.015Z,"{""reporters"":[{""endpoint"":""https://comtradeapi.un.org/public/v1/preview/C/A/HS"",""reporterCode"":704,""reporterISO"":""VNM"",""flowCode"":""X"",""cmdCode"":""090111"",""period"":""2020,2021,2022,2023,2024,2025"",""includeDesc"":true},{""endpoint"":""https://comtradeapi.un.org/public/v1/preview/C/A/HS"",""reporterCode"":76,""reporterISO"":""BRA"",""flowCode"":""X"",""cmdCode"":""090111"",""period"":""2020,2021,2022,2023,2024,2025"",""includeDesc"":true},{""endpoint"":""https://comtradeapi.un.org/public/v1/preview/C/A/HS"",""reporterCode"":360,""reporterISO"":""IDN"",""flowCode"":""X"",""cmdCode"":""090111"",""period"":""2020,2021,2022,2023,2024,2025"",""includeDesc"":true}]}",C,A,20250101,2025,76,BRA,Brazil,188,CRI,Costa Rica,0,W00,World,X,Export,H6,090111,Coffee; not roasted or decaffeinated,C00,TOTAL CPC,0,TOTAL MOT,8,kg,194000,194400,0,805068,true,false,true,"{""typeCode"":""C"",""freqCode"":""A"",""refPeriodId"":20250101,""refYear"":2025,""refMonth"":52,""period"":""2025"",""reporterCode"":76,""reporterISO"":""BRA"",""reporterDesc"":""Brazil"",""flowCode"":""X"",""flowDesc"":""Export"",""partnerCode"":188,""partnerISO"":""CRI"",""partnerDesc"":""Costa Rica"",""partner2Code"":0,""partner2ISO"":""W00"",""partner2Desc"":""World"",""classificationCode"":""H6"",""classificationSearchCode"":""HS"",""isOriginalClassification"":true,""cmdCode"":""090111"",""cmdDesc"":""Coffee; not roasted or decaffeinated"",""aggrLevel"":6,""isLeaf"":true,""customsCode"":""C00"",""customsDesc"":""TOTAL CPC"",""mosCode"":""0"",""motCode"":0,""motDesc"":""TOTAL MOT"",""qtyUnitCode"":8,""qtyUnitAbbr"":""kg"",""qty"":194000,""isQtyEstimated"":false,""altQtyUnitCode"":21,""altQtyUnitAbbr"":""1000 KG"",""altQty"":194,""isAltQtyEstimated"":false,""netWgt"":194400,""isNetWgtEstimated"":false,""grossWgt"":0,""isGrossWgtEstimated"":false,""cifvalue"":null,""fobvalue"":805068,""primaryValue"":805068,""legacyEstimationFlag"":0,""isReported"":false,""isAggregate"":true}"
,UN Comtrade,https://comtradeapi.un.org/public/v1/preview/C/A/HS?reporterCode=76&flowCode=X&cmdCode=090111&period=2025&includeDesc=true,2026-05-30T18:34:22.015Z,"{""reporters"":[{""endpoint"":""https://comtradeapi.un.org/public/v1/preview/C/A/HS"",""reporterCode"":704,""reporterISO"":""VNM"",""flowCode"":""X"",""cmdCode"":""090111"",""period"":""2020,2021,2022,2023,2024,2025"",""includeDesc"":true},{""endpoint"":""https://comtradeapi.un.org/public/v1/preview/C/A/HS"",""reporterCode"":76,""reporterISO"":""BRA"",""flowCode"":""X"",""cmdCode"":""090111"",""period"":""2020,2021,2022,2023,2024,2025"",""includeDesc"":true},{""endpoint"":""https://comtradeapi.un.org/public/v1/preview/C/A/HS"",""reporterCode"":360,""reporterISO"":""IDN"",""flowCode"":""X"",""cmdCode"":""090111"",""period"":""2020,2021,2022,2023,2024,2025"",""includeDesc"":true}]}",C,A,20250101,2025,76,BRA,Brazil,191,HRV,Croatia,0,W00,World,X,Export,H6,090111,Coffee; not roasted or decaffeinated,C00,TOTAL CPC,0,TOTAL MOT,8,kg,5569000,5571290,0,30699302,true,false,true,"{""typeCode"":""C"",""freqCode"":""A"",""refPeriodId"":20250101,""refYear"":2025,""refMonth"":52,""period"":""2025"",""reporterCode"":76,""reporterISO"":""BRA"",""reporterDesc"":""Brazil"",""flowCode"":""X"",""flowDesc"":""Export"",""partnerCode"":191,""partnerISO"":""HRV"",""partnerDesc"":""Croatia"",""partner2Code"":0,""partner2ISO"":""W00"",""partner2Desc"":""World"",""classificationCode"":""H6"",""classificationSearchCode"":""HS"",""isOriginalClassification"":true,""cmdCode"":""090111"",""cmdDesc"":""Coffee; not roasted or decaffeinated"",""aggrLevel"":6,""isLeaf"":true,""customsCode"":""C00"",""customsDesc"":""TOTAL CPC"",""mosCode"":""0"",""motCode"":0,""motDesc"":""TOTAL MOT"",""qtyUnitCode"":8,""qtyUnitAbbr"":""kg"",""qty"":5569000,""isQtyEstimated"":false,""altQtyUnitCode"":21,""altQtyUnitAbbr"":""1000 KG"",""altQty"":5569,""isAltQtyEstimated"":false,""netWgt"":5571290,""isNetWgtEstimated"":false,""grossWgt"":0,""isGrossWgtEstimated"":false,""cifvalue"":null,""fobvalue"":30699302,""primaryValue"":30699302,""legacyEstimationFlag"":0,""isReported"":false,""isAggregate"":true}"
,UN Comtrade,https://comtradeapi.un.org/public/v1/preview/C/A/HS?reporterCode=76&flowCode=X&cmdCode=090111&period=2025&includeDesc=true,2026-05-30T18:34:22.015Z,"{""reporters"":[{""endpoint"":""https://comtradeapi.un.org/public/v1/preview/C/A/HS"",""reporterCode"":704,""reporterISO"":""VNM"",""flowCode"":""X"",""cmdCode"":""090111"",""period"":""2020,2021,2022,2023,2024,2025"",""includeDesc"":true},{""endpoint"":""https://comtradeapi.un.org/public/v1/preview/C/A/HS"",""reporterCode"":76,""reporterISO"":""BRA"",""flowCode"":""X"",""cmdCode"":""090111"",""period"":""2020,2021,2022,2023,2024,2025"",""includeDesc"":true},{""endpoint"":""https://comtradeapi.un.org/public/v1/preview/C/A/HS"",""reporterCode"":360,""reporterISO"":""IDN"",""flowCode"":""X"",""cmdCode"":""090111"",""period"":""2020,2021,2022,2023,2024,2025"",""includeDesc"":true}]}",C,A,20250101,2025,76,BRA,Brazil,192,CUB,Cuba,0,W00,World,X,Export,H6,090111,Coffee; not roasted or decaffeinated,C00,TOTAL CPC,0,TOTAL MOT,8,kg,510000,509700,0,2777740,true,false,true,"{""typeCode"":""C"",""freqCode"":""A"",""refPeriodId"":20250101,""refYear"":2025,""refMonth"":52,""period"":""2025"",""reporterCode"":76,""reporterISO"":""BRA"",""reporterDesc"":""Brazil"",""flowCode"":""X"",""flowDesc"":""Export"",""partnerCode"":192,""partnerISO"":""CUB"",""partnerDesc"":""Cuba"",""partner2Code"":0,""partner2ISO"":""W00"",""partner2Desc"":""World"",""classificationCode"":""H6"",""classificationSearchCode"":""HS"",""isOriginalClassification"":true,""cmdCode"":""090111"",""cmdDesc"":""Coffee; not roasted or decaffeinated"",""aggrLevel"":6,""isLeaf"":true,""customsCode"":""C00"",""customsDesc"":""TOTAL CPC"",""mosCode"":""0"",""motCode"":0,""motDesc"":""TOTAL MOT"",""qtyUnitCode"":8,""qtyUnitAbbr"":""kg"",""qty"":510000,""isQtyEstimated"":false,""altQtyUnitCode"":21,""altQtyUnitAbbr"":""1000 KG"",""altQty"":510,""isAltQtyEstimated"":false,""netWgt"":509700,""isNetWgtEstimated"":false,""grossWgt"":0,""isGrossWgtEstimated"":false,""cifvalue"":null,""fobvalue"":2777740,""primaryValue"":2777740,""legacyEstimationFlag"":0,""isReported"":false,""isAggregate"":true}"
,UN Comtrade,https://comtradeapi.un.org/public/v1/preview/C/A/HS?reporterCode=76&flowCode=X&cmdCode=090111&period=2025&includeDesc=true,2026-05-30T18:34:22.015Z,"{""reporters"":[{""endpoint"":""https://comtradeapi.un.org/public/v1/preview/C/A/HS"",""reporterCode"":704,""reporterISO"":""VNM"",""flowCode"":""X"",""cmdCode"":""090111"",""period"":""2020,2021,2022,2023,2024,2025"",""includeDesc"":true},{""endpoint"":""https://comtradeapi.un.org/public/v1/preview/C/A/HS"",""reporterCode"":76,""reporterISO"":""BRA"",""flowCode"":""X"",""cmdCode"":""090111"",""period"":""2020,2021,2022,2023,2024,2025"",""includeDesc"":true},{""endpoint"":""https://comtradeapi.un.org/public/v1/preview/C/A/HS"",""reporterCode"":360,""reporterISO"":""IDN"",""flowCode"":""X"",""cmdCode"":""090111"",""period"":""2020,2021,2022,2023,2024,2025"",""includeDesc"":true}]}",C,A,20250101,2025,76,BRA,Brazil,196,CYP,Cyprus,0,W00,World,X,Export,H6,090111,Coffee; not roasted or decaffeinated,C00,TOTAL CPC,0,TOTAL MOT,8,kg,1115045,1121165,0,7288695,true,false,true,"{""typeCode"":""C"",""freqCode"":""A"",""refPeriodId"":20250101,""refYear"":2025,""refMonth"":52,""period"":""2025"",""reporterCode"":76,""reporterISO"":""BRA"",""reporterDesc"":""Brazil"",""flowCode"":""X"",""flowDesc"":""Export"",""partnerCode"":196,""partnerISO"":""CYP"",""partnerDesc"":""Cyprus"",""partner2Code"":0,""partner2ISO"":""W00"",""partner2Desc"":""World"",""classificationCode"":""H6"",""classificationSearchCode"":""HS"",""isOriginalClassification"":true,""cmdCode"":""090111"",""cmdDesc"":""Coffee; not roasted or decaffeinated"",""aggrLevel"":6,""isLeaf"":true,""customsCode"":""C00"",""customsDesc"":""TOTAL CPC"",""mosCode"":""0"",""motCode"":0,""motDesc"":""TOTAL MOT"",""qtyUnitCode"":8,""qtyUnitAbbr"":""kg"",""qty"":1115045,""isQtyEstimated"":false,""altQtyUnitCode"":-1,""altQtyUnitAbbr"":""N/A"",""altQty"":0,""isAltQtyEstimated"":false,""netWgt"":1121165,""isNetWgtEstimated"":false,""grossWgt"":0,""isGrossWgtEstimated"":false,""cifvalue"":null,""fobvalue"":7288695,""primaryValue"":7288695,""legacyEstimationFlag"":0,""isReported"":false,""isAggregate"":true}"
,UN Comtrade,https://comtradeapi.un.org/public/v1/preview/C/A/HS?reporterCode=76&flowCode=X&cmdCode=090111&period=2025&includeDesc=true,2026-05-30T18:34:22.015Z,"{""reporters"":[{""endpoint"":""https://comtradeapi.un.org/public/v1/preview/C/A/HS"",""reporterCode"":704,""reporterISO"":""VNM"",""flowCode"":""X"",""cmdCode"":""090111"",""period"":""2020,2021,2022,2023,2024,2025"",""includeDesc"":true},{""endpoint"":""https://comtradeapi.un.org/public/v1/preview/C/A/HS"",""reporterCode"":76,""reporterISO"":""BRA"",""flowCode"":""X"",""cmdCode"":""090111"",""period"":""2020,2021,2022,2023,2024,2025"",""includeDesc"":true},{""endpoint"":""https://comtradeapi.un.org/public/v1/preview/C/A/HS"",""reporterCode"":360,""reporterISO"":""IDN"",""flowCode"":""X"",""cmdCode"":""090111"",""period"":""2020,2021,2022,2023,2024,2025"",""includeDesc"":true}]}",C,A,20250101,2025,76,BRA,Brazil,203,CZE,Czechia,0,W00,World,X,Export,H6,090111,Coffee; not roasted or decaffeinated,C00,TOTAL CPC,0,TOTAL MOT,8,kg,68000,67371,0,577504,true,false,true,"{""typeCode"":""C"",""freqCode"":""A"",""refPeriodId"":20250101,""refYear"":2025,""refMonth"":52,""period"":""2025"",""reporterCode"":76,""reporterISO"":""BRA"",""reporterDesc"":""Brazil"",""flowCode"":""X"",""flowDesc"":""Export"",""partnerCode"":203,""partnerISO"":""CZE"",""partnerDesc"":""Czechia"",""partner2Code"":0,""partner2ISO"":""W00"",""partner2Desc"":""World"",""classificationCode"":""H6"",""classificationSearchCode"":""HS"",""isOriginalClassification"":true,""cmdCode"":""090111"",""cmdDesc"":""Coffee; not roasted or decaffeinated"",""aggrLevel"":6,""isLeaf"":true,""customsCode"":""C00"",""customsDesc"":""TOTAL CPC"",""mosCode"":""0"",""motCode"":0,""motDesc"":""TOTAL MOT"",""qtyUnitCode"":8,""qtyUnitAbbr"":""kg"",""qty"":68000,""isQtyEstimated"":false,""altQtyUnitCode"":21,""altQtyUnitAbbr"":""1000 KG"",""altQty"":68,""isAltQtyEstimated"":false,""netWgt"":67371,""isNetWgtEstimated"":false,""grossWgt"":0,""isGrossWgtEstimated"":false,""cifvalue"":null,""fobvalue"":577504,""primaryValue"":577504,""legacyEstimationFlag"":0,""isReported"":false,""isAggregate"":true}"
,UN Comtrade,https://comtradeapi.un.org/public/v1/preview/C/A/HS?reporterCode=76&flowCode=X&cmdCode=090111&period=2025&includeDesc=true,2026-05-30T18:34:22.015Z,"{""reporters"":[{""endpoint"":""https://comtradeapi.un.org/public/v1/preview/C/A/HS"",""reporterCode"":704,""reporterISO"":""VNM"",""flowCode"":""X"",""cmdCode"":""090111"",""period"":""2020,2021,2022,2023,2024,2025"",""includeDesc"":true},{""endpoint"":""https://comtradeapi.un.org/public/v1/preview/C/A/HS"",""reporterCode"":76,""reporterISO"":""BRA"",""flowCode"":""X"",""cmdCode"":""090111"",""period"":""2020,2021,2022,2023,2024,2025"",""includeDesc"":true},{""endpoint"":""https://comtradeapi.un.org/public/v1/preview/C/A/HS"",""reporterCode"":360,""reporterISO"":""IDN"",""flowCode"":""X"",""cmdCode"":""090111"",""period"":""2020,2021,2022,2023,2024,2025"",""includeDesc"":true}]}",C,A,20250101,2025,76,BRA,Brazil,208,DNK,Denmark,0,W00,World,X,Export,H6,090111,Coffee; not roasted or decaffeinated,C00,TOTAL CPC,0,TOTAL MOT,8,kg,135878001,6397771,0,45283062,true,false,true,"{""typeCode"":""C"",""freqCode"":""A"",""refPeriodId"":20250101,""refYear"":2025,""refMonth"":52,""period"":""2025"",""reporterCode"":76,""reporterISO"":""BRA"",""reporterDesc"":""Brazil"",""flowCode"":""X"",""flowDesc"":""Export"",""partnerCode"":208,""partnerISO"":""DNK"",""partnerDesc"":""Denmark"",""partner2Code"":0,""partner2ISO"":""W00"",""partner2Desc"":""World"",""classificationCode"":""H6"",""classificationSearchCode"":""HS"",""isOriginalClassification"":true,""cmdCode"":""090111"",""cmdDesc"":""Coffee; not roasted or decaffeinated"",""aggrLevel"":6,""isLeaf"":true,""customsCode"":""C00"",""customsDesc"":""TOTAL CPC"",""mosCode"":""0"",""motCode"":0,""motDesc"":""TOTAL MOT"",""qtyUnitCode"":8,""qtyUnitAbbr"":""kg"",""qty"":135878001,""isQtyEstimated"":false,""altQtyUnitCode"":-1,""altQtyUnitAbbr"":""N/A"",""altQty"":0,""isAltQtyEstimated"":false,""netWgt"":6397771,""isNetWgtEstimated"":false,""grossWgt"":0,""isGrossWgtEstimated"":false,""cifvalue"":null,""fobvalue"":45283062,""primaryValue"":45283062,""legacyEstimationFlag"":0,""isReported"":false,""isAggregate"":true}"
,UN Comtrade,https://comtradeapi.un.org/public/v1/preview/C/A/HS?reporterCode=76&flowCode=X&cmdCode=090111&period=2025&includeDesc=true,2026-05-30T18:34:22.015Z,"{""reporters"":[{""endpoint"":""https://comtradeapi.un.org/public/v1/preview/C/A/HS"",""reporterCode"":704,""reporterISO"":""VNM"",""flowCode"":""X"",""cmdCode"":""090111"",""period"":""2020,2021,2022,2023,2024,2025"",""includeDesc"":true},{""endpoint"":""https://comtradeapi.un.org/public/v1/preview/C/A/HS"",""reporterCode"":76,""reporterISO"":""BRA"",""flowCode"":""X"",""cmdCode"":""090111"",""period"":""2020,2021,2022,2023,2024,2025"",""includeDesc"":true},{""endpoint"":""https://comtradeapi.un.org/public/v1/preview/C/A/HS"",""reporterCode"":360,""reporterISO"":""IDN"",""flowCode"":""X"",""cmdCode"":""090111"",""period"":""2020,2021,2022,2023,2024,2025"",""includeDesc"":true}]}",C,A,20250101,2025,76,BRA,Brazil,214,DOM,Dominican Rep.,0,W00,World,X,Export,H6,090111,Coffee; not roasted or decaffeinated,C00,TOTAL CPC,0,TOTAL MOT,8,kg,5336000,5335800,0,29143598,true,false,true,"{""typeCode"":""C"",""freqCode"":""A"",""refPeriodId"":20250101,""refYear"":2025,""refMonth"":52,""period"":""2025"",""reporterCode"":76,""reporterISO"":""BRA"",""reporterDesc"":""Brazil"",""flowCode"":""X"",""flowDesc"":""Export"",""partnerCode"":214,""partnerISO"":""DOM"",""partnerDesc"":""Dominican Rep."",""partner2Code"":0,""partner2ISO"":""W00"",""partner2Desc"":""World"",""classificationCode"":""H6"",""classificationSearchCode"":""HS"",""isOriginalClassification"":true,""cmdCode"":""090111"",""cmdDesc"":""Coffee; not roasted or decaffeinated"",""aggrLevel"":6,""isLeaf"":true,""customsCode"":""C00"",""customsDesc"":""TOTAL CPC"",""mosCode"":""0"",""motCode"":0,""motDesc"":""TOTAL MOT"",""qtyUnitCode"":8,""qtyUnitAbbr"":""kg"",""qty"":5336000,""isQtyEstimated"":false,""altQtyUnitCode"":21,""altQtyUnitAbbr"":""1000 KG"",""altQty"":5336,""isAltQtyEstimated"":false,""netWgt"":5335800,""isNetWgtEstimated"":false,""grossWgt"":0,""isGrossWgtEstimated"":false,""cifvalue"":null,""fobvalue"":29143598,""primaryValue"":29143598,""legacyEstimationFlag"":0,""isReported"":false,""isAggregate"":true}"
,UN Comtrade,https://comtradeapi.un.org/public/v1/preview/C/A/HS?reporterCode=76&flowCode=X&cmdCode=090111&period=2025&includeDesc=true,2026-05-30T18:34:22.015Z,"{""reporters"":[{""endpoint"":""https://comtradeapi.un.org/public/v1/preview/C/A/HS"",""reporterCode"":704,""reporterISO"":""VNM"",""flowCode"":""X"",""cmdCode"":""090111"",""period"":""2020,2021,2022,2023,2024,2025"",""includeDesc"":true},{""endpoint"":""https://comtradeapi.un.org/public/v1/preview/C/A/HS"",""reporterCode"":76,""reporterISO"":""BRA"",""flowCode"":""X"",""cmdCode"":""090111"",""period"":""2020,2021,2022,2023,2024,2025"",""includeDesc"":true},{""endpoint"":""https://comtradeapi.un.org/public/v1/preview/C/A/HS"",""reporterCode"":360,""reporterISO"":""IDN"",""flowCode"":""X"",""cmdCode"":""090111"",""period"":""2020,2021,2022,2023,2024,2025"",""includeDesc"":true}]}",C,A,20250101,2025,76,BRA,Brazil,218,ECU,Ecuador,0,W00,World,X,Export,H6,090111,Coffee; not roasted or decaffeinated,C00,TOTAL CPC,0,TOTAL MOT,8,kg,9348000,9349200,0,37784328,true,false,true,"{""typeCode"":""C"",""freqCode"":""A"",""refPeriodId"":20250101,""refYear"":2025,""refMonth"":52,""period"":""2025"",""reporterCode"":76,""reporterISO"":""BRA"",""reporterDesc"":""Brazil"",""flowCode"":""X"",""flowDesc"":""Export"",""partnerCode"":218,""partnerISO"":""ECU"",""partnerDesc"":""Ecuador"",""partner2Code"":0,""partner2ISO"":""W00"",""partner2Desc"":""World"",""classificationCode"":""H6"",""classificationSearchCode"":""HS"",""isOriginalClassification"":true,""cmdCode"":""090111"",""cmdDesc"":""Coffee; not roasted or decaffeinated"",""aggrLevel"":6,""isLeaf"":true,""customsCode"":""C00"",""customsDesc"":""TOTAL CPC"",""mosCode"":""0"",""motCode"":0,""motDesc"":""TOTAL MOT"",""qtyUnitCode"":8,""qtyUnitAbbr"":""kg"",""qty"":9348000,""isQtyEstimated"":false,""altQtyUnitCode"":21,""altQtyUnitAbbr"":""1000 KG"",""altQty"":9348,""isAltQtyEstimated"":false,""netWgt"":9349200,""isNetWgtEstimated"":false,""grossWgt"":0,""isGrossWgtEstimated"":false,""cifvalue"":null,""fobvalue"":37784328,""primaryValue"":37784328,""legacyEstimationFlag"":0,""isReported"":false,""isAggregate"":true}"
,UN Comtrade,https://comtradeapi.un.org/public/v1/preview/C/A/HS?reporterCode=76&flowCode=X&cmdCode=090111&period=2025&includeDesc=true,2026-05-30T18:34:22.015Z,"{""reporters"":[{""endpoint"":""https://comtradeapi.un.org/public/v1/preview/C/A/HS"",""reporterCode"":704,""reporterISO"":""VNM"",""flowCode"":""X"",""cmdCode"":""090111"",""period"":""2020,2021,2022,2023,2024,2025"",""includeDesc"":true},{""endpoint"":""https://comtradeapi.un.org/public/v1/preview/C/A/HS"",""reporterCode"":76,""reporterISO"":""BRA"",""flowCode"":""X"",""cmdCode"":""090111"",""period"":""2020,2021,2022,2023,2024,2025"",""includeDesc"":true},{""endpoint"":""https://comtradeapi.un.org/public/v1/preview/C/A/HS"",""reporterCode"":360,""reporterISO"":""IDN"",""flowCode"":""X"",""cmdCode"":""090111"",""period"":""2020,2021,2022,2023,2024,2025"",""includeDesc"":true}]}",C,A,20250101,2025,76,BRA,Brazil,233,EST,Estonia,0,W00,World,X,Export,H6,090111,Coffee; not roasted or decaffeinated,C00,TOTAL CPC,0,TOTAL MOT,8,kg,15270000,7094730,0,46092481,true,false,true,"{""typeCode"":""C"",""freqCode"":""A"",""refPeriodId"":20250101,""refYear"":2025,""refMonth"":52,""period"":""2025"",""reporterCode"":76,""reporterISO"":""BRA"",""reporterDesc"":""Brazil"",""flowCode"":""X"",""flowDesc"":""Export"",""partnerCode"":233,""partnerISO"":""EST"",""partnerDesc"":""Estonia"",""partner2Code"":0,""partner2ISO"":""W00"",""partner2Desc"":""World"",""classificationCode"":""H6"",""classificationSearchCode"":""HS"",""isOriginalClassification"":true,""cmdCode"":""090111"",""cmdDesc"":""Coffee; not roasted or decaffeinated"",""aggrLevel"":6,""isLeaf"":true,""customsCode"":""C00"",""customsDesc"":""TOTAL CPC"",""mosCode"":""0"",""motCode"":0,""motDesc"":""TOTAL MOT"",""qtyUnitCode"":8,""qtyUnitAbbr"":""kg"",""qty"":15270000,""isQtyEstimated"":false,""altQtyUnitCode"":21,""altQtyUnitAbbr"":""1000 KG"",""altQty"":15270,""isAltQtyEstimated"":false,""netWgt"":7094730,""isNetWgtEstimated"":false,""grossWgt"":0,""isGrossWgtEstimated"":false,""cifvalue"":null,""fobvalue"":46092481,""primaryValue"":46092481,""legacyEstimationFlag"":0,""isReported"":false,""isAggregate"":true}"
,UN Comtrade,https://comtradeapi.un.org/public/v1/preview/C/A/HS?reporterCode=76&flowCode=X&cmdCode=090111&period=2025&includeDesc=true,2026-05-30T18:34:22.015Z,"{""reporters"":[{""endpoint"":""https://comtradeapi.un.org/public/v1/preview/C/A/HS"",""reporterCode"":704,""reporterISO"":""VNM"",""flowCode"":""X"",""cmdCode"":""090111"",""period"":""2020,2021,2022,2023,2024,2025"",""includeDesc"":true},{""endpoint"":""https://comtradeapi.un.org/public/v1/preview/C/A/HS"",""reporterCode"":76,""reporterISO"":""BRA"",""flowCode"":""X"",""cmdCode"":""090111"",""period"":""2020,2021,2022,2023,2024,2025"",""includeDesc"":true},{""endpoint"":""https://comtradeapi.un.org/public/v1/preview/C/A/HS"",""reporterCode"":360,""reporterISO"":""IDN"",""flowCode"":""X"",""cmdCode"":""090111"",""period"":""2020,2021,2022,2023,2024,2025"",""includeDesc"":true}]}",C,A,20250101,2025,76,BRA,Brazil,246,FIN,Finland,0,W00,World,X,Export,H6,090111,Coffee; not roasted or decaffeinated,C00,TOTAL CPC,0,TOTAL MOT,8,kg,20050000,20043600,0,140490472,true,false,true,"{""typeCode"":""C"",""freqCode"":""A"",""refPeriodId"":20250101,""refYear"":2025,""refMonth"":52,""period"":""2025"",""reporterCode"":76,""reporterISO"":""BRA"",""reporterDesc"":""Brazil"",""flowCode"":""X"",""flowDesc"":""Export"",""partnerCode"":246,""partnerISO"":""FIN"",""partnerDesc"":""Finland"",""partner2Code"":0,""partner2ISO"":""W00"",""partner2Desc"":""World"",""classificationCode"":""H6"",""classificationSearchCode"":""HS"",""isOriginalClassification"":true,""cmdCode"":""090111"",""cmdDesc"":""Coffee; not roasted or decaffeinated"",""aggrLevel"":6,""isLeaf"":true,""customsCode"":""C00"",""customsDesc"":""TOTAL CPC"",""mosCode"":""0"",""motCode"":0,""motDesc"":""TOTAL MOT"",""qtyUnitCode"":8,""qtyUnitAbbr"":""kg"",""qty"":20050000,""isQtyEstimated"":false,""altQtyUnitCode"":21,""altQtyUnitAbbr"":""1000 KG"",""altQty"":20050,""isAltQtyEstimated"":false,""netWgt"":20043600,""isNetWgtEstimated"":false,""grossWgt"":0,""isGrossWgtEstimated"":false,""cifvalue"":null,""fobvalue"":140490472,""primaryValue"":140490472,""legacyEstimationFlag"":0,""isReported"":false,""isAggregate"":true}"
,UN Comtrade,https://comtradeapi.un.org/public/v1/preview/C/A/HS?reporterCode=76&flowCode=X&cmdCode=090111&period=2025&includeDesc=true,2026-05-30T18:34:22.015Z,"{""reporters"":[{""endpoint"":""https://comtradeapi.un.org/public/v1/preview/C/A/HS"",""reporterCode"":704,""reporterISO"":""VNM"",""flowCode"":""X"",""cmdCode"":""090111"",""period"":""2020,2021,2022,2023,2024,2025"",""includeDesc"":true},{""endpoint"":""https://comtradeapi.un.org/public/v1/preview/C/A/HS"",""reporterCode"":76,""reporterISO"":""BRA"",""flowCode"":""X"",""cmdCode"":""090111"",""period"":""2020,2021,2022,2023,2024,2025"",""includeDesc"":true},{""endpoint"":""https://comtradeapi.un.org/public/v1/preview/C/A/HS"",""reporterCode"":360,""reporterISO"":""IDN"",""flowCode"":""X"",""cmdCode"":""090111"",""period"":""2020,2021,2022,2023,2024,2025"",""includeDesc"":true}]}",C,A,20250101,2025,76,BRA,Brazil,251,FRA,France,0,W00,World,X,Export,H6,090111,Coffee; not roasted or decaffeinated,C00,TOTAL CPC,0,TOTAL MOT,8,kg,75333082,53309682,0,366210330,true,false,true,"{""typeCode"":""C"",""freqCode"":""A"",""refPeriodId"":20250101,""refYear"":2025,""refMonth"":52,""period"":""2025"",""reporterCode"":76,""reporterISO"":""BRA"",""reporterDesc"":""Brazil"",""flowCode"":""X"",""flowDesc"":""Export"",""partnerCode"":251,""partnerISO"":""FRA"",""partnerDesc"":""France"",""partner2Code"":0,""partner2ISO"":""W00"",""partner2Desc"":""World"",""classificationCode"":""H6"",""classificationSearchCode"":""HS"",""isOriginalClassification"":true,""cmdCode"":""090111"",""cmdDesc"":""Coffee; not roasted or decaffeinated"",""aggrLevel"":6,""isLeaf"":true,""customsCode"":""C00"",""customsDesc"":""TOTAL CPC"",""mosCode"":""0"",""motCode"":0,""motDesc"":""TOTAL MOT"",""qtyUnitCode"":8,""qtyUnitAbbr"":""kg"",""qty"":75333082,""isQtyEstimated"":false,""altQtyUnitCode"":-1,""altQtyUnitAbbr"":""N/A"",""altQty"":0,""isAltQtyEstimated"":false,""netWgt"":53309682,""isNetWgtEstimated"":false,""grossWgt"":0,""isGrossWgtEstimated"":false,""cifvalue"":null,""fobvalue"":366210330,""primaryValue"":366210330,""legacyEstimationFlag"":0,""isReported"":false,""isAggregate"":true}"
,UN Comtrade,https://comtradeapi.un.org/public/v1/preview/C/A/HS?reporterCode=76&flowCode=X&cmdCode=090111&period=2025&includeDesc=true,2026-05-30T18:34:22.015Z,"{""reporters"":[{""endpoint"":""https://comtradeapi.un.org/public/v1/preview/C/A/HS"",""reporterCode"":704,""reporterISO"":""VNM"",""flowCode"":""X"",""cmdCode"":""090111"",""period"":""2020,2021,2022,2023,2024,2025"",""includeDesc"":true},{""endpoint"":""https://comtradeapi.un.org/public/v1/preview/C/A/HS"",""reporterCode"":76,""reporterISO"":""BRA"",""flowCode"":""X"",""cmdCode"":""090111"",""period"":""2020,2021,2022,2023,2024,2025"",""includeDesc"":true},{""endpoint"":""https://comtradeapi.un.org/public/v1/preview/C/A/HS"",""reporterCode"":360,""reporterISO"":""IDN"",""flowCode"":""X"",""cmdCode"":""090111"",""period"":""2020,2021,2022,2023,2024,2025"",""includeDesc"":true}]}",C,A,20250101,2025,76,BRA,Brazil,268,GEO,Georgia,0,W00,World,X,Export,H6,090111,Coffee; not roasted or decaffeinated,C00,TOTAL CPC,0,TOTAL MOT,8,kg,229000,230900,0,1611828,true,false,true,"{""typeCode"":""C"",""freqCode"":""A"",""refPeriodId"":20250101,""refYear"":2025,""refMonth"":52,""period"":""2025"",""reporterCode"":76,""reporterISO"":""BRA"",""reporterDesc"":""Brazil"",""flowCode"":""X"",""flowDesc"":""Export"",""partnerCode"":268,""partnerISO"":""GEO"",""partnerDesc"":""Georgia"",""partner2Code"":0,""partner2ISO"":""W00"",""partner2Desc"":""World"",""classificationCode"":""H6"",""classificationSearchCode"":""HS"",""isOriginalClassification"":true,""cmdCode"":""090111"",""cmdDesc"":""Coffee; not roasted or decaffeinated"",""aggrLevel"":6,""isLeaf"":true,""customsCode"":""C00"",""customsDesc"":""TOTAL CPC"",""mosCode"":""0"",""motCode"":0,""motDesc"":""TOTAL MOT"",""qtyUnitCode"":8,""qtyUnitAbbr"":""kg"",""qty"":229000,""isQtyEstimated"":false,""altQtyUnitCode"":21,""altQtyUnitAbbr"":""1000 KG"",""altQty"":229,""isAltQtyEstimated"":false,""netWgt"":230900,""isNetWgtEstimated"":false,""grossWgt"":0,""isGrossWgtEstimated"":false,""cifvalue"":null,""fobvalue"":1611828,""primaryValue"":1611828,""legacyEstimationFlag"":0,""isReported"":false,""isAggregate"":true}"
,UN Comtrade,https://comtradeapi.un.org/public/v1/preview/C/A/HS?reporterCode=76&flowCode=X&cmdCode=090111&period=2025&includeDesc=true,2026-05-30T18:34:22.015Z,"{""reporters"":[{""endpoint"":""https://comtradeapi.un.org/public/v1/preview/C/A/HS"",""reporterCode"":704,""reporterISO"":""VNM"",""flowCode"":""X"",""cmdCode"":""090111"",""period"":""2020,2021,2022,2023,2024,2025"",""includeDesc"":true},{""endpoint"":""https://comtradeapi.un.org/public/v1/preview/C/A/HS"",""reporterCode"":76,""reporterISO"":""BRA"",""flowCode"":""X"",""cmdCode"":""090111"",""period"":""2020,2021,2022,2023,2024,2025"",""includeDesc"":true},{""endpoint"":""https://comtradeapi.un.org/public/v1/preview/C/A/HS"",""reporterCode"":360,""reporterISO"":""IDN"",""flowCode"":""X"",""cmdCode"":""090111"",""period"":""2020,2021,2022,2023,2024,2025"",""includeDesc"":true}]}",C,A,20250101,2025,76,BRA,Brazil,275,PSE,State of Palestine,0,W00,World,X,Export,H6,090111,Coffee; not roasted or decaffeinated,C00,TOTAL CPC,0,TOTAL MOT,8,kg,95000,96000,0,570465,true,false,true,"{""typeCode"":""C"",""freqCode"":""A"",""refPeriodId"":20250101,""refYear"":2025,""refMonth"":52,""period"":""2025"",""reporterCode"":76,""reporterISO"":""BRA"",""reporterDesc"":""Brazil"",""flowCode"":""X"",""flowDesc"":""Export"",""partnerCode"":275,""partnerISO"":""PSE"",""partnerDesc"":""State of Palestine"",""partner2Code"":0,""partner2ISO"":""W00"",""partner2Desc"":""World"",""classificationCode"":""H6"",""classificationSearchCode"":""HS"",""isOriginalClassification"":true,""cmdCode"":""090111"",""cmdDesc"":""Coffee; not roasted or decaffeinated"",""aggrLevel"":6,""isLeaf"":true,""customsCode"":""C00"",""customsDesc"":""TOTAL CPC"",""mosCode"":""0"",""motCode"":0,""motDesc"":""TOTAL MOT"",""qtyUnitCode"":8,""qtyUnitAbbr"":""kg"",""qty"":95000,""isQtyEstimated"":false,""altQtyUnitCode"":21,""altQtyUnitAbbr"":""1000 KG"",""altQty"":95,""isAltQtyEstimated"":false,""netWgt"":96000,""isNetWgtEstimated"":false,""grossWgt"":0,""isGrossWgtEstimated"":false,""cifvalue"":null,""fobvalue"":570465,""primaryValue"":570465,""legacyEstimationFlag"":0,""isReported"":false,""isAggregate"":true}"
,UN Comtrade,https://comtradeapi.un.org/public/v1/preview/C/A/HS?reporterCode=76&flowCode=X&cmdCode=090111&period=2025&includeDesc=true,2026-05-30T18:34:22.015Z,"{""reporters"":[{""endpoint"":""https://comtradeapi.un.org/public/v1/preview/C/A/HS"",""reporterCode"":704,""reporterISO"":""VNM"",""flowCode"":""X"",""cmdCode"":""090111"",""period"":""2020,2021,2022,2023,2024,2025"",""includeDesc"":true},{""endpoint"":""https://comtradeapi.un.org/public/v1/preview/C/A/HS"",""reporterCode"":76,""reporterISO"":""BRA"",""flowCode"":""X"",""cmdCode"":""090111"",""period"":""2020,2021,2022,2023,2024,2025"",""includeDesc"":true},{""endpoint"":""https://comtradeapi.un.org/public/v1/preview/C/A/HS"",""reporterCode"":360,""reporterISO"":""IDN"",""flowCode"":""X"",""cmdCode"":""090111"",""period"":""2020,2021,2022,2023,2024,2025"",""includeDesc"":true}]}",C,A,20250101,2025,76,BRA,Brazil,276,DEU,Germany,0,W00,World,X,Export,H6,090111,Coffee; not roasted or decaffeinated,C00,TOTAL CPC,0,TOTAL MOT,8,kg,3520315200,341602705,0,2298929099,true,false,true,"{""typeCode"":""C"",""freqCode"":""A"",""refPeriodId"":20250101,""refYear"":2025,""refMonth"":52,""period"":""2025"",""reporterCode"":76,""reporterISO"":""BRA"",""reporterDesc"":""Brazil"",""flowCode"":""X"",""flowDesc"":""Export"",""partnerCode"":276,""partnerISO"":""DEU"",""partnerDesc"":""Germany"",""partner2Code"":0,""partner2ISO"":""W00"",""partner2Desc"":""World"",""classificationCode"":""H6"",""classificationSearchCode"":""HS"",""isOriginalClassification"":true,""cmdCode"":""090111"",""cmdDesc"":""Coffee; not roasted or decaffeinated"",""aggrLevel"":6,""isLeaf"":true,""customsCode"":""C00"",""customsDesc"":""TOTAL CPC"",""mosCode"":""0"",""motCode"":0,""motDesc"":""TOTAL MOT"",""qtyUnitCode"":8,""qtyUnitAbbr"":""kg"",""qty"":3520315200,""isQtyEstimated"":false,""altQtyUnitCode"":-1,""altQtyUnitAbbr"":""N/A"",""altQty"":0,""isAltQtyEstimated"":false,""netWgt"":341602705,""isNetWgtEstimated"":false,""grossWgt"":0,""isGrossWgtEstimated"":false,""cifvalue"":null,""fobvalue"":2298929099,""primaryValue"":2298929099,""legacyEstimationFlag"":0,""isReported"":false,""isAggregate"":true}"
,UN Comtrade,https://comtradeapi.un.org/public/v1/preview/C/A/HS?reporterCode=76&flowCode=X&cmdCode=090111&period=2025&includeDesc=true,2026-05-30T18:34:22.015Z,"{""reporters"":[{""endpoint"":""https://comtradeapi.un.org/public/v1/preview/C/A/HS"",""reporterCode"":704,""reporterISO"":""VNM"",""flowCode"":""X"",""cmdCode"":""090111"",""period"":""2020,2021,2022,2023,2024,2025"",""includeDesc"":true},{""endpoint"":""https://comtradeapi.un.org/public/v1/preview/C/A/HS"",""reporterCode"":76,""reporterISO"":""BRA"",""flowCode"":""X"",""cmdCode"":""090111"",""period"":""2020,2021,2022,2023,2024,2025"",""includeDesc"":true},{""endpoint"":""https://comtradeapi.un.org/public/v1/preview/C/A/HS"",""reporterCode"":360,""reporterISO"":""IDN"",""flowCode"":""X"",""cmdCode"":""090111"",""period"":""2020,2021,2022,2023,2024,2025"",""includeDesc"":true}]}",C,A,20250101,2025,76,BRA,Brazil,300,GRC,Greece,0,W00,World,X,Export,H6,090111,Coffee; not roasted or decaffeinated,C00,TOTAL CPC,0,TOTAL MOT,8,kg,140635015,36130015,0,254383397,true,false,true,"{""typeCode"":""C"",""freqCode"":""A"",""refPeriodId"":20250101,""refYear"":2025,""refMonth"":52,""period"":""2025"",""reporterCode"":76,""reporterISO"":""BRA"",""reporterDesc"":""Brazil"",""flowCode"":""X"",""flowDesc"":""Export"",""partnerCode"":300,""partnerISO"":""GRC"",""partnerDesc"":""Greece"",""partner2Code"":0,""partner2ISO"":""W00"",""partner2Desc"":""World"",""classificationCode"":""H6"",""classificationSearchCode"":""HS"",""isOriginalClassification"":true,""cmdCode"":""090111"",""cmdDesc"":""Coffee; not roasted or decaffeinated"",""aggrLevel"":6,""isLeaf"":true,""customsCode"":""C00"",""customsDesc"":""TOTAL CPC"",""mosCode"":""0"",""motCode"":0,""motDesc"":""TOTAL MOT"",""qtyUnitCode"":8,""qtyUnitAbbr"":""kg"",""qty"":140635015,""isQtyEstimated"":false,""altQtyUnitCode"":-1,""altQtyUnitAbbr"":""N/A"",""altQty"":0,""isAltQtyEstimated"":false,""netWgt"":36130015,""isNetWgtEstimated"":false,""grossWgt"":0,""isGrossWgtEstimated"":false,""cifvalue"":null,""fobvalue"":254383397,""primaryValue"":254383397,""legacyEstimationFlag"":0,""isReported"":false,""isAggregate"":true}"
,UN Comtrade,https://comtradeapi.un.org/public/v1/preview/C/A/HS?reporterCode=76&flowCode=X&cmdCode=090111&period=2025&includeDesc=true,2026-05-30T18:34:22.015Z,"{""reporters"":[{""endpoint"":""https://comtradeapi.un.org/public/v1/preview/C/A/HS"",""reporterCode"":704,""reporterISO"":""VNM"",""flowCode"":""X"",""cmdCode"":""090111"",""period"":""2020,2021,2022,2023,2024,2025"",""includeDesc"":true},{""endpoint"":""https://comtradeapi.un.org/public/v1/preview/C/A/HS"",""reporterCode"":76,""reporterISO"":""BRA"",""flowCode"":""X"",""cmdCode"":""090111"",""period"":""2020,2021,2022,2023,2024,2025"",""includeDesc"":true},{""endpoint"":""https://comtradeapi.un.org/public/v1/preview/C/A/HS"",""reporterCode"":360,""reporterISO"":""IDN"",""flowCode"":""X"",""cmdCode"":""090111"",""period"":""2020,2021,2022,2023,2024,2025"",""includeDesc"":true}]}",C,A,20250101,2025,76,BRA,Brazil,320,GTM,Guatemala,0,W00,World,X,Export,H6,090111,Coffee; not roasted or decaffeinated,C00,TOTAL CPC,0,TOTAL MOT,8,kg,535,535,0,20840,true,false,true,"{""typeCode"":""C"",""freqCode"":""A"",""refPeriodId"":20250101,""refYear"":2025,""refMonth"":52,""period"":""2025"",""reporterCode"":76,""reporterISO"":""BRA"",""reporterDesc"":""Brazil"",""flowCode"":""X"",""flowDesc"":""Export"",""partnerCode"":320,""partnerISO"":""GTM"",""partnerDesc"":""Guatemala"",""partner2Code"":0,""partner2ISO"":""W00"",""partner2Desc"":""World"",""classificationCode"":""H6"",""classificationSearchCode"":""HS"",""isOriginalClassification"":true,""cmdCode"":""090111"",""cmdDesc"":""Coffee; not roasted or decaffeinated"",""aggrLevel"":6,""isLeaf"":true,""customsCode"":""C00"",""customsDesc"":""TOTAL CPC"",""mosCode"":""0"",""motCode"":0,""motDesc"":""TOTAL MOT"",""qtyUnitCode"":8,""qtyUnitAbbr"":""kg"",""qty"":535,""isQtyEstimated"":false,""altQtyUnitCode"":8,""altQtyUnitAbbr"":""kg"",""altQty"":535,""isAltQtyEstimated"":false,""netWgt"":535,""isNetWgtEstimated"":false,""grossWgt"":0,""isGrossWgtEstimated"":false,""cifvalue"":null,""fobvalue"":20840,""primaryValue"":20840,""legacyEstimationFlag"":0,""isReported"":false,""isAggregate"":true}"
,UN Comtrade,https://comtradeapi.un.org/public/v1/preview/C/A/HS?reporterCode=76&flowCode=X&cmdCode=090111&period=2025&includeDesc=true,2026-05-30T18:34:22.015Z,"{""reporters"":[{""endpoint"":""https://comtradeapi.un.org/public/v1/preview/C/A/HS"",""reporterCode"":704,""reporterISO"":""VNM"",""flowCode"":""X"",""cmdCode"":""090111"",""period"":""2020,2021,2022,2023,2024,2025"",""includeDesc"":true},{""endpoint"":""https://comtradeapi.un.org/public/v1/preview/C/A/HS"",""reporterCode"":76,""reporterISO"":""BRA"",""flowCode"":""X"",""cmdCode"":""090111"",""period"":""2020,2021,2022,2023,2024,2025"",""includeDesc"":true},{""endpoint"":""https://comtradeapi.un.org/public/v1/preview/C/A/HS"",""reporterCode"":360,""reporterISO"":""IDN"",""flowCode"":""X"",""cmdCode"":""090111"",""period"":""2020,2021,2022,2023,2024,2025"",""includeDesc"":true}]}",C,A,20250101,2025,76,BRA,Brazil,340,HND,Honduras,0,W00,World,X,Export,H6,090111,Coffee; not roasted or decaffeinated,C00,TOTAL CPC,0,TOTAL MOT,8,kg,38000,38400,0,106406,true,false,true,"{""typeCode"":""C"",""freqCode"":""A"",""refPeriodId"":20250101,""refYear"":2025,""refMonth"":52,""period"":""2025"",""reporterCode"":76,""reporterISO"":""BRA"",""reporterDesc"":""Brazil"",""flowCode"":""X"",""flowDesc"":""Export"",""partnerCode"":340,""partnerISO"":""HND"",""partnerDesc"":""Honduras"",""partner2Code"":0,""partner2ISO"":""W00"",""partner2Desc"":""World"",""classificationCode"":""H6"",""classificationSearchCode"":""HS"",""isOriginalClassification"":true,""cmdCode"":""090111"",""cmdDesc"":""Coffee; not roasted or decaffeinated"",""aggrLevel"":6,""isLeaf"":true,""customsCode"":""C00"",""customsDesc"":""TOTAL CPC"",""mosCode"":""0"",""motCode"":0,""motDesc"":""TOTAL MOT"",""qtyUnitCode"":8,""qtyUnitAbbr"":""kg"",""qty"":38000,""isQtyEstimated"":false,""altQtyUnitCode"":21,""altQtyUnitAbbr"":""1000 KG"",""altQty"":38,""isAltQtyEstimated"":false,""netWgt"":38400,""isNetWgtEstimated"":false,""grossWgt"":0,""isGrossWgtEstimated"":false,""cifvalue"":null,""fobvalue"":106406,""primaryValue"":106406,""legacyEstimationFlag"":0,""isReported"":false,""isAggregate"":true}"
,UN Comtrade,https://comtradeapi.un.org/public/v1/preview/C/A/HS?reporterCode=76&flowCode=X&cmdCode=090111&period=2025&includeDesc=true,2026-05-30T18:34:22.015Z,"{""reporters"":[{""endpoint"":""https://comtradeapi.un.org/public/v1/preview/C/A/HS"",""reporterCode"":704,""reporterISO"":""VNM"",""flowCode"":""X"",""cmdCode"":""090111"",""period"":""2020,2021,2022,2023,2024,2025"",""includeDesc"":true},{""endpoint"":""https://comtradeapi.un.org/public/v1/preview/C/A/HS"",""reporterCode"":76,""reporterISO"":""BRA"",""flowCode"":""X"",""cmdCode"":""090111"",""period"":""2020,2021,2022,2023,2024,2025"",""includeDesc"":true},{""endpoint"":""https://comtradeapi.un.org/public/v1/preview/C/A/HS"",""reporterCode"":360,""reporterISO"":""IDN"",""flowCode"":""X"",""cmdCode"":""090111"",""period"":""2020,2021,2022,2023,2024,2025"",""includeDesc"":true}]}",C,A,20250101,2025,76,BRA,Brazil,344,HKG,"China, Hong Kong SAR",0,W00,World,X,Export,H6,090111,Coffee; not roasted or decaffeinated,C00,TOTAL CPC,0,TOTAL MOT,8,kg,9492182,944472,0,5893818,true,false,true,"{""typeCode"":""C"",""freqCode"":""A"",""refPeriodId"":20250101,""refYear"":2025,""refMonth"":52,""period"":""2025"",""reporterCode"":76,""reporterISO"":""BRA"",""reporterDesc"":""Brazil"",""flowCode"":""X"",""flowDesc"":""Export"",""partnerCode"":344,""partnerISO"":""HKG"",""partnerDesc"":""China, Hong Kong SAR"",""partner2Code"":0,""partner2ISO"":""W00"",""partner2Desc"":""World"",""classificationCode"":""H6"",""classificationSearchCode"":""HS"",""isOriginalClassification"":true,""cmdCode"":""090111"",""cmdDesc"":""Coffee; not roasted or decaffeinated"",""aggrLevel"":6,""isLeaf"":true,""customsCode"":""C00"",""customsDesc"":""TOTAL CPC"",""mosCode"":""0"",""motCode"":0,""motDesc"":""TOTAL MOT"",""qtyUnitCode"":8,""qtyUnitAbbr"":""kg"",""qty"":9492182,""isQtyEstimated"":false,""altQtyUnitCode"":-1,""altQtyUnitAbbr"":""N/A"",""altQty"":0,""isAltQtyEstimated"":false,""netWgt"":944472,""isNetWgtEstimated"":false,""grossWgt"":0,""isGrossWgtEstimated"":false,""cifvalue"":null,""fobvalue"":5893818,""primaryValue"":5893818,""legacyEstimationFlag"":0,""isReported"":false,""isAggregate"":true}"
,UN Comtrade,https://comtradeapi.un.org/public/v1/preview/C/A/HS?reporterCode=76&flowCode=X&cmdCode=090111&period=2025&includeDesc=true,2026-05-30T18:34:22.015Z,"{""reporters"":[{""endpoint"":""https://comtradeapi.un.org/public/v1/preview/C/A/HS"",""reporterCode"":704,""reporterISO"":""VNM"",""flowCode"":""X"",""cmdCode"":""090111"",""period"":""2020,2021,2022,2023,2024,2025"",""includeDesc"":true},{""endpoint"":""https://comtradeapi.un.org/public/v1/preview/C/A/HS"",""reporterCode"":76,""reporterISO"":""BRA"",""flowCode"":""X"",""cmdCode"":""090111"",""period"":""2020,2021,2022,2023,2024,2025"",""includeDesc"":true},{""endpoint"":""https://comtradeapi.un.org/public/v1/preview/C/A/HS"",""reporterCode"":360,""reporterISO"":""IDN"",""flowCode"":""X"",""cmdCode"":""090111"",""period"":""2020,2021,2022,2023,2024,2025"",""includeDesc"":true}]}",C,A,20250101,2025,76,BRA,Brazil,352,ISL,Iceland,0,W00,World,X,Export,H6,090111,Coffee; not roasted or decaffeinated,C00,TOTAL CPC,0,TOTAL MOT,8,kg,263000,264136,0,1469919,true,false,true,"{""typeCode"":""C"",""freqCode"":""A"",""refPeriodId"":20250101,""refYear"":2025,""refMonth"":52,""period"":""2025"",""reporterCode"":76,""reporterISO"":""BRA"",""reporterDesc"":""Brazil"",""flowCode"":""X"",""flowDesc"":""Export"",""partnerCode"":352,""partnerISO"":""ISL"",""partnerDesc"":""Iceland"",""partner2Code"":0,""partner2ISO"":""W00"",""partner2Desc"":""World"",""classificationCode"":""H6"",""classificationSearchCode"":""HS"",""isOriginalClassification"":true,""cmdCode"":""090111"",""cmdDesc"":""Coffee; not roasted or decaffeinated"",""aggrLevel"":6,""isLeaf"":true,""customsCode"":""C00"",""customsDesc"":""TOTAL CPC"",""mosCode"":""0"",""motCode"":0,""motDesc"":""TOTAL MOT"",""qtyUnitCode"":8,""qtyUnitAbbr"":""kg"",""qty"":263000,""isQtyEstimated"":false,""altQtyUnitCode"":21,""altQtyUnitAbbr"":""1000 KG"",""altQty"":263,""isAltQtyEstimated"":false,""netWgt"":264136,""isNetWgtEstimated"":false,""grossWgt"":0,""isGrossWgtEstimated"":false,""cifvalue"":null,""fobvalue"":1469919,""primaryValue"":1469919,""legacyEstimationFlag"":0,""isReported"":false,""isAggregate"":true}"
,UN Comtrade,https://comtradeapi.un.org/public/v1/preview/C/A/HS?reporterCode=76&flowCode=X&cmdCode=090111&period=2025&includeDesc=true,2026-05-30T18:34:22.015Z,"{""reporters"":[{""endpoint"":""https://comtradeapi.un.org/public/v1/preview/C/A/HS"",""reporterCode"":704,""reporterISO"":""VNM"",""flowCode"":""X"",""cmdCode"":""090111"",""period"":""2020,2021,2022,2023,2024,2025"",""includeDesc"":true},{""endpoint"":""https://comtradeapi.un.org/public/v1/preview/C/A/HS"",""reporterCode"":76,""reporterISO"":""BRA"",""flowCode"":""X"",""cmdCode"":""090111"",""period"":""2020,2021,2022,2023,2024,2025"",""includeDesc"":true},{""endpoint"":""https://comtradeapi.un.org/public/v1/preview/C/A/HS"",""reporterCode"":360,""reporterISO"":""IDN"",""flowCode"":""X"",""cmdCode"":""090111"",""period"":""2020,2021,2022,2023,2024,2025"",""includeDesc"":true}]}",C,A,20250101,2025,76,BRA,Brazil,360,IDN,Indonesia,0,W00,World,X,Export,H6,090111,Coffee; not roasted or decaffeinated,C00,TOTAL CPC,0,TOTAL MOT,8,kg,9841000,7946850,0,46880258,true,false,true,"{""typeCode"":""C"",""freqCode"":""A"",""refPeriodId"":20250101,""refYear"":2025,""refMonth"":52,""period"":""2025"",""reporterCode"":76,""reporterISO"":""BRA"",""reporterDesc"":""Brazil"",""flowCode"":""X"",""flowDesc"":""Export"",""partnerCode"":360,""partnerISO"":""IDN"",""partnerDesc"":""Indonesia"",""partner2Code"":0,""partner2ISO"":""W00"",""partner2Desc"":""World"",""classificationCode"":""H6"",""classificationSearchCode"":""HS"",""isOriginalClassification"":true,""cmdCode"":""090111"",""cmdDesc"":""Coffee; not roasted or decaffeinated"",""aggrLevel"":6,""isLeaf"":true,""customsCode"":""C00"",""customsDesc"":""TOTAL CPC"",""mosCode"":""0"",""motCode"":0,""motDesc"":""TOTAL MOT"",""qtyUnitCode"":8,""qtyUnitAbbr"":""kg"",""qty"":9841000,""isQtyEstimated"":false,""altQtyUnitCode"":21,""altQtyUnitAbbr"":""1000 KG"",""altQty"":9841,""isAltQtyEstimated"":false,""netWgt"":7946850,""isNetWgtEstimated"":false,""grossWgt"":0,""isGrossWgtEstimated"":false,""cifvalue"":null,""fobvalue"":46880258,""primaryValue"":46880258,""legacyEstimationFlag"":0,""isReported"":false,""isAggregate"":true}"
,UN Comtrade,https://comtradeapi.un.org/public/v1/preview/C/A/HS?reporterCode=76&flowCode=X&cmdCode=090111&period=2025&includeDesc=true,2026-05-30T18:34:22.015Z,"{""reporters"":[{""endpoint"":""https://comtradeapi.un.org/public/v1/preview/C/A/HS"",""reporterCode"":704,""reporterISO"":""VNM"",""flowCode"":""X"",""cmdCode"":""090111"",""period"":""2020,2021,2022,2023,2024,2025"",""includeDesc"":true},{""endpoint"":""https://comtradeapi.un.org/public/v1/preview/C/A/HS"",""reporterCode"":76,""reporterISO"":""BRA"",""flowCode"":""X"",""cmdCode"":""090111"",""period"":""2020,2021,2022,2023,2024,2025"",""includeDesc"":true},{""endpoint"":""https://comtradeapi.un.org/public/v1/preview/C/A/HS"",""reporterCode"":360,""reporterISO"":""IDN"",""flowCode"":""X"",""cmdCode"":""090111"",""period"":""2020,2021,2022,2023,2024,2025"",""includeDesc"":true}]}",C,A,20250101,2025,76,BRA,Brazil,364,IRN,Iran,0,W00,World,X,Export,H6,090111,Coffee; not roasted or decaffeinated,C00,TOTAL CPC,0,TOTAL MOT,8,kg,26000,26400,0,153016,true,false,true,"{""typeCode"":""C"",""freqCode"":""A"",""refPeriodId"":20250101,""refYear"":2025,""refMonth"":52,""period"":""2025"",""reporterCode"":76,""reporterISO"":""BRA"",""reporterDesc"":""Brazil"",""flowCode"":""X"",""flowDesc"":""Export"",""partnerCode"":364,""partnerISO"":""IRN"",""partnerDesc"":""Iran"",""partner2Code"":0,""partner2ISO"":""W00"",""partner2Desc"":""World"",""classificationCode"":""H6"",""classificationSearchCode"":""HS"",""isOriginalClassification"":true,""cmdCode"":""090111"",""cmdDesc"":""Coffee; not roasted or decaffeinated"",""aggrLevel"":6,""isLeaf"":true,""customsCode"":""C00"",""customsDesc"":""TOTAL CPC"",""mosCode"":""0"",""motCode"":0,""motDesc"":""TOTAL MOT"",""qtyUnitCode"":8,""qtyUnitAbbr"":""kg"",""qty"":26000,""isQtyEstimated"":false,""altQtyUnitCode"":21,""altQtyUnitAbbr"":""1000 KG"",""altQty"":26,""isAltQtyEstimated"":false,""netWgt"":26400,""isNetWgtEstimated"":false,""grossWgt"":0,""isGrossWgtEstimated"":false,""cifvalue"":null,""fobvalue"":153016,""primaryValue"":153016,""legacyEstimationFlag"":0,""isReported"":false,""isAggregate"":true}"
,UN Comtrade,https://comtradeapi.un.org/public/v1/preview/C/A/HS?reporterCode=76&flowCode=X&cmdCode=090111&period=2025&includeDesc=true,2026-05-30T18:34:22.015Z,"{""reporters"":[{""endpoint"":""https://comtradeapi.un.org/public/v1/preview/C/A/HS"",""reporterCode"":704,""reporterISO"":""VNM"",""flowCode"":""X"",""cmdCode"":""090111"",""period"":""2020,2021,2022,2023,2024,2025"",""includeDesc"":true},{""endpoint"":""https://comtradeapi.un.org/public/v1/preview/C/A/HS"",""reporterCode"":76,""reporterISO"":""BRA"",""flowCode"":""X"",""cmdCode"":""090111"",""period"":""2020,2021,2022,2023,2024,2025"",""includeDesc"":true},{""endpoint"":""https://comtradeapi.un.org/public/v1/preview/C/A/HS"",""reporterCode"":360,""reporterISO"":""IDN"",""flowCode"":""X"",""cmdCode"":""090111"",""period"":""2020,2021,2022,2023,2024,2025"",""includeDesc"":true}]}",C,A,20250101,2025,76,BRA,Brazil,368,IRQ,Iraq,0,W00,World,X,Export,H6,090111,Coffee; not roasted or decaffeinated,C00,TOTAL CPC,0,TOTAL MOT,8,kg,52000,52800,0,305798,true,false,true,"{""typeCode"":""C"",""freqCode"":""A"",""refPeriodId"":20250101,""refYear"":2025,""refMonth"":52,""period"":""2025"",""reporterCode"":76,""reporterISO"":""BRA"",""reporterDesc"":""Brazil"",""flowCode"":""X"",""flowDesc"":""Export"",""partnerCode"":368,""partnerISO"":""IRQ"",""partnerDesc"":""Iraq"",""partner2Code"":0,""partner2ISO"":""W00"",""partner2Desc"":""World"",""classificationCode"":""H6"",""classificationSearchCode"":""HS"",""isOriginalClassification"":true,""cmdCode"":""090111"",""cmdDesc"":""Coffee; not roasted or decaffeinated"",""aggrLevel"":6,""isLeaf"":true,""customsCode"":""C00"",""customsDesc"":""TOTAL CPC"",""mosCode"":""0"",""motCode"":0,""motDesc"":""TOTAL MOT"",""qtyUnitCode"":8,""qtyUnitAbbr"":""kg"",""qty"":52000,""isQtyEstimated"":false,""altQtyUnitCode"":21,""altQtyUnitAbbr"":""1000 KG"",""altQty"":52,""isAltQtyEstimated"":false,""netWgt"":52800,""isNetWgtEstimated"":false,""grossWgt"":0,""isGrossWgtEstimated"":false,""cifvalue"":null,""fobvalue"":305798,""primaryValue"":305798,""legacyEstimationFlag"":0,""isReported"":false,""isAggregate"":true}"
,UN Comtrade,https://comtradeapi.un.org/public/v1/preview/C/A/HS?reporterCode=76&flowCode=X&cmdCode=090111&period=2025&includeDesc=true,2026-05-30T18:34:22.015Z,"{""reporters"":[{""endpoint"":""https://comtradeapi.un.org/public/v1/preview/C/A/HS"",""reporterCode"":704,""reporterISO"":""VNM"",""flowCode"":""X"",""cmdCode"":""090111"",""period"":""2020,2021,2022,2023,2024,2025"",""includeDesc"":true},{""endpoint"":""https://comtradeapi.un.org/public/v1/preview/C/A/HS"",""reporterCode"":76,""reporterISO"":""BRA"",""flowCode"":""X"",""cmdCode"":""090111"",""period"":""2020,2021,2022,2023,2024,2025"",""includeDesc"":true},{""endpoint"":""https://comtradeapi.un.org/public/v1/preview/C/A/HS"",""reporterCode"":360,""reporterISO"":""IDN"",""flowCode"":""X"",""cmdCode"":""090111"",""period"":""2020,2021,2022,2023,2024,2025"",""includeDesc"":true}]}",C,A,20250101,2025,76,BRA,Brazil,372,IRL,Ireland,0,W00,World,X,Export,H6,090111,Coffee; not roasted or decaffeinated,C00,TOTAL CPC,0,TOTAL MOT,8,kg,35711000,3422650,0,25781398,true,false,true,"{""typeCode"":""C"",""freqCode"":""A"",""refPeriodId"":20250101,""refYear"":2025,""refMonth"":52,""period"":""2025"",""reporterCode"":76,""reporterISO"":""BRA"",""reporterDesc"":""Brazil"",""flowCode"":""X"",""flowDesc"":""Export"",""partnerCode"":372,""partnerISO"":""IRL"",""partnerDesc"":""Ireland"",""partner2Code"":0,""partner2ISO"":""W00"",""partner2Desc"":""World"",""classificationCode"":""H6"",""classificationSearchCode"":""HS"",""isOriginalClassification"":true,""cmdCode"":""090111"",""cmdDesc"":""Coffee; not roasted or decaffeinated"",""aggrLevel"":6,""isLeaf"":true,""customsCode"":""C00"",""customsDesc"":""TOTAL CPC"",""mosCode"":""0"",""motCode"":0,""motDesc"":""TOTAL MOT"",""qtyUnitCode"":8,""qtyUnitAbbr"":""kg"",""qty"":35711000,""isQtyEstimated"":false,""altQtyUnitCode"":21,""altQtyUnitAbbr"":""1000 KG"",""altQty"":35711,""isAltQtyEstimated"":false,""netWgt"":3422650,""isNetWgtEstimated"":false,""grossWgt"":0,""isGrossWgtEstimated"":false,""cifvalue"":null,""fobvalue"":25781398,""primaryValue"":25781398,""legacyEstimationFlag"":0,""isReported"":false,""isAggregate"":true}"
,UN Comtrade,https://comtradeapi.un.org/public/v1/preview/C/A/HS?reporterCode=76&flowCode=X&cmdCode=090111&period=2025&includeDesc=true,2026-05-30T18:34:22.015Z,"{""reporters"":[{""endpoint"":""https://comtradeapi.un.org/public/v1/preview/C/A/HS"",""reporterCode"":704,""reporterISO"":""VNM"",""flowCode"":""X"",""cmdCode"":""090111"",""period"":""2020,2021,2022,2023,2024,2025"",""includeDesc"":true},{""endpoint"":""https://comtradeapi.un.org/public/v1/preview/C/A/HS"",""reporterCode"":76,""reporterISO"":""BRA"",""flowCode"":""X"",""cmdCode"":""090111"",""period"":""2020,2021,2022,2023,2024,2025"",""includeDesc"":true},{""endpoint"":""https://comtradeapi.un.org/public/v1/preview/C/A/HS"",""reporterCode"":360,""reporterISO"":""IDN"",""flowCode"":""X"",""cmdCode"":""090111"",""period"":""2020,2021,2022,2023,2024,2025"",""includeDesc"":true}]}",C,A,20250101,2025,76,BRA,Brazil,376,ISR,Israel,0,W00,World,X,Export,H6,090111,Coffee; not roasted or decaffeinated,C00,TOTAL CPC,0,TOTAL MOT,8,kg,6998000,6737680,0,47795122,true,false,true,"{""typeCode"":""C"",""freqCode"":""A"",""refPeriodId"":20250101,""refYear"":2025,""refMonth"":52,""period"":""2025"",""reporterCode"":76,""reporterISO"":""BRA"",""reporterDesc"":""Brazil"",""flowCode"":""X"",""flowDesc"":""Export"",""partnerCode"":376,""partnerISO"":""ISR"",""partnerDesc"":""Israel"",""partner2Code"":0,""partner2ISO"":""W00"",""partner2Desc"":""World"",""classificationCode"":""H6"",""classificationSearchCode"":""HS"",""isOriginalClassification"":true,""cmdCode"":""090111"",""cmdDesc"":""Coffee; not roasted or decaffeinated"",""aggrLevel"":6,""isLeaf"":true,""customsCode"":""C00"",""customsDesc"":""TOTAL CPC"",""mosCode"":""0"",""motCode"":0,""motDesc"":""TOTAL MOT"",""qtyUnitCode"":8,""qtyUnitAbbr"":""kg"",""qty"":6998000,""isQtyEstimated"":false,""altQtyUnitCode"":21,""altQtyUnitAbbr"":""1000 KG"",""altQty"":6998,""isAltQtyEstimated"":false,""netWgt"":6737680,""isNetWgtEstimated"":false,""grossWgt"":0,""isGrossWgtEstimated"":false,""cifvalue"":null,""fobvalue"":47795122,""primaryValue"":47795122,""legacyEstimationFlag"":0,""isReported"":false,""isAggregate"":true}"
,UN Comtrade,https://comtradeapi.un.org/public/v1/preview/C/A/HS?reporterCode=76&flowCode=X&cmdCode=090111&period=2025&includeDesc=true,2026-05-30T18:34:22.015Z,"{""reporters"":[{""endpoint"":""https://comtradeapi.un.org/public/v1/preview/C/A/HS"",""reporterCode"":704,""reporterISO"":""VNM"",""flowCode"":""X"",""cmdCode"":""090111"",""period"":""2020,2021,2022,2023,2024,2025"",""includeDesc"":true},{""endpoint"":""https://comtradeapi.un.org/public/v1/preview/C/A/HS"",""reporterCode"":76,""reporterISO"":""BRA"",""flowCode"":""X"",""cmdCode"":""090111"",""period"":""2020,2021,2022,2023,2024,2025"",""includeDesc"":true},{""endpoint"":""https://comtradeapi.un.org/public/v1/preview/C/A/HS"",""reporterCode"":360,""reporterISO"":""IDN"",""flowCode"":""X"",""cmdCode"":""090111"",""period"":""2020,2021,2022,2023,2024,2025"",""includeDesc"":true}]}",C,A,20250101,2025,76,BRA,Brazil,380,ITA,Italy,0,W00,World,X,Export,H6,090111,Coffee; not roasted or decaffeinated,C00,TOTAL CPC,0,TOTAL MOT,8,kg,1268151062,194157678,0,1332037386,true,false,true,"{""typeCode"":""C"",""freqCode"":""A"",""refPeriodId"":20250101,""refYear"":2025,""refMonth"":52,""period"":""2025"",""reporterCode"":76,""reporterISO"":""BRA"",""reporterDesc"":""Brazil"",""flowCode"":""X"",""flowDesc"":""Export"",""partnerCode"":380,""partnerISO"":""ITA"",""partnerDesc"":""Italy"",""partner2Code"":0,""partner2ISO"":""W00"",""partner2Desc"":""World"",""classificationCode"":""H6"",""classificationSearchCode"":""HS"",""isOriginalClassification"":true,""cmdCode"":""090111"",""cmdDesc"":""Coffee; not roasted or decaffeinated"",""aggrLevel"":6,""isLeaf"":true,""customsCode"":""C00"",""customsDesc"":""TOTAL CPC"",""mosCode"":""0"",""motCode"":0,""motDesc"":""TOTAL MOT"",""qtyUnitCode"":8,""qtyUnitAbbr"":""kg"",""qty"":1268151062,""isQtyEstimated"":false,""altQtyUnitCode"":-1,""altQtyUnitAbbr"":""N/A"",""altQty"":0,""isAltQtyEstimated"":false,""netWgt"":194157678,""isNetWgtEstimated"":false,""grossWgt"":0,""isGrossWgtEstimated"":false,""cifvalue"":null,""fobvalue"":1332037386,""primaryValue"":1332037386,""legacyEstimationFlag"":0,""isReported"":false,""isAggregate"":true}"
,UN Comtrade,https://comtradeapi.un.org/public/v1/preview/C/A/HS?reporterCode=76&flowCode=X&cmdCode=090111&period=2025&includeDesc=true,2026-05-30T18:34:22.015Z,"{""reporters"":[{""endpoint"":""https://comtradeapi.un.org/public/v1/preview/C/A/HS"",""reporterCode"":704,""reporterISO"":""VNM"",""flowCode"":""X"",""cmdCode"":""090111"",""period"":""2020,2021,2022,2023,2024,2025"",""includeDesc"":true},{""endpoint"":""https://comtradeapi.un.org/public/v1/preview/C/A/HS"",""reporterCode"":76,""reporterISO"":""BRA"",""flowCode"":""X"",""cmdCode"":""090111"",""period"":""2020,2021,2022,2023,2024,2025"",""includeDesc"":true},{""endpoint"":""https://comtradeapi.un.org/public/v1/preview/C/A/HS"",""reporterCode"":360,""reporterISO"":""IDN"",""flowCode"":""X"",""cmdCode"":""090111"",""period"":""2020,2021,2022,2023,2024,2025"",""includeDesc"":true}]}",C,A,20250101,2025,76,BRA,Brazil,392,JPN,Japan,0,W00,World,X,Export,H6,090111,Coffee; not roasted or decaffeinated,C00,TOTAL CPC,0,TOTAL MOT,8,kg,3032238042,149578983,0,1033539076,true,false,true,"{""typeCode"":""C"",""freqCode"":""A"",""refPeriodId"":20250101,""refYear"":2025,""refMonth"":52,""period"":""2025"",""reporterCode"":76,""reporterISO"":""BRA"",""reporterDesc"":""Brazil"",""flowCode"":""X"",""flowDesc"":""Export"",""partnerCode"":392,""partnerISO"":""JPN"",""partnerDesc"":""Japan"",""partner2Code"":0,""partner2ISO"":""W00"",""partner2Desc"":""World"",""classificationCode"":""H6"",""classificationSearchCode"":""HS"",""isOriginalClassification"":true,""cmdCode"":""090111"",""cmdDesc"":""Coffee; not roasted or decaffeinated"",""aggrLevel"":6,""isLeaf"":true,""customsCode"":""C00"",""customsDesc"":""TOTAL CPC"",""mosCode"":""0"",""motCode"":0,""motDesc"":""TOTAL MOT"",""qtyUnitCode"":8,""qtyUnitAbbr"":""kg"",""qty"":3032238042,""isQtyEstimated"":false,""altQtyUnitCode"":-1,""altQtyUnitAbbr"":""N/A"",""altQty"":0,""isAltQtyEstimated"":false,""netWgt"":149578983,""isNetWgtEstimated"":false,""grossWgt"":0,""isGrossWgtEstimated"":false,""cifvalue"":null,""fobvalue"":1033539076,""primaryValue"":1033539076,""legacyEstimationFlag"":0,""isReported"":false,""isAggregate"":true}"
,UN Comtrade,https://comtradeapi.un.org/public/v1/preview/C/A/HS?reporterCode=76&flowCode=X&cmdCode=090111&period=2025&includeDesc=true,2026-05-30T18:34:22.015Z,"{""reporters"":[{""endpoint"":""https://comtradeapi.un.org/public/v1/preview/C/A/HS"",""reporterCode"":704,""reporterISO"":""VNM"",""flowCode"":""X"",""cmdCode"":""090111"",""period"":""2020,2021,2022,2023,2024,2025"",""includeDesc"":true},{""endpoint"":""https://comtradeapi.un.org/public/v1/preview/C/A/HS"",""reporterCode"":76,""reporterISO"":""BRA"",""flowCode"":""X"",""cmdCode"":""090111"",""period"":""2020,2021,2022,2023,2024,2025"",""includeDesc"":true},{""endpoint"":""https://comtradeapi.un.org/public/v1/preview/C/A/HS"",""reporterCode"":360,""reporterISO"":""IDN"",""flowCode"":""X"",""cmdCode"":""090111"",""period"":""2020,2021,2022,2023,2024,2025"",""includeDesc"":true}]}",C,A,20250101,2025,76,BRA,Brazil,398,KAZ,Kazakhstan,0,W00,World,X,Export,H6,090111,Coffee; not roasted or decaffeinated,C00,TOTAL CPC,0,TOTAL MOT,8,kg,208000,208565,0,1425309,true,false,true,"{""typeCode"":""C"",""freqCode"":""A"",""refPeriodId"":20250101,""refYear"":2025,""refMonth"":52,""period"":""2025"",""reporterCode"":76,""reporterISO"":""BRA"",""reporterDesc"":""Brazil"",""flowCode"":""X"",""flowDesc"":""Export"",""partnerCode"":398,""partnerISO"":""KAZ"",""partnerDesc"":""Kazakhstan"",""partner2Code"":0,""partner2ISO"":""W00"",""partner2Desc"":""World"",""classificationCode"":""H6"",""classificationSearchCode"":""HS"",""isOriginalClassification"":true,""cmdCode"":""090111"",""cmdDesc"":""Coffee; not roasted or decaffeinated"",""aggrLevel"":6,""isLeaf"":true,""customsCode"":""C00"",""customsDesc"":""TOTAL CPC"",""mosCode"":""0"",""motCode"":0,""motDesc"":""TOTAL MOT"",""qtyUnitCode"":8,""qtyUnitAbbr"":""kg"",""qty"":208000,""isQtyEstimated"":false,""altQtyUnitCode"":21,""altQtyUnitAbbr"":""1000 KG"",""altQty"":208,""isAltQtyEstimated"":false,""netWgt"":208565,""isNetWgtEstimated"":false,""grossWgt"":0,""isGrossWgtEstimated"":false,""cifvalue"":null,""fobvalue"":1425309,""primaryValue"":1425309,""legacyEstimationFlag"":0,""isReported"":false,""isAggregate"":true}"
,UN Comtrade,https://comtradeapi.un.org/public/v1/preview/C/A/HS?reporterCode=76&flowCode=X&cmdCode=090111&period=2025&includeDesc=true,2026-05-30T18:34:22.015Z,"{""reporters"":[{""endpoint"":""https://comtradeapi.un.org/public/v1/preview/C/A/HS"",""reporterCode"":704,""reporterISO"":""VNM"",""flowCode"":""X"",""cmdCode"":""090111"",""period"":""2020,2021,2022,2023,2024,2025"",""includeDesc"":true},{""endpoint"":""https://comtradeapi.un.org/public/v1/preview/C/A/HS"",""reporterCode"":76,""reporterISO"":""BRA"",""flowCode"":""X"",""cmdCode"":""090111"",""period"":""2020,2021,2022,2023,2024,2025"",""includeDesc"":true},{""endpoint"":""https://comtradeapi.un.org/public/v1/preview/C/A/HS"",""reporterCode"":360,""reporterISO"":""IDN"",""flowCode"":""X"",""cmdCode"":""090111"",""period"":""2020,2021,2022,2023,2024,2025"",""includeDesc"":true}]}",C,A,20250101,2025,76,BRA,Brazil,400,JOR,Jordan,0,W00,World,X,Export,H6,090111,Coffee; not roasted or decaffeinated,C00,TOTAL CPC,0,TOTAL MOT,8,kg,15548000,11753900,0,69265144,true,false,true,"{""typeCode"":""C"",""freqCode"":""A"",""refPeriodId"":20250101,""refYear"":2025,""refMonth"":52,""period"":""2025"",""reporterCode"":76,""reporterISO"":""BRA"",""reporterDesc"":""Brazil"",""flowCode"":""X"",""flowDesc"":""Export"",""partnerCode"":400,""partnerISO"":""JOR"",""partnerDesc"":""Jordan"",""partner2Code"":0,""partner2ISO"":""W00"",""partner2Desc"":""World"",""classificationCode"":""H6"",""classificationSearchCode"":""HS"",""isOriginalClassification"":true,""cmdCode"":""090111"",""cmdDesc"":""Coffee; not roasted or decaffeinated"",""aggrLevel"":6,""isLeaf"":true,""customsCode"":""C00"",""customsDesc"":""TOTAL CPC"",""mosCode"":""0"",""motCode"":0,""motDesc"":""TOTAL MOT"",""qtyUnitCode"":8,""qtyUnitAbbr"":""kg"",""qty"":15548000,""isQtyEstimated"":false,""altQtyUnitCode"":21,""altQtyUnitAbbr"":""1000 KG"",""altQty"":15548,""isAltQtyEstimated"":false,""netWgt"":11753900,""isNetWgtEstimated"":false,""grossWgt"":0,""isGrossWgtEstimated"":false,""cifvalue"":null,""fobvalue"":69265144,""primaryValue"":69265144,""legacyEstimationFlag"":0,""isReported"":false,""isAggregate"":true}"
,UN Comtrade,https://comtradeapi.un.org/public/v1/preview/C/A/HS?reporterCode=76&flowCode=X&cmdCode=090111&period=2025&includeDesc=true,2026-05-30T18:34:22.015Z,"{""reporters"":[{""endpoint"":""https://comtradeapi.un.org/public/v1/preview/C/A/HS"",""reporterCode"":704,""reporterISO"":""VNM"",""flowCode"":""X"",""cmdCode"":""090111"",""period"":""2020,2021,2022,2023,2024,2025"",""includeDesc"":true},{""endpoint"":""https://comtradeapi.un.org/public/v1/preview/C/A/HS"",""reporterCode"":76,""reporterISO"":""BRA"",""flowCode"":""X"",""cmdCode"":""090111"",""period"":""2020,2021,2022,2023,2024,2025"",""includeDesc"":true},{""endpoint"":""https://comtradeapi.un.org/public/v1/preview/C/A/HS"",""reporterCode"":360,""reporterISO"":""IDN"",""flowCode"":""X"",""cmdCode"":""090111"",""period"":""2020,2021,2022,2023,2024,2025"",""includeDesc"":true}]}",C,A,20250101,2025,76,BRA,Brazil,410,KOR,Rep. of Korea,0,W00,World,X,Export,H6,090111,Coffee; not roasted or decaffeinated,C00,TOTAL CPC,0,TOTAL MOT,8,kg,121477024,53235605,0,358031480,true,false,true,"{""typeCode"":""C"",""freqCode"":""A"",""refPeriodId"":20250101,""refYear"":2025,""refMonth"":52,""period"":""2025"",""reporterCode"":76,""reporterISO"":""BRA"",""reporterDesc"":""Brazil"",""flowCode"":""X"",""flowDesc"":""Export"",""partnerCode"":410,""partnerISO"":""KOR"",""partnerDesc"":""Rep. of Korea"",""partner2Code"":0,""partner2ISO"":""W00"",""partner2Desc"":""World"",""classificationCode"":""H6"",""classificationSearchCode"":""HS"",""isOriginalClassification"":true,""cmdCode"":""090111"",""cmdDesc"":""Coffee; not roasted or decaffeinated"",""aggrLevel"":6,""isLeaf"":true,""customsCode"":""C00"",""customsDesc"":""TOTAL CPC"",""mosCode"":""0"",""motCode"":0,""motDesc"":""TOTAL MOT"",""qtyUnitCode"":8,""qtyUnitAbbr"":""kg"",""qty"":121477024,""isQtyEstimated"":false,""altQtyUnitCode"":-1,""altQtyUnitAbbr"":""N/A"",""altQty"":0,""isAltQtyEstimated"":false,""netWgt"":53235605,""isNetWgtEstimated"":false,""grossWgt"":0,""isGrossWgtEstimated"":false,""cifvalue"":null,""fobvalue"":358031480,""primaryValue"":358031480,""legacyEstimationFlag"":0,""isReported"":false,""isAggregate"":true}"
,UN Comtrade,https://comtradeapi.un.org/public/v1/preview/C/A/HS?reporterCode=76&flowCode=X&cmdCode=090111&period=2025&includeDesc=true,2026-05-30T18:34:22.015Z,"{""reporters"":[{""endpoint"":""https://comtradeapi.un.org/public/v1/preview/C/A/HS"",""reporterCode"":704,""reporterISO"":""VNM"",""flowCode"":""X"",""cmdCode"":""090111"",""period"":""2020,2021,2022,2023,2024,2025"",""includeDesc"":true},{""endpoint"":""https://comtradeapi.un.org/public/v1/preview/C/A/HS"",""reporterCode"":76,""reporterISO"":""BRA"",""flowCode"":""X"",""cmdCode"":""090111"",""period"":""2020,2021,2022,2023,2024,2025"",""includeDesc"":true},{""endpoint"":""https://comtradeapi.un.org/public/v1/preview/C/A/HS"",""reporterCode"":360,""reporterISO"":""IDN"",""flowCode"":""X"",""cmdCode"":""090111"",""period"":""2020,2021,2022,2023,2024,2025"",""includeDesc"":true}]}",C,A,20250101,2025,76,BRA,Brazil,414,KWT,Kuwait,0,W00,World,X,Export,H6,090111,Coffee; not roasted or decaffeinated,C00,TOTAL CPC,0,TOTAL MOT,8,kg,12195000,794060,0,5484727,true,false,true,"{""typeCode"":""C"",""freqCode"":""A"",""refPeriodId"":20250101,""refYear"":2025,""refMonth"":52,""period"":""2025"",""reporterCode"":76,""reporterISO"":""BRA"",""reporterDesc"":""Brazil"",""flowCode"":""X"",""flowDesc"":""Export"",""partnerCode"":414,""partnerISO"":""KWT"",""partnerDesc"":""Kuwait"",""partner2Code"":0,""partner2ISO"":""W00"",""partner2Desc"":""World"",""classificationCode"":""H6"",""classificationSearchCode"":""HS"",""isOriginalClassification"":true,""cmdCode"":""090111"",""cmdDesc"":""Coffee; not roasted or decaffeinated"",""aggrLevel"":6,""isLeaf"":true,""customsCode"":""C00"",""customsDesc"":""TOTAL CPC"",""mosCode"":""0"",""motCode"":0,""motDesc"":""TOTAL MOT"",""qtyUnitCode"":8,""qtyUnitAbbr"":""kg"",""qty"":12195000,""isQtyEstimated"":false,""altQtyUnitCode"":21,""altQtyUnitAbbr"":""1000 KG"",""altQty"":12195,""isAltQtyEstimated"":false,""netWgt"":794060,""isNetWgtEstimated"":false,""grossWgt"":0,""isGrossWgtEstimated"":false,""cifvalue"":null,""fobvalue"":5484727,""primaryValue"":5484727,""legacyEstimationFlag"":0,""isReported"":false,""isAggregate"":true}"
,UN Comtrade,https://comtradeapi.un.org/public/v1/preview/C/A/HS?reporterCode=76&flowCode=X&cmdCode=090111&period=2025&includeDesc=true,2026-05-30T18:34:22.015Z,"{""reporters"":[{""endpoint"":""https://comtradeapi.un.org/public/v1/preview/C/A/HS"",""reporterCode"":704,""reporterISO"":""VNM"",""flowCode"":""X"",""cmdCode"":""090111"",""period"":""2020,2021,2022,2023,2024,2025"",""includeDesc"":true},{""endpoint"":""https://comtradeapi.un.org/public/v1/preview/C/A/HS"",""reporterCode"":76,""reporterISO"":""BRA"",""flowCode"":""X"",""cmdCode"":""090111"",""period"":""2020,2021,2022,2023,2024,2025"",""includeDesc"":true},{""endpoint"":""https://comtradeapi.un.org/public/v1/preview/C/A/HS"",""reporterCode"":360,""reporterISO"":""IDN"",""flowCode"":""X"",""cmdCode"":""090111"",""period"":""2020,2021,2022,2023,2024,2025"",""includeDesc"":true}]}",C,A,20250101,2025,76,BRA,Brazil,422,LBN,Lebanon,0,W00,World,X,Export,H6,090111,Coffee; not roasted or decaffeinated,C00,TOTAL CPC,0,TOTAL MOT,8,kg,12961103,12983639,0,73534279,true,false,true,"{""typeCode"":""C"",""freqCode"":""A"",""refPeriodId"":20250101,""refYear"":2025,""refMonth"":52,""period"":""2025"",""reporterCode"":76,""reporterISO"":""BRA"",""reporterDesc"":""Brazil"",""flowCode"":""X"",""flowDesc"":""Export"",""partnerCode"":422,""partnerISO"":""LBN"",""partnerDesc"":""Lebanon"",""partner2Code"":0,""partner2ISO"":""W00"",""partner2Desc"":""World"",""classificationCode"":""H6"",""classificationSearchCode"":""HS"",""isOriginalClassification"":true,""cmdCode"":""090111"",""cmdDesc"":""Coffee; not roasted or decaffeinated"",""aggrLevel"":6,""isLeaf"":true,""customsCode"":""C00"",""customsDesc"":""TOTAL CPC"",""mosCode"":""0"",""motCode"":0,""motDesc"":""TOTAL MOT"",""qtyUnitCode"":8,""qtyUnitAbbr"":""kg"",""qty"":12961103,""isQtyEstimated"":false,""altQtyUnitCode"":-1,""altQtyUnitAbbr"":""N/A"",""altQty"":0,""isAltQtyEstimated"":false,""netWgt"":12983639,""isNetWgtEstimated"":false,""grossWgt"":0,""isGrossWgtEstimated"":false,""cifvalue"":null,""fobvalue"":73534279,""primaryValue"":73534279,""legacyEstimationFlag"":0,""isReported"":false,""isAggregate"":true}"
,UN Comtrade,https://comtradeapi.un.org/public/v1/preview/C/A/HS?reporterCode=76&flowCode=X&cmdCode=090111&period=2025&includeDesc=true,2026-05-30T18:34:22.015Z,"{""reporters"":[{""endpoint"":""https://comtradeapi.un.org/public/v1/preview/C/A/HS"",""reporterCode"":704,""reporterISO"":""VNM"",""flowCode"":""X"",""cmdCode"":""090111"",""period"":""2020,2021,2022,2023,2024,2025"",""includeDesc"":true},{""endpoint"":""https://comtradeapi.un.org/public/v1/preview/C/A/HS"",""reporterCode"":76,""reporterISO"":""BRA"",""flowCode"":""X"",""cmdCode"":""090111"",""period"":""2020,2021,2022,2023,2024,2025"",""includeDesc"":true},{""endpoint"":""https://comtradeapi.un.org/public/v1/preview/C/A/HS"",""reporterCode"":360,""reporterISO"":""IDN"",""flowCode"":""X"",""cmdCode"":""090111"",""period"":""2020,2021,2022,2023,2024,2025"",""includeDesc"":true}]}",C,A,20250101,2025,76,BRA,Brazil,426,LSO,Lesotho,0,W00,World,X,Export,H6,090111,Coffee; not roasted or decaffeinated,C00,TOTAL CPC,0,TOTAL MOT,8,kg,1.985,1.985,0,13,true,false,true,"{""typeCode"":""C"",""freqCode"":""A"",""refPeriodId"":20250101,""refYear"":2025,""refMonth"":52,""period"":""2025"",""reporterCode"":76,""reporterISO"":""BRA"",""reporterDesc"":""Brazil"",""flowCode"":""X"",""flowDesc"":""Export"",""partnerCode"":426,""partnerISO"":""LSO"",""partnerDesc"":""Lesotho"",""partner2Code"":0,""partner2ISO"":""W00"",""partner2Desc"":""World"",""classificationCode"":""H6"",""classificationSearchCode"":""HS"",""isOriginalClassification"":true,""cmdCode"":""090111"",""cmdDesc"":""Coffee; not roasted or decaffeinated"",""aggrLevel"":6,""isLeaf"":true,""customsCode"":""C00"",""customsDesc"":""TOTAL CPC"",""mosCode"":""0"",""motCode"":0,""motDesc"":""TOTAL MOT"",""qtyUnitCode"":8,""qtyUnitAbbr"":""kg"",""qty"":1.985,""isQtyEstimated"":true,""altQtyUnitCode"":8,""altQtyUnitAbbr"":""kg"",""altQty"":0,""isAltQtyEstimated"":false,""netWgt"":1.985,""isNetWgtEstimated"":true,""grossWgt"":0,""isGrossWgtEstimated"":false,""cifvalue"":null,""fobvalue"":13,""primaryValue"":13,""legacyEstimationFlag"":6,""isReported"":false,""isAggregate"":true}"
,UN Comtrade,https://comtradeapi.un.org/public/v1/preview/C/A/HS?reporterCode=76&flowCode=X&cmdCode=090111&period=2025&includeDesc=true,2026-05-30T18:34:22.015Z,"{""reporters"":[{""endpoint"":""https://comtradeapi.un.org/public/v1/preview/C/A/HS"",""reporterCode"":704,""reporterISO"":""VNM"",""flowCode"":""X"",""cmdCode"":""090111"",""period"":""2020,2021,2022,2023,2024,2025"",""includeDesc"":true},{""endpoint"":""https://comtradeapi.un.org/public/v1/preview/C/A/HS"",""reporterCode"":76,""reporterISO"":""BRA"",""flowCode"":""X"",""cmdCode"":""090111"",""period"":""2020,2021,2022,2023,2024,2025"",""includeDesc"":true},{""endpoint"":""https://comtradeapi.un.org/public/v1/preview/C/A/HS"",""reporterCode"":360,""reporterISO"":""IDN"",""flowCode"":""X"",""cmdCode"":""090111"",""period"":""2020,2021,2022,2023,2024,2025"",""includeDesc"":true}]}",C,A,20250101,2025,76,BRA,Brazil,428,LVA,Latvia,0,W00,World,X,Export,H6,090111,Coffee; not roasted or decaffeinated,C00,TOTAL CPC,0,TOTAL MOT,8,kg,7847000,7881380,0,56554265,true,false,true,"{""typeCode"":""C"",""freqCode"":""A"",""refPeriodId"":20250101,""refYear"":2025,""refMonth"":52,""period"":""2025"",""reporterCode"":76,""reporterISO"":""BRA"",""reporterDesc"":""Brazil"",""flowCode"":""X"",""flowDesc"":""Export"",""partnerCode"":428,""partnerISO"":""LVA"",""partnerDesc"":""Latvia"",""partner2Code"":0,""partner2ISO"":""W00"",""partner2Desc"":""World"",""classificationCode"":""H6"",""classificationSearchCode"":""HS"",""isOriginalClassification"":true,""cmdCode"":""090111"",""cmdDesc"":""Coffee; not roasted or decaffeinated"",""aggrLevel"":6,""isLeaf"":true,""customsCode"":""C00"",""customsDesc"":""TOTAL CPC"",""mosCode"":""0"",""motCode"":0,""motDesc"":""TOTAL MOT"",""qtyUnitCode"":8,""qtyUnitAbbr"":""kg"",""qty"":7847000,""isQtyEstimated"":false,""altQtyUnitCode"":21,""altQtyUnitAbbr"":""1000 KG"",""altQty"":7847,""isAltQtyEstimated"":false,""netWgt"":7881380,""isNetWgtEstimated"":false,""grossWgt"":0,""isGrossWgtEstimated"":false,""cifvalue"":null,""fobvalue"":56554265,""primaryValue"":56554265,""legacyEstimationFlag"":0,""isReported"":false,""isAggregate"":true}"
,UN Comtrade,https://comtradeapi.un.org/public/v1/preview/C/A/HS?reporterCode=76&flowCode=X&cmdCode=090111&period=2025&includeDesc=true,2026-05-30T18:34:22.015Z,"{""reporters"":[{""endpoint"":""https://comtradeapi.un.org/public/v1/preview/C/A/HS"",""reporterCode"":704,""reporterISO"":""VNM"",""flowCode"":""X"",""cmdCode"":""090111"",""period"":""2020,2021,2022,2023,2024,2025"",""includeDesc"":true},{""endpoint"":""https://comtradeapi.un.org/public/v1/preview/C/A/HS"",""reporterCode"":76,""reporterISO"":""BRA"",""flowCode"":""X"",""cmdCode"":""090111"",""period"":""2020,2021,2022,2023,2024,2025"",""includeDesc"":true},{""endpoint"":""https://comtradeapi.un.org/public/v1/preview/C/A/HS"",""reporterCode"":360,""reporterISO"":""IDN"",""flowCode"":""X"",""cmdCode"":""090111"",""period"":""2020,2021,2022,2023,2024,2025"",""includeDesc"":true}]}",C,A,20250101,2025,76,BRA,Brazil,430,LBR,Liberia,0,W00,World,X,Export,H6,090111,Coffee; not roasted or decaffeinated,C00,TOTAL CPC,0,TOTAL MOT,8,kg,412,412,0,8351,true,false,true,"{""typeCode"":""C"",""freqCode"":""A"",""refPeriodId"":20250101,""refYear"":2025,""refMonth"":52,""period"":""2025"",""reporterCode"":76,""reporterISO"":""BRA"",""reporterDesc"":""Brazil"",""flowCode"":""X"",""flowDesc"":""Export"",""partnerCode"":430,""partnerISO"":""LBR"",""partnerDesc"":""Liberia"",""partner2Code"":0,""partner2ISO"":""W00"",""partner2Desc"":""World"",""classificationCode"":""H6"",""classificationSearchCode"":""HS"",""isOriginalClassification"":true,""cmdCode"":""090111"",""cmdDesc"":""Coffee; not roasted or decaffeinated"",""aggrLevel"":6,""isLeaf"":true,""customsCode"":""C00"",""customsDesc"":""TOTAL CPC"",""mosCode"":""0"",""motCode"":0,""motDesc"":""TOTAL MOT"",""qtyUnitCode"":8,""qtyUnitAbbr"":""kg"",""qty"":412,""isQtyEstimated"":false,""altQtyUnitCode"":8,""altQtyUnitAbbr"":""kg"",""altQty"":412,""isAltQtyEstimated"":false,""netWgt"":412,""isNetWgtEstimated"":false,""grossWgt"":0,""isGrossWgtEstimated"":false,""cifvalue"":null,""fobvalue"":8351,""primaryValue"":8351,""legacyEstimationFlag"":0,""isReported"":false,""isAggregate"":true}"
,UN Comtrade,https://comtradeapi.un.org/public/v1/preview/C/A/HS?reporterCode=76&flowCode=X&cmdCode=090111&period=2025&includeDesc=true,2026-05-30T18:34:22.015Z,"{""reporters"":[{""endpoint"":""https://comtradeapi.un.org/public/v1/preview/C/A/HS"",""reporterCode"":704,""reporterISO"":""VNM"",""flowCode"":""X"",""cmdCode"":""090111"",""period"":""2020,2021,2022,2023,2024,2025"",""includeDesc"":true},{""endpoint"":""https://comtradeapi.un.org/public/v1/preview/C/A/HS"",""reporterCode"":76,""reporterISO"":""BRA"",""flowCode"":""X"",""cmdCode"":""090111"",""period"":""2020,2021,2022,2023,2024,2025"",""includeDesc"":true},{""endpoint"":""https://comtradeapi.un.org/public/v1/preview/C/A/HS"",""reporterCode"":360,""reporterISO"":""IDN"",""flowCode"":""X"",""cmdCode"":""090111"",""period"":""2020,2021,2022,2023,2024,2025"",""includeDesc"":true}]}",C,A,20250101,2025,76,BRA,Brazil,434,LBY,Libya,0,W00,World,X,Export,H6,090111,Coffee; not roasted or decaffeinated,C00,TOTAL CPC,0,TOTAL MOT,8,kg,57919000,5188700,0,30697977,true,false,true,"{""typeCode"":""C"",""freqCode"":""A"",""refPeriodId"":20250101,""refYear"":2025,""refMonth"":52,""period"":""2025"",""reporterCode"":76,""reporterISO"":""BRA"",""reporterDesc"":""Brazil"",""flowCode"":""X"",""flowDesc"":""Export"",""partnerCode"":434,""partnerISO"":""LBY"",""partnerDesc"":""Libya"",""partner2Code"":0,""partner2ISO"":""W00"",""partner2Desc"":""World"",""classificationCode"":""H6"",""classificationSearchCode"":""HS"",""isOriginalClassification"":true,""cmdCode"":""090111"",""cmdDesc"":""Coffee; not roasted or decaffeinated"",""aggrLevel"":6,""isLeaf"":true,""customsCode"":""C00"",""customsDesc"":""TOTAL CPC"",""mosCode"":""0"",""motCode"":0,""motDesc"":""TOTAL MOT"",""qtyUnitCode"":8,""qtyUnitAbbr"":""kg"",""qty"":57919000,""isQtyEstimated"":false,""altQtyUnitCode"":21,""altQtyUnitAbbr"":""1000 KG"",""altQty"":57919,""isAltQtyEstimated"":false,""netWgt"":5188700,""isNetWgtEstimated"":false,""grossWgt"":0,""isGrossWgtEstimated"":false,""cifvalue"":null,""fobvalue"":30697977,""primaryValue"":30697977,""legacyEstimationFlag"":0,""isReported"":false,""isAggregate"":true}"
,UN Comtrade,https://comtradeapi.un.org/public/v1/preview/C/A/HS?reporterCode=76&flowCode=X&cmdCode=090111&period=2025&includeDesc=true,2026-05-30T18:34:22.015Z,"{""reporters"":[{""endpoint"":""https://comtradeapi.un.org/public/v1/preview/C/A/HS"",""reporterCode"":704,""reporterISO"":""VNM"",""flowCode"":""X"",""cmdCode"":""090111"",""period"":""2020,2021,2022,2023,2024,2025"",""includeDesc"":true},{""endpoint"":""https://comtradeapi.un.org/public/v1/preview/C/A/HS"",""reporterCode"":76,""reporterISO"":""BRA"",""flowCode"":""X"",""cmdCode"":""090111"",""period"":""2020,2021,2022,2023,2024,2025"",""includeDesc"":true},{""endpoint"":""https://comtradeapi.un.org/public/v1/preview/C/A/HS"",""reporterCode"":360,""reporterISO"":""IDN"",""flowCode"":""X"",""cmdCode"":""090111"",""period"":""2020,2021,2022,2023,2024,2025"",""includeDesc"":true}]}",C,A,20250101,2025,76,BRA,Brazil,440,LTU,Lithuania,0,W00,World,X,Export,H6,090111,Coffee; not roasted or decaffeinated,C00,TOTAL CPC,0,TOTAL MOT,8,kg,3860000,1968450,0,14456895,true,false,true,"{""typeCode"":""C"",""freqCode"":""A"",""refPeriodId"":20250101,""refYear"":2025,""refMonth"":52,""period"":""2025"",""reporterCode"":76,""reporterISO"":""BRA"",""reporterDesc"":""Brazil"",""flowCode"":""X"",""flowDesc"":""Export"",""partnerCode"":440,""partnerISO"":""LTU"",""partnerDesc"":""Lithuania"",""partner2Code"":0,""partner2ISO"":""W00"",""partner2Desc"":""World"",""classificationCode"":""H6"",""classificationSearchCode"":""HS"",""isOriginalClassification"":true,""cmdCode"":""090111"",""cmdDesc"":""Coffee; not roasted or decaffeinated"",""aggrLevel"":6,""isLeaf"":true,""customsCode"":""C00"",""customsDesc"":""TOTAL CPC"",""mosCode"":""0"",""motCode"":0,""motDesc"":""TOTAL MOT"",""qtyUnitCode"":8,""qtyUnitAbbr"":""kg"",""qty"":3860000,""isQtyEstimated"":false,""altQtyUnitCode"":21,""altQtyUnitAbbr"":""1000 KG"",""altQty"":3860,""isAltQtyEstimated"":false,""netWgt"":1968450,""isNetWgtEstimated"":false,""grossWgt"":0,""isGrossWgtEstimated"":false,""cifvalue"":null,""fobvalue"":14456895,""primaryValue"":14456895,""legacyEstimationFlag"":0,""isReported"":false,""isAggregate"":true}"
,UN Comtrade,https://comtradeapi.un.org/public/v1/preview/C/A/HS?reporterCode=76&flowCode=X&cmdCode=090111&period=2025&includeDesc=true,2026-05-30T18:34:22.015Z,"{""reporters"":[{""endpoint"":""https://comtradeapi.un.org/public/v1/preview/C/A/HS"",""reporterCode"":704,""reporterISO"":""VNM"",""flowCode"":""X"",""cmdCode"":""090111"",""period"":""2020,2021,2022,2023,2024,2025"",""includeDesc"":true},{""endpoint"":""https://comtradeapi.un.org/public/v1/preview/C/A/HS"",""reporterCode"":76,""reporterISO"":""BRA"",""flowCode"":""X"",""cmdCode"":""090111"",""period"":""2020,2021,2022,2023,2024,2025"",""includeDesc"":true},{""endpoint"":""https://comtradeapi.un.org/public/v1/preview/C/A/HS"",""reporterCode"":360,""reporterISO"":""IDN"",""flowCode"":""X"",""cmdCode"":""090111"",""period"":""2020,2021,2022,2023,2024,2025"",""includeDesc"":true}]}",C,A,20250101,2025,76,BRA,Brazil,442,LUX,Luxembourg,0,W00,World,X,Export,H6,090111,Coffee; not roasted or decaffeinated,C00,TOTAL CPC,0,TOTAL MOT,8,kg,24000,23918,0,199737,true,false,true,"{""typeCode"":""C"",""freqCode"":""A"",""refPeriodId"":20250101,""refYear"":2025,""refMonth"":52,""period"":""2025"",""reporterCode"":76,""reporterISO"":""BRA"",""reporterDesc"":""Brazil"",""flowCode"":""X"",""flowDesc"":""Export"",""partnerCode"":442,""partnerISO"":""LUX"",""partnerDesc"":""Luxembourg"",""partner2Code"":0,""partner2ISO"":""W00"",""partner2Desc"":""World"",""classificationCode"":""H6"",""classificationSearchCode"":""HS"",""isOriginalClassification"":true,""cmdCode"":""090111"",""cmdDesc"":""Coffee; not roasted or decaffeinated"",""aggrLevel"":6,""isLeaf"":true,""customsCode"":""C00"",""customsDesc"":""TOTAL CPC"",""mosCode"":""0"",""motCode"":0,""motDesc"":""TOTAL MOT"",""qtyUnitCode"":8,""qtyUnitAbbr"":""kg"",""qty"":24000,""isQtyEstimated"":false,""altQtyUnitCode"":21,""altQtyUnitAbbr"":""1000 KG"",""altQty"":24,""isAltQtyEstimated"":false,""netWgt"":23918,""isNetWgtEstimated"":false,""grossWgt"":0,""isGrossWgtEstimated"":false,""cifvalue"":null,""fobvalue"":199737,""primaryValue"":199737,""legacyEstimationFlag"":0,""isReported"":false,""isAggregate"":true}"
,UN Comtrade,https://comtradeapi.un.org/public/v1/preview/C/A/HS?reporterCode=76&flowCode=X&cmdCode=090111&period=2025&includeDesc=true,2026-05-30T18:34:22.015Z,"{""reporters"":[{""endpoint"":""https://comtradeapi.un.org/public/v1/preview/C/A/HS"",""reporterCode"":704,""reporterISO"":""VNM"",""flowCode"":""X"",""cmdCode"":""090111"",""period"":""2020,2021,2022,2023,2024,2025"",""includeDesc"":true},{""endpoint"":""https://comtradeapi.un.org/public/v1/preview/C/A/HS"",""reporterCode"":76,""reporterISO"":""BRA"",""flowCode"":""X"",""cmdCode"":""090111"",""period"":""2020,2021,2022,2023,2024,2025"",""includeDesc"":true},{""endpoint"":""https://comtradeapi.un.org/public/v1/preview/C/A/HS"",""reporterCode"":360,""reporterISO"":""IDN"",""flowCode"":""X"",""cmdCode"":""090111"",""period"":""2020,2021,2022,2023,2024,2025"",""includeDesc"":true}]}",C,A,20250101,2025,76,BRA,Brazil,458,MYS,Malaysia,0,W00,World,X,Export,H6,090111,Coffee; not roasted or decaffeinated,C00,TOTAL CPC,0,TOTAL MOT,8,kg,16199198,16231798,0,115013508,true,false,true,"{""typeCode"":""C"",""freqCode"":""A"",""refPeriodId"":20250101,""refYear"":2025,""refMonth"":52,""period"":""2025"",""reporterCode"":76,""reporterISO"":""BRA"",""reporterDesc"":""Brazil"",""flowCode"":""X"",""flowDesc"":""Export"",""partnerCode"":458,""partnerISO"":""MYS"",""partnerDesc"":""Malaysia"",""partner2Code"":0,""partner2ISO"":""W00"",""partner2Desc"":""World"",""classificationCode"":""H6"",""classificationSearchCode"":""HS"",""isOriginalClassification"":true,""cmdCode"":""090111"",""cmdDesc"":""Coffee; not roasted or decaffeinated"",""aggrLevel"":6,""isLeaf"":true,""customsCode"":""C00"",""customsDesc"":""TOTAL CPC"",""mosCode"":""0"",""motCode"":0,""motDesc"":""TOTAL MOT"",""qtyUnitCode"":8,""qtyUnitAbbr"":""kg"",""qty"":16199198,""isQtyEstimated"":false,""altQtyUnitCode"":-1,""altQtyUnitAbbr"":""N/A"",""altQty"":0,""isAltQtyEstimated"":false,""netWgt"":16231798,""isNetWgtEstimated"":false,""grossWgt"":0,""isGrossWgtEstimated"":false,""cifvalue"":null,""fobvalue"":115013508,""primaryValue"":115013508,""legacyEstimationFlag"":0,""isReported"":false,""isAggregate"":true}"
,UN Comtrade,https://comtradeapi.un.org/public/v1/preview/C/A/HS?reporterCode=76&flowCode=X&cmdCode=090111&period=2025&includeDesc=true,2026-05-30T18:34:22.015Z,"{""reporters"":[{""endpoint"":""https://comtradeapi.un.org/public/v1/preview/C/A/HS"",""reporterCode"":704,""reporterISO"":""VNM"",""flowCode"":""X"",""cmdCode"":""090111"",""period"":""2020,2021,2022,2023,2024,2025"",""includeDesc"":true},{""endpoint"":""https://comtradeapi.un.org/public/v1/preview/C/A/HS"",""reporterCode"":76,""reporterISO"":""BRA"",""flowCode"":""X"",""cmdCode"":""090111"",""period"":""2020,2021,2022,2023,2024,2025"",""includeDesc"":true},{""endpoint"":""https://comtradeapi.un.org/public/v1/preview/C/A/HS"",""reporterCode"":360,""reporterISO"":""IDN"",""flowCode"":""X"",""cmdCode"":""090111"",""period"":""2020,2021,2022,2023,2024,2025"",""includeDesc"":true}]}",C,A,20250101,2025,76,BRA,Brazil,462,MDV,Maldives,0,W00,World,X,Export,H6,090111,Coffee; not roasted or decaffeinated,C00,TOTAL CPC,0,TOTAL MOT,8,kg,11000,10800,0,106084,true,false,true,"{""typeCode"":""C"",""freqCode"":""A"",""refPeriodId"":20250101,""refYear"":2025,""refMonth"":52,""period"":""2025"",""reporterCode"":76,""reporterISO"":""BRA"",""reporterDesc"":""Brazil"",""flowCode"":""X"",""flowDesc"":""Export"",""partnerCode"":462,""partnerISO"":""MDV"",""partnerDesc"":""Maldives"",""partner2Code"":0,""partner2ISO"":""W00"",""partner2Desc"":""World"",""classificationCode"":""H6"",""classificationSearchCode"":""HS"",""isOriginalClassification"":true,""cmdCode"":""090111"",""cmdDesc"":""Coffee; not roasted or decaffeinated"",""aggrLevel"":6,""isLeaf"":true,""customsCode"":""C00"",""customsDesc"":""TOTAL CPC"",""mosCode"":""0"",""motCode"":0,""motDesc"":""TOTAL MOT"",""qtyUnitCode"":8,""qtyUnitAbbr"":""kg"",""qty"":11000,""isQtyEstimated"":false,""altQtyUnitCode"":21,""altQtyUnitAbbr"":""1000 KG"",""altQty"":11,""isAltQtyEstimated"":false,""netWgt"":10800,""isNetWgtEstimated"":false,""grossWgt"":0,""isGrossWgtEstimated"":false,""cifvalue"":null,""fobvalue"":106084,""primaryValue"":106084,""legacyEstimationFlag"":0,""isReported"":false,""isAggregate"":true}"
,UN Comtrade,https://comtradeapi.un.org/public/v1/preview/C/A/HS?reporterCode=76&flowCode=X&cmdCode=090111&period=2025&includeDesc=true,2026-05-30T18:34:22.015Z,"{""reporters"":[{""endpoint"":""https://comtradeapi.un.org/public/v1/preview/C/A/HS"",""reporterCode"":704,""reporterISO"":""VNM"",""flowCode"":""X"",""cmdCode"":""090111"",""period"":""2020,2021,2022,2023,2024,2025"",""includeDesc"":true},{""endpoint"":""https://comtradeapi.un.org/public/v1/preview/C/A/HS"",""reporterCode"":76,""reporterISO"":""BRA"",""flowCode"":""X"",""cmdCode"":""090111"",""period"":""2020,2021,2022,2023,2024,2025"",""includeDesc"":true},{""endpoint"":""https://comtradeapi.un.org/public/v1/preview/C/A/HS"",""reporterCode"":360,""reporterISO"":""IDN"",""flowCode"":""X"",""cmdCode"":""090111"",""period"":""2020,2021,2022,2023,2024,2025"",""includeDesc"":true}]}",C,A,20250101,2025,76,BRA,Brazil,470,MLT,Malta,0,W00,World,X,Export,H6,090111,Coffee; not roasted or decaffeinated,C00,TOTAL CPC,0,TOTAL MOT,8,kg,119,119,0,2597,true,false,true,"{""typeCode"":""C"",""freqCode"":""A"",""refPeriodId"":20250101,""refYear"":2025,""refMonth"":52,""period"":""2025"",""reporterCode"":76,""reporterISO"":""BRA"",""reporterDesc"":""Brazil"",""flowCode"":""X"",""flowDesc"":""Export"",""partnerCode"":470,""partnerISO"":""MLT"",""partnerDesc"":""Malta"",""partner2Code"":0,""partner2ISO"":""W00"",""partner2Desc"":""World"",""classificationCode"":""H6"",""classificationSearchCode"":""HS"",""isOriginalClassification"":true,""cmdCode"":""090111"",""cmdDesc"":""Coffee; not roasted or decaffeinated"",""aggrLevel"":6,""isLeaf"":true,""customsCode"":""C00"",""customsDesc"":""TOTAL CPC"",""mosCode"":""0"",""motCode"":0,""motDesc"":""TOTAL MOT"",""qtyUnitCode"":8,""qtyUnitAbbr"":""kg"",""qty"":119,""isQtyEstimated"":false,""altQtyUnitCode"":-1,""altQtyUnitAbbr"":""N/A"",""altQty"":0,""isAltQtyEstimated"":false,""netWgt"":119,""isNetWgtEstimated"":false,""grossWgt"":0,""isGrossWgtEstimated"":false,""cifvalue"":null,""fobvalue"":2597,""primaryValue"":2597,""legacyEstimationFlag"":0,""isReported"":false,""isAggregate"":true}"
,UN Comtrade,https://comtradeapi.un.org/public/v1/preview/C/A/HS?reporterCode=76&flowCode=X&cmdCode=090111&period=2025&includeDesc=true,2026-05-30T18:34:22.015Z,"{""reporters"":[{""endpoint"":""https://comtradeapi.un.org/public/v1/preview/C/A/HS"",""reporterCode"":704,""reporterISO"":""VNM"",""flowCode"":""X"",""cmdCode"":""090111"",""period"":""2020,2021,2022,2023,2024,2025"",""includeDesc"":true},{""endpoint"":""https://comtradeapi.un.org/public/v1/preview/C/A/HS"",""reporterCode"":76,""reporterISO"":""BRA"",""flowCode"":""X"",""cmdCode"":""090111"",""period"":""2020,2021,2022,2023,2024,2025"",""includeDesc"":true},{""endpoint"":""https://comtradeapi.un.org/public/v1/preview/C/A/HS"",""reporterCode"":360,""reporterISO"":""IDN"",""flowCode"":""X"",""cmdCode"":""090111"",""period"":""2020,2021,2022,2023,2024,2025"",""includeDesc"":true}]}",C,A,20250101,2025,76,BRA,Brazil,484,MEX,Mexico,0,W00,World,X,Export,H6,090111,Coffee; not roasted or decaffeinated,C00,TOTAL CPC,0,TOTAL MOT,-1,N/A,0,51322200,0,234617807,true,false,true,"{""typeCode"":""C"",""freqCode"":""A"",""refPeriodId"":20250101,""refYear"":2025,""refMonth"":52,""period"":""2025"",""reporterCode"":76,""reporterISO"":""BRA"",""reporterDesc"":""Brazil"",""flowCode"":""X"",""flowDesc"":""Export"",""partnerCode"":484,""partnerISO"":""MEX"",""partnerDesc"":""Mexico"",""partner2Code"":0,""partner2ISO"":""W00"",""partner2Desc"":""World"",""classificationCode"":""H6"",""classificationSearchCode"":""HS"",""isOriginalClassification"":true,""cmdCode"":""090111"",""cmdDesc"":""Coffee; not roasted or decaffeinated"",""aggrLevel"":6,""isLeaf"":true,""customsCode"":""C00"",""customsDesc"":""TOTAL CPC"",""mosCode"":""0"",""motCode"":0,""motDesc"":""TOTAL MOT"",""qtyUnitCode"":-1,""qtyUnitAbbr"":""N/A"",""qty"":0,""isQtyEstimated"":false,""altQtyUnitCode"":21,""altQtyUnitAbbr"":""1000 KG"",""altQty"":26051300,""isAltQtyEstimated"":false,""netWgt"":51322200,""isNetWgtEstimated"":false,""grossWgt"":0,""isGrossWgtEstimated"":false,""cifvalue"":null,""fobvalue"":234617807,""primaryValue"":234617807,""legacyEstimationFlag"":0,""isReported"":false,""isAggregate"":true}"
,UN Comtrade,https://comtradeapi.un.org/public/v1/preview/C/A/HS?reporterCode=76&flowCode=X&cmdCode=090111&period=2025&includeDesc=true,2026-05-30T18:34:22.015Z,"{""reporters"":[{""endpoint"":""https://comtradeapi.un.org/public/v1/preview/C/A/HS"",""reporterCode"":704,""reporterISO"":""VNM"",""flowCode"":""X"",""cmdCode"":""090111"",""period"":""2020,2021,2022,2023,2024,2025"",""includeDesc"":true},{""endpoint"":""https://comtradeapi.un.org/public/v1/preview/C/A/HS"",""reporterCode"":76,""reporterISO"":""BRA"",""flowCode"":""X"",""cmdCode"":""090111"",""period"":""2020,2021,2022,2023,2024,2025"",""includeDesc"":true},{""endpoint"":""https://comtradeapi.un.org/public/v1/preview/C/A/HS"",""reporterCode"":360,""reporterISO"":""IDN"",""flowCode"":""X"",""cmdCode"":""090111"",""period"":""2020,2021,2022,2023,2024,2025"",""includeDesc"":true}]}",C,A,20250101,2025,76,BRA,Brazil,490,S19,"Other Asia, nes",0,W00,World,X,Export,H6,090111,Coffee; not roasted or decaffeinated,C00,TOTAL CPC,0,TOTAL MOT,8,kg,14093000,13893310,0,92792995,true,false,true,"{""typeCode"":""C"",""freqCode"":""A"",""refPeriodId"":20250101,""refYear"":2025,""refMonth"":52,""period"":""2025"",""reporterCode"":76,""reporterISO"":""BRA"",""reporterDesc"":""Brazil"",""flowCode"":""X"",""flowDesc"":""Export"",""partnerCode"":490,""partnerISO"":""S19"",""partnerDesc"":""Other Asia, nes"",""partner2Code"":0,""partner2ISO"":""W00"",""partner2Desc"":""World"",""classificationCode"":""H6"",""classificationSearchCode"":""HS"",""isOriginalClassification"":true,""cmdCode"":""090111"",""cmdDesc"":""Coffee; not roasted or decaffeinated"",""aggrLevel"":6,""isLeaf"":true,""customsCode"":""C00"",""customsDesc"":""TOTAL CPC"",""mosCode"":""0"",""motCode"":0,""motDesc"":""TOTAL MOT"",""qtyUnitCode"":8,""qtyUnitAbbr"":""kg"",""qty"":14093000,""isQtyEstimated"":false,""altQtyUnitCode"":21,""altQtyUnitAbbr"":""1000 KG"",""altQty"":14093,""isAltQtyEstimated"":false,""netWgt"":13893310,""isNetWgtEstimated"":false,""grossWgt"":0,""isGrossWgtEstimated"":false,""cifvalue"":null,""fobvalue"":92792995,""primaryValue"":92792995,""legacyEstimationFlag"":0,""isReported"":false,""isAggregate"":true}"
,UN Comtrade,https://comtradeapi.un.org/public/v1/preview/C/A/HS?reporterCode=76&flowCode=X&cmdCode=090111&period=2025&includeDesc=true,2026-05-30T18:34:22.015Z,"{""reporters"":[{""endpoint"":""https://comtradeapi.un.org/public/v1/preview/C/A/HS"",""reporterCode"":704,""reporterISO"":""VNM"",""flowCode"":""X"",""cmdCode"":""090111"",""period"":""2020,2021,2022,2023,2024,2025"",""includeDesc"":true},{""endpoint"":""https://comtradeapi.un.org/public/v1/preview/C/A/HS"",""reporterCode"":76,""reporterISO"":""BRA"",""flowCode"":""X"",""cmdCode"":""090111"",""period"":""2020,2021,2022,2023,2024,2025"",""includeDesc"":true},{""endpoint"":""https://comtradeapi.un.org/public/v1/preview/C/A/HS"",""reporterCode"":360,""reporterISO"":""IDN"",""flowCode"":""X"",""cmdCode"":""090111"",""period"":""2020,2021,2022,2023,2024,2025"",""includeDesc"":true}]}",C,A,20250101,2025,76,BRA,Brazil,499,MNE,Montenegro,0,W00,World,X,Export,H6,090111,Coffee; not roasted or decaffeinated,C00,TOTAL CPC,0,TOTAL MOT,8,kg,7770000,7769370,0,41494647,true,false,true,"{""typeCode"":""C"",""freqCode"":""A"",""refPeriodId"":20250101,""refYear"":2025,""refMonth"":52,""period"":""2025"",""reporterCode"":76,""reporterISO"":""BRA"",""reporterDesc"":""Brazil"",""flowCode"":""X"",""flowDesc"":""Export"",""partnerCode"":499,""partnerISO"":""MNE"",""partnerDesc"":""Montenegro"",""partner2Code"":0,""partner2ISO"":""W00"",""partner2Desc"":""World"",""classificationCode"":""H6"",""classificationSearchCode"":""HS"",""isOriginalClassification"":true,""cmdCode"":""090111"",""cmdDesc"":""Coffee; not roasted or decaffeinated"",""aggrLevel"":6,""isLeaf"":true,""customsCode"":""C00"",""customsDesc"":""TOTAL CPC"",""mosCode"":""0"",""motCode"":0,""motDesc"":""TOTAL MOT"",""qtyUnitCode"":8,""qtyUnitAbbr"":""kg"",""qty"":7770000,""isQtyEstimated"":false,""altQtyUnitCode"":21,""altQtyUnitAbbr"":""1000 KG"",""altQty"":7770,""isAltQtyEstimated"":false,""netWgt"":7769370,""isNetWgtEstimated"":false,""grossWgt"":0,""isGrossWgtEstimated"":false,""cifvalue"":null,""fobvalue"":41494647,""primaryValue"":41494647,""legacyEstimationFlag"":0,""isReported"":false,""isAggregate"":true}"
,UN Comtrade,https://comtradeapi.un.org/public/v1/preview/C/A/HS?reporterCode=76&flowCode=X&cmdCode=090111&period=2025&includeDesc=true,2026-05-30T18:34:22.015Z,"{""reporters"":[{""endpoint"":""https://comtradeapi.un.org/public/v1/preview/C/A/HS"",""reporterCode"":704,""reporterISO"":""VNM"",""flowCode"":""X"",""cmdCode"":""090111"",""period"":""2020,2021,2022,2023,2024,2025"",""includeDesc"":true},{""endpoint"":""https://comtradeapi.un.org/public/v1/preview/C/A/HS"",""reporterCode"":76,""reporterISO"":""BRA"",""flowCode"":""X"",""cmdCode"":""090111"",""period"":""2020,2021,2022,2023,2024,2025"",""includeDesc"":true},{""endpoint"":""https://comtradeapi.un.org/public/v1/preview/C/A/HS"",""reporterCode"":360,""reporterISO"":""IDN"",""flowCode"":""X"",""cmdCode"":""090111"",""period"":""2020,2021,2022,2023,2024,2025"",""includeDesc"":true}]}",C,A,20250101,2025,76,BRA,Brazil,504,MAR,Morocco,0,W00,World,X,Export,H6,090111,Coffee; not roasted or decaffeinated,C00,TOTAL CPC,0,TOTAL MOT,8,kg,2006000,2008820,0,8865903,true,false,true,"{""typeCode"":""C"",""freqCode"":""A"",""refPeriodId"":20250101,""refYear"":2025,""refMonth"":52,""period"":""2025"",""reporterCode"":76,""reporterISO"":""BRA"",""reporterDesc"":""Brazil"",""flowCode"":""X"",""flowDesc"":""Export"",""partnerCode"":504,""partnerISO"":""MAR"",""partnerDesc"":""Morocco"",""partner2Code"":0,""partner2ISO"":""W00"",""partner2Desc"":""World"",""classificationCode"":""H6"",""classificationSearchCode"":""HS"",""isOriginalClassification"":true,""cmdCode"":""090111"",""cmdDesc"":""Coffee; not roasted or decaffeinated"",""aggrLevel"":6,""isLeaf"":true,""customsCode"":""C00"",""customsDesc"":""TOTAL CPC"",""mosCode"":""0"",""motCode"":0,""motDesc"":""TOTAL MOT"",""qtyUnitCode"":8,""qtyUnitAbbr"":""kg"",""qty"":2006000,""isQtyEstimated"":false,""altQtyUnitCode"":21,""altQtyUnitAbbr"":""1000 KG"",""altQty"":2006,""isAltQtyEstimated"":false,""netWgt"":2008820,""isNetWgtEstimated"":false,""grossWgt"":0,""isGrossWgtEstimated"":false,""cifvalue"":null,""fobvalue"":8865903,""primaryValue"":8865903,""legacyEstimationFlag"":0,""isReported"":false,""isAggregate"":true}"
,UN Comtrade,https://comtradeapi.un.org/public/v1/preview/C/A/HS?reporterCode=76&flowCode=X&cmdCode=090111&period=2025&includeDesc=true,2026-05-30T18:34:22.015Z,"{""reporters"":[{""endpoint"":""https://comtradeapi.un.org/public/v1/preview/C/A/HS"",""reporterCode"":704,""reporterISO"":""VNM"",""flowCode"":""X"",""cmdCode"":""090111"",""period"":""2020,2021,2022,2023,2024,2025"",""includeDesc"":true},{""endpoint"":""https://comtradeapi.un.org/public/v1/preview/C/A/HS"",""reporterCode"":76,""reporterISO"":""BRA"",""flowCode"":""X"",""cmdCode"":""090111"",""period"":""2020,2021,2022,2023,2024,2025"",""includeDesc"":true},{""endpoint"":""https://comtradeapi.un.org/public/v1/preview/C/A/HS"",""reporterCode"":360,""reporterISO"":""IDN"",""flowCode"":""X"",""cmdCode"":""090111"",""period"":""2020,2021,2022,2023,2024,2025"",""includeDesc"":true}]}",C,A,20250101,2025,76,BRA,Brazil,508,MOZ,Mozambique,0,W00,World,X,Export,H6,090111,Coffee; not roasted or decaffeinated,C00,TOTAL CPC,0,TOTAL MOT,-1,N/A,0,478,0,1080,true,false,true,"{""typeCode"":""C"",""freqCode"":""A"",""refPeriodId"":20250101,""refYear"":2025,""refMonth"":52,""period"":""2025"",""reporterCode"":76,""reporterISO"":""BRA"",""reporterDesc"":""Brazil"",""flowCode"":""X"",""flowDesc"":""Export"",""partnerCode"":508,""partnerISO"":""MOZ"",""partnerDesc"":""Mozambique"",""partner2Code"":0,""partner2ISO"":""W00"",""partner2Desc"":""World"",""classificationCode"":""H6"",""classificationSearchCode"":""HS"",""isOriginalClassification"":true,""cmdCode"":""090111"",""cmdDesc"":""Coffee; not roasted or decaffeinated"",""aggrLevel"":6,""isLeaf"":true,""customsCode"":""C00"",""customsDesc"":""TOTAL CPC"",""mosCode"":""0"",""motCode"":0,""motDesc"":""TOTAL MOT"",""qtyUnitCode"":-1,""qtyUnitAbbr"":""N/A"",""qty"":0,""isQtyEstimated"":false,""altQtyUnitCode"":21,""altQtyUnitAbbr"":""1000 KG"",""altQty"":450,""isAltQtyEstimated"":false,""netWgt"":478,""isNetWgtEstimated"":false,""grossWgt"":0,""isGrossWgtEstimated"":false,""cifvalue"":null,""fobvalue"":1080,""primaryValue"":1080,""legacyEstimationFlag"":0,""isReported"":false,""isAggregate"":true}"
,UN Comtrade,https://comtradeapi.un.org/public/v1/preview/C/A/HS?reporterCode=76&flowCode=X&cmdCode=090111&period=2025&includeDesc=true,2026-05-30T18:34:22.015Z,"{""reporters"":[{""endpoint"":""https://comtradeapi.un.org/public/v1/preview/C/A/HS"",""reporterCode"":704,""reporterISO"":""VNM"",""flowCode"":""X"",""cmdCode"":""090111"",""period"":""2020,2021,2022,2023,2024,2025"",""includeDesc"":true},{""endpoint"":""https://comtradeapi.un.org/public/v1/preview/C/A/HS"",""reporterCode"":76,""reporterISO"":""BRA"",""flowCode"":""X"",""cmdCode"":""090111"",""period"":""2020,2021,2022,2023,2024,2025"",""includeDesc"":true},{""endpoint"":""https://comtradeapi.un.org/public/v1/preview/C/A/HS"",""reporterCode"":360,""reporterISO"":""IDN"",""flowCode"":""X"",""cmdCode"":""090111"",""period"":""2020,2021,2022,2023,2024,2025"",""includeDesc"":true}]}",C,A,20250101,2025,76,BRA,Brazil,512,OMN,Oman,0,W00,World,X,Export,H6,090111,Coffee; not roasted or decaffeinated,C00,TOTAL CPC,0,TOTAL MOT,8,kg,794000,802365,0,4794597,true,false,true,"{""typeCode"":""C"",""freqCode"":""A"",""refPeriodId"":20250101,""refYear"":2025,""refMonth"":52,""period"":""2025"",""reporterCode"":76,""reporterISO"":""BRA"",""reporterDesc"":""Brazil"",""flowCode"":""X"",""flowDesc"":""Export"",""partnerCode"":512,""partnerISO"":""OMN"",""partnerDesc"":""Oman"",""partner2Code"":0,""partner2ISO"":""W00"",""partner2Desc"":""World"",""classificationCode"":""H6"",""classificationSearchCode"":""HS"",""isOriginalClassification"":true,""cmdCode"":""090111"",""cmdDesc"":""Coffee; not roasted or decaffeinated"",""aggrLevel"":6,""isLeaf"":true,""customsCode"":""C00"",""customsDesc"":""TOTAL CPC"",""mosCode"":""0"",""motCode"":0,""motDesc"":""TOTAL MOT"",""qtyUnitCode"":8,""qtyUnitAbbr"":""kg"",""qty"":794000,""isQtyEstimated"":false,""altQtyUnitCode"":21,""altQtyUnitAbbr"":""1000 KG"",""altQty"":794,""isAltQtyEstimated"":false,""netWgt"":802365,""isNetWgtEstimated"":false,""grossWgt"":0,""isGrossWgtEstimated"":false,""cifvalue"":null,""fobvalue"":4794597,""primaryValue"":4794597,""legacyEstimationFlag"":0,""isReported"":false,""isAggregate"":true}"
,UN Comtrade,https://comtradeapi.un.org/public/v1/preview/C/A/HS?reporterCode=76&flowCode=X&cmdCode=090111&period=2025&includeDesc=true,2026-05-30T18:34:22.015Z,"{""reporters"":[{""endpoint"":""https://comtradeapi.un.org/public/v1/preview/C/A/HS"",""reporterCode"":704,""reporterISO"":""VNM"",""flowCode"":""X"",""cmdCode"":""090111"",""period"":""2020,2021,2022,2023,2024,2025"",""includeDesc"":true},{""endpoint"":""https://comtradeapi.un.org/public/v1/preview/C/A/HS"",""reporterCode"":76,""reporterISO"":""BRA"",""flowCode"":""X"",""cmdCode"":""090111"",""period"":""2020,2021,2022,2023,2024,2025"",""includeDesc"":true},{""endpoint"":""https://comtradeapi.un.org/public/v1/preview/C/A/HS"",""reporterCode"":360,""reporterISO"":""IDN"",""flowCode"":""X"",""cmdCode"":""090111"",""period"":""2020,2021,2022,2023,2024,2025"",""includeDesc"":true}]}",C,A,20250101,2025,76,BRA,Brazil,528,NLD,Netherlands,0,W00,World,X,Export,H6,090111,Coffee; not roasted or decaffeinated,C00,TOTAL CPC,0,TOTAL MOT,8,kg,610030097,85193497,0,575186887,true,false,true,"{""typeCode"":""C"",""freqCode"":""A"",""refPeriodId"":20250101,""refYear"":2025,""refMonth"":52,""period"":""2025"",""reporterCode"":76,""reporterISO"":""BRA"",""reporterDesc"":""Brazil"",""flowCode"":""X"",""flowDesc"":""Export"",""partnerCode"":528,""partnerISO"":""NLD"",""partnerDesc"":""Netherlands"",""partner2Code"":0,""partner2ISO"":""W00"",""partner2Desc"":""World"",""classificationCode"":""H6"",""classificationSearchCode"":""HS"",""isOriginalClassification"":true,""cmdCode"":""090111"",""cmdDesc"":""Coffee; not roasted or decaffeinated"",""aggrLevel"":6,""isLeaf"":true,""customsCode"":""C00"",""customsDesc"":""TOTAL CPC"",""mosCode"":""0"",""motCode"":0,""motDesc"":""TOTAL MOT"",""qtyUnitCode"":8,""qtyUnitAbbr"":""kg"",""qty"":610030097,""isQtyEstimated"":false,""altQtyUnitCode"":-1,""altQtyUnitAbbr"":""N/A"",""altQty"":0,""isAltQtyEstimated"":false,""netWgt"":85193497,""isNetWgtEstimated"":false,""grossWgt"":0,""isGrossWgtEstimated"":false,""cifvalue"":null,""fobvalue"":575186887,""primaryValue"":575186887,""legacyEstimationFlag"":0,""isReported"":false,""isAggregate"":true}"
,UN Comtrade,https://comtradeapi.un.org/public/v1/preview/C/A/HS?reporterCode=76&flowCode=X&cmdCode=090111&period=2025&includeDesc=true,2026-05-30T18:34:22.015Z,"{""reporters"":[{""endpoint"":""https://comtradeapi.un.org/public/v1/preview/C/A/HS"",""reporterCode"":704,""reporterISO"":""VNM"",""flowCode"":""X"",""cmdCode"":""090111"",""period"":""2020,2021,2022,2023,2024,2025"",""includeDesc"":true},{""endpoint"":""https://comtradeapi.un.org/public/v1/preview/C/A/HS"",""reporterCode"":76,""reporterISO"":""BRA"",""flowCode"":""X"",""cmdCode"":""090111"",""period"":""2020,2021,2022,2023,2024,2025"",""includeDesc"":true},{""endpoint"":""https://comtradeapi.un.org/public/v1/preview/C/A/HS"",""reporterCode"":360,""reporterISO"":""IDN"",""flowCode"":""X"",""cmdCode"":""090111"",""period"":""2020,2021,2022,2023,2024,2025"",""includeDesc"":true}]}",C,A,20250101,2025,76,BRA,Brazil,531,CUW,Curaçao,0,W00,World,X,Export,H6,090111,Coffee; not roasted or decaffeinated,C00,TOTAL CPC,0,TOTAL MOT,-1,N/A,0,300,0,5019,true,false,true,"{""typeCode"":""C"",""freqCode"":""A"",""refPeriodId"":20250101,""refYear"":2025,""refMonth"":52,""period"":""2025"",""reporterCode"":76,""reporterISO"":""BRA"",""reporterDesc"":""Brazil"",""flowCode"":""X"",""flowDesc"":""Export"",""partnerCode"":531,""partnerISO"":""CUW"",""partnerDesc"":""Curaçao"",""partner2Code"":0,""partner2ISO"":""W00"",""partner2Desc"":""World"",""classificationCode"":""H6"",""classificationSearchCode"":""HS"",""isOriginalClassification"":true,""cmdCode"":""090111"",""cmdDesc"":""Coffee; not roasted or decaffeinated"",""aggrLevel"":6,""isLeaf"":true,""customsCode"":""C00"",""customsDesc"":""TOTAL CPC"",""mosCode"":""0"",""motCode"":0,""motDesc"":""TOTAL MOT"",""qtyUnitCode"":-1,""qtyUnitAbbr"":""N/A"",""qty"":0,""isQtyEstimated"":false,""altQtyUnitCode"":21,""altQtyUnitAbbr"":""1000 KG"",""altQty"":300,""isAltQtyEstimated"":false,""netWgt"":300,""isNetWgtEstimated"":false,""grossWgt"":0,""isGrossWgtEstimated"":false,""cifvalue"":null,""fobvalue"":5019,""primaryValue"":5019,""legacyEstimationFlag"":0,""isReported"":false,""isAggregate"":true}"
,UN Comtrade,https://comtradeapi.un.org/public/v1/preview/C/A/HS?reporterCode=76&flowCode=X&cmdCode=090111&period=2025&includeDesc=true,2026-05-30T18:34:22.015Z,"{""reporters"":[{""endpoint"":""https://comtradeapi.un.org/public/v1/preview/C/A/HS"",""reporterCode"":704,""reporterISO"":""VNM"",""flowCode"":""X"",""cmdCode"":""090111"",""period"":""2020,2021,2022,2023,2024,2025"",""includeDesc"":true},{""endpoint"":""https://comtradeapi.un.org/public/v1/preview/C/A/HS"",""reporterCode"":76,""reporterISO"":""BRA"",""flowCode"":""X"",""cmdCode"":""090111"",""period"":""2020,2021,2022,2023,2024,2025"",""includeDesc"":true},{""endpoint"":""https://comtradeapi.un.org/public/v1/preview/C/A/HS"",""reporterCode"":360,""reporterISO"":""IDN"",""flowCode"":""X"",""cmdCode"":""090111"",""period"":""2020,2021,2022,2023,2024,2025"",""includeDesc"":true}]}",C,A,20250101,2025,76,BRA,Brazil,554,NZL,New Zealand,0,W00,World,X,Export,H6,090111,Coffee; not roasted or decaffeinated,C00,TOTAL CPC,0,TOTAL MOT,8,kg,6176000,4057760,0,29228321,true,false,true,"{""typeCode"":""C"",""freqCode"":""A"",""refPeriodId"":20250101,""refYear"":2025,""refMonth"":52,""period"":""2025"",""reporterCode"":76,""reporterISO"":""BRA"",""reporterDesc"":""Brazil"",""flowCode"":""X"",""flowDesc"":""Export"",""partnerCode"":554,""partnerISO"":""NZL"",""partnerDesc"":""New Zealand"",""partner2Code"":0,""partner2ISO"":""W00"",""partner2Desc"":""World"",""classificationCode"":""H6"",""classificationSearchCode"":""HS"",""isOriginalClassification"":true,""cmdCode"":""090111"",""cmdDesc"":""Coffee; not roasted or decaffeinated"",""aggrLevel"":6,""isLeaf"":true,""customsCode"":""C00"",""customsDesc"":""TOTAL CPC"",""mosCode"":""0"",""motCode"":0,""motDesc"":""TOTAL MOT"",""qtyUnitCode"":8,""qtyUnitAbbr"":""kg"",""qty"":6176000,""isQtyEstimated"":false,""altQtyUnitCode"":21,""altQtyUnitAbbr"":""1000 KG"",""altQty"":6176,""isAltQtyEstimated"":false,""netWgt"":4057760,""isNetWgtEstimated"":false,""grossWgt"":0,""isGrossWgtEstimated"":false,""cifvalue"":null,""fobvalue"":29228321,""primaryValue"":29228321,""legacyEstimationFlag"":0,""isReported"":false,""isAggregate"":true}"
,UN Comtrade,https://comtradeapi.un.org/public/v1/preview/C/A/HS?reporterCode=76&flowCode=X&cmdCode=090111&period=2025&includeDesc=true,2026-05-30T18:34:22.015Z,"{""reporters"":[{""endpoint"":""https://comtradeapi.un.org/public/v1/preview/C/A/HS"",""reporterCode"":704,""reporterISO"":""VNM"",""flowCode"":""X"",""cmdCode"":""090111"",""period"":""2020,2021,2022,2023,2024,2025"",""includeDesc"":true},{""endpoint"":""https://comtradeapi.un.org/public/v1/preview/C/A/HS"",""reporterCode"":76,""reporterISO"":""BRA"",""flowCode"":""X"",""cmdCode"":""090111"",""period"":""2020,2021,2022,2023,2024,2025"",""includeDesc"":true},{""endpoint"":""https://comtradeapi.un.org/public/v1/preview/C/A/HS"",""reporterCode"":360,""reporterISO"":""IDN"",""flowCode"":""X"",""cmdCode"":""090111"",""period"":""2020,2021,2022,2023,2024,2025"",""includeDesc"":true}]}",C,A,20250101,2025,76,BRA,Brazil,579,NOR,Norway,0,W00,World,X,Export,H6,090111,Coffee; not roasted or decaffeinated,C00,TOTAL CPC,0,TOTAL MOT,8,kg,13868063,13864563,0,103962716,true,false,true,"{""typeCode"":""C"",""freqCode"":""A"",""refPeriodId"":20250101,""refYear"":2025,""refMonth"":52,""period"":""2025"",""reporterCode"":76,""reporterISO"":""BRA"",""reporterDesc"":""Brazil"",""flowCode"":""X"",""flowDesc"":""Export"",""partnerCode"":579,""partnerISO"":""NOR"",""partnerDesc"":""Norway"",""partner2Code"":0,""partner2ISO"":""W00"",""partner2Desc"":""World"",""classificationCode"":""H6"",""classificationSearchCode"":""HS"",""isOriginalClassification"":true,""cmdCode"":""090111"",""cmdDesc"":""Coffee; not roasted or decaffeinated"",""aggrLevel"":6,""isLeaf"":true,""customsCode"":""C00"",""customsDesc"":""TOTAL CPC"",""mosCode"":""0"",""motCode"":0,""motDesc"":""TOTAL MOT"",""qtyUnitCode"":8,""qtyUnitAbbr"":""kg"",""qty"":13868063,""isQtyEstimated"":false,""altQtyUnitCode"":-1,""altQtyUnitAbbr"":""N/A"",""altQty"":0,""isAltQtyEstimated"":false,""netWgt"":13864563,""isNetWgtEstimated"":false,""grossWgt"":0,""isGrossWgtEstimated"":false,""cifvalue"":null,""fobvalue"":103962716,""primaryValue"":103962716,""legacyEstimationFlag"":0,""isReported"":false,""isAggregate"":true}"
,UN Comtrade,https://comtradeapi.un.org/public/v1/preview/C/A/HS?reporterCode=76&flowCode=X&cmdCode=090111&period=2025&includeDesc=true,2026-05-30T18:34:22.015Z,"{""reporters"":[{""endpoint"":""https://comtradeapi.un.org/public/v1/preview/C/A/HS"",""reporterCode"":704,""reporterISO"":""VNM"",""flowCode"":""X"",""cmdCode"":""090111"",""period"":""2020,2021,2022,2023,2024,2025"",""includeDesc"":true},{""endpoint"":""https://comtradeapi.un.org/public/v1/preview/C/A/HS"",""reporterCode"":76,""reporterISO"":""BRA"",""flowCode"":""X"",""cmdCode"":""090111"",""period"":""2020,2021,2022,2023,2024,2025"",""includeDesc"":true},{""endpoint"":""https://comtradeapi.un.org/public/v1/preview/C/A/HS"",""reporterCode"":360,""reporterISO"":""IDN"",""flowCode"":""X"",""cmdCode"":""090111"",""period"":""2020,2021,2022,2023,2024,2025"",""includeDesc"":true}]}",C,A,20250101,2025,76,BRA,Brazil,584,MHL,Marshall Isds,0,W00,World,X,Export,H6,090111,Coffee; not roasted or decaffeinated,C00,TOTAL CPC,0,TOTAL MOT,8,kg,273,272,0,7252,true,false,true,"{""typeCode"":""C"",""freqCode"":""A"",""refPeriodId"":20250101,""refYear"":2025,""refMonth"":52,""period"":""2025"",""reporterCode"":76,""reporterISO"":""BRA"",""reporterDesc"":""Brazil"",""flowCode"":""X"",""flowDesc"":""Export"",""partnerCode"":584,""partnerISO"":""MHL"",""partnerDesc"":""Marshall Isds"",""partner2Code"":0,""partner2ISO"":""W00"",""partner2Desc"":""World"",""classificationCode"":""H6"",""classificationSearchCode"":""HS"",""isOriginalClassification"":true,""cmdCode"":""090111"",""cmdDesc"":""Coffee; not roasted or decaffeinated"",""aggrLevel"":6,""isLeaf"":true,""customsCode"":""C00"",""customsDesc"":""TOTAL CPC"",""mosCode"":""0"",""motCode"":0,""motDesc"":""TOTAL MOT"",""qtyUnitCode"":8,""qtyUnitAbbr"":""kg"",""qty"":273,""isQtyEstimated"":false,""altQtyUnitCode"":8,""altQtyUnitAbbr"":""kg"",""altQty"":273,""isAltQtyEstimated"":false,""netWgt"":272,""isNetWgtEstimated"":false,""grossWgt"":0,""isGrossWgtEstimated"":false,""cifvalue"":null,""fobvalue"":7252,""primaryValue"":7252,""legacyEstimationFlag"":0,""isReported"":false,""isAggregate"":true}"
,UN Comtrade,https://comtradeapi.un.org/public/v1/preview/C/A/HS?reporterCode=76&flowCode=X&cmdCode=090111&period=2025&includeDesc=true,2026-05-30T18:34:22.015Z,"{""reporters"":[{""endpoint"":""https://comtradeapi.un.org/public/v1/preview/C/A/HS"",""reporterCode"":704,""reporterISO"":""VNM"",""flowCode"":""X"",""cmdCode"":""090111"",""period"":""2020,2021,2022,2023,2024,2025"",""includeDesc"":true},{""endpoint"":""https://comtradeapi.un.org/public/v1/preview/C/A/HS"",""reporterCode"":76,""reporterISO"":""BRA"",""flowCode"":""X"",""cmdCode"":""090111"",""period"":""2020,2021,2022,2023,2024,2025"",""includeDesc"":true},{""endpoint"":""https://comtradeapi.un.org/public/v1/preview/C/A/HS"",""reporterCode"":360,""reporterISO"":""IDN"",""flowCode"":""X"",""cmdCode"":""090111"",""period"":""2020,2021,2022,2023,2024,2025"",""includeDesc"":true}]}",C,A,20250101,2025,76,BRA,Brazil,586,PAK,Pakistan,0,W00,World,X,Export,H6,090111,Coffee; not roasted or decaffeinated,C00,TOTAL CPC,0,TOTAL MOT,8,kg,30000,30180,0,288317,true,false,true,"{""typeCode"":""C"",""freqCode"":""A"",""refPeriodId"":20250101,""refYear"":2025,""refMonth"":52,""period"":""2025"",""reporterCode"":76,""reporterISO"":""BRA"",""reporterDesc"":""Brazil"",""flowCode"":""X"",""flowDesc"":""Export"",""partnerCode"":586,""partnerISO"":""PAK"",""partnerDesc"":""Pakistan"",""partner2Code"":0,""partner2ISO"":""W00"",""partner2Desc"":""World"",""classificationCode"":""H6"",""classificationSearchCode"":""HS"",""isOriginalClassification"":true,""cmdCode"":""090111"",""cmdDesc"":""Coffee; not roasted or decaffeinated"",""aggrLevel"":6,""isLeaf"":true,""customsCode"":""C00"",""customsDesc"":""TOTAL CPC"",""mosCode"":""0"",""motCode"":0,""motDesc"":""TOTAL MOT"",""qtyUnitCode"":8,""qtyUnitAbbr"":""kg"",""qty"":30000,""isQtyEstimated"":false,""altQtyUnitCode"":21,""altQtyUnitAbbr"":""1000 KG"",""altQty"":30,""isAltQtyEstimated"":false,""netWgt"":30180,""isNetWgtEstimated"":false,""grossWgt"":0,""isGrossWgtEstimated"":false,""cifvalue"":null,""fobvalue"":288317,""primaryValue"":288317,""legacyEstimationFlag"":0,""isReported"":false,""isAggregate"":true}"
,UN Comtrade,https://comtradeapi.un.org/public/v1/preview/C/A/HS?reporterCode=76&flowCode=X&cmdCode=090111&period=2025&includeDesc=true,2026-05-30T18:34:22.015Z,"{""reporters"":[{""endpoint"":""https://comtradeapi.un.org/public/v1/preview/C/A/HS"",""reporterCode"":704,""reporterISO"":""VNM"",""flowCode"":""X"",""cmdCode"":""090111"",""period"":""2020,2021,2022,2023,2024,2025"",""includeDesc"":true},{""endpoint"":""https://comtradeapi.un.org/public/v1/preview/C/A/HS"",""reporterCode"":76,""reporterISO"":""BRA"",""flowCode"":""X"",""cmdCode"":""090111"",""period"":""2020,2021,2022,2023,2024,2025"",""includeDesc"":true},{""endpoint"":""https://comtradeapi.un.org/public/v1/preview/C/A/HS"",""reporterCode"":360,""reporterISO"":""IDN"",""flowCode"":""X"",""cmdCode"":""090111"",""period"":""2020,2021,2022,2023,2024,2025"",""includeDesc"":true}]}",C,A,20250101,2025,76,BRA,Brazil,591,PAN,Panama,0,W00,World,X,Export,H6,090111,Coffee; not roasted or decaffeinated,C00,TOTAL CPC,0,TOTAL MOT,8,kg,1935189,1936379,0,10664972,true,false,true,"{""typeCode"":""C"",""freqCode"":""A"",""refPeriodId"":20250101,""refYear"":2025,""refMonth"":52,""period"":""2025"",""reporterCode"":76,""reporterISO"":""BRA"",""reporterDesc"":""Brazil"",""flowCode"":""X"",""flowDesc"":""Export"",""partnerCode"":591,""partnerISO"":""PAN"",""partnerDesc"":""Panama"",""partner2Code"":0,""partner2ISO"":""W00"",""partner2Desc"":""World"",""classificationCode"":""H6"",""classificationSearchCode"":""HS"",""isOriginalClassification"":true,""cmdCode"":""090111"",""cmdDesc"":""Coffee; not roasted or decaffeinated"",""aggrLevel"":6,""isLeaf"":true,""customsCode"":""C00"",""customsDesc"":""TOTAL CPC"",""mosCode"":""0"",""motCode"":0,""motDesc"":""TOTAL MOT"",""qtyUnitCode"":8,""qtyUnitAbbr"":""kg"",""qty"":1935189,""isQtyEstimated"":false,""altQtyUnitCode"":-1,""altQtyUnitAbbr"":""N/A"",""altQty"":0,""isAltQtyEstimated"":false,""netWgt"":1936379,""isNetWgtEstimated"":false,""grossWgt"":0,""isGrossWgtEstimated"":false,""cifvalue"":null,""fobvalue"":10664972,""primaryValue"":10664972,""legacyEstimationFlag"":0,""isReported"":false,""isAggregate"":true}"
,UN Comtrade,https://comtradeapi.un.org/public/v1/preview/C/A/HS?reporterCode=76&flowCode=X&cmdCode=090111&period=2025&includeDesc=true,2026-05-30T18:34:22.015Z,"{""reporters"":[{""endpoint"":""https://comtradeapi.un.org/public/v1/preview/C/A/HS"",""reporterCode"":704,""reporterISO"":""VNM"",""flowCode"":""X"",""cmdCode"":""090111"",""period"":""2020,2021,2022,2023,2024,2025"",""includeDesc"":true},{""endpoint"":""https://comtradeapi.un.org/public/v1/preview/C/A/HS"",""reporterCode"":76,""reporterISO"":""BRA"",""flowCode"":""X"",""cmdCode"":""090111"",""period"":""2020,2021,2022,2023,2024,2025"",""includeDesc"":true},{""endpoint"":""https://comtradeapi.un.org/public/v1/preview/C/A/HS"",""reporterCode"":360,""reporterISO"":""IDN"",""flowCode"":""X"",""cmdCode"":""090111"",""period"":""2020,2021,2022,2023,2024,2025"",""includeDesc"":true}]}",C,A,20250101,2025,76,BRA,Brazil,600,PRY,Paraguay,0,W00,World,X,Export,H6,090111,Coffee; not roasted or decaffeinated,C00,TOTAL CPC,0,TOTAL MOT,8,kg,692000,692080,0,4053111,true,false,true,"{""typeCode"":""C"",""freqCode"":""A"",""refPeriodId"":20250101,""refYear"":2025,""refMonth"":52,""period"":""2025"",""reporterCode"":76,""reporterISO"":""BRA"",""reporterDesc"":""Brazil"",""flowCode"":""X"",""flowDesc"":""Export"",""partnerCode"":600,""partnerISO"":""PRY"",""partnerDesc"":""Paraguay"",""partner2Code"":0,""partner2ISO"":""W00"",""partner2Desc"":""World"",""classificationCode"":""H6"",""classificationSearchCode"":""HS"",""isOriginalClassification"":true,""cmdCode"":""090111"",""cmdDesc"":""Coffee; not roasted or decaffeinated"",""aggrLevel"":6,""isLeaf"":true,""customsCode"":""C00"",""customsDesc"":""TOTAL CPC"",""mosCode"":""0"",""motCode"":0,""motDesc"":""TOTAL MOT"",""qtyUnitCode"":8,""qtyUnitAbbr"":""kg"",""qty"":692000,""isQtyEstimated"":false,""altQtyUnitCode"":21,""altQtyUnitAbbr"":""1000 KG"",""altQty"":692,""isAltQtyEstimated"":false,""netWgt"":692080,""isNetWgtEstimated"":false,""grossWgt"":0,""isGrossWgtEstimated"":false,""cifvalue"":null,""fobvalue"":4053111,""primaryValue"":4053111,""legacyEstimationFlag"":0,""isReported"":false,""isAggregate"":true}"
,UN Comtrade,https://comtradeapi.un.org/public/v1/preview/C/A/HS?reporterCode=76&flowCode=X&cmdCode=090111&period=2025&includeDesc=true,2026-05-30T18:34:22.015Z,"{""reporters"":[{""endpoint"":""https://comtradeapi.un.org/public/v1/preview/C/A/HS"",""reporterCode"":704,""reporterISO"":""VNM"",""flowCode"":""X"",""cmdCode"":""090111"",""period"":""2020,2021,2022,2023,2024,2025"",""includeDesc"":true},{""endpoint"":""https://comtradeapi.un.org/public/v1/preview/C/A/HS"",""reporterCode"":76,""reporterISO"":""BRA"",""flowCode"":""X"",""cmdCode"":""090111"",""period"":""2020,2021,2022,2023,2024,2025"",""includeDesc"":true},{""endpoint"":""https://comtradeapi.un.org/public/v1/preview/C/A/HS"",""reporterCode"":360,""reporterISO"":""IDN"",""flowCode"":""X"",""cmdCode"":""090111"",""period"":""2020,2021,2022,2023,2024,2025"",""includeDesc"":true}]}",C,A,20250101,2025,76,BRA,Brazil,604,PER,Peru,0,W00,World,X,Export,H6,090111,Coffee; not roasted or decaffeinated,C00,TOTAL CPC,0,TOTAL MOT,8,kg,550,550,0,20896,true,false,true,"{""typeCode"":""C"",""freqCode"":""A"",""refPeriodId"":20250101,""refYear"":2025,""refMonth"":52,""period"":""2025"",""reporterCode"":76,""reporterISO"":""BRA"",""reporterDesc"":""Brazil"",""flowCode"":""X"",""flowDesc"":""Export"",""partnerCode"":604,""partnerISO"":""PER"",""partnerDesc"":""Peru"",""partner2Code"":0,""partner2ISO"":""W00"",""partner2Desc"":""World"",""classificationCode"":""H6"",""classificationSearchCode"":""HS"",""isOriginalClassification"":true,""cmdCode"":""090111"",""cmdDesc"":""Coffee; not roasted or decaffeinated"",""aggrLevel"":6,""isLeaf"":true,""customsCode"":""C00"",""customsDesc"":""TOTAL CPC"",""mosCode"":""0"",""motCode"":0,""motDesc"":""TOTAL MOT"",""qtyUnitCode"":8,""qtyUnitAbbr"":""kg"",""qty"":550,""isQtyEstimated"":false,""altQtyUnitCode"":8,""altQtyUnitAbbr"":""kg"",""altQty"":550,""isAltQtyEstimated"":false,""netWgt"":550,""isNetWgtEstimated"":false,""grossWgt"":0,""isGrossWgtEstimated"":false,""cifvalue"":null,""fobvalue"":20896,""primaryValue"":20896,""legacyEstimationFlag"":0,""isReported"":false,""isAggregate"":true}"
,UN Comtrade,https://comtradeapi.un.org/public/v1/preview/C/A/HS?reporterCode=76&flowCode=X&cmdCode=090111&period=2025&includeDesc=true,2026-05-30T18:34:22.015Z,"{""reporters"":[{""endpoint"":""https://comtradeapi.un.org/public/v1/preview/C/A/HS"",""reporterCode"":704,""reporterISO"":""VNM"",""flowCode"":""X"",""cmdCode"":""090111"",""period"":""2020,2021,2022,2023,2024,2025"",""includeDesc"":true},{""endpoint"":""https://comtradeapi.un.org/public/v1/preview/C/A/HS"",""reporterCode"":76,""reporterISO"":""BRA"",""flowCode"":""X"",""cmdCode"":""090111"",""period"":""2020,2021,2022,2023,2024,2025"",""includeDesc"":true},{""endpoint"":""https://comtradeapi.un.org/public/v1/preview/C/A/HS"",""reporterCode"":360,""reporterISO"":""IDN"",""flowCode"":""X"",""cmdCode"":""090111"",""period"":""2020,2021,2022,2023,2024,2025"",""includeDesc"":true}]}",C,A,20250101,2025,76,BRA,Brazil,608,PHL,Philippines,0,W00,World,X,Export,H6,090111,Coffee; not roasted or decaffeinated,C00,TOTAL CPC,0,TOTAL MOT,8,kg,754002,760748,0,4840183,true,false,true,"{""typeCode"":""C"",""freqCode"":""A"",""refPeriodId"":20250101,""refYear"":2025,""refMonth"":52,""period"":""2025"",""reporterCode"":76,""reporterISO"":""BRA"",""reporterDesc"":""Brazil"",""flowCode"":""X"",""flowDesc"":""Export"",""partnerCode"":608,""partnerISO"":""PHL"",""partnerDesc"":""Philippines"",""partner2Code"":0,""partner2ISO"":""W00"",""partner2Desc"":""World"",""classificationCode"":""H6"",""classificationSearchCode"":""HS"",""isOriginalClassification"":true,""cmdCode"":""090111"",""cmdDesc"":""Coffee; not roasted or decaffeinated"",""aggrLevel"":6,""isLeaf"":true,""customsCode"":""C00"",""customsDesc"":""TOTAL CPC"",""mosCode"":""0"",""motCode"":0,""motDesc"":""TOTAL MOT"",""qtyUnitCode"":8,""qtyUnitAbbr"":""kg"",""qty"":754002,""isQtyEstimated"":false,""altQtyUnitCode"":-1,""altQtyUnitAbbr"":""N/A"",""altQty"":0,""isAltQtyEstimated"":false,""netWgt"":760748,""isNetWgtEstimated"":false,""grossWgt"":0,""isGrossWgtEstimated"":false,""cifvalue"":null,""fobvalue"":4840183,""primaryValue"":4840183,""legacyEstimationFlag"":0,""isReported"":false,""isAggregate"":true}"
,UN Comtrade,https://comtradeapi.un.org/public/v1/preview/C/A/HS?reporterCode=76&flowCode=X&cmdCode=090111&period=2025&includeDesc=true,2026-05-30T18:34:22.015Z,"{""reporters"":[{""endpoint"":""https://comtradeapi.un.org/public/v1/preview/C/A/HS"",""reporterCode"":704,""reporterISO"":""VNM"",""flowCode"":""X"",""cmdCode"":""090111"",""period"":""2020,2021,2022,2023,2024,2025"",""includeDesc"":true},{""endpoint"":""https://comtradeapi.un.org/public/v1/preview/C/A/HS"",""reporterCode"":76,""reporterISO"":""BRA"",""flowCode"":""X"",""cmdCode"":""090111"",""period"":""2020,2021,2022,2023,2024,2025"",""includeDesc"":true},{""endpoint"":""https://comtradeapi.un.org/public/v1/preview/C/A/HS"",""reporterCode"":360,""reporterISO"":""IDN"",""flowCode"":""X"",""cmdCode"":""090111"",""period"":""2020,2021,2022,2023,2024,2025"",""includeDesc"":true}]}",C,A,20250101,2025,76,BRA,Brazil,616,POL,Poland,0,W00,World,X,Export,H6,090111,Coffee; not roasted or decaffeinated,C00,TOTAL CPC,0,TOTAL MOT,8,kg,6759000,6766050,0,41906734,true,false,true,"{""typeCode"":""C"",""freqCode"":""A"",""refPeriodId"":20250101,""refYear"":2025,""refMonth"":52,""period"":""2025"",""reporterCode"":76,""reporterISO"":""BRA"",""reporterDesc"":""Brazil"",""flowCode"":""X"",""flowDesc"":""Export"",""partnerCode"":616,""partnerISO"":""POL"",""partnerDesc"":""Poland"",""partner2Code"":0,""partner2ISO"":""W00"",""partner2Desc"":""World"",""classificationCode"":""H6"",""classificationSearchCode"":""HS"",""isOriginalClassification"":true,""cmdCode"":""090111"",""cmdDesc"":""Coffee; not roasted or decaffeinated"",""aggrLevel"":6,""isLeaf"":true,""customsCode"":""C00"",""customsDesc"":""TOTAL CPC"",""mosCode"":""0"",""motCode"":0,""motDesc"":""TOTAL MOT"",""qtyUnitCode"":8,""qtyUnitAbbr"":""kg"",""qty"":6759000,""isQtyEstimated"":false,""altQtyUnitCode"":21,""altQtyUnitAbbr"":""1000 KG"",""altQty"":6759,""isAltQtyEstimated"":false,""netWgt"":6766050,""isNetWgtEstimated"":false,""grossWgt"":0,""isGrossWgtEstimated"":false,""cifvalue"":null,""fobvalue"":41906734,""primaryValue"":41906734,""legacyEstimationFlag"":0,""isReported"":false,""isAggregate"":true}"
,UN Comtrade,https://comtradeapi.un.org/public/v1/preview/C/A/HS?reporterCode=76&flowCode=X&cmdCode=090111&period=2025&includeDesc=true,2026-05-30T18:34:22.015Z,"{""reporters"":[{""endpoint"":""https://comtradeapi.un.org/public/v1/preview/C/A/HS"",""reporterCode"":704,""reporterISO"":""VNM"",""flowCode"":""X"",""cmdCode"":""090111"",""period"":""2020,2021,2022,2023,2024,2025"",""includeDesc"":true},{""endpoint"":""https://comtradeapi.un.org/public/v1/preview/C/A/HS"",""reporterCode"":76,""reporterISO"":""BRA"",""flowCode"":""X"",""cmdCode"":""090111"",""period"":""2020,2021,2022,2023,2024,2025"",""includeDesc"":true},{""endpoint"":""https://comtradeapi.un.org/public/v1/preview/C/A/HS"",""reporterCode"":360,""reporterISO"":""IDN"",""flowCode"":""X"",""cmdCode"":""090111"",""period"":""2020,2021,2022,2023,2024,2025"",""includeDesc"":true}]}",C,A,20250101,2025,76,BRA,Brazil,620,PRT,Portugal,0,W00,World,X,Export,H6,090111,Coffee; not roasted or decaffeinated,C00,TOTAL CPC,0,TOTAL MOT,8,kg,7484153,7505543,0,53185559,true,false,true,"{""typeCode"":""C"",""freqCode"":""A"",""refPeriodId"":20250101,""refYear"":2025,""refMonth"":52,""period"":""2025"",""reporterCode"":76,""reporterISO"":""BRA"",""reporterDesc"":""Brazil"",""flowCode"":""X"",""flowDesc"":""Export"",""partnerCode"":620,""partnerISO"":""PRT"",""partnerDesc"":""Portugal"",""partner2Code"":0,""partner2ISO"":""W00"",""partner2Desc"":""World"",""classificationCode"":""H6"",""classificationSearchCode"":""HS"",""isOriginalClassification"":true,""cmdCode"":""090111"",""cmdDesc"":""Coffee; not roasted or decaffeinated"",""aggrLevel"":6,""isLeaf"":true,""customsCode"":""C00"",""customsDesc"":""TOTAL CPC"",""mosCode"":""0"",""motCode"":0,""motDesc"":""TOTAL MOT"",""qtyUnitCode"":8,""qtyUnitAbbr"":""kg"",""qty"":7484153,""isQtyEstimated"":false,""altQtyUnitCode"":-1,""altQtyUnitAbbr"":""N/A"",""altQty"":0,""isAltQtyEstimated"":false,""netWgt"":7505543,""isNetWgtEstimated"":false,""grossWgt"":0,""isGrossWgtEstimated"":false,""cifvalue"":null,""fobvalue"":53185559,""primaryValue"":53185559,""legacyEstimationFlag"":0,""isReported"":false,""isAggregate"":true}"
,UN Comtrade,https://comtradeapi.un.org/public/v1/preview/C/A/HS?reporterCode=76&flowCode=X&cmdCode=090111&period=2025&includeDesc=true,2026-05-30T18:34:22.015Z,"{""reporters"":[{""endpoint"":""https://comtradeapi.un.org/public/v1/preview/C/A/HS"",""reporterCode"":704,""reporterISO"":""VNM"",""flowCode"":""X"",""cmdCode"":""090111"",""period"":""2020,2021,2022,2023,2024,2025"",""includeDesc"":true},{""endpoint"":""https://comtradeapi.un.org/public/v1/preview/C/A/HS"",""reporterCode"":76,""reporterISO"":""BRA"",""flowCode"":""X"",""cmdCode"":""090111"",""period"":""2020,2021,2022,2023,2024,2025"",""includeDesc"":true},{""endpoint"":""https://comtradeapi.un.org/public/v1/preview/C/A/HS"",""reporterCode"":360,""reporterISO"":""IDN"",""flowCode"":""X"",""cmdCode"":""090111"",""period"":""2020,2021,2022,2023,2024,2025"",""includeDesc"":true}]}",C,A,20250101,2025,76,BRA,Brazil,634,QAT,Qatar,0,W00,World,X,Export,H6,090111,Coffee; not roasted or decaffeinated,C00,TOTAL CPC,0,TOTAL MOT,8,kg,230000,232280,0,1628414,true,false,true,"{""typeCode"":""C"",""freqCode"":""A"",""refPeriodId"":20250101,""refYear"":2025,""refMonth"":52,""period"":""2025"",""reporterCode"":76,""reporterISO"":""BRA"",""reporterDesc"":""Brazil"",""flowCode"":""X"",""flowDesc"":""Export"",""partnerCode"":634,""partnerISO"":""QAT"",""partnerDesc"":""Qatar"",""partner2Code"":0,""partner2ISO"":""W00"",""partner2Desc"":""World"",""classificationCode"":""H6"",""classificationSearchCode"":""HS"",""isOriginalClassification"":true,""cmdCode"":""090111"",""cmdDesc"":""Coffee; not roasted or decaffeinated"",""aggrLevel"":6,""isLeaf"":true,""customsCode"":""C00"",""customsDesc"":""TOTAL CPC"",""mosCode"":""0"",""motCode"":0,""motDesc"":""TOTAL MOT"",""qtyUnitCode"":8,""qtyUnitAbbr"":""kg"",""qty"":230000,""isQtyEstimated"":false,""altQtyUnitCode"":21,""altQtyUnitAbbr"":""1000 KG"",""altQty"":230,""isAltQtyEstimated"":false,""netWgt"":232280,""isNetWgtEstimated"":false,""grossWgt"":0,""isGrossWgtEstimated"":false,""cifvalue"":null,""fobvalue"":1628414,""primaryValue"":1628414,""legacyEstimationFlag"":0,""isReported"":false,""isAggregate"":true}"
,UN Comtrade,https://comtradeapi.un.org/public/v1/preview/C/A/HS?reporterCode=76&flowCode=X&cmdCode=090111&period=2025&includeDesc=true,2026-05-30T18:34:22.015Z,"{""reporters"":[{""endpoint"":""https://comtradeapi.un.org/public/v1/preview/C/A/HS"",""reporterCode"":704,""reporterISO"":""VNM"",""flowCode"":""X"",""cmdCode"":""090111"",""period"":""2020,2021,2022,2023,2024,2025"",""includeDesc"":true},{""endpoint"":""https://comtradeapi.un.org/public/v1/preview/C/A/HS"",""reporterCode"":76,""reporterISO"":""BRA"",""flowCode"":""X"",""cmdCode"":""090111"",""period"":""2020,2021,2022,2023,2024,2025"",""includeDesc"":true},{""endpoint"":""https://comtradeapi.un.org/public/v1/preview/C/A/HS"",""reporterCode"":360,""reporterISO"":""IDN"",""flowCode"":""X"",""cmdCode"":""090111"",""period"":""2020,2021,2022,2023,2024,2025"",""includeDesc"":true}]}",C,A,20250101,2025,76,BRA,Brazil,642,ROU,Romania,0,W00,World,X,Export,H6,090111,Coffee; not roasted or decaffeinated,C00,TOTAL CPC,0,TOTAL MOT,8,kg,2915000,2914780,0,18892665,true,false,true,"{""typeCode"":""C"",""freqCode"":""A"",""refPeriodId"":20250101,""refYear"":2025,""refMonth"":52,""period"":""2025"",""reporterCode"":76,""reporterISO"":""BRA"",""reporterDesc"":""Brazil"",""flowCode"":""X"",""flowDesc"":""Export"",""partnerCode"":642,""partnerISO"":""ROU"",""partnerDesc"":""Romania"",""partner2Code"":0,""partner2ISO"":""W00"",""partner2Desc"":""World"",""classificationCode"":""H6"",""classificationSearchCode"":""HS"",""isOriginalClassification"":true,""cmdCode"":""090111"",""cmdDesc"":""Coffee; not roasted or decaffeinated"",""aggrLevel"":6,""isLeaf"":true,""customsCode"":""C00"",""customsDesc"":""TOTAL CPC"",""mosCode"":""0"",""motCode"":0,""motDesc"":""TOTAL MOT"",""qtyUnitCode"":8,""qtyUnitAbbr"":""kg"",""qty"":2915000,""isQtyEstimated"":false,""altQtyUnitCode"":21,""altQtyUnitAbbr"":""1000 KG"",""altQty"":2915,""isAltQtyEstimated"":false,""netWgt"":2914780,""isNetWgtEstimated"":false,""grossWgt"":0,""isGrossWgtEstimated"":false,""cifvalue"":null,""fobvalue"":18892665,""primaryValue"":18892665,""legacyEstimationFlag"":0,""isReported"":false,""isAggregate"":true}"
,UN Comtrade,https://comtradeapi.un.org/public/v1/preview/C/A/HS?reporterCode=76&flowCode=X&cmdCode=090111&period=2025&includeDesc=true,2026-05-30T18:34:22.015Z,"{""reporters"":[{""endpoint"":""https://comtradeapi.un.org/public/v1/preview/C/A/HS"",""reporterCode"":704,""reporterISO"":""VNM"",""flowCode"":""X"",""cmdCode"":""090111"",""period"":""2020,2021,2022,2023,2024,2025"",""includeDesc"":true},{""endpoint"":""https://comtradeapi.un.org/public/v1/preview/C/A/HS"",""reporterCode"":76,""reporterISO"":""BRA"",""flowCode"":""X"",""cmdCode"":""090111"",""period"":""2020,2021,2022,2023,2024,2025"",""includeDesc"":true},{""endpoint"":""https://comtradeapi.un.org/public/v1/preview/C/A/HS"",""reporterCode"":360,""reporterISO"":""IDN"",""flowCode"":""X"",""cmdCode"":""090111"",""period"":""2020,2021,2022,2023,2024,2025"",""includeDesc"":true}]}",C,A,20250101,2025,76,BRA,Brazil,643,RUS,Russian Federation,0,W00,World,X,Export,H6,090111,Coffee; not roasted or decaffeinated,C00,TOTAL CPC,0,TOTAL MOT,8,kg,71169003,71220603,0,459331509,true,false,true,"{""typeCode"":""C"",""freqCode"":""A"",""refPeriodId"":20250101,""refYear"":2025,""refMonth"":52,""period"":""2025"",""reporterCode"":76,""reporterISO"":""BRA"",""reporterDesc"":""Brazil"",""flowCode"":""X"",""flowDesc"":""Export"",""partnerCode"":643,""partnerISO"":""RUS"",""partnerDesc"":""Russian Federation"",""partner2Code"":0,""partner2ISO"":""W00"",""partner2Desc"":""World"",""classificationCode"":""H6"",""classificationSearchCode"":""HS"",""isOriginalClassification"":true,""cmdCode"":""090111"",""cmdDesc"":""Coffee; not roasted or decaffeinated"",""aggrLevel"":6,""isLeaf"":true,""customsCode"":""C00"",""customsDesc"":""TOTAL CPC"",""mosCode"":""0"",""motCode"":0,""motDesc"":""TOTAL MOT"",""qtyUnitCode"":8,""qtyUnitAbbr"":""kg"",""qty"":71169003,""isQtyEstimated"":false,""altQtyUnitCode"":-1,""altQtyUnitAbbr"":""N/A"",""altQty"":0,""isAltQtyEstimated"":false,""netWgt"":71220603,""isNetWgtEstimated"":false,""grossWgt"":0,""isGrossWgtEstimated"":false,""cifvalue"":null,""fobvalue"":459331509,""primaryValue"":459331509,""legacyEstimationFlag"":0,""isReported"":false,""isAggregate"":true}"
,UN Comtrade,https://comtradeapi.un.org/public/v1/preview/C/A/HS?reporterCode=76&flowCode=X&cmdCode=090111&period=2025&includeDesc=true,2026-05-30T18:34:22.015Z,"{""reporters"":[{""endpoint"":""https://comtradeapi.un.org/public/v1/preview/C/A/HS"",""reporterCode"":704,""reporterISO"":""VNM"",""flowCode"":""X"",""cmdCode"":""090111"",""period"":""2020,2021,2022,2023,2024,2025"",""includeDesc"":true},{""endpoint"":""https://comtradeapi.un.org/public/v1/preview/C/A/HS"",""reporterCode"":76,""reporterISO"":""BRA"",""flowCode"":""X"",""cmdCode"":""090111"",""period"":""2020,2021,2022,2023,2024,2025"",""includeDesc"":true},{""endpoint"":""https://comtradeapi.un.org/public/v1/preview/C/A/HS"",""reporterCode"":360,""reporterISO"":""IDN"",""flowCode"":""X"",""cmdCode"":""090111"",""period"":""2020,2021,2022,2023,2024,2025"",""includeDesc"":true}]}",C,A,20250101,2025,76,BRA,Brazil,682,SAU,Saudi Arabia,0,W00,World,X,Export,H6,090111,Coffee; not roasted or decaffeinated,C00,TOTAL CPC,0,TOTAL MOT,8,kg,43079001,10805023,0,75828716,true,false,true,"{""typeCode"":""C"",""freqCode"":""A"",""refPeriodId"":20250101,""refYear"":2025,""refMonth"":52,""period"":""2025"",""reporterCode"":76,""reporterISO"":""BRA"",""reporterDesc"":""Brazil"",""flowCode"":""X"",""flowDesc"":""Export"",""partnerCode"":682,""partnerISO"":""SAU"",""partnerDesc"":""Saudi Arabia"",""partner2Code"":0,""partner2ISO"":""W00"",""partner2Desc"":""World"",""classificationCode"":""H6"",""classificationSearchCode"":""HS"",""isOriginalClassification"":true,""cmdCode"":""090111"",""cmdDesc"":""Coffee; not roasted or decaffeinated"",""aggrLevel"":6,""isLeaf"":true,""customsCode"":""C00"",""customsDesc"":""TOTAL CPC"",""mosCode"":""0"",""motCode"":0,""motDesc"":""TOTAL MOT"",""qtyUnitCode"":8,""qtyUnitAbbr"":""kg"",""qty"":43079001,""isQtyEstimated"":false,""altQtyUnitCode"":-1,""altQtyUnitAbbr"":""N/A"",""altQty"":0,""isAltQtyEstimated"":false,""netWgt"":10805023,""isNetWgtEstimated"":false,""grossWgt"":0,""isGrossWgtEstimated"":false,""cifvalue"":null,""fobvalue"":75828716,""primaryValue"":75828716,""legacyEstimationFlag"":0,""isReported"":false,""isAggregate"":true}"
,UN Comtrade,https://comtradeapi.un.org/public/v1/preview/C/A/HS?reporterCode=76&flowCode=X&cmdCode=090111&period=2025&includeDesc=true,2026-05-30T18:34:22.015Z,"{""reporters"":[{""endpoint"":""https://comtradeapi.un.org/public/v1/preview/C/A/HS"",""reporterCode"":704,""reporterISO"":""VNM"",""flowCode"":""X"",""cmdCode"":""090111"",""period"":""2020,2021,2022,2023,2024,2025"",""includeDesc"":true},{""endpoint"":""https://comtradeapi.un.org/public/v1/preview/C/A/HS"",""reporterCode"":76,""reporterISO"":""BRA"",""flowCode"":""X"",""cmdCode"":""090111"",""period"":""2020,2021,2022,2023,2024,2025"",""includeDesc"":true},{""endpoint"":""https://comtradeapi.un.org/public/v1/preview/C/A/HS"",""reporterCode"":360,""reporterISO"":""IDN"",""flowCode"":""X"",""cmdCode"":""090111"",""period"":""2020,2021,2022,2023,2024,2025"",""includeDesc"":true}]}",C,A,20250101,2025,76,BRA,Brazil,686,SEN,Senegal,0,W00,World,X,Export,H6,090111,Coffee; not roasted or decaffeinated,C00,TOTAL CPC,0,TOTAL MOT,8,kg,178000,180000,0,723699,true,false,true,"{""typeCode"":""C"",""freqCode"":""A"",""refPeriodId"":20250101,""refYear"":2025,""refMonth"":52,""period"":""2025"",""reporterCode"":76,""reporterISO"":""BRA"",""reporterDesc"":""Brazil"",""flowCode"":""X"",""flowDesc"":""Export"",""partnerCode"":686,""partnerISO"":""SEN"",""partnerDesc"":""Senegal"",""partner2Code"":0,""partner2ISO"":""W00"",""partner2Desc"":""World"",""classificationCode"":""H6"",""classificationSearchCode"":""HS"",""isOriginalClassification"":true,""cmdCode"":""090111"",""cmdDesc"":""Coffee; not roasted or decaffeinated"",""aggrLevel"":6,""isLeaf"":true,""customsCode"":""C00"",""customsDesc"":""TOTAL CPC"",""mosCode"":""0"",""motCode"":0,""motDesc"":""TOTAL MOT"",""qtyUnitCode"":8,""qtyUnitAbbr"":""kg"",""qty"":178000,""isQtyEstimated"":false,""altQtyUnitCode"":21,""altQtyUnitAbbr"":""1000 KG"",""altQty"":178,""isAltQtyEstimated"":false,""netWgt"":180000,""isNetWgtEstimated"":false,""grossWgt"":0,""isGrossWgtEstimated"":false,""cifvalue"":null,""fobvalue"":723699,""primaryValue"":723699,""legacyEstimationFlag"":0,""isReported"":false,""isAggregate"":true}"
,UN Comtrade,https://comtradeapi.un.org/public/v1/preview/C/A/HS?reporterCode=76&flowCode=X&cmdCode=090111&period=2025&includeDesc=true,2026-05-30T18:34:22.015Z,"{""reporters"":[{""endpoint"":""https://comtradeapi.un.org/public/v1/preview/C/A/HS"",""reporterCode"":704,""reporterISO"":""VNM"",""flowCode"":""X"",""cmdCode"":""090111"",""period"":""2020,2021,2022,2023,2024,2025"",""includeDesc"":true},{""endpoint"":""https://comtradeapi.un.org/public/v1/preview/C/A/HS"",""reporterCode"":76,""reporterISO"":""BRA"",""flowCode"":""X"",""cmdCode"":""090111"",""period"":""2020,2021,2022,2023,2024,2025"",""includeDesc"":true},{""endpoint"":""https://comtradeapi.un.org/public/v1/preview/C/A/HS"",""reporterCode"":360,""reporterISO"":""IDN"",""flowCode"":""X"",""cmdCode"":""090111"",""period"":""2020,2021,2022,2023,2024,2025"",""includeDesc"":true}]}",C,A,20250101,2025,76,BRA,Brazil,688,SRB,Serbia,0,W00,World,X,Export,H6,090111,Coffee; not roasted or decaffeinated,C00,TOTAL CPC,0,TOTAL MOT,8,kg,53000,53790,0,282552,true,false,true,"{""typeCode"":""C"",""freqCode"":""A"",""refPeriodId"":20250101,""refYear"":2025,""refMonth"":52,""period"":""2025"",""reporterCode"":76,""reporterISO"":""BRA"",""reporterDesc"":""Brazil"",""flowCode"":""X"",""flowDesc"":""Export"",""partnerCode"":688,""partnerISO"":""SRB"",""partnerDesc"":""Serbia"",""partner2Code"":0,""partner2ISO"":""W00"",""partner2Desc"":""World"",""classificationCode"":""H6"",""classificationSearchCode"":""HS"",""isOriginalClassification"":true,""cmdCode"":""090111"",""cmdDesc"":""Coffee; not roasted or decaffeinated"",""aggrLevel"":6,""isLeaf"":true,""customsCode"":""C00"",""customsDesc"":""TOTAL CPC"",""mosCode"":""0"",""motCode"":0,""motDesc"":""TOTAL MOT"",""qtyUnitCode"":8,""qtyUnitAbbr"":""kg"",""qty"":53000,""isQtyEstimated"":false,""altQtyUnitCode"":21,""altQtyUnitAbbr"":""1000 KG"",""altQty"":53,""isAltQtyEstimated"":false,""netWgt"":53790,""isNetWgtEstimated"":false,""grossWgt"":0,""isGrossWgtEstimated"":false,""cifvalue"":null,""fobvalue"":282552,""primaryValue"":282552,""legacyEstimationFlag"":0,""isReported"":false,""isAggregate"":true}"
,UN Comtrade,https://comtradeapi.un.org/public/v1/preview/C/A/HS?reporterCode=76&flowCode=X&cmdCode=090111&period=2025&includeDesc=true,2026-05-30T18:34:22.015Z,"{""reporters"":[{""endpoint"":""https://comtradeapi.un.org/public/v1/preview/C/A/HS"",""reporterCode"":704,""reporterISO"":""VNM"",""flowCode"":""X"",""cmdCode"":""090111"",""period"":""2020,2021,2022,2023,2024,2025"",""includeDesc"":true},{""endpoint"":""https://comtradeapi.un.org/public/v1/preview/C/A/HS"",""reporterCode"":76,""reporterISO"":""BRA"",""flowCode"":""X"",""cmdCode"":""090111"",""period"":""2020,2021,2022,2023,2024,2025"",""includeDesc"":true},{""endpoint"":""https://comtradeapi.un.org/public/v1/preview/C/A/HS"",""reporterCode"":360,""reporterISO"":""IDN"",""flowCode"":""X"",""cmdCode"":""090111"",""period"":""2020,2021,2022,2023,2024,2025"",""includeDesc"":true}]}",C,A,20250101,2025,76,BRA,Brazil,699,IND,India,0,W00,World,X,Export,H6,090111,Coffee; not roasted or decaffeinated,C00,TOTAL CPC,0,TOTAL MOT,8,kg,5276123,5273823,0,20558442,true,false,true,"{""typeCode"":""C"",""freqCode"":""A"",""refPeriodId"":20250101,""refYear"":2025,""refMonth"":52,""period"":""2025"",""reporterCode"":76,""reporterISO"":""BRA"",""reporterDesc"":""Brazil"",""flowCode"":""X"",""flowDesc"":""Export"",""partnerCode"":699,""partnerISO"":""IND"",""partnerDesc"":""India"",""partner2Code"":0,""partner2ISO"":""W00"",""partner2Desc"":""World"",""classificationCode"":""H6"",""classificationSearchCode"":""HS"",""isOriginalClassification"":true,""cmdCode"":""090111"",""cmdDesc"":""Coffee; not roasted or decaffeinated"",""aggrLevel"":6,""isLeaf"":true,""customsCode"":""C00"",""customsDesc"":""TOTAL CPC"",""mosCode"":""0"",""motCode"":0,""motDesc"":""TOTAL MOT"",""qtyUnitCode"":8,""qtyUnitAbbr"":""kg"",""qty"":5276123,""isQtyEstimated"":false,""altQtyUnitCode"":-1,""altQtyUnitAbbr"":""N/A"",""altQty"":0,""isAltQtyEstimated"":false,""netWgt"":5273823,""isNetWgtEstimated"":false,""grossWgt"":0,""isGrossWgtEstimated"":false,""cifvalue"":null,""fobvalue"":20558442,""primaryValue"":20558442,""legacyEstimationFlag"":0,""isReported"":false,""isAggregate"":true}"
,UN Comtrade,https://comtradeapi.un.org/public/v1/preview/C/A/HS?reporterCode=76&flowCode=X&cmdCode=090111&period=2025&includeDesc=true,2026-05-30T18:34:22.015Z,"{""reporters"":[{""endpoint"":""https://comtradeapi.un.org/public/v1/preview/C/A/HS"",""reporterCode"":704,""reporterISO"":""VNM"",""flowCode"":""X"",""cmdCode"":""090111"",""period"":""2020,2021,2022,2023,2024,2025"",""includeDesc"":true},{""endpoint"":""https://comtradeapi.un.org/public/v1/preview/C/A/HS"",""reporterCode"":76,""reporterISO"":""BRA"",""flowCode"":""X"",""cmdCode"":""090111"",""period"":""2020,2021,2022,2023,2024,2025"",""includeDesc"":true},{""endpoint"":""https://comtradeapi.un.org/public/v1/preview/C/A/HS"",""reporterCode"":360,""reporterISO"":""IDN"",""flowCode"":""X"",""cmdCode"":""090111"",""period"":""2020,2021,2022,2023,2024,2025"",""includeDesc"":true}]}",C,A,20250101,2025,76,BRA,Brazil,702,SGP,Singapore,0,W00,World,X,Export,H6,090111,Coffee; not roasted or decaffeinated,C00,TOTAL CPC,0,TOTAL MOT,8,kg,5343326,1559076,0,11179160,true,false,true,"{""typeCode"":""C"",""freqCode"":""A"",""refPeriodId"":20250101,""refYear"":2025,""refMonth"":52,""period"":""2025"",""reporterCode"":76,""reporterISO"":""BRA"",""reporterDesc"":""Brazil"",""flowCode"":""X"",""flowDesc"":""Export"",""partnerCode"":702,""partnerISO"":""SGP"",""partnerDesc"":""Singapore"",""partner2Code"":0,""partner2ISO"":""W00"",""partner2Desc"":""World"",""classificationCode"":""H6"",""classificationSearchCode"":""HS"",""isOriginalClassification"":true,""cmdCode"":""090111"",""cmdDesc"":""Coffee; not roasted or decaffeinated"",""aggrLevel"":6,""isLeaf"":true,""customsCode"":""C00"",""customsDesc"":""TOTAL CPC"",""mosCode"":""0"",""motCode"":0,""motDesc"":""TOTAL MOT"",""qtyUnitCode"":8,""qtyUnitAbbr"":""kg"",""qty"":5343326,""isQtyEstimated"":false,""altQtyUnitCode"":-1,""altQtyUnitAbbr"":""N/A"",""altQty"":0,""isAltQtyEstimated"":false,""netWgt"":1559076,""isNetWgtEstimated"":false,""grossWgt"":0,""isGrossWgtEstimated"":false,""cifvalue"":null,""fobvalue"":11179160,""primaryValue"":11179160,""legacyEstimationFlag"":0,""isReported"":false,""isAggregate"":true}"
,UN Comtrade,https://comtradeapi.un.org/public/v1/preview/C/A/HS?reporterCode=76&flowCode=X&cmdCode=090111&period=2025&includeDesc=true,2026-05-30T18:34:22.015Z,"{""reporters"":[{""endpoint"":""https://comtradeapi.un.org/public/v1/preview/C/A/HS"",""reporterCode"":704,""reporterISO"":""VNM"",""flowCode"":""X"",""cmdCode"":""090111"",""period"":""2020,2021,2022,2023,2024,2025"",""includeDesc"":true},{""endpoint"":""https://comtradeapi.un.org/public/v1/preview/C/A/HS"",""reporterCode"":76,""reporterISO"":""BRA"",""flowCode"":""X"",""cmdCode"":""090111"",""period"":""2020,2021,2022,2023,2024,2025"",""includeDesc"":true},{""endpoint"":""https://comtradeapi.un.org/public/v1/preview/C/A/HS"",""reporterCode"":360,""reporterISO"":""IDN"",""flowCode"":""X"",""cmdCode"":""090111"",""period"":""2020,2021,2022,2023,2024,2025"",""includeDesc"":true}]}",C,A,20250101,2025,76,BRA,Brazil,703,SVK,Slovakia,0,W00,World,X,Export,H6,090111,Coffee; not roasted or decaffeinated,C00,TOTAL CPC,0,TOTAL MOT,8,kg,384060,383995,0,3300675,true,false,true,"{""typeCode"":""C"",""freqCode"":""A"",""refPeriodId"":20250101,""refYear"":2025,""refMonth"":52,""period"":""2025"",""reporterCode"":76,""reporterISO"":""BRA"",""reporterDesc"":""Brazil"",""flowCode"":""X"",""flowDesc"":""Export"",""partnerCode"":703,""partnerISO"":""SVK"",""partnerDesc"":""Slovakia"",""partner2Code"":0,""partner2ISO"":""W00"",""partner2Desc"":""World"",""classificationCode"":""H6"",""classificationSearchCode"":""HS"",""isOriginalClassification"":true,""cmdCode"":""090111"",""cmdDesc"":""Coffee; not roasted or decaffeinated"",""aggrLevel"":6,""isLeaf"":true,""customsCode"":""C00"",""customsDesc"":""TOTAL CPC"",""mosCode"":""0"",""motCode"":0,""motDesc"":""TOTAL MOT"",""qtyUnitCode"":8,""qtyUnitAbbr"":""kg"",""qty"":384060,""isQtyEstimated"":false,""altQtyUnitCode"":-1,""altQtyUnitAbbr"":""N/A"",""altQty"":0,""isAltQtyEstimated"":false,""netWgt"":383995,""isNetWgtEstimated"":false,""grossWgt"":0,""isGrossWgtEstimated"":false,""cifvalue"":null,""fobvalue"":3300675,""primaryValue"":3300675,""legacyEstimationFlag"":0,""isReported"":false,""isAggregate"":true}"
,UN Comtrade,https://comtradeapi.un.org/public/v1/preview/C/A/HS?reporterCode=76&flowCode=X&cmdCode=090111&period=2025&includeDesc=true,2026-05-30T18:34:22.015Z,"{""reporters"":[{""endpoint"":""https://comtradeapi.un.org/public/v1/preview/C/A/HS"",""reporterCode"":704,""reporterISO"":""VNM"",""flowCode"":""X"",""cmdCode"":""090111"",""period"":""2020,2021,2022,2023,2024,2025"",""includeDesc"":true},{""endpoint"":""https://comtradeapi.un.org/public/v1/preview/C/A/HS"",""reporterCode"":76,""reporterISO"":""BRA"",""flowCode"":""X"",""cmdCode"":""090111"",""period"":""2020,2021,2022,2023,2024,2025"",""includeDesc"":true},{""endpoint"":""https://comtradeapi.un.org/public/v1/preview/C/A/HS"",""reporterCode"":360,""reporterISO"":""IDN"",""flowCode"":""X"",""cmdCode"":""090111"",""period"":""2020,2021,2022,2023,2024,2025"",""includeDesc"":true}]}",C,A,20250101,2025,76,BRA,Brazil,704,VNM,Viet Nam,0,W00,World,X,Export,H6,090111,Coffee; not roasted or decaffeinated,C00,TOTAL CPC,0,TOTAL MOT,8,kg,335735000,19249600,0,93264827,true,false,true,"{""typeCode"":""C"",""freqCode"":""A"",""refPeriodId"":20250101,""refYear"":2025,""refMonth"":52,""period"":""2025"",""reporterCode"":76,""reporterISO"":""BRA"",""reporterDesc"":""Brazil"",""flowCode"":""X"",""flowDesc"":""Export"",""partnerCode"":704,""partnerISO"":""VNM"",""partnerDesc"":""Viet Nam"",""partner2Code"":0,""partner2ISO"":""W00"",""partner2Desc"":""World"",""classificationCode"":""H6"",""classificationSearchCode"":""HS"",""isOriginalClassification"":true,""cmdCode"":""090111"",""cmdDesc"":""Coffee; not roasted or decaffeinated"",""aggrLevel"":6,""isLeaf"":true,""customsCode"":""C00"",""customsDesc"":""TOTAL CPC"",""mosCode"":""0"",""motCode"":0,""motDesc"":""TOTAL MOT"",""qtyUnitCode"":8,""qtyUnitAbbr"":""kg"",""qty"":335735000,""isQtyEstimated"":false,""altQtyUnitCode"":21,""altQtyUnitAbbr"":""1000 KG"",""altQty"":335735,""isAltQtyEstimated"":false,""netWgt"":19249600,""isNetWgtEstimated"":false,""grossWgt"":0,""isGrossWgtEstimated"":false,""cifvalue"":null,""fobvalue"":93264827,""primaryValue"":93264827,""legacyEstimationFlag"":0,""isReported"":false,""isAggregate"":true}"
,UN Comtrade,https://comtradeapi.un.org/public/v1/preview/C/A/HS?reporterCode=76&flowCode=X&cmdCode=090111&period=2025&includeDesc=true,2026-05-30T18:34:22.015Z,"{""reporters"":[{""endpoint"":""https://comtradeapi.un.org/public/v1/preview/C/A/HS"",""reporterCode"":704,""reporterISO"":""VNM"",""flowCode"":""X"",""cmdCode"":""090111"",""period"":""2020,2021,2022,2023,2024,2025"",""includeDesc"":true},{""endpoint"":""https://comtradeapi.un.org/public/v1/preview/C/A/HS"",""reporterCode"":76,""reporterISO"":""BRA"",""flowCode"":""X"",""cmdCode"":""090111"",""period"":""2020,2021,2022,2023,2024,2025"",""includeDesc"":true},{""endpoint"":""https://comtradeapi.un.org/public/v1/preview/C/A/HS"",""reporterCode"":360,""reporterISO"":""IDN"",""flowCode"":""X"",""cmdCode"":""090111"",""period"":""2020,2021,2022,2023,2024,2025"",""includeDesc"":true}]}",C,A,20250101,2025,76,BRA,Brazil,705,SVN,Slovenia,0,W00,World,X,Export,H6,090111,Coffee; not roasted or decaffeinated,C00,TOTAL CPC,0,TOTAL MOT,8,kg,19644000,19651400,0,122958929,true,false,true,"{""typeCode"":""C"",""freqCode"":""A"",""refPeriodId"":20250101,""refYear"":2025,""refMonth"":52,""period"":""2025"",""reporterCode"":76,""reporterISO"":""BRA"",""reporterDesc"":""Brazil"",""flowCode"":""X"",""flowDesc"":""Export"",""partnerCode"":705,""partnerISO"":""SVN"",""partnerDesc"":""Slovenia"",""partner2Code"":0,""partner2ISO"":""W00"",""partner2Desc"":""World"",""classificationCode"":""H6"",""classificationSearchCode"":""HS"",""isOriginalClassification"":true,""cmdCode"":""090111"",""cmdDesc"":""Coffee; not roasted or decaffeinated"",""aggrLevel"":6,""isLeaf"":true,""customsCode"":""C00"",""customsDesc"":""TOTAL CPC"",""mosCode"":""0"",""motCode"":0,""motDesc"":""TOTAL MOT"",""qtyUnitCode"":8,""qtyUnitAbbr"":""kg"",""qty"":19644000,""isQtyEstimated"":false,""altQtyUnitCode"":21,""altQtyUnitAbbr"":""1000 KG"",""altQty"":19644,""isAltQtyEstimated"":false,""netWgt"":19651400,""isNetWgtEstimated"":false,""grossWgt"":0,""isGrossWgtEstimated"":false,""cifvalue"":null,""fobvalue"":122958929,""primaryValue"":122958929,""legacyEstimationFlag"":0,""isReported"":false,""isAggregate"":true}"
,UN Comtrade,https://comtradeapi.un.org/public/v1/preview/C/A/HS?reporterCode=76&flowCode=X&cmdCode=090111&period=2025&includeDesc=true,2026-05-30T18:34:22.015Z,"{""reporters"":[{""endpoint"":""https://comtradeapi.un.org/public/v1/preview/C/A/HS"",""reporterCode"":704,""reporterISO"":""VNM"",""flowCode"":""X"",""cmdCode"":""090111"",""period"":""2020,2021,2022,2023,2024,2025"",""includeDesc"":true},{""endpoint"":""https://comtradeapi.un.org/public/v1/preview/C/A/HS"",""reporterCode"":76,""reporterISO"":""BRA"",""flowCode"":""X"",""cmdCode"":""090111"",""period"":""2020,2021,2022,2023,2024,2025"",""includeDesc"":true},{""endpoint"":""https://comtradeapi.un.org/public/v1/preview/C/A/HS"",""reporterCode"":360,""reporterISO"":""IDN"",""flowCode"":""X"",""cmdCode"":""090111"",""period"":""2020,2021,2022,2023,2024,2025"",""includeDesc"":true}]}",C,A,20250101,2025,76,BRA,Brazil,710,ZAF,South Africa,0,W00,World,X,Export,H6,090111,Coffee; not roasted or decaffeinated,C00,TOTAL CPC,0,TOTAL MOT,8,kg,9307030,9321020,0,53036464,true,false,true,"{""typeCode"":""C"",""freqCode"":""A"",""refPeriodId"":20250101,""refYear"":2025,""refMonth"":52,""period"":""2025"",""reporterCode"":76,""reporterISO"":""BRA"",""reporterDesc"":""Brazil"",""flowCode"":""X"",""flowDesc"":""Export"",""partnerCode"":710,""partnerISO"":""ZAF"",""partnerDesc"":""South Africa"",""partner2Code"":0,""partner2ISO"":""W00"",""partner2Desc"":""World"",""classificationCode"":""H6"",""classificationSearchCode"":""HS"",""isOriginalClassification"":true,""cmdCode"":""090111"",""cmdDesc"":""Coffee; not roasted or decaffeinated"",""aggrLevel"":6,""isLeaf"":true,""customsCode"":""C00"",""customsDesc"":""TOTAL CPC"",""mosCode"":""0"",""motCode"":0,""motDesc"":""TOTAL MOT"",""qtyUnitCode"":8,""qtyUnitAbbr"":""kg"",""qty"":9307030,""isQtyEstimated"":false,""altQtyUnitCode"":-1,""altQtyUnitAbbr"":""N/A"",""altQty"":0,""isAltQtyEstimated"":false,""netWgt"":9321020,""isNetWgtEstimated"":false,""grossWgt"":0,""isGrossWgtEstimated"":false,""cifvalue"":null,""fobvalue"":53036464,""primaryValue"":53036464,""legacyEstimationFlag"":0,""isReported"":false,""isAggregate"":true}"
,UN Comtrade,https://comtradeapi.un.org/public/v1/preview/C/A/HS?reporterCode=76&flowCode=X&cmdCode=090111&period=2025&includeDesc=true,2026-05-30T18:34:22.015Z,"{""reporters"":[{""endpoint"":""https://comtradeapi.un.org/public/v1/preview/C/A/HS"",""reporterCode"":704,""reporterISO"":""VNM"",""flowCode"":""X"",""cmdCode"":""090111"",""period"":""2020,2021,2022,2023,2024,2025"",""includeDesc"":true},{""endpoint"":""https://comtradeapi.un.org/public/v1/preview/C/A/HS"",""reporterCode"":76,""reporterISO"":""BRA"",""flowCode"":""X"",""cmdCode"":""090111"",""period"":""2020,2021,2022,2023,2024,2025"",""includeDesc"":true},{""endpoint"":""https://comtradeapi.un.org/public/v1/preview/C/A/HS"",""reporterCode"":360,""reporterISO"":""IDN"",""flowCode"":""X"",""cmdCode"":""090111"",""period"":""2020,2021,2022,2023,2024,2025"",""includeDesc"":true}]}",C,A,20250101,2025,76,BRA,Brazil,724,ESP,Spain,0,W00,World,X,Export,H6,090111,Coffee; not roasted or decaffeinated,C00,TOTAL CPC,0,TOTAL MOT,8,kg,206556026,77100626,0,476696363,true,false,true,"{""typeCode"":""C"",""freqCode"":""A"",""refPeriodId"":20250101,""refYear"":2025,""refMonth"":52,""period"":""2025"",""reporterCode"":76,""reporterISO"":""BRA"",""reporterDesc"":""Brazil"",""flowCode"":""X"",""flowDesc"":""Export"",""partnerCode"":724,""partnerISO"":""ESP"",""partnerDesc"":""Spain"",""partner2Code"":0,""partner2ISO"":""W00"",""partner2Desc"":""World"",""classificationCode"":""H6"",""classificationSearchCode"":""HS"",""isOriginalClassification"":true,""cmdCode"":""090111"",""cmdDesc"":""Coffee; not roasted or decaffeinated"",""aggrLevel"":6,""isLeaf"":true,""customsCode"":""C00"",""customsDesc"":""TOTAL CPC"",""mosCode"":""0"",""motCode"":0,""motDesc"":""TOTAL MOT"",""qtyUnitCode"":8,""qtyUnitAbbr"":""kg"",""qty"":206556026,""isQtyEstimated"":false,""altQtyUnitCode"":-1,""altQtyUnitAbbr"":""N/A"",""altQty"":0,""isAltQtyEstimated"":false,""netWgt"":77100626,""isNetWgtEstimated"":false,""grossWgt"":0,""isGrossWgtEstimated"":false,""cifvalue"":null,""fobvalue"":476696363,""primaryValue"":476696363,""legacyEstimationFlag"":0,""isReported"":false,""isAggregate"":true}"
,UN Comtrade,https://comtradeapi.un.org/public/v1/preview/C/A/HS?reporterCode=76&flowCode=X&cmdCode=090111&period=2025&includeDesc=true,2026-05-30T18:34:22.015Z,"{""reporters"":[{""endpoint"":""https://comtradeapi.un.org/public/v1/preview/C/A/HS"",""reporterCode"":704,""reporterISO"":""VNM"",""flowCode"":""X"",""cmdCode"":""090111"",""period"":""2020,2021,2022,2023,2024,2025"",""includeDesc"":true},{""endpoint"":""https://comtradeapi.un.org/public/v1/preview/C/A/HS"",""reporterCode"":76,""reporterISO"":""BRA"",""flowCode"":""X"",""cmdCode"":""090111"",""period"":""2020,2021,2022,2023,2024,2025"",""includeDesc"":true},{""endpoint"":""https://comtradeapi.un.org/public/v1/preview/C/A/HS"",""reporterCode"":360,""reporterISO"":""IDN"",""flowCode"":""X"",""cmdCode"":""090111"",""period"":""2020,2021,2022,2023,2024,2025"",""includeDesc"":true}]}",C,A,20250101,2025,76,BRA,Brazil,752,SWE,Sweden,0,W00,World,X,Export,H6,090111,Coffee; not roasted or decaffeinated,C00,TOTAL CPC,0,TOTAL MOT,8,kg,40123000,40072900,0,288696907,true,false,true,"{""typeCode"":""C"",""freqCode"":""A"",""refPeriodId"":20250101,""refYear"":2025,""refMonth"":52,""period"":""2025"",""reporterCode"":76,""reporterISO"":""BRA"",""reporterDesc"":""Brazil"",""flowCode"":""X"",""flowDesc"":""Export"",""partnerCode"":752,""partnerISO"":""SWE"",""partnerDesc"":""Sweden"",""partner2Code"":0,""partner2ISO"":""W00"",""partner2Desc"":""World"",""classificationCode"":""H6"",""classificationSearchCode"":""HS"",""isOriginalClassification"":true,""cmdCode"":""090111"",""cmdDesc"":""Coffee; not roasted or decaffeinated"",""aggrLevel"":6,""isLeaf"":true,""customsCode"":""C00"",""customsDesc"":""TOTAL CPC"",""mosCode"":""0"",""motCode"":0,""motDesc"":""TOTAL MOT"",""qtyUnitCode"":8,""qtyUnitAbbr"":""kg"",""qty"":40123000,""isQtyEstimated"":false,""altQtyUnitCode"":21,""altQtyUnitAbbr"":""1000 KG"",""altQty"":40123,""isAltQtyEstimated"":false,""netWgt"":40072900,""isNetWgtEstimated"":false,""grossWgt"":0,""isGrossWgtEstimated"":false,""cifvalue"":null,""fobvalue"":288696907,""primaryValue"":288696907,""legacyEstimationFlag"":0,""isReported"":false,""isAggregate"":true}"
,UN Comtrade,https://comtradeapi.un.org/public/v1/preview/C/A/HS?reporterCode=76&flowCode=X&cmdCode=090111&period=2025&includeDesc=true,2026-05-30T18:34:22.015Z,"{""reporters"":[{""endpoint"":""https://comtradeapi.un.org/public/v1/preview/C/A/HS"",""reporterCode"":704,""reporterISO"":""VNM"",""flowCode"":""X"",""cmdCode"":""090111"",""period"":""2020,2021,2022,2023,2024,2025"",""includeDesc"":true},{""endpoint"":""https://comtradeapi.un.org/public/v1/preview/C/A/HS"",""reporterCode"":76,""reporterISO"":""BRA"",""flowCode"":""X"",""cmdCode"":""090111"",""period"":""2020,2021,2022,2023,2024,2025"",""includeDesc"":true},{""endpoint"":""https://comtradeapi.un.org/public/v1/preview/C/A/HS"",""reporterCode"":360,""reporterISO"":""IDN"",""flowCode"":""X"",""cmdCode"":""090111"",""period"":""2020,2021,2022,2023,2024,2025"",""includeDesc"":true}]}",C,A,20250101,2025,76,BRA,Brazil,757,CHE,Switzerland,0,W00,World,X,Export,H6,090111,Coffee; not roasted or decaffeinated,C00,TOTAL CPC,0,TOTAL MOT,8,kg,40892056,3385561,0,25711810,true,false,true,"{""typeCode"":""C"",""freqCode"":""A"",""refPeriodId"":20250101,""refYear"":2025,""refMonth"":52,""period"":""2025"",""reporterCode"":76,""reporterISO"":""BRA"",""reporterDesc"":""Brazil"",""flowCode"":""X"",""flowDesc"":""Export"",""partnerCode"":757,""partnerISO"":""CHE"",""partnerDesc"":""Switzerland"",""partner2Code"":0,""partner2ISO"":""W00"",""partner2Desc"":""World"",""classificationCode"":""H6"",""classificationSearchCode"":""HS"",""isOriginalClassification"":true,""cmdCode"":""090111"",""cmdDesc"":""Coffee; not roasted or decaffeinated"",""aggrLevel"":6,""isLeaf"":true,""customsCode"":""C00"",""customsDesc"":""TOTAL CPC"",""mosCode"":""0"",""motCode"":0,""motDesc"":""TOTAL MOT"",""qtyUnitCode"":8,""qtyUnitAbbr"":""kg"",""qty"":40892056,""isQtyEstimated"":false,""altQtyUnitCode"":-1,""altQtyUnitAbbr"":""N/A"",""altQty"":0,""isAltQtyEstimated"":false,""netWgt"":3385561,""isNetWgtEstimated"":false,""grossWgt"":0,""isGrossWgtEstimated"":false,""cifvalue"":null,""fobvalue"":25711810,""primaryValue"":25711810,""legacyEstimationFlag"":0,""isReported"":false,""isAggregate"":true}"
,UN Comtrade,https://comtradeapi.un.org/public/v1/preview/C/A/HS?reporterCode=76&flowCode=X&cmdCode=090111&period=2025&includeDesc=true,2026-05-30T18:34:22.015Z,"{""reporters"":[{""endpoint"":""https://comtradeapi.un.org/public/v1/preview/C/A/HS"",""reporterCode"":704,""reporterISO"":""VNM"",""flowCode"":""X"",""cmdCode"":""090111"",""period"":""2020,2021,2022,2023,2024,2025"",""includeDesc"":true},{""endpoint"":""https://comtradeapi.un.org/public/v1/preview/C/A/HS"",""reporterCode"":76,""reporterISO"":""BRA"",""flowCode"":""X"",""cmdCode"":""090111"",""period"":""2020,2021,2022,2023,2024,2025"",""includeDesc"":true},{""endpoint"":""https://comtradeapi.un.org/public/v1/preview/C/A/HS"",""reporterCode"":360,""reporterISO"":""IDN"",""flowCode"":""X"",""cmdCode"":""090111"",""period"":""2020,2021,2022,2023,2024,2025"",""includeDesc"":true}]}",C,A,20250101,2025,76,BRA,Brazil,760,SYR,Syria,0,W00,World,X,Export,H6,090111,Coffee; not roasted or decaffeinated,C00,TOTAL CPC,0,TOTAL MOT,8,kg,3364000,3367950,0,17440263,true,false,true,"{""typeCode"":""C"",""freqCode"":""A"",""refPeriodId"":20250101,""refYear"":2025,""refMonth"":52,""period"":""2025"",""reporterCode"":76,""reporterISO"":""BRA"",""reporterDesc"":""Brazil"",""flowCode"":""X"",""flowDesc"":""Export"",""partnerCode"":760,""partnerISO"":""SYR"",""partnerDesc"":""Syria"",""partner2Code"":0,""partner2ISO"":""W00"",""partner2Desc"":""World"",""classificationCode"":""H6"",""classificationSearchCode"":""HS"",""isOriginalClassification"":true,""cmdCode"":""090111"",""cmdDesc"":""Coffee; not roasted or decaffeinated"",""aggrLevel"":6,""isLeaf"":true,""customsCode"":""C00"",""customsDesc"":""TOTAL CPC"",""mosCode"":""0"",""motCode"":0,""motDesc"":""TOTAL MOT"",""qtyUnitCode"":8,""qtyUnitAbbr"":""kg"",""qty"":3364000,""isQtyEstimated"":false,""altQtyUnitCode"":21,""altQtyUnitAbbr"":""1000 KG"",""altQty"":3364,""isAltQtyEstimated"":false,""netWgt"":3367950,""isNetWgtEstimated"":false,""grossWgt"":0,""isGrossWgtEstimated"":false,""cifvalue"":null,""fobvalue"":17440263,""primaryValue"":17440263,""legacyEstimationFlag"":0,""isReported"":false,""isAggregate"":true}"
,UN Comtrade,https://comtradeapi.un.org/public/v1/preview/C/A/HS?reporterCode=76&flowCode=X&cmdCode=090111&period=2025&includeDesc=true,2026-05-30T18:34:22.015Z,"{""reporters"":[{""endpoint"":""https://comtradeapi.un.org/public/v1/preview/C/A/HS"",""reporterCode"":704,""reporterISO"":""VNM"",""flowCode"":""X"",""cmdCode"":""090111"",""period"":""2020,2021,2022,2023,2024,2025"",""includeDesc"":true},{""endpoint"":""https://comtradeapi.un.org/public/v1/preview/C/A/HS"",""reporterCode"":76,""reporterISO"":""BRA"",""flowCode"":""X"",""cmdCode"":""090111"",""period"":""2020,2021,2022,2023,2024,2025"",""includeDesc"":true},{""endpoint"":""https://comtradeapi.un.org/public/v1/preview/C/A/HS"",""reporterCode"":360,""reporterISO"":""IDN"",""flowCode"":""X"",""cmdCode"":""090111"",""period"":""2020,2021,2022,2023,2024,2025"",""includeDesc"":true}]}",C,A,20250101,2025,76,BRA,Brazil,764,THA,Thailand,0,W00,World,X,Export,H6,090111,Coffee; not roasted or decaffeinated,C00,TOTAL CPC,0,TOTAL MOT,8,kg,2073090,172890,0,1159487,true,false,true,"{""typeCode"":""C"",""freqCode"":""A"",""refPeriodId"":20250101,""refYear"":2025,""refMonth"":52,""period"":""2025"",""reporterCode"":76,""reporterISO"":""BRA"",""reporterDesc"":""Brazil"",""flowCode"":""X"",""flowDesc"":""Export"",""partnerCode"":764,""partnerISO"":""THA"",""partnerDesc"":""Thailand"",""partner2Code"":0,""partner2ISO"":""W00"",""partner2Desc"":""World"",""classificationCode"":""H6"",""classificationSearchCode"":""HS"",""isOriginalClassification"":true,""cmdCode"":""090111"",""cmdDesc"":""Coffee; not roasted or decaffeinated"",""aggrLevel"":6,""isLeaf"":true,""customsCode"":""C00"",""customsDesc"":""TOTAL CPC"",""mosCode"":""0"",""motCode"":0,""motDesc"":""TOTAL MOT"",""qtyUnitCode"":8,""qtyUnitAbbr"":""kg"",""qty"":2073090,""isQtyEstimated"":false,""altQtyUnitCode"":-1,""altQtyUnitAbbr"":""N/A"",""altQty"":0,""isAltQtyEstimated"":false,""netWgt"":172890,""isNetWgtEstimated"":false,""grossWgt"":0,""isGrossWgtEstimated"":false,""cifvalue"":null,""fobvalue"":1159487,""primaryValue"":1159487,""legacyEstimationFlag"":0,""isReported"":false,""isAggregate"":true}"
,UN Comtrade,https://comtradeapi.un.org/public/v1/preview/C/A/HS?reporterCode=76&flowCode=X&cmdCode=090111&period=2025&includeDesc=true,2026-05-30T18:34:22.015Z,"{""reporters"":[{""endpoint"":""https://comtradeapi.un.org/public/v1/preview/C/A/HS"",""reporterCode"":704,""reporterISO"":""VNM"",""flowCode"":""X"",""cmdCode"":""090111"",""period"":""2020,2021,2022,2023,2024,2025"",""includeDesc"":true},{""endpoint"":""https://comtradeapi.un.org/public/v1/preview/C/A/HS"",""reporterCode"":76,""reporterISO"":""BRA"",""flowCode"":""X"",""cmdCode"":""090111"",""period"":""2020,2021,2022,2023,2024,2025"",""includeDesc"":true},{""endpoint"":""https://comtradeapi.un.org/public/v1/preview/C/A/HS"",""reporterCode"":360,""reporterISO"":""IDN"",""flowCode"":""X"",""cmdCode"":""090111"",""period"":""2020,2021,2022,2023,2024,2025"",""includeDesc"":true}]}",C,A,20250101,2025,76,BRA,Brazil,780,TTO,Trinidad and Tobago,0,W00,World,X,Export,H6,090111,Coffee; not roasted or decaffeinated,C00,TOTAL CPC,0,TOTAL MOT,8,kg,340000,331500,0,1686445,true,false,true,"{""typeCode"":""C"",""freqCode"":""A"",""refPeriodId"":20250101,""refYear"":2025,""refMonth"":52,""period"":""2025"",""reporterCode"":76,""reporterISO"":""BRA"",""reporterDesc"":""Brazil"",""flowCode"":""X"",""flowDesc"":""Export"",""partnerCode"":780,""partnerISO"":""TTO"",""partnerDesc"":""Trinidad and Tobago"",""partner2Code"":0,""partner2ISO"":""W00"",""partner2Desc"":""World"",""classificationCode"":""H6"",""classificationSearchCode"":""HS"",""isOriginalClassification"":true,""cmdCode"":""090111"",""cmdDesc"":""Coffee; not roasted or decaffeinated"",""aggrLevel"":6,""isLeaf"":true,""customsCode"":""C00"",""customsDesc"":""TOTAL CPC"",""mosCode"":""0"",""motCode"":0,""motDesc"":""TOTAL MOT"",""qtyUnitCode"":8,""qtyUnitAbbr"":""kg"",""qty"":340000,""isQtyEstimated"":false,""altQtyUnitCode"":21,""altQtyUnitAbbr"":""1000 KG"",""altQty"":340,""isAltQtyEstimated"":false,""netWgt"":331500,""isNetWgtEstimated"":false,""grossWgt"":0,""isGrossWgtEstimated"":false,""cifvalue"":null,""fobvalue"":1686445,""primaryValue"":1686445,""legacyEstimationFlag"":0,""isReported"":false,""isAggregate"":true}"
,UN Comtrade,https://comtradeapi.un.org/public/v1/preview/C/A/HS?reporterCode=76&flowCode=X&cmdCode=090111&period=2025&includeDesc=true,2026-05-30T18:34:22.015Z,"{""reporters"":[{""endpoint"":""https://comtradeapi.un.org/public/v1/preview/C/A/HS"",""reporterCode"":704,""reporterISO"":""VNM"",""flowCode"":""X"",""cmdCode"":""090111"",""period"":""2020,2021,2022,2023,2024,2025"",""includeDesc"":true},{""endpoint"":""https://comtradeapi.un.org/public/v1/preview/C/A/HS"",""reporterCode"":76,""reporterISO"":""BRA"",""flowCode"":""X"",""cmdCode"":""090111"",""period"":""2020,2021,2022,2023,2024,2025"",""includeDesc"":true},{""endpoint"":""https://comtradeapi.un.org/public/v1/preview/C/A/HS"",""reporterCode"":360,""reporterISO"":""IDN"",""flowCode"":""X"",""cmdCode"":""090111"",""period"":""2020,2021,2022,2023,2024,2025"",""includeDesc"":true}]}",C,A,20250101,2025,76,BRA,Brazil,784,ARE,United Arab Emirates,0,W00,World,X,Export,H6,090111,Coffee; not roasted or decaffeinated,C00,TOTAL CPC,0,TOTAL MOT,8,kg,50508187,12787687,0,78905970,true,false,true,"{""typeCode"":""C"",""freqCode"":""A"",""refPeriodId"":20250101,""refYear"":2025,""refMonth"":52,""period"":""2025"",""reporterCode"":76,""reporterISO"":""BRA"",""reporterDesc"":""Brazil"",""flowCode"":""X"",""flowDesc"":""Export"",""partnerCode"":784,""partnerISO"":""ARE"",""partnerDesc"":""United Arab Emirates"",""partner2Code"":0,""partner2ISO"":""W00"",""partner2Desc"":""World"",""classificationCode"":""H6"",""classificationSearchCode"":""HS"",""isOriginalClassification"":true,""cmdCode"":""090111"",""cmdDesc"":""Coffee; not roasted or decaffeinated"",""aggrLevel"":6,""isLeaf"":true,""customsCode"":""C00"",""customsDesc"":""TOTAL CPC"",""mosCode"":""0"",""motCode"":0,""motDesc"":""TOTAL MOT"",""qtyUnitCode"":8,""qtyUnitAbbr"":""kg"",""qty"":50508187,""isQtyEstimated"":false,""altQtyUnitCode"":-1,""altQtyUnitAbbr"":""N/A"",""altQty"":0,""isAltQtyEstimated"":false,""netWgt"":12787687,""isNetWgtEstimated"":false,""grossWgt"":0,""isGrossWgtEstimated"":false,""cifvalue"":null,""fobvalue"":78905970,""primaryValue"":78905970,""legacyEstimationFlag"":0,""isReported"":false,""isAggregate"":true}"
,UN Comtrade,https://comtradeapi.un.org/public/v1/preview/C/A/HS?reporterCode=76&flowCode=X&cmdCode=090111&period=2025&includeDesc=true,2026-05-30T18:34:22.015Z,"{""reporters"":[{""endpoint"":""https://comtradeapi.un.org/public/v1/preview/C/A/HS"",""reporterCode"":704,""reporterISO"":""VNM"",""flowCode"":""X"",""cmdCode"":""090111"",""period"":""2020,2021,2022,2023,2024,2025"",""includeDesc"":true},{""endpoint"":""https://comtradeapi.un.org/public/v1/preview/C/A/HS"",""reporterCode"":76,""reporterISO"":""BRA"",""flowCode"":""X"",""cmdCode"":""090111"",""period"":""2020,2021,2022,2023,2024,2025"",""includeDesc"":true},{""endpoint"":""https://comtradeapi.un.org/public/v1/preview/C/A/HS"",""reporterCode"":360,""reporterISO"":""IDN"",""flowCode"":""X"",""cmdCode"":""090111"",""period"":""2020,2021,2022,2023,2024,2025"",""includeDesc"":true}]}",C,A,20250101,2025,76,BRA,Brazil,788,TUN,Tunisia,0,W00,World,X,Export,H6,090111,Coffee; not roasted or decaffeinated,C00,TOTAL CPC,0,TOTAL MOT,8,kg,7163000,7163960,0,35930638,true,false,true,"{""typeCode"":""C"",""freqCode"":""A"",""refPeriodId"":20250101,""refYear"":2025,""refMonth"":52,""period"":""2025"",""reporterCode"":76,""reporterISO"":""BRA"",""reporterDesc"":""Brazil"",""flowCode"":""X"",""flowDesc"":""Export"",""partnerCode"":788,""partnerISO"":""TUN"",""partnerDesc"":""Tunisia"",""partner2Code"":0,""partner2ISO"":""W00"",""partner2Desc"":""World"",""classificationCode"":""H6"",""classificationSearchCode"":""HS"",""isOriginalClassification"":true,""cmdCode"":""090111"",""cmdDesc"":""Coffee; not roasted or decaffeinated"",""aggrLevel"":6,""isLeaf"":true,""customsCode"":""C00"",""customsDesc"":""TOTAL CPC"",""mosCode"":""0"",""motCode"":0,""motDesc"":""TOTAL MOT"",""qtyUnitCode"":8,""qtyUnitAbbr"":""kg"",""qty"":7163000,""isQtyEstimated"":false,""altQtyUnitCode"":21,""altQtyUnitAbbr"":""1000 KG"",""altQty"":7163,""isAltQtyEstimated"":false,""netWgt"":7163960,""isNetWgtEstimated"":false,""grossWgt"":0,""isGrossWgtEstimated"":false,""cifvalue"":null,""fobvalue"":35930638,""primaryValue"":35930638,""legacyEstimationFlag"":0,""isReported"":false,""isAggregate"":true}"
,UN Comtrade,https://comtradeapi.un.org/public/v1/preview/C/A/HS?reporterCode=76&flowCode=X&cmdCode=090111&period=2025&includeDesc=true,2026-05-30T18:34:22.015Z,"{""reporters"":[{""endpoint"":""https://comtradeapi.un.org/public/v1/preview/C/A/HS"",""reporterCode"":704,""reporterISO"":""VNM"",""flowCode"":""X"",""cmdCode"":""090111"",""period"":""2020,2021,2022,2023,2024,2025"",""includeDesc"":true},{""endpoint"":""https://comtradeapi.un.org/public/v1/preview/C/A/HS"",""reporterCode"":76,""reporterISO"":""BRA"",""flowCode"":""X"",""cmdCode"":""090111"",""period"":""2020,2021,2022,2023,2024,2025"",""includeDesc"":true},{""endpoint"":""https://comtradeapi.un.org/public/v1/preview/C/A/HS"",""reporterCode"":360,""reporterISO"":""IDN"",""flowCode"":""X"",""cmdCode"":""090111"",""period"":""2020,2021,2022,2023,2024,2025"",""includeDesc"":true}]}",C,A,20250101,2025,76,BRA,Brazil,792,TUR,Türkiye,0,W00,World,X,Export,H6,090111,Coffee; not roasted or decaffeinated,C00,TOTAL CPC,0,TOTAL MOT,8,kg,91156030,89729330,0,589068205,true,false,true,"{""typeCode"":""C"",""freqCode"":""A"",""refPeriodId"":20250101,""refYear"":2025,""refMonth"":52,""period"":""2025"",""reporterCode"":76,""reporterISO"":""BRA"",""reporterDesc"":""Brazil"",""flowCode"":""X"",""flowDesc"":""Export"",""partnerCode"":792,""partnerISO"":""TUR"",""partnerDesc"":""Türkiye"",""partner2Code"":0,""partner2ISO"":""W00"",""partner2Desc"":""World"",""classificationCode"":""H6"",""classificationSearchCode"":""HS"",""isOriginalClassification"":true,""cmdCode"":""090111"",""cmdDesc"":""Coffee; not roasted or decaffeinated"",""aggrLevel"":6,""isLeaf"":true,""customsCode"":""C00"",""customsDesc"":""TOTAL CPC"",""mosCode"":""0"",""motCode"":0,""motDesc"":""TOTAL MOT"",""qtyUnitCode"":8,""qtyUnitAbbr"":""kg"",""qty"":91156030,""isQtyEstimated"":false,""altQtyUnitCode"":-1,""altQtyUnitAbbr"":""N/A"",""altQty"":0,""isAltQtyEstimated"":false,""netWgt"":89729330,""isNetWgtEstimated"":false,""grossWgt"":0,""isGrossWgtEstimated"":false,""cifvalue"":null,""fobvalue"":589068205,""primaryValue"":589068205,""legacyEstimationFlag"":0,""isReported"":false,""isAggregate"":true}"
,UN Comtrade,https://comtradeapi.un.org/public/v1/preview/C/A/HS?reporterCode=76&flowCode=X&cmdCode=090111&period=2025&includeDesc=true,2026-05-30T18:34:22.015Z,"{""reporters"":[{""endpoint"":""https://comtradeapi.un.org/public/v1/preview/C/A/HS"",""reporterCode"":704,""reporterISO"":""VNM"",""flowCode"":""X"",""cmdCode"":""090111"",""period"":""2020,2021,2022,2023,2024,2025"",""includeDesc"":true},{""endpoint"":""https://comtradeapi.un.org/public/v1/preview/C/A/HS"",""reporterCode"":76,""reporterISO"":""BRA"",""flowCode"":""X"",""cmdCode"":""090111"",""period"":""2020,2021,2022,2023,2024,2025"",""includeDesc"":true},{""endpoint"":""https://comtradeapi.un.org/public/v1/preview/C/A/HS"",""reporterCode"":360,""reporterISO"":""IDN"",""flowCode"":""X"",""cmdCode"":""090111"",""period"":""2020,2021,2022,2023,2024,2025"",""includeDesc"":true}]}",C,A,20250101,2025,76,BRA,Brazil,804,UKR,Ukraine,0,W00,World,X,Export,H6,090111,Coffee; not roasted or decaffeinated,C00,TOTAL CPC,0,TOTAL MOT,8,kg,1341000,1046780,0,7191521,true,false,true,"{""typeCode"":""C"",""freqCode"":""A"",""refPeriodId"":20250101,""refYear"":2025,""refMonth"":52,""period"":""2025"",""reporterCode"":76,""reporterISO"":""BRA"",""reporterDesc"":""Brazil"",""flowCode"":""X"",""flowDesc"":""Export"",""partnerCode"":804,""partnerISO"":""UKR"",""partnerDesc"":""Ukraine"",""partner2Code"":0,""partner2ISO"":""W00"",""partner2Desc"":""World"",""classificationCode"":""H6"",""classificationSearchCode"":""HS"",""isOriginalClassification"":true,""cmdCode"":""090111"",""cmdDesc"":""Coffee; not roasted or decaffeinated"",""aggrLevel"":6,""isLeaf"":true,""customsCode"":""C00"",""customsDesc"":""TOTAL CPC"",""mosCode"":""0"",""motCode"":0,""motDesc"":""TOTAL MOT"",""qtyUnitCode"":8,""qtyUnitAbbr"":""kg"",""qty"":1341000,""isQtyEstimated"":false,""altQtyUnitCode"":21,""altQtyUnitAbbr"":""1000 KG"",""altQty"":1341,""isAltQtyEstimated"":false,""netWgt"":1046780,""isNetWgtEstimated"":false,""grossWgt"":0,""isGrossWgtEstimated"":false,""cifvalue"":null,""fobvalue"":7191521,""primaryValue"":7191521,""legacyEstimationFlag"":0,""isReported"":false,""isAggregate"":true}"
,UN Comtrade,https://comtradeapi.un.org/public/v1/preview/C/A/HS?reporterCode=76&flowCode=X&cmdCode=090111&period=2025&includeDesc=true,2026-05-30T18:34:22.015Z,"{""reporters"":[{""endpoint"":""https://comtradeapi.un.org/public/v1/preview/C/A/HS"",""reporterCode"":704,""reporterISO"":""VNM"",""flowCode"":""X"",""cmdCode"":""090111"",""period"":""2020,2021,2022,2023,2024,2025"",""includeDesc"":true},{""endpoint"":""https://comtradeapi.un.org/public/v1/preview/C/A/HS"",""reporterCode"":76,""reporterISO"":""BRA"",""flowCode"":""X"",""cmdCode"":""090111"",""period"":""2020,2021,2022,2023,2024,2025"",""includeDesc"":true},{""endpoint"":""https://comtradeapi.un.org/public/v1/preview/C/A/HS"",""reporterCode"":360,""reporterISO"":""IDN"",""flowCode"":""X"",""cmdCode"":""090111"",""period"":""2020,2021,2022,2023,2024,2025"",""includeDesc"":true}]}",C,A,20250101,2025,76,BRA,Brazil,818,EGY,Egypt,0,W00,World,X,Export,H6,090111,Coffee; not roasted or decaffeinated,C00,TOTAL CPC,0,TOTAL MOT,8,kg,138617000,5833580,0,34341074,true,false,true,"{""typeCode"":""C"",""freqCode"":""A"",""refPeriodId"":20250101,""refYear"":2025,""refMonth"":52,""period"":""2025"",""reporterCode"":76,""reporterISO"":""BRA"",""reporterDesc"":""Brazil"",""flowCode"":""X"",""flowDesc"":""Export"",""partnerCode"":818,""partnerISO"":""EGY"",""partnerDesc"":""Egypt"",""partner2Code"":0,""partner2ISO"":""W00"",""partner2Desc"":""World"",""classificationCode"":""H6"",""classificationSearchCode"":""HS"",""isOriginalClassification"":true,""cmdCode"":""090111"",""cmdDesc"":""Coffee; not roasted or decaffeinated"",""aggrLevel"":6,""isLeaf"":true,""customsCode"":""C00"",""customsDesc"":""TOTAL CPC"",""mosCode"":""0"",""motCode"":0,""motDesc"":""TOTAL MOT"",""qtyUnitCode"":8,""qtyUnitAbbr"":""kg"",""qty"":138617000,""isQtyEstimated"":false,""altQtyUnitCode"":21,""altQtyUnitAbbr"":""1000 KG"",""altQty"":138617,""isAltQtyEstimated"":false,""netWgt"":5833580,""isNetWgtEstimated"":false,""grossWgt"":0,""isGrossWgtEstimated"":false,""cifvalue"":null,""fobvalue"":34341074,""primaryValue"":34341074,""legacyEstimationFlag"":0,""isReported"":false,""isAggregate"":true}"
,UN Comtrade,https://comtradeapi.un.org/public/v1/preview/C/A/HS?reporterCode=76&flowCode=X&cmdCode=090111&period=2025&includeDesc=true,2026-05-30T18:34:22.015Z,"{""reporters"":[{""endpoint"":""https://comtradeapi.un.org/public/v1/preview/C/A/HS"",""reporterCode"":704,""reporterISO"":""VNM"",""flowCode"":""X"",""cmdCode"":""090111"",""period"":""2020,2021,2022,2023,2024,2025"",""includeDesc"":true},{""endpoint"":""https://comtradeapi.un.org/public/v1/preview/C/A/HS"",""reporterCode"":76,""reporterISO"":""BRA"",""flowCode"":""X"",""cmdCode"":""090111"",""period"":""2020,2021,2022,2023,2024,2025"",""includeDesc"":true},{""endpoint"":""https://comtradeapi.un.org/public/v1/preview/C/A/HS"",""reporterCode"":360,""reporterISO"":""IDN"",""flowCode"":""X"",""cmdCode"":""090111"",""period"":""2020,2021,2022,2023,2024,2025"",""includeDesc"":true}]}",C,A,20250101,2025,76,BRA,Brazil,826,GBR,United Kingdom,0,W00,World,X,Export,H6,090111,Coffee; not roasted or decaffeinated,C00,TOTAL CPC,0,TOTAL MOT,8,kg,546926104.481,49392799.481,0,349692461,true,false,true,"{""typeCode"":""C"",""freqCode"":""A"",""refPeriodId"":20250101,""refYear"":2025,""refMonth"":52,""period"":""2025"",""reporterCode"":76,""reporterISO"":""BRA"",""reporterDesc"":""Brazil"",""flowCode"":""X"",""flowDesc"":""Export"",""partnerCode"":826,""partnerISO"":""GBR"",""partnerDesc"":""United Kingdom"",""partner2Code"":0,""partner2ISO"":""W00"",""partner2Desc"":""World"",""classificationCode"":""H6"",""classificationSearchCode"":""HS"",""isOriginalClassification"":true,""cmdCode"":""090111"",""cmdDesc"":""Coffee; not roasted or decaffeinated"",""aggrLevel"":6,""isLeaf"":true,""customsCode"":""C00"",""customsDesc"":""TOTAL CPC"",""mosCode"":""0"",""motCode"":0,""motDesc"":""TOTAL MOT"",""qtyUnitCode"":8,""qtyUnitAbbr"":""kg"",""qty"":546926104.481,""isQtyEstimated"":true,""altQtyUnitCode"":-1,""altQtyUnitAbbr"":""N/A"",""altQty"":0,""isAltQtyEstimated"":false,""netWgt"":49392799.481,""isNetWgtEstimated"":true,""grossWgt"":0,""isGrossWgtEstimated"":false,""cifvalue"":null,""fobvalue"":349692461,""primaryValue"":349692461,""legacyEstimationFlag"":6,""isReported"":false,""isAggregate"":true}"
,UN Comtrade,https://comtradeapi.un.org/public/v1/preview/C/A/HS?reporterCode=76&flowCode=X&cmdCode=090111&period=2025&includeDesc=true,2026-05-30T18:34:22.015Z,"{""reporters"":[{""endpoint"":""https://comtradeapi.un.org/public/v1/preview/C/A/HS"",""reporterCode"":704,""reporterISO"":""VNM"",""flowCode"":""X"",""cmdCode"":""090111"",""period"":""2020,2021,2022,2023,2024,2025"",""includeDesc"":true},{""endpoint"":""https://comtradeapi.un.org/public/v1/preview/C/A/HS"",""reporterCode"":76,""reporterISO"":""BRA"",""flowCode"":""X"",""cmdCode"":""090111"",""period"":""2020,2021,2022,2023,2024,2025"",""includeDesc"":true},{""endpoint"":""https://comtradeapi.un.org/public/v1/preview/C/A/HS"",""reporterCode"":360,""reporterISO"":""IDN"",""flowCode"":""X"",""cmdCode"":""090111"",""period"":""2020,2021,2022,2023,2024,2025"",""includeDesc"":true}]}",C,A,20250101,2025,76,BRA,Brazil,842,USA,USA,0,W00,World,X,Export,H6,090111,Coffee; not roasted or decaffeinated,C00,TOTAL CPC,0,TOTAL MOT,8,kg,823009001,292615559,0,1909586920,true,false,true,"{""typeCode"":""C"",""freqCode"":""A"",""refPeriodId"":20250101,""refYear"":2025,""refMonth"":52,""period"":""2025"",""reporterCode"":76,""reporterISO"":""BRA"",""reporterDesc"":""Brazil"",""flowCode"":""X"",""flowDesc"":""Export"",""partnerCode"":842,""partnerISO"":""USA"",""partnerDesc"":""USA"",""partner2Code"":0,""partner2ISO"":""W00"",""partner2Desc"":""World"",""classificationCode"":""H6"",""classificationSearchCode"":""HS"",""isOriginalClassification"":true,""cmdCode"":""090111"",""cmdDesc"":""Coffee; not roasted or decaffeinated"",""aggrLevel"":6,""isLeaf"":true,""customsCode"":""C00"",""customsDesc"":""TOTAL CPC"",""mosCode"":""0"",""motCode"":0,""motDesc"":""TOTAL MOT"",""qtyUnitCode"":8,""qtyUnitAbbr"":""kg"",""qty"":823009001,""isQtyEstimated"":false,""altQtyUnitCode"":-1,""altQtyUnitAbbr"":""N/A"",""altQty"":0,""isAltQtyEstimated"":false,""netWgt"":292615559,""isNetWgtEstimated"":false,""grossWgt"":0,""isGrossWgtEstimated"":false,""cifvalue"":null,""fobvalue"":1909586920,""primaryValue"":1909586920,""legacyEstimationFlag"":0,""isReported"":false,""isAggregate"":true}"
,UN Comtrade,https://comtradeapi.un.org/public/v1/preview/C/A/HS?reporterCode=76&flowCode=X&cmdCode=090111&period=2025&includeDesc=true,2026-05-30T18:34:22.015Z,"{""reporters"":[{""endpoint"":""https://comtradeapi.un.org/public/v1/preview/C/A/HS"",""reporterCode"":704,""reporterISO"":""VNM"",""flowCode"":""X"",""cmdCode"":""090111"",""period"":""2020,2021,2022,2023,2024,2025"",""includeDesc"":true},{""endpoint"":""https://comtradeapi.un.org/public/v1/preview/C/A/HS"",""reporterCode"":76,""reporterISO"":""BRA"",""flowCode"":""X"",""cmdCode"":""090111"",""period"":""2020,2021,2022,2023,2024,2025"",""includeDesc"":true},{""endpoint"":""https://comtradeapi.un.org/public/v1/preview/C/A/HS"",""reporterCode"":360,""reporterISO"":""IDN"",""flowCode"":""X"",""cmdCode"":""090111"",""period"":""2020,2021,2022,2023,2024,2025"",""includeDesc"":true}]}",C,A,20250101,2025,76,BRA,Brazil,858,URY,Uruguay,0,W00,World,X,Export,H6,090111,Coffee; not roasted or decaffeinated,C00,TOTAL CPC,0,TOTAL MOT,8,kg,3512000,1852430,0,12726719,true,false,true,"{""typeCode"":""C"",""freqCode"":""A"",""refPeriodId"":20250101,""refYear"":2025,""refMonth"":52,""period"":""2025"",""reporterCode"":76,""reporterISO"":""BRA"",""reporterDesc"":""Brazil"",""flowCode"":""X"",""flowDesc"":""Export"",""partnerCode"":858,""partnerISO"":""URY"",""partnerDesc"":""Uruguay"",""partner2Code"":0,""partner2ISO"":""W00"",""partner2Desc"":""World"",""classificationCode"":""H6"",""classificationSearchCode"":""HS"",""isOriginalClassification"":true,""cmdCode"":""090111"",""cmdDesc"":""Coffee; not roasted or decaffeinated"",""aggrLevel"":6,""isLeaf"":true,""customsCode"":""C00"",""customsDesc"":""TOTAL CPC"",""mosCode"":""0"",""motCode"":0,""motDesc"":""TOTAL MOT"",""qtyUnitCode"":8,""qtyUnitAbbr"":""kg"",""qty"":3512000,""isQtyEstimated"":false,""altQtyUnitCode"":21,""altQtyUnitAbbr"":""1000 KG"",""altQty"":3512,""isAltQtyEstimated"":false,""netWgt"":1852430,""isNetWgtEstimated"":false,""grossWgt"":0,""isGrossWgtEstimated"":false,""cifvalue"":null,""fobvalue"":12726719,""primaryValue"":12726719,""legacyEstimationFlag"":0,""isReported"":false,""isAggregate"":true}"
,UN Comtrade,https://comtradeapi.un.org/public/v1/preview/C/A/HS?reporterCode=76&flowCode=X&cmdCode=090111&period=2025&includeDesc=true,2026-05-30T18:34:22.015Z,"{""reporters"":[{""endpoint"":""https://comtradeapi.un.org/public/v1/preview/C/A/HS"",""reporterCode"":704,""reporterISO"":""VNM"",""flowCode"":""X"",""cmdCode"":""090111"",""period"":""2020,2021,2022,2023,2024,2025"",""includeDesc"":true},{""endpoint"":""https://comtradeapi.un.org/public/v1/preview/C/A/HS"",""reporterCode"":76,""reporterISO"":""BRA"",""flowCode"":""X"",""cmdCode"":""090111"",""period"":""2020,2021,2022,2023,2024,2025"",""includeDesc"":true},{""endpoint"":""https://comtradeapi.un.org/public/v1/preview/C/A/HS"",""reporterCode"":360,""reporterISO"":""IDN"",""flowCode"":""X"",""cmdCode"":""090111"",""period"":""2020,2021,2022,2023,2024,2025"",""includeDesc"":true}]}",C,A,20250101,2025,76,BRA,Brazil,860,UZB,Uzbekistan,0,W00,World,X,Export,H6,090111,Coffee; not roasted or decaffeinated,C00,TOTAL CPC,0,TOTAL MOT,8,kg,102000,102660,0,636363,true,false,true,"{""typeCode"":""C"",""freqCode"":""A"",""refPeriodId"":20250101,""refYear"":2025,""refMonth"":52,""period"":""2025"",""reporterCode"":76,""reporterISO"":""BRA"",""reporterDesc"":""Brazil"",""flowCode"":""X"",""flowDesc"":""Export"",""partnerCode"":860,""partnerISO"":""UZB"",""partnerDesc"":""Uzbekistan"",""partner2Code"":0,""partner2ISO"":""W00"",""partner2Desc"":""World"",""classificationCode"":""H6"",""classificationSearchCode"":""HS"",""isOriginalClassification"":true,""cmdCode"":""090111"",""cmdDesc"":""Coffee; not roasted or decaffeinated"",""aggrLevel"":6,""isLeaf"":true,""customsCode"":""C00"",""customsDesc"":""TOTAL CPC"",""mosCode"":""0"",""motCode"":0,""motDesc"":""TOTAL MOT"",""qtyUnitCode"":8,""qtyUnitAbbr"":""kg"",""qty"":102000,""isQtyEstimated"":false,""altQtyUnitCode"":21,""altQtyUnitAbbr"":""1000 KG"",""altQty"":102,""isAltQtyEstimated"":false,""netWgt"":102660,""isNetWgtEstimated"":false,""grossWgt"":0,""isGrossWgtEstimated"":false,""cifvalue"":null,""fobvalue"":636363,""primaryValue"":636363,""legacyEstimationFlag"":0,""isReported"":false,""isAggregate"":true}"
,UN Comtrade,https://comtradeapi.un.org/public/v1/preview/C/A/HS?reporterCode=76&flowCode=X&cmdCode=090111&period=2025&includeDesc=true,2026-05-30T18:34:22.015Z,"{""reporters"":[{""endpoint"":""https://comtradeapi.un.org/public/v1/preview/C/A/HS"",""reporterCode"":704,""reporterISO"":""VNM"",""flowCode"":""X"",""cmdCode"":""090111"",""period"":""2020,2021,2022,2023,2024,2025"",""includeDesc"":true},{""endpoint"":""https://comtradeapi.un.org/public/v1/preview/C/A/HS"",""reporterCode"":76,""reporterISO"":""BRA"",""flowCode"":""X"",""cmdCode"":""090111"",""period"":""2020,2021,2022,2023,2024,2025"",""includeDesc"":true},{""endpoint"":""https://comtradeapi.un.org/public/v1/preview/C/A/HS"",""reporterCode"":360,""reporterISO"":""IDN"",""flowCode"":""X"",""cmdCode"":""090111"",""period"":""2020,2021,2022,2023,2024,2025"",""includeDesc"":true}]}",C,A,20250101,2025,76,BRA,Brazil,899,_X,"Areas, nes",0,W00,World,X,Export,H6,090111,Coffee; not roasted or decaffeinated,C00,TOTAL CPC,0,TOTAL MOT,8,kg,6,6,0,97,true,false,true,"{""typeCode"":""C"",""freqCode"":""A"",""refPeriodId"":20250101,""refYear"":2025,""refMonth"":52,""period"":""2025"",""reporterCode"":76,""reporterISO"":""BRA"",""reporterDesc"":""Brazil"",""flowCode"":""X"",""flowDesc"":""Export"",""partnerCode"":899,""partnerISO"":""_X "",""partnerDesc"":""Areas, nes"",""partner2Code"":0,""partner2ISO"":""W00"",""partner2Desc"":""World"",""classificationCode"":""H6"",""classificationSearchCode"":""HS"",""isOriginalClassification"":true,""cmdCode"":""090111"",""cmdDesc"":""Coffee; not roasted or decaffeinated"",""aggrLevel"":6,""isLeaf"":true,""customsCode"":""C00"",""customsDesc"":""TOTAL CPC"",""mosCode"":""0"",""motCode"":0,""motDesc"":""TOTAL MOT"",""qtyUnitCode"":8,""qtyUnitAbbr"":""kg"",""qty"":6,""isQtyEstimated"":false,""altQtyUnitCode"":8,""altQtyUnitAbbr"":""kg"",""altQty"":6,""isAltQtyEstimated"":false,""netWgt"":6,""isNetWgtEstimated"":false,""grossWgt"":0,""isGrossWgtEstimated"":false,""cifvalue"":null,""fobvalue"":97,""primaryValue"":97,""legacyEstimationFlag"":0,""isReported"":false,""isAggregate"":true}"