sync_run_id,source_name,source_url,fetched_at,query_params,type_code,freq_code,ref_period_id,period,reporter_code,reporter_iso,reporter_desc,partner_code,partner_iso,partner_desc,partner2_code,partner2_iso,partner2_desc,flow_code,flow_desc,classification_code,cmd_code,cmd_desc,customs_code,customs_desc,mot_code,mot_desc,qty_unit_code,qty_unit_abbr,qty,net_wgt_kg,gross_wgt_kg,trade_value_usd,is_original_classification,is_reported,is_aggregate,raw_payload
,UN Comtrade,https://comtradeapi.un.org/public/v1/preview/C/A/HS?reporterCode=360&flowCode=X&cmdCode=090111&period=2020&includeDesc=true,2026-05-30T18:34:22.015Z,"{""reporters"":[{""endpoint"":""https://comtradeapi.un.org/public/v1/preview/C/A/HS"",""reporterCode"":704,""reporterISO"":""VNM"",""flowCode"":""X"",""cmdCode"":""090111"",""period"":""2020,2021,2022,2023,2024,2025"",""includeDesc"":true},{""endpoint"":""https://comtradeapi.un.org/public/v1/preview/C/A/HS"",""reporterCode"":76,""reporterISO"":""BRA"",""flowCode"":""X"",""cmdCode"":""090111"",""period"":""2020,2021,2022,2023,2024,2025"",""includeDesc"":true},{""endpoint"":""https://comtradeapi.un.org/public/v1/preview/C/A/HS"",""reporterCode"":360,""reporterISO"":""IDN"",""flowCode"":""X"",""cmdCode"":""090111"",""period"":""2020,2021,2022,2023,2024,2025"",""includeDesc"":true}]}",C,A,20200101,2020,360,IDN,Indonesia,0,W00,World,0,W00,World,X,Export,H5,090111,Coffee; not roasted or decaffeinated,C00,TOTAL CPC,0,TOTAL MOT,8,kg,375554873.009,375554873.009,0,809158886.838,true,false,true,"{""typeCode"":""C"",""freqCode"":""A"",""refPeriodId"":20200101,""refYear"":2020,""refMonth"":52,""period"":""2020"",""reporterCode"":360,""reporterISO"":""IDN"",""reporterDesc"":""Indonesia"",""flowCode"":""X"",""flowDesc"":""Export"",""partnerCode"":0,""partnerISO"":""W00"",""partnerDesc"":""World"",""partner2Code"":0,""partner2ISO"":""W00"",""partner2Desc"":""World"",""classificationCode"":""H5"",""classificationSearchCode"":""HS"",""isOriginalClassification"":true,""cmdCode"":""090111"",""cmdDesc"":""Coffee; not roasted or decaffeinated"",""aggrLevel"":6,""isLeaf"":true,""customsCode"":""C00"",""customsDesc"":""TOTAL CPC"",""mosCode"":""0"",""motCode"":0,""motDesc"":""TOTAL MOT"",""qtyUnitCode"":8,""qtyUnitAbbr"":""kg"",""qty"":375554873.009,""isQtyEstimated"":true,""altQtyUnitCode"":8,""altQtyUnitAbbr"":""kg"",""altQty"":375555872.545,""isAltQtyEstimated"":false,""netWgt"":375554873.009,""isNetWgtEstimated"":true,""grossWgt"":0,""isGrossWgtEstimated"":false,""cifvalue"":0,""fobvalue"":809158886.838,""primaryValue"":809158886.838,""legacyEstimationFlag"":6,""isReported"":false,""isAggregate"":true}"
,UN Comtrade,https://comtradeapi.un.org/public/v1/preview/C/A/HS?reporterCode=360&flowCode=X&cmdCode=090111&period=2020&includeDesc=true,2026-05-30T18:34:22.015Z,"{""reporters"":[{""endpoint"":""https://comtradeapi.un.org/public/v1/preview/C/A/HS"",""reporterCode"":704,""reporterISO"":""VNM"",""flowCode"":""X"",""cmdCode"":""090111"",""period"":""2020,2021,2022,2023,2024,2025"",""includeDesc"":true},{""endpoint"":""https://comtradeapi.un.org/public/v1/preview/C/A/HS"",""reporterCode"":76,""reporterISO"":""BRA"",""flowCode"":""X"",""cmdCode"":""090111"",""period"":""2020,2021,2022,2023,2024,2025"",""includeDesc"":true},{""endpoint"":""https://comtradeapi.un.org/public/v1/preview/C/A/HS"",""reporterCode"":360,""reporterISO"":""IDN"",""flowCode"":""X"",""cmdCode"":""090111"",""period"":""2020,2021,2022,2023,2024,2025"",""includeDesc"":true}]}",C,A,20200101,2020,360,IDN,Indonesia,8,ALB,Albania,0,W00,World,X,Export,H5,090111,Coffee; not roasted or decaffeinated,C00,TOTAL CPC,0,TOTAL MOT,8,kg,38400,38400,0,55718.4,true,true,false,"{""typeCode"":""C"",""freqCode"":""A"",""refPeriodId"":20200101,""refYear"":2020,""refMonth"":52,""period"":""2020"",""reporterCode"":360,""reporterISO"":""IDN"",""reporterDesc"":""Indonesia"",""flowCode"":""X"",""flowDesc"":""Export"",""partnerCode"":8,""partnerISO"":""ALB"",""partnerDesc"":""Albania"",""partner2Code"":0,""partner2ISO"":""W00"",""partner2Desc"":""World"",""classificationCode"":""H5"",""classificationSearchCode"":""HS"",""isOriginalClassification"":true,""cmdCode"":""090111"",""cmdDesc"":""Coffee; not roasted or decaffeinated"",""aggrLevel"":6,""isLeaf"":true,""customsCode"":""C00"",""customsDesc"":""TOTAL CPC"",""mosCode"":""0"",""motCode"":0,""motDesc"":""TOTAL MOT"",""qtyUnitCode"":8,""qtyUnitAbbr"":""kg"",""qty"":38400,""isQtyEstimated"":false,""altQtyUnitCode"":8,""altQtyUnitAbbr"":""kg"",""altQty"":38400,""isAltQtyEstimated"":false,""netWgt"":38400,""isNetWgtEstimated"":false,""grossWgt"":0,""isGrossWgtEstimated"":false,""cifvalue"":0,""fobvalue"":55718.4,""primaryValue"":55718.4,""legacyEstimationFlag"":0,""isReported"":true,""isAggregate"":false}"
,UN Comtrade,https://comtradeapi.un.org/public/v1/preview/C/A/HS?reporterCode=360&flowCode=X&cmdCode=090111&period=2020&includeDesc=true,2026-05-30T18:34:22.015Z,"{""reporters"":[{""endpoint"":""https://comtradeapi.un.org/public/v1/preview/C/A/HS"",""reporterCode"":704,""reporterISO"":""VNM"",""flowCode"":""X"",""cmdCode"":""090111"",""period"":""2020,2021,2022,2023,2024,2025"",""includeDesc"":true},{""endpoint"":""https://comtradeapi.un.org/public/v1/preview/C/A/HS"",""reporterCode"":76,""reporterISO"":""BRA"",""flowCode"":""X"",""cmdCode"":""090111"",""period"":""2020,2021,2022,2023,2024,2025"",""includeDesc"":true},{""endpoint"":""https://comtradeapi.un.org/public/v1/preview/C/A/HS"",""reporterCode"":360,""reporterISO"":""IDN"",""flowCode"":""X"",""cmdCode"":""090111"",""period"":""2020,2021,2022,2023,2024,2025"",""includeDesc"":true}]}",C,A,20200101,2020,360,IDN,Indonesia,12,DZA,Algeria,0,W00,World,X,Export,H5,090111,Coffee; not roasted or decaffeinated,C00,TOTAL CPC,0,TOTAL MOT,8,kg,5919600,5919600,0,9068521.27,true,true,false,"{""typeCode"":""C"",""freqCode"":""A"",""refPeriodId"":20200101,""refYear"":2020,""refMonth"":52,""period"":""2020"",""reporterCode"":360,""reporterISO"":""IDN"",""reporterDesc"":""Indonesia"",""flowCode"":""X"",""flowDesc"":""Export"",""partnerCode"":12,""partnerISO"":""DZA"",""partnerDesc"":""Algeria"",""partner2Code"":0,""partner2ISO"":""W00"",""partner2Desc"":""World"",""classificationCode"":""H5"",""classificationSearchCode"":""HS"",""isOriginalClassification"":true,""cmdCode"":""090111"",""cmdDesc"":""Coffee; not roasted or decaffeinated"",""aggrLevel"":6,""isLeaf"":true,""customsCode"":""C00"",""customsDesc"":""TOTAL CPC"",""mosCode"":""0"",""motCode"":0,""motDesc"":""TOTAL MOT"",""qtyUnitCode"":8,""qtyUnitAbbr"":""kg"",""qty"":5919600,""isQtyEstimated"":false,""altQtyUnitCode"":8,""altQtyUnitAbbr"":""kg"",""altQty"":5919600,""isAltQtyEstimated"":false,""netWgt"":5919600,""isNetWgtEstimated"":false,""grossWgt"":0,""isGrossWgtEstimated"":false,""cifvalue"":0,""fobvalue"":9068521.27,""primaryValue"":9068521.27,""legacyEstimationFlag"":0,""isReported"":true,""isAggregate"":false}"
,UN Comtrade,https://comtradeapi.un.org/public/v1/preview/C/A/HS?reporterCode=360&flowCode=X&cmdCode=090111&period=2020&includeDesc=true,2026-05-30T18:34:22.015Z,"{""reporters"":[{""endpoint"":""https://comtradeapi.un.org/public/v1/preview/C/A/HS"",""reporterCode"":704,""reporterISO"":""VNM"",""flowCode"":""X"",""cmdCode"":""090111"",""period"":""2020,2021,2022,2023,2024,2025"",""includeDesc"":true},{""endpoint"":""https://comtradeapi.un.org/public/v1/preview/C/A/HS"",""reporterCode"":76,""reporterISO"":""BRA"",""flowCode"":""X"",""cmdCode"":""090111"",""period"":""2020,2021,2022,2023,2024,2025"",""includeDesc"":true},{""endpoint"":""https://comtradeapi.un.org/public/v1/preview/C/A/HS"",""reporterCode"":360,""reporterISO"":""IDN"",""flowCode"":""X"",""cmdCode"":""090111"",""period"":""2020,2021,2022,2023,2024,2025"",""includeDesc"":true}]}",C,A,20200101,2020,360,IDN,Indonesia,36,AUS,Australia,0,W00,World,X,Export,H5,090111,Coffee; not roasted or decaffeinated,C00,TOTAL CPC,0,TOTAL MOT,8,kg,5961125.95,5961125.95,0,13828292.307,true,true,false,"{""typeCode"":""C"",""freqCode"":""A"",""refPeriodId"":20200101,""refYear"":2020,""refMonth"":52,""period"":""2020"",""reporterCode"":360,""reporterISO"":""IDN"",""reporterDesc"":""Indonesia"",""flowCode"":""X"",""flowDesc"":""Export"",""partnerCode"":36,""partnerISO"":""AUS"",""partnerDesc"":""Australia"",""partner2Code"":0,""partner2ISO"":""W00"",""partner2Desc"":""World"",""classificationCode"":""H5"",""classificationSearchCode"":""HS"",""isOriginalClassification"":true,""cmdCode"":""090111"",""cmdDesc"":""Coffee; not roasted or decaffeinated"",""aggrLevel"":6,""isLeaf"":true,""customsCode"":""C00"",""customsDesc"":""TOTAL CPC"",""mosCode"":""0"",""motCode"":0,""motDesc"":""TOTAL MOT"",""qtyUnitCode"":8,""qtyUnitAbbr"":""kg"",""qty"":5961125.95,""isQtyEstimated"":false,""altQtyUnitCode"":8,""altQtyUnitAbbr"":""kg"",""altQty"":5961125.95,""isAltQtyEstimated"":false,""netWgt"":5961125.95,""isNetWgtEstimated"":false,""grossWgt"":0,""isGrossWgtEstimated"":false,""cifvalue"":0,""fobvalue"":13828292.307,""primaryValue"":13828292.307,""legacyEstimationFlag"":0,""isReported"":true,""isAggregate"":false}"
,UN Comtrade,https://comtradeapi.un.org/public/v1/preview/C/A/HS?reporterCode=360&flowCode=X&cmdCode=090111&period=2020&includeDesc=true,2026-05-30T18:34:22.015Z,"{""reporters"":[{""endpoint"":""https://comtradeapi.un.org/public/v1/preview/C/A/HS"",""reporterCode"":704,""reporterISO"":""VNM"",""flowCode"":""X"",""cmdCode"":""090111"",""period"":""2020,2021,2022,2023,2024,2025"",""includeDesc"":true},{""endpoint"":""https://comtradeapi.un.org/public/v1/preview/C/A/HS"",""reporterCode"":76,""reporterISO"":""BRA"",""flowCode"":""X"",""cmdCode"":""090111"",""period"":""2020,2021,2022,2023,2024,2025"",""includeDesc"":true},{""endpoint"":""https://comtradeapi.un.org/public/v1/preview/C/A/HS"",""reporterCode"":360,""reporterISO"":""IDN"",""flowCode"":""X"",""cmdCode"":""090111"",""period"":""2020,2021,2022,2023,2024,2025"",""includeDesc"":true}]}",C,A,20200101,2020,360,IDN,Indonesia,51,ARM,Armenia,0,W00,World,X,Export,H5,090111,Coffee; not roasted or decaffeinated,C00,TOTAL CPC,0,TOTAL MOT,8,kg,19200,19200,0,34368,true,true,false,"{""typeCode"":""C"",""freqCode"":""A"",""refPeriodId"":20200101,""refYear"":2020,""refMonth"":52,""period"":""2020"",""reporterCode"":360,""reporterISO"":""IDN"",""reporterDesc"":""Indonesia"",""flowCode"":""X"",""flowDesc"":""Export"",""partnerCode"":51,""partnerISO"":""ARM"",""partnerDesc"":""Armenia"",""partner2Code"":0,""partner2ISO"":""W00"",""partner2Desc"":""World"",""classificationCode"":""H5"",""classificationSearchCode"":""HS"",""isOriginalClassification"":true,""cmdCode"":""090111"",""cmdDesc"":""Coffee; not roasted or decaffeinated"",""aggrLevel"":6,""isLeaf"":true,""customsCode"":""C00"",""customsDesc"":""TOTAL CPC"",""mosCode"":""0"",""motCode"":0,""motDesc"":""TOTAL MOT"",""qtyUnitCode"":8,""qtyUnitAbbr"":""kg"",""qty"":19200,""isQtyEstimated"":false,""altQtyUnitCode"":8,""altQtyUnitAbbr"":""kg"",""altQty"":19200,""isAltQtyEstimated"":false,""netWgt"":19200,""isNetWgtEstimated"":false,""grossWgt"":0,""isGrossWgtEstimated"":false,""cifvalue"":0,""fobvalue"":34368,""primaryValue"":34368,""legacyEstimationFlag"":0,""isReported"":true,""isAggregate"":false}"
,UN Comtrade,https://comtradeapi.un.org/public/v1/preview/C/A/HS?reporterCode=360&flowCode=X&cmdCode=090111&period=2020&includeDesc=true,2026-05-30T18:34:22.015Z,"{""reporters"":[{""endpoint"":""https://comtradeapi.un.org/public/v1/preview/C/A/HS"",""reporterCode"":704,""reporterISO"":""VNM"",""flowCode"":""X"",""cmdCode"":""090111"",""period"":""2020,2021,2022,2023,2024,2025"",""includeDesc"":true},{""endpoint"":""https://comtradeapi.un.org/public/v1/preview/C/A/HS"",""reporterCode"":76,""reporterISO"":""BRA"",""flowCode"":""X"",""cmdCode"":""090111"",""period"":""2020,2021,2022,2023,2024,2025"",""includeDesc"":true},{""endpoint"":""https://comtradeapi.un.org/public/v1/preview/C/A/HS"",""reporterCode"":360,""reporterISO"":""IDN"",""flowCode"":""X"",""cmdCode"":""090111"",""period"":""2020,2021,2022,2023,2024,2025"",""includeDesc"":true}]}",C,A,20200101,2020,360,IDN,Indonesia,56,BEL,Belgium,0,W00,World,X,Export,H5,090111,Coffee; not roasted or decaffeinated,C00,TOTAL CPC,0,TOTAL MOT,8,kg,14758107,14758107,0,38292709.03,true,true,false,"{""typeCode"":""C"",""freqCode"":""A"",""refPeriodId"":20200101,""refYear"":2020,""refMonth"":52,""period"":""2020"",""reporterCode"":360,""reporterISO"":""IDN"",""reporterDesc"":""Indonesia"",""flowCode"":""X"",""flowDesc"":""Export"",""partnerCode"":56,""partnerISO"":""BEL"",""partnerDesc"":""Belgium"",""partner2Code"":0,""partner2ISO"":""W00"",""partner2Desc"":""World"",""classificationCode"":""H5"",""classificationSearchCode"":""HS"",""isOriginalClassification"":true,""cmdCode"":""090111"",""cmdDesc"":""Coffee; not roasted or decaffeinated"",""aggrLevel"":6,""isLeaf"":true,""customsCode"":""C00"",""customsDesc"":""TOTAL CPC"",""mosCode"":""0"",""motCode"":0,""motDesc"":""TOTAL MOT"",""qtyUnitCode"":8,""qtyUnitAbbr"":""kg"",""qty"":14758107,""isQtyEstimated"":false,""altQtyUnitCode"":8,""altQtyUnitAbbr"":""kg"",""altQty"":14758107,""isAltQtyEstimated"":false,""netWgt"":14758107,""isNetWgtEstimated"":false,""grossWgt"":0,""isGrossWgtEstimated"":false,""cifvalue"":0,""fobvalue"":38292709.03,""primaryValue"":38292709.03,""legacyEstimationFlag"":0,""isReported"":true,""isAggregate"":false}"
,UN Comtrade,https://comtradeapi.un.org/public/v1/preview/C/A/HS?reporterCode=360&flowCode=X&cmdCode=090111&period=2020&includeDesc=true,2026-05-30T18:34:22.015Z,"{""reporters"":[{""endpoint"":""https://comtradeapi.un.org/public/v1/preview/C/A/HS"",""reporterCode"":704,""reporterISO"":""VNM"",""flowCode"":""X"",""cmdCode"":""090111"",""period"":""2020,2021,2022,2023,2024,2025"",""includeDesc"":true},{""endpoint"":""https://comtradeapi.un.org/public/v1/preview/C/A/HS"",""reporterCode"":76,""reporterISO"":""BRA"",""flowCode"":""X"",""cmdCode"":""090111"",""period"":""2020,2021,2022,2023,2024,2025"",""includeDesc"":true},{""endpoint"":""https://comtradeapi.un.org/public/v1/preview/C/A/HS"",""reporterCode"":360,""reporterISO"":""IDN"",""flowCode"":""X"",""cmdCode"":""090111"",""period"":""2020,2021,2022,2023,2024,2025"",""includeDesc"":true}]}",C,A,20200101,2020,360,IDN,Indonesia,100,BGR,Bulgaria,0,W00,World,X,Export,H5,090111,Coffee; not roasted or decaffeinated,C00,TOTAL CPC,0,TOTAL MOT,8,kg,919200,919200,0,1529224.6,true,true,false,"{""typeCode"":""C"",""freqCode"":""A"",""refPeriodId"":20200101,""refYear"":2020,""refMonth"":52,""period"":""2020"",""reporterCode"":360,""reporterISO"":""IDN"",""reporterDesc"":""Indonesia"",""flowCode"":""X"",""flowDesc"":""Export"",""partnerCode"":100,""partnerISO"":""BGR"",""partnerDesc"":""Bulgaria"",""partner2Code"":0,""partner2ISO"":""W00"",""partner2Desc"":""World"",""classificationCode"":""H5"",""classificationSearchCode"":""HS"",""isOriginalClassification"":true,""cmdCode"":""090111"",""cmdDesc"":""Coffee; not roasted or decaffeinated"",""aggrLevel"":6,""isLeaf"":true,""customsCode"":""C00"",""customsDesc"":""TOTAL CPC"",""mosCode"":""0"",""motCode"":0,""motDesc"":""TOTAL MOT"",""qtyUnitCode"":8,""qtyUnitAbbr"":""kg"",""qty"":919200,""isQtyEstimated"":false,""altQtyUnitCode"":8,""altQtyUnitAbbr"":""kg"",""altQty"":919200,""isAltQtyEstimated"":false,""netWgt"":919200,""isNetWgtEstimated"":false,""grossWgt"":0,""isGrossWgtEstimated"":false,""cifvalue"":0,""fobvalue"":1529224.6,""primaryValue"":1529224.6,""legacyEstimationFlag"":0,""isReported"":true,""isAggregate"":false}"
,UN Comtrade,https://comtradeapi.un.org/public/v1/preview/C/A/HS?reporterCode=360&flowCode=X&cmdCode=090111&period=2020&includeDesc=true,2026-05-30T18:34:22.015Z,"{""reporters"":[{""endpoint"":""https://comtradeapi.un.org/public/v1/preview/C/A/HS"",""reporterCode"":704,""reporterISO"":""VNM"",""flowCode"":""X"",""cmdCode"":""090111"",""period"":""2020,2021,2022,2023,2024,2025"",""includeDesc"":true},{""endpoint"":""https://comtradeapi.un.org/public/v1/preview/C/A/HS"",""reporterCode"":76,""reporterISO"":""BRA"",""flowCode"":""X"",""cmdCode"":""090111"",""period"":""2020,2021,2022,2023,2024,2025"",""includeDesc"":true},{""endpoint"":""https://comtradeapi.un.org/public/v1/preview/C/A/HS"",""reporterCode"":360,""reporterISO"":""IDN"",""flowCode"":""X"",""cmdCode"":""090111"",""period"":""2020,2021,2022,2023,2024,2025"",""includeDesc"":true}]}",C,A,20200101,2020,360,IDN,Indonesia,116,KHM,Cambodia,0,W00,World,X,Export,H5,090111,Coffee; not roasted or decaffeinated,C00,TOTAL CPC,0,TOTAL MOT,8,kg,14000,14000,0,75657.64,true,true,false,"{""typeCode"":""C"",""freqCode"":""A"",""refPeriodId"":20200101,""refYear"":2020,""refMonth"":52,""period"":""2020"",""reporterCode"":360,""reporterISO"":""IDN"",""reporterDesc"":""Indonesia"",""flowCode"":""X"",""flowDesc"":""Export"",""partnerCode"":116,""partnerISO"":""KHM"",""partnerDesc"":""Cambodia"",""partner2Code"":0,""partner2ISO"":""W00"",""partner2Desc"":""World"",""classificationCode"":""H5"",""classificationSearchCode"":""HS"",""isOriginalClassification"":true,""cmdCode"":""090111"",""cmdDesc"":""Coffee; not roasted or decaffeinated"",""aggrLevel"":6,""isLeaf"":true,""customsCode"":""C00"",""customsDesc"":""TOTAL CPC"",""mosCode"":""0"",""motCode"":0,""motDesc"":""TOTAL MOT"",""qtyUnitCode"":8,""qtyUnitAbbr"":""kg"",""qty"":14000,""isQtyEstimated"":false,""altQtyUnitCode"":8,""altQtyUnitAbbr"":""kg"",""altQty"":14000,""isAltQtyEstimated"":false,""netWgt"":14000,""isNetWgtEstimated"":false,""grossWgt"":0,""isGrossWgtEstimated"":false,""cifvalue"":0,""fobvalue"":75657.64,""primaryValue"":75657.64,""legacyEstimationFlag"":0,""isReported"":true,""isAggregate"":false}"
,UN Comtrade,https://comtradeapi.un.org/public/v1/preview/C/A/HS?reporterCode=360&flowCode=X&cmdCode=090111&period=2020&includeDesc=true,2026-05-30T18:34:22.015Z,"{""reporters"":[{""endpoint"":""https://comtradeapi.un.org/public/v1/preview/C/A/HS"",""reporterCode"":704,""reporterISO"":""VNM"",""flowCode"":""X"",""cmdCode"":""090111"",""period"":""2020,2021,2022,2023,2024,2025"",""includeDesc"":true},{""endpoint"":""https://comtradeapi.un.org/public/v1/preview/C/A/HS"",""reporterCode"":76,""reporterISO"":""BRA"",""flowCode"":""X"",""cmdCode"":""090111"",""period"":""2020,2021,2022,2023,2024,2025"",""includeDesc"":true},{""endpoint"":""https://comtradeapi.un.org/public/v1/preview/C/A/HS"",""reporterCode"":360,""reporterISO"":""IDN"",""flowCode"":""X"",""cmdCode"":""090111"",""period"":""2020,2021,2022,2023,2024,2025"",""includeDesc"":true}]}",C,A,20200101,2020,360,IDN,Indonesia,124,CAN,Canada,0,W00,World,X,Export,H5,090111,Coffee; not roasted or decaffeinated,C00,TOTAL CPC,0,TOTAL MOT,8,kg,3917420.5,3917420.5,0,19493350.62,true,true,false,"{""typeCode"":""C"",""freqCode"":""A"",""refPeriodId"":20200101,""refYear"":2020,""refMonth"":52,""period"":""2020"",""reporterCode"":360,""reporterISO"":""IDN"",""reporterDesc"":""Indonesia"",""flowCode"":""X"",""flowDesc"":""Export"",""partnerCode"":124,""partnerISO"":""CAN"",""partnerDesc"":""Canada"",""partner2Code"":0,""partner2ISO"":""W00"",""partner2Desc"":""World"",""classificationCode"":""H5"",""classificationSearchCode"":""HS"",""isOriginalClassification"":true,""cmdCode"":""090111"",""cmdDesc"":""Coffee; not roasted or decaffeinated"",""aggrLevel"":6,""isLeaf"":true,""customsCode"":""C00"",""customsDesc"":""TOTAL CPC"",""mosCode"":""0"",""motCode"":0,""motDesc"":""TOTAL MOT"",""qtyUnitCode"":8,""qtyUnitAbbr"":""kg"",""qty"":3917420.5,""isQtyEstimated"":false,""altQtyUnitCode"":8,""altQtyUnitAbbr"":""kg"",""altQty"":3917420.5,""isAltQtyEstimated"":false,""netWgt"":3917420.5,""isNetWgtEstimated"":false,""grossWgt"":0,""isGrossWgtEstimated"":false,""cifvalue"":0,""fobvalue"":19493350.62,""primaryValue"":19493350.62,""legacyEstimationFlag"":0,""isReported"":true,""isAggregate"":false}"
,UN Comtrade,https://comtradeapi.un.org/public/v1/preview/C/A/HS?reporterCode=360&flowCode=X&cmdCode=090111&period=2020&includeDesc=true,2026-05-30T18:34:22.015Z,"{""reporters"":[{""endpoint"":""https://comtradeapi.un.org/public/v1/preview/C/A/HS"",""reporterCode"":704,""reporterISO"":""VNM"",""flowCode"":""X"",""cmdCode"":""090111"",""period"":""2020,2021,2022,2023,2024,2025"",""includeDesc"":true},{""endpoint"":""https://comtradeapi.un.org/public/v1/preview/C/A/HS"",""reporterCode"":76,""reporterISO"":""BRA"",""flowCode"":""X"",""cmdCode"":""090111"",""period"":""2020,2021,2022,2023,2024,2025"",""includeDesc"":true},{""endpoint"":""https://comtradeapi.un.org/public/v1/preview/C/A/HS"",""reporterCode"":360,""reporterISO"":""IDN"",""flowCode"":""X"",""cmdCode"":""090111"",""period"":""2020,2021,2022,2023,2024,2025"",""includeDesc"":true}]}",C,A,20200101,2020,360,IDN,Indonesia,136,CYM,Cayman Isds,0,W00,World,X,Export,H5,090111,Coffee; not roasted or decaffeinated,C00,TOTAL CPC,0,TOTAL MOT,8,kg,2.3,2.3,0,160.4,true,true,false,"{""typeCode"":""C"",""freqCode"":""A"",""refPeriodId"":20200101,""refYear"":2020,""refMonth"":52,""period"":""2020"",""reporterCode"":360,""reporterISO"":""IDN"",""reporterDesc"":""Indonesia"",""flowCode"":""X"",""flowDesc"":""Export"",""partnerCode"":136,""partnerISO"":""CYM"",""partnerDesc"":""Cayman Isds"",""partner2Code"":0,""partner2ISO"":""W00"",""partner2Desc"":""World"",""classificationCode"":""H5"",""classificationSearchCode"":""HS"",""isOriginalClassification"":true,""cmdCode"":""090111"",""cmdDesc"":""Coffee; not roasted or decaffeinated"",""aggrLevel"":6,""isLeaf"":true,""customsCode"":""C00"",""customsDesc"":""TOTAL CPC"",""mosCode"":""0"",""motCode"":0,""motDesc"":""TOTAL MOT"",""qtyUnitCode"":8,""qtyUnitAbbr"":""kg"",""qty"":2.3,""isQtyEstimated"":false,""altQtyUnitCode"":8,""altQtyUnitAbbr"":""kg"",""altQty"":2.3,""isAltQtyEstimated"":false,""netWgt"":2.3,""isNetWgtEstimated"":false,""grossWgt"":0,""isGrossWgtEstimated"":false,""cifvalue"":0,""fobvalue"":160.4,""primaryValue"":160.4,""legacyEstimationFlag"":0,""isReported"":true,""isAggregate"":false}"
,UN Comtrade,https://comtradeapi.un.org/public/v1/preview/C/A/HS?reporterCode=360&flowCode=X&cmdCode=090111&period=2020&includeDesc=true,2026-05-30T18:34:22.015Z,"{""reporters"":[{""endpoint"":""https://comtradeapi.un.org/public/v1/preview/C/A/HS"",""reporterCode"":704,""reporterISO"":""VNM"",""flowCode"":""X"",""cmdCode"":""090111"",""period"":""2020,2021,2022,2023,2024,2025"",""includeDesc"":true},{""endpoint"":""https://comtradeapi.un.org/public/v1/preview/C/A/HS"",""reporterCode"":76,""reporterISO"":""BRA"",""flowCode"":""X"",""cmdCode"":""090111"",""period"":""2020,2021,2022,2023,2024,2025"",""includeDesc"":true},{""endpoint"":""https://comtradeapi.un.org/public/v1/preview/C/A/HS"",""reporterCode"":360,""reporterISO"":""IDN"",""flowCode"":""X"",""cmdCode"":""090111"",""period"":""2020,2021,2022,2023,2024,2025"",""includeDesc"":true}]}",C,A,20200101,2020,360,IDN,Indonesia,144,LKA,Sri Lanka,0,W00,World,X,Export,H5,090111,Coffee; not roasted or decaffeinated,C00,TOTAL CPC,0,TOTAL MOT,8,kg,5,5,0,6,true,true,false,"{""typeCode"":""C"",""freqCode"":""A"",""refPeriodId"":20200101,""refYear"":2020,""refMonth"":52,""period"":""2020"",""reporterCode"":360,""reporterISO"":""IDN"",""reporterDesc"":""Indonesia"",""flowCode"":""X"",""flowDesc"":""Export"",""partnerCode"":144,""partnerISO"":""LKA"",""partnerDesc"":""Sri Lanka"",""partner2Code"":0,""partner2ISO"":""W00"",""partner2Desc"":""World"",""classificationCode"":""H5"",""classificationSearchCode"":""HS"",""isOriginalClassification"":true,""cmdCode"":""090111"",""cmdDesc"":""Coffee; not roasted or decaffeinated"",""aggrLevel"":6,""isLeaf"":true,""customsCode"":""C00"",""customsDesc"":""TOTAL CPC"",""mosCode"":""0"",""motCode"":0,""motDesc"":""TOTAL MOT"",""qtyUnitCode"":8,""qtyUnitAbbr"":""kg"",""qty"":5,""isQtyEstimated"":false,""altQtyUnitCode"":8,""altQtyUnitAbbr"":""kg"",""altQty"":5,""isAltQtyEstimated"":false,""netWgt"":5,""isNetWgtEstimated"":false,""grossWgt"":0,""isGrossWgtEstimated"":false,""cifvalue"":0,""fobvalue"":6,""primaryValue"":6,""legacyEstimationFlag"":0,""isReported"":true,""isAggregate"":false}"
,UN Comtrade,https://comtradeapi.un.org/public/v1/preview/C/A/HS?reporterCode=360&flowCode=X&cmdCode=090111&period=2020&includeDesc=true,2026-05-30T18:34:22.015Z,"{""reporters"":[{""endpoint"":""https://comtradeapi.un.org/public/v1/preview/C/A/HS"",""reporterCode"":704,""reporterISO"":""VNM"",""flowCode"":""X"",""cmdCode"":""090111"",""period"":""2020,2021,2022,2023,2024,2025"",""includeDesc"":true},{""endpoint"":""https://comtradeapi.un.org/public/v1/preview/C/A/HS"",""reporterCode"":76,""reporterISO"":""BRA"",""flowCode"":""X"",""cmdCode"":""090111"",""period"":""2020,2021,2022,2023,2024,2025"",""includeDesc"":true},{""endpoint"":""https://comtradeapi.un.org/public/v1/preview/C/A/HS"",""reporterCode"":360,""reporterISO"":""IDN"",""flowCode"":""X"",""cmdCode"":""090111"",""period"":""2020,2021,2022,2023,2024,2025"",""includeDesc"":true}]}",C,A,20200101,2020,360,IDN,Indonesia,156,CHN,China,0,W00,World,X,Export,H5,090111,Coffee; not roasted or decaffeinated,C00,TOTAL CPC,0,TOTAL MOT,8,kg,3998353.57,3998353.57,0,12311157.071,true,true,false,"{""typeCode"":""C"",""freqCode"":""A"",""refPeriodId"":20200101,""refYear"":2020,""refMonth"":52,""period"":""2020"",""reporterCode"":360,""reporterISO"":""IDN"",""reporterDesc"":""Indonesia"",""flowCode"":""X"",""flowDesc"":""Export"",""partnerCode"":156,""partnerISO"":""CHN"",""partnerDesc"":""China"",""partner2Code"":0,""partner2ISO"":""W00"",""partner2Desc"":""World"",""classificationCode"":""H5"",""classificationSearchCode"":""HS"",""isOriginalClassification"":true,""cmdCode"":""090111"",""cmdDesc"":""Coffee; not roasted or decaffeinated"",""aggrLevel"":6,""isLeaf"":true,""customsCode"":""C00"",""customsDesc"":""TOTAL CPC"",""mosCode"":""0"",""motCode"":0,""motDesc"":""TOTAL MOT"",""qtyUnitCode"":8,""qtyUnitAbbr"":""kg"",""qty"":3998353.57,""isQtyEstimated"":false,""altQtyUnitCode"":8,""altQtyUnitAbbr"":""kg"",""altQty"":3998353.57,""isAltQtyEstimated"":false,""netWgt"":3998353.57,""isNetWgtEstimated"":false,""grossWgt"":0,""isGrossWgtEstimated"":false,""cifvalue"":0,""fobvalue"":12311157.071,""primaryValue"":12311157.071,""legacyEstimationFlag"":0,""isReported"":true,""isAggregate"":false}"
,UN Comtrade,https://comtradeapi.un.org/public/v1/preview/C/A/HS?reporterCode=360&flowCode=X&cmdCode=090111&period=2020&includeDesc=true,2026-05-30T18:34:22.015Z,"{""reporters"":[{""endpoint"":""https://comtradeapi.un.org/public/v1/preview/C/A/HS"",""reporterCode"":704,""reporterISO"":""VNM"",""flowCode"":""X"",""cmdCode"":""090111"",""period"":""2020,2021,2022,2023,2024,2025"",""includeDesc"":true},{""endpoint"":""https://comtradeapi.un.org/public/v1/preview/C/A/HS"",""reporterCode"":76,""reporterISO"":""BRA"",""flowCode"":""X"",""cmdCode"":""090111"",""period"":""2020,2021,2022,2023,2024,2025"",""includeDesc"":true},{""endpoint"":""https://comtradeapi.un.org/public/v1/preview/C/A/HS"",""reporterCode"":360,""reporterISO"":""IDN"",""flowCode"":""X"",""cmdCode"":""090111"",""period"":""2020,2021,2022,2023,2024,2025"",""includeDesc"":true}]}",C,A,20200101,2020,360,IDN,Indonesia,196,CYP,Cyprus,0,W00,World,X,Export,H5,090111,Coffee; not roasted or decaffeinated,C00,TOTAL CPC,0,TOTAL MOT,8,kg,4,4,0,40,true,true,false,"{""typeCode"":""C"",""freqCode"":""A"",""refPeriodId"":20200101,""refYear"":2020,""refMonth"":52,""period"":""2020"",""reporterCode"":360,""reporterISO"":""IDN"",""reporterDesc"":""Indonesia"",""flowCode"":""X"",""flowDesc"":""Export"",""partnerCode"":196,""partnerISO"":""CYP"",""partnerDesc"":""Cyprus"",""partner2Code"":0,""partner2ISO"":""W00"",""partner2Desc"":""World"",""classificationCode"":""H5"",""classificationSearchCode"":""HS"",""isOriginalClassification"":true,""cmdCode"":""090111"",""cmdDesc"":""Coffee; not roasted or decaffeinated"",""aggrLevel"":6,""isLeaf"":true,""customsCode"":""C00"",""customsDesc"":""TOTAL CPC"",""mosCode"":""0"",""motCode"":0,""motDesc"":""TOTAL MOT"",""qtyUnitCode"":8,""qtyUnitAbbr"":""kg"",""qty"":4,""isQtyEstimated"":false,""altQtyUnitCode"":8,""altQtyUnitAbbr"":""kg"",""altQty"":4,""isAltQtyEstimated"":false,""netWgt"":4,""isNetWgtEstimated"":false,""grossWgt"":0,""isGrossWgtEstimated"":false,""cifvalue"":0,""fobvalue"":40,""primaryValue"":40,""legacyEstimationFlag"":0,""isReported"":true,""isAggregate"":false}"
,UN Comtrade,https://comtradeapi.un.org/public/v1/preview/C/A/HS?reporterCode=360&flowCode=X&cmdCode=090111&period=2020&includeDesc=true,2026-05-30T18:34:22.015Z,"{""reporters"":[{""endpoint"":""https://comtradeapi.un.org/public/v1/preview/C/A/HS"",""reporterCode"":704,""reporterISO"":""VNM"",""flowCode"":""X"",""cmdCode"":""090111"",""period"":""2020,2021,2022,2023,2024,2025"",""includeDesc"":true},{""endpoint"":""https://comtradeapi.un.org/public/v1/preview/C/A/HS"",""reporterCode"":76,""reporterISO"":""BRA"",""flowCode"":""X"",""cmdCode"":""090111"",""period"":""2020,2021,2022,2023,2024,2025"",""includeDesc"":true},{""endpoint"":""https://comtradeapi.un.org/public/v1/preview/C/A/HS"",""reporterCode"":360,""reporterISO"":""IDN"",""flowCode"":""X"",""cmdCode"":""090111"",""period"":""2020,2021,2022,2023,2024,2025"",""includeDesc"":true}]}",C,A,20200101,2020,360,IDN,Indonesia,203,CZE,Czechia,0,W00,World,X,Export,H5,090111,Coffee; not roasted or decaffeinated,C00,TOTAL CPC,0,TOTAL MOT,8,kg,374,374,0,1848,true,true,false,"{""typeCode"":""C"",""freqCode"":""A"",""refPeriodId"":20200101,""refYear"":2020,""refMonth"":52,""period"":""2020"",""reporterCode"":360,""reporterISO"":""IDN"",""reporterDesc"":""Indonesia"",""flowCode"":""X"",""flowDesc"":""Export"",""partnerCode"":203,""partnerISO"":""CZE"",""partnerDesc"":""Czechia"",""partner2Code"":0,""partner2ISO"":""W00"",""partner2Desc"":""World"",""classificationCode"":""H5"",""classificationSearchCode"":""HS"",""isOriginalClassification"":true,""cmdCode"":""090111"",""cmdDesc"":""Coffee; not roasted or decaffeinated"",""aggrLevel"":6,""isLeaf"":true,""customsCode"":""C00"",""customsDesc"":""TOTAL CPC"",""mosCode"":""0"",""motCode"":0,""motDesc"":""TOTAL MOT"",""qtyUnitCode"":8,""qtyUnitAbbr"":""kg"",""qty"":374,""isQtyEstimated"":false,""altQtyUnitCode"":8,""altQtyUnitAbbr"":""kg"",""altQty"":374,""isAltQtyEstimated"":false,""netWgt"":374,""isNetWgtEstimated"":false,""grossWgt"":0,""isGrossWgtEstimated"":false,""cifvalue"":0,""fobvalue"":1848,""primaryValue"":1848,""legacyEstimationFlag"":0,""isReported"":true,""isAggregate"":false}"
,UN Comtrade,https://comtradeapi.un.org/public/v1/preview/C/A/HS?reporterCode=360&flowCode=X&cmdCode=090111&period=2020&includeDesc=true,2026-05-30T18:34:22.015Z,"{""reporters"":[{""endpoint"":""https://comtradeapi.un.org/public/v1/preview/C/A/HS"",""reporterCode"":704,""reporterISO"":""VNM"",""flowCode"":""X"",""cmdCode"":""090111"",""period"":""2020,2021,2022,2023,2024,2025"",""includeDesc"":true},{""endpoint"":""https://comtradeapi.un.org/public/v1/preview/C/A/HS"",""reporterCode"":76,""reporterISO"":""BRA"",""flowCode"":""X"",""cmdCode"":""090111"",""period"":""2020,2021,2022,2023,2024,2025"",""includeDesc"":true},{""endpoint"":""https://comtradeapi.un.org/public/v1/preview/C/A/HS"",""reporterCode"":360,""reporterISO"":""IDN"",""flowCode"":""X"",""cmdCode"":""090111"",""period"":""2020,2021,2022,2023,2024,2025"",""includeDesc"":true}]}",C,A,20200101,2020,360,IDN,Indonesia,208,DNK,Denmark,0,W00,World,X,Export,H5,090111,Coffee; not roasted or decaffeinated,C00,TOTAL CPC,0,TOTAL MOT,8,kg,75530,75530,0,403639.028,true,true,false,"{""typeCode"":""C"",""freqCode"":""A"",""refPeriodId"":20200101,""refYear"":2020,""refMonth"":52,""period"":""2020"",""reporterCode"":360,""reporterISO"":""IDN"",""reporterDesc"":""Indonesia"",""flowCode"":""X"",""flowDesc"":""Export"",""partnerCode"":208,""partnerISO"":""DNK"",""partnerDesc"":""Denmark"",""partner2Code"":0,""partner2ISO"":""W00"",""partner2Desc"":""World"",""classificationCode"":""H5"",""classificationSearchCode"":""HS"",""isOriginalClassification"":true,""cmdCode"":""090111"",""cmdDesc"":""Coffee; not roasted or decaffeinated"",""aggrLevel"":6,""isLeaf"":true,""customsCode"":""C00"",""customsDesc"":""TOTAL CPC"",""mosCode"":""0"",""motCode"":0,""motDesc"":""TOTAL MOT"",""qtyUnitCode"":8,""qtyUnitAbbr"":""kg"",""qty"":75530,""isQtyEstimated"":false,""altQtyUnitCode"":8,""altQtyUnitAbbr"":""kg"",""altQty"":75530,""isAltQtyEstimated"":false,""netWgt"":75530,""isNetWgtEstimated"":false,""grossWgt"":0,""isGrossWgtEstimated"":false,""cifvalue"":0,""fobvalue"":403639.028,""primaryValue"":403639.028,""legacyEstimationFlag"":0,""isReported"":true,""isAggregate"":false}"
,UN Comtrade,https://comtradeapi.un.org/public/v1/preview/C/A/HS?reporterCode=360&flowCode=X&cmdCode=090111&period=2020&includeDesc=true,2026-05-30T18:34:22.015Z,"{""reporters"":[{""endpoint"":""https://comtradeapi.un.org/public/v1/preview/C/A/HS"",""reporterCode"":704,""reporterISO"":""VNM"",""flowCode"":""X"",""cmdCode"":""090111"",""period"":""2020,2021,2022,2023,2024,2025"",""includeDesc"":true},{""endpoint"":""https://comtradeapi.un.org/public/v1/preview/C/A/HS"",""reporterCode"":76,""reporterISO"":""BRA"",""flowCode"":""X"",""cmdCode"":""090111"",""period"":""2020,2021,2022,2023,2024,2025"",""includeDesc"":true},{""endpoint"":""https://comtradeapi.un.org/public/v1/preview/C/A/HS"",""reporterCode"":360,""reporterISO"":""IDN"",""flowCode"":""X"",""cmdCode"":""090111"",""period"":""2020,2021,2022,2023,2024,2025"",""includeDesc"":true}]}",C,A,20200101,2020,360,IDN,Indonesia,218,ECU,Ecuador,0,W00,World,X,Export,H5,090111,Coffee; not roasted or decaffeinated,C00,TOTAL CPC,0,TOTAL MOT,8,kg,720000,720000,0,1008000,true,true,false,"{""typeCode"":""C"",""freqCode"":""A"",""refPeriodId"":20200101,""refYear"":2020,""refMonth"":52,""period"":""2020"",""reporterCode"":360,""reporterISO"":""IDN"",""reporterDesc"":""Indonesia"",""flowCode"":""X"",""flowDesc"":""Export"",""partnerCode"":218,""partnerISO"":""ECU"",""partnerDesc"":""Ecuador"",""partner2Code"":0,""partner2ISO"":""W00"",""partner2Desc"":""World"",""classificationCode"":""H5"",""classificationSearchCode"":""HS"",""isOriginalClassification"":true,""cmdCode"":""090111"",""cmdDesc"":""Coffee; not roasted or decaffeinated"",""aggrLevel"":6,""isLeaf"":true,""customsCode"":""C00"",""customsDesc"":""TOTAL CPC"",""mosCode"":""0"",""motCode"":0,""motDesc"":""TOTAL MOT"",""qtyUnitCode"":8,""qtyUnitAbbr"":""kg"",""qty"":720000,""isQtyEstimated"":false,""altQtyUnitCode"":8,""altQtyUnitAbbr"":""kg"",""altQty"":720000,""isAltQtyEstimated"":false,""netWgt"":720000,""isNetWgtEstimated"":false,""grossWgt"":0,""isGrossWgtEstimated"":false,""cifvalue"":0,""fobvalue"":1008000,""primaryValue"":1008000,""legacyEstimationFlag"":0,""isReported"":true,""isAggregate"":false}"
,UN Comtrade,https://comtradeapi.un.org/public/v1/preview/C/A/HS?reporterCode=360&flowCode=X&cmdCode=090111&period=2020&includeDesc=true,2026-05-30T18:34:22.015Z,"{""reporters"":[{""endpoint"":""https://comtradeapi.un.org/public/v1/preview/C/A/HS"",""reporterCode"":704,""reporterISO"":""VNM"",""flowCode"":""X"",""cmdCode"":""090111"",""period"":""2020,2021,2022,2023,2024,2025"",""includeDesc"":true},{""endpoint"":""https://comtradeapi.un.org/public/v1/preview/C/A/HS"",""reporterCode"":76,""reporterISO"":""BRA"",""flowCode"":""X"",""cmdCode"":""090111"",""period"":""2020,2021,2022,2023,2024,2025"",""includeDesc"":true},{""endpoint"":""https://comtradeapi.un.org/public/v1/preview/C/A/HS"",""reporterCode"":360,""reporterISO"":""IDN"",""flowCode"":""X"",""cmdCode"":""090111"",""period"":""2020,2021,2022,2023,2024,2025"",""includeDesc"":true}]}",C,A,20200101,2020,360,IDN,Indonesia,246,FIN,Finland,0,W00,World,X,Export,H5,090111,Coffee; not roasted or decaffeinated,C00,TOTAL CPC,0,TOTAL MOT,8,kg,153605,153605,0,480849.43,true,true,false,"{""typeCode"":""C"",""freqCode"":""A"",""refPeriodId"":20200101,""refYear"":2020,""refMonth"":52,""period"":""2020"",""reporterCode"":360,""reporterISO"":""IDN"",""reporterDesc"":""Indonesia"",""flowCode"":""X"",""flowDesc"":""Export"",""partnerCode"":246,""partnerISO"":""FIN"",""partnerDesc"":""Finland"",""partner2Code"":0,""partner2ISO"":""W00"",""partner2Desc"":""World"",""classificationCode"":""H5"",""classificationSearchCode"":""HS"",""isOriginalClassification"":true,""cmdCode"":""090111"",""cmdDesc"":""Coffee; not roasted or decaffeinated"",""aggrLevel"":6,""isLeaf"":true,""customsCode"":""C00"",""customsDesc"":""TOTAL CPC"",""mosCode"":""0"",""motCode"":0,""motDesc"":""TOTAL MOT"",""qtyUnitCode"":8,""qtyUnitAbbr"":""kg"",""qty"":153605,""isQtyEstimated"":false,""altQtyUnitCode"":8,""altQtyUnitAbbr"":""kg"",""altQty"":153605,""isAltQtyEstimated"":false,""netWgt"":153605,""isNetWgtEstimated"":false,""grossWgt"":0,""isGrossWgtEstimated"":false,""cifvalue"":0,""fobvalue"":480849.43,""primaryValue"":480849.43,""legacyEstimationFlag"":0,""isReported"":true,""isAggregate"":false}"
,UN Comtrade,https://comtradeapi.un.org/public/v1/preview/C/A/HS?reporterCode=360&flowCode=X&cmdCode=090111&period=2020&includeDesc=true,2026-05-30T18:34:22.015Z,"{""reporters"":[{""endpoint"":""https://comtradeapi.un.org/public/v1/preview/C/A/HS"",""reporterCode"":704,""reporterISO"":""VNM"",""flowCode"":""X"",""cmdCode"":""090111"",""period"":""2020,2021,2022,2023,2024,2025"",""includeDesc"":true},{""endpoint"":""https://comtradeapi.un.org/public/v1/preview/C/A/HS"",""reporterCode"":76,""reporterISO"":""BRA"",""flowCode"":""X"",""cmdCode"":""090111"",""period"":""2020,2021,2022,2023,2024,2025"",""includeDesc"":true},{""endpoint"":""https://comtradeapi.un.org/public/v1/preview/C/A/HS"",""reporterCode"":360,""reporterISO"":""IDN"",""flowCode"":""X"",""cmdCode"":""090111"",""period"":""2020,2021,2022,2023,2024,2025"",""includeDesc"":true}]}",C,A,20200101,2020,360,IDN,Indonesia,251,FRA,France,0,W00,World,X,Export,H5,090111,Coffee; not roasted or decaffeinated,C00,TOTAL CPC,0,TOTAL MOT,8,kg,4376422,4376422,0,7715989.7,true,true,false,"{""typeCode"":""C"",""freqCode"":""A"",""refPeriodId"":20200101,""refYear"":2020,""refMonth"":52,""period"":""2020"",""reporterCode"":360,""reporterISO"":""IDN"",""reporterDesc"":""Indonesia"",""flowCode"":""X"",""flowDesc"":""Export"",""partnerCode"":251,""partnerISO"":""FRA"",""partnerDesc"":""France"",""partner2Code"":0,""partner2ISO"":""W00"",""partner2Desc"":""World"",""classificationCode"":""H5"",""classificationSearchCode"":""HS"",""isOriginalClassification"":true,""cmdCode"":""090111"",""cmdDesc"":""Coffee; not roasted or decaffeinated"",""aggrLevel"":6,""isLeaf"":true,""customsCode"":""C00"",""customsDesc"":""TOTAL CPC"",""mosCode"":""0"",""motCode"":0,""motDesc"":""TOTAL MOT"",""qtyUnitCode"":8,""qtyUnitAbbr"":""kg"",""qty"":4376422,""isQtyEstimated"":false,""altQtyUnitCode"":8,""altQtyUnitAbbr"":""kg"",""altQty"":4376422,""isAltQtyEstimated"":false,""netWgt"":4376422,""isNetWgtEstimated"":false,""grossWgt"":0,""isGrossWgtEstimated"":false,""cifvalue"":0,""fobvalue"":7715989.7,""primaryValue"":7715989.7,""legacyEstimationFlag"":0,""isReported"":true,""isAggregate"":false}"
,UN Comtrade,https://comtradeapi.un.org/public/v1/preview/C/A/HS?reporterCode=360&flowCode=X&cmdCode=090111&period=2020&includeDesc=true,2026-05-30T18:34:22.015Z,"{""reporters"":[{""endpoint"":""https://comtradeapi.un.org/public/v1/preview/C/A/HS"",""reporterCode"":704,""reporterISO"":""VNM"",""flowCode"":""X"",""cmdCode"":""090111"",""period"":""2020,2021,2022,2023,2024,2025"",""includeDesc"":true},{""endpoint"":""https://comtradeapi.un.org/public/v1/preview/C/A/HS"",""reporterCode"":76,""reporterISO"":""BRA"",""flowCode"":""X"",""cmdCode"":""090111"",""period"":""2020,2021,2022,2023,2024,2025"",""includeDesc"":true},{""endpoint"":""https://comtradeapi.un.org/public/v1/preview/C/A/HS"",""reporterCode"":360,""reporterISO"":""IDN"",""flowCode"":""X"",""cmdCode"":""090111"",""period"":""2020,2021,2022,2023,2024,2025"",""includeDesc"":true}]}",C,A,20200101,2020,360,IDN,Indonesia,268,GEO,Georgia,0,W00,World,X,Export,H5,090111,Coffee; not roasted or decaffeinated,C00,TOTAL CPC,0,TOTAL MOT,8,kg,12748000,12748000,0,20073840.06,true,true,false,"{""typeCode"":""C"",""freqCode"":""A"",""refPeriodId"":20200101,""refYear"":2020,""refMonth"":52,""period"":""2020"",""reporterCode"":360,""reporterISO"":""IDN"",""reporterDesc"":""Indonesia"",""flowCode"":""X"",""flowDesc"":""Export"",""partnerCode"":268,""partnerISO"":""GEO"",""partnerDesc"":""Georgia"",""partner2Code"":0,""partner2ISO"":""W00"",""partner2Desc"":""World"",""classificationCode"":""H5"",""classificationSearchCode"":""HS"",""isOriginalClassification"":true,""cmdCode"":""090111"",""cmdDesc"":""Coffee; not roasted or decaffeinated"",""aggrLevel"":6,""isLeaf"":true,""customsCode"":""C00"",""customsDesc"":""TOTAL CPC"",""mosCode"":""0"",""motCode"":0,""motDesc"":""TOTAL MOT"",""qtyUnitCode"":8,""qtyUnitAbbr"":""kg"",""qty"":12748000,""isQtyEstimated"":false,""altQtyUnitCode"":8,""altQtyUnitAbbr"":""kg"",""altQty"":12748000,""isAltQtyEstimated"":false,""netWgt"":12748000,""isNetWgtEstimated"":false,""grossWgt"":0,""isGrossWgtEstimated"":false,""cifvalue"":0,""fobvalue"":20073840.06,""primaryValue"":20073840.06,""legacyEstimationFlag"":0,""isReported"":true,""isAggregate"":false}"
,UN Comtrade,https://comtradeapi.un.org/public/v1/preview/C/A/HS?reporterCode=360&flowCode=X&cmdCode=090111&period=2020&includeDesc=true,2026-05-30T18:34:22.015Z,"{""reporters"":[{""endpoint"":""https://comtradeapi.un.org/public/v1/preview/C/A/HS"",""reporterCode"":704,""reporterISO"":""VNM"",""flowCode"":""X"",""cmdCode"":""090111"",""period"":""2020,2021,2022,2023,2024,2025"",""includeDesc"":true},{""endpoint"":""https://comtradeapi.un.org/public/v1/preview/C/A/HS"",""reporterCode"":76,""reporterISO"":""BRA"",""flowCode"":""X"",""cmdCode"":""090111"",""period"":""2020,2021,2022,2023,2024,2025"",""includeDesc"":true},{""endpoint"":""https://comtradeapi.un.org/public/v1/preview/C/A/HS"",""reporterCode"":360,""reporterISO"":""IDN"",""flowCode"":""X"",""cmdCode"":""090111"",""period"":""2020,2021,2022,2023,2024,2025"",""includeDesc"":true}]}",C,A,20200101,2020,360,IDN,Indonesia,276,DEU,Germany,0,W00,World,X,Export,H5,090111,Coffee; not roasted or decaffeinated,C00,TOTAL CPC,0,TOTAL MOT,8,kg,21320759.09,21320759.09,0,49533538.96,true,true,false,"{""typeCode"":""C"",""freqCode"":""A"",""refPeriodId"":20200101,""refYear"":2020,""refMonth"":52,""period"":""2020"",""reporterCode"":360,""reporterISO"":""IDN"",""reporterDesc"":""Indonesia"",""flowCode"":""X"",""flowDesc"":""Export"",""partnerCode"":276,""partnerISO"":""DEU"",""partnerDesc"":""Germany"",""partner2Code"":0,""partner2ISO"":""W00"",""partner2Desc"":""World"",""classificationCode"":""H5"",""classificationSearchCode"":""HS"",""isOriginalClassification"":true,""cmdCode"":""090111"",""cmdDesc"":""Coffee; not roasted or decaffeinated"",""aggrLevel"":6,""isLeaf"":true,""customsCode"":""C00"",""customsDesc"":""TOTAL CPC"",""mosCode"":""0"",""motCode"":0,""motDesc"":""TOTAL MOT"",""qtyUnitCode"":8,""qtyUnitAbbr"":""kg"",""qty"":21320759.09,""isQtyEstimated"":false,""altQtyUnitCode"":8,""altQtyUnitAbbr"":""kg"",""altQty"":21320759.09,""isAltQtyEstimated"":false,""netWgt"":21320759.09,""isNetWgtEstimated"":false,""grossWgt"":0,""isGrossWgtEstimated"":false,""cifvalue"":0,""fobvalue"":49533538.96,""primaryValue"":49533538.96,""legacyEstimationFlag"":0,""isReported"":true,""isAggregate"":false}"
,UN Comtrade,https://comtradeapi.un.org/public/v1/preview/C/A/HS?reporterCode=360&flowCode=X&cmdCode=090111&period=2020&includeDesc=true,2026-05-30T18:34:22.015Z,"{""reporters"":[{""endpoint"":""https://comtradeapi.un.org/public/v1/preview/C/A/HS"",""reporterCode"":704,""reporterISO"":""VNM"",""flowCode"":""X"",""cmdCode"":""090111"",""period"":""2020,2021,2022,2023,2024,2025"",""includeDesc"":true},{""endpoint"":""https://comtradeapi.un.org/public/v1/preview/C/A/HS"",""reporterCode"":76,""reporterISO"":""BRA"",""flowCode"":""X"",""cmdCode"":""090111"",""period"":""2020,2021,2022,2023,2024,2025"",""includeDesc"":true},{""endpoint"":""https://comtradeapi.un.org/public/v1/preview/C/A/HS"",""reporterCode"":360,""reporterISO"":""IDN"",""flowCode"":""X"",""cmdCode"":""090111"",""period"":""2020,2021,2022,2023,2024,2025"",""includeDesc"":true}]}",C,A,20200101,2020,360,IDN,Indonesia,300,GRC,Greece,0,W00,World,X,Export,H5,090111,Coffee; not roasted or decaffeinated,C00,TOTAL CPC,0,TOTAL MOT,8,kg,1975800,1975800,0,3095340.52,true,true,false,"{""typeCode"":""C"",""freqCode"":""A"",""refPeriodId"":20200101,""refYear"":2020,""refMonth"":52,""period"":""2020"",""reporterCode"":360,""reporterISO"":""IDN"",""reporterDesc"":""Indonesia"",""flowCode"":""X"",""flowDesc"":""Export"",""partnerCode"":300,""partnerISO"":""GRC"",""partnerDesc"":""Greece"",""partner2Code"":0,""partner2ISO"":""W00"",""partner2Desc"":""World"",""classificationCode"":""H5"",""classificationSearchCode"":""HS"",""isOriginalClassification"":true,""cmdCode"":""090111"",""cmdDesc"":""Coffee; not roasted or decaffeinated"",""aggrLevel"":6,""isLeaf"":true,""customsCode"":""C00"",""customsDesc"":""TOTAL CPC"",""mosCode"":""0"",""motCode"":0,""motDesc"":""TOTAL MOT"",""qtyUnitCode"":8,""qtyUnitAbbr"":""kg"",""qty"":1975800,""isQtyEstimated"":false,""altQtyUnitCode"":8,""altQtyUnitAbbr"":""kg"",""altQty"":1975800,""isAltQtyEstimated"":false,""netWgt"":1975800,""isNetWgtEstimated"":false,""grossWgt"":0,""isGrossWgtEstimated"":false,""cifvalue"":0,""fobvalue"":3095340.52,""primaryValue"":3095340.52,""legacyEstimationFlag"":0,""isReported"":true,""isAggregate"":false}"
,UN Comtrade,https://comtradeapi.un.org/public/v1/preview/C/A/HS?reporterCode=360&flowCode=X&cmdCode=090111&period=2020&includeDesc=true,2026-05-30T18:34:22.015Z,"{""reporters"":[{""endpoint"":""https://comtradeapi.un.org/public/v1/preview/C/A/HS"",""reporterCode"":704,""reporterISO"":""VNM"",""flowCode"":""X"",""cmdCode"":""090111"",""period"":""2020,2021,2022,2023,2024,2025"",""includeDesc"":true},{""endpoint"":""https://comtradeapi.un.org/public/v1/preview/C/A/HS"",""reporterCode"":76,""reporterISO"":""BRA"",""flowCode"":""X"",""cmdCode"":""090111"",""period"":""2020,2021,2022,2023,2024,2025"",""includeDesc"":true},{""endpoint"":""https://comtradeapi.un.org/public/v1/preview/C/A/HS"",""reporterCode"":360,""reporterISO"":""IDN"",""flowCode"":""X"",""cmdCode"":""090111"",""period"":""2020,2021,2022,2023,2024,2025"",""includeDesc"":true}]}",C,A,20200101,2020,360,IDN,Indonesia,344,HKG,"China, Hong Kong SAR",0,W00,World,X,Export,H5,090111,Coffee; not roasted or decaffeinated,C00,TOTAL CPC,0,TOTAL MOT,8,kg,915125.16,915125.16,0,1800570.483,true,true,false,"{""typeCode"":""C"",""freqCode"":""A"",""refPeriodId"":20200101,""refYear"":2020,""refMonth"":52,""period"":""2020"",""reporterCode"":360,""reporterISO"":""IDN"",""reporterDesc"":""Indonesia"",""flowCode"":""X"",""flowDesc"":""Export"",""partnerCode"":344,""partnerISO"":""HKG"",""partnerDesc"":""China, Hong Kong SAR"",""partner2Code"":0,""partner2ISO"":""W00"",""partner2Desc"":""World"",""classificationCode"":""H5"",""classificationSearchCode"":""HS"",""isOriginalClassification"":true,""cmdCode"":""090111"",""cmdDesc"":""Coffee; not roasted or decaffeinated"",""aggrLevel"":6,""isLeaf"":true,""customsCode"":""C00"",""customsDesc"":""TOTAL CPC"",""mosCode"":""0"",""motCode"":0,""motDesc"":""TOTAL MOT"",""qtyUnitCode"":8,""qtyUnitAbbr"":""kg"",""qty"":915125.16,""isQtyEstimated"":false,""altQtyUnitCode"":8,""altQtyUnitAbbr"":""kg"",""altQty"":915125.16,""isAltQtyEstimated"":false,""netWgt"":915125.16,""isNetWgtEstimated"":false,""grossWgt"":0,""isGrossWgtEstimated"":false,""cifvalue"":0,""fobvalue"":1800570.483,""primaryValue"":1800570.483,""legacyEstimationFlag"":0,""isReported"":true,""isAggregate"":false}"
,UN Comtrade,https://comtradeapi.un.org/public/v1/preview/C/A/HS?reporterCode=360&flowCode=X&cmdCode=090111&period=2020&includeDesc=true,2026-05-30T18:34:22.015Z,"{""reporters"":[{""endpoint"":""https://comtradeapi.un.org/public/v1/preview/C/A/HS"",""reporterCode"":704,""reporterISO"":""VNM"",""flowCode"":""X"",""cmdCode"":""090111"",""period"":""2020,2021,2022,2023,2024,2025"",""includeDesc"":true},{""endpoint"":""https://comtradeapi.un.org/public/v1/preview/C/A/HS"",""reporterCode"":76,""reporterISO"":""BRA"",""flowCode"":""X"",""cmdCode"":""090111"",""period"":""2020,2021,2022,2023,2024,2025"",""includeDesc"":true},{""endpoint"":""https://comtradeapi.un.org/public/v1/preview/C/A/HS"",""reporterCode"":360,""reporterISO"":""IDN"",""flowCode"":""X"",""cmdCode"":""090111"",""period"":""2020,2021,2022,2023,2024,2025"",""includeDesc"":true}]}",C,A,20200101,2020,360,IDN,Indonesia,352,ISL,Iceland,0,W00,World,X,Export,H5,090111,Coffee; not roasted or decaffeinated,C00,TOTAL CPC,0,TOTAL MOT,8,kg,15000,15000,0,72000,true,true,false,"{""typeCode"":""C"",""freqCode"":""A"",""refPeriodId"":20200101,""refYear"":2020,""refMonth"":52,""period"":""2020"",""reporterCode"":360,""reporterISO"":""IDN"",""reporterDesc"":""Indonesia"",""flowCode"":""X"",""flowDesc"":""Export"",""partnerCode"":352,""partnerISO"":""ISL"",""partnerDesc"":""Iceland"",""partner2Code"":0,""partner2ISO"":""W00"",""partner2Desc"":""World"",""classificationCode"":""H5"",""classificationSearchCode"":""HS"",""isOriginalClassification"":true,""cmdCode"":""090111"",""cmdDesc"":""Coffee; not roasted or decaffeinated"",""aggrLevel"":6,""isLeaf"":true,""customsCode"":""C00"",""customsDesc"":""TOTAL CPC"",""mosCode"":""0"",""motCode"":0,""motDesc"":""TOTAL MOT"",""qtyUnitCode"":8,""qtyUnitAbbr"":""kg"",""qty"":15000,""isQtyEstimated"":false,""altQtyUnitCode"":8,""altQtyUnitAbbr"":""kg"",""altQty"":15000,""isAltQtyEstimated"":false,""netWgt"":15000,""isNetWgtEstimated"":false,""grossWgt"":0,""isGrossWgtEstimated"":false,""cifvalue"":0,""fobvalue"":72000,""primaryValue"":72000,""legacyEstimationFlag"":0,""isReported"":true,""isAggregate"":false}"
,UN Comtrade,https://comtradeapi.un.org/public/v1/preview/C/A/HS?reporterCode=360&flowCode=X&cmdCode=090111&period=2020&includeDesc=true,2026-05-30T18:34:22.015Z,"{""reporters"":[{""endpoint"":""https://comtradeapi.un.org/public/v1/preview/C/A/HS"",""reporterCode"":704,""reporterISO"":""VNM"",""flowCode"":""X"",""cmdCode"":""090111"",""period"":""2020,2021,2022,2023,2024,2025"",""includeDesc"":true},{""endpoint"":""https://comtradeapi.un.org/public/v1/preview/C/A/HS"",""reporterCode"":76,""reporterISO"":""BRA"",""flowCode"":""X"",""cmdCode"":""090111"",""period"":""2020,2021,2022,2023,2024,2025"",""includeDesc"":true},{""endpoint"":""https://comtradeapi.un.org/public/v1/preview/C/A/HS"",""reporterCode"":360,""reporterISO"":""IDN"",""flowCode"":""X"",""cmdCode"":""090111"",""period"":""2020,2021,2022,2023,2024,2025"",""includeDesc"":true}]}",C,A,20200101,2020,360,IDN,Indonesia,364,IRN,Iran,0,W00,World,X,Export,H5,090111,Coffee; not roasted or decaffeinated,C00,TOTAL CPC,0,TOTAL MOT,8,kg,1432740,1432740,0,2698254.465,true,true,false,"{""typeCode"":""C"",""freqCode"":""A"",""refPeriodId"":20200101,""refYear"":2020,""refMonth"":52,""period"":""2020"",""reporterCode"":360,""reporterISO"":""IDN"",""reporterDesc"":""Indonesia"",""flowCode"":""X"",""flowDesc"":""Export"",""partnerCode"":364,""partnerISO"":""IRN"",""partnerDesc"":""Iran"",""partner2Code"":0,""partner2ISO"":""W00"",""partner2Desc"":""World"",""classificationCode"":""H5"",""classificationSearchCode"":""HS"",""isOriginalClassification"":true,""cmdCode"":""090111"",""cmdDesc"":""Coffee; not roasted or decaffeinated"",""aggrLevel"":6,""isLeaf"":true,""customsCode"":""C00"",""customsDesc"":""TOTAL CPC"",""mosCode"":""0"",""motCode"":0,""motDesc"":""TOTAL MOT"",""qtyUnitCode"":8,""qtyUnitAbbr"":""kg"",""qty"":1432740,""isQtyEstimated"":false,""altQtyUnitCode"":8,""altQtyUnitAbbr"":""kg"",""altQty"":1432740,""isAltQtyEstimated"":false,""netWgt"":1432740,""isNetWgtEstimated"":false,""grossWgt"":0,""isGrossWgtEstimated"":false,""cifvalue"":0,""fobvalue"":2698254.465,""primaryValue"":2698254.465,""legacyEstimationFlag"":0,""isReported"":true,""isAggregate"":false}"
,UN Comtrade,https://comtradeapi.un.org/public/v1/preview/C/A/HS?reporterCode=360&flowCode=X&cmdCode=090111&period=2020&includeDesc=true,2026-05-30T18:34:22.015Z,"{""reporters"":[{""endpoint"":""https://comtradeapi.un.org/public/v1/preview/C/A/HS"",""reporterCode"":704,""reporterISO"":""VNM"",""flowCode"":""X"",""cmdCode"":""090111"",""period"":""2020,2021,2022,2023,2024,2025"",""includeDesc"":true},{""endpoint"":""https://comtradeapi.un.org/public/v1/preview/C/A/HS"",""reporterCode"":76,""reporterISO"":""BRA"",""flowCode"":""X"",""cmdCode"":""090111"",""period"":""2020,2021,2022,2023,2024,2025"",""includeDesc"":true},{""endpoint"":""https://comtradeapi.un.org/public/v1/preview/C/A/HS"",""reporterCode"":360,""reporterISO"":""IDN"",""flowCode"":""X"",""cmdCode"":""090111"",""period"":""2020,2021,2022,2023,2024,2025"",""includeDesc"":true}]}",C,A,20200101,2020,360,IDN,Indonesia,372,IRL,Ireland,0,W00,World,X,Export,H5,090111,Coffee; not roasted or decaffeinated,C00,TOTAL CPC,0,TOTAL MOT,8,kg,275800,275800,0,984540.48,true,true,false,"{""typeCode"":""C"",""freqCode"":""A"",""refPeriodId"":20200101,""refYear"":2020,""refMonth"":52,""period"":""2020"",""reporterCode"":360,""reporterISO"":""IDN"",""reporterDesc"":""Indonesia"",""flowCode"":""X"",""flowDesc"":""Export"",""partnerCode"":372,""partnerISO"":""IRL"",""partnerDesc"":""Ireland"",""partner2Code"":0,""partner2ISO"":""W00"",""partner2Desc"":""World"",""classificationCode"":""H5"",""classificationSearchCode"":""HS"",""isOriginalClassification"":true,""cmdCode"":""090111"",""cmdDesc"":""Coffee; not roasted or decaffeinated"",""aggrLevel"":6,""isLeaf"":true,""customsCode"":""C00"",""customsDesc"":""TOTAL CPC"",""mosCode"":""0"",""motCode"":0,""motDesc"":""TOTAL MOT"",""qtyUnitCode"":8,""qtyUnitAbbr"":""kg"",""qty"":275800,""isQtyEstimated"":false,""altQtyUnitCode"":8,""altQtyUnitAbbr"":""kg"",""altQty"":275800,""isAltQtyEstimated"":false,""netWgt"":275800,""isNetWgtEstimated"":false,""grossWgt"":0,""isGrossWgtEstimated"":false,""cifvalue"":0,""fobvalue"":984540.48,""primaryValue"":984540.48,""legacyEstimationFlag"":0,""isReported"":true,""isAggregate"":false}"
,UN Comtrade,https://comtradeapi.un.org/public/v1/preview/C/A/HS?reporterCode=360&flowCode=X&cmdCode=090111&period=2020&includeDesc=true,2026-05-30T18:34:22.015Z,"{""reporters"":[{""endpoint"":""https://comtradeapi.un.org/public/v1/preview/C/A/HS"",""reporterCode"":704,""reporterISO"":""VNM"",""flowCode"":""X"",""cmdCode"":""090111"",""period"":""2020,2021,2022,2023,2024,2025"",""includeDesc"":true},{""endpoint"":""https://comtradeapi.un.org/public/v1/preview/C/A/HS"",""reporterCode"":76,""reporterISO"":""BRA"",""flowCode"":""X"",""cmdCode"":""090111"",""period"":""2020,2021,2022,2023,2024,2025"",""includeDesc"":true},{""endpoint"":""https://comtradeapi.un.org/public/v1/preview/C/A/HS"",""reporterCode"":360,""reporterISO"":""IDN"",""flowCode"":""X"",""cmdCode"":""090111"",""period"":""2020,2021,2022,2023,2024,2025"",""includeDesc"":true}]}",C,A,20200101,2020,360,IDN,Indonesia,376,ISR,Israel,0,W00,World,X,Export,H5,090111,Coffee; not roasted or decaffeinated,C00,TOTAL CPC,0,TOTAL MOT,8,kg,199201.1,199201.1,0,639205.5,true,true,false,"{""typeCode"":""C"",""freqCode"":""A"",""refPeriodId"":20200101,""refYear"":2020,""refMonth"":52,""period"":""2020"",""reporterCode"":360,""reporterISO"":""IDN"",""reporterDesc"":""Indonesia"",""flowCode"":""X"",""flowDesc"":""Export"",""partnerCode"":376,""partnerISO"":""ISR"",""partnerDesc"":""Israel"",""partner2Code"":0,""partner2ISO"":""W00"",""partner2Desc"":""World"",""classificationCode"":""H5"",""classificationSearchCode"":""HS"",""isOriginalClassification"":true,""cmdCode"":""090111"",""cmdDesc"":""Coffee; not roasted or decaffeinated"",""aggrLevel"":6,""isLeaf"":true,""customsCode"":""C00"",""customsDesc"":""TOTAL CPC"",""mosCode"":""0"",""motCode"":0,""motDesc"":""TOTAL MOT"",""qtyUnitCode"":8,""qtyUnitAbbr"":""kg"",""qty"":199201.1,""isQtyEstimated"":false,""altQtyUnitCode"":8,""altQtyUnitAbbr"":""kg"",""altQty"":199201.1,""isAltQtyEstimated"":false,""netWgt"":199201.1,""isNetWgtEstimated"":false,""grossWgt"":0,""isGrossWgtEstimated"":false,""cifvalue"":0,""fobvalue"":639205.5,""primaryValue"":639205.5,""legacyEstimationFlag"":0,""isReported"":true,""isAggregate"":false}"
,UN Comtrade,https://comtradeapi.un.org/public/v1/preview/C/A/HS?reporterCode=360&flowCode=X&cmdCode=090111&period=2020&includeDesc=true,2026-05-30T18:34:22.015Z,"{""reporters"":[{""endpoint"":""https://comtradeapi.un.org/public/v1/preview/C/A/HS"",""reporterCode"":704,""reporterISO"":""VNM"",""flowCode"":""X"",""cmdCode"":""090111"",""period"":""2020,2021,2022,2023,2024,2025"",""includeDesc"":true},{""endpoint"":""https://comtradeapi.un.org/public/v1/preview/C/A/HS"",""reporterCode"":76,""reporterISO"":""BRA"",""flowCode"":""X"",""cmdCode"":""090111"",""period"":""2020,2021,2022,2023,2024,2025"",""includeDesc"":true},{""endpoint"":""https://comtradeapi.un.org/public/v1/preview/C/A/HS"",""reporterCode"":360,""reporterISO"":""IDN"",""flowCode"":""X"",""cmdCode"":""090111"",""period"":""2020,2021,2022,2023,2024,2025"",""includeDesc"":true}]}",C,A,20200101,2020,360,IDN,Indonesia,380,ITA,Italy,0,W00,World,X,Export,H5,090111,Coffee; not roasted or decaffeinated,C00,TOTAL CPC,0,TOTAL MOT,8,kg,27236482.464,27236482.464,0,44277347.66,true,true,false,"{""typeCode"":""C"",""freqCode"":""A"",""refPeriodId"":20200101,""refYear"":2020,""refMonth"":52,""period"":""2020"",""reporterCode"":360,""reporterISO"":""IDN"",""reporterDesc"":""Indonesia"",""flowCode"":""X"",""flowDesc"":""Export"",""partnerCode"":380,""partnerISO"":""ITA"",""partnerDesc"":""Italy"",""partner2Code"":0,""partner2ISO"":""W00"",""partner2Desc"":""World"",""classificationCode"":""H5"",""classificationSearchCode"":""HS"",""isOriginalClassification"":true,""cmdCode"":""090111"",""cmdDesc"":""Coffee; not roasted or decaffeinated"",""aggrLevel"":6,""isLeaf"":true,""customsCode"":""C00"",""customsDesc"":""TOTAL CPC"",""mosCode"":""0"",""motCode"":0,""motDesc"":""TOTAL MOT"",""qtyUnitCode"":8,""qtyUnitAbbr"":""kg"",""qty"":27236482.464,""isQtyEstimated"":true,""altQtyUnitCode"":8,""altQtyUnitAbbr"":""kg"",""altQty"":27237482,""isAltQtyEstimated"":false,""netWgt"":27236482.464,""isNetWgtEstimated"":true,""grossWgt"":0,""isGrossWgtEstimated"":false,""cifvalue"":0,""fobvalue"":44277347.66,""primaryValue"":44277347.66,""legacyEstimationFlag"":6,""isReported"":true,""isAggregate"":false}"
,UN Comtrade,https://comtradeapi.un.org/public/v1/preview/C/A/HS?reporterCode=360&flowCode=X&cmdCode=090111&period=2020&includeDesc=true,2026-05-30T18:34:22.015Z,"{""reporters"":[{""endpoint"":""https://comtradeapi.un.org/public/v1/preview/C/A/HS"",""reporterCode"":704,""reporterISO"":""VNM"",""flowCode"":""X"",""cmdCode"":""090111"",""period"":""2020,2021,2022,2023,2024,2025"",""includeDesc"":true},{""endpoint"":""https://comtradeapi.un.org/public/v1/preview/C/A/HS"",""reporterCode"":76,""reporterISO"":""BRA"",""flowCode"":""X"",""cmdCode"":""090111"",""period"":""2020,2021,2022,2023,2024,2025"",""includeDesc"":true},{""endpoint"":""https://comtradeapi.un.org/public/v1/preview/C/A/HS"",""reporterCode"":360,""reporterISO"":""IDN"",""flowCode"":""X"",""cmdCode"":""090111"",""period"":""2020,2021,2022,2023,2024,2025"",""includeDesc"":true}]}",C,A,20200101,2020,360,IDN,Indonesia,392,JPN,Japan,0,W00,World,X,Export,H5,090111,Coffee; not roasted or decaffeinated,C00,TOTAL CPC,0,TOTAL MOT,8,kg,23471434.415,23471434.415,0,55922905.184,true,true,false,"{""typeCode"":""C"",""freqCode"":""A"",""refPeriodId"":20200101,""refYear"":2020,""refMonth"":52,""period"":""2020"",""reporterCode"":360,""reporterISO"":""IDN"",""reporterDesc"":""Indonesia"",""flowCode"":""X"",""flowDesc"":""Export"",""partnerCode"":392,""partnerISO"":""JPN"",""partnerDesc"":""Japan"",""partner2Code"":0,""partner2ISO"":""W00"",""partner2Desc"":""World"",""classificationCode"":""H5"",""classificationSearchCode"":""HS"",""isOriginalClassification"":true,""cmdCode"":""090111"",""cmdDesc"":""Coffee; not roasted or decaffeinated"",""aggrLevel"":6,""isLeaf"":true,""customsCode"":""C00"",""customsDesc"":""TOTAL CPC"",""mosCode"":""0"",""motCode"":0,""motDesc"":""TOTAL MOT"",""qtyUnitCode"":8,""qtyUnitAbbr"":""kg"",""qty"":23471434.415,""isQtyEstimated"":false,""altQtyUnitCode"":8,""altQtyUnitAbbr"":""kg"",""altQty"":23471434.415,""isAltQtyEstimated"":false,""netWgt"":23471434.415,""isNetWgtEstimated"":false,""grossWgt"":0,""isGrossWgtEstimated"":false,""cifvalue"":0,""fobvalue"":55922905.184,""primaryValue"":55922905.184,""legacyEstimationFlag"":0,""isReported"":true,""isAggregate"":false}"
,UN Comtrade,https://comtradeapi.un.org/public/v1/preview/C/A/HS?reporterCode=360&flowCode=X&cmdCode=090111&period=2020&includeDesc=true,2026-05-30T18:34:22.015Z,"{""reporters"":[{""endpoint"":""https://comtradeapi.un.org/public/v1/preview/C/A/HS"",""reporterCode"":704,""reporterISO"":""VNM"",""flowCode"":""X"",""cmdCode"":""090111"",""period"":""2020,2021,2022,2023,2024,2025"",""includeDesc"":true},{""endpoint"":""https://comtradeapi.un.org/public/v1/preview/C/A/HS"",""reporterCode"":76,""reporterISO"":""BRA"",""flowCode"":""X"",""cmdCode"":""090111"",""period"":""2020,2021,2022,2023,2024,2025"",""includeDesc"":true},{""endpoint"":""https://comtradeapi.un.org/public/v1/preview/C/A/HS"",""reporterCode"":360,""reporterISO"":""IDN"",""flowCode"":""X"",""cmdCode"":""090111"",""period"":""2020,2021,2022,2023,2024,2025"",""includeDesc"":true}]}",C,A,20200101,2020,360,IDN,Indonesia,410,KOR,Rep. of Korea,0,W00,World,X,Export,H5,090111,Coffee; not roasted or decaffeinated,C00,TOTAL CPC,0,TOTAL MOT,8,kg,2884230.3,2884230.3,0,9591285.23,true,true,false,"{""typeCode"":""C"",""freqCode"":""A"",""refPeriodId"":20200101,""refYear"":2020,""refMonth"":52,""period"":""2020"",""reporterCode"":360,""reporterISO"":""IDN"",""reporterDesc"":""Indonesia"",""flowCode"":""X"",""flowDesc"":""Export"",""partnerCode"":410,""partnerISO"":""KOR"",""partnerDesc"":""Rep. of Korea"",""partner2Code"":0,""partner2ISO"":""W00"",""partner2Desc"":""World"",""classificationCode"":""H5"",""classificationSearchCode"":""HS"",""isOriginalClassification"":true,""cmdCode"":""090111"",""cmdDesc"":""Coffee; not roasted or decaffeinated"",""aggrLevel"":6,""isLeaf"":true,""customsCode"":""C00"",""customsDesc"":""TOTAL CPC"",""mosCode"":""0"",""motCode"":0,""motDesc"":""TOTAL MOT"",""qtyUnitCode"":8,""qtyUnitAbbr"":""kg"",""qty"":2884230.3,""isQtyEstimated"":false,""altQtyUnitCode"":8,""altQtyUnitAbbr"":""kg"",""altQty"":2884230.3,""isAltQtyEstimated"":false,""netWgt"":2884230.3,""isNetWgtEstimated"":false,""grossWgt"":0,""isGrossWgtEstimated"":false,""cifvalue"":0,""fobvalue"":9591285.23,""primaryValue"":9591285.23,""legacyEstimationFlag"":0,""isReported"":true,""isAggregate"":false}"
,UN Comtrade,https://comtradeapi.un.org/public/v1/preview/C/A/HS?reporterCode=360&flowCode=X&cmdCode=090111&period=2020&includeDesc=true,2026-05-30T18:34:22.015Z,"{""reporters"":[{""endpoint"":""https://comtradeapi.un.org/public/v1/preview/C/A/HS"",""reporterCode"":704,""reporterISO"":""VNM"",""flowCode"":""X"",""cmdCode"":""090111"",""period"":""2020,2021,2022,2023,2024,2025"",""includeDesc"":true},{""endpoint"":""https://comtradeapi.un.org/public/v1/preview/C/A/HS"",""reporterCode"":76,""reporterISO"":""BRA"",""flowCode"":""X"",""cmdCode"":""090111"",""period"":""2020,2021,2022,2023,2024,2025"",""includeDesc"":true},{""endpoint"":""https://comtradeapi.un.org/public/v1/preview/C/A/HS"",""reporterCode"":360,""reporterISO"":""IDN"",""flowCode"":""X"",""cmdCode"":""090111"",""period"":""2020,2021,2022,2023,2024,2025"",""includeDesc"":true}]}",C,A,20200101,2020,360,IDN,Indonesia,422,LBN,Lebanon,0,W00,World,X,Export,H5,090111,Coffee; not roasted or decaffeinated,C00,TOTAL CPC,0,TOTAL MOT,8,kg,19200,19200,0,32149.82,true,true,false,"{""typeCode"":""C"",""freqCode"":""A"",""refPeriodId"":20200101,""refYear"":2020,""refMonth"":52,""period"":""2020"",""reporterCode"":360,""reporterISO"":""IDN"",""reporterDesc"":""Indonesia"",""flowCode"":""X"",""flowDesc"":""Export"",""partnerCode"":422,""partnerISO"":""LBN"",""partnerDesc"":""Lebanon"",""partner2Code"":0,""partner2ISO"":""W00"",""partner2Desc"":""World"",""classificationCode"":""H5"",""classificationSearchCode"":""HS"",""isOriginalClassification"":true,""cmdCode"":""090111"",""cmdDesc"":""Coffee; not roasted or decaffeinated"",""aggrLevel"":6,""isLeaf"":true,""customsCode"":""C00"",""customsDesc"":""TOTAL CPC"",""mosCode"":""0"",""motCode"":0,""motDesc"":""TOTAL MOT"",""qtyUnitCode"":8,""qtyUnitAbbr"":""kg"",""qty"":19200,""isQtyEstimated"":false,""altQtyUnitCode"":8,""altQtyUnitAbbr"":""kg"",""altQty"":19200,""isAltQtyEstimated"":false,""netWgt"":19200,""isNetWgtEstimated"":false,""grossWgt"":0,""isGrossWgtEstimated"":false,""cifvalue"":0,""fobvalue"":32149.82,""primaryValue"":32149.82,""legacyEstimationFlag"":0,""isReported"":true,""isAggregate"":false}"
,UN Comtrade,https://comtradeapi.un.org/public/v1/preview/C/A/HS?reporterCode=360&flowCode=X&cmdCode=090111&period=2020&includeDesc=true,2026-05-30T18:34:22.015Z,"{""reporters"":[{""endpoint"":""https://comtradeapi.un.org/public/v1/preview/C/A/HS"",""reporterCode"":704,""reporterISO"":""VNM"",""flowCode"":""X"",""cmdCode"":""090111"",""period"":""2020,2021,2022,2023,2024,2025"",""includeDesc"":true},{""endpoint"":""https://comtradeapi.un.org/public/v1/preview/C/A/HS"",""reporterCode"":76,""reporterISO"":""BRA"",""flowCode"":""X"",""cmdCode"":""090111"",""period"":""2020,2021,2022,2023,2024,2025"",""includeDesc"":true},{""endpoint"":""https://comtradeapi.un.org/public/v1/preview/C/A/HS"",""reporterCode"":360,""reporterISO"":""IDN"",""flowCode"":""X"",""cmdCode"":""090111"",""period"":""2020,2021,2022,2023,2024,2025"",""includeDesc"":true}]}",C,A,20200101,2020,360,IDN,Indonesia,428,LVA,Latvia,0,W00,World,X,Export,H5,090111,Coffee; not roasted or decaffeinated,C00,TOTAL CPC,0,TOTAL MOT,8,kg,68760,68760,0,200133.8,true,true,false,"{""typeCode"":""C"",""freqCode"":""A"",""refPeriodId"":20200101,""refYear"":2020,""refMonth"":52,""period"":""2020"",""reporterCode"":360,""reporterISO"":""IDN"",""reporterDesc"":""Indonesia"",""flowCode"":""X"",""flowDesc"":""Export"",""partnerCode"":428,""partnerISO"":""LVA"",""partnerDesc"":""Latvia"",""partner2Code"":0,""partner2ISO"":""W00"",""partner2Desc"":""World"",""classificationCode"":""H5"",""classificationSearchCode"":""HS"",""isOriginalClassification"":true,""cmdCode"":""090111"",""cmdDesc"":""Coffee; not roasted or decaffeinated"",""aggrLevel"":6,""isLeaf"":true,""customsCode"":""C00"",""customsDesc"":""TOTAL CPC"",""mosCode"":""0"",""motCode"":0,""motDesc"":""TOTAL MOT"",""qtyUnitCode"":8,""qtyUnitAbbr"":""kg"",""qty"":68760,""isQtyEstimated"":false,""altQtyUnitCode"":8,""altQtyUnitAbbr"":""kg"",""altQty"":68760,""isAltQtyEstimated"":false,""netWgt"":68760,""isNetWgtEstimated"":false,""grossWgt"":0,""isGrossWgtEstimated"":false,""cifvalue"":0,""fobvalue"":200133.8,""primaryValue"":200133.8,""legacyEstimationFlag"":0,""isReported"":true,""isAggregate"":false}"
,UN Comtrade,https://comtradeapi.un.org/public/v1/preview/C/A/HS?reporterCode=360&flowCode=X&cmdCode=090111&period=2020&includeDesc=true,2026-05-30T18:34:22.015Z,"{""reporters"":[{""endpoint"":""https://comtradeapi.un.org/public/v1/preview/C/A/HS"",""reporterCode"":704,""reporterISO"":""VNM"",""flowCode"":""X"",""cmdCode"":""090111"",""period"":""2020,2021,2022,2023,2024,2025"",""includeDesc"":true},{""endpoint"":""https://comtradeapi.un.org/public/v1/preview/C/A/HS"",""reporterCode"":76,""reporterISO"":""BRA"",""flowCode"":""X"",""cmdCode"":""090111"",""period"":""2020,2021,2022,2023,2024,2025"",""includeDesc"":true},{""endpoint"":""https://comtradeapi.un.org/public/v1/preview/C/A/HS"",""reporterCode"":360,""reporterISO"":""IDN"",""flowCode"":""X"",""cmdCode"":""090111"",""period"":""2020,2021,2022,2023,2024,2025"",""includeDesc"":true}]}",C,A,20200101,2020,360,IDN,Indonesia,446,MAC,"China, Macao SAR",0,W00,World,X,Export,H5,090111,Coffee; not roasted or decaffeinated,C00,TOTAL CPC,0,TOTAL MOT,8,kg,19200,19200,0,32832,true,true,false,"{""typeCode"":""C"",""freqCode"":""A"",""refPeriodId"":20200101,""refYear"":2020,""refMonth"":52,""period"":""2020"",""reporterCode"":360,""reporterISO"":""IDN"",""reporterDesc"":""Indonesia"",""flowCode"":""X"",""flowDesc"":""Export"",""partnerCode"":446,""partnerISO"":""MAC"",""partnerDesc"":""China, Macao SAR"",""partner2Code"":0,""partner2ISO"":""W00"",""partner2Desc"":""World"",""classificationCode"":""H5"",""classificationSearchCode"":""HS"",""isOriginalClassification"":true,""cmdCode"":""090111"",""cmdDesc"":""Coffee; not roasted or decaffeinated"",""aggrLevel"":6,""isLeaf"":true,""customsCode"":""C00"",""customsDesc"":""TOTAL CPC"",""mosCode"":""0"",""motCode"":0,""motDesc"":""TOTAL MOT"",""qtyUnitCode"":8,""qtyUnitAbbr"":""kg"",""qty"":19200,""isQtyEstimated"":false,""altQtyUnitCode"":8,""altQtyUnitAbbr"":""kg"",""altQty"":19200,""isAltQtyEstimated"":false,""netWgt"":19200,""isNetWgtEstimated"":false,""grossWgt"":0,""isGrossWgtEstimated"":false,""cifvalue"":0,""fobvalue"":32832,""primaryValue"":32832,""legacyEstimationFlag"":0,""isReported"":true,""isAggregate"":false}"
,UN Comtrade,https://comtradeapi.un.org/public/v1/preview/C/A/HS?reporterCode=360&flowCode=X&cmdCode=090111&period=2020&includeDesc=true,2026-05-30T18:34:22.015Z,"{""reporters"":[{""endpoint"":""https://comtradeapi.un.org/public/v1/preview/C/A/HS"",""reporterCode"":704,""reporterISO"":""VNM"",""flowCode"":""X"",""cmdCode"":""090111"",""period"":""2020,2021,2022,2023,2024,2025"",""includeDesc"":true},{""endpoint"":""https://comtradeapi.un.org/public/v1/preview/C/A/HS"",""reporterCode"":76,""reporterISO"":""BRA"",""flowCode"":""X"",""cmdCode"":""090111"",""period"":""2020,2021,2022,2023,2024,2025"",""includeDesc"":true},{""endpoint"":""https://comtradeapi.un.org/public/v1/preview/C/A/HS"",""reporterCode"":360,""reporterISO"":""IDN"",""flowCode"":""X"",""cmdCode"":""090111"",""period"":""2020,2021,2022,2023,2024,2025"",""includeDesc"":true}]}",C,A,20200101,2020,360,IDN,Indonesia,458,MYS,Malaysia,0,W00,World,X,Export,H5,090111,Coffee; not roasted or decaffeinated,C00,TOTAL CPC,0,TOTAL MOT,8,kg,36103831.605,36103831.605,0,55410338.1,true,true,false,"{""typeCode"":""C"",""freqCode"":""A"",""refPeriodId"":20200101,""refYear"":2020,""refMonth"":52,""period"":""2020"",""reporterCode"":360,""reporterISO"":""IDN"",""reporterDesc"":""Indonesia"",""flowCode"":""X"",""flowDesc"":""Export"",""partnerCode"":458,""partnerISO"":""MYS"",""partnerDesc"":""Malaysia"",""partner2Code"":0,""partner2ISO"":""W00"",""partner2Desc"":""World"",""classificationCode"":""H5"",""classificationSearchCode"":""HS"",""isOriginalClassification"":true,""cmdCode"":""090111"",""cmdDesc"":""Coffee; not roasted or decaffeinated"",""aggrLevel"":6,""isLeaf"":true,""customsCode"":""C00"",""customsDesc"":""TOTAL CPC"",""mosCode"":""0"",""motCode"":0,""motDesc"":""TOTAL MOT"",""qtyUnitCode"":8,""qtyUnitAbbr"":""kg"",""qty"":36103831.605,""isQtyEstimated"":false,""altQtyUnitCode"":8,""altQtyUnitAbbr"":""kg"",""altQty"":36103831.605,""isAltQtyEstimated"":false,""netWgt"":36103831.605,""isNetWgtEstimated"":false,""grossWgt"":0,""isGrossWgtEstimated"":false,""cifvalue"":0,""fobvalue"":55410338.1,""primaryValue"":55410338.1,""legacyEstimationFlag"":0,""isReported"":true,""isAggregate"":false}"
,UN Comtrade,https://comtradeapi.un.org/public/v1/preview/C/A/HS?reporterCode=360&flowCode=X&cmdCode=090111&period=2020&includeDesc=true,2026-05-30T18:34:22.015Z,"{""reporters"":[{""endpoint"":""https://comtradeapi.un.org/public/v1/preview/C/A/HS"",""reporterCode"":704,""reporterISO"":""VNM"",""flowCode"":""X"",""cmdCode"":""090111"",""period"":""2020,2021,2022,2023,2024,2025"",""includeDesc"":true},{""endpoint"":""https://comtradeapi.un.org/public/v1/preview/C/A/HS"",""reporterCode"":76,""reporterISO"":""BRA"",""flowCode"":""X"",""cmdCode"":""090111"",""period"":""2020,2021,2022,2023,2024,2025"",""includeDesc"":true},{""endpoint"":""https://comtradeapi.un.org/public/v1/preview/C/A/HS"",""reporterCode"":360,""reporterISO"":""IDN"",""flowCode"":""X"",""cmdCode"":""090111"",""period"":""2020,2021,2022,2023,2024,2025"",""includeDesc"":true}]}",C,A,20200101,2020,360,IDN,Indonesia,484,MEX,Mexico,0,W00,World,X,Export,H5,090111,Coffee; not roasted or decaffeinated,C00,TOTAL CPC,0,TOTAL MOT,8,kg,162000,162000,0,723906,true,true,false,"{""typeCode"":""C"",""freqCode"":""A"",""refPeriodId"":20200101,""refYear"":2020,""refMonth"":52,""period"":""2020"",""reporterCode"":360,""reporterISO"":""IDN"",""reporterDesc"":""Indonesia"",""flowCode"":""X"",""flowDesc"":""Export"",""partnerCode"":484,""partnerISO"":""MEX"",""partnerDesc"":""Mexico"",""partner2Code"":0,""partner2ISO"":""W00"",""partner2Desc"":""World"",""classificationCode"":""H5"",""classificationSearchCode"":""HS"",""isOriginalClassification"":true,""cmdCode"":""090111"",""cmdDesc"":""Coffee; not roasted or decaffeinated"",""aggrLevel"":6,""isLeaf"":true,""customsCode"":""C00"",""customsDesc"":""TOTAL CPC"",""mosCode"":""0"",""motCode"":0,""motDesc"":""TOTAL MOT"",""qtyUnitCode"":8,""qtyUnitAbbr"":""kg"",""qty"":162000,""isQtyEstimated"":false,""altQtyUnitCode"":8,""altQtyUnitAbbr"":""kg"",""altQty"":162000,""isAltQtyEstimated"":false,""netWgt"":162000,""isNetWgtEstimated"":false,""grossWgt"":0,""isGrossWgtEstimated"":false,""cifvalue"":0,""fobvalue"":723906,""primaryValue"":723906,""legacyEstimationFlag"":0,""isReported"":true,""isAggregate"":false}"
,UN Comtrade,https://comtradeapi.un.org/public/v1/preview/C/A/HS?reporterCode=360&flowCode=X&cmdCode=090111&period=2020&includeDesc=true,2026-05-30T18:34:22.015Z,"{""reporters"":[{""endpoint"":""https://comtradeapi.un.org/public/v1/preview/C/A/HS"",""reporterCode"":704,""reporterISO"":""VNM"",""flowCode"":""X"",""cmdCode"":""090111"",""period"":""2020,2021,2022,2023,2024,2025"",""includeDesc"":true},{""endpoint"":""https://comtradeapi.un.org/public/v1/preview/C/A/HS"",""reporterCode"":76,""reporterISO"":""BRA"",""flowCode"":""X"",""cmdCode"":""090111"",""period"":""2020,2021,2022,2023,2024,2025"",""includeDesc"":true},{""endpoint"":""https://comtradeapi.un.org/public/v1/preview/C/A/HS"",""reporterCode"":360,""reporterISO"":""IDN"",""flowCode"":""X"",""cmdCode"":""090111"",""period"":""2020,2021,2022,2023,2024,2025"",""includeDesc"":true}]}",C,A,20200101,2020,360,IDN,Indonesia,490,S19,"Other Asia, nes",0,W00,World,X,Export,H5,090111,Coffee; not roasted or decaffeinated,C00,TOTAL CPC,0,TOTAL MOT,8,kg,5062919.685,5062919.685,0,16153319.529,true,true,false,"{""typeCode"":""C"",""freqCode"":""A"",""refPeriodId"":20200101,""refYear"":2020,""refMonth"":52,""period"":""2020"",""reporterCode"":360,""reporterISO"":""IDN"",""reporterDesc"":""Indonesia"",""flowCode"":""X"",""flowDesc"":""Export"",""partnerCode"":490,""partnerISO"":""S19"",""partnerDesc"":""Other Asia, nes"",""partner2Code"":0,""partner2ISO"":""W00"",""partner2Desc"":""World"",""classificationCode"":""H5"",""classificationSearchCode"":""HS"",""isOriginalClassification"":true,""cmdCode"":""090111"",""cmdDesc"":""Coffee; not roasted or decaffeinated"",""aggrLevel"":6,""isLeaf"":true,""customsCode"":""C00"",""customsDesc"":""TOTAL CPC"",""mosCode"":""0"",""motCode"":0,""motDesc"":""TOTAL MOT"",""qtyUnitCode"":8,""qtyUnitAbbr"":""kg"",""qty"":5062919.685,""isQtyEstimated"":false,""altQtyUnitCode"":8,""altQtyUnitAbbr"":""kg"",""altQty"":5062919.685,""isAltQtyEstimated"":false,""netWgt"":5062919.685,""isNetWgtEstimated"":false,""grossWgt"":0,""isGrossWgtEstimated"":false,""cifvalue"":0,""fobvalue"":16153319.529,""primaryValue"":16153319.529,""legacyEstimationFlag"":0,""isReported"":true,""isAggregate"":false}"
,UN Comtrade,https://comtradeapi.un.org/public/v1/preview/C/A/HS?reporterCode=360&flowCode=X&cmdCode=090111&period=2020&includeDesc=true,2026-05-30T18:34:22.015Z,"{""reporters"":[{""endpoint"":""https://comtradeapi.un.org/public/v1/preview/C/A/HS"",""reporterCode"":704,""reporterISO"":""VNM"",""flowCode"":""X"",""cmdCode"":""090111"",""period"":""2020,2021,2022,2023,2024,2025"",""includeDesc"":true},{""endpoint"":""https://comtradeapi.un.org/public/v1/preview/C/A/HS"",""reporterCode"":76,""reporterISO"":""BRA"",""flowCode"":""X"",""cmdCode"":""090111"",""period"":""2020,2021,2022,2023,2024,2025"",""includeDesc"":true},{""endpoint"":""https://comtradeapi.un.org/public/v1/preview/C/A/HS"",""reporterCode"":360,""reporterISO"":""IDN"",""flowCode"":""X"",""cmdCode"":""090111"",""period"":""2020,2021,2022,2023,2024,2025"",""includeDesc"":true}]}",C,A,20200101,2020,360,IDN,Indonesia,504,MAR,Morocco,0,W00,World,X,Export,H5,090111,Coffee; not roasted or decaffeinated,C00,TOTAL CPC,0,TOTAL MOT,8,kg,9603700,9603700,0,15549154.81,true,true,false,"{""typeCode"":""C"",""freqCode"":""A"",""refPeriodId"":20200101,""refYear"":2020,""refMonth"":52,""period"":""2020"",""reporterCode"":360,""reporterISO"":""IDN"",""reporterDesc"":""Indonesia"",""flowCode"":""X"",""flowDesc"":""Export"",""partnerCode"":504,""partnerISO"":""MAR"",""partnerDesc"":""Morocco"",""partner2Code"":0,""partner2ISO"":""W00"",""partner2Desc"":""World"",""classificationCode"":""H5"",""classificationSearchCode"":""HS"",""isOriginalClassification"":true,""cmdCode"":""090111"",""cmdDesc"":""Coffee; not roasted or decaffeinated"",""aggrLevel"":6,""isLeaf"":true,""customsCode"":""C00"",""customsDesc"":""TOTAL CPC"",""mosCode"":""0"",""motCode"":0,""motDesc"":""TOTAL MOT"",""qtyUnitCode"":8,""qtyUnitAbbr"":""kg"",""qty"":9603700,""isQtyEstimated"":false,""altQtyUnitCode"":8,""altQtyUnitAbbr"":""kg"",""altQty"":9603700,""isAltQtyEstimated"":false,""netWgt"":9603700,""isNetWgtEstimated"":false,""grossWgt"":0,""isGrossWgtEstimated"":false,""cifvalue"":0,""fobvalue"":15549154.81,""primaryValue"":15549154.81,""legacyEstimationFlag"":0,""isReported"":true,""isAggregate"":false}"
,UN Comtrade,https://comtradeapi.un.org/public/v1/preview/C/A/HS?reporterCode=360&flowCode=X&cmdCode=090111&period=2020&includeDesc=true,2026-05-30T18:34:22.015Z,"{""reporters"":[{""endpoint"":""https://comtradeapi.un.org/public/v1/preview/C/A/HS"",""reporterCode"":704,""reporterISO"":""VNM"",""flowCode"":""X"",""cmdCode"":""090111"",""period"":""2020,2021,2022,2023,2024,2025"",""includeDesc"":true},{""endpoint"":""https://comtradeapi.un.org/public/v1/preview/C/A/HS"",""reporterCode"":76,""reporterISO"":""BRA"",""flowCode"":""X"",""cmdCode"":""090111"",""period"":""2020,2021,2022,2023,2024,2025"",""includeDesc"":true},{""endpoint"":""https://comtradeapi.un.org/public/v1/preview/C/A/HS"",""reporterCode"":360,""reporterISO"":""IDN"",""flowCode"":""X"",""cmdCode"":""090111"",""period"":""2020,2021,2022,2023,2024,2025"",""includeDesc"":true}]}",C,A,20200101,2020,360,IDN,Indonesia,512,OMN,Oman,0,W00,World,X,Export,H5,090111,Coffee; not roasted or decaffeinated,C00,TOTAL CPC,0,TOTAL MOT,8,kg,36112,36112,0,103324,true,true,false,"{""typeCode"":""C"",""freqCode"":""A"",""refPeriodId"":20200101,""refYear"":2020,""refMonth"":52,""period"":""2020"",""reporterCode"":360,""reporterISO"":""IDN"",""reporterDesc"":""Indonesia"",""flowCode"":""X"",""flowDesc"":""Export"",""partnerCode"":512,""partnerISO"":""OMN"",""partnerDesc"":""Oman"",""partner2Code"":0,""partner2ISO"":""W00"",""partner2Desc"":""World"",""classificationCode"":""H5"",""classificationSearchCode"":""HS"",""isOriginalClassification"":true,""cmdCode"":""090111"",""cmdDesc"":""Coffee; not roasted or decaffeinated"",""aggrLevel"":6,""isLeaf"":true,""customsCode"":""C00"",""customsDesc"":""TOTAL CPC"",""mosCode"":""0"",""motCode"":0,""motDesc"":""TOTAL MOT"",""qtyUnitCode"":8,""qtyUnitAbbr"":""kg"",""qty"":36112,""isQtyEstimated"":false,""altQtyUnitCode"":8,""altQtyUnitAbbr"":""kg"",""altQty"":36112,""isAltQtyEstimated"":false,""netWgt"":36112,""isNetWgtEstimated"":false,""grossWgt"":0,""isGrossWgtEstimated"":false,""cifvalue"":0,""fobvalue"":103324,""primaryValue"":103324,""legacyEstimationFlag"":0,""isReported"":true,""isAggregate"":false}"
,UN Comtrade,https://comtradeapi.un.org/public/v1/preview/C/A/HS?reporterCode=360&flowCode=X&cmdCode=090111&period=2020&includeDesc=true,2026-05-30T18:34:22.015Z,"{""reporters"":[{""endpoint"":""https://comtradeapi.un.org/public/v1/preview/C/A/HS"",""reporterCode"":704,""reporterISO"":""VNM"",""flowCode"":""X"",""cmdCode"":""090111"",""period"":""2020,2021,2022,2023,2024,2025"",""includeDesc"":true},{""endpoint"":""https://comtradeapi.un.org/public/v1/preview/C/A/HS"",""reporterCode"":76,""reporterISO"":""BRA"",""flowCode"":""X"",""cmdCode"":""090111"",""period"":""2020,2021,2022,2023,2024,2025"",""includeDesc"":true},{""endpoint"":""https://comtradeapi.un.org/public/v1/preview/C/A/HS"",""reporterCode"":360,""reporterISO"":""IDN"",""flowCode"":""X"",""cmdCode"":""090111"",""period"":""2020,2021,2022,2023,2024,2025"",""includeDesc"":true}]}",C,A,20200101,2020,360,IDN,Indonesia,528,NLD,Netherlands,0,W00,World,X,Export,H5,090111,Coffee; not roasted or decaffeinated,C00,TOTAL CPC,0,TOTAL MOT,8,kg,1490814.7,1490814.7,0,5703614.925,true,true,false,"{""typeCode"":""C"",""freqCode"":""A"",""refPeriodId"":20200101,""refYear"":2020,""refMonth"":52,""period"":""2020"",""reporterCode"":360,""reporterISO"":""IDN"",""reporterDesc"":""Indonesia"",""flowCode"":""X"",""flowDesc"":""Export"",""partnerCode"":528,""partnerISO"":""NLD"",""partnerDesc"":""Netherlands"",""partner2Code"":0,""partner2ISO"":""W00"",""partner2Desc"":""World"",""classificationCode"":""H5"",""classificationSearchCode"":""HS"",""isOriginalClassification"":true,""cmdCode"":""090111"",""cmdDesc"":""Coffee; not roasted or decaffeinated"",""aggrLevel"":6,""isLeaf"":true,""customsCode"":""C00"",""customsDesc"":""TOTAL CPC"",""mosCode"":""0"",""motCode"":0,""motDesc"":""TOTAL MOT"",""qtyUnitCode"":8,""qtyUnitAbbr"":""kg"",""qty"":1490814.7,""isQtyEstimated"":false,""altQtyUnitCode"":8,""altQtyUnitAbbr"":""kg"",""altQty"":1490814.7,""isAltQtyEstimated"":false,""netWgt"":1490814.7,""isNetWgtEstimated"":false,""grossWgt"":0,""isGrossWgtEstimated"":false,""cifvalue"":0,""fobvalue"":5703614.925,""primaryValue"":5703614.925,""legacyEstimationFlag"":0,""isReported"":true,""isAggregate"":false}"
,UN Comtrade,https://comtradeapi.un.org/public/v1/preview/C/A/HS?reporterCode=360&flowCode=X&cmdCode=090111&period=2020&includeDesc=true,2026-05-30T18:34:22.015Z,"{""reporters"":[{""endpoint"":""https://comtradeapi.un.org/public/v1/preview/C/A/HS"",""reporterCode"":704,""reporterISO"":""VNM"",""flowCode"":""X"",""cmdCode"":""090111"",""period"":""2020,2021,2022,2023,2024,2025"",""includeDesc"":true},{""endpoint"":""https://comtradeapi.un.org/public/v1/preview/C/A/HS"",""reporterCode"":76,""reporterISO"":""BRA"",""flowCode"":""X"",""cmdCode"":""090111"",""period"":""2020,2021,2022,2023,2024,2025"",""includeDesc"":true},{""endpoint"":""https://comtradeapi.un.org/public/v1/preview/C/A/HS"",""reporterCode"":360,""reporterISO"":""IDN"",""flowCode"":""X"",""cmdCode"":""090111"",""period"":""2020,2021,2022,2023,2024,2025"",""includeDesc"":true}]}",C,A,20200101,2020,360,IDN,Indonesia,554,NZL,New Zealand,0,W00,World,X,Export,H5,090111,Coffee; not roasted or decaffeinated,C00,TOTAL CPC,0,TOTAL MOT,8,kg,338700,338700,0,1581485.71,true,true,false,"{""typeCode"":""C"",""freqCode"":""A"",""refPeriodId"":20200101,""refYear"":2020,""refMonth"":52,""period"":""2020"",""reporterCode"":360,""reporterISO"":""IDN"",""reporterDesc"":""Indonesia"",""flowCode"":""X"",""flowDesc"":""Export"",""partnerCode"":554,""partnerISO"":""NZL"",""partnerDesc"":""New Zealand"",""partner2Code"":0,""partner2ISO"":""W00"",""partner2Desc"":""World"",""classificationCode"":""H5"",""classificationSearchCode"":""HS"",""isOriginalClassification"":true,""cmdCode"":""090111"",""cmdDesc"":""Coffee; not roasted or decaffeinated"",""aggrLevel"":6,""isLeaf"":true,""customsCode"":""C00"",""customsDesc"":""TOTAL CPC"",""mosCode"":""0"",""motCode"":0,""motDesc"":""TOTAL MOT"",""qtyUnitCode"":8,""qtyUnitAbbr"":""kg"",""qty"":338700,""isQtyEstimated"":false,""altQtyUnitCode"":8,""altQtyUnitAbbr"":""kg"",""altQty"":338700,""isAltQtyEstimated"":false,""netWgt"":338700,""isNetWgtEstimated"":false,""grossWgt"":0,""isGrossWgtEstimated"":false,""cifvalue"":0,""fobvalue"":1581485.71,""primaryValue"":1581485.71,""legacyEstimationFlag"":0,""isReported"":true,""isAggregate"":false}"
,UN Comtrade,https://comtradeapi.un.org/public/v1/preview/C/A/HS?reporterCode=360&flowCode=X&cmdCode=090111&period=2020&includeDesc=true,2026-05-30T18:34:22.015Z,"{""reporters"":[{""endpoint"":""https://comtradeapi.un.org/public/v1/preview/C/A/HS"",""reporterCode"":704,""reporterISO"":""VNM"",""flowCode"":""X"",""cmdCode"":""090111"",""period"":""2020,2021,2022,2023,2024,2025"",""includeDesc"":true},{""endpoint"":""https://comtradeapi.un.org/public/v1/preview/C/A/HS"",""reporterCode"":76,""reporterISO"":""BRA"",""flowCode"":""X"",""cmdCode"":""090111"",""period"":""2020,2021,2022,2023,2024,2025"",""includeDesc"":true},{""endpoint"":""https://comtradeapi.un.org/public/v1/preview/C/A/HS"",""reporterCode"":360,""reporterISO"":""IDN"",""flowCode"":""X"",""cmdCode"":""090111"",""period"":""2020,2021,2022,2023,2024,2025"",""includeDesc"":true}]}",C,A,20200101,2020,360,IDN,Indonesia,579,NOR,Norway,0,W00,World,X,Export,H5,090111,Coffee; not roasted or decaffeinated,C00,TOTAL CPC,0,TOTAL MOT,8,kg,157273,157273,0,699139.76,true,true,false,"{""typeCode"":""C"",""freqCode"":""A"",""refPeriodId"":20200101,""refYear"":2020,""refMonth"":52,""period"":""2020"",""reporterCode"":360,""reporterISO"":""IDN"",""reporterDesc"":""Indonesia"",""flowCode"":""X"",""flowDesc"":""Export"",""partnerCode"":579,""partnerISO"":""NOR"",""partnerDesc"":""Norway"",""partner2Code"":0,""partner2ISO"":""W00"",""partner2Desc"":""World"",""classificationCode"":""H5"",""classificationSearchCode"":""HS"",""isOriginalClassification"":true,""cmdCode"":""090111"",""cmdDesc"":""Coffee; not roasted or decaffeinated"",""aggrLevel"":6,""isLeaf"":true,""customsCode"":""C00"",""customsDesc"":""TOTAL CPC"",""mosCode"":""0"",""motCode"":0,""motDesc"":""TOTAL MOT"",""qtyUnitCode"":8,""qtyUnitAbbr"":""kg"",""qty"":157273,""isQtyEstimated"":false,""altQtyUnitCode"":8,""altQtyUnitAbbr"":""kg"",""altQty"":157273,""isAltQtyEstimated"":false,""netWgt"":157273,""isNetWgtEstimated"":false,""grossWgt"":0,""isGrossWgtEstimated"":false,""cifvalue"":0,""fobvalue"":699139.76,""primaryValue"":699139.76,""legacyEstimationFlag"":0,""isReported"":true,""isAggregate"":false}"
,UN Comtrade,https://comtradeapi.un.org/public/v1/preview/C/A/HS?reporterCode=360&flowCode=X&cmdCode=090111&period=2020&includeDesc=true,2026-05-30T18:34:22.015Z,"{""reporters"":[{""endpoint"":""https://comtradeapi.un.org/public/v1/preview/C/A/HS"",""reporterCode"":704,""reporterISO"":""VNM"",""flowCode"":""X"",""cmdCode"":""090111"",""period"":""2020,2021,2022,2023,2024,2025"",""includeDesc"":true},{""endpoint"":""https://comtradeapi.un.org/public/v1/preview/C/A/HS"",""reporterCode"":76,""reporterISO"":""BRA"",""flowCode"":""X"",""cmdCode"":""090111"",""period"":""2020,2021,2022,2023,2024,2025"",""includeDesc"":true},{""endpoint"":""https://comtradeapi.un.org/public/v1/preview/C/A/HS"",""reporterCode"":360,""reporterISO"":""IDN"",""flowCode"":""X"",""cmdCode"":""090111"",""period"":""2020,2021,2022,2023,2024,2025"",""includeDesc"":true}]}",C,A,20200101,2020,360,IDN,Indonesia,586,PAK,Pakistan,0,W00,World,X,Export,H5,090111,Coffee; not roasted or decaffeinated,C00,TOTAL CPC,0,TOTAL MOT,8,kg,1000,1000,0,2500,true,true,false,"{""typeCode"":""C"",""freqCode"":""A"",""refPeriodId"":20200101,""refYear"":2020,""refMonth"":52,""period"":""2020"",""reporterCode"":360,""reporterISO"":""IDN"",""reporterDesc"":""Indonesia"",""flowCode"":""X"",""flowDesc"":""Export"",""partnerCode"":586,""partnerISO"":""PAK"",""partnerDesc"":""Pakistan"",""partner2Code"":0,""partner2ISO"":""W00"",""partner2Desc"":""World"",""classificationCode"":""H5"",""classificationSearchCode"":""HS"",""isOriginalClassification"":true,""cmdCode"":""090111"",""cmdDesc"":""Coffee; not roasted or decaffeinated"",""aggrLevel"":6,""isLeaf"":true,""customsCode"":""C00"",""customsDesc"":""TOTAL CPC"",""mosCode"":""0"",""motCode"":0,""motDesc"":""TOTAL MOT"",""qtyUnitCode"":8,""qtyUnitAbbr"":""kg"",""qty"":1000,""isQtyEstimated"":false,""altQtyUnitCode"":8,""altQtyUnitAbbr"":""kg"",""altQty"":1000,""isAltQtyEstimated"":false,""netWgt"":1000,""isNetWgtEstimated"":false,""grossWgt"":0,""isGrossWgtEstimated"":false,""cifvalue"":0,""fobvalue"":2500,""primaryValue"":2500,""legacyEstimationFlag"":0,""isReported"":true,""isAggregate"":false}"
,UN Comtrade,https://comtradeapi.un.org/public/v1/preview/C/A/HS?reporterCode=360&flowCode=X&cmdCode=090111&period=2020&includeDesc=true,2026-05-30T18:34:22.015Z,"{""reporters"":[{""endpoint"":""https://comtradeapi.un.org/public/v1/preview/C/A/HS"",""reporterCode"":704,""reporterISO"":""VNM"",""flowCode"":""X"",""cmdCode"":""090111"",""period"":""2020,2021,2022,2023,2024,2025"",""includeDesc"":true},{""endpoint"":""https://comtradeapi.un.org/public/v1/preview/C/A/HS"",""reporterCode"":76,""reporterISO"":""BRA"",""flowCode"":""X"",""cmdCode"":""090111"",""period"":""2020,2021,2022,2023,2024,2025"",""includeDesc"":true},{""endpoint"":""https://comtradeapi.un.org/public/v1/preview/C/A/HS"",""reporterCode"":360,""reporterISO"":""IDN"",""flowCode"":""X"",""cmdCode"":""090111"",""period"":""2020,2021,2022,2023,2024,2025"",""includeDesc"":true}]}",C,A,20200101,2020,360,IDN,Indonesia,608,PHL,Philippines,0,W00,World,X,Export,H5,090111,Coffee; not roasted or decaffeinated,C00,TOTAL CPC,0,TOTAL MOT,8,kg,6524580,6524580,0,10023579.09,true,true,false,"{""typeCode"":""C"",""freqCode"":""A"",""refPeriodId"":20200101,""refYear"":2020,""refMonth"":52,""period"":""2020"",""reporterCode"":360,""reporterISO"":""IDN"",""reporterDesc"":""Indonesia"",""flowCode"":""X"",""flowDesc"":""Export"",""partnerCode"":608,""partnerISO"":""PHL"",""partnerDesc"":""Philippines"",""partner2Code"":0,""partner2ISO"":""W00"",""partner2Desc"":""World"",""classificationCode"":""H5"",""classificationSearchCode"":""HS"",""isOriginalClassification"":true,""cmdCode"":""090111"",""cmdDesc"":""Coffee; not roasted or decaffeinated"",""aggrLevel"":6,""isLeaf"":true,""customsCode"":""C00"",""customsDesc"":""TOTAL CPC"",""mosCode"":""0"",""motCode"":0,""motDesc"":""TOTAL MOT"",""qtyUnitCode"":8,""qtyUnitAbbr"":""kg"",""qty"":6524580,""isQtyEstimated"":false,""altQtyUnitCode"":8,""altQtyUnitAbbr"":""kg"",""altQty"":6524580,""isAltQtyEstimated"":false,""netWgt"":6524580,""isNetWgtEstimated"":false,""grossWgt"":0,""isGrossWgtEstimated"":false,""cifvalue"":0,""fobvalue"":10023579.09,""primaryValue"":10023579.09,""legacyEstimationFlag"":0,""isReported"":true,""isAggregate"":false}"
,UN Comtrade,https://comtradeapi.un.org/public/v1/preview/C/A/HS?reporterCode=360&flowCode=X&cmdCode=090111&period=2020&includeDesc=true,2026-05-30T18:34:22.015Z,"{""reporters"":[{""endpoint"":""https://comtradeapi.un.org/public/v1/preview/C/A/HS"",""reporterCode"":704,""reporterISO"":""VNM"",""flowCode"":""X"",""cmdCode"":""090111"",""period"":""2020,2021,2022,2023,2024,2025"",""includeDesc"":true},{""endpoint"":""https://comtradeapi.un.org/public/v1/preview/C/A/HS"",""reporterCode"":76,""reporterISO"":""BRA"",""flowCode"":""X"",""cmdCode"":""090111"",""period"":""2020,2021,2022,2023,2024,2025"",""includeDesc"":true},{""endpoint"":""https://comtradeapi.un.org/public/v1/preview/C/A/HS"",""reporterCode"":360,""reporterISO"":""IDN"",""flowCode"":""X"",""cmdCode"":""090111"",""period"":""2020,2021,2022,2023,2024,2025"",""includeDesc"":true}]}",C,A,20200101,2020,360,IDN,Indonesia,616,POL,Poland,0,W00,World,X,Export,H5,090111,Coffee; not roasted or decaffeinated,C00,TOTAL CPC,0,TOTAL MOT,8,kg,21260,21260,0,39986.865,true,true,false,"{""typeCode"":""C"",""freqCode"":""A"",""refPeriodId"":20200101,""refYear"":2020,""refMonth"":52,""period"":""2020"",""reporterCode"":360,""reporterISO"":""IDN"",""reporterDesc"":""Indonesia"",""flowCode"":""X"",""flowDesc"":""Export"",""partnerCode"":616,""partnerISO"":""POL"",""partnerDesc"":""Poland"",""partner2Code"":0,""partner2ISO"":""W00"",""partner2Desc"":""World"",""classificationCode"":""H5"",""classificationSearchCode"":""HS"",""isOriginalClassification"":true,""cmdCode"":""090111"",""cmdDesc"":""Coffee; not roasted or decaffeinated"",""aggrLevel"":6,""isLeaf"":true,""customsCode"":""C00"",""customsDesc"":""TOTAL CPC"",""mosCode"":""0"",""motCode"":0,""motDesc"":""TOTAL MOT"",""qtyUnitCode"":8,""qtyUnitAbbr"":""kg"",""qty"":21260,""isQtyEstimated"":false,""altQtyUnitCode"":8,""altQtyUnitAbbr"":""kg"",""altQty"":21260,""isAltQtyEstimated"":false,""netWgt"":21260,""isNetWgtEstimated"":false,""grossWgt"":0,""isGrossWgtEstimated"":false,""cifvalue"":0,""fobvalue"":39986.865,""primaryValue"":39986.865,""legacyEstimationFlag"":0,""isReported"":true,""isAggregate"":false}"
,UN Comtrade,https://comtradeapi.un.org/public/v1/preview/C/A/HS?reporterCode=360&flowCode=X&cmdCode=090111&period=2020&includeDesc=true,2026-05-30T18:34:22.015Z,"{""reporters"":[{""endpoint"":""https://comtradeapi.un.org/public/v1/preview/C/A/HS"",""reporterCode"":704,""reporterISO"":""VNM"",""flowCode"":""X"",""cmdCode"":""090111"",""period"":""2020,2021,2022,2023,2024,2025"",""includeDesc"":true},{""endpoint"":""https://comtradeapi.un.org/public/v1/preview/C/A/HS"",""reporterCode"":76,""reporterISO"":""BRA"",""flowCode"":""X"",""cmdCode"":""090111"",""period"":""2020,2021,2022,2023,2024,2025"",""includeDesc"":true},{""endpoint"":""https://comtradeapi.un.org/public/v1/preview/C/A/HS"",""reporterCode"":360,""reporterISO"":""IDN"",""flowCode"":""X"",""cmdCode"":""090111"",""period"":""2020,2021,2022,2023,2024,2025"",""includeDesc"":true}]}",C,A,20200101,2020,360,IDN,Indonesia,620,PRT,Portugal,0,W00,World,X,Export,H5,090111,Coffee; not roasted or decaffeinated,C00,TOTAL CPC,0,TOTAL MOT,8,kg,328800,328800,0,532218.63,true,true,false,"{""typeCode"":""C"",""freqCode"":""A"",""refPeriodId"":20200101,""refYear"":2020,""refMonth"":52,""period"":""2020"",""reporterCode"":360,""reporterISO"":""IDN"",""reporterDesc"":""Indonesia"",""flowCode"":""X"",""flowDesc"":""Export"",""partnerCode"":620,""partnerISO"":""PRT"",""partnerDesc"":""Portugal"",""partner2Code"":0,""partner2ISO"":""W00"",""partner2Desc"":""World"",""classificationCode"":""H5"",""classificationSearchCode"":""HS"",""isOriginalClassification"":true,""cmdCode"":""090111"",""cmdDesc"":""Coffee; not roasted or decaffeinated"",""aggrLevel"":6,""isLeaf"":true,""customsCode"":""C00"",""customsDesc"":""TOTAL CPC"",""mosCode"":""0"",""motCode"":0,""motDesc"":""TOTAL MOT"",""qtyUnitCode"":8,""qtyUnitAbbr"":""kg"",""qty"":328800,""isQtyEstimated"":false,""altQtyUnitCode"":8,""altQtyUnitAbbr"":""kg"",""altQty"":328800,""isAltQtyEstimated"":false,""netWgt"":328800,""isNetWgtEstimated"":false,""grossWgt"":0,""isGrossWgtEstimated"":false,""cifvalue"":0,""fobvalue"":532218.63,""primaryValue"":532218.63,""legacyEstimationFlag"":0,""isReported"":true,""isAggregate"":false}"
,UN Comtrade,https://comtradeapi.un.org/public/v1/preview/C/A/HS?reporterCode=360&flowCode=X&cmdCode=090111&period=2020&includeDesc=true,2026-05-30T18:34:22.015Z,"{""reporters"":[{""endpoint"":""https://comtradeapi.un.org/public/v1/preview/C/A/HS"",""reporterCode"":704,""reporterISO"":""VNM"",""flowCode"":""X"",""cmdCode"":""090111"",""period"":""2020,2021,2022,2023,2024,2025"",""includeDesc"":true},{""endpoint"":""https://comtradeapi.un.org/public/v1/preview/C/A/HS"",""reporterCode"":76,""reporterISO"":""BRA"",""flowCode"":""X"",""cmdCode"":""090111"",""period"":""2020,2021,2022,2023,2024,2025"",""includeDesc"":true},{""endpoint"":""https://comtradeapi.un.org/public/v1/preview/C/A/HS"",""reporterCode"":360,""reporterISO"":""IDN"",""flowCode"":""X"",""cmdCode"":""090111"",""period"":""2020,2021,2022,2023,2024,2025"",""includeDesc"":true}]}",C,A,20200101,2020,360,IDN,Indonesia,634,QAT,Qatar,0,W00,World,X,Export,H5,090111,Coffee; not roasted or decaffeinated,C00,TOTAL CPC,0,TOTAL MOT,8,kg,2490,2490,0,26767,true,true,false,"{""typeCode"":""C"",""freqCode"":""A"",""refPeriodId"":20200101,""refYear"":2020,""refMonth"":52,""period"":""2020"",""reporterCode"":360,""reporterISO"":""IDN"",""reporterDesc"":""Indonesia"",""flowCode"":""X"",""flowDesc"":""Export"",""partnerCode"":634,""partnerISO"":""QAT"",""partnerDesc"":""Qatar"",""partner2Code"":0,""partner2ISO"":""W00"",""partner2Desc"":""World"",""classificationCode"":""H5"",""classificationSearchCode"":""HS"",""isOriginalClassification"":true,""cmdCode"":""090111"",""cmdDesc"":""Coffee; not roasted or decaffeinated"",""aggrLevel"":6,""isLeaf"":true,""customsCode"":""C00"",""customsDesc"":""TOTAL CPC"",""mosCode"":""0"",""motCode"":0,""motDesc"":""TOTAL MOT"",""qtyUnitCode"":8,""qtyUnitAbbr"":""kg"",""qty"":2490,""isQtyEstimated"":false,""altQtyUnitCode"":8,""altQtyUnitAbbr"":""kg"",""altQty"":2490,""isAltQtyEstimated"":false,""netWgt"":2490,""isNetWgtEstimated"":false,""grossWgt"":0,""isGrossWgtEstimated"":false,""cifvalue"":0,""fobvalue"":26767,""primaryValue"":26767,""legacyEstimationFlag"":0,""isReported"":true,""isAggregate"":false}"
,UN Comtrade,https://comtradeapi.un.org/public/v1/preview/C/A/HS?reporterCode=360&flowCode=X&cmdCode=090111&period=2020&includeDesc=true,2026-05-30T18:34:22.015Z,"{""reporters"":[{""endpoint"":""https://comtradeapi.un.org/public/v1/preview/C/A/HS"",""reporterCode"":704,""reporterISO"":""VNM"",""flowCode"":""X"",""cmdCode"":""090111"",""period"":""2020,2021,2022,2023,2024,2025"",""includeDesc"":true},{""endpoint"":""https://comtradeapi.un.org/public/v1/preview/C/A/HS"",""reporterCode"":76,""reporterISO"":""BRA"",""flowCode"":""X"",""cmdCode"":""090111"",""period"":""2020,2021,2022,2023,2024,2025"",""includeDesc"":true},{""endpoint"":""https://comtradeapi.un.org/public/v1/preview/C/A/HS"",""reporterCode"":360,""reporterISO"":""IDN"",""flowCode"":""X"",""cmdCode"":""090111"",""period"":""2020,2021,2022,2023,2024,2025"",""includeDesc"":true}]}",C,A,20200101,2020,360,IDN,Indonesia,642,ROU,Romania,0,W00,World,X,Export,H5,090111,Coffee; not roasted or decaffeinated,C00,TOTAL CPC,0,TOTAL MOT,8,kg,585610,585610,0,951590.42,true,true,false,"{""typeCode"":""C"",""freqCode"":""A"",""refPeriodId"":20200101,""refYear"":2020,""refMonth"":52,""period"":""2020"",""reporterCode"":360,""reporterISO"":""IDN"",""reporterDesc"":""Indonesia"",""flowCode"":""X"",""flowDesc"":""Export"",""partnerCode"":642,""partnerISO"":""ROU"",""partnerDesc"":""Romania"",""partner2Code"":0,""partner2ISO"":""W00"",""partner2Desc"":""World"",""classificationCode"":""H5"",""classificationSearchCode"":""HS"",""isOriginalClassification"":true,""cmdCode"":""090111"",""cmdDesc"":""Coffee; not roasted or decaffeinated"",""aggrLevel"":6,""isLeaf"":true,""customsCode"":""C00"",""customsDesc"":""TOTAL CPC"",""mosCode"":""0"",""motCode"":0,""motDesc"":""TOTAL MOT"",""qtyUnitCode"":8,""qtyUnitAbbr"":""kg"",""qty"":585610,""isQtyEstimated"":false,""altQtyUnitCode"":8,""altQtyUnitAbbr"":""kg"",""altQty"":585610,""isAltQtyEstimated"":false,""netWgt"":585610,""isNetWgtEstimated"":false,""grossWgt"":0,""isGrossWgtEstimated"":false,""cifvalue"":0,""fobvalue"":951590.42,""primaryValue"":951590.42,""legacyEstimationFlag"":0,""isReported"":true,""isAggregate"":false}"
,UN Comtrade,https://comtradeapi.un.org/public/v1/preview/C/A/HS?reporterCode=360&flowCode=X&cmdCode=090111&period=2020&includeDesc=true,2026-05-30T18:34:22.015Z,"{""reporters"":[{""endpoint"":""https://comtradeapi.un.org/public/v1/preview/C/A/HS"",""reporterCode"":704,""reporterISO"":""VNM"",""flowCode"":""X"",""cmdCode"":""090111"",""period"":""2020,2021,2022,2023,2024,2025"",""includeDesc"":true},{""endpoint"":""https://comtradeapi.un.org/public/v1/preview/C/A/HS"",""reporterCode"":76,""reporterISO"":""BRA"",""flowCode"":""X"",""cmdCode"":""090111"",""period"":""2020,2021,2022,2023,2024,2025"",""includeDesc"":true},{""endpoint"":""https://comtradeapi.un.org/public/v1/preview/C/A/HS"",""reporterCode"":360,""reporterISO"":""IDN"",""flowCode"":""X"",""cmdCode"":""090111"",""period"":""2020,2021,2022,2023,2024,2025"",""includeDesc"":true}]}",C,A,20200101,2020,360,IDN,Indonesia,643,RUS,Russian Federation,0,W00,World,X,Export,H5,090111,Coffee; not roasted or decaffeinated,C00,TOTAL CPC,0,TOTAL MOT,8,kg,24181800,24181800,0,36667077.85,true,true,false,"{""typeCode"":""C"",""freqCode"":""A"",""refPeriodId"":20200101,""refYear"":2020,""refMonth"":52,""period"":""2020"",""reporterCode"":360,""reporterISO"":""IDN"",""reporterDesc"":""Indonesia"",""flowCode"":""X"",""flowDesc"":""Export"",""partnerCode"":643,""partnerISO"":""RUS"",""partnerDesc"":""Russian Federation"",""partner2Code"":0,""partner2ISO"":""W00"",""partner2Desc"":""World"",""classificationCode"":""H5"",""classificationSearchCode"":""HS"",""isOriginalClassification"":true,""cmdCode"":""090111"",""cmdDesc"":""Coffee; not roasted or decaffeinated"",""aggrLevel"":6,""isLeaf"":true,""customsCode"":""C00"",""customsDesc"":""TOTAL CPC"",""mosCode"":""0"",""motCode"":0,""motDesc"":""TOTAL MOT"",""qtyUnitCode"":8,""qtyUnitAbbr"":""kg"",""qty"":24181800,""isQtyEstimated"":false,""altQtyUnitCode"":8,""altQtyUnitAbbr"":""kg"",""altQty"":24181800,""isAltQtyEstimated"":false,""netWgt"":24181800,""isNetWgtEstimated"":false,""grossWgt"":0,""isGrossWgtEstimated"":false,""cifvalue"":0,""fobvalue"":36667077.85,""primaryValue"":36667077.85,""legacyEstimationFlag"":0,""isReported"":true,""isAggregate"":false}"
,UN Comtrade,https://comtradeapi.un.org/public/v1/preview/C/A/HS?reporterCode=360&flowCode=X&cmdCode=090111&period=2020&includeDesc=true,2026-05-30T18:34:22.015Z,"{""reporters"":[{""endpoint"":""https://comtradeapi.un.org/public/v1/preview/C/A/HS"",""reporterCode"":704,""reporterISO"":""VNM"",""flowCode"":""X"",""cmdCode"":""090111"",""period"":""2020,2021,2022,2023,2024,2025"",""includeDesc"":true},{""endpoint"":""https://comtradeapi.un.org/public/v1/preview/C/A/HS"",""reporterCode"":76,""reporterISO"":""BRA"",""flowCode"":""X"",""cmdCode"":""090111"",""period"":""2020,2021,2022,2023,2024,2025"",""includeDesc"":true},{""endpoint"":""https://comtradeapi.un.org/public/v1/preview/C/A/HS"",""reporterCode"":360,""reporterISO"":""IDN"",""flowCode"":""X"",""cmdCode"":""090111"",""period"":""2020,2021,2022,2023,2024,2025"",""includeDesc"":true}]}",C,A,20200101,2020,360,IDN,Indonesia,682,SAU,Saudi Arabia,0,W00,World,X,Export,H5,090111,Coffee; not roasted or decaffeinated,C00,TOTAL CPC,0,TOTAL MOT,8,kg,195967,195967,0,1143905.67,true,true,false,"{""typeCode"":""C"",""freqCode"":""A"",""refPeriodId"":20200101,""refYear"":2020,""refMonth"":52,""period"":""2020"",""reporterCode"":360,""reporterISO"":""IDN"",""reporterDesc"":""Indonesia"",""flowCode"":""X"",""flowDesc"":""Export"",""partnerCode"":682,""partnerISO"":""SAU"",""partnerDesc"":""Saudi Arabia"",""partner2Code"":0,""partner2ISO"":""W00"",""partner2Desc"":""World"",""classificationCode"":""H5"",""classificationSearchCode"":""HS"",""isOriginalClassification"":true,""cmdCode"":""090111"",""cmdDesc"":""Coffee; not roasted or decaffeinated"",""aggrLevel"":6,""isLeaf"":true,""customsCode"":""C00"",""customsDesc"":""TOTAL CPC"",""mosCode"":""0"",""motCode"":0,""motDesc"":""TOTAL MOT"",""qtyUnitCode"":8,""qtyUnitAbbr"":""kg"",""qty"":195967,""isQtyEstimated"":false,""altQtyUnitCode"":8,""altQtyUnitAbbr"":""kg"",""altQty"":195967,""isAltQtyEstimated"":false,""netWgt"":195967,""isNetWgtEstimated"":false,""grossWgt"":0,""isGrossWgtEstimated"":false,""cifvalue"":0,""fobvalue"":1143905.67,""primaryValue"":1143905.67,""legacyEstimationFlag"":0,""isReported"":true,""isAggregate"":false}"
,UN Comtrade,https://comtradeapi.un.org/public/v1/preview/C/A/HS?reporterCode=360&flowCode=X&cmdCode=090111&period=2020&includeDesc=true,2026-05-30T18:34:22.015Z,"{""reporters"":[{""endpoint"":""https://comtradeapi.un.org/public/v1/preview/C/A/HS"",""reporterCode"":704,""reporterISO"":""VNM"",""flowCode"":""X"",""cmdCode"":""090111"",""period"":""2020,2021,2022,2023,2024,2025"",""includeDesc"":true},{""endpoint"":""https://comtradeapi.un.org/public/v1/preview/C/A/HS"",""reporterCode"":76,""reporterISO"":""BRA"",""flowCode"":""X"",""cmdCode"":""090111"",""period"":""2020,2021,2022,2023,2024,2025"",""includeDesc"":true},{""endpoint"":""https://comtradeapi.un.org/public/v1/preview/C/A/HS"",""reporterCode"":360,""reporterISO"":""IDN"",""flowCode"":""X"",""cmdCode"":""090111"",""period"":""2020,2021,2022,2023,2024,2025"",""includeDesc"":true}]}",C,A,20200101,2020,360,IDN,Indonesia,699,IND,India,0,W00,World,X,Export,H5,090111,Coffee; not roasted or decaffeinated,C00,TOTAL CPC,0,TOTAL MOT,8,kg,19997950,19997950,0,24567940.86,true,true,false,"{""typeCode"":""C"",""freqCode"":""A"",""refPeriodId"":20200101,""refYear"":2020,""refMonth"":52,""period"":""2020"",""reporterCode"":360,""reporterISO"":""IDN"",""reporterDesc"":""Indonesia"",""flowCode"":""X"",""flowDesc"":""Export"",""partnerCode"":699,""partnerISO"":""IND"",""partnerDesc"":""India"",""partner2Code"":0,""partner2ISO"":""W00"",""partner2Desc"":""World"",""classificationCode"":""H5"",""classificationSearchCode"":""HS"",""isOriginalClassification"":true,""cmdCode"":""090111"",""cmdDesc"":""Coffee; not roasted or decaffeinated"",""aggrLevel"":6,""isLeaf"":true,""customsCode"":""C00"",""customsDesc"":""TOTAL CPC"",""mosCode"":""0"",""motCode"":0,""motDesc"":""TOTAL MOT"",""qtyUnitCode"":8,""qtyUnitAbbr"":""kg"",""qty"":19997950,""isQtyEstimated"":false,""altQtyUnitCode"":8,""altQtyUnitAbbr"":""kg"",""altQty"":19997950,""isAltQtyEstimated"":false,""netWgt"":19997950,""isNetWgtEstimated"":false,""grossWgt"":0,""isGrossWgtEstimated"":false,""cifvalue"":0,""fobvalue"":24567940.86,""primaryValue"":24567940.86,""legacyEstimationFlag"":0,""isReported"":true,""isAggregate"":false}"
,UN Comtrade,https://comtradeapi.un.org/public/v1/preview/C/A/HS?reporterCode=360&flowCode=X&cmdCode=090111&period=2020&includeDesc=true,2026-05-30T18:34:22.015Z,"{""reporters"":[{""endpoint"":""https://comtradeapi.un.org/public/v1/preview/C/A/HS"",""reporterCode"":704,""reporterISO"":""VNM"",""flowCode"":""X"",""cmdCode"":""090111"",""period"":""2020,2021,2022,2023,2024,2025"",""includeDesc"":true},{""endpoint"":""https://comtradeapi.un.org/public/v1/preview/C/A/HS"",""reporterCode"":76,""reporterISO"":""BRA"",""flowCode"":""X"",""cmdCode"":""090111"",""period"":""2020,2021,2022,2023,2024,2025"",""includeDesc"":true},{""endpoint"":""https://comtradeapi.un.org/public/v1/preview/C/A/HS"",""reporterCode"":360,""reporterISO"":""IDN"",""flowCode"":""X"",""cmdCode"":""090111"",""period"":""2020,2021,2022,2023,2024,2025"",""includeDesc"":true}]}",C,A,20200101,2020,360,IDN,Indonesia,702,SGP,Singapore,0,W00,World,X,Export,H5,090111,Coffee; not roasted or decaffeinated,C00,TOTAL CPC,0,TOTAL MOT,8,kg,5212853.77,5212853.77,0,10262145.123,true,true,false,"{""typeCode"":""C"",""freqCode"":""A"",""refPeriodId"":20200101,""refYear"":2020,""refMonth"":52,""period"":""2020"",""reporterCode"":360,""reporterISO"":""IDN"",""reporterDesc"":""Indonesia"",""flowCode"":""X"",""flowDesc"":""Export"",""partnerCode"":702,""partnerISO"":""SGP"",""partnerDesc"":""Singapore"",""partner2Code"":0,""partner2ISO"":""W00"",""partner2Desc"":""World"",""classificationCode"":""H5"",""classificationSearchCode"":""HS"",""isOriginalClassification"":true,""cmdCode"":""090111"",""cmdDesc"":""Coffee; not roasted or decaffeinated"",""aggrLevel"":6,""isLeaf"":true,""customsCode"":""C00"",""customsDesc"":""TOTAL CPC"",""mosCode"":""0"",""motCode"":0,""motDesc"":""TOTAL MOT"",""qtyUnitCode"":8,""qtyUnitAbbr"":""kg"",""qty"":5212853.77,""isQtyEstimated"":false,""altQtyUnitCode"":8,""altQtyUnitAbbr"":""kg"",""altQty"":5212853.77,""isAltQtyEstimated"":false,""netWgt"":5212853.77,""isNetWgtEstimated"":false,""grossWgt"":0,""isGrossWgtEstimated"":false,""cifvalue"":0,""fobvalue"":10262145.123,""primaryValue"":10262145.123,""legacyEstimationFlag"":0,""isReported"":true,""isAggregate"":false}"
,UN Comtrade,https://comtradeapi.un.org/public/v1/preview/C/A/HS?reporterCode=360&flowCode=X&cmdCode=090111&period=2020&includeDesc=true,2026-05-30T18:34:22.015Z,"{""reporters"":[{""endpoint"":""https://comtradeapi.un.org/public/v1/preview/C/A/HS"",""reporterCode"":704,""reporterISO"":""VNM"",""flowCode"":""X"",""cmdCode"":""090111"",""period"":""2020,2021,2022,2023,2024,2025"",""includeDesc"":true},{""endpoint"":""https://comtradeapi.un.org/public/v1/preview/C/A/HS"",""reporterCode"":76,""reporterISO"":""BRA"",""flowCode"":""X"",""cmdCode"":""090111"",""period"":""2020,2021,2022,2023,2024,2025"",""includeDesc"":true},{""endpoint"":""https://comtradeapi.un.org/public/v1/preview/C/A/HS"",""reporterCode"":360,""reporterISO"":""IDN"",""flowCode"":""X"",""cmdCode"":""090111"",""period"":""2020,2021,2022,2023,2024,2025"",""includeDesc"":true}]}",C,A,20200101,2020,360,IDN,Indonesia,704,VNM,Viet Nam,0,W00,World,X,Export,H5,090111,Coffee; not roasted or decaffeinated,C00,TOTAL CPC,0,TOTAL MOT,8,kg,6423022.9,6423022.9,0,9638179.38,true,true,false,"{""typeCode"":""C"",""freqCode"":""A"",""refPeriodId"":20200101,""refYear"":2020,""refMonth"":52,""period"":""2020"",""reporterCode"":360,""reporterISO"":""IDN"",""reporterDesc"":""Indonesia"",""flowCode"":""X"",""flowDesc"":""Export"",""partnerCode"":704,""partnerISO"":""VNM"",""partnerDesc"":""Viet Nam"",""partner2Code"":0,""partner2ISO"":""W00"",""partner2Desc"":""World"",""classificationCode"":""H5"",""classificationSearchCode"":""HS"",""isOriginalClassification"":true,""cmdCode"":""090111"",""cmdDesc"":""Coffee; not roasted or decaffeinated"",""aggrLevel"":6,""isLeaf"":true,""customsCode"":""C00"",""customsDesc"":""TOTAL CPC"",""mosCode"":""0"",""motCode"":0,""motDesc"":""TOTAL MOT"",""qtyUnitCode"":8,""qtyUnitAbbr"":""kg"",""qty"":6423022.9,""isQtyEstimated"":false,""altQtyUnitCode"":8,""altQtyUnitAbbr"":""kg"",""altQty"":6423022.9,""isAltQtyEstimated"":false,""netWgt"":6423022.9,""isNetWgtEstimated"":false,""grossWgt"":0,""isGrossWgtEstimated"":false,""cifvalue"":0,""fobvalue"":9638179.38,""primaryValue"":9638179.38,""legacyEstimationFlag"":0,""isReported"":true,""isAggregate"":false}"
,UN Comtrade,https://comtradeapi.un.org/public/v1/preview/C/A/HS?reporterCode=360&flowCode=X&cmdCode=090111&period=2020&includeDesc=true,2026-05-30T18:34:22.015Z,"{""reporters"":[{""endpoint"":""https://comtradeapi.un.org/public/v1/preview/C/A/HS"",""reporterCode"":704,""reporterISO"":""VNM"",""flowCode"":""X"",""cmdCode"":""090111"",""period"":""2020,2021,2022,2023,2024,2025"",""includeDesc"":true},{""endpoint"":""https://comtradeapi.un.org/public/v1/preview/C/A/HS"",""reporterCode"":76,""reporterISO"":""BRA"",""flowCode"":""X"",""cmdCode"":""090111"",""period"":""2020,2021,2022,2023,2024,2025"",""includeDesc"":true},{""endpoint"":""https://comtradeapi.un.org/public/v1/preview/C/A/HS"",""reporterCode"":360,""reporterISO"":""IDN"",""flowCode"":""X"",""cmdCode"":""090111"",""period"":""2020,2021,2022,2023,2024,2025"",""includeDesc"":true}]}",C,A,20200101,2020,360,IDN,Indonesia,705,SVN,Slovenia,0,W00,World,X,Export,H5,090111,Coffee; not roasted or decaffeinated,C00,TOTAL CPC,0,TOTAL MOT,8,kg,380,380,0,2720,true,true,false,"{""typeCode"":""C"",""freqCode"":""A"",""refPeriodId"":20200101,""refYear"":2020,""refMonth"":52,""period"":""2020"",""reporterCode"":360,""reporterISO"":""IDN"",""reporterDesc"":""Indonesia"",""flowCode"":""X"",""flowDesc"":""Export"",""partnerCode"":705,""partnerISO"":""SVN"",""partnerDesc"":""Slovenia"",""partner2Code"":0,""partner2ISO"":""W00"",""partner2Desc"":""World"",""classificationCode"":""H5"",""classificationSearchCode"":""HS"",""isOriginalClassification"":true,""cmdCode"":""090111"",""cmdDesc"":""Coffee; not roasted or decaffeinated"",""aggrLevel"":6,""isLeaf"":true,""customsCode"":""C00"",""customsDesc"":""TOTAL CPC"",""mosCode"":""0"",""motCode"":0,""motDesc"":""TOTAL MOT"",""qtyUnitCode"":8,""qtyUnitAbbr"":""kg"",""qty"":380,""isQtyEstimated"":false,""altQtyUnitCode"":8,""altQtyUnitAbbr"":""kg"",""altQty"":380,""isAltQtyEstimated"":false,""netWgt"":380,""isNetWgtEstimated"":false,""grossWgt"":0,""isGrossWgtEstimated"":false,""cifvalue"":0,""fobvalue"":2720,""primaryValue"":2720,""legacyEstimationFlag"":0,""isReported"":true,""isAggregate"":false}"
,UN Comtrade,https://comtradeapi.un.org/public/v1/preview/C/A/HS?reporterCode=360&flowCode=X&cmdCode=090111&period=2020&includeDesc=true,2026-05-30T18:34:22.015Z,"{""reporters"":[{""endpoint"":""https://comtradeapi.un.org/public/v1/preview/C/A/HS"",""reporterCode"":704,""reporterISO"":""VNM"",""flowCode"":""X"",""cmdCode"":""090111"",""period"":""2020,2021,2022,2023,2024,2025"",""includeDesc"":true},{""endpoint"":""https://comtradeapi.un.org/public/v1/preview/C/A/HS"",""reporterCode"":76,""reporterISO"":""BRA"",""flowCode"":""X"",""cmdCode"":""090111"",""period"":""2020,2021,2022,2023,2024,2025"",""includeDesc"":true},{""endpoint"":""https://comtradeapi.un.org/public/v1/preview/C/A/HS"",""reporterCode"":360,""reporterISO"":""IDN"",""flowCode"":""X"",""cmdCode"":""090111"",""period"":""2020,2021,2022,2023,2024,2025"",""includeDesc"":true}]}",C,A,20200101,2020,360,IDN,Indonesia,710,ZAF,South Africa,0,W00,World,X,Export,H5,090111,Coffee; not roasted or decaffeinated,C00,TOTAL CPC,0,TOTAL MOT,8,kg,190800,190800,0,938952,true,true,false,"{""typeCode"":""C"",""freqCode"":""A"",""refPeriodId"":20200101,""refYear"":2020,""refMonth"":52,""period"":""2020"",""reporterCode"":360,""reporterISO"":""IDN"",""reporterDesc"":""Indonesia"",""flowCode"":""X"",""flowDesc"":""Export"",""partnerCode"":710,""partnerISO"":""ZAF"",""partnerDesc"":""South Africa"",""partner2Code"":0,""partner2ISO"":""W00"",""partner2Desc"":""World"",""classificationCode"":""H5"",""classificationSearchCode"":""HS"",""isOriginalClassification"":true,""cmdCode"":""090111"",""cmdDesc"":""Coffee; not roasted or decaffeinated"",""aggrLevel"":6,""isLeaf"":true,""customsCode"":""C00"",""customsDesc"":""TOTAL CPC"",""mosCode"":""0"",""motCode"":0,""motDesc"":""TOTAL MOT"",""qtyUnitCode"":8,""qtyUnitAbbr"":""kg"",""qty"":190800,""isQtyEstimated"":false,""altQtyUnitCode"":8,""altQtyUnitAbbr"":""kg"",""altQty"":190800,""isAltQtyEstimated"":false,""netWgt"":190800,""isNetWgtEstimated"":false,""grossWgt"":0,""isGrossWgtEstimated"":false,""cifvalue"":0,""fobvalue"":938952,""primaryValue"":938952,""legacyEstimationFlag"":0,""isReported"":true,""isAggregate"":false}"
,UN Comtrade,https://comtradeapi.un.org/public/v1/preview/C/A/HS?reporterCode=360&flowCode=X&cmdCode=090111&period=2020&includeDesc=true,2026-05-30T18:34:22.015Z,"{""reporters"":[{""endpoint"":""https://comtradeapi.un.org/public/v1/preview/C/A/HS"",""reporterCode"":704,""reporterISO"":""VNM"",""flowCode"":""X"",""cmdCode"":""090111"",""period"":""2020,2021,2022,2023,2024,2025"",""includeDesc"":true},{""endpoint"":""https://comtradeapi.un.org/public/v1/preview/C/A/HS"",""reporterCode"":76,""reporterISO"":""BRA"",""flowCode"":""X"",""cmdCode"":""090111"",""period"":""2020,2021,2022,2023,2024,2025"",""includeDesc"":true},{""endpoint"":""https://comtradeapi.un.org/public/v1/preview/C/A/HS"",""reporterCode"":360,""reporterISO"":""IDN"",""flowCode"":""X"",""cmdCode"":""090111"",""period"":""2020,2021,2022,2023,2024,2025"",""includeDesc"":true}]}",C,A,20200101,2020,360,IDN,Indonesia,724,ESP,Spain,0,W00,World,X,Export,H5,090111,Coffee; not roasted or decaffeinated,C00,TOTAL CPC,0,TOTAL MOT,8,kg,12557242.3,12557242.3,0,19675649.57,true,true,false,"{""typeCode"":""C"",""freqCode"":""A"",""refPeriodId"":20200101,""refYear"":2020,""refMonth"":52,""period"":""2020"",""reporterCode"":360,""reporterISO"":""IDN"",""reporterDesc"":""Indonesia"",""flowCode"":""X"",""flowDesc"":""Export"",""partnerCode"":724,""partnerISO"":""ESP"",""partnerDesc"":""Spain"",""partner2Code"":0,""partner2ISO"":""W00"",""partner2Desc"":""World"",""classificationCode"":""H5"",""classificationSearchCode"":""HS"",""isOriginalClassification"":true,""cmdCode"":""090111"",""cmdDesc"":""Coffee; not roasted or decaffeinated"",""aggrLevel"":6,""isLeaf"":true,""customsCode"":""C00"",""customsDesc"":""TOTAL CPC"",""mosCode"":""0"",""motCode"":0,""motDesc"":""TOTAL MOT"",""qtyUnitCode"":8,""qtyUnitAbbr"":""kg"",""qty"":12557242.3,""isQtyEstimated"":false,""altQtyUnitCode"":8,""altQtyUnitAbbr"":""kg"",""altQty"":12557242.3,""isAltQtyEstimated"":false,""netWgt"":12557242.3,""isNetWgtEstimated"":false,""grossWgt"":0,""isGrossWgtEstimated"":false,""cifvalue"":0,""fobvalue"":19675649.57,""primaryValue"":19675649.57,""legacyEstimationFlag"":0,""isReported"":true,""isAggregate"":false}"
,UN Comtrade,https://comtradeapi.un.org/public/v1/preview/C/A/HS?reporterCode=360&flowCode=X&cmdCode=090111&period=2020&includeDesc=true,2026-05-30T18:34:22.015Z,"{""reporters"":[{""endpoint"":""https://comtradeapi.un.org/public/v1/preview/C/A/HS"",""reporterCode"":704,""reporterISO"":""VNM"",""flowCode"":""X"",""cmdCode"":""090111"",""period"":""2020,2021,2022,2023,2024,2025"",""includeDesc"":true},{""endpoint"":""https://comtradeapi.un.org/public/v1/preview/C/A/HS"",""reporterCode"":76,""reporterISO"":""BRA"",""flowCode"":""X"",""cmdCode"":""090111"",""period"":""2020,2021,2022,2023,2024,2025"",""includeDesc"":true},{""endpoint"":""https://comtradeapi.un.org/public/v1/preview/C/A/HS"",""reporterCode"":360,""reporterISO"":""IDN"",""flowCode"":""X"",""cmdCode"":""090111"",""period"":""2020,2021,2022,2023,2024,2025"",""includeDesc"":true}]}",C,A,20200101,2020,360,IDN,Indonesia,752,SWE,Sweden,0,W00,World,X,Export,H5,090111,Coffee; not roasted or decaffeinated,C00,TOTAL CPC,0,TOTAL MOT,8,kg,227200,227200,0,567084.32,true,true,false,"{""typeCode"":""C"",""freqCode"":""A"",""refPeriodId"":20200101,""refYear"":2020,""refMonth"":52,""period"":""2020"",""reporterCode"":360,""reporterISO"":""IDN"",""reporterDesc"":""Indonesia"",""flowCode"":""X"",""flowDesc"":""Export"",""partnerCode"":752,""partnerISO"":""SWE"",""partnerDesc"":""Sweden"",""partner2Code"":0,""partner2ISO"":""W00"",""partner2Desc"":""World"",""classificationCode"":""H5"",""classificationSearchCode"":""HS"",""isOriginalClassification"":true,""cmdCode"":""090111"",""cmdDesc"":""Coffee; not roasted or decaffeinated"",""aggrLevel"":6,""isLeaf"":true,""customsCode"":""C00"",""customsDesc"":""TOTAL CPC"",""mosCode"":""0"",""motCode"":0,""motDesc"":""TOTAL MOT"",""qtyUnitCode"":8,""qtyUnitAbbr"":""kg"",""qty"":227200,""isQtyEstimated"":false,""altQtyUnitCode"":8,""altQtyUnitAbbr"":""kg"",""altQty"":227200,""isAltQtyEstimated"":false,""netWgt"":227200,""isNetWgtEstimated"":false,""grossWgt"":0,""isGrossWgtEstimated"":false,""cifvalue"":0,""fobvalue"":567084.32,""primaryValue"":567084.32,""legacyEstimationFlag"":0,""isReported"":true,""isAggregate"":false}"
,UN Comtrade,https://comtradeapi.un.org/public/v1/preview/C/A/HS?reporterCode=360&flowCode=X&cmdCode=090111&period=2020&includeDesc=true,2026-05-30T18:34:22.015Z,"{""reporters"":[{""endpoint"":""https://comtradeapi.un.org/public/v1/preview/C/A/HS"",""reporterCode"":704,""reporterISO"":""VNM"",""flowCode"":""X"",""cmdCode"":""090111"",""period"":""2020,2021,2022,2023,2024,2025"",""includeDesc"":true},{""endpoint"":""https://comtradeapi.un.org/public/v1/preview/C/A/HS"",""reporterCode"":76,""reporterISO"":""BRA"",""flowCode"":""X"",""cmdCode"":""090111"",""period"":""2020,2021,2022,2023,2024,2025"",""includeDesc"":true},{""endpoint"":""https://comtradeapi.un.org/public/v1/preview/C/A/HS"",""reporterCode"":360,""reporterISO"":""IDN"",""flowCode"":""X"",""cmdCode"":""090111"",""period"":""2020,2021,2022,2023,2024,2025"",""includeDesc"":true}]}",C,A,20200101,2020,360,IDN,Indonesia,757,CHE,Switzerland,0,W00,World,X,Export,H5,090111,Coffee; not roasted or decaffeinated,C00,TOTAL CPC,0,TOTAL MOT,8,kg,17.6,17.6,0,329.05,true,true,false,"{""typeCode"":""C"",""freqCode"":""A"",""refPeriodId"":20200101,""refYear"":2020,""refMonth"":52,""period"":""2020"",""reporterCode"":360,""reporterISO"":""IDN"",""reporterDesc"":""Indonesia"",""flowCode"":""X"",""flowDesc"":""Export"",""partnerCode"":757,""partnerISO"":""CHE"",""partnerDesc"":""Switzerland"",""partner2Code"":0,""partner2ISO"":""W00"",""partner2Desc"":""World"",""classificationCode"":""H5"",""classificationSearchCode"":""HS"",""isOriginalClassification"":true,""cmdCode"":""090111"",""cmdDesc"":""Coffee; not roasted or decaffeinated"",""aggrLevel"":6,""isLeaf"":true,""customsCode"":""C00"",""customsDesc"":""TOTAL CPC"",""mosCode"":""0"",""motCode"":0,""motDesc"":""TOTAL MOT"",""qtyUnitCode"":8,""qtyUnitAbbr"":""kg"",""qty"":17.6,""isQtyEstimated"":false,""altQtyUnitCode"":8,""altQtyUnitAbbr"":""kg"",""altQty"":17.6,""isAltQtyEstimated"":false,""netWgt"":17.6,""isNetWgtEstimated"":false,""grossWgt"":0,""isGrossWgtEstimated"":false,""cifvalue"":0,""fobvalue"":329.05,""primaryValue"":329.05,""legacyEstimationFlag"":0,""isReported"":true,""isAggregate"":false}"
,UN Comtrade,https://comtradeapi.un.org/public/v1/preview/C/A/HS?reporterCode=360&flowCode=X&cmdCode=090111&period=2020&includeDesc=true,2026-05-30T18:34:22.015Z,"{""reporters"":[{""endpoint"":""https://comtradeapi.un.org/public/v1/preview/C/A/HS"",""reporterCode"":704,""reporterISO"":""VNM"",""flowCode"":""X"",""cmdCode"":""090111"",""period"":""2020,2021,2022,2023,2024,2025"",""includeDesc"":true},{""endpoint"":""https://comtradeapi.un.org/public/v1/preview/C/A/HS"",""reporterCode"":76,""reporterISO"":""BRA"",""flowCode"":""X"",""cmdCode"":""090111"",""period"":""2020,2021,2022,2023,2024,2025"",""includeDesc"":true},{""endpoint"":""https://comtradeapi.un.org/public/v1/preview/C/A/HS"",""reporterCode"":360,""reporterISO"":""IDN"",""flowCode"":""X"",""cmdCode"":""090111"",""period"":""2020,2021,2022,2023,2024,2025"",""includeDesc"":true}]}",C,A,20200101,2020,360,IDN,Indonesia,764,THA,Thailand,0,W00,World,X,Export,H5,090111,Coffee; not roasted or decaffeinated,C00,TOTAL CPC,0,TOTAL MOT,8,kg,2870583,2870583,0,4684882.08,true,true,false,"{""typeCode"":""C"",""freqCode"":""A"",""refPeriodId"":20200101,""refYear"":2020,""refMonth"":52,""period"":""2020"",""reporterCode"":360,""reporterISO"":""IDN"",""reporterDesc"":""Indonesia"",""flowCode"":""X"",""flowDesc"":""Export"",""partnerCode"":764,""partnerISO"":""THA"",""partnerDesc"":""Thailand"",""partner2Code"":0,""partner2ISO"":""W00"",""partner2Desc"":""World"",""classificationCode"":""H5"",""classificationSearchCode"":""HS"",""isOriginalClassification"":true,""cmdCode"":""090111"",""cmdDesc"":""Coffee; not roasted or decaffeinated"",""aggrLevel"":6,""isLeaf"":true,""customsCode"":""C00"",""customsDesc"":""TOTAL CPC"",""mosCode"":""0"",""motCode"":0,""motDesc"":""TOTAL MOT"",""qtyUnitCode"":8,""qtyUnitAbbr"":""kg"",""qty"":2870583,""isQtyEstimated"":false,""altQtyUnitCode"":8,""altQtyUnitAbbr"":""kg"",""altQty"":2870583,""isAltQtyEstimated"":false,""netWgt"":2870583,""isNetWgtEstimated"":false,""grossWgt"":0,""isGrossWgtEstimated"":false,""cifvalue"":0,""fobvalue"":4684882.08,""primaryValue"":4684882.08,""legacyEstimationFlag"":0,""isReported"":true,""isAggregate"":false}"
,UN Comtrade,https://comtradeapi.un.org/public/v1/preview/C/A/HS?reporterCode=360&flowCode=X&cmdCode=090111&period=2020&includeDesc=true,2026-05-30T18:34:22.015Z,"{""reporters"":[{""endpoint"":""https://comtradeapi.un.org/public/v1/preview/C/A/HS"",""reporterCode"":704,""reporterISO"":""VNM"",""flowCode"":""X"",""cmdCode"":""090111"",""period"":""2020,2021,2022,2023,2024,2025"",""includeDesc"":true},{""endpoint"":""https://comtradeapi.un.org/public/v1/preview/C/A/HS"",""reporterCode"":76,""reporterISO"":""BRA"",""flowCode"":""X"",""cmdCode"":""090111"",""period"":""2020,2021,2022,2023,2024,2025"",""includeDesc"":true},{""endpoint"":""https://comtradeapi.un.org/public/v1/preview/C/A/HS"",""reporterCode"":360,""reporterISO"":""IDN"",""flowCode"":""X"",""cmdCode"":""090111"",""period"":""2020,2021,2022,2023,2024,2025"",""includeDesc"":true}]}",C,A,20200101,2020,360,IDN,Indonesia,784,ARE,United Arab Emirates,0,W00,World,X,Export,H5,090111,Coffee; not roasted or decaffeinated,C00,TOTAL CPC,0,TOTAL MOT,8,kg,1254750,1254750,0,2627333.834,true,true,false,"{""typeCode"":""C"",""freqCode"":""A"",""refPeriodId"":20200101,""refYear"":2020,""refMonth"":52,""period"":""2020"",""reporterCode"":360,""reporterISO"":""IDN"",""reporterDesc"":""Indonesia"",""flowCode"":""X"",""flowDesc"":""Export"",""partnerCode"":784,""partnerISO"":""ARE"",""partnerDesc"":""United Arab Emirates"",""partner2Code"":0,""partner2ISO"":""W00"",""partner2Desc"":""World"",""classificationCode"":""H5"",""classificationSearchCode"":""HS"",""isOriginalClassification"":true,""cmdCode"":""090111"",""cmdDesc"":""Coffee; not roasted or decaffeinated"",""aggrLevel"":6,""isLeaf"":true,""customsCode"":""C00"",""customsDesc"":""TOTAL CPC"",""mosCode"":""0"",""motCode"":0,""motDesc"":""TOTAL MOT"",""qtyUnitCode"":8,""qtyUnitAbbr"":""kg"",""qty"":1254750,""isQtyEstimated"":false,""altQtyUnitCode"":8,""altQtyUnitAbbr"":""kg"",""altQty"":1254750,""isAltQtyEstimated"":false,""netWgt"":1254750,""isNetWgtEstimated"":false,""grossWgt"":0,""isGrossWgtEstimated"":false,""cifvalue"":0,""fobvalue"":2627333.834,""primaryValue"":2627333.834,""legacyEstimationFlag"":0,""isReported"":true,""isAggregate"":false}"
,UN Comtrade,https://comtradeapi.un.org/public/v1/preview/C/A/HS?reporterCode=360&flowCode=X&cmdCode=090111&period=2020&includeDesc=true,2026-05-30T18:34:22.015Z,"{""reporters"":[{""endpoint"":""https://comtradeapi.un.org/public/v1/preview/C/A/HS"",""reporterCode"":704,""reporterISO"":""VNM"",""flowCode"":""X"",""cmdCode"":""090111"",""period"":""2020,2021,2022,2023,2024,2025"",""includeDesc"":true},{""endpoint"":""https://comtradeapi.un.org/public/v1/preview/C/A/HS"",""reporterCode"":76,""reporterISO"":""BRA"",""flowCode"":""X"",""cmdCode"":""090111"",""period"":""2020,2021,2022,2023,2024,2025"",""includeDesc"":true},{""endpoint"":""https://comtradeapi.un.org/public/v1/preview/C/A/HS"",""reporterCode"":360,""reporterISO"":""IDN"",""flowCode"":""X"",""cmdCode"":""090111"",""period"":""2020,2021,2022,2023,2024,2025"",""includeDesc"":true}]}",C,A,20200101,2020,360,IDN,Indonesia,792,TUR,Türkiye,0,W00,World,X,Export,H5,090111,Coffee; not roasted or decaffeinated,C00,TOTAL CPC,0,TOTAL MOT,8,kg,76386.92,76386.92,0,230599.2,true,true,false,"{""typeCode"":""C"",""freqCode"":""A"",""refPeriodId"":20200101,""refYear"":2020,""refMonth"":52,""period"":""2020"",""reporterCode"":360,""reporterISO"":""IDN"",""reporterDesc"":""Indonesia"",""flowCode"":""X"",""flowDesc"":""Export"",""partnerCode"":792,""partnerISO"":""TUR"",""partnerDesc"":""Türkiye"",""partner2Code"":0,""partner2ISO"":""W00"",""partner2Desc"":""World"",""classificationCode"":""H5"",""classificationSearchCode"":""HS"",""isOriginalClassification"":true,""cmdCode"":""090111"",""cmdDesc"":""Coffee; not roasted or decaffeinated"",""aggrLevel"":6,""isLeaf"":true,""customsCode"":""C00"",""customsDesc"":""TOTAL CPC"",""mosCode"":""0"",""motCode"":0,""motDesc"":""TOTAL MOT"",""qtyUnitCode"":8,""qtyUnitAbbr"":""kg"",""qty"":76386.92,""isQtyEstimated"":false,""altQtyUnitCode"":8,""altQtyUnitAbbr"":""kg"",""altQty"":76386.92,""isAltQtyEstimated"":false,""netWgt"":76386.92,""isNetWgtEstimated"":false,""grossWgt"":0,""isGrossWgtEstimated"":false,""cifvalue"":0,""fobvalue"":230599.2,""primaryValue"":230599.2,""legacyEstimationFlag"":0,""isReported"":true,""isAggregate"":false}"
,UN Comtrade,https://comtradeapi.un.org/public/v1/preview/C/A/HS?reporterCode=360&flowCode=X&cmdCode=090111&period=2020&includeDesc=true,2026-05-30T18:34:22.015Z,"{""reporters"":[{""endpoint"":""https://comtradeapi.un.org/public/v1/preview/C/A/HS"",""reporterCode"":704,""reporterISO"":""VNM"",""flowCode"":""X"",""cmdCode"":""090111"",""period"":""2020,2021,2022,2023,2024,2025"",""includeDesc"":true},{""endpoint"":""https://comtradeapi.un.org/public/v1/preview/C/A/HS"",""reporterCode"":76,""reporterISO"":""BRA"",""flowCode"":""X"",""cmdCode"":""090111"",""period"":""2020,2021,2022,2023,2024,2025"",""includeDesc"":true},{""endpoint"":""https://comtradeapi.un.org/public/v1/preview/C/A/HS"",""reporterCode"":360,""reporterISO"":""IDN"",""flowCode"":""X"",""cmdCode"":""090111"",""period"":""2020,2021,2022,2023,2024,2025"",""includeDesc"":true}]}",C,A,20200101,2020,360,IDN,Indonesia,804,UKR,Ukraine,0,W00,World,X,Export,H5,090111,Coffee; not roasted or decaffeinated,C00,TOTAL CPC,0,TOTAL MOT,8,kg,133817.2,133817.2,0,242563.23,true,true,false,"{""typeCode"":""C"",""freqCode"":""A"",""refPeriodId"":20200101,""refYear"":2020,""refMonth"":52,""period"":""2020"",""reporterCode"":360,""reporterISO"":""IDN"",""reporterDesc"":""Indonesia"",""flowCode"":""X"",""flowDesc"":""Export"",""partnerCode"":804,""partnerISO"":""UKR"",""partnerDesc"":""Ukraine"",""partner2Code"":0,""partner2ISO"":""W00"",""partner2Desc"":""World"",""classificationCode"":""H5"",""classificationSearchCode"":""HS"",""isOriginalClassification"":true,""cmdCode"":""090111"",""cmdDesc"":""Coffee; not roasted or decaffeinated"",""aggrLevel"":6,""isLeaf"":true,""customsCode"":""C00"",""customsDesc"":""TOTAL CPC"",""mosCode"":""0"",""motCode"":0,""motDesc"":""TOTAL MOT"",""qtyUnitCode"":8,""qtyUnitAbbr"":""kg"",""qty"":133817.2,""isQtyEstimated"":false,""altQtyUnitCode"":8,""altQtyUnitAbbr"":""kg"",""altQty"":133817.2,""isAltQtyEstimated"":false,""netWgt"":133817.2,""isNetWgtEstimated"":false,""grossWgt"":0,""isGrossWgtEstimated"":false,""cifvalue"":0,""fobvalue"":242563.23,""primaryValue"":242563.23,""legacyEstimationFlag"":0,""isReported"":true,""isAggregate"":false}"
,UN Comtrade,https://comtradeapi.un.org/public/v1/preview/C/A/HS?reporterCode=360&flowCode=X&cmdCode=090111&period=2020&includeDesc=true,2026-05-30T18:34:22.015Z,"{""reporters"":[{""endpoint"":""https://comtradeapi.un.org/public/v1/preview/C/A/HS"",""reporterCode"":704,""reporterISO"":""VNM"",""flowCode"":""X"",""cmdCode"":""090111"",""period"":""2020,2021,2022,2023,2024,2025"",""includeDesc"":true},{""endpoint"":""https://comtradeapi.un.org/public/v1/preview/C/A/HS"",""reporterCode"":76,""reporterISO"":""BRA"",""flowCode"":""X"",""cmdCode"":""090111"",""period"":""2020,2021,2022,2023,2024,2025"",""includeDesc"":true},{""endpoint"":""https://comtradeapi.un.org/public/v1/preview/C/A/HS"",""reporterCode"":360,""reporterISO"":""IDN"",""flowCode"":""X"",""cmdCode"":""090111"",""period"":""2020,2021,2022,2023,2024,2025"",""includeDesc"":true}]}",C,A,20200101,2020,360,IDN,Indonesia,818,EGY,Egypt,0,W00,World,X,Export,H5,090111,Coffee; not roasted or decaffeinated,C00,TOTAL CPC,0,TOTAL MOT,8,kg,32536712,32536712,0,55022964.662,true,true,false,"{""typeCode"":""C"",""freqCode"":""A"",""refPeriodId"":20200101,""refYear"":2020,""refMonth"":52,""period"":""2020"",""reporterCode"":360,""reporterISO"":""IDN"",""reporterDesc"":""Indonesia"",""flowCode"":""X"",""flowDesc"":""Export"",""partnerCode"":818,""partnerISO"":""EGY"",""partnerDesc"":""Egypt"",""partner2Code"":0,""partner2ISO"":""W00"",""partner2Desc"":""World"",""classificationCode"":""H5"",""classificationSearchCode"":""HS"",""isOriginalClassification"":true,""cmdCode"":""090111"",""cmdDesc"":""Coffee; not roasted or decaffeinated"",""aggrLevel"":6,""isLeaf"":true,""customsCode"":""C00"",""customsDesc"":""TOTAL CPC"",""mosCode"":""0"",""motCode"":0,""motDesc"":""TOTAL MOT"",""qtyUnitCode"":8,""qtyUnitAbbr"":""kg"",""qty"":32536712,""isQtyEstimated"":false,""altQtyUnitCode"":8,""altQtyUnitAbbr"":""kg"",""altQty"":32536712,""isAltQtyEstimated"":false,""netWgt"":32536712,""isNetWgtEstimated"":false,""grossWgt"":0,""isGrossWgtEstimated"":false,""cifvalue"":0,""fobvalue"":55022964.662,""primaryValue"":55022964.662,""legacyEstimationFlag"":0,""isReported"":true,""isAggregate"":false}"
,UN Comtrade,https://comtradeapi.un.org/public/v1/preview/C/A/HS?reporterCode=360&flowCode=X&cmdCode=090111&period=2020&includeDesc=true,2026-05-30T18:34:22.015Z,"{""reporters"":[{""endpoint"":""https://comtradeapi.un.org/public/v1/preview/C/A/HS"",""reporterCode"":704,""reporterISO"":""VNM"",""flowCode"":""X"",""cmdCode"":""090111"",""period"":""2020,2021,2022,2023,2024,2025"",""includeDesc"":true},{""endpoint"":""https://comtradeapi.un.org/public/v1/preview/C/A/HS"",""reporterCode"":76,""reporterISO"":""BRA"",""flowCode"":""X"",""cmdCode"":""090111"",""period"":""2020,2021,2022,2023,2024,2025"",""includeDesc"":true},{""endpoint"":""https://comtradeapi.un.org/public/v1/preview/C/A/HS"",""reporterCode"":360,""reporterISO"":""IDN"",""flowCode"":""X"",""cmdCode"":""090111"",""period"":""2020,2021,2022,2023,2024,2025"",""includeDesc"":true}]}",C,A,20200101,2020,360,IDN,Indonesia,826,GBR,United Kingdom,0,W00,World,X,Export,H5,090111,Coffee; not roasted or decaffeinated,C00,TOTAL CPC,0,TOTAL MOT,8,kg,21349493.9,21349493.9,0,39780164.2,true,true,false,"{""typeCode"":""C"",""freqCode"":""A"",""refPeriodId"":20200101,""refYear"":2020,""refMonth"":52,""period"":""2020"",""reporterCode"":360,""reporterISO"":""IDN"",""reporterDesc"":""Indonesia"",""flowCode"":""X"",""flowDesc"":""Export"",""partnerCode"":826,""partnerISO"":""GBR"",""partnerDesc"":""United Kingdom"",""partner2Code"":0,""partner2ISO"":""W00"",""partner2Desc"":""World"",""classificationCode"":""H5"",""classificationSearchCode"":""HS"",""isOriginalClassification"":true,""cmdCode"":""090111"",""cmdDesc"":""Coffee; not roasted or decaffeinated"",""aggrLevel"":6,""isLeaf"":true,""customsCode"":""C00"",""customsDesc"":""TOTAL CPC"",""mosCode"":""0"",""motCode"":0,""motDesc"":""TOTAL MOT"",""qtyUnitCode"":8,""qtyUnitAbbr"":""kg"",""qty"":21349493.9,""isQtyEstimated"":false,""altQtyUnitCode"":8,""altQtyUnitAbbr"":""kg"",""altQty"":21349493.9,""isAltQtyEstimated"":false,""netWgt"":21349493.9,""isNetWgtEstimated"":false,""grossWgt"":0,""isGrossWgtEstimated"":false,""cifvalue"":0,""fobvalue"":39780164.2,""primaryValue"":39780164.2,""legacyEstimationFlag"":0,""isReported"":true,""isAggregate"":false}"
,UN Comtrade,https://comtradeapi.un.org/public/v1/preview/C/A/HS?reporterCode=360&flowCode=X&cmdCode=090111&period=2020&includeDesc=true,2026-05-30T18:34:22.015Z,"{""reporters"":[{""endpoint"":""https://comtradeapi.un.org/public/v1/preview/C/A/HS"",""reporterCode"":704,""reporterISO"":""VNM"",""flowCode"":""X"",""cmdCode"":""090111"",""period"":""2020,2021,2022,2023,2024,2025"",""includeDesc"":true},{""endpoint"":""https://comtradeapi.un.org/public/v1/preview/C/A/HS"",""reporterCode"":76,""reporterISO"":""BRA"",""flowCode"":""X"",""cmdCode"":""090111"",""period"":""2020,2021,2022,2023,2024,2025"",""includeDesc"":true},{""endpoint"":""https://comtradeapi.un.org/public/v1/preview/C/A/HS"",""reporterCode"":360,""reporterISO"":""IDN"",""flowCode"":""X"",""cmdCode"":""090111"",""period"":""2020,2021,2022,2023,2024,2025"",""includeDesc"":true}]}",C,A,20200101,2020,360,IDN,Indonesia,842,USA,USA,0,W00,World,X,Export,H5,090111,Coffee; not roasted or decaffeinated,C00,TOTAL CPC,0,TOTAL MOT,8,kg,54473723.58,54473723.58,0,202351995.312,true,true,false,"{""typeCode"":""C"",""freqCode"":""A"",""refPeriodId"":20200101,""refYear"":2020,""refMonth"":52,""period"":""2020"",""reporterCode"":360,""reporterISO"":""IDN"",""reporterDesc"":""Indonesia"",""flowCode"":""X"",""flowDesc"":""Export"",""partnerCode"":842,""partnerISO"":""USA"",""partnerDesc"":""USA"",""partner2Code"":0,""partner2ISO"":""W00"",""partner2Desc"":""World"",""classificationCode"":""H5"",""classificationSearchCode"":""HS"",""isOriginalClassification"":true,""cmdCode"":""090111"",""cmdDesc"":""Coffee; not roasted or decaffeinated"",""aggrLevel"":6,""isLeaf"":true,""customsCode"":""C00"",""customsDesc"":""TOTAL CPC"",""mosCode"":""0"",""motCode"":0,""motDesc"":""TOTAL MOT"",""qtyUnitCode"":8,""qtyUnitAbbr"":""kg"",""qty"":54473723.58,""isQtyEstimated"":false,""altQtyUnitCode"":8,""altQtyUnitAbbr"":""kg"",""altQty"":54473723.58,""isAltQtyEstimated"":false,""netWgt"":54473723.58,""isNetWgtEstimated"":false,""grossWgt"":0,""isGrossWgtEstimated"":false,""cifvalue"":0,""fobvalue"":202351995.312,""primaryValue"":202351995.312,""legacyEstimationFlag"":0,""isReported"":true,""isAggregate"":false}"
,UN Comtrade,https://comtradeapi.un.org/public/v1/preview/C/A/HS?reporterCode=360&flowCode=X&cmdCode=090111&period=2021&includeDesc=true,2026-05-30T18:34:22.015Z,"{""reporters"":[{""endpoint"":""https://comtradeapi.un.org/public/v1/preview/C/A/HS"",""reporterCode"":704,""reporterISO"":""VNM"",""flowCode"":""X"",""cmdCode"":""090111"",""period"":""2020,2021,2022,2023,2024,2025"",""includeDesc"":true},{""endpoint"":""https://comtradeapi.un.org/public/v1/preview/C/A/HS"",""reporterCode"":76,""reporterISO"":""BRA"",""flowCode"":""X"",""cmdCode"":""090111"",""period"":""2020,2021,2022,2023,2024,2025"",""includeDesc"":true},{""endpoint"":""https://comtradeapi.un.org/public/v1/preview/C/A/HS"",""reporterCode"":360,""reporterISO"":""IDN"",""flowCode"":""X"",""cmdCode"":""090111"",""period"":""2020,2021,2022,2023,2024,2025"",""includeDesc"":true}]}",C,A,20210101,2021,360,IDN,Indonesia,0,W00,World,0,W00,World,X,Export,H5,090111,Coffee; not roasted or decaffeinated,C00,TOTAL CPC,0,TOTAL MOT,8,kg,384510576.548,384510576.548,0,849373173.728,true,false,true,"{""typeCode"":""C"",""freqCode"":""A"",""refPeriodId"":20210101,""refYear"":2021,""refMonth"":52,""period"":""2021"",""reporterCode"":360,""reporterISO"":""IDN"",""reporterDesc"":""Indonesia"",""flowCode"":""X"",""flowDesc"":""Export"",""partnerCode"":0,""partnerISO"":""W00"",""partnerDesc"":""World"",""partner2Code"":0,""partner2ISO"":""W00"",""partner2Desc"":""World"",""classificationCode"":""H5"",""classificationSearchCode"":""HS"",""isOriginalClassification"":true,""cmdCode"":""090111"",""cmdDesc"":""Coffee; not roasted or decaffeinated"",""aggrLevel"":6,""isLeaf"":true,""customsCode"":""C00"",""customsDesc"":""TOTAL CPC"",""mosCode"":""0"",""motCode"":0,""motDesc"":""TOTAL MOT"",""qtyUnitCode"":8,""qtyUnitAbbr"":""kg"",""qty"":384510576.548,""isQtyEstimated"":false,""altQtyUnitCode"":8,""altQtyUnitAbbr"":""kg"",""altQty"":384510576.548,""isAltQtyEstimated"":false,""netWgt"":384510576.548,""isNetWgtEstimated"":false,""grossWgt"":0,""isGrossWgtEstimated"":false,""cifvalue"":null,""fobvalue"":849373173.728,""primaryValue"":849373173.728,""legacyEstimationFlag"":0,""isReported"":false,""isAggregate"":true}"
,UN Comtrade,https://comtradeapi.un.org/public/v1/preview/C/A/HS?reporterCode=360&flowCode=X&cmdCode=090111&period=2021&includeDesc=true,2026-05-30T18:34:22.015Z,"{""reporters"":[{""endpoint"":""https://comtradeapi.un.org/public/v1/preview/C/A/HS"",""reporterCode"":704,""reporterISO"":""VNM"",""flowCode"":""X"",""cmdCode"":""090111"",""period"":""2020,2021,2022,2023,2024,2025"",""includeDesc"":true},{""endpoint"":""https://comtradeapi.un.org/public/v1/preview/C/A/HS"",""reporterCode"":76,""reporterISO"":""BRA"",""flowCode"":""X"",""cmdCode"":""090111"",""period"":""2020,2021,2022,2023,2024,2025"",""includeDesc"":true},{""endpoint"":""https://comtradeapi.un.org/public/v1/preview/C/A/HS"",""reporterCode"":360,""reporterISO"":""IDN"",""flowCode"":""X"",""cmdCode"":""090111"",""period"":""2020,2021,2022,2023,2024,2025"",""includeDesc"":true}]}",C,A,20210101,2021,360,IDN,Indonesia,8,ALB,Albania,0,W00,World,X,Export,H5,090111,Coffee; not roasted or decaffeinated,C00,TOTAL CPC,0,TOTAL MOT,8,kg,57620,57620,0,121028,true,false,true,"{""typeCode"":""C"",""freqCode"":""A"",""refPeriodId"":20210101,""refYear"":2021,""refMonth"":52,""period"":""2021"",""reporterCode"":360,""reporterISO"":""IDN"",""reporterDesc"":""Indonesia"",""flowCode"":""X"",""flowDesc"":""Export"",""partnerCode"":8,""partnerISO"":""ALB"",""partnerDesc"":""Albania"",""partner2Code"":0,""partner2ISO"":""W00"",""partner2Desc"":""World"",""classificationCode"":""H5"",""classificationSearchCode"":""HS"",""isOriginalClassification"":true,""cmdCode"":""090111"",""cmdDesc"":""Coffee; not roasted or decaffeinated"",""aggrLevel"":6,""isLeaf"":true,""customsCode"":""C00"",""customsDesc"":""TOTAL CPC"",""mosCode"":""0"",""motCode"":0,""motDesc"":""TOTAL MOT"",""qtyUnitCode"":8,""qtyUnitAbbr"":""kg"",""qty"":57620,""isQtyEstimated"":false,""altQtyUnitCode"":8,""altQtyUnitAbbr"":""kg"",""altQty"":57620,""isAltQtyEstimated"":false,""netWgt"":57620,""isNetWgtEstimated"":false,""grossWgt"":0,""isGrossWgtEstimated"":false,""cifvalue"":null,""fobvalue"":121028,""primaryValue"":121028,""legacyEstimationFlag"":0,""isReported"":false,""isAggregate"":true}"
,UN Comtrade,https://comtradeapi.un.org/public/v1/preview/C/A/HS?reporterCode=360&flowCode=X&cmdCode=090111&period=2021&includeDesc=true,2026-05-30T18:34:22.015Z,"{""reporters"":[{""endpoint"":""https://comtradeapi.un.org/public/v1/preview/C/A/HS"",""reporterCode"":704,""reporterISO"":""VNM"",""flowCode"":""X"",""cmdCode"":""090111"",""period"":""2020,2021,2022,2023,2024,2025"",""includeDesc"":true},{""endpoint"":""https://comtradeapi.un.org/public/v1/preview/C/A/HS"",""reporterCode"":76,""reporterISO"":""BRA"",""flowCode"":""X"",""cmdCode"":""090111"",""period"":""2020,2021,2022,2023,2024,2025"",""includeDesc"":true},{""endpoint"":""https://comtradeapi.un.org/public/v1/preview/C/A/HS"",""reporterCode"":360,""reporterISO"":""IDN"",""flowCode"":""X"",""cmdCode"":""090111"",""period"":""2020,2021,2022,2023,2024,2025"",""includeDesc"":true}]}",C,A,20210101,2021,360,IDN,Indonesia,12,DZA,Algeria,0,W00,World,X,Export,H5,090111,Coffee; not roasted or decaffeinated,C00,TOTAL CPC,0,TOTAL MOT,8,kg,3918070,3918070,0,6497365.48,true,false,true,"{""typeCode"":""C"",""freqCode"":""A"",""refPeriodId"":20210101,""refYear"":2021,""refMonth"":52,""period"":""2021"",""reporterCode"":360,""reporterISO"":""IDN"",""reporterDesc"":""Indonesia"",""flowCode"":""X"",""flowDesc"":""Export"",""partnerCode"":12,""partnerISO"":""DZA"",""partnerDesc"":""Algeria"",""partner2Code"":0,""partner2ISO"":""W00"",""partner2Desc"":""World"",""classificationCode"":""H5"",""classificationSearchCode"":""HS"",""isOriginalClassification"":true,""cmdCode"":""090111"",""cmdDesc"":""Coffee; not roasted or decaffeinated"",""aggrLevel"":6,""isLeaf"":true,""customsCode"":""C00"",""customsDesc"":""TOTAL CPC"",""mosCode"":""0"",""motCode"":0,""motDesc"":""TOTAL MOT"",""qtyUnitCode"":8,""qtyUnitAbbr"":""kg"",""qty"":3918070,""isQtyEstimated"":false,""altQtyUnitCode"":8,""altQtyUnitAbbr"":""kg"",""altQty"":3918070,""isAltQtyEstimated"":false,""netWgt"":3918070,""isNetWgtEstimated"":false,""grossWgt"":0,""isGrossWgtEstimated"":false,""cifvalue"":null,""fobvalue"":6497365.48,""primaryValue"":6497365.48,""legacyEstimationFlag"":0,""isReported"":false,""isAggregate"":true}"
,UN Comtrade,https://comtradeapi.un.org/public/v1/preview/C/A/HS?reporterCode=360&flowCode=X&cmdCode=090111&period=2021&includeDesc=true,2026-05-30T18:34:22.015Z,"{""reporters"":[{""endpoint"":""https://comtradeapi.un.org/public/v1/preview/C/A/HS"",""reporterCode"":704,""reporterISO"":""VNM"",""flowCode"":""X"",""cmdCode"":""090111"",""period"":""2020,2021,2022,2023,2024,2025"",""includeDesc"":true},{""endpoint"":""https://comtradeapi.un.org/public/v1/preview/C/A/HS"",""reporterCode"":76,""reporterISO"":""BRA"",""flowCode"":""X"",""cmdCode"":""090111"",""period"":""2020,2021,2022,2023,2024,2025"",""includeDesc"":true},{""endpoint"":""https://comtradeapi.un.org/public/v1/preview/C/A/HS"",""reporterCode"":360,""reporterISO"":""IDN"",""flowCode"":""X"",""cmdCode"":""090111"",""period"":""2020,2021,2022,2023,2024,2025"",""includeDesc"":true}]}",C,A,20210101,2021,360,IDN,Indonesia,36,AUS,Australia,0,W00,World,X,Export,H5,090111,Coffee; not roasted or decaffeinated,C00,TOTAL CPC,0,TOTAL MOT,8,kg,4756157.35,4756157.35,0,12579821.239,true,false,true,"{""typeCode"":""C"",""freqCode"":""A"",""refPeriodId"":20210101,""refYear"":2021,""refMonth"":52,""period"":""2021"",""reporterCode"":360,""reporterISO"":""IDN"",""reporterDesc"":""Indonesia"",""flowCode"":""X"",""flowDesc"":""Export"",""partnerCode"":36,""partnerISO"":""AUS"",""partnerDesc"":""Australia"",""partner2Code"":0,""partner2ISO"":""W00"",""partner2Desc"":""World"",""classificationCode"":""H5"",""classificationSearchCode"":""HS"",""isOriginalClassification"":true,""cmdCode"":""090111"",""cmdDesc"":""Coffee; not roasted or decaffeinated"",""aggrLevel"":6,""isLeaf"":true,""customsCode"":""C00"",""customsDesc"":""TOTAL CPC"",""mosCode"":""0"",""motCode"":0,""motDesc"":""TOTAL MOT"",""qtyUnitCode"":8,""qtyUnitAbbr"":""kg"",""qty"":4756157.35,""isQtyEstimated"":false,""altQtyUnitCode"":8,""altQtyUnitAbbr"":""kg"",""altQty"":4756157.35,""isAltQtyEstimated"":false,""netWgt"":4756157.35,""isNetWgtEstimated"":false,""grossWgt"":0,""isGrossWgtEstimated"":false,""cifvalue"":null,""fobvalue"":12579821.239,""primaryValue"":12579821.239,""legacyEstimationFlag"":0,""isReported"":false,""isAggregate"":true}"
,UN Comtrade,https://comtradeapi.un.org/public/v1/preview/C/A/HS?reporterCode=360&flowCode=X&cmdCode=090111&period=2021&includeDesc=true,2026-05-30T18:34:22.015Z,"{""reporters"":[{""endpoint"":""https://comtradeapi.un.org/public/v1/preview/C/A/HS"",""reporterCode"":704,""reporterISO"":""VNM"",""flowCode"":""X"",""cmdCode"":""090111"",""period"":""2020,2021,2022,2023,2024,2025"",""includeDesc"":true},{""endpoint"":""https://comtradeapi.un.org/public/v1/preview/C/A/HS"",""reporterCode"":76,""reporterISO"":""BRA"",""flowCode"":""X"",""cmdCode"":""090111"",""period"":""2020,2021,2022,2023,2024,2025"",""includeDesc"":true},{""endpoint"":""https://comtradeapi.un.org/public/v1/preview/C/A/HS"",""reporterCode"":360,""reporterISO"":""IDN"",""flowCode"":""X"",""cmdCode"":""090111"",""period"":""2020,2021,2022,2023,2024,2025"",""includeDesc"":true}]}",C,A,20210101,2021,360,IDN,Indonesia,40,AUT,Austria,0,W00,World,X,Export,H5,090111,Coffee; not roasted or decaffeinated,C00,TOTAL CPC,0,TOTAL MOT,8,kg,16,16,0,48,true,false,true,"{""typeCode"":""C"",""freqCode"":""A"",""refPeriodId"":20210101,""refYear"":2021,""refMonth"":52,""period"":""2021"",""reporterCode"":360,""reporterISO"":""IDN"",""reporterDesc"":""Indonesia"",""flowCode"":""X"",""flowDesc"":""Export"",""partnerCode"":40,""partnerISO"":""AUT"",""partnerDesc"":""Austria"",""partner2Code"":0,""partner2ISO"":""W00"",""partner2Desc"":""World"",""classificationCode"":""H5"",""classificationSearchCode"":""HS"",""isOriginalClassification"":true,""cmdCode"":""090111"",""cmdDesc"":""Coffee; not roasted or decaffeinated"",""aggrLevel"":6,""isLeaf"":true,""customsCode"":""C00"",""customsDesc"":""TOTAL CPC"",""mosCode"":""0"",""motCode"":0,""motDesc"":""TOTAL MOT"",""qtyUnitCode"":8,""qtyUnitAbbr"":""kg"",""qty"":16,""isQtyEstimated"":false,""altQtyUnitCode"":8,""altQtyUnitAbbr"":""kg"",""altQty"":16,""isAltQtyEstimated"":false,""netWgt"":16,""isNetWgtEstimated"":false,""grossWgt"":0,""isGrossWgtEstimated"":false,""cifvalue"":null,""fobvalue"":48,""primaryValue"":48,""legacyEstimationFlag"":0,""isReported"":false,""isAggregate"":true}"
,UN Comtrade,https://comtradeapi.un.org/public/v1/preview/C/A/HS?reporterCode=360&flowCode=X&cmdCode=090111&period=2021&includeDesc=true,2026-05-30T18:34:22.015Z,"{""reporters"":[{""endpoint"":""https://comtradeapi.un.org/public/v1/preview/C/A/HS"",""reporterCode"":704,""reporterISO"":""VNM"",""flowCode"":""X"",""cmdCode"":""090111"",""period"":""2020,2021,2022,2023,2024,2025"",""includeDesc"":true},{""endpoint"":""https://comtradeapi.un.org/public/v1/preview/C/A/HS"",""reporterCode"":76,""reporterISO"":""BRA"",""flowCode"":""X"",""cmdCode"":""090111"",""period"":""2020,2021,2022,2023,2024,2025"",""includeDesc"":true},{""endpoint"":""https://comtradeapi.un.org/public/v1/preview/C/A/HS"",""reporterCode"":360,""reporterISO"":""IDN"",""flowCode"":""X"",""cmdCode"":""090111"",""period"":""2020,2021,2022,2023,2024,2025"",""includeDesc"":true}]}",C,A,20210101,2021,360,IDN,Indonesia,51,ARM,Armenia,0,W00,World,X,Export,H5,090111,Coffee; not roasted or decaffeinated,C00,TOTAL CPC,0,TOTAL MOT,8,kg,331201.56,331201.56,0,657781,true,false,true,"{""typeCode"":""C"",""freqCode"":""A"",""refPeriodId"":20210101,""refYear"":2021,""refMonth"":52,""period"":""2021"",""reporterCode"":360,""reporterISO"":""IDN"",""reporterDesc"":""Indonesia"",""flowCode"":""X"",""flowDesc"":""Export"",""partnerCode"":51,""partnerISO"":""ARM"",""partnerDesc"":""Armenia"",""partner2Code"":0,""partner2ISO"":""W00"",""partner2Desc"":""World"",""classificationCode"":""H5"",""classificationSearchCode"":""HS"",""isOriginalClassification"":true,""cmdCode"":""090111"",""cmdDesc"":""Coffee; not roasted or decaffeinated"",""aggrLevel"":6,""isLeaf"":true,""customsCode"":""C00"",""customsDesc"":""TOTAL CPC"",""mosCode"":""0"",""motCode"":0,""motDesc"":""TOTAL MOT"",""qtyUnitCode"":8,""qtyUnitAbbr"":""kg"",""qty"":331201.56,""isQtyEstimated"":false,""altQtyUnitCode"":8,""altQtyUnitAbbr"":""kg"",""altQty"":331201.56,""isAltQtyEstimated"":false,""netWgt"":331201.56,""isNetWgtEstimated"":false,""grossWgt"":0,""isGrossWgtEstimated"":false,""cifvalue"":null,""fobvalue"":657781,""primaryValue"":657781,""legacyEstimationFlag"":0,""isReported"":false,""isAggregate"":true}"
,UN Comtrade,https://comtradeapi.un.org/public/v1/preview/C/A/HS?reporterCode=360&flowCode=X&cmdCode=090111&period=2021&includeDesc=true,2026-05-30T18:34:22.015Z,"{""reporters"":[{""endpoint"":""https://comtradeapi.un.org/public/v1/preview/C/A/HS"",""reporterCode"":704,""reporterISO"":""VNM"",""flowCode"":""X"",""cmdCode"":""090111"",""period"":""2020,2021,2022,2023,2024,2025"",""includeDesc"":true},{""endpoint"":""https://comtradeapi.un.org/public/v1/preview/C/A/HS"",""reporterCode"":76,""reporterISO"":""BRA"",""flowCode"":""X"",""cmdCode"":""090111"",""period"":""2020,2021,2022,2023,2024,2025"",""includeDesc"":true},{""endpoint"":""https://comtradeapi.un.org/public/v1/preview/C/A/HS"",""reporterCode"":360,""reporterISO"":""IDN"",""flowCode"":""X"",""cmdCode"":""090111"",""period"":""2020,2021,2022,2023,2024,2025"",""includeDesc"":true}]}",C,A,20210101,2021,360,IDN,Indonesia,56,BEL,Belgium,0,W00,World,X,Export,H5,090111,Coffee; not roasted or decaffeinated,C00,TOTAL CPC,0,TOTAL MOT,8,kg,14434030,14434030,0,44829142.54,true,false,true,"{""typeCode"":""C"",""freqCode"":""A"",""refPeriodId"":20210101,""refYear"":2021,""refMonth"":52,""period"":""2021"",""reporterCode"":360,""reporterISO"":""IDN"",""reporterDesc"":""Indonesia"",""flowCode"":""X"",""flowDesc"":""Export"",""partnerCode"":56,""partnerISO"":""BEL"",""partnerDesc"":""Belgium"",""partner2Code"":0,""partner2ISO"":""W00"",""partner2Desc"":""World"",""classificationCode"":""H5"",""classificationSearchCode"":""HS"",""isOriginalClassification"":true,""cmdCode"":""090111"",""cmdDesc"":""Coffee; not roasted or decaffeinated"",""aggrLevel"":6,""isLeaf"":true,""customsCode"":""C00"",""customsDesc"":""TOTAL CPC"",""mosCode"":""0"",""motCode"":0,""motDesc"":""TOTAL MOT"",""qtyUnitCode"":8,""qtyUnitAbbr"":""kg"",""qty"":14434030,""isQtyEstimated"":false,""altQtyUnitCode"":8,""altQtyUnitAbbr"":""kg"",""altQty"":14434030,""isAltQtyEstimated"":false,""netWgt"":14434030,""isNetWgtEstimated"":false,""grossWgt"":0,""isGrossWgtEstimated"":false,""cifvalue"":null,""fobvalue"":44829142.54,""primaryValue"":44829142.54,""legacyEstimationFlag"":0,""isReported"":false,""isAggregate"":true}"
,UN Comtrade,https://comtradeapi.un.org/public/v1/preview/C/A/HS?reporterCode=360&flowCode=X&cmdCode=090111&period=2021&includeDesc=true,2026-05-30T18:34:22.015Z,"{""reporters"":[{""endpoint"":""https://comtradeapi.un.org/public/v1/preview/C/A/HS"",""reporterCode"":704,""reporterISO"":""VNM"",""flowCode"":""X"",""cmdCode"":""090111"",""period"":""2020,2021,2022,2023,2024,2025"",""includeDesc"":true},{""endpoint"":""https://comtradeapi.un.org/public/v1/preview/C/A/HS"",""reporterCode"":76,""reporterISO"":""BRA"",""flowCode"":""X"",""cmdCode"":""090111"",""period"":""2020,2021,2022,2023,2024,2025"",""includeDesc"":true},{""endpoint"":""https://comtradeapi.un.org/public/v1/preview/C/A/HS"",""reporterCode"":360,""reporterISO"":""IDN"",""flowCode"":""X"",""cmdCode"":""090111"",""period"":""2020,2021,2022,2023,2024,2025"",""includeDesc"":true}]}",C,A,20210101,2021,360,IDN,Indonesia,96,BRN,Brunei Darussalam,0,W00,World,X,Export,H5,090111,Coffee; not roasted or decaffeinated,C00,TOTAL CPC,0,TOTAL MOT,8,kg,13.24,13.24,0,253.025,true,false,true,"{""typeCode"":""C"",""freqCode"":""A"",""refPeriodId"":20210101,""refYear"":2021,""refMonth"":52,""period"":""2021"",""reporterCode"":360,""reporterISO"":""IDN"",""reporterDesc"":""Indonesia"",""flowCode"":""X"",""flowDesc"":""Export"",""partnerCode"":96,""partnerISO"":""BRN"",""partnerDesc"":""Brunei Darussalam"",""partner2Code"":0,""partner2ISO"":""W00"",""partner2Desc"":""World"",""classificationCode"":""H5"",""classificationSearchCode"":""HS"",""isOriginalClassification"":true,""cmdCode"":""090111"",""cmdDesc"":""Coffee; not roasted or decaffeinated"",""aggrLevel"":6,""isLeaf"":true,""customsCode"":""C00"",""customsDesc"":""TOTAL CPC"",""mosCode"":""0"",""motCode"":0,""motDesc"":""TOTAL MOT"",""qtyUnitCode"":8,""qtyUnitAbbr"":""kg"",""qty"":13.24,""isQtyEstimated"":false,""altQtyUnitCode"":8,""altQtyUnitAbbr"":""kg"",""altQty"":13.24,""isAltQtyEstimated"":false,""netWgt"":13.24,""isNetWgtEstimated"":false,""grossWgt"":0,""isGrossWgtEstimated"":false,""cifvalue"":null,""fobvalue"":253.025,""primaryValue"":253.025,""legacyEstimationFlag"":0,""isReported"":false,""isAggregate"":true}"
,UN Comtrade,https://comtradeapi.un.org/public/v1/preview/C/A/HS?reporterCode=360&flowCode=X&cmdCode=090111&period=2021&includeDesc=true,2026-05-30T18:34:22.015Z,"{""reporters"":[{""endpoint"":""https://comtradeapi.un.org/public/v1/preview/C/A/HS"",""reporterCode"":704,""reporterISO"":""VNM"",""flowCode"":""X"",""cmdCode"":""090111"",""period"":""2020,2021,2022,2023,2024,2025"",""includeDesc"":true},{""endpoint"":""https://comtradeapi.un.org/public/v1/preview/C/A/HS"",""reporterCode"":76,""reporterISO"":""BRA"",""flowCode"":""X"",""cmdCode"":""090111"",""period"":""2020,2021,2022,2023,2024,2025"",""includeDesc"":true},{""endpoint"":""https://comtradeapi.un.org/public/v1/preview/C/A/HS"",""reporterCode"":360,""reporterISO"":""IDN"",""flowCode"":""X"",""cmdCode"":""090111"",""period"":""2020,2021,2022,2023,2024,2025"",""includeDesc"":true}]}",C,A,20210101,2021,360,IDN,Indonesia,100,BGR,Bulgaria,0,W00,World,X,Export,H5,090111,Coffee; not roasted or decaffeinated,C00,TOTAL CPC,0,TOTAL MOT,8,kg,594000,594000,0,999909,true,false,true,"{""typeCode"":""C"",""freqCode"":""A"",""refPeriodId"":20210101,""refYear"":2021,""refMonth"":52,""period"":""2021"",""reporterCode"":360,""reporterISO"":""IDN"",""reporterDesc"":""Indonesia"",""flowCode"":""X"",""flowDesc"":""Export"",""partnerCode"":100,""partnerISO"":""BGR"",""partnerDesc"":""Bulgaria"",""partner2Code"":0,""partner2ISO"":""W00"",""partner2Desc"":""World"",""classificationCode"":""H5"",""classificationSearchCode"":""HS"",""isOriginalClassification"":true,""cmdCode"":""090111"",""cmdDesc"":""Coffee; not roasted or decaffeinated"",""aggrLevel"":6,""isLeaf"":true,""customsCode"":""C00"",""customsDesc"":""TOTAL CPC"",""mosCode"":""0"",""motCode"":0,""motDesc"":""TOTAL MOT"",""qtyUnitCode"":8,""qtyUnitAbbr"":""kg"",""qty"":594000,""isQtyEstimated"":false,""altQtyUnitCode"":8,""altQtyUnitAbbr"":""kg"",""altQty"":594000,""isAltQtyEstimated"":false,""netWgt"":594000,""isNetWgtEstimated"":false,""grossWgt"":0,""isGrossWgtEstimated"":false,""cifvalue"":null,""fobvalue"":999909,""primaryValue"":999909,""legacyEstimationFlag"":0,""isReported"":false,""isAggregate"":true}"
,UN Comtrade,https://comtradeapi.un.org/public/v1/preview/C/A/HS?reporterCode=360&flowCode=X&cmdCode=090111&period=2021&includeDesc=true,2026-05-30T18:34:22.015Z,"{""reporters"":[{""endpoint"":""https://comtradeapi.un.org/public/v1/preview/C/A/HS"",""reporterCode"":704,""reporterISO"":""VNM"",""flowCode"":""X"",""cmdCode"":""090111"",""period"":""2020,2021,2022,2023,2024,2025"",""includeDesc"":true},{""endpoint"":""https://comtradeapi.un.org/public/v1/preview/C/A/HS"",""reporterCode"":76,""reporterISO"":""BRA"",""flowCode"":""X"",""cmdCode"":""090111"",""period"":""2020,2021,2022,2023,2024,2025"",""includeDesc"":true},{""endpoint"":""https://comtradeapi.un.org/public/v1/preview/C/A/HS"",""reporterCode"":360,""reporterISO"":""IDN"",""flowCode"":""X"",""cmdCode"":""090111"",""period"":""2020,2021,2022,2023,2024,2025"",""includeDesc"":true}]}",C,A,20210101,2021,360,IDN,Indonesia,116,KHM,Cambodia,0,W00,World,X,Export,H5,090111,Coffee; not roasted or decaffeinated,C00,TOTAL CPC,0,TOTAL MOT,8,kg,15011.6,15011.6,0,66023,true,false,true,"{""typeCode"":""C"",""freqCode"":""A"",""refPeriodId"":20210101,""refYear"":2021,""refMonth"":52,""period"":""2021"",""reporterCode"":360,""reporterISO"":""IDN"",""reporterDesc"":""Indonesia"",""flowCode"":""X"",""flowDesc"":""Export"",""partnerCode"":116,""partnerISO"":""KHM"",""partnerDesc"":""Cambodia"",""partner2Code"":0,""partner2ISO"":""W00"",""partner2Desc"":""World"",""classificationCode"":""H5"",""classificationSearchCode"":""HS"",""isOriginalClassification"":true,""cmdCode"":""090111"",""cmdDesc"":""Coffee; not roasted or decaffeinated"",""aggrLevel"":6,""isLeaf"":true,""customsCode"":""C00"",""customsDesc"":""TOTAL CPC"",""mosCode"":""0"",""motCode"":0,""motDesc"":""TOTAL MOT"",""qtyUnitCode"":8,""qtyUnitAbbr"":""kg"",""qty"":15011.6,""isQtyEstimated"":false,""altQtyUnitCode"":8,""altQtyUnitAbbr"":""kg"",""altQty"":15011.6,""isAltQtyEstimated"":false,""netWgt"":15011.6,""isNetWgtEstimated"":false,""grossWgt"":0,""isGrossWgtEstimated"":false,""cifvalue"":null,""fobvalue"":66023,""primaryValue"":66023,""legacyEstimationFlag"":0,""isReported"":false,""isAggregate"":true}"
,UN Comtrade,https://comtradeapi.un.org/public/v1/preview/C/A/HS?reporterCode=360&flowCode=X&cmdCode=090111&period=2021&includeDesc=true,2026-05-30T18:34:22.015Z,"{""reporters"":[{""endpoint"":""https://comtradeapi.un.org/public/v1/preview/C/A/HS"",""reporterCode"":704,""reporterISO"":""VNM"",""flowCode"":""X"",""cmdCode"":""090111"",""period"":""2020,2021,2022,2023,2024,2025"",""includeDesc"":true},{""endpoint"":""https://comtradeapi.un.org/public/v1/preview/C/A/HS"",""reporterCode"":76,""reporterISO"":""BRA"",""flowCode"":""X"",""cmdCode"":""090111"",""period"":""2020,2021,2022,2023,2024,2025"",""includeDesc"":true},{""endpoint"":""https://comtradeapi.un.org/public/v1/preview/C/A/HS"",""reporterCode"":360,""reporterISO"":""IDN"",""flowCode"":""X"",""cmdCode"":""090111"",""period"":""2020,2021,2022,2023,2024,2025"",""includeDesc"":true}]}",C,A,20210101,2021,360,IDN,Indonesia,124,CAN,Canada,0,W00,World,X,Export,H5,090111,Coffee; not roasted or decaffeinated,C00,TOTAL CPC,0,TOTAL MOT,8,kg,3759830,3759830,0,16356574.784,true,false,true,"{""typeCode"":""C"",""freqCode"":""A"",""refPeriodId"":20210101,""refYear"":2021,""refMonth"":52,""period"":""2021"",""reporterCode"":360,""reporterISO"":""IDN"",""reporterDesc"":""Indonesia"",""flowCode"":""X"",""flowDesc"":""Export"",""partnerCode"":124,""partnerISO"":""CAN"",""partnerDesc"":""Canada"",""partner2Code"":0,""partner2ISO"":""W00"",""partner2Desc"":""World"",""classificationCode"":""H5"",""classificationSearchCode"":""HS"",""isOriginalClassification"":true,""cmdCode"":""090111"",""cmdDesc"":""Coffee; not roasted or decaffeinated"",""aggrLevel"":6,""isLeaf"":true,""customsCode"":""C00"",""customsDesc"":""TOTAL CPC"",""mosCode"":""0"",""motCode"":0,""motDesc"":""TOTAL MOT"",""qtyUnitCode"":8,""qtyUnitAbbr"":""kg"",""qty"":3759830,""isQtyEstimated"":false,""altQtyUnitCode"":8,""altQtyUnitAbbr"":""kg"",""altQty"":3759830,""isAltQtyEstimated"":false,""netWgt"":3759830,""isNetWgtEstimated"":false,""grossWgt"":0,""isGrossWgtEstimated"":false,""cifvalue"":null,""fobvalue"":16356574.784,""primaryValue"":16356574.784,""legacyEstimationFlag"":0,""isReported"":false,""isAggregate"":true}"
,UN Comtrade,https://comtradeapi.un.org/public/v1/preview/C/A/HS?reporterCode=360&flowCode=X&cmdCode=090111&period=2021&includeDesc=true,2026-05-30T18:34:22.015Z,"{""reporters"":[{""endpoint"":""https://comtradeapi.un.org/public/v1/preview/C/A/HS"",""reporterCode"":704,""reporterISO"":""VNM"",""flowCode"":""X"",""cmdCode"":""090111"",""period"":""2020,2021,2022,2023,2024,2025"",""includeDesc"":true},{""endpoint"":""https://comtradeapi.un.org/public/v1/preview/C/A/HS"",""reporterCode"":76,""reporterISO"":""BRA"",""flowCode"":""X"",""cmdCode"":""090111"",""period"":""2020,2021,2022,2023,2024,2025"",""includeDesc"":true},{""endpoint"":""https://comtradeapi.un.org/public/v1/preview/C/A/HS"",""reporterCode"":360,""reporterISO"":""IDN"",""flowCode"":""X"",""cmdCode"":""090111"",""period"":""2020,2021,2022,2023,2024,2025"",""includeDesc"":true}]}",C,A,20210101,2021,360,IDN,Indonesia,144,LKA,Sri Lanka,0,W00,World,X,Export,H5,090111,Coffee; not roasted or decaffeinated,C00,TOTAL CPC,0,TOTAL MOT,8,kg,153,153,0,1275.7,true,false,true,"{""typeCode"":""C"",""freqCode"":""A"",""refPeriodId"":20210101,""refYear"":2021,""refMonth"":52,""period"":""2021"",""reporterCode"":360,""reporterISO"":""IDN"",""reporterDesc"":""Indonesia"",""flowCode"":""X"",""flowDesc"":""Export"",""partnerCode"":144,""partnerISO"":""LKA"",""partnerDesc"":""Sri Lanka"",""partner2Code"":0,""partner2ISO"":""W00"",""partner2Desc"":""World"",""classificationCode"":""H5"",""classificationSearchCode"":""HS"",""isOriginalClassification"":true,""cmdCode"":""090111"",""cmdDesc"":""Coffee; not roasted or decaffeinated"",""aggrLevel"":6,""isLeaf"":true,""customsCode"":""C00"",""customsDesc"":""TOTAL CPC"",""mosCode"":""0"",""motCode"":0,""motDesc"":""TOTAL MOT"",""qtyUnitCode"":8,""qtyUnitAbbr"":""kg"",""qty"":153,""isQtyEstimated"":false,""altQtyUnitCode"":8,""altQtyUnitAbbr"":""kg"",""altQty"":153,""isAltQtyEstimated"":false,""netWgt"":153,""isNetWgtEstimated"":false,""grossWgt"":0,""isGrossWgtEstimated"":false,""cifvalue"":null,""fobvalue"":1275.7,""primaryValue"":1275.7,""legacyEstimationFlag"":0,""isReported"":false,""isAggregate"":true}"
,UN Comtrade,https://comtradeapi.un.org/public/v1/preview/C/A/HS?reporterCode=360&flowCode=X&cmdCode=090111&period=2021&includeDesc=true,2026-05-30T18:34:22.015Z,"{""reporters"":[{""endpoint"":""https://comtradeapi.un.org/public/v1/preview/C/A/HS"",""reporterCode"":704,""reporterISO"":""VNM"",""flowCode"":""X"",""cmdCode"":""090111"",""period"":""2020,2021,2022,2023,2024,2025"",""includeDesc"":true},{""endpoint"":""https://comtradeapi.un.org/public/v1/preview/C/A/HS"",""reporterCode"":76,""reporterISO"":""BRA"",""flowCode"":""X"",""cmdCode"":""090111"",""period"":""2020,2021,2022,2023,2024,2025"",""includeDesc"":true},{""endpoint"":""https://comtradeapi.un.org/public/v1/preview/C/A/HS"",""reporterCode"":360,""reporterISO"":""IDN"",""flowCode"":""X"",""cmdCode"":""090111"",""period"":""2020,2021,2022,2023,2024,2025"",""includeDesc"":true}]}",C,A,20210101,2021,360,IDN,Indonesia,156,CHN,China,0,W00,World,X,Export,H5,090111,Coffee; not roasted or decaffeinated,C00,TOTAL CPC,0,TOTAL MOT,8,kg,4209033.96,4209033.96,0,12536843.2,true,false,true,"{""typeCode"":""C"",""freqCode"":""A"",""refPeriodId"":20210101,""refYear"":2021,""refMonth"":52,""period"":""2021"",""reporterCode"":360,""reporterISO"":""IDN"",""reporterDesc"":""Indonesia"",""flowCode"":""X"",""flowDesc"":""Export"",""partnerCode"":156,""partnerISO"":""CHN"",""partnerDesc"":""China"",""partner2Code"":0,""partner2ISO"":""W00"",""partner2Desc"":""World"",""classificationCode"":""H5"",""classificationSearchCode"":""HS"",""isOriginalClassification"":true,""cmdCode"":""090111"",""cmdDesc"":""Coffee; not roasted or decaffeinated"",""aggrLevel"":6,""isLeaf"":true,""customsCode"":""C00"",""customsDesc"":""TOTAL CPC"",""mosCode"":""0"",""motCode"":0,""motDesc"":""TOTAL MOT"",""qtyUnitCode"":8,""qtyUnitAbbr"":""kg"",""qty"":4209033.96,""isQtyEstimated"":false,""altQtyUnitCode"":8,""altQtyUnitAbbr"":""kg"",""altQty"":4209033.96,""isAltQtyEstimated"":false,""netWgt"":4209033.96,""isNetWgtEstimated"":false,""grossWgt"":0,""isGrossWgtEstimated"":false,""cifvalue"":null,""fobvalue"":12536843.2,""primaryValue"":12536843.2,""legacyEstimationFlag"":0,""isReported"":false,""isAggregate"":true}"
,UN Comtrade,https://comtradeapi.un.org/public/v1/preview/C/A/HS?reporterCode=360&flowCode=X&cmdCode=090111&period=2021&includeDesc=true,2026-05-30T18:34:22.015Z,"{""reporters"":[{""endpoint"":""https://comtradeapi.un.org/public/v1/preview/C/A/HS"",""reporterCode"":704,""reporterISO"":""VNM"",""flowCode"":""X"",""cmdCode"":""090111"",""period"":""2020,2021,2022,2023,2024,2025"",""includeDesc"":true},{""endpoint"":""https://comtradeapi.un.org/public/v1/preview/C/A/HS"",""reporterCode"":76,""reporterISO"":""BRA"",""flowCode"":""X"",""cmdCode"":""090111"",""period"":""2020,2021,2022,2023,2024,2025"",""includeDesc"":true},{""endpoint"":""https://comtradeapi.un.org/public/v1/preview/C/A/HS"",""reporterCode"":360,""reporterISO"":""IDN"",""flowCode"":""X"",""cmdCode"":""090111"",""period"":""2020,2021,2022,2023,2024,2025"",""includeDesc"":true}]}",C,A,20210101,2021,360,IDN,Indonesia,203,CZE,Czechia,0,W00,World,X,Export,H5,090111,Coffee; not roasted or decaffeinated,C00,TOTAL CPC,0,TOTAL MOT,8,kg,1567,1567,0,11316.25,true,false,true,"{""typeCode"":""C"",""freqCode"":""A"",""refPeriodId"":20210101,""refYear"":2021,""refMonth"":52,""period"":""2021"",""reporterCode"":360,""reporterISO"":""IDN"",""reporterDesc"":""Indonesia"",""flowCode"":""X"",""flowDesc"":""Export"",""partnerCode"":203,""partnerISO"":""CZE"",""partnerDesc"":""Czechia"",""partner2Code"":0,""partner2ISO"":""W00"",""partner2Desc"":""World"",""classificationCode"":""H5"",""classificationSearchCode"":""HS"",""isOriginalClassification"":true,""cmdCode"":""090111"",""cmdDesc"":""Coffee; not roasted or decaffeinated"",""aggrLevel"":6,""isLeaf"":true,""customsCode"":""C00"",""customsDesc"":""TOTAL CPC"",""mosCode"":""0"",""motCode"":0,""motDesc"":""TOTAL MOT"",""qtyUnitCode"":8,""qtyUnitAbbr"":""kg"",""qty"":1567,""isQtyEstimated"":false,""altQtyUnitCode"":8,""altQtyUnitAbbr"":""kg"",""altQty"":1567,""isAltQtyEstimated"":false,""netWgt"":1567,""isNetWgtEstimated"":false,""grossWgt"":0,""isGrossWgtEstimated"":false,""cifvalue"":null,""fobvalue"":11316.25,""primaryValue"":11316.25,""legacyEstimationFlag"":0,""isReported"":false,""isAggregate"":true}"
,UN Comtrade,https://comtradeapi.un.org/public/v1/preview/C/A/HS?reporterCode=360&flowCode=X&cmdCode=090111&period=2021&includeDesc=true,2026-05-30T18:34:22.015Z,"{""reporters"":[{""endpoint"":""https://comtradeapi.un.org/public/v1/preview/C/A/HS"",""reporterCode"":704,""reporterISO"":""VNM"",""flowCode"":""X"",""cmdCode"":""090111"",""period"":""2020,2021,2022,2023,2024,2025"",""includeDesc"":true},{""endpoint"":""https://comtradeapi.un.org/public/v1/preview/C/A/HS"",""reporterCode"":76,""reporterISO"":""BRA"",""flowCode"":""X"",""cmdCode"":""090111"",""period"":""2020,2021,2022,2023,2024,2025"",""includeDesc"":true},{""endpoint"":""https://comtradeapi.un.org/public/v1/preview/C/A/HS"",""reporterCode"":360,""reporterISO"":""IDN"",""flowCode"":""X"",""cmdCode"":""090111"",""period"":""2020,2021,2022,2023,2024,2025"",""includeDesc"":true}]}",C,A,20210101,2021,360,IDN,Indonesia,208,DNK,Denmark,0,W00,World,X,Export,H5,090111,Coffee; not roasted or decaffeinated,C00,TOTAL CPC,0,TOTAL MOT,8,kg,41300,41300,0,149330,true,false,true,"{""typeCode"":""C"",""freqCode"":""A"",""refPeriodId"":20210101,""refYear"":2021,""refMonth"":52,""period"":""2021"",""reporterCode"":360,""reporterISO"":""IDN"",""reporterDesc"":""Indonesia"",""flowCode"":""X"",""flowDesc"":""Export"",""partnerCode"":208,""partnerISO"":""DNK"",""partnerDesc"":""Denmark"",""partner2Code"":0,""partner2ISO"":""W00"",""partner2Desc"":""World"",""classificationCode"":""H5"",""classificationSearchCode"":""HS"",""isOriginalClassification"":true,""cmdCode"":""090111"",""cmdDesc"":""Coffee; not roasted or decaffeinated"",""aggrLevel"":6,""isLeaf"":true,""customsCode"":""C00"",""customsDesc"":""TOTAL CPC"",""mosCode"":""0"",""motCode"":0,""motDesc"":""TOTAL MOT"",""qtyUnitCode"":8,""qtyUnitAbbr"":""kg"",""qty"":41300,""isQtyEstimated"":false,""altQtyUnitCode"":8,""altQtyUnitAbbr"":""kg"",""altQty"":41300,""isAltQtyEstimated"":false,""netWgt"":41300,""isNetWgtEstimated"":false,""grossWgt"":0,""isGrossWgtEstimated"":false,""cifvalue"":null,""fobvalue"":149330,""primaryValue"":149330,""legacyEstimationFlag"":0,""isReported"":false,""isAggregate"":true}"
,UN Comtrade,https://comtradeapi.un.org/public/v1/preview/C/A/HS?reporterCode=360&flowCode=X&cmdCode=090111&period=2021&includeDesc=true,2026-05-30T18:34:22.015Z,"{""reporters"":[{""endpoint"":""https://comtradeapi.un.org/public/v1/preview/C/A/HS"",""reporterCode"":704,""reporterISO"":""VNM"",""flowCode"":""X"",""cmdCode"":""090111"",""period"":""2020,2021,2022,2023,2024,2025"",""includeDesc"":true},{""endpoint"":""https://comtradeapi.un.org/public/v1/preview/C/A/HS"",""reporterCode"":76,""reporterISO"":""BRA"",""flowCode"":""X"",""cmdCode"":""090111"",""period"":""2020,2021,2022,2023,2024,2025"",""includeDesc"":true},{""endpoint"":""https://comtradeapi.un.org/public/v1/preview/C/A/HS"",""reporterCode"":360,""reporterISO"":""IDN"",""flowCode"":""X"",""cmdCode"":""090111"",""period"":""2020,2021,2022,2023,2024,2025"",""includeDesc"":true}]}",C,A,20210101,2021,360,IDN,Indonesia,218,ECU,Ecuador,0,W00,World,X,Export,H5,090111,Coffee; not roasted or decaffeinated,C00,TOTAL CPC,0,TOTAL MOT,8,kg,3144003,3144003,0,5455517.6,true,false,true,"{""typeCode"":""C"",""freqCode"":""A"",""refPeriodId"":20210101,""refYear"":2021,""refMonth"":52,""period"":""2021"",""reporterCode"":360,""reporterISO"":""IDN"",""reporterDesc"":""Indonesia"",""flowCode"":""X"",""flowDesc"":""Export"",""partnerCode"":218,""partnerISO"":""ECU"",""partnerDesc"":""Ecuador"",""partner2Code"":0,""partner2ISO"":""W00"",""partner2Desc"":""World"",""classificationCode"":""H5"",""classificationSearchCode"":""HS"",""isOriginalClassification"":true,""cmdCode"":""090111"",""cmdDesc"":""Coffee; not roasted or decaffeinated"",""aggrLevel"":6,""isLeaf"":true,""customsCode"":""C00"",""customsDesc"":""TOTAL CPC"",""mosCode"":""0"",""motCode"":0,""motDesc"":""TOTAL MOT"",""qtyUnitCode"":8,""qtyUnitAbbr"":""kg"",""qty"":3144003,""isQtyEstimated"":false,""altQtyUnitCode"":8,""altQtyUnitAbbr"":""kg"",""altQty"":3144003,""isAltQtyEstimated"":false,""netWgt"":3144003,""isNetWgtEstimated"":false,""grossWgt"":0,""isGrossWgtEstimated"":false,""cifvalue"":null,""fobvalue"":5455517.6,""primaryValue"":5455517.6,""legacyEstimationFlag"":0,""isReported"":false,""isAggregate"":true}"
,UN Comtrade,https://comtradeapi.un.org/public/v1/preview/C/A/HS?reporterCode=360&flowCode=X&cmdCode=090111&period=2021&includeDesc=true,2026-05-30T18:34:22.015Z,"{""reporters"":[{""endpoint"":""https://comtradeapi.un.org/public/v1/preview/C/A/HS"",""reporterCode"":704,""reporterISO"":""VNM"",""flowCode"":""X"",""cmdCode"":""090111"",""period"":""2020,2021,2022,2023,2024,2025"",""includeDesc"":true},{""endpoint"":""https://comtradeapi.un.org/public/v1/preview/C/A/HS"",""reporterCode"":76,""reporterISO"":""BRA"",""flowCode"":""X"",""cmdCode"":""090111"",""period"":""2020,2021,2022,2023,2024,2025"",""includeDesc"":true},{""endpoint"":""https://comtradeapi.un.org/public/v1/preview/C/A/HS"",""reporterCode"":360,""reporterISO"":""IDN"",""flowCode"":""X"",""cmdCode"":""090111"",""period"":""2020,2021,2022,2023,2024,2025"",""includeDesc"":true}]}",C,A,20210101,2021,360,IDN,Indonesia,233,EST,Estonia,0,W00,World,X,Export,H5,090111,Coffee; not roasted or decaffeinated,C00,TOTAL CPC,0,TOTAL MOT,8,kg,130200,130200,0,224353.2,true,false,true,"{""typeCode"":""C"",""freqCode"":""A"",""refPeriodId"":20210101,""refYear"":2021,""refMonth"":52,""period"":""2021"",""reporterCode"":360,""reporterISO"":""IDN"",""reporterDesc"":""Indonesia"",""flowCode"":""X"",""flowDesc"":""Export"",""partnerCode"":233,""partnerISO"":""EST"",""partnerDesc"":""Estonia"",""partner2Code"":0,""partner2ISO"":""W00"",""partner2Desc"":""World"",""classificationCode"":""H5"",""classificationSearchCode"":""HS"",""isOriginalClassification"":true,""cmdCode"":""090111"",""cmdDesc"":""Coffee; not roasted or decaffeinated"",""aggrLevel"":6,""isLeaf"":true,""customsCode"":""C00"",""customsDesc"":""TOTAL CPC"",""mosCode"":""0"",""motCode"":0,""motDesc"":""TOTAL MOT"",""qtyUnitCode"":8,""qtyUnitAbbr"":""kg"",""qty"":130200,""isQtyEstimated"":false,""altQtyUnitCode"":8,""altQtyUnitAbbr"":""kg"",""altQty"":130200,""isAltQtyEstimated"":false,""netWgt"":130200,""isNetWgtEstimated"":false,""grossWgt"":0,""isGrossWgtEstimated"":false,""cifvalue"":null,""fobvalue"":224353.2,""primaryValue"":224353.2,""legacyEstimationFlag"":0,""isReported"":false,""isAggregate"":true}"
,UN Comtrade,https://comtradeapi.un.org/public/v1/preview/C/A/HS?reporterCode=360&flowCode=X&cmdCode=090111&period=2021&includeDesc=true,2026-05-30T18:34:22.015Z,"{""reporters"":[{""endpoint"":""https://comtradeapi.un.org/public/v1/preview/C/A/HS"",""reporterCode"":704,""reporterISO"":""VNM"",""flowCode"":""X"",""cmdCode"":""090111"",""period"":""2020,2021,2022,2023,2024,2025"",""includeDesc"":true},{""endpoint"":""https://comtradeapi.un.org/public/v1/preview/C/A/HS"",""reporterCode"":76,""reporterISO"":""BRA"",""flowCode"":""X"",""cmdCode"":""090111"",""period"":""2020,2021,2022,2023,2024,2025"",""includeDesc"":true},{""endpoint"":""https://comtradeapi.un.org/public/v1/preview/C/A/HS"",""reporterCode"":360,""reporterISO"":""IDN"",""flowCode"":""X"",""cmdCode"":""090111"",""period"":""2020,2021,2022,2023,2024,2025"",""includeDesc"":true}]}",C,A,20210101,2021,360,IDN,Indonesia,246,FIN,Finland,0,W00,World,X,Export,H5,090111,Coffee; not roasted or decaffeinated,C00,TOTAL CPC,0,TOTAL MOT,8,kg,56401,56401,0,178135,true,false,true,"{""typeCode"":""C"",""freqCode"":""A"",""refPeriodId"":20210101,""refYear"":2021,""refMonth"":52,""period"":""2021"",""reporterCode"":360,""reporterISO"":""IDN"",""reporterDesc"":""Indonesia"",""flowCode"":""X"",""flowDesc"":""Export"",""partnerCode"":246,""partnerISO"":""FIN"",""partnerDesc"":""Finland"",""partner2Code"":0,""partner2ISO"":""W00"",""partner2Desc"":""World"",""classificationCode"":""H5"",""classificationSearchCode"":""HS"",""isOriginalClassification"":true,""cmdCode"":""090111"",""cmdDesc"":""Coffee; not roasted or decaffeinated"",""aggrLevel"":6,""isLeaf"":true,""customsCode"":""C00"",""customsDesc"":""TOTAL CPC"",""mosCode"":""0"",""motCode"":0,""motDesc"":""TOTAL MOT"",""qtyUnitCode"":8,""qtyUnitAbbr"":""kg"",""qty"":56401,""isQtyEstimated"":false,""altQtyUnitCode"":8,""altQtyUnitAbbr"":""kg"",""altQty"":56401,""isAltQtyEstimated"":false,""netWgt"":56401,""isNetWgtEstimated"":false,""grossWgt"":0,""isGrossWgtEstimated"":false,""cifvalue"":null,""fobvalue"":178135,""primaryValue"":178135,""legacyEstimationFlag"":0,""isReported"":false,""isAggregate"":true}"
,UN Comtrade,https://comtradeapi.un.org/public/v1/preview/C/A/HS?reporterCode=360&flowCode=X&cmdCode=090111&period=2021&includeDesc=true,2026-05-30T18:34:22.015Z,"{""reporters"":[{""endpoint"":""https://comtradeapi.un.org/public/v1/preview/C/A/HS"",""reporterCode"":704,""reporterISO"":""VNM"",""flowCode"":""X"",""cmdCode"":""090111"",""period"":""2020,2021,2022,2023,2024,2025"",""includeDesc"":true},{""endpoint"":""https://comtradeapi.un.org/public/v1/preview/C/A/HS"",""reporterCode"":76,""reporterISO"":""BRA"",""flowCode"":""X"",""cmdCode"":""090111"",""period"":""2020,2021,2022,2023,2024,2025"",""includeDesc"":true},{""endpoint"":""https://comtradeapi.un.org/public/v1/preview/C/A/HS"",""reporterCode"":360,""reporterISO"":""IDN"",""flowCode"":""X"",""cmdCode"":""090111"",""period"":""2020,2021,2022,2023,2024,2025"",""includeDesc"":true}]}",C,A,20210101,2021,360,IDN,Indonesia,251,FRA,France,0,W00,World,X,Export,H5,090111,Coffee; not roasted or decaffeinated,C00,TOTAL CPC,0,TOTAL MOT,8,kg,5993432.8,5993432.8,0,11621680.523,true,false,true,"{""typeCode"":""C"",""freqCode"":""A"",""refPeriodId"":20210101,""refYear"":2021,""refMonth"":52,""period"":""2021"",""reporterCode"":360,""reporterISO"":""IDN"",""reporterDesc"":""Indonesia"",""flowCode"":""X"",""flowDesc"":""Export"",""partnerCode"":251,""partnerISO"":""FRA"",""partnerDesc"":""France"",""partner2Code"":0,""partner2ISO"":""W00"",""partner2Desc"":""World"",""classificationCode"":""H5"",""classificationSearchCode"":""HS"",""isOriginalClassification"":true,""cmdCode"":""090111"",""cmdDesc"":""Coffee; not roasted or decaffeinated"",""aggrLevel"":6,""isLeaf"":true,""customsCode"":""C00"",""customsDesc"":""TOTAL CPC"",""mosCode"":""0"",""motCode"":0,""motDesc"":""TOTAL MOT"",""qtyUnitCode"":8,""qtyUnitAbbr"":""kg"",""qty"":5993432.8,""isQtyEstimated"":false,""altQtyUnitCode"":8,""altQtyUnitAbbr"":""kg"",""altQty"":5993432.8,""isAltQtyEstimated"":false,""netWgt"":5993432.8,""isNetWgtEstimated"":false,""grossWgt"":0,""isGrossWgtEstimated"":false,""cifvalue"":null,""fobvalue"":11621680.523,""primaryValue"":11621680.523,""legacyEstimationFlag"":0,""isReported"":false,""isAggregate"":true}"
,UN Comtrade,https://comtradeapi.un.org/public/v1/preview/C/A/HS?reporterCode=360&flowCode=X&cmdCode=090111&period=2021&includeDesc=true,2026-05-30T18:34:22.015Z,"{""reporters"":[{""endpoint"":""https://comtradeapi.un.org/public/v1/preview/C/A/HS"",""reporterCode"":704,""reporterISO"":""VNM"",""flowCode"":""X"",""cmdCode"":""090111"",""period"":""2020,2021,2022,2023,2024,2025"",""includeDesc"":true},{""endpoint"":""https://comtradeapi.un.org/public/v1/preview/C/A/HS"",""reporterCode"":76,""reporterISO"":""BRA"",""flowCode"":""X"",""cmdCode"":""090111"",""period"":""2020,2021,2022,2023,2024,2025"",""includeDesc"":true},{""endpoint"":""https://comtradeapi.un.org/public/v1/preview/C/A/HS"",""reporterCode"":360,""reporterISO"":""IDN"",""flowCode"":""X"",""cmdCode"":""090111"",""period"":""2020,2021,2022,2023,2024,2025"",""includeDesc"":true}]}",C,A,20210101,2021,360,IDN,Indonesia,268,GEO,Georgia,0,W00,World,X,Export,H5,090111,Coffee; not roasted or decaffeinated,C00,TOTAL CPC,0,TOTAL MOT,8,kg,13398000,13398000,0,23339096.02,true,false,true,"{""typeCode"":""C"",""freqCode"":""A"",""refPeriodId"":20210101,""refYear"":2021,""refMonth"":52,""period"":""2021"",""reporterCode"":360,""reporterISO"":""IDN"",""reporterDesc"":""Indonesia"",""flowCode"":""X"",""flowDesc"":""Export"",""partnerCode"":268,""partnerISO"":""GEO"",""partnerDesc"":""Georgia"",""partner2Code"":0,""partner2ISO"":""W00"",""partner2Desc"":""World"",""classificationCode"":""H5"",""classificationSearchCode"":""HS"",""isOriginalClassification"":true,""cmdCode"":""090111"",""cmdDesc"":""Coffee; not roasted or decaffeinated"",""aggrLevel"":6,""isLeaf"":true,""customsCode"":""C00"",""customsDesc"":""TOTAL CPC"",""mosCode"":""0"",""motCode"":0,""motDesc"":""TOTAL MOT"",""qtyUnitCode"":8,""qtyUnitAbbr"":""kg"",""qty"":13398000,""isQtyEstimated"":false,""altQtyUnitCode"":8,""altQtyUnitAbbr"":""kg"",""altQty"":13398000,""isAltQtyEstimated"":false,""netWgt"":13398000,""isNetWgtEstimated"":false,""grossWgt"":0,""isGrossWgtEstimated"":false,""cifvalue"":null,""fobvalue"":23339096.02,""primaryValue"":23339096.02,""legacyEstimationFlag"":0,""isReported"":false,""isAggregate"":true}"
,UN Comtrade,https://comtradeapi.un.org/public/v1/preview/C/A/HS?reporterCode=360&flowCode=X&cmdCode=090111&period=2021&includeDesc=true,2026-05-30T18:34:22.015Z,"{""reporters"":[{""endpoint"":""https://comtradeapi.un.org/public/v1/preview/C/A/HS"",""reporterCode"":704,""reporterISO"":""VNM"",""flowCode"":""X"",""cmdCode"":""090111"",""period"":""2020,2021,2022,2023,2024,2025"",""includeDesc"":true},{""endpoint"":""https://comtradeapi.un.org/public/v1/preview/C/A/HS"",""reporterCode"":76,""reporterISO"":""BRA"",""flowCode"":""X"",""cmdCode"":""090111"",""period"":""2020,2021,2022,2023,2024,2025"",""includeDesc"":true},{""endpoint"":""https://comtradeapi.un.org/public/v1/preview/C/A/HS"",""reporterCode"":360,""reporterISO"":""IDN"",""flowCode"":""X"",""cmdCode"":""090111"",""period"":""2020,2021,2022,2023,2024,2025"",""includeDesc"":true}]}",C,A,20210101,2021,360,IDN,Indonesia,275,PSE,State of Palestine,0,W00,World,X,Export,H5,090111,Coffee; not roasted or decaffeinated,C00,TOTAL CPC,0,TOTAL MOT,8,kg,19161.3,19161.3,0,31912.96,true,false,true,"{""typeCode"":""C"",""freqCode"":""A"",""refPeriodId"":20210101,""refYear"":2021,""refMonth"":52,""period"":""2021"",""reporterCode"":360,""reporterISO"":""IDN"",""reporterDesc"":""Indonesia"",""flowCode"":""X"",""flowDesc"":""Export"",""partnerCode"":275,""partnerISO"":""PSE"",""partnerDesc"":""State of Palestine"",""partner2Code"":0,""partner2ISO"":""W00"",""partner2Desc"":""World"",""classificationCode"":""H5"",""classificationSearchCode"":""HS"",""isOriginalClassification"":true,""cmdCode"":""090111"",""cmdDesc"":""Coffee; not roasted or decaffeinated"",""aggrLevel"":6,""isLeaf"":true,""customsCode"":""C00"",""customsDesc"":""TOTAL CPC"",""mosCode"":""0"",""motCode"":0,""motDesc"":""TOTAL MOT"",""qtyUnitCode"":8,""qtyUnitAbbr"":""kg"",""qty"":19161.3,""isQtyEstimated"":false,""altQtyUnitCode"":8,""altQtyUnitAbbr"":""kg"",""altQty"":19161.3,""isAltQtyEstimated"":false,""netWgt"":19161.3,""isNetWgtEstimated"":false,""grossWgt"":0,""isGrossWgtEstimated"":false,""cifvalue"":null,""fobvalue"":31912.96,""primaryValue"":31912.96,""legacyEstimationFlag"":0,""isReported"":false,""isAggregate"":true}"
,UN Comtrade,https://comtradeapi.un.org/public/v1/preview/C/A/HS?reporterCode=360&flowCode=X&cmdCode=090111&period=2021&includeDesc=true,2026-05-30T18:34:22.015Z,"{""reporters"":[{""endpoint"":""https://comtradeapi.un.org/public/v1/preview/C/A/HS"",""reporterCode"":704,""reporterISO"":""VNM"",""flowCode"":""X"",""cmdCode"":""090111"",""period"":""2020,2021,2022,2023,2024,2025"",""includeDesc"":true},{""endpoint"":""https://comtradeapi.un.org/public/v1/preview/C/A/HS"",""reporterCode"":76,""reporterISO"":""BRA"",""flowCode"":""X"",""cmdCode"":""090111"",""period"":""2020,2021,2022,2023,2024,2025"",""includeDesc"":true},{""endpoint"":""https://comtradeapi.un.org/public/v1/preview/C/A/HS"",""reporterCode"":360,""reporterISO"":""IDN"",""flowCode"":""X"",""cmdCode"":""090111"",""period"":""2020,2021,2022,2023,2024,2025"",""includeDesc"":true}]}",C,A,20210101,2021,360,IDN,Indonesia,276,DEU,Germany,0,W00,World,X,Export,H5,090111,Coffee; not roasted or decaffeinated,C00,TOTAL CPC,0,TOTAL MOT,8,kg,13334818.64,13334818.64,0,30399245.508,true,false,true,"{""typeCode"":""C"",""freqCode"":""A"",""refPeriodId"":20210101,""refYear"":2021,""refMonth"":52,""period"":""2021"",""reporterCode"":360,""reporterISO"":""IDN"",""reporterDesc"":""Indonesia"",""flowCode"":""X"",""flowDesc"":""Export"",""partnerCode"":276,""partnerISO"":""DEU"",""partnerDesc"":""Germany"",""partner2Code"":0,""partner2ISO"":""W00"",""partner2Desc"":""World"",""classificationCode"":""H5"",""classificationSearchCode"":""HS"",""isOriginalClassification"":true,""cmdCode"":""090111"",""cmdDesc"":""Coffee; not roasted or decaffeinated"",""aggrLevel"":6,""isLeaf"":true,""customsCode"":""C00"",""customsDesc"":""TOTAL CPC"",""mosCode"":""0"",""motCode"":0,""motDesc"":""TOTAL MOT"",""qtyUnitCode"":8,""qtyUnitAbbr"":""kg"",""qty"":13334818.64,""isQtyEstimated"":false,""altQtyUnitCode"":8,""altQtyUnitAbbr"":""kg"",""altQty"":13334818.64,""isAltQtyEstimated"":false,""netWgt"":13334818.64,""isNetWgtEstimated"":false,""grossWgt"":0,""isGrossWgtEstimated"":false,""cifvalue"":null,""fobvalue"":30399245.508,""primaryValue"":30399245.508,""legacyEstimationFlag"":0,""isReported"":false,""isAggregate"":true}"
,UN Comtrade,https://comtradeapi.un.org/public/v1/preview/C/A/HS?reporterCode=360&flowCode=X&cmdCode=090111&period=2021&includeDesc=true,2026-05-30T18:34:22.015Z,"{""reporters"":[{""endpoint"":""https://comtradeapi.un.org/public/v1/preview/C/A/HS"",""reporterCode"":704,""reporterISO"":""VNM"",""flowCode"":""X"",""cmdCode"":""090111"",""period"":""2020,2021,2022,2023,2024,2025"",""includeDesc"":true},{""endpoint"":""https://comtradeapi.un.org/public/v1/preview/C/A/HS"",""reporterCode"":76,""reporterISO"":""BRA"",""flowCode"":""X"",""cmdCode"":""090111"",""period"":""2020,2021,2022,2023,2024,2025"",""includeDesc"":true},{""endpoint"":""https://comtradeapi.un.org/public/v1/preview/C/A/HS"",""reporterCode"":360,""reporterISO"":""IDN"",""flowCode"":""X"",""cmdCode"":""090111"",""period"":""2020,2021,2022,2023,2024,2025"",""includeDesc"":true}]}",C,A,20210101,2021,360,IDN,Indonesia,300,GRC,Greece,0,W00,World,X,Export,H5,090111,Coffee; not roasted or decaffeinated,C00,TOTAL CPC,0,TOTAL MOT,8,kg,2125800,2125800,0,3863119.58,true,false,true,"{""typeCode"":""C"",""freqCode"":""A"",""refPeriodId"":20210101,""refYear"":2021,""refMonth"":52,""period"":""2021"",""reporterCode"":360,""reporterISO"":""IDN"",""reporterDesc"":""Indonesia"",""flowCode"":""X"",""flowDesc"":""Export"",""partnerCode"":300,""partnerISO"":""GRC"",""partnerDesc"":""Greece"",""partner2Code"":0,""partner2ISO"":""W00"",""partner2Desc"":""World"",""classificationCode"":""H5"",""classificationSearchCode"":""HS"",""isOriginalClassification"":true,""cmdCode"":""090111"",""cmdDesc"":""Coffee; not roasted or decaffeinated"",""aggrLevel"":6,""isLeaf"":true,""customsCode"":""C00"",""customsDesc"":""TOTAL CPC"",""mosCode"":""0"",""motCode"":0,""motDesc"":""TOTAL MOT"",""qtyUnitCode"":8,""qtyUnitAbbr"":""kg"",""qty"":2125800,""isQtyEstimated"":false,""altQtyUnitCode"":8,""altQtyUnitAbbr"":""kg"",""altQty"":2125800,""isAltQtyEstimated"":false,""netWgt"":2125800,""isNetWgtEstimated"":false,""grossWgt"":0,""isGrossWgtEstimated"":false,""cifvalue"":null,""fobvalue"":3863119.58,""primaryValue"":3863119.58,""legacyEstimationFlag"":0,""isReported"":false,""isAggregate"":true}"
,UN Comtrade,https://comtradeapi.un.org/public/v1/preview/C/A/HS?reporterCode=360&flowCode=X&cmdCode=090111&period=2021&includeDesc=true,2026-05-30T18:34:22.015Z,"{""reporters"":[{""endpoint"":""https://comtradeapi.un.org/public/v1/preview/C/A/HS"",""reporterCode"":704,""reporterISO"":""VNM"",""flowCode"":""X"",""cmdCode"":""090111"",""period"":""2020,2021,2022,2023,2024,2025"",""includeDesc"":true},{""endpoint"":""https://comtradeapi.un.org/public/v1/preview/C/A/HS"",""reporterCode"":76,""reporterISO"":""BRA"",""flowCode"":""X"",""cmdCode"":""090111"",""period"":""2020,2021,2022,2023,2024,2025"",""includeDesc"":true},{""endpoint"":""https://comtradeapi.un.org/public/v1/preview/C/A/HS"",""reporterCode"":360,""reporterISO"":""IDN"",""flowCode"":""X"",""cmdCode"":""090111"",""period"":""2020,2021,2022,2023,2024,2025"",""includeDesc"":true}]}",C,A,20210101,2021,360,IDN,Indonesia,344,HKG,"China, Hong Kong SAR",0,W00,World,X,Export,H5,090111,Coffee; not roasted or decaffeinated,C00,TOTAL CPC,0,TOTAL MOT,8,kg,1162251.25,1162251.25,0,2412502.642,true,false,true,"{""typeCode"":""C"",""freqCode"":""A"",""refPeriodId"":20210101,""refYear"":2021,""refMonth"":52,""period"":""2021"",""reporterCode"":360,""reporterISO"":""IDN"",""reporterDesc"":""Indonesia"",""flowCode"":""X"",""flowDesc"":""Export"",""partnerCode"":344,""partnerISO"":""HKG"",""partnerDesc"":""China, Hong Kong SAR"",""partner2Code"":0,""partner2ISO"":""W00"",""partner2Desc"":""World"",""classificationCode"":""H5"",""classificationSearchCode"":""HS"",""isOriginalClassification"":true,""cmdCode"":""090111"",""cmdDesc"":""Coffee; not roasted or decaffeinated"",""aggrLevel"":6,""isLeaf"":true,""customsCode"":""C00"",""customsDesc"":""TOTAL CPC"",""mosCode"":""0"",""motCode"":0,""motDesc"":""TOTAL MOT"",""qtyUnitCode"":8,""qtyUnitAbbr"":""kg"",""qty"":1162251.25,""isQtyEstimated"":false,""altQtyUnitCode"":8,""altQtyUnitAbbr"":""kg"",""altQty"":1162251.25,""isAltQtyEstimated"":false,""netWgt"":1162251.25,""isNetWgtEstimated"":false,""grossWgt"":0,""isGrossWgtEstimated"":false,""cifvalue"":null,""fobvalue"":2412502.642,""primaryValue"":2412502.642,""legacyEstimationFlag"":0,""isReported"":false,""isAggregate"":true}"
,UN Comtrade,https://comtradeapi.un.org/public/v1/preview/C/A/HS?reporterCode=360&flowCode=X&cmdCode=090111&period=2021&includeDesc=true,2026-05-30T18:34:22.015Z,"{""reporters"":[{""endpoint"":""https://comtradeapi.un.org/public/v1/preview/C/A/HS"",""reporterCode"":704,""reporterISO"":""VNM"",""flowCode"":""X"",""cmdCode"":""090111"",""period"":""2020,2021,2022,2023,2024,2025"",""includeDesc"":true},{""endpoint"":""https://comtradeapi.un.org/public/v1/preview/C/A/HS"",""reporterCode"":76,""reporterISO"":""BRA"",""flowCode"":""X"",""cmdCode"":""090111"",""period"":""2020,2021,2022,2023,2024,2025"",""includeDesc"":true},{""endpoint"":""https://comtradeapi.un.org/public/v1/preview/C/A/HS"",""reporterCode"":360,""reporterISO"":""IDN"",""flowCode"":""X"",""cmdCode"":""090111"",""period"":""2020,2021,2022,2023,2024,2025"",""includeDesc"":true}]}",C,A,20210101,2021,360,IDN,Indonesia,348,HUN,Hungary,0,W00,World,X,Export,H5,090111,Coffee; not roasted or decaffeinated,C00,TOTAL CPC,0,TOTAL MOT,8,kg,260,260,0,700,true,false,true,"{""typeCode"":""C"",""freqCode"":""A"",""refPeriodId"":20210101,""refYear"":2021,""refMonth"":52,""period"":""2021"",""reporterCode"":360,""reporterISO"":""IDN"",""reporterDesc"":""Indonesia"",""flowCode"":""X"",""flowDesc"":""Export"",""partnerCode"":348,""partnerISO"":""HUN"",""partnerDesc"":""Hungary"",""partner2Code"":0,""partner2ISO"":""W00"",""partner2Desc"":""World"",""classificationCode"":""H5"",""classificationSearchCode"":""HS"",""isOriginalClassification"":true,""cmdCode"":""090111"",""cmdDesc"":""Coffee; not roasted or decaffeinated"",""aggrLevel"":6,""isLeaf"":true,""customsCode"":""C00"",""customsDesc"":""TOTAL CPC"",""mosCode"":""0"",""motCode"":0,""motDesc"":""TOTAL MOT"",""qtyUnitCode"":8,""qtyUnitAbbr"":""kg"",""qty"":260,""isQtyEstimated"":false,""altQtyUnitCode"":8,""altQtyUnitAbbr"":""kg"",""altQty"":260,""isAltQtyEstimated"":false,""netWgt"":260,""isNetWgtEstimated"":false,""grossWgt"":0,""isGrossWgtEstimated"":false,""cifvalue"":null,""fobvalue"":700,""primaryValue"":700,""legacyEstimationFlag"":0,""isReported"":false,""isAggregate"":true}"
,UN Comtrade,https://comtradeapi.un.org/public/v1/preview/C/A/HS?reporterCode=360&flowCode=X&cmdCode=090111&period=2021&includeDesc=true,2026-05-30T18:34:22.015Z,"{""reporters"":[{""endpoint"":""https://comtradeapi.un.org/public/v1/preview/C/A/HS"",""reporterCode"":704,""reporterISO"":""VNM"",""flowCode"":""X"",""cmdCode"":""090111"",""period"":""2020,2021,2022,2023,2024,2025"",""includeDesc"":true},{""endpoint"":""https://comtradeapi.un.org/public/v1/preview/C/A/HS"",""reporterCode"":76,""reporterISO"":""BRA"",""flowCode"":""X"",""cmdCode"":""090111"",""period"":""2020,2021,2022,2023,2024,2025"",""includeDesc"":true},{""endpoint"":""https://comtradeapi.un.org/public/v1/preview/C/A/HS"",""reporterCode"":360,""reporterISO"":""IDN"",""flowCode"":""X"",""cmdCode"":""090111"",""period"":""2020,2021,2022,2023,2024,2025"",""includeDesc"":true}]}",C,A,20210101,2021,360,IDN,Indonesia,352,ISL,Iceland,0,W00,World,X,Export,H5,090111,Coffee; not roasted or decaffeinated,C00,TOTAL CPC,0,TOTAL MOT,8,kg,13000,13000,0,59800,true,false,true,"{""typeCode"":""C"",""freqCode"":""A"",""refPeriodId"":20210101,""refYear"":2021,""refMonth"":52,""period"":""2021"",""reporterCode"":360,""reporterISO"":""IDN"",""reporterDesc"":""Indonesia"",""flowCode"":""X"",""flowDesc"":""Export"",""partnerCode"":352,""partnerISO"":""ISL"",""partnerDesc"":""Iceland"",""partner2Code"":0,""partner2ISO"":""W00"",""partner2Desc"":""World"",""classificationCode"":""H5"",""classificationSearchCode"":""HS"",""isOriginalClassification"":true,""cmdCode"":""090111"",""cmdDesc"":""Coffee; not roasted or decaffeinated"",""aggrLevel"":6,""isLeaf"":true,""customsCode"":""C00"",""customsDesc"":""TOTAL CPC"",""mosCode"":""0"",""motCode"":0,""motDesc"":""TOTAL MOT"",""qtyUnitCode"":8,""qtyUnitAbbr"":""kg"",""qty"":13000,""isQtyEstimated"":false,""altQtyUnitCode"":8,""altQtyUnitAbbr"":""kg"",""altQty"":13000,""isAltQtyEstimated"":false,""netWgt"":13000,""isNetWgtEstimated"":false,""grossWgt"":0,""isGrossWgtEstimated"":false,""cifvalue"":null,""fobvalue"":59800,""primaryValue"":59800,""legacyEstimationFlag"":0,""isReported"":false,""isAggregate"":true}"
,UN Comtrade,https://comtradeapi.un.org/public/v1/preview/C/A/HS?reporterCode=360&flowCode=X&cmdCode=090111&period=2021&includeDesc=true,2026-05-30T18:34:22.015Z,"{""reporters"":[{""endpoint"":""https://comtradeapi.un.org/public/v1/preview/C/A/HS"",""reporterCode"":704,""reporterISO"":""VNM"",""flowCode"":""X"",""cmdCode"":""090111"",""period"":""2020,2021,2022,2023,2024,2025"",""includeDesc"":true},{""endpoint"":""https://comtradeapi.un.org/public/v1/preview/C/A/HS"",""reporterCode"":76,""reporterISO"":""BRA"",""flowCode"":""X"",""cmdCode"":""090111"",""period"":""2020,2021,2022,2023,2024,2025"",""includeDesc"":true},{""endpoint"":""https://comtradeapi.un.org/public/v1/preview/C/A/HS"",""reporterCode"":360,""reporterISO"":""IDN"",""flowCode"":""X"",""cmdCode"":""090111"",""period"":""2020,2021,2022,2023,2024,2025"",""includeDesc"":true}]}",C,A,20210101,2021,360,IDN,Indonesia,364,IRN,Iran,0,W00,World,X,Export,H5,090111,Coffee; not roasted or decaffeinated,C00,TOTAL CPC,0,TOTAL MOT,8,kg,1131840.5,1131840.5,0,2240427.628,true,false,true,"{""typeCode"":""C"",""freqCode"":""A"",""refPeriodId"":20210101,""refYear"":2021,""refMonth"":52,""period"":""2021"",""reporterCode"":360,""reporterISO"":""IDN"",""reporterDesc"":""Indonesia"",""flowCode"":""X"",""flowDesc"":""Export"",""partnerCode"":364,""partnerISO"":""IRN"",""partnerDesc"":""Iran"",""partner2Code"":0,""partner2ISO"":""W00"",""partner2Desc"":""World"",""classificationCode"":""H5"",""classificationSearchCode"":""HS"",""isOriginalClassification"":true,""cmdCode"":""090111"",""cmdDesc"":""Coffee; not roasted or decaffeinated"",""aggrLevel"":6,""isLeaf"":true,""customsCode"":""C00"",""customsDesc"":""TOTAL CPC"",""mosCode"":""0"",""motCode"":0,""motDesc"":""TOTAL MOT"",""qtyUnitCode"":8,""qtyUnitAbbr"":""kg"",""qty"":1131840.5,""isQtyEstimated"":false,""altQtyUnitCode"":8,""altQtyUnitAbbr"":""kg"",""altQty"":1131840.5,""isAltQtyEstimated"":false,""netWgt"":1131840.5,""isNetWgtEstimated"":false,""grossWgt"":0,""isGrossWgtEstimated"":false,""cifvalue"":null,""fobvalue"":2240427.628,""primaryValue"":2240427.628,""legacyEstimationFlag"":0,""isReported"":false,""isAggregate"":true}"
,UN Comtrade,https://comtradeapi.un.org/public/v1/preview/C/A/HS?reporterCode=360&flowCode=X&cmdCode=090111&period=2021&includeDesc=true,2026-05-30T18:34:22.015Z,"{""reporters"":[{""endpoint"":""https://comtradeapi.un.org/public/v1/preview/C/A/HS"",""reporterCode"":704,""reporterISO"":""VNM"",""flowCode"":""X"",""cmdCode"":""090111"",""period"":""2020,2021,2022,2023,2024,2025"",""includeDesc"":true},{""endpoint"":""https://comtradeapi.un.org/public/v1/preview/C/A/HS"",""reporterCode"":76,""reporterISO"":""BRA"",""flowCode"":""X"",""cmdCode"":""090111"",""period"":""2020,2021,2022,2023,2024,2025"",""includeDesc"":true},{""endpoint"":""https://comtradeapi.un.org/public/v1/preview/C/A/HS"",""reporterCode"":360,""reporterISO"":""IDN"",""flowCode"":""X"",""cmdCode"":""090111"",""period"":""2020,2021,2022,2023,2024,2025"",""includeDesc"":true}]}",C,A,20210101,2021,360,IDN,Indonesia,372,IRL,Ireland,0,W00,World,X,Export,H5,090111,Coffee; not roasted or decaffeinated,C00,TOTAL CPC,0,TOTAL MOT,8,kg,327480.93,327480.93,0,1458929.64,true,false,true,"{""typeCode"":""C"",""freqCode"":""A"",""refPeriodId"":20210101,""refYear"":2021,""refMonth"":52,""period"":""2021"",""reporterCode"":360,""reporterISO"":""IDN"",""reporterDesc"":""Indonesia"",""flowCode"":""X"",""flowDesc"":""Export"",""partnerCode"":372,""partnerISO"":""IRL"",""partnerDesc"":""Ireland"",""partner2Code"":0,""partner2ISO"":""W00"",""partner2Desc"":""World"",""classificationCode"":""H5"",""classificationSearchCode"":""HS"",""isOriginalClassification"":true,""cmdCode"":""090111"",""cmdDesc"":""Coffee; not roasted or decaffeinated"",""aggrLevel"":6,""isLeaf"":true,""customsCode"":""C00"",""customsDesc"":""TOTAL CPC"",""mosCode"":""0"",""motCode"":0,""motDesc"":""TOTAL MOT"",""qtyUnitCode"":8,""qtyUnitAbbr"":""kg"",""qty"":327480.93,""isQtyEstimated"":false,""altQtyUnitCode"":8,""altQtyUnitAbbr"":""kg"",""altQty"":327480.93,""isAltQtyEstimated"":false,""netWgt"":327480.93,""isNetWgtEstimated"":false,""grossWgt"":0,""isGrossWgtEstimated"":false,""cifvalue"":null,""fobvalue"":1458929.64,""primaryValue"":1458929.64,""legacyEstimationFlag"":0,""isReported"":false,""isAggregate"":true}"
,UN Comtrade,https://comtradeapi.un.org/public/v1/preview/C/A/HS?reporterCode=360&flowCode=X&cmdCode=090111&period=2021&includeDesc=true,2026-05-30T18:34:22.015Z,"{""reporters"":[{""endpoint"":""https://comtradeapi.un.org/public/v1/preview/C/A/HS"",""reporterCode"":704,""reporterISO"":""VNM"",""flowCode"":""X"",""cmdCode"":""090111"",""period"":""2020,2021,2022,2023,2024,2025"",""includeDesc"":true},{""endpoint"":""https://comtradeapi.un.org/public/v1/preview/C/A/HS"",""reporterCode"":76,""reporterISO"":""BRA"",""flowCode"":""X"",""cmdCode"":""090111"",""period"":""2020,2021,2022,2023,2024,2025"",""includeDesc"":true},{""endpoint"":""https://comtradeapi.un.org/public/v1/preview/C/A/HS"",""reporterCode"":360,""reporterISO"":""IDN"",""flowCode"":""X"",""cmdCode"":""090111"",""period"":""2020,2021,2022,2023,2024,2025"",""includeDesc"":true}]}",C,A,20210101,2021,360,IDN,Indonesia,376,ISR,Israel,0,W00,World,X,Export,H5,090111,Coffee; not roasted or decaffeinated,C00,TOTAL CPC,0,TOTAL MOT,8,kg,230445,230445,0,714974.251,true,false,true,"{""typeCode"":""C"",""freqCode"":""A"",""refPeriodId"":20210101,""refYear"":2021,""refMonth"":52,""period"":""2021"",""reporterCode"":360,""reporterISO"":""IDN"",""reporterDesc"":""Indonesia"",""flowCode"":""X"",""flowDesc"":""Export"",""partnerCode"":376,""partnerISO"":""ISR"",""partnerDesc"":""Israel"",""partner2Code"":0,""partner2ISO"":""W00"",""partner2Desc"":""World"",""classificationCode"":""H5"",""classificationSearchCode"":""HS"",""isOriginalClassification"":true,""cmdCode"":""090111"",""cmdDesc"":""Coffee; not roasted or decaffeinated"",""aggrLevel"":6,""isLeaf"":true,""customsCode"":""C00"",""customsDesc"":""TOTAL CPC"",""mosCode"":""0"",""motCode"":0,""motDesc"":""TOTAL MOT"",""qtyUnitCode"":8,""qtyUnitAbbr"":""kg"",""qty"":230445,""isQtyEstimated"":false,""altQtyUnitCode"":8,""altQtyUnitAbbr"":""kg"",""altQty"":230445,""isAltQtyEstimated"":false,""netWgt"":230445,""isNetWgtEstimated"":false,""grossWgt"":0,""isGrossWgtEstimated"":false,""cifvalue"":null,""fobvalue"":714974.251,""primaryValue"":714974.251,""legacyEstimationFlag"":0,""isReported"":false,""isAggregate"":true}"
,UN Comtrade,https://comtradeapi.un.org/public/v1/preview/C/A/HS?reporterCode=360&flowCode=X&cmdCode=090111&period=2021&includeDesc=true,2026-05-30T18:34:22.015Z,"{""reporters"":[{""endpoint"":""https://comtradeapi.un.org/public/v1/preview/C/A/HS"",""reporterCode"":704,""reporterISO"":""VNM"",""flowCode"":""X"",""cmdCode"":""090111"",""period"":""2020,2021,2022,2023,2024,2025"",""includeDesc"":true},{""endpoint"":""https://comtradeapi.un.org/public/v1/preview/C/A/HS"",""reporterCode"":76,""reporterISO"":""BRA"",""flowCode"":""X"",""cmdCode"":""090111"",""period"":""2020,2021,2022,2023,2024,2025"",""includeDesc"":true},{""endpoint"":""https://comtradeapi.un.org/public/v1/preview/C/A/HS"",""reporterCode"":360,""reporterISO"":""IDN"",""flowCode"":""X"",""cmdCode"":""090111"",""period"":""2020,2021,2022,2023,2024,2025"",""includeDesc"":true}]}",C,A,20210101,2021,360,IDN,Indonesia,380,ITA,Italy,0,W00,World,X,Export,H5,090111,Coffee; not roasted or decaffeinated,C00,TOTAL CPC,0,TOTAL MOT,8,kg,24590035.8,24590035.8,0,42662891.12,true,false,true,"{""typeCode"":""C"",""freqCode"":""A"",""refPeriodId"":20210101,""refYear"":2021,""refMonth"":52,""period"":""2021"",""reporterCode"":360,""reporterISO"":""IDN"",""reporterDesc"":""Indonesia"",""flowCode"":""X"",""flowDesc"":""Export"",""partnerCode"":380,""partnerISO"":""ITA"",""partnerDesc"":""Italy"",""partner2Code"":0,""partner2ISO"":""W00"",""partner2Desc"":""World"",""classificationCode"":""H5"",""classificationSearchCode"":""HS"",""isOriginalClassification"":true,""cmdCode"":""090111"",""cmdDesc"":""Coffee; not roasted or decaffeinated"",""aggrLevel"":6,""isLeaf"":true,""customsCode"":""C00"",""customsDesc"":""TOTAL CPC"",""mosCode"":""0"",""motCode"":0,""motDesc"":""TOTAL MOT"",""qtyUnitCode"":8,""qtyUnitAbbr"":""kg"",""qty"":24590035.8,""isQtyEstimated"":false,""altQtyUnitCode"":8,""altQtyUnitAbbr"":""kg"",""altQty"":24590035.8,""isAltQtyEstimated"":false,""netWgt"":24590035.8,""isNetWgtEstimated"":false,""grossWgt"":0,""isGrossWgtEstimated"":false,""cifvalue"":null,""fobvalue"":42662891.12,""primaryValue"":42662891.12,""legacyEstimationFlag"":0,""isReported"":false,""isAggregate"":true}"
,UN Comtrade,https://comtradeapi.un.org/public/v1/preview/C/A/HS?reporterCode=360&flowCode=X&cmdCode=090111&period=2021&includeDesc=true,2026-05-30T18:34:22.015Z,"{""reporters"":[{""endpoint"":""https://comtradeapi.un.org/public/v1/preview/C/A/HS"",""reporterCode"":704,""reporterISO"":""VNM"",""flowCode"":""X"",""cmdCode"":""090111"",""period"":""2020,2021,2022,2023,2024,2025"",""includeDesc"":true},{""endpoint"":""https://comtradeapi.un.org/public/v1/preview/C/A/HS"",""reporterCode"":76,""reporterISO"":""BRA"",""flowCode"":""X"",""cmdCode"":""090111"",""period"":""2020,2021,2022,2023,2024,2025"",""includeDesc"":true},{""endpoint"":""https://comtradeapi.un.org/public/v1/preview/C/A/HS"",""reporterCode"":360,""reporterISO"":""IDN"",""flowCode"":""X"",""cmdCode"":""090111"",""period"":""2020,2021,2022,2023,2024,2025"",""includeDesc"":true}]}",C,A,20210101,2021,360,IDN,Indonesia,392,JPN,Japan,0,W00,World,X,Export,H5,090111,Coffee; not roasted or decaffeinated,C00,TOTAL CPC,0,TOTAL MOT,8,kg,27297003.266,27297003.266,0,65434124.959,true,false,true,"{""typeCode"":""C"",""freqCode"":""A"",""refPeriodId"":20210101,""refYear"":2021,""refMonth"":52,""period"":""2021"",""reporterCode"":360,""reporterISO"":""IDN"",""reporterDesc"":""Indonesia"",""flowCode"":""X"",""flowDesc"":""Export"",""partnerCode"":392,""partnerISO"":""JPN"",""partnerDesc"":""Japan"",""partner2Code"":0,""partner2ISO"":""W00"",""partner2Desc"":""World"",""classificationCode"":""H5"",""classificationSearchCode"":""HS"",""isOriginalClassification"":true,""cmdCode"":""090111"",""cmdDesc"":""Coffee; not roasted or decaffeinated"",""aggrLevel"":6,""isLeaf"":true,""customsCode"":""C00"",""customsDesc"":""TOTAL CPC"",""mosCode"":""0"",""motCode"":0,""motDesc"":""TOTAL MOT"",""qtyUnitCode"":8,""qtyUnitAbbr"":""kg"",""qty"":27297003.266,""isQtyEstimated"":false,""altQtyUnitCode"":8,""altQtyUnitAbbr"":""kg"",""altQty"":27297003.266,""isAltQtyEstimated"":false,""netWgt"":27297003.266,""isNetWgtEstimated"":false,""grossWgt"":0,""isGrossWgtEstimated"":false,""cifvalue"":null,""fobvalue"":65434124.959,""primaryValue"":65434124.959,""legacyEstimationFlag"":0,""isReported"":false,""isAggregate"":true}"
,UN Comtrade,https://comtradeapi.un.org/public/v1/preview/C/A/HS?reporterCode=360&flowCode=X&cmdCode=090111&period=2021&includeDesc=true,2026-05-30T18:34:22.015Z,"{""reporters"":[{""endpoint"":""https://comtradeapi.un.org/public/v1/preview/C/A/HS"",""reporterCode"":704,""reporterISO"":""VNM"",""flowCode"":""X"",""cmdCode"":""090111"",""period"":""2020,2021,2022,2023,2024,2025"",""includeDesc"":true},{""endpoint"":""https://comtradeapi.un.org/public/v1/preview/C/A/HS"",""reporterCode"":76,""reporterISO"":""BRA"",""flowCode"":""X"",""cmdCode"":""090111"",""period"":""2020,2021,2022,2023,2024,2025"",""includeDesc"":true},{""endpoint"":""https://comtradeapi.un.org/public/v1/preview/C/A/HS"",""reporterCode"":360,""reporterISO"":""IDN"",""flowCode"":""X"",""cmdCode"":""090111"",""period"":""2020,2021,2022,2023,2024,2025"",""includeDesc"":true}]}",C,A,20210101,2021,360,IDN,Indonesia,398,KAZ,Kazakhstan,0,W00,World,X,Export,H5,090111,Coffee; not roasted or decaffeinated,C00,TOTAL CPC,0,TOTAL MOT,8,kg,3.74,3.74,0,161,true,false,true,"{""typeCode"":""C"",""freqCode"":""A"",""refPeriodId"":20210101,""refYear"":2021,""refMonth"":52,""period"":""2021"",""reporterCode"":360,""reporterISO"":""IDN"",""reporterDesc"":""Indonesia"",""flowCode"":""X"",""flowDesc"":""Export"",""partnerCode"":398,""partnerISO"":""KAZ"",""partnerDesc"":""Kazakhstan"",""partner2Code"":0,""partner2ISO"":""W00"",""partner2Desc"":""World"",""classificationCode"":""H5"",""classificationSearchCode"":""HS"",""isOriginalClassification"":true,""cmdCode"":""090111"",""cmdDesc"":""Coffee; not roasted or decaffeinated"",""aggrLevel"":6,""isLeaf"":true,""customsCode"":""C00"",""customsDesc"":""TOTAL CPC"",""mosCode"":""0"",""motCode"":0,""motDesc"":""TOTAL MOT"",""qtyUnitCode"":8,""qtyUnitAbbr"":""kg"",""qty"":3.74,""isQtyEstimated"":false,""altQtyUnitCode"":8,""altQtyUnitAbbr"":""kg"",""altQty"":3.74,""isAltQtyEstimated"":false,""netWgt"":3.74,""isNetWgtEstimated"":false,""grossWgt"":0,""isGrossWgtEstimated"":false,""cifvalue"":null,""fobvalue"":161,""primaryValue"":161,""legacyEstimationFlag"":0,""isReported"":false,""isAggregate"":true}"
,UN Comtrade,https://comtradeapi.un.org/public/v1/preview/C/A/HS?reporterCode=360&flowCode=X&cmdCode=090111&period=2021&includeDesc=true,2026-05-30T18:34:22.015Z,"{""reporters"":[{""endpoint"":""https://comtradeapi.un.org/public/v1/preview/C/A/HS"",""reporterCode"":704,""reporterISO"":""VNM"",""flowCode"":""X"",""cmdCode"":""090111"",""period"":""2020,2021,2022,2023,2024,2025"",""includeDesc"":true},{""endpoint"":""https://comtradeapi.un.org/public/v1/preview/C/A/HS"",""reporterCode"":76,""reporterISO"":""BRA"",""flowCode"":""X"",""cmdCode"":""090111"",""period"":""2020,2021,2022,2023,2024,2025"",""includeDesc"":true},{""endpoint"":""https://comtradeapi.un.org/public/v1/preview/C/A/HS"",""reporterCode"":360,""reporterISO"":""IDN"",""flowCode"":""X"",""cmdCode"":""090111"",""period"":""2020,2021,2022,2023,2024,2025"",""includeDesc"":true}]}",C,A,20210101,2021,360,IDN,Indonesia,400,JOR,Jordan,0,W00,World,X,Export,H5,090111,Coffee; not roasted or decaffeinated,C00,TOTAL CPC,0,TOTAL MOT,8,kg,4808.2,4808.2,0,40563.44,true,false,true,"{""typeCode"":""C"",""freqCode"":""A"",""refPeriodId"":20210101,""refYear"":2021,""refMonth"":52,""period"":""2021"",""reporterCode"":360,""reporterISO"":""IDN"",""reporterDesc"":""Indonesia"",""flowCode"":""X"",""flowDesc"":""Export"",""partnerCode"":400,""partnerISO"":""JOR"",""partnerDesc"":""Jordan"",""partner2Code"":0,""partner2ISO"":""W00"",""partner2Desc"":""World"",""classificationCode"":""H5"",""classificationSearchCode"":""HS"",""isOriginalClassification"":true,""cmdCode"":""090111"",""cmdDesc"":""Coffee; not roasted or decaffeinated"",""aggrLevel"":6,""isLeaf"":true,""customsCode"":""C00"",""customsDesc"":""TOTAL CPC"",""mosCode"":""0"",""motCode"":0,""motDesc"":""TOTAL MOT"",""qtyUnitCode"":8,""qtyUnitAbbr"":""kg"",""qty"":4808.2,""isQtyEstimated"":false,""altQtyUnitCode"":8,""altQtyUnitAbbr"":""kg"",""altQty"":4808.2,""isAltQtyEstimated"":false,""netWgt"":4808.2,""isNetWgtEstimated"":false,""grossWgt"":0,""isGrossWgtEstimated"":false,""cifvalue"":null,""fobvalue"":40563.44,""primaryValue"":40563.44,""legacyEstimationFlag"":0,""isReported"":false,""isAggregate"":true}"
,UN Comtrade,https://comtradeapi.un.org/public/v1/preview/C/A/HS?reporterCode=360&flowCode=X&cmdCode=090111&period=2021&includeDesc=true,2026-05-30T18:34:22.015Z,"{""reporters"":[{""endpoint"":""https://comtradeapi.un.org/public/v1/preview/C/A/HS"",""reporterCode"":704,""reporterISO"":""VNM"",""flowCode"":""X"",""cmdCode"":""090111"",""period"":""2020,2021,2022,2023,2024,2025"",""includeDesc"":true},{""endpoint"":""https://comtradeapi.un.org/public/v1/preview/C/A/HS"",""reporterCode"":76,""reporterISO"":""BRA"",""flowCode"":""X"",""cmdCode"":""090111"",""period"":""2020,2021,2022,2023,2024,2025"",""includeDesc"":true},{""endpoint"":""https://comtradeapi.un.org/public/v1/preview/C/A/HS"",""reporterCode"":360,""reporterISO"":""IDN"",""flowCode"":""X"",""cmdCode"":""090111"",""period"":""2020,2021,2022,2023,2024,2025"",""includeDesc"":true}]}",C,A,20210101,2021,360,IDN,Indonesia,410,KOR,Rep. of Korea,0,W00,World,X,Export,H5,090111,Coffee; not roasted or decaffeinated,C00,TOTAL CPC,0,TOTAL MOT,8,kg,2137484.5,2137484.5,0,8417907.125,true,false,true,"{""typeCode"":""C"",""freqCode"":""A"",""refPeriodId"":20210101,""refYear"":2021,""refMonth"":52,""period"":""2021"",""reporterCode"":360,""reporterISO"":""IDN"",""reporterDesc"":""Indonesia"",""flowCode"":""X"",""flowDesc"":""Export"",""partnerCode"":410,""partnerISO"":""KOR"",""partnerDesc"":""Rep. of Korea"",""partner2Code"":0,""partner2ISO"":""W00"",""partner2Desc"":""World"",""classificationCode"":""H5"",""classificationSearchCode"":""HS"",""isOriginalClassification"":true,""cmdCode"":""090111"",""cmdDesc"":""Coffee; not roasted or decaffeinated"",""aggrLevel"":6,""isLeaf"":true,""customsCode"":""C00"",""customsDesc"":""TOTAL CPC"",""mosCode"":""0"",""motCode"":0,""motDesc"":""TOTAL MOT"",""qtyUnitCode"":8,""qtyUnitAbbr"":""kg"",""qty"":2137484.5,""isQtyEstimated"":false,""altQtyUnitCode"":8,""altQtyUnitAbbr"":""kg"",""altQty"":2137484.5,""isAltQtyEstimated"":false,""netWgt"":2137484.5,""isNetWgtEstimated"":false,""grossWgt"":0,""isGrossWgtEstimated"":false,""cifvalue"":null,""fobvalue"":8417907.125,""primaryValue"":8417907.125,""legacyEstimationFlag"":0,""isReported"":false,""isAggregate"":true}"
,UN Comtrade,https://comtradeapi.un.org/public/v1/preview/C/A/HS?reporterCode=360&flowCode=X&cmdCode=090111&period=2021&includeDesc=true,2026-05-30T18:34:22.015Z,"{""reporters"":[{""endpoint"":""https://comtradeapi.un.org/public/v1/preview/C/A/HS"",""reporterCode"":704,""reporterISO"":""VNM"",""flowCode"":""X"",""cmdCode"":""090111"",""period"":""2020,2021,2022,2023,2024,2025"",""includeDesc"":true},{""endpoint"":""https://comtradeapi.un.org/public/v1/preview/C/A/HS"",""reporterCode"":76,""reporterISO"":""BRA"",""flowCode"":""X"",""cmdCode"":""090111"",""period"":""2020,2021,2022,2023,2024,2025"",""includeDesc"":true},{""endpoint"":""https://comtradeapi.un.org/public/v1/preview/C/A/HS"",""reporterCode"":360,""reporterISO"":""IDN"",""flowCode"":""X"",""cmdCode"":""090111"",""period"":""2020,2021,2022,2023,2024,2025"",""includeDesc"":true}]}",C,A,20210101,2021,360,IDN,Indonesia,414,KWT,Kuwait,0,W00,World,X,Export,H5,090111,Coffee; not roasted or decaffeinated,C00,TOTAL CPC,0,TOTAL MOT,8,kg,6062,6062,0,36410,true,false,true,"{""typeCode"":""C"",""freqCode"":""A"",""refPeriodId"":20210101,""refYear"":2021,""refMonth"":52,""period"":""2021"",""reporterCode"":360,""reporterISO"":""IDN"",""reporterDesc"":""Indonesia"",""flowCode"":""X"",""flowDesc"":""Export"",""partnerCode"":414,""partnerISO"":""KWT"",""partnerDesc"":""Kuwait"",""partner2Code"":0,""partner2ISO"":""W00"",""partner2Desc"":""World"",""classificationCode"":""H5"",""classificationSearchCode"":""HS"",""isOriginalClassification"":true,""cmdCode"":""090111"",""cmdDesc"":""Coffee; not roasted or decaffeinated"",""aggrLevel"":6,""isLeaf"":true,""customsCode"":""C00"",""customsDesc"":""TOTAL CPC"",""mosCode"":""0"",""motCode"":0,""motDesc"":""TOTAL MOT"",""qtyUnitCode"":8,""qtyUnitAbbr"":""kg"",""qty"":6062,""isQtyEstimated"":false,""altQtyUnitCode"":8,""altQtyUnitAbbr"":""kg"",""altQty"":6062,""isAltQtyEstimated"":false,""netWgt"":6062,""isNetWgtEstimated"":false,""grossWgt"":0,""isGrossWgtEstimated"":false,""cifvalue"":null,""fobvalue"":36410,""primaryValue"":36410,""legacyEstimationFlag"":0,""isReported"":false,""isAggregate"":true}"
,UN Comtrade,https://comtradeapi.un.org/public/v1/preview/C/A/HS?reporterCode=360&flowCode=X&cmdCode=090111&period=2021&includeDesc=true,2026-05-30T18:34:22.015Z,"{""reporters"":[{""endpoint"":""https://comtradeapi.un.org/public/v1/preview/C/A/HS"",""reporterCode"":704,""reporterISO"":""VNM"",""flowCode"":""X"",""cmdCode"":""090111"",""period"":""2020,2021,2022,2023,2024,2025"",""includeDesc"":true},{""endpoint"":""https://comtradeapi.un.org/public/v1/preview/C/A/HS"",""reporterCode"":76,""reporterISO"":""BRA"",""flowCode"":""X"",""cmdCode"":""090111"",""period"":""2020,2021,2022,2023,2024,2025"",""includeDesc"":true},{""endpoint"":""https://comtradeapi.un.org/public/v1/preview/C/A/HS"",""reporterCode"":360,""reporterISO"":""IDN"",""flowCode"":""X"",""cmdCode"":""090111"",""period"":""2020,2021,2022,2023,2024,2025"",""includeDesc"":true}]}",C,A,20210101,2021,360,IDN,Indonesia,422,LBN,Lebanon,0,W00,World,X,Export,H5,090111,Coffee; not roasted or decaffeinated,C00,TOTAL CPC,0,TOTAL MOT,8,kg,172801,172801,0,298890.38,true,false,true,"{""typeCode"":""C"",""freqCode"":""A"",""refPeriodId"":20210101,""refYear"":2021,""refMonth"":52,""period"":""2021"",""reporterCode"":360,""reporterISO"":""IDN"",""reporterDesc"":""Indonesia"",""flowCode"":""X"",""flowDesc"":""Export"",""partnerCode"":422,""partnerISO"":""LBN"",""partnerDesc"":""Lebanon"",""partner2Code"":0,""partner2ISO"":""W00"",""partner2Desc"":""World"",""classificationCode"":""H5"",""classificationSearchCode"":""HS"",""isOriginalClassification"":true,""cmdCode"":""090111"",""cmdDesc"":""Coffee; not roasted or decaffeinated"",""aggrLevel"":6,""isLeaf"":true,""customsCode"":""C00"",""customsDesc"":""TOTAL CPC"",""mosCode"":""0"",""motCode"":0,""motDesc"":""TOTAL MOT"",""qtyUnitCode"":8,""qtyUnitAbbr"":""kg"",""qty"":172801,""isQtyEstimated"":false,""altQtyUnitCode"":8,""altQtyUnitAbbr"":""kg"",""altQty"":172801,""isAltQtyEstimated"":false,""netWgt"":172801,""isNetWgtEstimated"":false,""grossWgt"":0,""isGrossWgtEstimated"":false,""cifvalue"":null,""fobvalue"":298890.38,""primaryValue"":298890.38,""legacyEstimationFlag"":0,""isReported"":false,""isAggregate"":true}"
,UN Comtrade,https://comtradeapi.un.org/public/v1/preview/C/A/HS?reporterCode=360&flowCode=X&cmdCode=090111&period=2021&includeDesc=true,2026-05-30T18:34:22.015Z,"{""reporters"":[{""endpoint"":""https://comtradeapi.un.org/public/v1/preview/C/A/HS"",""reporterCode"":704,""reporterISO"":""VNM"",""flowCode"":""X"",""cmdCode"":""090111"",""period"":""2020,2021,2022,2023,2024,2025"",""includeDesc"":true},{""endpoint"":""https://comtradeapi.un.org/public/v1/preview/C/A/HS"",""reporterCode"":76,""reporterISO"":""BRA"",""flowCode"":""X"",""cmdCode"":""090111"",""period"":""2020,2021,2022,2023,2024,2025"",""includeDesc"":true},{""endpoint"":""https://comtradeapi.un.org/public/v1/preview/C/A/HS"",""reporterCode"":360,""reporterISO"":""IDN"",""flowCode"":""X"",""cmdCode"":""090111"",""period"":""2020,2021,2022,2023,2024,2025"",""includeDesc"":true}]}",C,A,20210101,2021,360,IDN,Indonesia,428,LVA,Latvia,0,W00,World,X,Export,H5,090111,Coffee; not roasted or decaffeinated,C00,TOTAL CPC,0,TOTAL MOT,8,kg,211920,211920,0,576880.13,true,false,true,"{""typeCode"":""C"",""freqCode"":""A"",""refPeriodId"":20210101,""refYear"":2021,""refMonth"":52,""period"":""2021"",""reporterCode"":360,""reporterISO"":""IDN"",""reporterDesc"":""Indonesia"",""flowCode"":""X"",""flowDesc"":""Export"",""partnerCode"":428,""partnerISO"":""LVA"",""partnerDesc"":""Latvia"",""partner2Code"":0,""partner2ISO"":""W00"",""partner2Desc"":""World"",""classificationCode"":""H5"",""classificationSearchCode"":""HS"",""isOriginalClassification"":true,""cmdCode"":""090111"",""cmdDesc"":""Coffee; not roasted or decaffeinated"",""aggrLevel"":6,""isLeaf"":true,""customsCode"":""C00"",""customsDesc"":""TOTAL CPC"",""mosCode"":""0"",""motCode"":0,""motDesc"":""TOTAL MOT"",""qtyUnitCode"":8,""qtyUnitAbbr"":""kg"",""qty"":211920,""isQtyEstimated"":false,""altQtyUnitCode"":8,""altQtyUnitAbbr"":""kg"",""altQty"":211920,""isAltQtyEstimated"":false,""netWgt"":211920,""isNetWgtEstimated"":false,""grossWgt"":0,""isGrossWgtEstimated"":false,""cifvalue"":null,""fobvalue"":576880.13,""primaryValue"":576880.13,""legacyEstimationFlag"":0,""isReported"":false,""isAggregate"":true}"
,UN Comtrade,https://comtradeapi.un.org/public/v1/preview/C/A/HS?reporterCode=360&flowCode=X&cmdCode=090111&period=2021&includeDesc=true,2026-05-30T18:34:22.015Z,"{""reporters"":[{""endpoint"":""https://comtradeapi.un.org/public/v1/preview/C/A/HS"",""reporterCode"":704,""reporterISO"":""VNM"",""flowCode"":""X"",""cmdCode"":""090111"",""period"":""2020,2021,2022,2023,2024,2025"",""includeDesc"":true},{""endpoint"":""https://comtradeapi.un.org/public/v1/preview/C/A/HS"",""reporterCode"":76,""reporterISO"":""BRA"",""flowCode"":""X"",""cmdCode"":""090111"",""period"":""2020,2021,2022,2023,2024,2025"",""includeDesc"":true},{""endpoint"":""https://comtradeapi.un.org/public/v1/preview/C/A/HS"",""reporterCode"":360,""reporterISO"":""IDN"",""flowCode"":""X"",""cmdCode"":""090111"",""period"":""2020,2021,2022,2023,2024,2025"",""includeDesc"":true}]}",C,A,20210101,2021,360,IDN,Indonesia,446,MAC,"China, Macao SAR",0,W00,World,X,Export,H5,090111,Coffee; not roasted or decaffeinated,C00,TOTAL CPC,0,TOTAL MOT,8,kg,38400,38400,0,101875.2,true,false,true,"{""typeCode"":""C"",""freqCode"":""A"",""refPeriodId"":20210101,""refYear"":2021,""refMonth"":52,""period"":""2021"",""reporterCode"":360,""reporterISO"":""IDN"",""reporterDesc"":""Indonesia"",""flowCode"":""X"",""flowDesc"":""Export"",""partnerCode"":446,""partnerISO"":""MAC"",""partnerDesc"":""China, Macao SAR"",""partner2Code"":0,""partner2ISO"":""W00"",""partner2Desc"":""World"",""classificationCode"":""H5"",""classificationSearchCode"":""HS"",""isOriginalClassification"":true,""cmdCode"":""090111"",""cmdDesc"":""Coffee; not roasted or decaffeinated"",""aggrLevel"":6,""isLeaf"":true,""customsCode"":""C00"",""customsDesc"":""TOTAL CPC"",""mosCode"":""0"",""motCode"":0,""motDesc"":""TOTAL MOT"",""qtyUnitCode"":8,""qtyUnitAbbr"":""kg"",""qty"":38400,""isQtyEstimated"":false,""altQtyUnitCode"":8,""altQtyUnitAbbr"":""kg"",""altQty"":38400,""isAltQtyEstimated"":false,""netWgt"":38400,""isNetWgtEstimated"":false,""grossWgt"":0,""isGrossWgtEstimated"":false,""cifvalue"":null,""fobvalue"":101875.2,""primaryValue"":101875.2,""legacyEstimationFlag"":0,""isReported"":false,""isAggregate"":true}"
,UN Comtrade,https://comtradeapi.un.org/public/v1/preview/C/A/HS?reporterCode=360&flowCode=X&cmdCode=090111&period=2021&includeDesc=true,2026-05-30T18:34:22.015Z,"{""reporters"":[{""endpoint"":""https://comtradeapi.un.org/public/v1/preview/C/A/HS"",""reporterCode"":704,""reporterISO"":""VNM"",""flowCode"":""X"",""cmdCode"":""090111"",""period"":""2020,2021,2022,2023,2024,2025"",""includeDesc"":true},{""endpoint"":""https://comtradeapi.un.org/public/v1/preview/C/A/HS"",""reporterCode"":76,""reporterISO"":""BRA"",""flowCode"":""X"",""cmdCode"":""090111"",""period"":""2020,2021,2022,2023,2024,2025"",""includeDesc"":true},{""endpoint"":""https://comtradeapi.un.org/public/v1/preview/C/A/HS"",""reporterCode"":360,""reporterISO"":""IDN"",""flowCode"":""X"",""cmdCode"":""090111"",""period"":""2020,2021,2022,2023,2024,2025"",""includeDesc"":true}]}",C,A,20210101,2021,360,IDN,Indonesia,458,MYS,Malaysia,0,W00,World,X,Export,H5,090111,Coffee; not roasted or decaffeinated,C00,TOTAL CPC,0,TOTAL MOT,8,kg,29059118.69,29059118.69,0,49100433.449,true,false,true,"{""typeCode"":""C"",""freqCode"":""A"",""refPeriodId"":20210101,""refYear"":2021,""refMonth"":52,""period"":""2021"",""reporterCode"":360,""reporterISO"":""IDN"",""reporterDesc"":""Indonesia"",""flowCode"":""X"",""flowDesc"":""Export"",""partnerCode"":458,""partnerISO"":""MYS"",""partnerDesc"":""Malaysia"",""partner2Code"":0,""partner2ISO"":""W00"",""partner2Desc"":""World"",""classificationCode"":""H5"",""classificationSearchCode"":""HS"",""isOriginalClassification"":true,""cmdCode"":""090111"",""cmdDesc"":""Coffee; not roasted or decaffeinated"",""aggrLevel"":6,""isLeaf"":true,""customsCode"":""C00"",""customsDesc"":""TOTAL CPC"",""mosCode"":""0"",""motCode"":0,""motDesc"":""TOTAL MOT"",""qtyUnitCode"":8,""qtyUnitAbbr"":""kg"",""qty"":29059118.69,""isQtyEstimated"":false,""altQtyUnitCode"":8,""altQtyUnitAbbr"":""kg"",""altQty"":29059118.69,""isAltQtyEstimated"":false,""netWgt"":29059118.69,""isNetWgtEstimated"":false,""grossWgt"":0,""isGrossWgtEstimated"":false,""cifvalue"":null,""fobvalue"":49100433.449,""primaryValue"":49100433.449,""legacyEstimationFlag"":0,""isReported"":false,""isAggregate"":true}"
,UN Comtrade,https://comtradeapi.un.org/public/v1/preview/C/A/HS?reporterCode=360&flowCode=X&cmdCode=090111&period=2021&includeDesc=true,2026-05-30T18:34:22.015Z,"{""reporters"":[{""endpoint"":""https://comtradeapi.un.org/public/v1/preview/C/A/HS"",""reporterCode"":704,""reporterISO"":""VNM"",""flowCode"":""X"",""cmdCode"":""090111"",""period"":""2020,2021,2022,2023,2024,2025"",""includeDesc"":true},{""endpoint"":""https://comtradeapi.un.org/public/v1/preview/C/A/HS"",""reporterCode"":76,""reporterISO"":""BRA"",""flowCode"":""X"",""cmdCode"":""090111"",""period"":""2020,2021,2022,2023,2024,2025"",""includeDesc"":true},{""endpoint"":""https://comtradeapi.un.org/public/v1/preview/C/A/HS"",""reporterCode"":360,""reporterISO"":""IDN"",""flowCode"":""X"",""cmdCode"":""090111"",""period"":""2020,2021,2022,2023,2024,2025"",""includeDesc"":true}]}",C,A,20210101,2021,360,IDN,Indonesia,484,MEX,Mexico,0,W00,World,X,Export,H5,090111,Coffee; not roasted or decaffeinated,C00,TOTAL CPC,0,TOTAL MOT,8,kg,172800,172800,0,705446.4,true,false,true,"{""typeCode"":""C"",""freqCode"":""A"",""refPeriodId"":20210101,""refYear"":2021,""refMonth"":52,""period"":""2021"",""reporterCode"":360,""reporterISO"":""IDN"",""reporterDesc"":""Indonesia"",""flowCode"":""X"",""flowDesc"":""Export"",""partnerCode"":484,""partnerISO"":""MEX"",""partnerDesc"":""Mexico"",""partner2Code"":0,""partner2ISO"":""W00"",""partner2Desc"":""World"",""classificationCode"":""H5"",""classificationSearchCode"":""HS"",""isOriginalClassification"":true,""cmdCode"":""090111"",""cmdDesc"":""Coffee; not roasted or decaffeinated"",""aggrLevel"":6,""isLeaf"":true,""customsCode"":""C00"",""customsDesc"":""TOTAL CPC"",""mosCode"":""0"",""motCode"":0,""motDesc"":""TOTAL MOT"",""qtyUnitCode"":8,""qtyUnitAbbr"":""kg"",""qty"":172800,""isQtyEstimated"":false,""altQtyUnitCode"":8,""altQtyUnitAbbr"":""kg"",""altQty"":172800,""isAltQtyEstimated"":false,""netWgt"":172800,""isNetWgtEstimated"":false,""grossWgt"":0,""isGrossWgtEstimated"":false,""cifvalue"":null,""fobvalue"":705446.4,""primaryValue"":705446.4,""legacyEstimationFlag"":0,""isReported"":false,""isAggregate"":true}"
,UN Comtrade,https://comtradeapi.un.org/public/v1/preview/C/A/HS?reporterCode=360&flowCode=X&cmdCode=090111&period=2021&includeDesc=true,2026-05-30T18:34:22.015Z,"{""reporters"":[{""endpoint"":""https://comtradeapi.un.org/public/v1/preview/C/A/HS"",""reporterCode"":704,""reporterISO"":""VNM"",""flowCode"":""X"",""cmdCode"":""090111"",""period"":""2020,2021,2022,2023,2024,2025"",""includeDesc"":true},{""endpoint"":""https://comtradeapi.un.org/public/v1/preview/C/A/HS"",""reporterCode"":76,""reporterISO"":""BRA"",""flowCode"":""X"",""cmdCode"":""090111"",""period"":""2020,2021,2022,2023,2024,2025"",""includeDesc"":true},{""endpoint"":""https://comtradeapi.un.org/public/v1/preview/C/A/HS"",""reporterCode"":360,""reporterISO"":""IDN"",""flowCode"":""X"",""cmdCode"":""090111"",""period"":""2020,2021,2022,2023,2024,2025"",""includeDesc"":true}]}",C,A,20210101,2021,360,IDN,Indonesia,490,S19,"Other Asia, nes",0,W00,World,X,Export,H5,090111,Coffee; not roasted or decaffeinated,C00,TOTAL CPC,0,TOTAL MOT,8,kg,3952511.66,3952511.66,0,12048032.34,true,false,true,"{""typeCode"":""C"",""freqCode"":""A"",""refPeriodId"":20210101,""refYear"":2021,""refMonth"":52,""period"":""2021"",""reporterCode"":360,""reporterISO"":""IDN"",""reporterDesc"":""Indonesia"",""flowCode"":""X"",""flowDesc"":""Export"",""partnerCode"":490,""partnerISO"":""S19"",""partnerDesc"":""Other Asia, nes"",""partner2Code"":0,""partner2ISO"":""W00"",""partner2Desc"":""World"",""classificationCode"":""H5"",""classificationSearchCode"":""HS"",""isOriginalClassification"":true,""cmdCode"":""090111"",""cmdDesc"":""Coffee; not roasted or decaffeinated"",""aggrLevel"":6,""isLeaf"":true,""customsCode"":""C00"",""customsDesc"":""TOTAL CPC"",""mosCode"":""0"",""motCode"":0,""motDesc"":""TOTAL MOT"",""qtyUnitCode"":8,""qtyUnitAbbr"":""kg"",""qty"":3952511.66,""isQtyEstimated"":false,""altQtyUnitCode"":8,""altQtyUnitAbbr"":""kg"",""altQty"":3952511.66,""isAltQtyEstimated"":false,""netWgt"":3952511.66,""isNetWgtEstimated"":false,""grossWgt"":0,""isGrossWgtEstimated"":false,""cifvalue"":null,""fobvalue"":12048032.34,""primaryValue"":12048032.34,""legacyEstimationFlag"":0,""isReported"":false,""isAggregate"":true}"
,UN Comtrade,https://comtradeapi.un.org/public/v1/preview/C/A/HS?reporterCode=360&flowCode=X&cmdCode=090111&period=2021&includeDesc=true,2026-05-30T18:34:22.015Z,"{""reporters"":[{""endpoint"":""https://comtradeapi.un.org/public/v1/preview/C/A/HS"",""reporterCode"":704,""reporterISO"":""VNM"",""flowCode"":""X"",""cmdCode"":""090111"",""period"":""2020,2021,2022,2023,2024,2025"",""includeDesc"":true},{""endpoint"":""https://comtradeapi.un.org/public/v1/preview/C/A/HS"",""reporterCode"":76,""reporterISO"":""BRA"",""flowCode"":""X"",""cmdCode"":""090111"",""period"":""2020,2021,2022,2023,2024,2025"",""includeDesc"":true},{""endpoint"":""https://comtradeapi.un.org/public/v1/preview/C/A/HS"",""reporterCode"":360,""reporterISO"":""IDN"",""flowCode"":""X"",""cmdCode"":""090111"",""period"":""2020,2021,2022,2023,2024,2025"",""includeDesc"":true}]}",C,A,20210101,2021,360,IDN,Indonesia,504,MAR,Morocco,0,W00,World,X,Export,H5,090111,Coffee; not roasted or decaffeinated,C00,TOTAL CPC,0,TOTAL MOT,8,kg,12164101.06,12164101.06,0,21019104.7,true,false,true,"{""typeCode"":""C"",""freqCode"":""A"",""refPeriodId"":20210101,""refYear"":2021,""refMonth"":52,""period"":""2021"",""reporterCode"":360,""reporterISO"":""IDN"",""reporterDesc"":""Indonesia"",""flowCode"":""X"",""flowDesc"":""Export"",""partnerCode"":504,""partnerISO"":""MAR"",""partnerDesc"":""Morocco"",""partner2Code"":0,""partner2ISO"":""W00"",""partner2Desc"":""World"",""classificationCode"":""H5"",""classificationSearchCode"":""HS"",""isOriginalClassification"":true,""cmdCode"":""090111"",""cmdDesc"":""Coffee; not roasted or decaffeinated"",""aggrLevel"":6,""isLeaf"":true,""customsCode"":""C00"",""customsDesc"":""TOTAL CPC"",""mosCode"":""0"",""motCode"":0,""motDesc"":""TOTAL MOT"",""qtyUnitCode"":8,""qtyUnitAbbr"":""kg"",""qty"":12164101.06,""isQtyEstimated"":false,""altQtyUnitCode"":8,""altQtyUnitAbbr"":""kg"",""altQty"":12164101.06,""isAltQtyEstimated"":false,""netWgt"":12164101.06,""isNetWgtEstimated"":false,""grossWgt"":0,""isGrossWgtEstimated"":false,""cifvalue"":null,""fobvalue"":21019104.7,""primaryValue"":21019104.7,""legacyEstimationFlag"":0,""isReported"":false,""isAggregate"":true}"
,UN Comtrade,https://comtradeapi.un.org/public/v1/preview/C/A/HS?reporterCode=360&flowCode=X&cmdCode=090111&period=2021&includeDesc=true,2026-05-30T18:34:22.015Z,"{""reporters"":[{""endpoint"":""https://comtradeapi.un.org/public/v1/preview/C/A/HS"",""reporterCode"":704,""reporterISO"":""VNM"",""flowCode"":""X"",""cmdCode"":""090111"",""period"":""2020,2021,2022,2023,2024,2025"",""includeDesc"":true},{""endpoint"":""https://comtradeapi.un.org/public/v1/preview/C/A/HS"",""reporterCode"":76,""reporterISO"":""BRA"",""flowCode"":""X"",""cmdCode"":""090111"",""period"":""2020,2021,2022,2023,2024,2025"",""includeDesc"":true},{""endpoint"":""https://comtradeapi.un.org/public/v1/preview/C/A/HS"",""reporterCode"":360,""reporterISO"":""IDN"",""flowCode"":""X"",""cmdCode"":""090111"",""period"":""2020,2021,2022,2023,2024,2025"",""includeDesc"":true}]}",C,A,20210101,2021,360,IDN,Indonesia,512,OMN,Oman,0,W00,World,X,Export,H5,090111,Coffee; not roasted or decaffeinated,C00,TOTAL CPC,0,TOTAL MOT,8,kg,19202.5,19202.5,0,41769,true,false,true,"{""typeCode"":""C"",""freqCode"":""A"",""refPeriodId"":20210101,""refYear"":2021,""refMonth"":52,""period"":""2021"",""reporterCode"":360,""reporterISO"":""IDN"",""reporterDesc"":""Indonesia"",""flowCode"":""X"",""flowDesc"":""Export"",""partnerCode"":512,""partnerISO"":""OMN"",""partnerDesc"":""Oman"",""partner2Code"":0,""partner2ISO"":""W00"",""partner2Desc"":""World"",""classificationCode"":""H5"",""classificationSearchCode"":""HS"",""isOriginalClassification"":true,""cmdCode"":""090111"",""cmdDesc"":""Coffee; not roasted or decaffeinated"",""aggrLevel"":6,""isLeaf"":true,""customsCode"":""C00"",""customsDesc"":""TOTAL CPC"",""mosCode"":""0"",""motCode"":0,""motDesc"":""TOTAL MOT"",""qtyUnitCode"":8,""qtyUnitAbbr"":""kg"",""qty"":19202.5,""isQtyEstimated"":false,""altQtyUnitCode"":8,""altQtyUnitAbbr"":""kg"",""altQty"":19202.5,""isAltQtyEstimated"":false,""netWgt"":19202.5,""isNetWgtEstimated"":false,""grossWgt"":0,""isGrossWgtEstimated"":false,""cifvalue"":null,""fobvalue"":41769,""primaryValue"":41769,""legacyEstimationFlag"":0,""isReported"":false,""isAggregate"":true}"
,UN Comtrade,https://comtradeapi.un.org/public/v1/preview/C/A/HS?reporterCode=360&flowCode=X&cmdCode=090111&period=2021&includeDesc=true,2026-05-30T18:34:22.015Z,"{""reporters"":[{""endpoint"":""https://comtradeapi.un.org/public/v1/preview/C/A/HS"",""reporterCode"":704,""reporterISO"":""VNM"",""flowCode"":""X"",""cmdCode"":""090111"",""period"":""2020,2021,2022,2023,2024,2025"",""includeDesc"":true},{""endpoint"":""https://comtradeapi.un.org/public/v1/preview/C/A/HS"",""reporterCode"":76,""reporterISO"":""BRA"",""flowCode"":""X"",""cmdCode"":""090111"",""period"":""2020,2021,2022,2023,2024,2025"",""includeDesc"":true},{""endpoint"":""https://comtradeapi.un.org/public/v1/preview/C/A/HS"",""reporterCode"":360,""reporterISO"":""IDN"",""flowCode"":""X"",""cmdCode"":""090111"",""period"":""2020,2021,2022,2023,2024,2025"",""includeDesc"":true}]}",C,A,20210101,2021,360,IDN,Indonesia,528,NLD,Netherlands,0,W00,World,X,Export,H5,090111,Coffee; not roasted or decaffeinated,C00,TOTAL CPC,0,TOTAL MOT,8,kg,2243492.3,2243492.3,0,7239496.223,true,false,true,"{""typeCode"":""C"",""freqCode"":""A"",""refPeriodId"":20210101,""refYear"":2021,""refMonth"":52,""period"":""2021"",""reporterCode"":360,""reporterISO"":""IDN"",""reporterDesc"":""Indonesia"",""flowCode"":""X"",""flowDesc"":""Export"",""partnerCode"":528,""partnerISO"":""NLD"",""partnerDesc"":""Netherlands"",""partner2Code"":0,""partner2ISO"":""W00"",""partner2Desc"":""World"",""classificationCode"":""H5"",""classificationSearchCode"":""HS"",""isOriginalClassification"":true,""cmdCode"":""090111"",""cmdDesc"":""Coffee; not roasted or decaffeinated"",""aggrLevel"":6,""isLeaf"":true,""customsCode"":""C00"",""customsDesc"":""TOTAL CPC"",""mosCode"":""0"",""motCode"":0,""motDesc"":""TOTAL MOT"",""qtyUnitCode"":8,""qtyUnitAbbr"":""kg"",""qty"":2243492.3,""isQtyEstimated"":false,""altQtyUnitCode"":8,""altQtyUnitAbbr"":""kg"",""altQty"":2243492.3,""isAltQtyEstimated"":false,""netWgt"":2243492.3,""isNetWgtEstimated"":false,""grossWgt"":0,""isGrossWgtEstimated"":false,""cifvalue"":null,""fobvalue"":7239496.223,""primaryValue"":7239496.223,""legacyEstimationFlag"":0,""isReported"":false,""isAggregate"":true}"
,UN Comtrade,https://comtradeapi.un.org/public/v1/preview/C/A/HS?reporterCode=360&flowCode=X&cmdCode=090111&period=2021&includeDesc=true,2026-05-30T18:34:22.015Z,"{""reporters"":[{""endpoint"":""https://comtradeapi.un.org/public/v1/preview/C/A/HS"",""reporterCode"":704,""reporterISO"":""VNM"",""flowCode"":""X"",""cmdCode"":""090111"",""period"":""2020,2021,2022,2023,2024,2025"",""includeDesc"":true},{""endpoint"":""https://comtradeapi.un.org/public/v1/preview/C/A/HS"",""reporterCode"":76,""reporterISO"":""BRA"",""flowCode"":""X"",""cmdCode"":""090111"",""period"":""2020,2021,2022,2023,2024,2025"",""includeDesc"":true},{""endpoint"":""https://comtradeapi.un.org/public/v1/preview/C/A/HS"",""reporterCode"":360,""reporterISO"":""IDN"",""flowCode"":""X"",""cmdCode"":""090111"",""period"":""2020,2021,2022,2023,2024,2025"",""includeDesc"":true}]}",C,A,20210101,2021,360,IDN,Indonesia,554,NZL,New Zealand,0,W00,World,X,Export,H5,090111,Coffee; not roasted or decaffeinated,C00,TOTAL CPC,0,TOTAL MOT,8,kg,424962.35,424962.35,0,1850791.67,true,false,true,"{""typeCode"":""C"",""freqCode"":""A"",""refPeriodId"":20210101,""refYear"":2021,""refMonth"":52,""period"":""2021"",""reporterCode"":360,""reporterISO"":""IDN"",""reporterDesc"":""Indonesia"",""flowCode"":""X"",""flowDesc"":""Export"",""partnerCode"":554,""partnerISO"":""NZL"",""partnerDesc"":""New Zealand"",""partner2Code"":0,""partner2ISO"":""W00"",""partner2Desc"":""World"",""classificationCode"":""H5"",""classificationSearchCode"":""HS"",""isOriginalClassification"":true,""cmdCode"":""090111"",""cmdDesc"":""Coffee; not roasted or decaffeinated"",""aggrLevel"":6,""isLeaf"":true,""customsCode"":""C00"",""customsDesc"":""TOTAL CPC"",""mosCode"":""0"",""motCode"":0,""motDesc"":""TOTAL MOT"",""qtyUnitCode"":8,""qtyUnitAbbr"":""kg"",""qty"":424962.35,""isQtyEstimated"":false,""altQtyUnitCode"":8,""altQtyUnitAbbr"":""kg"",""altQty"":424962.35,""isAltQtyEstimated"":false,""netWgt"":424962.35,""isNetWgtEstimated"":false,""grossWgt"":0,""isGrossWgtEstimated"":false,""cifvalue"":null,""fobvalue"":1850791.67,""primaryValue"":1850791.67,""legacyEstimationFlag"":0,""isReported"":false,""isAggregate"":true}"
,UN Comtrade,https://comtradeapi.un.org/public/v1/preview/C/A/HS?reporterCode=360&flowCode=X&cmdCode=090111&period=2021&includeDesc=true,2026-05-30T18:34:22.015Z,"{""reporters"":[{""endpoint"":""https://comtradeapi.un.org/public/v1/preview/C/A/HS"",""reporterCode"":704,""reporterISO"":""VNM"",""flowCode"":""X"",""cmdCode"":""090111"",""period"":""2020,2021,2022,2023,2024,2025"",""includeDesc"":true},{""endpoint"":""https://comtradeapi.un.org/public/v1/preview/C/A/HS"",""reporterCode"":76,""reporterISO"":""BRA"",""flowCode"":""X"",""cmdCode"":""090111"",""period"":""2020,2021,2022,2023,2024,2025"",""includeDesc"":true},{""endpoint"":""https://comtradeapi.un.org/public/v1/preview/C/A/HS"",""reporterCode"":360,""reporterISO"":""IDN"",""flowCode"":""X"",""cmdCode"":""090111"",""period"":""2020,2021,2022,2023,2024,2025"",""includeDesc"":true}]}",C,A,20210101,2021,360,IDN,Indonesia,566,NGA,Nigeria,0,W00,World,X,Export,H5,090111,Coffee; not roasted or decaffeinated,C00,TOTAL CPC,0,TOTAL MOT,8,kg,10.92,10.92,0,75.348,true,false,true,"{""typeCode"":""C"",""freqCode"":""A"",""refPeriodId"":20210101,""refYear"":2021,""refMonth"":52,""period"":""2021"",""reporterCode"":360,""reporterISO"":""IDN"",""reporterDesc"":""Indonesia"",""flowCode"":""X"",""flowDesc"":""Export"",""partnerCode"":566,""partnerISO"":""NGA"",""partnerDesc"":""Nigeria"",""partner2Code"":0,""partner2ISO"":""W00"",""partner2Desc"":""World"",""classificationCode"":""H5"",""classificationSearchCode"":""HS"",""isOriginalClassification"":true,""cmdCode"":""090111"",""cmdDesc"":""Coffee; not roasted or decaffeinated"",""aggrLevel"":6,""isLeaf"":true,""customsCode"":""C00"",""customsDesc"":""TOTAL CPC"",""mosCode"":""0"",""motCode"":0,""motDesc"":""TOTAL MOT"",""qtyUnitCode"":8,""qtyUnitAbbr"":""kg"",""qty"":10.92,""isQtyEstimated"":false,""altQtyUnitCode"":8,""altQtyUnitAbbr"":""kg"",""altQty"":10.92,""isAltQtyEstimated"":false,""netWgt"":10.92,""isNetWgtEstimated"":false,""grossWgt"":0,""isGrossWgtEstimated"":false,""cifvalue"":null,""fobvalue"":75.348,""primaryValue"":75.348,""legacyEstimationFlag"":0,""isReported"":false,""isAggregate"":true}"
,UN Comtrade,https://comtradeapi.un.org/public/v1/preview/C/A/HS?reporterCode=360&flowCode=X&cmdCode=090111&period=2021&includeDesc=true,2026-05-30T18:34:22.015Z,"{""reporters"":[{""endpoint"":""https://comtradeapi.un.org/public/v1/preview/C/A/HS"",""reporterCode"":704,""reporterISO"":""VNM"",""flowCode"":""X"",""cmdCode"":""090111"",""period"":""2020,2021,2022,2023,2024,2025"",""includeDesc"":true},{""endpoint"":""https://comtradeapi.un.org/public/v1/preview/C/A/HS"",""reporterCode"":76,""reporterISO"":""BRA"",""flowCode"":""X"",""cmdCode"":""090111"",""period"":""2020,2021,2022,2023,2024,2025"",""includeDesc"":true},{""endpoint"":""https://comtradeapi.un.org/public/v1/preview/C/A/HS"",""reporterCode"":360,""reporterISO"":""IDN"",""flowCode"":""X"",""cmdCode"":""090111"",""period"":""2020,2021,2022,2023,2024,2025"",""includeDesc"":true}]}",C,A,20210101,2021,360,IDN,Indonesia,579,NOR,Norway,0,W00,World,X,Export,H5,090111,Coffee; not roasted or decaffeinated,C00,TOTAL CPC,0,TOTAL MOT,8,kg,260427.7,260427.7,0,1158483.72,true,false,true,"{""typeCode"":""C"",""freqCode"":""A"",""refPeriodId"":20210101,""refYear"":2021,""refMonth"":52,""period"":""2021"",""reporterCode"":360,""reporterISO"":""IDN"",""reporterDesc"":""Indonesia"",""flowCode"":""X"",""flowDesc"":""Export"",""partnerCode"":579,""partnerISO"":""NOR"",""partnerDesc"":""Norway"",""partner2Code"":0,""partner2ISO"":""W00"",""partner2Desc"":""World"",""classificationCode"":""H5"",""classificationSearchCode"":""HS"",""isOriginalClassification"":true,""cmdCode"":""090111"",""cmdDesc"":""Coffee; not roasted or decaffeinated"",""aggrLevel"":6,""isLeaf"":true,""customsCode"":""C00"",""customsDesc"":""TOTAL CPC"",""mosCode"":""0"",""motCode"":0,""motDesc"":""TOTAL MOT"",""qtyUnitCode"":8,""qtyUnitAbbr"":""kg"",""qty"":260427.7,""isQtyEstimated"":false,""altQtyUnitCode"":8,""altQtyUnitAbbr"":""kg"",""altQty"":260427.7,""isAltQtyEstimated"":false,""netWgt"":260427.7,""isNetWgtEstimated"":false,""grossWgt"":0,""isGrossWgtEstimated"":false,""cifvalue"":null,""fobvalue"":1158483.72,""primaryValue"":1158483.72,""legacyEstimationFlag"":0,""isReported"":false,""isAggregate"":true}"
,UN Comtrade,https://comtradeapi.un.org/public/v1/preview/C/A/HS?reporterCode=360&flowCode=X&cmdCode=090111&period=2021&includeDesc=true,2026-05-30T18:34:22.015Z,"{""reporters"":[{""endpoint"":""https://comtradeapi.un.org/public/v1/preview/C/A/HS"",""reporterCode"":704,""reporterISO"":""VNM"",""flowCode"":""X"",""cmdCode"":""090111"",""period"":""2020,2021,2022,2023,2024,2025"",""includeDesc"":true},{""endpoint"":""https://comtradeapi.un.org/public/v1/preview/C/A/HS"",""reporterCode"":76,""reporterISO"":""BRA"",""flowCode"":""X"",""cmdCode"":""090111"",""period"":""2020,2021,2022,2023,2024,2025"",""includeDesc"":true},{""endpoint"":""https://comtradeapi.un.org/public/v1/preview/C/A/HS"",""reporterCode"":360,""reporterISO"":""IDN"",""flowCode"":""X"",""cmdCode"":""090111"",""period"":""2020,2021,2022,2023,2024,2025"",""includeDesc"":true}]}",C,A,20210101,2021,360,IDN,Indonesia,586,PAK,Pakistan,0,W00,World,X,Export,H5,090111,Coffee; not roasted or decaffeinated,C00,TOTAL CPC,0,TOTAL MOT,8,kg,45,45,0,358.92,true,false,true,"{""typeCode"":""C"",""freqCode"":""A"",""refPeriodId"":20210101,""refYear"":2021,""refMonth"":52,""period"":""2021"",""reporterCode"":360,""reporterISO"":""IDN"",""reporterDesc"":""Indonesia"",""flowCode"":""X"",""flowDesc"":""Export"",""partnerCode"":586,""partnerISO"":""PAK"",""partnerDesc"":""Pakistan"",""partner2Code"":0,""partner2ISO"":""W00"",""partner2Desc"":""World"",""classificationCode"":""H5"",""classificationSearchCode"":""HS"",""isOriginalClassification"":true,""cmdCode"":""090111"",""cmdDesc"":""Coffee; not roasted or decaffeinated"",""aggrLevel"":6,""isLeaf"":true,""customsCode"":""C00"",""customsDesc"":""TOTAL CPC"",""mosCode"":""0"",""motCode"":0,""motDesc"":""TOTAL MOT"",""qtyUnitCode"":8,""qtyUnitAbbr"":""kg"",""qty"":45,""isQtyEstimated"":false,""altQtyUnitCode"":8,""altQtyUnitAbbr"":""kg"",""altQty"":45,""isAltQtyEstimated"":false,""netWgt"":45,""isNetWgtEstimated"":false,""grossWgt"":0,""isGrossWgtEstimated"":false,""cifvalue"":null,""fobvalue"":358.92,""primaryValue"":358.92,""legacyEstimationFlag"":0,""isReported"":false,""isAggregate"":true}"
,UN Comtrade,https://comtradeapi.un.org/public/v1/preview/C/A/HS?reporterCode=360&flowCode=X&cmdCode=090111&period=2021&includeDesc=true,2026-05-30T18:34:22.015Z,"{""reporters"":[{""endpoint"":""https://comtradeapi.un.org/public/v1/preview/C/A/HS"",""reporterCode"":704,""reporterISO"":""VNM"",""flowCode"":""X"",""cmdCode"":""090111"",""period"":""2020,2021,2022,2023,2024,2025"",""includeDesc"":true},{""endpoint"":""https://comtradeapi.un.org/public/v1/preview/C/A/HS"",""reporterCode"":76,""reporterISO"":""BRA"",""flowCode"":""X"",""cmdCode"":""090111"",""period"":""2020,2021,2022,2023,2024,2025"",""includeDesc"":true},{""endpoint"":""https://comtradeapi.un.org/public/v1/preview/C/A/HS"",""reporterCode"":360,""reporterISO"":""IDN"",""flowCode"":""X"",""cmdCode"":""090111"",""period"":""2020,2021,2022,2023,2024,2025"",""includeDesc"":true}]}",C,A,20210101,2021,360,IDN,Indonesia,608,PHL,Philippines,0,W00,World,X,Export,H5,090111,Coffee; not roasted or decaffeinated,C00,TOTAL CPC,0,TOTAL MOT,8,kg,2662754.5,2662754.5,0,4443692.134,true,false,true,"{""typeCode"":""C"",""freqCode"":""A"",""refPeriodId"":20210101,""refYear"":2021,""refMonth"":52,""period"":""2021"",""reporterCode"":360,""reporterISO"":""IDN"",""reporterDesc"":""Indonesia"",""flowCode"":""X"",""flowDesc"":""Export"",""partnerCode"":608,""partnerISO"":""PHL"",""partnerDesc"":""Philippines"",""partner2Code"":0,""partner2ISO"":""W00"",""partner2Desc"":""World"",""classificationCode"":""H5"",""classificationSearchCode"":""HS"",""isOriginalClassification"":true,""cmdCode"":""090111"",""cmdDesc"":""Coffee; not roasted or decaffeinated"",""aggrLevel"":6,""isLeaf"":true,""customsCode"":""C00"",""customsDesc"":""TOTAL CPC"",""mosCode"":""0"",""motCode"":0,""motDesc"":""TOTAL MOT"",""qtyUnitCode"":8,""qtyUnitAbbr"":""kg"",""qty"":2662754.5,""isQtyEstimated"":false,""altQtyUnitCode"":8,""altQtyUnitAbbr"":""kg"",""altQty"":2662754.5,""isAltQtyEstimated"":false,""netWgt"":2662754.5,""isNetWgtEstimated"":false,""grossWgt"":0,""isGrossWgtEstimated"":false,""cifvalue"":null,""fobvalue"":4443692.134,""primaryValue"":4443692.134,""legacyEstimationFlag"":0,""isReported"":false,""isAggregate"":true}"
,UN Comtrade,https://comtradeapi.un.org/public/v1/preview/C/A/HS?reporterCode=360&flowCode=X&cmdCode=090111&period=2021&includeDesc=true,2026-05-30T18:34:22.015Z,"{""reporters"":[{""endpoint"":""https://comtradeapi.un.org/public/v1/preview/C/A/HS"",""reporterCode"":704,""reporterISO"":""VNM"",""flowCode"":""X"",""cmdCode"":""090111"",""period"":""2020,2021,2022,2023,2024,2025"",""includeDesc"":true},{""endpoint"":""https://comtradeapi.un.org/public/v1/preview/C/A/HS"",""reporterCode"":76,""reporterISO"":""BRA"",""flowCode"":""X"",""cmdCode"":""090111"",""period"":""2020,2021,2022,2023,2024,2025"",""includeDesc"":true},{""endpoint"":""https://comtradeapi.un.org/public/v1/preview/C/A/HS"",""reporterCode"":360,""reporterISO"":""IDN"",""flowCode"":""X"",""cmdCode"":""090111"",""period"":""2020,2021,2022,2023,2024,2025"",""includeDesc"":true}]}",C,A,20210101,2021,360,IDN,Indonesia,616,POL,Poland,0,W00,World,X,Export,H5,090111,Coffee; not roasted or decaffeinated,C00,TOTAL CPC,0,TOTAL MOT,8,kg,166480.3,166480.3,0,287668.413,true,false,true,"{""typeCode"":""C"",""freqCode"":""A"",""refPeriodId"":20210101,""refYear"":2021,""refMonth"":52,""period"":""2021"",""reporterCode"":360,""reporterISO"":""IDN"",""reporterDesc"":""Indonesia"",""flowCode"":""X"",""flowDesc"":""Export"",""partnerCode"":616,""partnerISO"":""POL"",""partnerDesc"":""Poland"",""partner2Code"":0,""partner2ISO"":""W00"",""partner2Desc"":""World"",""classificationCode"":""H5"",""classificationSearchCode"":""HS"",""isOriginalClassification"":true,""cmdCode"":""090111"",""cmdDesc"":""Coffee; not roasted or decaffeinated"",""aggrLevel"":6,""isLeaf"":true,""customsCode"":""C00"",""customsDesc"":""TOTAL CPC"",""mosCode"":""0"",""motCode"":0,""motDesc"":""TOTAL MOT"",""qtyUnitCode"":8,""qtyUnitAbbr"":""kg"",""qty"":166480.3,""isQtyEstimated"":false,""altQtyUnitCode"":8,""altQtyUnitAbbr"":""kg"",""altQty"":166480.3,""isAltQtyEstimated"":false,""netWgt"":166480.3,""isNetWgtEstimated"":false,""grossWgt"":0,""isGrossWgtEstimated"":false,""cifvalue"":null,""fobvalue"":287668.413,""primaryValue"":287668.413,""legacyEstimationFlag"":0,""isReported"":false,""isAggregate"":true}"
,UN Comtrade,https://comtradeapi.un.org/public/v1/preview/C/A/HS?reporterCode=360&flowCode=X&cmdCode=090111&period=2021&includeDesc=true,2026-05-30T18:34:22.015Z,"{""reporters"":[{""endpoint"":""https://comtradeapi.un.org/public/v1/preview/C/A/HS"",""reporterCode"":704,""reporterISO"":""VNM"",""flowCode"":""X"",""cmdCode"":""090111"",""period"":""2020,2021,2022,2023,2024,2025"",""includeDesc"":true},{""endpoint"":""https://comtradeapi.un.org/public/v1/preview/C/A/HS"",""reporterCode"":76,""reporterISO"":""BRA"",""flowCode"":""X"",""cmdCode"":""090111"",""period"":""2020,2021,2022,2023,2024,2025"",""includeDesc"":true},{""endpoint"":""https://comtradeapi.un.org/public/v1/preview/C/A/HS"",""reporterCode"":360,""reporterISO"":""IDN"",""flowCode"":""X"",""cmdCode"":""090111"",""period"":""2020,2021,2022,2023,2024,2025"",""includeDesc"":true}]}",C,A,20210101,2021,360,IDN,Indonesia,620,PRT,Portugal,0,W00,World,X,Export,H5,090111,Coffee; not roasted or decaffeinated,C00,TOTAL CPC,0,TOTAL MOT,8,kg,1324800.5,1324800.5,0,2315883.91,true,false,true,"{""typeCode"":""C"",""freqCode"":""A"",""refPeriodId"":20210101,""refYear"":2021,""refMonth"":52,""period"":""2021"",""reporterCode"":360,""reporterISO"":""IDN"",""reporterDesc"":""Indonesia"",""flowCode"":""X"",""flowDesc"":""Export"",""partnerCode"":620,""partnerISO"":""PRT"",""partnerDesc"":""Portugal"",""partner2Code"":0,""partner2ISO"":""W00"",""partner2Desc"":""World"",""classificationCode"":""H5"",""classificationSearchCode"":""HS"",""isOriginalClassification"":true,""cmdCode"":""090111"",""cmdDesc"":""Coffee; not roasted or decaffeinated"",""aggrLevel"":6,""isLeaf"":true,""customsCode"":""C00"",""customsDesc"":""TOTAL CPC"",""mosCode"":""0"",""motCode"":0,""motDesc"":""TOTAL MOT"",""qtyUnitCode"":8,""qtyUnitAbbr"":""kg"",""qty"":1324800.5,""isQtyEstimated"":false,""altQtyUnitCode"":8,""altQtyUnitAbbr"":""kg"",""altQty"":1324800.5,""isAltQtyEstimated"":false,""netWgt"":1324800.5,""isNetWgtEstimated"":false,""grossWgt"":0,""isGrossWgtEstimated"":false,""cifvalue"":null,""fobvalue"":2315883.91,""primaryValue"":2315883.91,""legacyEstimationFlag"":0,""isReported"":false,""isAggregate"":true}"
,UN Comtrade,https://comtradeapi.un.org/public/v1/preview/C/A/HS?reporterCode=360&flowCode=X&cmdCode=090111&period=2021&includeDesc=true,2026-05-30T18:34:22.015Z,"{""reporters"":[{""endpoint"":""https://comtradeapi.un.org/public/v1/preview/C/A/HS"",""reporterCode"":704,""reporterISO"":""VNM"",""flowCode"":""X"",""cmdCode"":""090111"",""period"":""2020,2021,2022,2023,2024,2025"",""includeDesc"":true},{""endpoint"":""https://comtradeapi.un.org/public/v1/preview/C/A/HS"",""reporterCode"":76,""reporterISO"":""BRA"",""flowCode"":""X"",""cmdCode"":""090111"",""period"":""2020,2021,2022,2023,2024,2025"",""includeDesc"":true},{""endpoint"":""https://comtradeapi.un.org/public/v1/preview/C/A/HS"",""reporterCode"":360,""reporterISO"":""IDN"",""flowCode"":""X"",""cmdCode"":""090111"",""period"":""2020,2021,2022,2023,2024,2025"",""includeDesc"":true}]}",C,A,20210101,2021,360,IDN,Indonesia,626,TLS,Timor-Leste,0,W00,World,X,Export,H5,090111,Coffee; not roasted or decaffeinated,C00,TOTAL CPC,0,TOTAL MOT,8,kg,1625,1625,0,4182.551,true,false,true,"{""typeCode"":""C"",""freqCode"":""A"",""refPeriodId"":20210101,""refYear"":2021,""refMonth"":52,""period"":""2021"",""reporterCode"":360,""reporterISO"":""IDN"",""reporterDesc"":""Indonesia"",""flowCode"":""X"",""flowDesc"":""Export"",""partnerCode"":626,""partnerISO"":""TLS"",""partnerDesc"":""Timor-Leste"",""partner2Code"":0,""partner2ISO"":""W00"",""partner2Desc"":""World"",""classificationCode"":""H5"",""classificationSearchCode"":""HS"",""isOriginalClassification"":true,""cmdCode"":""090111"",""cmdDesc"":""Coffee; not roasted or decaffeinated"",""aggrLevel"":6,""isLeaf"":true,""customsCode"":""C00"",""customsDesc"":""TOTAL CPC"",""mosCode"":""0"",""motCode"":0,""motDesc"":""TOTAL MOT"",""qtyUnitCode"":8,""qtyUnitAbbr"":""kg"",""qty"":1625,""isQtyEstimated"":false,""altQtyUnitCode"":8,""altQtyUnitAbbr"":""kg"",""altQty"":1625,""isAltQtyEstimated"":false,""netWgt"":1625,""isNetWgtEstimated"":false,""grossWgt"":0,""isGrossWgtEstimated"":false,""cifvalue"":null,""fobvalue"":4182.551,""primaryValue"":4182.551,""legacyEstimationFlag"":0,""isReported"":false,""isAggregate"":true}"
,UN Comtrade,https://comtradeapi.un.org/public/v1/preview/C/A/HS?reporterCode=360&flowCode=X&cmdCode=090111&period=2021&includeDesc=true,2026-05-30T18:34:22.015Z,"{""reporters"":[{""endpoint"":""https://comtradeapi.un.org/public/v1/preview/C/A/HS"",""reporterCode"":704,""reporterISO"":""VNM"",""flowCode"":""X"",""cmdCode"":""090111"",""period"":""2020,2021,2022,2023,2024,2025"",""includeDesc"":true},{""endpoint"":""https://comtradeapi.un.org/public/v1/preview/C/A/HS"",""reporterCode"":76,""reporterISO"":""BRA"",""flowCode"":""X"",""cmdCode"":""090111"",""period"":""2020,2021,2022,2023,2024,2025"",""includeDesc"":true},{""endpoint"":""https://comtradeapi.un.org/public/v1/preview/C/A/HS"",""reporterCode"":360,""reporterISO"":""IDN"",""flowCode"":""X"",""cmdCode"":""090111"",""period"":""2020,2021,2022,2023,2024,2025"",""includeDesc"":true}]}",C,A,20210101,2021,360,IDN,Indonesia,634,QAT,Qatar,0,W00,World,X,Export,H5,090111,Coffee; not roasted or decaffeinated,C00,TOTAL CPC,0,TOTAL MOT,8,kg,9536,9536,0,57707.925,true,false,true,"{""typeCode"":""C"",""freqCode"":""A"",""refPeriodId"":20210101,""refYear"":2021,""refMonth"":52,""period"":""2021"",""reporterCode"":360,""reporterISO"":""IDN"",""reporterDesc"":""Indonesia"",""flowCode"":""X"",""flowDesc"":""Export"",""partnerCode"":634,""partnerISO"":""QAT"",""partnerDesc"":""Qatar"",""partner2Code"":0,""partner2ISO"":""W00"",""partner2Desc"":""World"",""classificationCode"":""H5"",""classificationSearchCode"":""HS"",""isOriginalClassification"":true,""cmdCode"":""090111"",""cmdDesc"":""Coffee; not roasted or decaffeinated"",""aggrLevel"":6,""isLeaf"":true,""customsCode"":""C00"",""customsDesc"":""TOTAL CPC"",""mosCode"":""0"",""motCode"":0,""motDesc"":""TOTAL MOT"",""qtyUnitCode"":8,""qtyUnitAbbr"":""kg"",""qty"":9536,""isQtyEstimated"":false,""altQtyUnitCode"":8,""altQtyUnitAbbr"":""kg"",""altQty"":9536,""isAltQtyEstimated"":false,""netWgt"":9536,""isNetWgtEstimated"":false,""grossWgt"":0,""isGrossWgtEstimated"":false,""cifvalue"":null,""fobvalue"":57707.925,""primaryValue"":57707.925,""legacyEstimationFlag"":0,""isReported"":false,""isAggregate"":true}"
,UN Comtrade,https://comtradeapi.un.org/public/v1/preview/C/A/HS?reporterCode=360&flowCode=X&cmdCode=090111&period=2021&includeDesc=true,2026-05-30T18:34:22.015Z,"{""reporters"":[{""endpoint"":""https://comtradeapi.un.org/public/v1/preview/C/A/HS"",""reporterCode"":704,""reporterISO"":""VNM"",""flowCode"":""X"",""cmdCode"":""090111"",""period"":""2020,2021,2022,2023,2024,2025"",""includeDesc"":true},{""endpoint"":""https://comtradeapi.un.org/public/v1/preview/C/A/HS"",""reporterCode"":76,""reporterISO"":""BRA"",""flowCode"":""X"",""cmdCode"":""090111"",""period"":""2020,2021,2022,2023,2024,2025"",""includeDesc"":true},{""endpoint"":""https://comtradeapi.un.org/public/v1/preview/C/A/HS"",""reporterCode"":360,""reporterISO"":""IDN"",""flowCode"":""X"",""cmdCode"":""090111"",""period"":""2020,2021,2022,2023,2024,2025"",""includeDesc"":true}]}",C,A,20210101,2021,360,IDN,Indonesia,642,ROU,Romania,0,W00,World,X,Export,H5,090111,Coffee; not roasted or decaffeinated,C00,TOTAL CPC,0,TOTAL MOT,8,kg,509411.25,509411.25,0,953180.926,true,false,true,"{""typeCode"":""C"",""freqCode"":""A"",""refPeriodId"":20210101,""refYear"":2021,""refMonth"":52,""period"":""2021"",""reporterCode"":360,""reporterISO"":""IDN"",""reporterDesc"":""Indonesia"",""flowCode"":""X"",""flowDesc"":""Export"",""partnerCode"":642,""partnerISO"":""ROU"",""partnerDesc"":""Romania"",""partner2Code"":0,""partner2ISO"":""W00"",""partner2Desc"":""World"",""classificationCode"":""H5"",""classificationSearchCode"":""HS"",""isOriginalClassification"":true,""cmdCode"":""090111"",""cmdDesc"":""Coffee; not roasted or decaffeinated"",""aggrLevel"":6,""isLeaf"":true,""customsCode"":""C00"",""customsDesc"":""TOTAL CPC"",""mosCode"":""0"",""motCode"":0,""motDesc"":""TOTAL MOT"",""qtyUnitCode"":8,""qtyUnitAbbr"":""kg"",""qty"":509411.25,""isQtyEstimated"":false,""altQtyUnitCode"":8,""altQtyUnitAbbr"":""kg"",""altQty"":509411.25,""isAltQtyEstimated"":false,""netWgt"":509411.25,""isNetWgtEstimated"":false,""grossWgt"":0,""isGrossWgtEstimated"":false,""cifvalue"":null,""fobvalue"":953180.926,""primaryValue"":953180.926,""legacyEstimationFlag"":0,""isReported"":false,""isAggregate"":true}"
,UN Comtrade,https://comtradeapi.un.org/public/v1/preview/C/A/HS?reporterCode=360&flowCode=X&cmdCode=090111&period=2021&includeDesc=true,2026-05-30T18:34:22.015Z,"{""reporters"":[{""endpoint"":""https://comtradeapi.un.org/public/v1/preview/C/A/HS"",""reporterCode"":704,""reporterISO"":""VNM"",""flowCode"":""X"",""cmdCode"":""090111"",""period"":""2020,2021,2022,2023,2024,2025"",""includeDesc"":true},{""endpoint"":""https://comtradeapi.un.org/public/v1/preview/C/A/HS"",""reporterCode"":76,""reporterISO"":""BRA"",""flowCode"":""X"",""cmdCode"":""090111"",""period"":""2020,2021,2022,2023,2024,2025"",""includeDesc"":true},{""endpoint"":""https://comtradeapi.un.org/public/v1/preview/C/A/HS"",""reporterCode"":360,""reporterISO"":""IDN"",""flowCode"":""X"",""cmdCode"":""090111"",""period"":""2020,2021,2022,2023,2024,2025"",""includeDesc"":true}]}",C,A,20210101,2021,360,IDN,Indonesia,643,RUS,Russian Federation,0,W00,World,X,Export,H5,090111,Coffee; not roasted or decaffeinated,C00,TOTAL CPC,0,TOTAL MOT,8,kg,8605249.2,8605249.2,0,14719272.48,true,false,true,"{""typeCode"":""C"",""freqCode"":""A"",""refPeriodId"":20210101,""refYear"":2021,""refMonth"":52,""period"":""2021"",""reporterCode"":360,""reporterISO"":""IDN"",""reporterDesc"":""Indonesia"",""flowCode"":""X"",""flowDesc"":""Export"",""partnerCode"":643,""partnerISO"":""RUS"",""partnerDesc"":""Russian Federation"",""partner2Code"":0,""partner2ISO"":""W00"",""partner2Desc"":""World"",""classificationCode"":""H5"",""classificationSearchCode"":""HS"",""isOriginalClassification"":true,""cmdCode"":""090111"",""cmdDesc"":""Coffee; not roasted or decaffeinated"",""aggrLevel"":6,""isLeaf"":true,""customsCode"":""C00"",""customsDesc"":""TOTAL CPC"",""mosCode"":""0"",""motCode"":0,""motDesc"":""TOTAL MOT"",""qtyUnitCode"":8,""qtyUnitAbbr"":""kg"",""qty"":8605249.2,""isQtyEstimated"":false,""altQtyUnitCode"":8,""altQtyUnitAbbr"":""kg"",""altQty"":8605249.2,""isAltQtyEstimated"":false,""netWgt"":8605249.2,""isNetWgtEstimated"":false,""grossWgt"":0,""isGrossWgtEstimated"":false,""cifvalue"":null,""fobvalue"":14719272.48,""primaryValue"":14719272.48,""legacyEstimationFlag"":0,""isReported"":false,""isAggregate"":true}"
,UN Comtrade,https://comtradeapi.un.org/public/v1/preview/C/A/HS?reporterCode=360&flowCode=X&cmdCode=090111&period=2021&includeDesc=true,2026-05-30T18:34:22.015Z,"{""reporters"":[{""endpoint"":""https://comtradeapi.un.org/public/v1/preview/C/A/HS"",""reporterCode"":704,""reporterISO"":""VNM"",""flowCode"":""X"",""cmdCode"":""090111"",""period"":""2020,2021,2022,2023,2024,2025"",""includeDesc"":true},{""endpoint"":""https://comtradeapi.un.org/public/v1/preview/C/A/HS"",""reporterCode"":76,""reporterISO"":""BRA"",""flowCode"":""X"",""cmdCode"":""090111"",""period"":""2020,2021,2022,2023,2024,2025"",""includeDesc"":true},{""endpoint"":""https://comtradeapi.un.org/public/v1/preview/C/A/HS"",""reporterCode"":360,""reporterISO"":""IDN"",""flowCode"":""X"",""cmdCode"":""090111"",""period"":""2020,2021,2022,2023,2024,2025"",""includeDesc"":true}]}",C,A,20210101,2021,360,IDN,Indonesia,682,SAU,Saudi Arabia,0,W00,World,X,Export,H5,090111,Coffee; not roasted or decaffeinated,C00,TOTAL CPC,0,TOTAL MOT,8,kg,434030.37,434030.37,0,2230083.05,true,false,true,"{""typeCode"":""C"",""freqCode"":""A"",""refPeriodId"":20210101,""refYear"":2021,""refMonth"":52,""period"":""2021"",""reporterCode"":360,""reporterISO"":""IDN"",""reporterDesc"":""Indonesia"",""flowCode"":""X"",""flowDesc"":""Export"",""partnerCode"":682,""partnerISO"":""SAU"",""partnerDesc"":""Saudi Arabia"",""partner2Code"":0,""partner2ISO"":""W00"",""partner2Desc"":""World"",""classificationCode"":""H5"",""classificationSearchCode"":""HS"",""isOriginalClassification"":true,""cmdCode"":""090111"",""cmdDesc"":""Coffee; not roasted or decaffeinated"",""aggrLevel"":6,""isLeaf"":true,""customsCode"":""C00"",""customsDesc"":""TOTAL CPC"",""mosCode"":""0"",""motCode"":0,""motDesc"":""TOTAL MOT"",""qtyUnitCode"":8,""qtyUnitAbbr"":""kg"",""qty"":434030.37,""isQtyEstimated"":false,""altQtyUnitCode"":8,""altQtyUnitAbbr"":""kg"",""altQty"":434030.37,""isAltQtyEstimated"":false,""netWgt"":434030.37,""isNetWgtEstimated"":false,""grossWgt"":0,""isGrossWgtEstimated"":false,""cifvalue"":null,""fobvalue"":2230083.05,""primaryValue"":2230083.05,""legacyEstimationFlag"":0,""isReported"":false,""isAggregate"":true}"
,UN Comtrade,https://comtradeapi.un.org/public/v1/preview/C/A/HS?reporterCode=360&flowCode=X&cmdCode=090111&period=2021&includeDesc=true,2026-05-30T18:34:22.015Z,"{""reporters"":[{""endpoint"":""https://comtradeapi.un.org/public/v1/preview/C/A/HS"",""reporterCode"":704,""reporterISO"":""VNM"",""flowCode"":""X"",""cmdCode"":""090111"",""period"":""2020,2021,2022,2023,2024,2025"",""includeDesc"":true},{""endpoint"":""https://comtradeapi.un.org/public/v1/preview/C/A/HS"",""reporterCode"":76,""reporterISO"":""BRA"",""flowCode"":""X"",""cmdCode"":""090111"",""period"":""2020,2021,2022,2023,2024,2025"",""includeDesc"":true},{""endpoint"":""https://comtradeapi.un.org/public/v1/preview/C/A/HS"",""reporterCode"":360,""reporterISO"":""IDN"",""flowCode"":""X"",""cmdCode"":""090111"",""period"":""2020,2021,2022,2023,2024,2025"",""includeDesc"":true}]}",C,A,20210101,2021,360,IDN,Indonesia,699,IND,India,0,W00,World,X,Export,H5,090111,Coffee; not roasted or decaffeinated,C00,TOTAL CPC,0,TOTAL MOT,8,kg,22109620,22109620,0,32054202.204,true,false,true,"{""typeCode"":""C"",""freqCode"":""A"",""refPeriodId"":20210101,""refYear"":2021,""refMonth"":52,""period"":""2021"",""reporterCode"":360,""reporterISO"":""IDN"",""reporterDesc"":""Indonesia"",""flowCode"":""X"",""flowDesc"":""Export"",""partnerCode"":699,""partnerISO"":""IND"",""partnerDesc"":""India"",""partner2Code"":0,""partner2ISO"":""W00"",""partner2Desc"":""World"",""classificationCode"":""H5"",""classificationSearchCode"":""HS"",""isOriginalClassification"":true,""cmdCode"":""090111"",""cmdDesc"":""Coffee; not roasted or decaffeinated"",""aggrLevel"":6,""isLeaf"":true,""customsCode"":""C00"",""customsDesc"":""TOTAL CPC"",""mosCode"":""0"",""motCode"":0,""motDesc"":""TOTAL MOT"",""qtyUnitCode"":8,""qtyUnitAbbr"":""kg"",""qty"":22109620,""isQtyEstimated"":false,""altQtyUnitCode"":8,""altQtyUnitAbbr"":""kg"",""altQty"":22109620,""isAltQtyEstimated"":false,""netWgt"":22109620,""isNetWgtEstimated"":false,""grossWgt"":0,""isGrossWgtEstimated"":false,""cifvalue"":null,""fobvalue"":32054202.204,""primaryValue"":32054202.204,""legacyEstimationFlag"":0,""isReported"":false,""isAggregate"":true}"
,UN Comtrade,https://comtradeapi.un.org/public/v1/preview/C/A/HS?reporterCode=360&flowCode=X&cmdCode=090111&period=2021&includeDesc=true,2026-05-30T18:34:22.015Z,"{""reporters"":[{""endpoint"":""https://comtradeapi.un.org/public/v1/preview/C/A/HS"",""reporterCode"":704,""reporterISO"":""VNM"",""flowCode"":""X"",""cmdCode"":""090111"",""period"":""2020,2021,2022,2023,2024,2025"",""includeDesc"":true},{""endpoint"":""https://comtradeapi.un.org/public/v1/preview/C/A/HS"",""reporterCode"":76,""reporterISO"":""BRA"",""flowCode"":""X"",""cmdCode"":""090111"",""period"":""2020,2021,2022,2023,2024,2025"",""includeDesc"":true},{""endpoint"":""https://comtradeapi.un.org/public/v1/preview/C/A/HS"",""reporterCode"":360,""reporterISO"":""IDN"",""flowCode"":""X"",""cmdCode"":""090111"",""period"":""2020,2021,2022,2023,2024,2025"",""includeDesc"":true}]}",C,A,20210101,2021,360,IDN,Indonesia,702,SGP,Singapore,0,W00,World,X,Export,H5,090111,Coffee; not roasted or decaffeinated,C00,TOTAL CPC,0,TOTAL MOT,8,kg,5376992.402,5376992.402,0,9575087.702,true,false,true,"{""typeCode"":""C"",""freqCode"":""A"",""refPeriodId"":20210101,""refYear"":2021,""refMonth"":52,""period"":""2021"",""reporterCode"":360,""reporterISO"":""IDN"",""reporterDesc"":""Indonesia"",""flowCode"":""X"",""flowDesc"":""Export"",""partnerCode"":702,""partnerISO"":""SGP"",""partnerDesc"":""Singapore"",""partner2Code"":0,""partner2ISO"":""W00"",""partner2Desc"":""World"",""classificationCode"":""H5"",""classificationSearchCode"":""HS"",""isOriginalClassification"":true,""cmdCode"":""090111"",""cmdDesc"":""Coffee; not roasted or decaffeinated"",""aggrLevel"":6,""isLeaf"":true,""customsCode"":""C00"",""customsDesc"":""TOTAL CPC"",""mosCode"":""0"",""motCode"":0,""motDesc"":""TOTAL MOT"",""qtyUnitCode"":8,""qtyUnitAbbr"":""kg"",""qty"":5376992.402,""isQtyEstimated"":false,""altQtyUnitCode"":8,""altQtyUnitAbbr"":""kg"",""altQty"":5376992.402,""isAltQtyEstimated"":false,""netWgt"":5376992.402,""isNetWgtEstimated"":false,""grossWgt"":0,""isGrossWgtEstimated"":false,""cifvalue"":null,""fobvalue"":9575087.702,""primaryValue"":9575087.702,""legacyEstimationFlag"":0,""isReported"":false,""isAggregate"":true}"
,UN Comtrade,https://comtradeapi.un.org/public/v1/preview/C/A/HS?reporterCode=360&flowCode=X&cmdCode=090111&period=2021&includeDesc=true,2026-05-30T18:34:22.015Z,"{""reporters"":[{""endpoint"":""https://comtradeapi.un.org/public/v1/preview/C/A/HS"",""reporterCode"":704,""reporterISO"":""VNM"",""flowCode"":""X"",""cmdCode"":""090111"",""period"":""2020,2021,2022,2023,2024,2025"",""includeDesc"":true},{""endpoint"":""https://comtradeapi.un.org/public/v1/preview/C/A/HS"",""reporterCode"":76,""reporterISO"":""BRA"",""flowCode"":""X"",""cmdCode"":""090111"",""period"":""2020,2021,2022,2023,2024,2025"",""includeDesc"":true},{""endpoint"":""https://comtradeapi.un.org/public/v1/preview/C/A/HS"",""reporterCode"":360,""reporterISO"":""IDN"",""flowCode"":""X"",""cmdCode"":""090111"",""period"":""2020,2021,2022,2023,2024,2025"",""includeDesc"":true}]}",C,A,20210101,2021,360,IDN,Indonesia,704,VNM,Viet Nam,0,W00,World,X,Export,H5,090111,Coffee; not roasted or decaffeinated,C00,TOTAL CPC,0,TOTAL MOT,8,kg,6714493.2,6714493.2,0,10106995.98,true,false,true,"{""typeCode"":""C"",""freqCode"":""A"",""refPeriodId"":20210101,""refYear"":2021,""refMonth"":52,""period"":""2021"",""reporterCode"":360,""reporterISO"":""IDN"",""reporterDesc"":""Indonesia"",""flowCode"":""X"",""flowDesc"":""Export"",""partnerCode"":704,""partnerISO"":""VNM"",""partnerDesc"":""Viet Nam"",""partner2Code"":0,""partner2ISO"":""W00"",""partner2Desc"":""World"",""classificationCode"":""H5"",""classificationSearchCode"":""HS"",""isOriginalClassification"":true,""cmdCode"":""090111"",""cmdDesc"":""Coffee; not roasted or decaffeinated"",""aggrLevel"":6,""isLeaf"":true,""customsCode"":""C00"",""customsDesc"":""TOTAL CPC"",""mosCode"":""0"",""motCode"":0,""motDesc"":""TOTAL MOT"",""qtyUnitCode"":8,""qtyUnitAbbr"":""kg"",""qty"":6714493.2,""isQtyEstimated"":false,""altQtyUnitCode"":8,""altQtyUnitAbbr"":""kg"",""altQty"":6714493.2,""isAltQtyEstimated"":false,""netWgt"":6714493.2,""isNetWgtEstimated"":false,""grossWgt"":0,""isGrossWgtEstimated"":false,""cifvalue"":null,""fobvalue"":10106995.98,""primaryValue"":10106995.98,""legacyEstimationFlag"":0,""isReported"":false,""isAggregate"":true}"
,UN Comtrade,https://comtradeapi.un.org/public/v1/preview/C/A/HS?reporterCode=360&flowCode=X&cmdCode=090111&period=2021&includeDesc=true,2026-05-30T18:34:22.015Z,"{""reporters"":[{""endpoint"":""https://comtradeapi.un.org/public/v1/preview/C/A/HS"",""reporterCode"":704,""reporterISO"":""VNM"",""flowCode"":""X"",""cmdCode"":""090111"",""period"":""2020,2021,2022,2023,2024,2025"",""includeDesc"":true},{""endpoint"":""https://comtradeapi.un.org/public/v1/preview/C/A/HS"",""reporterCode"":76,""reporterISO"":""BRA"",""flowCode"":""X"",""cmdCode"":""090111"",""period"":""2020,2021,2022,2023,2024,2025"",""includeDesc"":true},{""endpoint"":""https://comtradeapi.un.org/public/v1/preview/C/A/HS"",""reporterCode"":360,""reporterISO"":""IDN"",""flowCode"":""X"",""cmdCode"":""090111"",""period"":""2020,2021,2022,2023,2024,2025"",""includeDesc"":true}]}",C,A,20210101,2021,360,IDN,Indonesia,710,ZAF,South Africa,0,W00,World,X,Export,H5,090111,Coffee; not roasted or decaffeinated,C00,TOTAL CPC,0,TOTAL MOT,8,kg,172800,172800,0,740352,true,false,true,"{""typeCode"":""C"",""freqCode"":""A"",""refPeriodId"":20210101,""refYear"":2021,""refMonth"":52,""period"":""2021"",""reporterCode"":360,""reporterISO"":""IDN"",""reporterDesc"":""Indonesia"",""flowCode"":""X"",""flowDesc"":""Export"",""partnerCode"":710,""partnerISO"":""ZAF"",""partnerDesc"":""South Africa"",""partner2Code"":0,""partner2ISO"":""W00"",""partner2Desc"":""World"",""classificationCode"":""H5"",""classificationSearchCode"":""HS"",""isOriginalClassification"":true,""cmdCode"":""090111"",""cmdDesc"":""Coffee; not roasted or decaffeinated"",""aggrLevel"":6,""isLeaf"":true,""customsCode"":""C00"",""customsDesc"":""TOTAL CPC"",""mosCode"":""0"",""motCode"":0,""motDesc"":""TOTAL MOT"",""qtyUnitCode"":8,""qtyUnitAbbr"":""kg"",""qty"":172800,""isQtyEstimated"":false,""altQtyUnitCode"":8,""altQtyUnitAbbr"":""kg"",""altQty"":172800,""isAltQtyEstimated"":false,""netWgt"":172800,""isNetWgtEstimated"":false,""grossWgt"":0,""isGrossWgtEstimated"":false,""cifvalue"":null,""fobvalue"":740352,""primaryValue"":740352,""legacyEstimationFlag"":0,""isReported"":false,""isAggregate"":true}"
,UN Comtrade,https://comtradeapi.un.org/public/v1/preview/C/A/HS?reporterCode=360&flowCode=X&cmdCode=090111&period=2021&includeDesc=true,2026-05-30T18:34:22.015Z,"{""reporters"":[{""endpoint"":""https://comtradeapi.un.org/public/v1/preview/C/A/HS"",""reporterCode"":704,""reporterISO"":""VNM"",""flowCode"":""X"",""cmdCode"":""090111"",""period"":""2020,2021,2022,2023,2024,2025"",""includeDesc"":true},{""endpoint"":""https://comtradeapi.un.org/public/v1/preview/C/A/HS"",""reporterCode"":76,""reporterISO"":""BRA"",""flowCode"":""X"",""cmdCode"":""090111"",""period"":""2020,2021,2022,2023,2024,2025"",""includeDesc"":true},{""endpoint"":""https://comtradeapi.un.org/public/v1/preview/C/A/HS"",""reporterCode"":360,""reporterISO"":""IDN"",""flowCode"":""X"",""cmdCode"":""090111"",""period"":""2020,2021,2022,2023,2024,2025"",""includeDesc"":true}]}",C,A,20210101,2021,360,IDN,Indonesia,724,ESP,Spain,0,W00,World,X,Export,H5,090111,Coffee; not roasted or decaffeinated,C00,TOTAL CPC,0,TOTAL MOT,8,kg,33041880,33041880,0,57536373.85,true,false,true,"{""typeCode"":""C"",""freqCode"":""A"",""refPeriodId"":20210101,""refYear"":2021,""refMonth"":52,""period"":""2021"",""reporterCode"":360,""reporterISO"":""IDN"",""reporterDesc"":""Indonesia"",""flowCode"":""X"",""flowDesc"":""Export"",""partnerCode"":724,""partnerISO"":""ESP"",""partnerDesc"":""Spain"",""partner2Code"":0,""partner2ISO"":""W00"",""partner2Desc"":""World"",""classificationCode"":""H5"",""classificationSearchCode"":""HS"",""isOriginalClassification"":true,""cmdCode"":""090111"",""cmdDesc"":""Coffee; not roasted or decaffeinated"",""aggrLevel"":6,""isLeaf"":true,""customsCode"":""C00"",""customsDesc"":""TOTAL CPC"",""mosCode"":""0"",""motCode"":0,""motDesc"":""TOTAL MOT"",""qtyUnitCode"":8,""qtyUnitAbbr"":""kg"",""qty"":33041880,""isQtyEstimated"":false,""altQtyUnitCode"":8,""altQtyUnitAbbr"":""kg"",""altQty"":33041880,""isAltQtyEstimated"":false,""netWgt"":33041880,""isNetWgtEstimated"":false,""grossWgt"":0,""isGrossWgtEstimated"":false,""cifvalue"":null,""fobvalue"":57536373.85,""primaryValue"":57536373.85,""legacyEstimationFlag"":0,""isReported"":false,""isAggregate"":true}"
,UN Comtrade,https://comtradeapi.un.org/public/v1/preview/C/A/HS?reporterCode=360&flowCode=X&cmdCode=090111&period=2021&includeDesc=true,2026-05-30T18:34:22.015Z,"{""reporters"":[{""endpoint"":""https://comtradeapi.un.org/public/v1/preview/C/A/HS"",""reporterCode"":704,""reporterISO"":""VNM"",""flowCode"":""X"",""cmdCode"":""090111"",""period"":""2020,2021,2022,2023,2024,2025"",""includeDesc"":true},{""endpoint"":""https://comtradeapi.un.org/public/v1/preview/C/A/HS"",""reporterCode"":76,""reporterISO"":""BRA"",""flowCode"":""X"",""cmdCode"":""090111"",""period"":""2020,2021,2022,2023,2024,2025"",""includeDesc"":true},{""endpoint"":""https://comtradeapi.un.org/public/v1/preview/C/A/HS"",""reporterCode"":360,""reporterISO"":""IDN"",""flowCode"":""X"",""cmdCode"":""090111"",""period"":""2020,2021,2022,2023,2024,2025"",""includeDesc"":true}]}",C,A,20210101,2021,360,IDN,Indonesia,752,SWE,Sweden,0,W00,World,X,Export,H5,090111,Coffee; not roasted or decaffeinated,C00,TOTAL CPC,0,TOTAL MOT,8,kg,114011,114011,0,444732.15,true,false,true,"{""typeCode"":""C"",""freqCode"":""A"",""refPeriodId"":20210101,""refYear"":2021,""refMonth"":52,""period"":""2021"",""reporterCode"":360,""reporterISO"":""IDN"",""reporterDesc"":""Indonesia"",""flowCode"":""X"",""flowDesc"":""Export"",""partnerCode"":752,""partnerISO"":""SWE"",""partnerDesc"":""Sweden"",""partner2Code"":0,""partner2ISO"":""W00"",""partner2Desc"":""World"",""classificationCode"":""H5"",""classificationSearchCode"":""HS"",""isOriginalClassification"":true,""cmdCode"":""090111"",""cmdDesc"":""Coffee; not roasted or decaffeinated"",""aggrLevel"":6,""isLeaf"":true,""customsCode"":""C00"",""customsDesc"":""TOTAL CPC"",""mosCode"":""0"",""motCode"":0,""motDesc"":""TOTAL MOT"",""qtyUnitCode"":8,""qtyUnitAbbr"":""kg"",""qty"":114011,""isQtyEstimated"":false,""altQtyUnitCode"":8,""altQtyUnitAbbr"":""kg"",""altQty"":114011,""isAltQtyEstimated"":false,""netWgt"":114011,""isNetWgtEstimated"":false,""grossWgt"":0,""isGrossWgtEstimated"":false,""cifvalue"":null,""fobvalue"":444732.15,""primaryValue"":444732.15,""legacyEstimationFlag"":0,""isReported"":false,""isAggregate"":true}"
,UN Comtrade,https://comtradeapi.un.org/public/v1/preview/C/A/HS?reporterCode=360&flowCode=X&cmdCode=090111&period=2021&includeDesc=true,2026-05-30T18:34:22.015Z,"{""reporters"":[{""endpoint"":""https://comtradeapi.un.org/public/v1/preview/C/A/HS"",""reporterCode"":704,""reporterISO"":""VNM"",""flowCode"":""X"",""cmdCode"":""090111"",""period"":""2020,2021,2022,2023,2024,2025"",""includeDesc"":true},{""endpoint"":""https://comtradeapi.un.org/public/v1/preview/C/A/HS"",""reporterCode"":76,""reporterISO"":""BRA"",""flowCode"":""X"",""cmdCode"":""090111"",""period"":""2020,2021,2022,2023,2024,2025"",""includeDesc"":true},{""endpoint"":""https://comtradeapi.un.org/public/v1/preview/C/A/HS"",""reporterCode"":360,""reporterISO"":""IDN"",""flowCode"":""X"",""cmdCode"":""090111"",""period"":""2020,2021,2022,2023,2024,2025"",""includeDesc"":true}]}",C,A,20210101,2021,360,IDN,Indonesia,757,CHE,Switzerland,0,W00,World,X,Export,H5,090111,Coffee; not roasted or decaffeinated,C00,TOTAL CPC,0,TOTAL MOT,8,kg,737.25,737.25,0,11325.584,true,false,true,"{""typeCode"":""C"",""freqCode"":""A"",""refPeriodId"":20210101,""refYear"":2021,""refMonth"":52,""period"":""2021"",""reporterCode"":360,""reporterISO"":""IDN"",""reporterDesc"":""Indonesia"",""flowCode"":""X"",""flowDesc"":""Export"",""partnerCode"":757,""partnerISO"":""CHE"",""partnerDesc"":""Switzerland"",""partner2Code"":0,""partner2ISO"":""W00"",""partner2Desc"":""World"",""classificationCode"":""H5"",""classificationSearchCode"":""HS"",""isOriginalClassification"":true,""cmdCode"":""090111"",""cmdDesc"":""Coffee; not roasted or decaffeinated"",""aggrLevel"":6,""isLeaf"":true,""customsCode"":""C00"",""customsDesc"":""TOTAL CPC"",""mosCode"":""0"",""motCode"":0,""motDesc"":""TOTAL MOT"",""qtyUnitCode"":8,""qtyUnitAbbr"":""kg"",""qty"":737.25,""isQtyEstimated"":false,""altQtyUnitCode"":8,""altQtyUnitAbbr"":""kg"",""altQty"":737.25,""isAltQtyEstimated"":false,""netWgt"":737.25,""isNetWgtEstimated"":false,""grossWgt"":0,""isGrossWgtEstimated"":false,""cifvalue"":null,""fobvalue"":11325.584,""primaryValue"":11325.584,""legacyEstimationFlag"":0,""isReported"":false,""isAggregate"":true}"
,UN Comtrade,https://comtradeapi.un.org/public/v1/preview/C/A/HS?reporterCode=360&flowCode=X&cmdCode=090111&period=2021&includeDesc=true,2026-05-30T18:34:22.015Z,"{""reporters"":[{""endpoint"":""https://comtradeapi.un.org/public/v1/preview/C/A/HS"",""reporterCode"":704,""reporterISO"":""VNM"",""flowCode"":""X"",""cmdCode"":""090111"",""period"":""2020,2021,2022,2023,2024,2025"",""includeDesc"":true},{""endpoint"":""https://comtradeapi.un.org/public/v1/preview/C/A/HS"",""reporterCode"":76,""reporterISO"":""BRA"",""flowCode"":""X"",""cmdCode"":""090111"",""period"":""2020,2021,2022,2023,2024,2025"",""includeDesc"":true},{""endpoint"":""https://comtradeapi.un.org/public/v1/preview/C/A/HS"",""reporterCode"":360,""reporterISO"":""IDN"",""flowCode"":""X"",""cmdCode"":""090111"",""period"":""2020,2021,2022,2023,2024,2025"",""includeDesc"":true}]}",C,A,20210101,2021,360,IDN,Indonesia,764,THA,Thailand,0,W00,World,X,Export,H5,090111,Coffee; not roasted or decaffeinated,C00,TOTAL CPC,0,TOTAL MOT,8,kg,4576624.4,4576624.4,0,7286724.72,true,false,true,"{""typeCode"":""C"",""freqCode"":""A"",""refPeriodId"":20210101,""refYear"":2021,""refMonth"":52,""period"":""2021"",""reporterCode"":360,""reporterISO"":""IDN"",""reporterDesc"":""Indonesia"",""flowCode"":""X"",""flowDesc"":""Export"",""partnerCode"":764,""partnerISO"":""THA"",""partnerDesc"":""Thailand"",""partner2Code"":0,""partner2ISO"":""W00"",""partner2Desc"":""World"",""classificationCode"":""H5"",""classificationSearchCode"":""HS"",""isOriginalClassification"":true,""cmdCode"":""090111"",""cmdDesc"":""Coffee; not roasted or decaffeinated"",""aggrLevel"":6,""isLeaf"":true,""customsCode"":""C00"",""customsDesc"":""TOTAL CPC"",""mosCode"":""0"",""motCode"":0,""motDesc"":""TOTAL MOT"",""qtyUnitCode"":8,""qtyUnitAbbr"":""kg"",""qty"":4576624.4,""isQtyEstimated"":false,""altQtyUnitCode"":8,""altQtyUnitAbbr"":""kg"",""altQty"":4576624.4,""isAltQtyEstimated"":false,""netWgt"":4576624.4,""isNetWgtEstimated"":false,""grossWgt"":0,""isGrossWgtEstimated"":false,""cifvalue"":null,""fobvalue"":7286724.72,""primaryValue"":7286724.72,""legacyEstimationFlag"":0,""isReported"":false,""isAggregate"":true}"
,UN Comtrade,https://comtradeapi.un.org/public/v1/preview/C/A/HS?reporterCode=360&flowCode=X&cmdCode=090111&period=2021&includeDesc=true,2026-05-30T18:34:22.015Z,"{""reporters"":[{""endpoint"":""https://comtradeapi.un.org/public/v1/preview/C/A/HS"",""reporterCode"":704,""reporterISO"":""VNM"",""flowCode"":""X"",""cmdCode"":""090111"",""period"":""2020,2021,2022,2023,2024,2025"",""includeDesc"":true},{""endpoint"":""https://comtradeapi.un.org/public/v1/preview/C/A/HS"",""reporterCode"":76,""reporterISO"":""BRA"",""flowCode"":""X"",""cmdCode"":""090111"",""period"":""2020,2021,2022,2023,2024,2025"",""includeDesc"":true},{""endpoint"":""https://comtradeapi.un.org/public/v1/preview/C/A/HS"",""reporterCode"":360,""reporterISO"":""IDN"",""flowCode"":""X"",""cmdCode"":""090111"",""period"":""2020,2021,2022,2023,2024,2025"",""includeDesc"":true}]}",C,A,20210101,2021,360,IDN,Indonesia,784,ARE,United Arab Emirates,0,W00,World,X,Export,H5,090111,Coffee; not roasted or decaffeinated,C00,TOTAL CPC,0,TOTAL MOT,8,kg,3699444.6,3699444.6,0,8284203.711,true,false,true,"{""typeCode"":""C"",""freqCode"":""A"",""refPeriodId"":20210101,""refYear"":2021,""refMonth"":52,""period"":""2021"",""reporterCode"":360,""reporterISO"":""IDN"",""reporterDesc"":""Indonesia"",""flowCode"":""X"",""flowDesc"":""Export"",""partnerCode"":784,""partnerISO"":""ARE"",""partnerDesc"":""United Arab Emirates"",""partner2Code"":0,""partner2ISO"":""W00"",""partner2Desc"":""World"",""classificationCode"":""H5"",""classificationSearchCode"":""HS"",""isOriginalClassification"":true,""cmdCode"":""090111"",""cmdDesc"":""Coffee; not roasted or decaffeinated"",""aggrLevel"":6,""isLeaf"":true,""customsCode"":""C00"",""customsDesc"":""TOTAL CPC"",""mosCode"":""0"",""motCode"":0,""motDesc"":""TOTAL MOT"",""qtyUnitCode"":8,""qtyUnitAbbr"":""kg"",""qty"":3699444.6,""isQtyEstimated"":false,""altQtyUnitCode"":8,""altQtyUnitAbbr"":""kg"",""altQty"":3699444.6,""isAltQtyEstimated"":false,""netWgt"":3699444.6,""isNetWgtEstimated"":false,""grossWgt"":0,""isGrossWgtEstimated"":false,""cifvalue"":null,""fobvalue"":8284203.711,""primaryValue"":8284203.711,""legacyEstimationFlag"":0,""isReported"":false,""isAggregate"":true}"
,UN Comtrade,https://comtradeapi.un.org/public/v1/preview/C/A/HS?reporterCode=360&flowCode=X&cmdCode=090111&period=2021&includeDesc=true,2026-05-30T18:34:22.015Z,"{""reporters"":[{""endpoint"":""https://comtradeapi.un.org/public/v1/preview/C/A/HS"",""reporterCode"":704,""reporterISO"":""VNM"",""flowCode"":""X"",""cmdCode"":""090111"",""period"":""2020,2021,2022,2023,2024,2025"",""includeDesc"":true},{""endpoint"":""https://comtradeapi.un.org/public/v1/preview/C/A/HS"",""reporterCode"":76,""reporterISO"":""BRA"",""flowCode"":""X"",""cmdCode"":""090111"",""period"":""2020,2021,2022,2023,2024,2025"",""includeDesc"":true},{""endpoint"":""https://comtradeapi.un.org/public/v1/preview/C/A/HS"",""reporterCode"":360,""reporterISO"":""IDN"",""flowCode"":""X"",""cmdCode"":""090111"",""period"":""2020,2021,2022,2023,2024,2025"",""includeDesc"":true}]}",C,A,20210101,2021,360,IDN,Indonesia,792,TUR,Türkiye,0,W00,World,X,Export,H5,090111,Coffee; not roasted or decaffeinated,C00,TOTAL CPC,0,TOTAL MOT,8,kg,421101,421101,0,885455.92,true,false,true,"{""typeCode"":""C"",""freqCode"":""A"",""refPeriodId"":20210101,""refYear"":2021,""refMonth"":52,""period"":""2021"",""reporterCode"":360,""reporterISO"":""IDN"",""reporterDesc"":""Indonesia"",""flowCode"":""X"",""flowDesc"":""Export"",""partnerCode"":792,""partnerISO"":""TUR"",""partnerDesc"":""Türkiye"",""partner2Code"":0,""partner2ISO"":""W00"",""partner2Desc"":""World"",""classificationCode"":""H5"",""classificationSearchCode"":""HS"",""isOriginalClassification"":true,""cmdCode"":""090111"",""cmdDesc"":""Coffee; not roasted or decaffeinated"",""aggrLevel"":6,""isLeaf"":true,""customsCode"":""C00"",""customsDesc"":""TOTAL CPC"",""mosCode"":""0"",""motCode"":0,""motDesc"":""TOTAL MOT"",""qtyUnitCode"":8,""qtyUnitAbbr"":""kg"",""qty"":421101,""isQtyEstimated"":false,""altQtyUnitCode"":8,""altQtyUnitAbbr"":""kg"",""altQty"":421101,""isAltQtyEstimated"":false,""netWgt"":421101,""isNetWgtEstimated"":false,""grossWgt"":0,""isGrossWgtEstimated"":false,""cifvalue"":null,""fobvalue"":885455.92,""primaryValue"":885455.92,""legacyEstimationFlag"":0,""isReported"":false,""isAggregate"":true}"
,UN Comtrade,https://comtradeapi.un.org/public/v1/preview/C/A/HS?reporterCode=360&flowCode=X&cmdCode=090111&period=2021&includeDesc=true,2026-05-30T18:34:22.015Z,"{""reporters"":[{""endpoint"":""https://comtradeapi.un.org/public/v1/preview/C/A/HS"",""reporterCode"":704,""reporterISO"":""VNM"",""flowCode"":""X"",""cmdCode"":""090111"",""period"":""2020,2021,2022,2023,2024,2025"",""includeDesc"":true},{""endpoint"":""https://comtradeapi.un.org/public/v1/preview/C/A/HS"",""reporterCode"":76,""reporterISO"":""BRA"",""flowCode"":""X"",""cmdCode"":""090111"",""period"":""2020,2021,2022,2023,2024,2025"",""includeDesc"":true},{""endpoint"":""https://comtradeapi.un.org/public/v1/preview/C/A/HS"",""reporterCode"":360,""reporterISO"":""IDN"",""flowCode"":""X"",""cmdCode"":""090111"",""period"":""2020,2021,2022,2023,2024,2025"",""includeDesc"":true}]}",C,A,20210101,2021,360,IDN,Indonesia,804,UKR,Ukraine,0,W00,World,X,Export,H5,090111,Coffee; not roasted or decaffeinated,C00,TOTAL CPC,0,TOTAL MOT,8,kg,153845.5,153845.5,0,323610.01,true,false,true,"{""typeCode"":""C"",""freqCode"":""A"",""refPeriodId"":20210101,""refYear"":2021,""refMonth"":52,""period"":""2021"",""reporterCode"":360,""reporterISO"":""IDN"",""reporterDesc"":""Indonesia"",""flowCode"":""X"",""flowDesc"":""Export"",""partnerCode"":804,""partnerISO"":""UKR"",""partnerDesc"":""Ukraine"",""partner2Code"":0,""partner2ISO"":""W00"",""partner2Desc"":""World"",""classificationCode"":""H5"",""classificationSearchCode"":""HS"",""isOriginalClassification"":true,""cmdCode"":""090111"",""cmdDesc"":""Coffee; not roasted or decaffeinated"",""aggrLevel"":6,""isLeaf"":true,""customsCode"":""C00"",""customsDesc"":""TOTAL CPC"",""mosCode"":""0"",""motCode"":0,""motDesc"":""TOTAL MOT"",""qtyUnitCode"":8,""qtyUnitAbbr"":""kg"",""qty"":153845.5,""isQtyEstimated"":false,""altQtyUnitCode"":8,""altQtyUnitAbbr"":""kg"",""altQty"":153845.5,""isAltQtyEstimated"":false,""netWgt"":153845.5,""isNetWgtEstimated"":false,""grossWgt"":0,""isGrossWgtEstimated"":false,""cifvalue"":null,""fobvalue"":323610.01,""primaryValue"":323610.01,""legacyEstimationFlag"":0,""isReported"":false,""isAggregate"":true}"
,UN Comtrade,https://comtradeapi.un.org/public/v1/preview/C/A/HS?reporterCode=360&flowCode=X&cmdCode=090111&period=2021&includeDesc=true,2026-05-30T18:34:22.015Z,"{""reporters"":[{""endpoint"":""https://comtradeapi.un.org/public/v1/preview/C/A/HS"",""reporterCode"":704,""reporterISO"":""VNM"",""flowCode"":""X"",""cmdCode"":""090111"",""period"":""2020,2021,2022,2023,2024,2025"",""includeDesc"":true},{""endpoint"":""https://comtradeapi.un.org/public/v1/preview/C/A/HS"",""reporterCode"":76,""reporterISO"":""BRA"",""flowCode"":""X"",""cmdCode"":""090111"",""period"":""2020,2021,2022,2023,2024,2025"",""includeDesc"":true},{""endpoint"":""https://comtradeapi.un.org/public/v1/preview/C/A/HS"",""reporterCode"":360,""reporterISO"":""IDN"",""flowCode"":""X"",""cmdCode"":""090111"",""period"":""2020,2021,2022,2023,2024,2025"",""includeDesc"":true}]}",C,A,20210101,2021,360,IDN,Indonesia,818,EGY,Egypt,0,W00,World,X,Export,H5,090111,Coffee; not roasted or decaffeinated,C00,TOTAL CPC,0,TOTAL MOT,8,kg,48521297.96,48521297.96,0,89082656.311,true,false,true,"{""typeCode"":""C"",""freqCode"":""A"",""refPeriodId"":20210101,""refYear"":2021,""refMonth"":52,""period"":""2021"",""reporterCode"":360,""reporterISO"":""IDN"",""reporterDesc"":""Indonesia"",""flowCode"":""X"",""flowDesc"":""Export"",""partnerCode"":818,""partnerISO"":""EGY"",""partnerDesc"":""Egypt"",""partner2Code"":0,""partner2ISO"":""W00"",""partner2Desc"":""World"",""classificationCode"":""H5"",""classificationSearchCode"":""HS"",""isOriginalClassification"":true,""cmdCode"":""090111"",""cmdDesc"":""Coffee; not roasted or decaffeinated"",""aggrLevel"":6,""isLeaf"":true,""customsCode"":""C00"",""customsDesc"":""TOTAL CPC"",""mosCode"":""0"",""motCode"":0,""motDesc"":""TOTAL MOT"",""qtyUnitCode"":8,""qtyUnitAbbr"":""kg"",""qty"":48521297.96,""isQtyEstimated"":false,""altQtyUnitCode"":8,""altQtyUnitAbbr"":""kg"",""altQty"":48521297.96,""isAltQtyEstimated"":false,""netWgt"":48521297.96,""isNetWgtEstimated"":false,""grossWgt"":0,""isGrossWgtEstimated"":false,""cifvalue"":null,""fobvalue"":89082656.311,""primaryValue"":89082656.311,""legacyEstimationFlag"":0,""isReported"":false,""isAggregate"":true}"
,UN Comtrade,https://comtradeapi.un.org/public/v1/preview/C/A/HS?reporterCode=360&flowCode=X&cmdCode=090111&period=2021&includeDesc=true,2026-05-30T18:34:22.015Z,"{""reporters"":[{""endpoint"":""https://comtradeapi.un.org/public/v1/preview/C/A/HS"",""reporterCode"":704,""reporterISO"":""VNM"",""flowCode"":""X"",""cmdCode"":""090111"",""period"":""2020,2021,2022,2023,2024,2025"",""includeDesc"":true},{""endpoint"":""https://comtradeapi.un.org/public/v1/preview/C/A/HS"",""reporterCode"":76,""reporterISO"":""BRA"",""flowCode"":""X"",""cmdCode"":""090111"",""period"":""2020,2021,2022,2023,2024,2025"",""includeDesc"":true},{""endpoint"":""https://comtradeapi.un.org/public/v1/preview/C/A/HS"",""reporterCode"":360,""reporterISO"":""IDN"",""flowCode"":""X"",""cmdCode"":""090111"",""period"":""2020,2021,2022,2023,2024,2025"",""includeDesc"":true}]}",C,A,20210101,2021,360,IDN,Indonesia,826,GBR,United Kingdom,0,W00,World,X,Export,H5,090111,Coffee; not roasted or decaffeinated,C00,TOTAL CPC,0,TOTAL MOT,8,kg,12259549.6,12259549.6,0,25719852.471,true,false,true,"{""typeCode"":""C"",""freqCode"":""A"",""refPeriodId"":20210101,""refYear"":2021,""refMonth"":52,""period"":""2021"",""reporterCode"":360,""reporterISO"":""IDN"",""reporterDesc"":""Indonesia"",""flowCode"":""X"",""flowDesc"":""Export"",""partnerCode"":826,""partnerISO"":""GBR"",""partnerDesc"":""United Kingdom"",""partner2Code"":0,""partner2ISO"":""W00"",""partner2Desc"":""World"",""classificationCode"":""H5"",""classificationSearchCode"":""HS"",""isOriginalClassification"":true,""cmdCode"":""090111"",""cmdDesc"":""Coffee; not roasted or decaffeinated"",""aggrLevel"":6,""isLeaf"":true,""customsCode"":""C00"",""customsDesc"":""TOTAL CPC"",""mosCode"":""0"",""motCode"":0,""motDesc"":""TOTAL MOT"",""qtyUnitCode"":8,""qtyUnitAbbr"":""kg"",""qty"":12259549.6,""isQtyEstimated"":false,""altQtyUnitCode"":8,""altQtyUnitAbbr"":""kg"",""altQty"":12259549.6,""isAltQtyEstimated"":false,""netWgt"":12259549.6,""isNetWgtEstimated"":false,""grossWgt"":0,""isGrossWgtEstimated"":false,""cifvalue"":null,""fobvalue"":25719852.471,""primaryValue"":25719852.471,""legacyEstimationFlag"":0,""isReported"":false,""isAggregate"":true}"
,UN Comtrade,https://comtradeapi.un.org/public/v1/preview/C/A/HS?reporterCode=360&flowCode=X&cmdCode=090111&period=2021&includeDesc=true,2026-05-30T18:34:22.015Z,"{""reporters"":[{""endpoint"":""https://comtradeapi.un.org/public/v1/preview/C/A/HS"",""reporterCode"":704,""reporterISO"":""VNM"",""flowCode"":""X"",""cmdCode"":""090111"",""period"":""2020,2021,2022,2023,2024,2025"",""includeDesc"":true},{""endpoint"":""https://comtradeapi.un.org/public/v1/preview/C/A/HS"",""reporterCode"":76,""reporterISO"":""BRA"",""flowCode"":""X"",""cmdCode"":""090111"",""period"":""2020,2021,2022,2023,2024,2025"",""includeDesc"":true},{""endpoint"":""https://comtradeapi.un.org/public/v1/preview/C/A/HS"",""reporterCode"":360,""reporterISO"":""IDN"",""flowCode"":""X"",""cmdCode"":""090111"",""period"":""2020,2021,2022,2023,2024,2025"",""includeDesc"":true}]}",C,A,20210101,2021,360,IDN,Indonesia,842,USA,USA,0,W00,World,X,Export,H5,090111,Coffee; not roasted or decaffeinated,C00,TOTAL CPC,0,TOTAL MOT,8,kg,57694003.7,57694003.7,0,194769128.832,true,false,true,"{""typeCode"":""C"",""freqCode"":""A"",""refPeriodId"":20210101,""refYear"":2021,""refMonth"":52,""period"":""2021"",""reporterCode"":360,""reporterISO"":""IDN"",""reporterDesc"":""Indonesia"",""flowCode"":""X"",""flowDesc"":""Export"",""partnerCode"":842,""partnerISO"":""USA"",""partnerDesc"":""USA"",""partner2Code"":0,""partner2ISO"":""W00"",""partner2Desc"":""World"",""classificationCode"":""H5"",""classificationSearchCode"":""HS"",""isOriginalClassification"":true,""cmdCode"":""090111"",""cmdDesc"":""Coffee; not roasted or decaffeinated"",""aggrLevel"":6,""isLeaf"":true,""customsCode"":""C00"",""customsDesc"":""TOTAL CPC"",""mosCode"":""0"",""motCode"":0,""motDesc"":""TOTAL MOT"",""qtyUnitCode"":8,""qtyUnitAbbr"":""kg"",""qty"":57694003.7,""isQtyEstimated"":false,""altQtyUnitCode"":8,""altQtyUnitAbbr"":""kg"",""altQty"":57694003.7,""isAltQtyEstimated"":false,""netWgt"":57694003.7,""isNetWgtEstimated"":false,""grossWgt"":0,""isGrossWgtEstimated"":false,""cifvalue"":null,""fobvalue"":194769128.832,""primaryValue"":194769128.832,""legacyEstimationFlag"":0,""isReported"":false,""isAggregate"":true}"
,UN Comtrade,https://comtradeapi.un.org/public/v1/preview/C/A/HS?reporterCode=360&flowCode=X&cmdCode=090111&period=2022&includeDesc=true,2026-05-30T18:34:22.015Z,"{""reporters"":[{""endpoint"":""https://comtradeapi.un.org/public/v1/preview/C/A/HS"",""reporterCode"":704,""reporterISO"":""VNM"",""flowCode"":""X"",""cmdCode"":""090111"",""period"":""2020,2021,2022,2023,2024,2025"",""includeDesc"":true},{""endpoint"":""https://comtradeapi.un.org/public/v1/preview/C/A/HS"",""reporterCode"":76,""reporterISO"":""BRA"",""flowCode"":""X"",""cmdCode"":""090111"",""period"":""2020,2021,2022,2023,2024,2025"",""includeDesc"":true},{""endpoint"":""https://comtradeapi.un.org/public/v1/preview/C/A/HS"",""reporterCode"":360,""reporterISO"":""IDN"",""flowCode"":""X"",""cmdCode"":""090111"",""period"":""2020,2021,2022,2023,2024,2025"",""includeDesc"":true}]}",C,A,20220101,2022,360,IDN,Indonesia,0,W00,World,0,W00,World,X,Export,H6,090111,Coffee; not roasted or decaffeinated,C00,TOTAL CPC,0,TOTAL MOT,8,kg,433781071.912,433781071.912,0,1135516238.827,true,false,true,"{""typeCode"":""C"",""freqCode"":""A"",""refPeriodId"":20220101,""refYear"":2022,""refMonth"":52,""period"":""2022"",""reporterCode"":360,""reporterISO"":""IDN"",""reporterDesc"":""Indonesia"",""flowCode"":""X"",""flowDesc"":""Export"",""partnerCode"":0,""partnerISO"":""W00"",""partnerDesc"":""World"",""partner2Code"":0,""partner2ISO"":""W00"",""partner2Desc"":""World"",""classificationCode"":""H6"",""classificationSearchCode"":""HS"",""isOriginalClassification"":true,""cmdCode"":""090111"",""cmdDesc"":""Coffee; not roasted or decaffeinated"",""aggrLevel"":6,""isLeaf"":true,""customsCode"":""C00"",""customsDesc"":""TOTAL CPC"",""mosCode"":""0"",""motCode"":0,""motDesc"":""TOTAL MOT"",""qtyUnitCode"":8,""qtyUnitAbbr"":""kg"",""qty"":433781071.912,""isQtyEstimated"":false,""altQtyUnitCode"":8,""altQtyUnitAbbr"":""kg"",""altQty"":433781071.912,""isAltQtyEstimated"":false,""netWgt"":433781071.912,""isNetWgtEstimated"":false,""grossWgt"":0,""isGrossWgtEstimated"":false,""cifvalue"":null,""fobvalue"":1135516238.827,""primaryValue"":1135516238.827,""legacyEstimationFlag"":0,""isReported"":false,""isAggregate"":true}"
,UN Comtrade,https://comtradeapi.un.org/public/v1/preview/C/A/HS?reporterCode=360&flowCode=X&cmdCode=090111&period=2022&includeDesc=true,2026-05-30T18:34:22.015Z,"{""reporters"":[{""endpoint"":""https://comtradeapi.un.org/public/v1/preview/C/A/HS"",""reporterCode"":704,""reporterISO"":""VNM"",""flowCode"":""X"",""cmdCode"":""090111"",""period"":""2020,2021,2022,2023,2024,2025"",""includeDesc"":true},{""endpoint"":""https://comtradeapi.un.org/public/v1/preview/C/A/HS"",""reporterCode"":76,""reporterISO"":""BRA"",""flowCode"":""X"",""cmdCode"":""090111"",""period"":""2020,2021,2022,2023,2024,2025"",""includeDesc"":true},{""endpoint"":""https://comtradeapi.un.org/public/v1/preview/C/A/HS"",""reporterCode"":360,""reporterISO"":""IDN"",""flowCode"":""X"",""cmdCode"":""090111"",""period"":""2020,2021,2022,2023,2024,2025"",""includeDesc"":true}]}",C,A,20220101,2022,360,IDN,Indonesia,8,ALB,Albania,0,W00,World,X,Export,H6,090111,Coffee; not roasted or decaffeinated,C00,TOTAL CPC,0,TOTAL MOT,8,kg,20,20,0,1800,true,false,true,"{""typeCode"":""C"",""freqCode"":""A"",""refPeriodId"":20220101,""refYear"":2022,""refMonth"":52,""period"":""2022"",""reporterCode"":360,""reporterISO"":""IDN"",""reporterDesc"":""Indonesia"",""flowCode"":""X"",""flowDesc"":""Export"",""partnerCode"":8,""partnerISO"":""ALB"",""partnerDesc"":""Albania"",""partner2Code"":0,""partner2ISO"":""W00"",""partner2Desc"":""World"",""classificationCode"":""H6"",""classificationSearchCode"":""HS"",""isOriginalClassification"":true,""cmdCode"":""090111"",""cmdDesc"":""Coffee; not roasted or decaffeinated"",""aggrLevel"":6,""isLeaf"":true,""customsCode"":""C00"",""customsDesc"":""TOTAL CPC"",""mosCode"":""0"",""motCode"":0,""motDesc"":""TOTAL MOT"",""qtyUnitCode"":8,""qtyUnitAbbr"":""kg"",""qty"":20,""isQtyEstimated"":false,""altQtyUnitCode"":8,""altQtyUnitAbbr"":""kg"",""altQty"":20,""isAltQtyEstimated"":false,""netWgt"":20,""isNetWgtEstimated"":false,""grossWgt"":0,""isGrossWgtEstimated"":false,""cifvalue"":null,""fobvalue"":1800,""primaryValue"":1800,""legacyEstimationFlag"":0,""isReported"":false,""isAggregate"":true}"
,UN Comtrade,https://comtradeapi.un.org/public/v1/preview/C/A/HS?reporterCode=360&flowCode=X&cmdCode=090111&period=2022&includeDesc=true,2026-05-30T18:34:22.015Z,"{""reporters"":[{""endpoint"":""https://comtradeapi.un.org/public/v1/preview/C/A/HS"",""reporterCode"":704,""reporterISO"":""VNM"",""flowCode"":""X"",""cmdCode"":""090111"",""period"":""2020,2021,2022,2023,2024,2025"",""includeDesc"":true},{""endpoint"":""https://comtradeapi.un.org/public/v1/preview/C/A/HS"",""reporterCode"":76,""reporterISO"":""BRA"",""flowCode"":""X"",""cmdCode"":""090111"",""period"":""2020,2021,2022,2023,2024,2025"",""includeDesc"":true},{""endpoint"":""https://comtradeapi.un.org/public/v1/preview/C/A/HS"",""reporterCode"":360,""reporterISO"":""IDN"",""flowCode"":""X"",""cmdCode"":""090111"",""period"":""2020,2021,2022,2023,2024,2025"",""includeDesc"":true}]}",C,A,20220101,2022,360,IDN,Indonesia,12,DZA,Algeria,0,W00,World,X,Export,H6,090111,Coffee; not roasted or decaffeinated,C00,TOTAL CPC,0,TOTAL MOT,8,kg,13142500,13142500,0,25723049.04,true,false,true,"{""typeCode"":""C"",""freqCode"":""A"",""refPeriodId"":20220101,""refYear"":2022,""refMonth"":52,""period"":""2022"",""reporterCode"":360,""reporterISO"":""IDN"",""reporterDesc"":""Indonesia"",""flowCode"":""X"",""flowDesc"":""Export"",""partnerCode"":12,""partnerISO"":""DZA"",""partnerDesc"":""Algeria"",""partner2Code"":0,""partner2ISO"":""W00"",""partner2Desc"":""World"",""classificationCode"":""H6"",""classificationSearchCode"":""HS"",""isOriginalClassification"":true,""cmdCode"":""090111"",""cmdDesc"":""Coffee; not roasted or decaffeinated"",""aggrLevel"":6,""isLeaf"":true,""customsCode"":""C00"",""customsDesc"":""TOTAL CPC"",""mosCode"":""0"",""motCode"":0,""motDesc"":""TOTAL MOT"",""qtyUnitCode"":8,""qtyUnitAbbr"":""kg"",""qty"":13142500,""isQtyEstimated"":false,""altQtyUnitCode"":8,""altQtyUnitAbbr"":""kg"",""altQty"":13142500,""isAltQtyEstimated"":false,""netWgt"":13142500,""isNetWgtEstimated"":false,""grossWgt"":0,""isGrossWgtEstimated"":false,""cifvalue"":null,""fobvalue"":25723049.04,""primaryValue"":25723049.04,""legacyEstimationFlag"":0,""isReported"":false,""isAggregate"":true}"
,UN Comtrade,https://comtradeapi.un.org/public/v1/preview/C/A/HS?reporterCode=360&flowCode=X&cmdCode=090111&period=2022&includeDesc=true,2026-05-30T18:34:22.015Z,"{""reporters"":[{""endpoint"":""https://comtradeapi.un.org/public/v1/preview/C/A/HS"",""reporterCode"":704,""reporterISO"":""VNM"",""flowCode"":""X"",""cmdCode"":""090111"",""period"":""2020,2021,2022,2023,2024,2025"",""includeDesc"":true},{""endpoint"":""https://comtradeapi.un.org/public/v1/preview/C/A/HS"",""reporterCode"":76,""reporterISO"":""BRA"",""flowCode"":""X"",""cmdCode"":""090111"",""period"":""2020,2021,2022,2023,2024,2025"",""includeDesc"":true},{""endpoint"":""https://comtradeapi.un.org/public/v1/preview/C/A/HS"",""reporterCode"":360,""reporterISO"":""IDN"",""flowCode"":""X"",""cmdCode"":""090111"",""period"":""2020,2021,2022,2023,2024,2025"",""includeDesc"":true}]}",C,A,20220101,2022,360,IDN,Indonesia,32,ARG,Argentina,0,W00,World,X,Export,H6,090111,Coffee; not roasted or decaffeinated,C00,TOTAL CPC,0,TOTAL MOT,8,kg,120000,120000,0,247984.8,true,false,true,"{""typeCode"":""C"",""freqCode"":""A"",""refPeriodId"":20220101,""refYear"":2022,""refMonth"":52,""period"":""2022"",""reporterCode"":360,""reporterISO"":""IDN"",""reporterDesc"":""Indonesia"",""flowCode"":""X"",""flowDesc"":""Export"",""partnerCode"":32,""partnerISO"":""ARG"",""partnerDesc"":""Argentina"",""partner2Code"":0,""partner2ISO"":""W00"",""partner2Desc"":""World"",""classificationCode"":""H6"",""classificationSearchCode"":""HS"",""isOriginalClassification"":true,""cmdCode"":""090111"",""cmdDesc"":""Coffee; not roasted or decaffeinated"",""aggrLevel"":6,""isLeaf"":true,""customsCode"":""C00"",""customsDesc"":""TOTAL CPC"",""mosCode"":""0"",""motCode"":0,""motDesc"":""TOTAL MOT"",""qtyUnitCode"":8,""qtyUnitAbbr"":""kg"",""qty"":120000,""isQtyEstimated"":false,""altQtyUnitCode"":8,""altQtyUnitAbbr"":""kg"",""altQty"":120000,""isAltQtyEstimated"":false,""netWgt"":120000,""isNetWgtEstimated"":false,""grossWgt"":0,""isGrossWgtEstimated"":false,""cifvalue"":null,""fobvalue"":247984.8,""primaryValue"":247984.8,""legacyEstimationFlag"":0,""isReported"":false,""isAggregate"":true}"
,UN Comtrade,https://comtradeapi.un.org/public/v1/preview/C/A/HS?reporterCode=360&flowCode=X&cmdCode=090111&period=2022&includeDesc=true,2026-05-30T18:34:22.015Z,"{""reporters"":[{""endpoint"":""https://comtradeapi.un.org/public/v1/preview/C/A/HS"",""reporterCode"":704,""reporterISO"":""VNM"",""flowCode"":""X"",""cmdCode"":""090111"",""period"":""2020,2021,2022,2023,2024,2025"",""includeDesc"":true},{""endpoint"":""https://comtradeapi.un.org/public/v1/preview/C/A/HS"",""reporterCode"":76,""reporterISO"":""BRA"",""flowCode"":""X"",""cmdCode"":""090111"",""period"":""2020,2021,2022,2023,2024,2025"",""includeDesc"":true},{""endpoint"":""https://comtradeapi.un.org/public/v1/preview/C/A/HS"",""reporterCode"":360,""reporterISO"":""IDN"",""flowCode"":""X"",""cmdCode"":""090111"",""period"":""2020,2021,2022,2023,2024,2025"",""includeDesc"":true}]}",C,A,20220101,2022,360,IDN,Indonesia,36,AUS,Australia,0,W00,World,X,Export,H6,090111,Coffee; not roasted or decaffeinated,C00,TOTAL CPC,0,TOTAL MOT,8,kg,1873940.12,1873940.12,0,8713367.424,true,false,true,"{""typeCode"":""C"",""freqCode"":""A"",""refPeriodId"":20220101,""refYear"":2022,""refMonth"":52,""period"":""2022"",""reporterCode"":360,""reporterISO"":""IDN"",""reporterDesc"":""Indonesia"",""flowCode"":""X"",""flowDesc"":""Export"",""partnerCode"":36,""partnerISO"":""AUS"",""partnerDesc"":""Australia"",""partner2Code"":0,""partner2ISO"":""W00"",""partner2Desc"":""World"",""classificationCode"":""H6"",""classificationSearchCode"":""HS"",""isOriginalClassification"":true,""cmdCode"":""090111"",""cmdDesc"":""Coffee; not roasted or decaffeinated"",""aggrLevel"":6,""isLeaf"":true,""customsCode"":""C00"",""customsDesc"":""TOTAL CPC"",""mosCode"":""0"",""motCode"":0,""motDesc"":""TOTAL MOT"",""qtyUnitCode"":8,""qtyUnitAbbr"":""kg"",""qty"":1873940.12,""isQtyEstimated"":false,""altQtyUnitCode"":8,""altQtyUnitAbbr"":""kg"",""altQty"":1873940.12,""isAltQtyEstimated"":false,""netWgt"":1873940.12,""isNetWgtEstimated"":false,""grossWgt"":0,""isGrossWgtEstimated"":false,""cifvalue"":null,""fobvalue"":8713367.424,""primaryValue"":8713367.424,""legacyEstimationFlag"":0,""isReported"":false,""isAggregate"":true}"
,UN Comtrade,https://comtradeapi.un.org/public/v1/preview/C/A/HS?reporterCode=360&flowCode=X&cmdCode=090111&period=2022&includeDesc=true,2026-05-30T18:34:22.015Z,"{""reporters"":[{""endpoint"":""https://comtradeapi.un.org/public/v1/preview/C/A/HS"",""reporterCode"":704,""reporterISO"":""VNM"",""flowCode"":""X"",""cmdCode"":""090111"",""period"":""2020,2021,2022,2023,2024,2025"",""includeDesc"":true},{""endpoint"":""https://comtradeapi.un.org/public/v1/preview/C/A/HS"",""reporterCode"":76,""reporterISO"":""BRA"",""flowCode"":""X"",""cmdCode"":""090111"",""period"":""2020,2021,2022,2023,2024,2025"",""includeDesc"":true},{""endpoint"":""https://comtradeapi.un.org/public/v1/preview/C/A/HS"",""reporterCode"":360,""reporterISO"":""IDN"",""flowCode"":""X"",""cmdCode"":""090111"",""period"":""2020,2021,2022,2023,2024,2025"",""includeDesc"":true}]}",C,A,20220101,2022,360,IDN,Indonesia,50,BGD,Bangladesh,0,W00,World,X,Export,H6,090111,Coffee; not roasted or decaffeinated,C00,TOTAL CPC,0,TOTAL MOT,8,kg,150,150,0,1345,true,false,true,"{""typeCode"":""C"",""freqCode"":""A"",""refPeriodId"":20220101,""refYear"":2022,""refMonth"":52,""period"":""2022"",""reporterCode"":360,""reporterISO"":""IDN"",""reporterDesc"":""Indonesia"",""flowCode"":""X"",""flowDesc"":""Export"",""partnerCode"":50,""partnerISO"":""BGD"",""partnerDesc"":""Bangladesh"",""partner2Code"":0,""partner2ISO"":""W00"",""partner2Desc"":""World"",""classificationCode"":""H6"",""classificationSearchCode"":""HS"",""isOriginalClassification"":true,""cmdCode"":""090111"",""cmdDesc"":""Coffee; not roasted or decaffeinated"",""aggrLevel"":6,""isLeaf"":true,""customsCode"":""C00"",""customsDesc"":""TOTAL CPC"",""mosCode"":""0"",""motCode"":0,""motDesc"":""TOTAL MOT"",""qtyUnitCode"":8,""qtyUnitAbbr"":""kg"",""qty"":150,""isQtyEstimated"":false,""altQtyUnitCode"":8,""altQtyUnitAbbr"":""kg"",""altQty"":150,""isAltQtyEstimated"":false,""netWgt"":150,""isNetWgtEstimated"":false,""grossWgt"":0,""isGrossWgtEstimated"":false,""cifvalue"":null,""fobvalue"":1345,""primaryValue"":1345,""legacyEstimationFlag"":0,""isReported"":false,""isAggregate"":true}"
,UN Comtrade,https://comtradeapi.un.org/public/v1/preview/C/A/HS?reporterCode=360&flowCode=X&cmdCode=090111&period=2022&includeDesc=true,2026-05-30T18:34:22.015Z,"{""reporters"":[{""endpoint"":""https://comtradeapi.un.org/public/v1/preview/C/A/HS"",""reporterCode"":704,""reporterISO"":""VNM"",""flowCode"":""X"",""cmdCode"":""090111"",""period"":""2020,2021,2022,2023,2024,2025"",""includeDesc"":true},{""endpoint"":""https://comtradeapi.un.org/public/v1/preview/C/A/HS"",""reporterCode"":76,""reporterISO"":""BRA"",""flowCode"":""X"",""cmdCode"":""090111"",""period"":""2020,2021,2022,2023,2024,2025"",""includeDesc"":true},{""endpoint"":""https://comtradeapi.un.org/public/v1/preview/C/A/HS"",""reporterCode"":360,""reporterISO"":""IDN"",""flowCode"":""X"",""cmdCode"":""090111"",""period"":""2020,2021,2022,2023,2024,2025"",""includeDesc"":true}]}",C,A,20220101,2022,360,IDN,Indonesia,51,ARM,Armenia,0,W00,World,X,Export,H6,090111,Coffee; not roasted or decaffeinated,C00,TOTAL CPC,0,TOTAL MOT,8,kg,710400,710400,0,1607194.22,true,false,true,"{""typeCode"":""C"",""freqCode"":""A"",""refPeriodId"":20220101,""refYear"":2022,""refMonth"":52,""period"":""2022"",""reporterCode"":360,""reporterISO"":""IDN"",""reporterDesc"":""Indonesia"",""flowCode"":""X"",""flowDesc"":""Export"",""partnerCode"":51,""partnerISO"":""ARM"",""partnerDesc"":""Armenia"",""partner2Code"":0,""partner2ISO"":""W00"",""partner2Desc"":""World"",""classificationCode"":""H6"",""classificationSearchCode"":""HS"",""isOriginalClassification"":true,""cmdCode"":""090111"",""cmdDesc"":""Coffee; not roasted or decaffeinated"",""aggrLevel"":6,""isLeaf"":true,""customsCode"":""C00"",""customsDesc"":""TOTAL CPC"",""mosCode"":""0"",""motCode"":0,""motDesc"":""TOTAL MOT"",""qtyUnitCode"":8,""qtyUnitAbbr"":""kg"",""qty"":710400,""isQtyEstimated"":false,""altQtyUnitCode"":8,""altQtyUnitAbbr"":""kg"",""altQty"":710400,""isAltQtyEstimated"":false,""netWgt"":710400,""isNetWgtEstimated"":false,""grossWgt"":0,""isGrossWgtEstimated"":false,""cifvalue"":null,""fobvalue"":1607194.22,""primaryValue"":1607194.22,""legacyEstimationFlag"":0,""isReported"":false,""isAggregate"":true}"
,UN Comtrade,https://comtradeapi.un.org/public/v1/preview/C/A/HS?reporterCode=360&flowCode=X&cmdCode=090111&period=2022&includeDesc=true,2026-05-30T18:34:22.015Z,"{""reporters"":[{""endpoint"":""https://comtradeapi.un.org/public/v1/preview/C/A/HS"",""reporterCode"":704,""reporterISO"":""VNM"",""flowCode"":""X"",""cmdCode"":""090111"",""period"":""2020,2021,2022,2023,2024,2025"",""includeDesc"":true},{""endpoint"":""https://comtradeapi.un.org/public/v1/preview/C/A/HS"",""reporterCode"":76,""reporterISO"":""BRA"",""flowCode"":""X"",""cmdCode"":""090111"",""period"":""2020,2021,2022,2023,2024,2025"",""includeDesc"":true},{""endpoint"":""https://comtradeapi.un.org/public/v1/preview/C/A/HS"",""reporterCode"":360,""reporterISO"":""IDN"",""flowCode"":""X"",""cmdCode"":""090111"",""period"":""2020,2021,2022,2023,2024,2025"",""includeDesc"":true}]}",C,A,20220101,2022,360,IDN,Indonesia,56,BEL,Belgium,0,W00,World,X,Export,H6,090111,Coffee; not roasted or decaffeinated,C00,TOTAL CPC,0,TOTAL MOT,8,kg,22179800,22179800,0,64899898.158,true,false,true,"{""typeCode"":""C"",""freqCode"":""A"",""refPeriodId"":20220101,""refYear"":2022,""refMonth"":52,""period"":""2022"",""reporterCode"":360,""reporterISO"":""IDN"",""reporterDesc"":""Indonesia"",""flowCode"":""X"",""flowDesc"":""Export"",""partnerCode"":56,""partnerISO"":""BEL"",""partnerDesc"":""Belgium"",""partner2Code"":0,""partner2ISO"":""W00"",""partner2Desc"":""World"",""classificationCode"":""H6"",""classificationSearchCode"":""HS"",""isOriginalClassification"":true,""cmdCode"":""090111"",""cmdDesc"":""Coffee; not roasted or decaffeinated"",""aggrLevel"":6,""isLeaf"":true,""customsCode"":""C00"",""customsDesc"":""TOTAL CPC"",""mosCode"":""0"",""motCode"":0,""motDesc"":""TOTAL MOT"",""qtyUnitCode"":8,""qtyUnitAbbr"":""kg"",""qty"":22179800,""isQtyEstimated"":false,""altQtyUnitCode"":8,""altQtyUnitAbbr"":""kg"",""altQty"":22179800,""isAltQtyEstimated"":false,""netWgt"":22179800,""isNetWgtEstimated"":false,""grossWgt"":0,""isGrossWgtEstimated"":false,""cifvalue"":null,""fobvalue"":64899898.158,""primaryValue"":64899898.158,""legacyEstimationFlag"":0,""isReported"":false,""isAggregate"":true}"
,UN Comtrade,https://comtradeapi.un.org/public/v1/preview/C/A/HS?reporterCode=360&flowCode=X&cmdCode=090111&period=2022&includeDesc=true,2026-05-30T18:34:22.015Z,"{""reporters"":[{""endpoint"":""https://comtradeapi.un.org/public/v1/preview/C/A/HS"",""reporterCode"":704,""reporterISO"":""VNM"",""flowCode"":""X"",""cmdCode"":""090111"",""period"":""2020,2021,2022,2023,2024,2025"",""includeDesc"":true},{""endpoint"":""https://comtradeapi.un.org/public/v1/preview/C/A/HS"",""reporterCode"":76,""reporterISO"":""BRA"",""flowCode"":""X"",""cmdCode"":""090111"",""period"":""2020,2021,2022,2023,2024,2025"",""includeDesc"":true},{""endpoint"":""https://comtradeapi.un.org/public/v1/preview/C/A/HS"",""reporterCode"":360,""reporterISO"":""IDN"",""flowCode"":""X"",""cmdCode"":""090111"",""period"":""2020,2021,2022,2023,2024,2025"",""includeDesc"":true}]}",C,A,20220101,2022,360,IDN,Indonesia,96,BRN,Brunei Darussalam,0,W00,World,X,Export,H6,090111,Coffee; not roasted or decaffeinated,C00,TOTAL CPC,0,TOTAL MOT,8,kg,1455.3,1455.3,0,10584.937,true,false,true,"{""typeCode"":""C"",""freqCode"":""A"",""refPeriodId"":20220101,""refYear"":2022,""refMonth"":52,""period"":""2022"",""reporterCode"":360,""reporterISO"":""IDN"",""reporterDesc"":""Indonesia"",""flowCode"":""X"",""flowDesc"":""Export"",""partnerCode"":96,""partnerISO"":""BRN"",""partnerDesc"":""Brunei Darussalam"",""partner2Code"":0,""partner2ISO"":""W00"",""partner2Desc"":""World"",""classificationCode"":""H6"",""classificationSearchCode"":""HS"",""isOriginalClassification"":true,""cmdCode"":""090111"",""cmdDesc"":""Coffee; not roasted or decaffeinated"",""aggrLevel"":6,""isLeaf"":true,""customsCode"":""C00"",""customsDesc"":""TOTAL CPC"",""mosCode"":""0"",""motCode"":0,""motDesc"":""TOTAL MOT"",""qtyUnitCode"":8,""qtyUnitAbbr"":""kg"",""qty"":1455.3,""isQtyEstimated"":false,""altQtyUnitCode"":8,""altQtyUnitAbbr"":""kg"",""altQty"":1455.3,""isAltQtyEstimated"":false,""netWgt"":1455.3,""isNetWgtEstimated"":false,""grossWgt"":0,""isGrossWgtEstimated"":false,""cifvalue"":null,""fobvalue"":10584.937,""primaryValue"":10584.937,""legacyEstimationFlag"":0,""isReported"":false,""isAggregate"":true}"
,UN Comtrade,https://comtradeapi.un.org/public/v1/preview/C/A/HS?reporterCode=360&flowCode=X&cmdCode=090111&period=2022&includeDesc=true,2026-05-30T18:34:22.015Z,"{""reporters"":[{""endpoint"":""https://comtradeapi.un.org/public/v1/preview/C/A/HS"",""reporterCode"":704,""reporterISO"":""VNM"",""flowCode"":""X"",""cmdCode"":""090111"",""period"":""2020,2021,2022,2023,2024,2025"",""includeDesc"":true},{""endpoint"":""https://comtradeapi.un.org/public/v1/preview/C/A/HS"",""reporterCode"":76,""reporterISO"":""BRA"",""flowCode"":""X"",""cmdCode"":""090111"",""period"":""2020,2021,2022,2023,2024,2025"",""includeDesc"":true},{""endpoint"":""https://comtradeapi.un.org/public/v1/preview/C/A/HS"",""reporterCode"":360,""reporterISO"":""IDN"",""flowCode"":""X"",""cmdCode"":""090111"",""period"":""2020,2021,2022,2023,2024,2025"",""includeDesc"":true}]}",C,A,20220101,2022,360,IDN,Indonesia,100,BGR,Bulgaria,0,W00,World,X,Export,H6,090111,Coffee; not roasted or decaffeinated,C00,TOTAL CPC,0,TOTAL MOT,8,kg,518400,518400,0,1030046.37,true,false,true,"{""typeCode"":""C"",""freqCode"":""A"",""refPeriodId"":20220101,""refYear"":2022,""refMonth"":52,""period"":""2022"",""reporterCode"":360,""reporterISO"":""IDN"",""reporterDesc"":""Indonesia"",""flowCode"":""X"",""flowDesc"":""Export"",""partnerCode"":100,""partnerISO"":""BGR"",""partnerDesc"":""Bulgaria"",""partner2Code"":0,""partner2ISO"":""W00"",""partner2Desc"":""World"",""classificationCode"":""H6"",""classificationSearchCode"":""HS"",""isOriginalClassification"":true,""cmdCode"":""090111"",""cmdDesc"":""Coffee; not roasted or decaffeinated"",""aggrLevel"":6,""isLeaf"":true,""customsCode"":""C00"",""customsDesc"":""TOTAL CPC"",""mosCode"":""0"",""motCode"":0,""motDesc"":""TOTAL MOT"",""qtyUnitCode"":8,""qtyUnitAbbr"":""kg"",""qty"":518400,""isQtyEstimated"":false,""altQtyUnitCode"":8,""altQtyUnitAbbr"":""kg"",""altQty"":518400,""isAltQtyEstimated"":false,""netWgt"":518400,""isNetWgtEstimated"":false,""grossWgt"":0,""isGrossWgtEstimated"":false,""cifvalue"":null,""fobvalue"":1030046.37,""primaryValue"":1030046.37,""legacyEstimationFlag"":0,""isReported"":false,""isAggregate"":true}"
,UN Comtrade,https://comtradeapi.un.org/public/v1/preview/C/A/HS?reporterCode=360&flowCode=X&cmdCode=090111&period=2022&includeDesc=true,2026-05-30T18:34:22.015Z,"{""reporters"":[{""endpoint"":""https://comtradeapi.un.org/public/v1/preview/C/A/HS"",""reporterCode"":704,""reporterISO"":""VNM"",""flowCode"":""X"",""cmdCode"":""090111"",""period"":""2020,2021,2022,2023,2024,2025"",""includeDesc"":true},{""endpoint"":""https://comtradeapi.un.org/public/v1/preview/C/A/HS"",""reporterCode"":76,""reporterISO"":""BRA"",""flowCode"":""X"",""cmdCode"":""090111"",""period"":""2020,2021,2022,2023,2024,2025"",""includeDesc"":true},{""endpoint"":""https://comtradeapi.un.org/public/v1/preview/C/A/HS"",""reporterCode"":360,""reporterISO"":""IDN"",""flowCode"":""X"",""cmdCode"":""090111"",""period"":""2020,2021,2022,2023,2024,2025"",""includeDesc"":true}]}",C,A,20220101,2022,360,IDN,Indonesia,116,KHM,Cambodia,0,W00,World,X,Export,H6,090111,Coffee; not roasted or decaffeinated,C00,TOTAL CPC,0,TOTAL MOT,8,kg,32950.782,32950.782,0,255892.6,true,false,true,"{""typeCode"":""C"",""freqCode"":""A"",""refPeriodId"":20220101,""refYear"":2022,""refMonth"":52,""period"":""2022"",""reporterCode"":360,""reporterISO"":""IDN"",""reporterDesc"":""Indonesia"",""flowCode"":""X"",""flowDesc"":""Export"",""partnerCode"":116,""partnerISO"":""KHM"",""partnerDesc"":""Cambodia"",""partner2Code"":0,""partner2ISO"":""W00"",""partner2Desc"":""World"",""classificationCode"":""H6"",""classificationSearchCode"":""HS"",""isOriginalClassification"":true,""cmdCode"":""090111"",""cmdDesc"":""Coffee; not roasted or decaffeinated"",""aggrLevel"":6,""isLeaf"":true,""customsCode"":""C00"",""customsDesc"":""TOTAL CPC"",""mosCode"":""0"",""motCode"":0,""motDesc"":""TOTAL MOT"",""qtyUnitCode"":8,""qtyUnitAbbr"":""kg"",""qty"":32950.782,""isQtyEstimated"":false,""altQtyUnitCode"":8,""altQtyUnitAbbr"":""kg"",""altQty"":32950.782,""isAltQtyEstimated"":false,""netWgt"":32950.782,""isNetWgtEstimated"":false,""grossWgt"":0,""isGrossWgtEstimated"":false,""cifvalue"":null,""fobvalue"":255892.6,""primaryValue"":255892.6,""legacyEstimationFlag"":0,""isReported"":false,""isAggregate"":true}"
,UN Comtrade,https://comtradeapi.un.org/public/v1/preview/C/A/HS?reporterCode=360&flowCode=X&cmdCode=090111&period=2022&includeDesc=true,2026-05-30T18:34:22.015Z,"{""reporters"":[{""endpoint"":""https://comtradeapi.un.org/public/v1/preview/C/A/HS"",""reporterCode"":704,""reporterISO"":""VNM"",""flowCode"":""X"",""cmdCode"":""090111"",""period"":""2020,2021,2022,2023,2024,2025"",""includeDesc"":true},{""endpoint"":""https://comtradeapi.un.org/public/v1/preview/C/A/HS"",""reporterCode"":76,""reporterISO"":""BRA"",""flowCode"":""X"",""cmdCode"":""090111"",""period"":""2020,2021,2022,2023,2024,2025"",""includeDesc"":true},{""endpoint"":""https://comtradeapi.un.org/public/v1/preview/C/A/HS"",""reporterCode"":360,""reporterISO"":""IDN"",""flowCode"":""X"",""cmdCode"":""090111"",""period"":""2020,2021,2022,2023,2024,2025"",""includeDesc"":true}]}",C,A,20220101,2022,360,IDN,Indonesia,124,CAN,Canada,0,W00,World,X,Export,H6,090111,Coffee; not roasted or decaffeinated,C00,TOTAL CPC,0,TOTAL MOT,8,kg,2295500,2295500,0,15601261.101,true,false,true,"{""typeCode"":""C"",""freqCode"":""A"",""refPeriodId"":20220101,""refYear"":2022,""refMonth"":52,""period"":""2022"",""reporterCode"":360,""reporterISO"":""IDN"",""reporterDesc"":""Indonesia"",""flowCode"":""X"",""flowDesc"":""Export"",""partnerCode"":124,""partnerISO"":""CAN"",""partnerDesc"":""Canada"",""partner2Code"":0,""partner2ISO"":""W00"",""partner2Desc"":""World"",""classificationCode"":""H6"",""classificationSearchCode"":""HS"",""isOriginalClassification"":true,""cmdCode"":""090111"",""cmdDesc"":""Coffee; not roasted or decaffeinated"",""aggrLevel"":6,""isLeaf"":true,""customsCode"":""C00"",""customsDesc"":""TOTAL CPC"",""mosCode"":""0"",""motCode"":0,""motDesc"":""TOTAL MOT"",""qtyUnitCode"":8,""qtyUnitAbbr"":""kg"",""qty"":2295500,""isQtyEstimated"":false,""altQtyUnitCode"":8,""altQtyUnitAbbr"":""kg"",""altQty"":2295500,""isAltQtyEstimated"":false,""netWgt"":2295500,""isNetWgtEstimated"":false,""grossWgt"":0,""isGrossWgtEstimated"":false,""cifvalue"":null,""fobvalue"":15601261.101,""primaryValue"":15601261.101,""legacyEstimationFlag"":0,""isReported"":false,""isAggregate"":true}"
,UN Comtrade,https://comtradeapi.un.org/public/v1/preview/C/A/HS?reporterCode=360&flowCode=X&cmdCode=090111&period=2022&includeDesc=true,2026-05-30T18:34:22.015Z,"{""reporters"":[{""endpoint"":""https://comtradeapi.un.org/public/v1/preview/C/A/HS"",""reporterCode"":704,""reporterISO"":""VNM"",""flowCode"":""X"",""cmdCode"":""090111"",""period"":""2020,2021,2022,2023,2024,2025"",""includeDesc"":true},{""endpoint"":""https://comtradeapi.un.org/public/v1/preview/C/A/HS"",""reporterCode"":76,""reporterISO"":""BRA"",""flowCode"":""X"",""cmdCode"":""090111"",""period"":""2020,2021,2022,2023,2024,2025"",""includeDesc"":true},{""endpoint"":""https://comtradeapi.un.org/public/v1/preview/C/A/HS"",""reporterCode"":360,""reporterISO"":""IDN"",""flowCode"":""X"",""cmdCode"":""090111"",""period"":""2020,2021,2022,2023,2024,2025"",""includeDesc"":true}]}",C,A,20220101,2022,360,IDN,Indonesia,132,CPV,Cabo Verde,0,W00,World,X,Export,H6,090111,Coffee; not roasted or decaffeinated,C00,TOTAL CPC,0,TOTAL MOT,8,kg,38400,38400,0,78355.2,true,false,true,"{""typeCode"":""C"",""freqCode"":""A"",""refPeriodId"":20220101,""refYear"":2022,""refMonth"":52,""period"":""2022"",""reporterCode"":360,""reporterISO"":""IDN"",""reporterDesc"":""Indonesia"",""flowCode"":""X"",""flowDesc"":""Export"",""partnerCode"":132,""partnerISO"":""CPV"",""partnerDesc"":""Cabo Verde"",""partner2Code"":0,""partner2ISO"":""W00"",""partner2Desc"":""World"",""classificationCode"":""H6"",""classificationSearchCode"":""HS"",""isOriginalClassification"":true,""cmdCode"":""090111"",""cmdDesc"":""Coffee; not roasted or decaffeinated"",""aggrLevel"":6,""isLeaf"":true,""customsCode"":""C00"",""customsDesc"":""TOTAL CPC"",""mosCode"":""0"",""motCode"":0,""motDesc"":""TOTAL MOT"",""qtyUnitCode"":8,""qtyUnitAbbr"":""kg"",""qty"":38400,""isQtyEstimated"":false,""altQtyUnitCode"":8,""altQtyUnitAbbr"":""kg"",""altQty"":38400,""isAltQtyEstimated"":false,""netWgt"":38400,""isNetWgtEstimated"":false,""grossWgt"":0,""isGrossWgtEstimated"":false,""cifvalue"":null,""fobvalue"":78355.2,""primaryValue"":78355.2,""legacyEstimationFlag"":0,""isReported"":false,""isAggregate"":true}"
,UN Comtrade,https://comtradeapi.un.org/public/v1/preview/C/A/HS?reporterCode=360&flowCode=X&cmdCode=090111&period=2022&includeDesc=true,2026-05-30T18:34:22.015Z,"{""reporters"":[{""endpoint"":""https://comtradeapi.un.org/public/v1/preview/C/A/HS"",""reporterCode"":704,""reporterISO"":""VNM"",""flowCode"":""X"",""cmdCode"":""090111"",""period"":""2020,2021,2022,2023,2024,2025"",""includeDesc"":true},{""endpoint"":""https://comtradeapi.un.org/public/v1/preview/C/A/HS"",""reporterCode"":76,""reporterISO"":""BRA"",""flowCode"":""X"",""cmdCode"":""090111"",""period"":""2020,2021,2022,2023,2024,2025"",""includeDesc"":true},{""endpoint"":""https://comtradeapi.un.org/public/v1/preview/C/A/HS"",""reporterCode"":360,""reporterISO"":""IDN"",""flowCode"":""X"",""cmdCode"":""090111"",""period"":""2020,2021,2022,2023,2024,2025"",""includeDesc"":true}]}",C,A,20220101,2022,360,IDN,Indonesia,144,LKA,Sri Lanka,0,W00,World,X,Export,H6,090111,Coffee; not roasted or decaffeinated,C00,TOTAL CPC,0,TOTAL MOT,8,kg,450,450,0,3807,true,false,true,"{""typeCode"":""C"",""freqCode"":""A"",""refPeriodId"":20220101,""refYear"":2022,""refMonth"":52,""period"":""2022"",""reporterCode"":360,""reporterISO"":""IDN"",""reporterDesc"":""Indonesia"",""flowCode"":""X"",""flowDesc"":""Export"",""partnerCode"":144,""partnerISO"":""LKA"",""partnerDesc"":""Sri Lanka"",""partner2Code"":0,""partner2ISO"":""W00"",""partner2Desc"":""World"",""classificationCode"":""H6"",""classificationSearchCode"":""HS"",""isOriginalClassification"":true,""cmdCode"":""090111"",""cmdDesc"":""Coffee; not roasted or decaffeinated"",""aggrLevel"":6,""isLeaf"":true,""customsCode"":""C00"",""customsDesc"":""TOTAL CPC"",""mosCode"":""0"",""motCode"":0,""motDesc"":""TOTAL MOT"",""qtyUnitCode"":8,""qtyUnitAbbr"":""kg"",""qty"":450,""isQtyEstimated"":false,""altQtyUnitCode"":8,""altQtyUnitAbbr"":""kg"",""altQty"":450,""isAltQtyEstimated"":false,""netWgt"":450,""isNetWgtEstimated"":false,""grossWgt"":0,""isGrossWgtEstimated"":false,""cifvalue"":null,""fobvalue"":3807,""primaryValue"":3807,""legacyEstimationFlag"":0,""isReported"":false,""isAggregate"":true}"
,UN Comtrade,https://comtradeapi.un.org/public/v1/preview/C/A/HS?reporterCode=360&flowCode=X&cmdCode=090111&period=2022&includeDesc=true,2026-05-30T18:34:22.015Z,"{""reporters"":[{""endpoint"":""https://comtradeapi.un.org/public/v1/preview/C/A/HS"",""reporterCode"":704,""reporterISO"":""VNM"",""flowCode"":""X"",""cmdCode"":""090111"",""period"":""2020,2021,2022,2023,2024,2025"",""includeDesc"":true},{""endpoint"":""https://comtradeapi.un.org/public/v1/preview/C/A/HS"",""reporterCode"":76,""reporterISO"":""BRA"",""flowCode"":""X"",""cmdCode"":""090111"",""period"":""2020,2021,2022,2023,2024,2025"",""includeDesc"":true},{""endpoint"":""https://comtradeapi.un.org/public/v1/preview/C/A/HS"",""reporterCode"":360,""reporterISO"":""IDN"",""flowCode"":""X"",""cmdCode"":""090111"",""period"":""2020,2021,2022,2023,2024,2025"",""includeDesc"":true}]}",C,A,20220101,2022,360,IDN,Indonesia,156,CHN,China,0,W00,World,X,Export,H6,090111,Coffee; not roasted or decaffeinated,C00,TOTAL CPC,0,TOTAL MOT,8,kg,9670945.01,9670945.01,0,30724692.429,true,false,true,"{""typeCode"":""C"",""freqCode"":""A"",""refPeriodId"":20220101,""refYear"":2022,""refMonth"":52,""period"":""2022"",""reporterCode"":360,""reporterISO"":""IDN"",""reporterDesc"":""Indonesia"",""flowCode"":""X"",""flowDesc"":""Export"",""partnerCode"":156,""partnerISO"":""CHN"",""partnerDesc"":""China"",""partner2Code"":0,""partner2ISO"":""W00"",""partner2Desc"":""World"",""classificationCode"":""H6"",""classificationSearchCode"":""HS"",""isOriginalClassification"":true,""cmdCode"":""090111"",""cmdDesc"":""Coffee; not roasted or decaffeinated"",""aggrLevel"":6,""isLeaf"":true,""customsCode"":""C00"",""customsDesc"":""TOTAL CPC"",""mosCode"":""0"",""motCode"":0,""motDesc"":""TOTAL MOT"",""qtyUnitCode"":8,""qtyUnitAbbr"":""kg"",""qty"":9670945.01,""isQtyEstimated"":false,""altQtyUnitCode"":8,""altQtyUnitAbbr"":""kg"",""altQty"":9670945.01,""isAltQtyEstimated"":false,""netWgt"":9670945.01,""isNetWgtEstimated"":false,""grossWgt"":0,""isGrossWgtEstimated"":false,""cifvalue"":null,""fobvalue"":30724692.429,""primaryValue"":30724692.429,""legacyEstimationFlag"":0,""isReported"":false,""isAggregate"":true}"
,UN Comtrade,https://comtradeapi.un.org/public/v1/preview/C/A/HS?reporterCode=360&flowCode=X&cmdCode=090111&period=2022&includeDesc=true,2026-05-30T18:34:22.015Z,"{""reporters"":[{""endpoint"":""https://comtradeapi.un.org/public/v1/preview/C/A/HS"",""reporterCode"":704,""reporterISO"":""VNM"",""flowCode"":""X"",""cmdCode"":""090111"",""period"":""2020,2021,2022,2023,2024,2025"",""includeDesc"":true},{""endpoint"":""https://comtradeapi.un.org/public/v1/preview/C/A/HS"",""reporterCode"":76,""reporterISO"":""BRA"",""flowCode"":""X"",""cmdCode"":""090111"",""period"":""2020,2021,2022,2023,2024,2025"",""includeDesc"":true},{""endpoint"":""https://comtradeapi.un.org/public/v1/preview/C/A/HS"",""reporterCode"":360,""reporterISO"":""IDN"",""flowCode"":""X"",""cmdCode"":""090111"",""period"":""2020,2021,2022,2023,2024,2025"",""includeDesc"":true}]}",C,A,20220101,2022,360,IDN,Indonesia,191,HRV,Croatia,0,W00,World,X,Export,H6,090111,Coffee; not roasted or decaffeinated,C00,TOTAL CPC,0,TOTAL MOT,8,kg,300,300,0,2825,true,false,true,"{""typeCode"":""C"",""freqCode"":""A"",""refPeriodId"":20220101,""refYear"":2022,""refMonth"":52,""period"":""2022"",""reporterCode"":360,""reporterISO"":""IDN"",""reporterDesc"":""Indonesia"",""flowCode"":""X"",""flowDesc"":""Export"",""partnerCode"":191,""partnerISO"":""HRV"",""partnerDesc"":""Croatia"",""partner2Code"":0,""partner2ISO"":""W00"",""partner2Desc"":""World"",""classificationCode"":""H6"",""classificationSearchCode"":""HS"",""isOriginalClassification"":true,""cmdCode"":""090111"",""cmdDesc"":""Coffee; not roasted or decaffeinated"",""aggrLevel"":6,""isLeaf"":true,""customsCode"":""C00"",""customsDesc"":""TOTAL CPC"",""mosCode"":""0"",""motCode"":0,""motDesc"":""TOTAL MOT"",""qtyUnitCode"":8,""qtyUnitAbbr"":""kg"",""qty"":300,""isQtyEstimated"":false,""altQtyUnitCode"":8,""altQtyUnitAbbr"":""kg"",""altQty"":300,""isAltQtyEstimated"":false,""netWgt"":300,""isNetWgtEstimated"":false,""grossWgt"":0,""isGrossWgtEstimated"":false,""cifvalue"":null,""fobvalue"":2825,""primaryValue"":2825,""legacyEstimationFlag"":0,""isReported"":false,""isAggregate"":true}"
,UN Comtrade,https://comtradeapi.un.org/public/v1/preview/C/A/HS?reporterCode=360&flowCode=X&cmdCode=090111&period=2022&includeDesc=true,2026-05-30T18:34:22.015Z,"{""reporters"":[{""endpoint"":""https://comtradeapi.un.org/public/v1/preview/C/A/HS"",""reporterCode"":704,""reporterISO"":""VNM"",""flowCode"":""X"",""cmdCode"":""090111"",""period"":""2020,2021,2022,2023,2024,2025"",""includeDesc"":true},{""endpoint"":""https://comtradeapi.un.org/public/v1/preview/C/A/HS"",""reporterCode"":76,""reporterISO"":""BRA"",""flowCode"":""X"",""cmdCode"":""090111"",""period"":""2020,2021,2022,2023,2024,2025"",""includeDesc"":true},{""endpoint"":""https://comtradeapi.un.org/public/v1/preview/C/A/HS"",""reporterCode"":360,""reporterISO"":""IDN"",""flowCode"":""X"",""cmdCode"":""090111"",""period"":""2020,2021,2022,2023,2024,2025"",""includeDesc"":true}]}",C,A,20220101,2022,360,IDN,Indonesia,203,CZE,Czechia,0,W00,World,X,Export,H6,090111,Coffee; not roasted or decaffeinated,C00,TOTAL CPC,0,TOTAL MOT,8,kg,7032.8,7032.8,0,40888.635,true,false,true,"{""typeCode"":""C"",""freqCode"":""A"",""refPeriodId"":20220101,""refYear"":2022,""refMonth"":52,""period"":""2022"",""reporterCode"":360,""reporterISO"":""IDN"",""reporterDesc"":""Indonesia"",""flowCode"":""X"",""flowDesc"":""Export"",""partnerCode"":203,""partnerISO"":""CZE"",""partnerDesc"":""Czechia"",""partner2Code"":0,""partner2ISO"":""W00"",""partner2Desc"":""World"",""classificationCode"":""H6"",""classificationSearchCode"":""HS"",""isOriginalClassification"":true,""cmdCode"":""090111"",""cmdDesc"":""Coffee; not roasted or decaffeinated"",""aggrLevel"":6,""isLeaf"":true,""customsCode"":""C00"",""customsDesc"":""TOTAL CPC"",""mosCode"":""0"",""motCode"":0,""motDesc"":""TOTAL MOT"",""qtyUnitCode"":8,""qtyUnitAbbr"":""kg"",""qty"":7032.8,""isQtyEstimated"":false,""altQtyUnitCode"":8,""altQtyUnitAbbr"":""kg"",""altQty"":7032.8,""isAltQtyEstimated"":false,""netWgt"":7032.8,""isNetWgtEstimated"":false,""grossWgt"":0,""isGrossWgtEstimated"":false,""cifvalue"":null,""fobvalue"":40888.635,""primaryValue"":40888.635,""legacyEstimationFlag"":0,""isReported"":false,""isAggregate"":true}"
,UN Comtrade,https://comtradeapi.un.org/public/v1/preview/C/A/HS?reporterCode=360&flowCode=X&cmdCode=090111&period=2022&includeDesc=true,2026-05-30T18:34:22.015Z,"{""reporters"":[{""endpoint"":""https://comtradeapi.un.org/public/v1/preview/C/A/HS"",""reporterCode"":704,""reporterISO"":""VNM"",""flowCode"":""X"",""cmdCode"":""090111"",""period"":""2020,2021,2022,2023,2024,2025"",""includeDesc"":true},{""endpoint"":""https://comtradeapi.un.org/public/v1/preview/C/A/HS"",""reporterCode"":76,""reporterISO"":""BRA"",""flowCode"":""X"",""cmdCode"":""090111"",""period"":""2020,2021,2022,2023,2024,2025"",""includeDesc"":true},{""endpoint"":""https://comtradeapi.un.org/public/v1/preview/C/A/HS"",""reporterCode"":360,""reporterISO"":""IDN"",""flowCode"":""X"",""cmdCode"":""090111"",""period"":""2020,2021,2022,2023,2024,2025"",""includeDesc"":true}]}",C,A,20220101,2022,360,IDN,Indonesia,208,DNK,Denmark,0,W00,World,X,Export,H6,090111,Coffee; not roasted or decaffeinated,C00,TOTAL CPC,0,TOTAL MOT,8,kg,19290,19290,0,163402.731,true,false,true,"{""typeCode"":""C"",""freqCode"":""A"",""refPeriodId"":20220101,""refYear"":2022,""refMonth"":52,""period"":""2022"",""reporterCode"":360,""reporterISO"":""IDN"",""reporterDesc"":""Indonesia"",""flowCode"":""X"",""flowDesc"":""Export"",""partnerCode"":208,""partnerISO"":""DNK"",""partnerDesc"":""Denmark"",""partner2Code"":0,""partner2ISO"":""W00"",""partner2Desc"":""World"",""classificationCode"":""H6"",""classificationSearchCode"":""HS"",""isOriginalClassification"":true,""cmdCode"":""090111"",""cmdDesc"":""Coffee; not roasted or decaffeinated"",""aggrLevel"":6,""isLeaf"":true,""customsCode"":""C00"",""customsDesc"":""TOTAL CPC"",""mosCode"":""0"",""motCode"":0,""motDesc"":""TOTAL MOT"",""qtyUnitCode"":8,""qtyUnitAbbr"":""kg"",""qty"":19290,""isQtyEstimated"":false,""altQtyUnitCode"":8,""altQtyUnitAbbr"":""kg"",""altQty"":19290,""isAltQtyEstimated"":false,""netWgt"":19290,""isNetWgtEstimated"":false,""grossWgt"":0,""isGrossWgtEstimated"":false,""cifvalue"":null,""fobvalue"":163402.731,""primaryValue"":163402.731,""legacyEstimationFlag"":0,""isReported"":false,""isAggregate"":true}"
,UN Comtrade,https://comtradeapi.un.org/public/v1/preview/C/A/HS?reporterCode=360&flowCode=X&cmdCode=090111&period=2022&includeDesc=true,2026-05-30T18:34:22.015Z,"{""reporters"":[{""endpoint"":""https://comtradeapi.un.org/public/v1/preview/C/A/HS"",""reporterCode"":704,""reporterISO"":""VNM"",""flowCode"":""X"",""cmdCode"":""090111"",""period"":""2020,2021,2022,2023,2024,2025"",""includeDesc"":true},{""endpoint"":""https://comtradeapi.un.org/public/v1/preview/C/A/HS"",""reporterCode"":76,""reporterISO"":""BRA"",""flowCode"":""X"",""cmdCode"":""090111"",""period"":""2020,2021,2022,2023,2024,2025"",""includeDesc"":true},{""endpoint"":""https://comtradeapi.un.org/public/v1/preview/C/A/HS"",""reporterCode"":360,""reporterISO"":""IDN"",""flowCode"":""X"",""cmdCode"":""090111"",""period"":""2020,2021,2022,2023,2024,2025"",""includeDesc"":true}]}",C,A,20220101,2022,360,IDN,Indonesia,214,DOM,Dominican Rep.,0,W00,World,X,Export,H6,090111,Coffee; not roasted or decaffeinated,C00,TOTAL CPC,0,TOTAL MOT,8,kg,81600,81600,0,148036.8,true,false,true,"{""typeCode"":""C"",""freqCode"":""A"",""refPeriodId"":20220101,""refYear"":2022,""refMonth"":52,""period"":""2022"",""reporterCode"":360,""reporterISO"":""IDN"",""reporterDesc"":""Indonesia"",""flowCode"":""X"",""flowDesc"":""Export"",""partnerCode"":214,""partnerISO"":""DOM"",""partnerDesc"":""Dominican Rep."",""partner2Code"":0,""partner2ISO"":""W00"",""partner2Desc"":""World"",""classificationCode"":""H6"",""classificationSearchCode"":""HS"",""isOriginalClassification"":true,""cmdCode"":""090111"",""cmdDesc"":""Coffee; not roasted or decaffeinated"",""aggrLevel"":6,""isLeaf"":true,""customsCode"":""C00"",""customsDesc"":""TOTAL CPC"",""mosCode"":""0"",""motCode"":0,""motDesc"":""TOTAL MOT"",""qtyUnitCode"":8,""qtyUnitAbbr"":""kg"",""qty"":81600,""isQtyEstimated"":false,""altQtyUnitCode"":8,""altQtyUnitAbbr"":""kg"",""altQty"":81600,""isAltQtyEstimated"":false,""netWgt"":81600,""isNetWgtEstimated"":false,""grossWgt"":0,""isGrossWgtEstimated"":false,""cifvalue"":null,""fobvalue"":148036.8,""primaryValue"":148036.8,""legacyEstimationFlag"":0,""isReported"":false,""isAggregate"":true}"
,UN Comtrade,https://comtradeapi.un.org/public/v1/preview/C/A/HS?reporterCode=360&flowCode=X&cmdCode=090111&period=2022&includeDesc=true,2026-05-30T18:34:22.015Z,"{""reporters"":[{""endpoint"":""https://comtradeapi.un.org/public/v1/preview/C/A/HS"",""reporterCode"":704,""reporterISO"":""VNM"",""flowCode"":""X"",""cmdCode"":""090111"",""period"":""2020,2021,2022,2023,2024,2025"",""includeDesc"":true},{""endpoint"":""https://comtradeapi.un.org/public/v1/preview/C/A/HS"",""reporterCode"":76,""reporterISO"":""BRA"",""flowCode"":""X"",""cmdCode"":""090111"",""period"":""2020,2021,2022,2023,2024,2025"",""includeDesc"":true},{""endpoint"":""https://comtradeapi.un.org/public/v1/preview/C/A/HS"",""reporterCode"":360,""reporterISO"":""IDN"",""flowCode"":""X"",""cmdCode"":""090111"",""period"":""2020,2021,2022,2023,2024,2025"",""includeDesc"":true}]}",C,A,20220101,2022,360,IDN,Indonesia,218,ECU,Ecuador,0,W00,World,X,Export,H6,090111,Coffee; not roasted or decaffeinated,C00,TOTAL CPC,0,TOTAL MOT,8,kg,2985252,2985252,0,5534127.17,true,false,true,"{""typeCode"":""C"",""freqCode"":""A"",""refPeriodId"":20220101,""refYear"":2022,""refMonth"":52,""period"":""2022"",""reporterCode"":360,""reporterISO"":""IDN"",""reporterDesc"":""Indonesia"",""flowCode"":""X"",""flowDesc"":""Export"",""partnerCode"":218,""partnerISO"":""ECU"",""partnerDesc"":""Ecuador"",""partner2Code"":0,""partner2ISO"":""W00"",""partner2Desc"":""World"",""classificationCode"":""H6"",""classificationSearchCode"":""HS"",""isOriginalClassification"":true,""cmdCode"":""090111"",""cmdDesc"":""Coffee; not roasted or decaffeinated"",""aggrLevel"":6,""isLeaf"":true,""customsCode"":""C00"",""customsDesc"":""TOTAL CPC"",""mosCode"":""0"",""motCode"":0,""motDesc"":""TOTAL MOT"",""qtyUnitCode"":8,""qtyUnitAbbr"":""kg"",""qty"":2985252,""isQtyEstimated"":false,""altQtyUnitCode"":8,""altQtyUnitAbbr"":""kg"",""altQty"":2985252,""isAltQtyEstimated"":false,""netWgt"":2985252,""isNetWgtEstimated"":false,""grossWgt"":0,""isGrossWgtEstimated"":false,""cifvalue"":null,""fobvalue"":5534127.17,""primaryValue"":5534127.17,""legacyEstimationFlag"":0,""isReported"":false,""isAggregate"":true}"
,UN Comtrade,https://comtradeapi.un.org/public/v1/preview/C/A/HS?reporterCode=360&flowCode=X&cmdCode=090111&period=2022&includeDesc=true,2026-05-30T18:34:22.015Z,"{""reporters"":[{""endpoint"":""https://comtradeapi.un.org/public/v1/preview/C/A/HS"",""reporterCode"":704,""reporterISO"":""VNM"",""flowCode"":""X"",""cmdCode"":""090111"",""period"":""2020,2021,2022,2023,2024,2025"",""includeDesc"":true},{""endpoint"":""https://comtradeapi.un.org/public/v1/preview/C/A/HS"",""reporterCode"":76,""reporterISO"":""BRA"",""flowCode"":""X"",""cmdCode"":""090111"",""period"":""2020,2021,2022,2023,2024,2025"",""includeDesc"":true},{""endpoint"":""https://comtradeapi.un.org/public/v1/preview/C/A/HS"",""reporterCode"":360,""reporterISO"":""IDN"",""flowCode"":""X"",""cmdCode"":""090111"",""period"":""2020,2021,2022,2023,2024,2025"",""includeDesc"":true}]}",C,A,20220101,2022,360,IDN,Indonesia,233,EST,Estonia,0,W00,World,X,Export,H6,090111,Coffee; not roasted or decaffeinated,C00,TOTAL CPC,0,TOTAL MOT,8,kg,57600,57600,0,111745.15,true,false,true,"{""typeCode"":""C"",""freqCode"":""A"",""refPeriodId"":20220101,""refYear"":2022,""refMonth"":52,""period"":""2022"",""reporterCode"":360,""reporterISO"":""IDN"",""reporterDesc"":""Indonesia"",""flowCode"":""X"",""flowDesc"":""Export"",""partnerCode"":233,""partnerISO"":""EST"",""partnerDesc"":""Estonia"",""partner2Code"":0,""partner2ISO"":""W00"",""partner2Desc"":""World"",""classificationCode"":""H6"",""classificationSearchCode"":""HS"",""isOriginalClassification"":true,""cmdCode"":""090111"",""cmdDesc"":""Coffee; not roasted or decaffeinated"",""aggrLevel"":6,""isLeaf"":true,""customsCode"":""C00"",""customsDesc"":""TOTAL CPC"",""mosCode"":""0"",""motCode"":0,""motDesc"":""TOTAL MOT"",""qtyUnitCode"":8,""qtyUnitAbbr"":""kg"",""qty"":57600,""isQtyEstimated"":false,""altQtyUnitCode"":8,""altQtyUnitAbbr"":""kg"",""altQty"":57600,""isAltQtyEstimated"":false,""netWgt"":57600,""isNetWgtEstimated"":false,""grossWgt"":0,""isGrossWgtEstimated"":false,""cifvalue"":null,""fobvalue"":111745.15,""primaryValue"":111745.15,""legacyEstimationFlag"":0,""isReported"":false,""isAggregate"":true}"
,UN Comtrade,https://comtradeapi.un.org/public/v1/preview/C/A/HS?reporterCode=360&flowCode=X&cmdCode=090111&period=2022&includeDesc=true,2026-05-30T18:34:22.015Z,"{""reporters"":[{""endpoint"":""https://comtradeapi.un.org/public/v1/preview/C/A/HS"",""reporterCode"":704,""reporterISO"":""VNM"",""flowCode"":""X"",""cmdCode"":""090111"",""period"":""2020,2021,2022,2023,2024,2025"",""includeDesc"":true},{""endpoint"":""https://comtradeapi.un.org/public/v1/preview/C/A/HS"",""reporterCode"":76,""reporterISO"":""BRA"",""flowCode"":""X"",""cmdCode"":""090111"",""period"":""2020,2021,2022,2023,2024,2025"",""includeDesc"":true},{""endpoint"":""https://comtradeapi.un.org/public/v1/preview/C/A/HS"",""reporterCode"":360,""reporterISO"":""IDN"",""flowCode"":""X"",""cmdCode"":""090111"",""period"":""2020,2021,2022,2023,2024,2025"",""includeDesc"":true}]}",C,A,20220101,2022,360,IDN,Indonesia,251,FRA,France,0,W00,World,X,Export,H6,090111,Coffee; not roasted or decaffeinated,C00,TOTAL CPC,0,TOTAL MOT,8,kg,874739,874739,0,2649586.63,true,false,true,"{""typeCode"":""C"",""freqCode"":""A"",""refPeriodId"":20220101,""refYear"":2022,""refMonth"":52,""period"":""2022"",""reporterCode"":360,""reporterISO"":""IDN"",""reporterDesc"":""Indonesia"",""flowCode"":""X"",""flowDesc"":""Export"",""partnerCode"":251,""partnerISO"":""FRA"",""partnerDesc"":""France"",""partner2Code"":0,""partner2ISO"":""W00"",""partner2Desc"":""World"",""classificationCode"":""H6"",""classificationSearchCode"":""HS"",""isOriginalClassification"":true,""cmdCode"":""090111"",""cmdDesc"":""Coffee; not roasted or decaffeinated"",""aggrLevel"":6,""isLeaf"":true,""customsCode"":""C00"",""customsDesc"":""TOTAL CPC"",""mosCode"":""0"",""motCode"":0,""motDesc"":""TOTAL MOT"",""qtyUnitCode"":8,""qtyUnitAbbr"":""kg"",""qty"":874739,""isQtyEstimated"":false,""altQtyUnitCode"":8,""altQtyUnitAbbr"":""kg"",""altQty"":874739,""isAltQtyEstimated"":false,""netWgt"":874739,""isNetWgtEstimated"":false,""grossWgt"":0,""isGrossWgtEstimated"":false,""cifvalue"":null,""fobvalue"":2649586.63,""primaryValue"":2649586.63,""legacyEstimationFlag"":0,""isReported"":false,""isAggregate"":true}"
,UN Comtrade,https://comtradeapi.un.org/public/v1/preview/C/A/HS?reporterCode=360&flowCode=X&cmdCode=090111&period=2022&includeDesc=true,2026-05-30T18:34:22.015Z,"{""reporters"":[{""endpoint"":""https://comtradeapi.un.org/public/v1/preview/C/A/HS"",""reporterCode"":704,""reporterISO"":""VNM"",""flowCode"":""X"",""cmdCode"":""090111"",""period"":""2020,2021,2022,2023,2024,2025"",""includeDesc"":true},{""endpoint"":""https://comtradeapi.un.org/public/v1/preview/C/A/HS"",""reporterCode"":76,""reporterISO"":""BRA"",""flowCode"":""X"",""cmdCode"":""090111"",""period"":""2020,2021,2022,2023,2024,2025"",""includeDesc"":true},{""endpoint"":""https://comtradeapi.un.org/public/v1/preview/C/A/HS"",""reporterCode"":360,""reporterISO"":""IDN"",""flowCode"":""X"",""cmdCode"":""090111"",""period"":""2020,2021,2022,2023,2024,2025"",""includeDesc"":true}]}",C,A,20220101,2022,360,IDN,Indonesia,268,GEO,Georgia,0,W00,World,X,Export,H6,090111,Coffee; not roasted or decaffeinated,C00,TOTAL CPC,0,TOTAL MOT,8,kg,15902601,15902601,0,31199899.02,true,false,true,"{""typeCode"":""C"",""freqCode"":""A"",""refPeriodId"":20220101,""refYear"":2022,""refMonth"":52,""period"":""2022"",""reporterCode"":360,""reporterISO"":""IDN"",""reporterDesc"":""Indonesia"",""flowCode"":""X"",""flowDesc"":""Export"",""partnerCode"":268,""partnerISO"":""GEO"",""partnerDesc"":""Georgia"",""partner2Code"":0,""partner2ISO"":""W00"",""partner2Desc"":""World"",""classificationCode"":""H6"",""classificationSearchCode"":""HS"",""isOriginalClassification"":true,""cmdCode"":""090111"",""cmdDesc"":""Coffee; not roasted or decaffeinated"",""aggrLevel"":6,""isLeaf"":true,""customsCode"":""C00"",""customsDesc"":""TOTAL CPC"",""mosCode"":""0"",""motCode"":0,""motDesc"":""TOTAL MOT"",""qtyUnitCode"":8,""qtyUnitAbbr"":""kg"",""qty"":15902601,""isQtyEstimated"":false,""altQtyUnitCode"":8,""altQtyUnitAbbr"":""kg"",""altQty"":15902601,""isAltQtyEstimated"":false,""netWgt"":15902601,""isNetWgtEstimated"":false,""grossWgt"":0,""isGrossWgtEstimated"":false,""cifvalue"":null,""fobvalue"":31199899.02,""primaryValue"":31199899.02,""legacyEstimationFlag"":0,""isReported"":false,""isAggregate"":true}"
,UN Comtrade,https://comtradeapi.un.org/public/v1/preview/C/A/HS?reporterCode=360&flowCode=X&cmdCode=090111&period=2022&includeDesc=true,2026-05-30T18:34:22.015Z,"{""reporters"":[{""endpoint"":""https://comtradeapi.un.org/public/v1/preview/C/A/HS"",""reporterCode"":704,""reporterISO"":""VNM"",""flowCode"":""X"",""cmdCode"":""090111"",""period"":""2020,2021,2022,2023,2024,2025"",""includeDesc"":true},{""endpoint"":""https://comtradeapi.un.org/public/v1/preview/C/A/HS"",""reporterCode"":76,""reporterISO"":""BRA"",""flowCode"":""X"",""cmdCode"":""090111"",""period"":""2020,2021,2022,2023,2024,2025"",""includeDesc"":true},{""endpoint"":""https://comtradeapi.un.org/public/v1/preview/C/A/HS"",""reporterCode"":360,""reporterISO"":""IDN"",""flowCode"":""X"",""cmdCode"":""090111"",""period"":""2020,2021,2022,2023,2024,2025"",""includeDesc"":true}]}",C,A,20220101,2022,360,IDN,Indonesia,276,DEU,Germany,0,W00,World,X,Export,H6,090111,Coffee; not roasted or decaffeinated,C00,TOTAL CPC,0,TOTAL MOT,8,kg,36976475,36976475,0,80938951.438,true,false,true,"{""typeCode"":""C"",""freqCode"":""A"",""refPeriodId"":20220101,""refYear"":2022,""refMonth"":52,""period"":""2022"",""reporterCode"":360,""reporterISO"":""IDN"",""reporterDesc"":""Indonesia"",""flowCode"":""X"",""flowDesc"":""Export"",""partnerCode"":276,""partnerISO"":""DEU"",""partnerDesc"":""Germany"",""partner2Code"":0,""partner2ISO"":""W00"",""partner2Desc"":""World"",""classificationCode"":""H6"",""classificationSearchCode"":""HS"",""isOriginalClassification"":true,""cmdCode"":""090111"",""cmdDesc"":""Coffee; not roasted or decaffeinated"",""aggrLevel"":6,""isLeaf"":true,""customsCode"":""C00"",""customsDesc"":""TOTAL CPC"",""mosCode"":""0"",""motCode"":0,""motDesc"":""TOTAL MOT"",""qtyUnitCode"":8,""qtyUnitAbbr"":""kg"",""qty"":36976475,""isQtyEstimated"":false,""altQtyUnitCode"":8,""altQtyUnitAbbr"":""kg"",""altQty"":36976475,""isAltQtyEstimated"":false,""netWgt"":36976475,""isNetWgtEstimated"":false,""grossWgt"":0,""isGrossWgtEstimated"":false,""cifvalue"":null,""fobvalue"":80938951.438,""primaryValue"":80938951.438,""legacyEstimationFlag"":0,""isReported"":false,""isAggregate"":true}"
,UN Comtrade,https://comtradeapi.un.org/public/v1/preview/C/A/HS?reporterCode=360&flowCode=X&cmdCode=090111&period=2022&includeDesc=true,2026-05-30T18:34:22.015Z,"{""reporters"":[{""endpoint"":""https://comtradeapi.un.org/public/v1/preview/C/A/HS"",""reporterCode"":704,""reporterISO"":""VNM"",""flowCode"":""X"",""cmdCode"":""090111"",""period"":""2020,2021,2022,2023,2024,2025"",""includeDesc"":true},{""endpoint"":""https://comtradeapi.un.org/public/v1/preview/C/A/HS"",""reporterCode"":76,""reporterISO"":""BRA"",""flowCode"":""X"",""cmdCode"":""090111"",""period"":""2020,2021,2022,2023,2024,2025"",""includeDesc"":true},{""endpoint"":""https://comtradeapi.un.org/public/v1/preview/C/A/HS"",""reporterCode"":360,""reporterISO"":""IDN"",""flowCode"":""X"",""cmdCode"":""090111"",""period"":""2020,2021,2022,2023,2024,2025"",""includeDesc"":true}]}",C,A,20220101,2022,360,IDN,Indonesia,300,GRC,Greece,0,W00,World,X,Export,H6,090111,Coffee; not roasted or decaffeinated,C00,TOTAL CPC,0,TOTAL MOT,8,kg,2963400,2963400,0,5743519.11,true,false,true,"{""typeCode"":""C"",""freqCode"":""A"",""refPeriodId"":20220101,""refYear"":2022,""refMonth"":52,""period"":""2022"",""reporterCode"":360,""reporterISO"":""IDN"",""reporterDesc"":""Indonesia"",""flowCode"":""X"",""flowDesc"":""Export"",""partnerCode"":300,""partnerISO"":""GRC"",""partnerDesc"":""Greece"",""partner2Code"":0,""partner2ISO"":""W00"",""partner2Desc"":""World"",""classificationCode"":""H6"",""classificationSearchCode"":""HS"",""isOriginalClassification"":true,""cmdCode"":""090111"",""cmdDesc"":""Coffee; not roasted or decaffeinated"",""aggrLevel"":6,""isLeaf"":true,""customsCode"":""C00"",""customsDesc"":""TOTAL CPC"",""mosCode"":""0"",""motCode"":0,""motDesc"":""TOTAL MOT"",""qtyUnitCode"":8,""qtyUnitAbbr"":""kg"",""qty"":2963400,""isQtyEstimated"":false,""altQtyUnitCode"":8,""altQtyUnitAbbr"":""kg"",""altQty"":2963400,""isAltQtyEstimated"":false,""netWgt"":2963400,""isNetWgtEstimated"":false,""grossWgt"":0,""isGrossWgtEstimated"":false,""cifvalue"":null,""fobvalue"":5743519.11,""primaryValue"":5743519.11,""legacyEstimationFlag"":0,""isReported"":false,""isAggregate"":true}"
,UN Comtrade,https://comtradeapi.un.org/public/v1/preview/C/A/HS?reporterCode=360&flowCode=X&cmdCode=090111&period=2022&includeDesc=true,2026-05-30T18:34:22.015Z,"{""reporters"":[{""endpoint"":""https://comtradeapi.un.org/public/v1/preview/C/A/HS"",""reporterCode"":704,""reporterISO"":""VNM"",""flowCode"":""X"",""cmdCode"":""090111"",""period"":""2020,2021,2022,2023,2024,2025"",""includeDesc"":true},{""endpoint"":""https://comtradeapi.un.org/public/v1/preview/C/A/HS"",""reporterCode"":76,""reporterISO"":""BRA"",""flowCode"":""X"",""cmdCode"":""090111"",""period"":""2020,2021,2022,2023,2024,2025"",""includeDesc"":true},{""endpoint"":""https://comtradeapi.un.org/public/v1/preview/C/A/HS"",""reporterCode"":360,""reporterISO"":""IDN"",""flowCode"":""X"",""cmdCode"":""090111"",""period"":""2020,2021,2022,2023,2024,2025"",""includeDesc"":true}]}",C,A,20220101,2022,360,IDN,Indonesia,344,HKG,"China, Hong Kong SAR",0,W00,World,X,Export,H6,090111,Coffee; not roasted or decaffeinated,C00,TOTAL CPC,0,TOTAL MOT,8,kg,1071408.01,1071408.01,0,3182091.898,true,false,true,"{""typeCode"":""C"",""freqCode"":""A"",""refPeriodId"":20220101,""refYear"":2022,""refMonth"":52,""period"":""2022"",""reporterCode"":360,""reporterISO"":""IDN"",""reporterDesc"":""Indonesia"",""flowCode"":""X"",""flowDesc"":""Export"",""partnerCode"":344,""partnerISO"":""HKG"",""partnerDesc"":""China, Hong Kong SAR"",""partner2Code"":0,""partner2ISO"":""W00"",""partner2Desc"":""World"",""classificationCode"":""H6"",""classificationSearchCode"":""HS"",""isOriginalClassification"":true,""cmdCode"":""090111"",""cmdDesc"":""Coffee; not roasted or decaffeinated"",""aggrLevel"":6,""isLeaf"":true,""customsCode"":""C00"",""customsDesc"":""TOTAL CPC"",""mosCode"":""0"",""motCode"":0,""motDesc"":""TOTAL MOT"",""qtyUnitCode"":8,""qtyUnitAbbr"":""kg"",""qty"":1071408.01,""isQtyEstimated"":false,""altQtyUnitCode"":8,""altQtyUnitAbbr"":""kg"",""altQty"":1071408.01,""isAltQtyEstimated"":false,""netWgt"":1071408.01,""isNetWgtEstimated"":false,""grossWgt"":0,""isGrossWgtEstimated"":false,""cifvalue"":null,""fobvalue"":3182091.898,""primaryValue"":3182091.898,""legacyEstimationFlag"":0,""isReported"":false,""isAggregate"":true}"
,UN Comtrade,https://comtradeapi.un.org/public/v1/preview/C/A/HS?reporterCode=360&flowCode=X&cmdCode=090111&period=2022&includeDesc=true,2026-05-30T18:34:22.015Z,"{""reporters"":[{""endpoint"":""https://comtradeapi.un.org/public/v1/preview/C/A/HS"",""reporterCode"":704,""reporterISO"":""VNM"",""flowCode"":""X"",""cmdCode"":""090111"",""period"":""2020,2021,2022,2023,2024,2025"",""includeDesc"":true},{""endpoint"":""https://comtradeapi.un.org/public/v1/preview/C/A/HS"",""reporterCode"":76,""reporterISO"":""BRA"",""flowCode"":""X"",""cmdCode"":""090111"",""period"":""2020,2021,2022,2023,2024,2025"",""includeDesc"":true},{""endpoint"":""https://comtradeapi.un.org/public/v1/preview/C/A/HS"",""reporterCode"":360,""reporterISO"":""IDN"",""flowCode"":""X"",""cmdCode"":""090111"",""period"":""2020,2021,2022,2023,2024,2025"",""includeDesc"":true}]}",C,A,20220101,2022,360,IDN,Indonesia,364,IRN,Iran,0,W00,World,X,Export,H6,090111,Coffee; not roasted or decaffeinated,C00,TOTAL CPC,0,TOTAL MOT,8,kg,1588840,1588840,0,3749069.189,true,false,true,"{""typeCode"":""C"",""freqCode"":""A"",""refPeriodId"":20220101,""refYear"":2022,""refMonth"":52,""period"":""2022"",""reporterCode"":360,""reporterISO"":""IDN"",""reporterDesc"":""Indonesia"",""flowCode"":""X"",""flowDesc"":""Export"",""partnerCode"":364,""partnerISO"":""IRN"",""partnerDesc"":""Iran"",""partner2Code"":0,""partner2ISO"":""W00"",""partner2Desc"":""World"",""classificationCode"":""H6"",""classificationSearchCode"":""HS"",""isOriginalClassification"":true,""cmdCode"":""090111"",""cmdDesc"":""Coffee; not roasted or decaffeinated"",""aggrLevel"":6,""isLeaf"":true,""customsCode"":""C00"",""customsDesc"":""TOTAL CPC"",""mosCode"":""0"",""motCode"":0,""motDesc"":""TOTAL MOT"",""qtyUnitCode"":8,""qtyUnitAbbr"":""kg"",""qty"":1588840,""isQtyEstimated"":false,""altQtyUnitCode"":8,""altQtyUnitAbbr"":""kg"",""altQty"":1588840,""isAltQtyEstimated"":false,""netWgt"":1588840,""isNetWgtEstimated"":false,""grossWgt"":0,""isGrossWgtEstimated"":false,""cifvalue"":null,""fobvalue"":3749069.189,""primaryValue"":3749069.189,""legacyEstimationFlag"":0,""isReported"":false,""isAggregate"":true}"
,UN Comtrade,https://comtradeapi.un.org/public/v1/preview/C/A/HS?reporterCode=360&flowCode=X&cmdCode=090111&period=2022&includeDesc=true,2026-05-30T18:34:22.015Z,"{""reporters"":[{""endpoint"":""https://comtradeapi.un.org/public/v1/preview/C/A/HS"",""reporterCode"":704,""reporterISO"":""VNM"",""flowCode"":""X"",""cmdCode"":""090111"",""period"":""2020,2021,2022,2023,2024,2025"",""includeDesc"":true},{""endpoint"":""https://comtradeapi.un.org/public/v1/preview/C/A/HS"",""reporterCode"":76,""reporterISO"":""BRA"",""flowCode"":""X"",""cmdCode"":""090111"",""period"":""2020,2021,2022,2023,2024,2025"",""includeDesc"":true},{""endpoint"":""https://comtradeapi.un.org/public/v1/preview/C/A/HS"",""reporterCode"":360,""reporterISO"":""IDN"",""flowCode"":""X"",""cmdCode"":""090111"",""period"":""2020,2021,2022,2023,2024,2025"",""includeDesc"":true}]}",C,A,20220101,2022,360,IDN,Indonesia,372,IRL,Ireland,0,W00,World,X,Export,H6,090111,Coffee; not roasted or decaffeinated,C00,TOTAL CPC,0,TOTAL MOT,8,kg,288000,288000,0,1936505.71,true,false,true,"{""typeCode"":""C"",""freqCode"":""A"",""refPeriodId"":20220101,""refYear"":2022,""refMonth"":52,""period"":""2022"",""reporterCode"":360,""reporterISO"":""IDN"",""reporterDesc"":""Indonesia"",""flowCode"":""X"",""flowDesc"":""Export"",""partnerCode"":372,""partnerISO"":""IRL"",""partnerDesc"":""Ireland"",""partner2Code"":0,""partner2ISO"":""W00"",""partner2Desc"":""World"",""classificationCode"":""H6"",""classificationSearchCode"":""HS"",""isOriginalClassification"":true,""cmdCode"":""090111"",""cmdDesc"":""Coffee; not roasted or decaffeinated"",""aggrLevel"":6,""isLeaf"":true,""customsCode"":""C00"",""customsDesc"":""TOTAL CPC"",""mosCode"":""0"",""motCode"":0,""motDesc"":""TOTAL MOT"",""qtyUnitCode"":8,""qtyUnitAbbr"":""kg"",""qty"":288000,""isQtyEstimated"":false,""altQtyUnitCode"":8,""altQtyUnitAbbr"":""kg"",""altQty"":288000,""isAltQtyEstimated"":false,""netWgt"":288000,""isNetWgtEstimated"":false,""grossWgt"":0,""isGrossWgtEstimated"":false,""cifvalue"":null,""fobvalue"":1936505.71,""primaryValue"":1936505.71,""legacyEstimationFlag"":0,""isReported"":false,""isAggregate"":true}"
,UN Comtrade,https://comtradeapi.un.org/public/v1/preview/C/A/HS?reporterCode=360&flowCode=X&cmdCode=090111&period=2022&includeDesc=true,2026-05-30T18:34:22.015Z,"{""reporters"":[{""endpoint"":""https://comtradeapi.un.org/public/v1/preview/C/A/HS"",""reporterCode"":704,""reporterISO"":""VNM"",""flowCode"":""X"",""cmdCode"":""090111"",""period"":""2020,2021,2022,2023,2024,2025"",""includeDesc"":true},{""endpoint"":""https://comtradeapi.un.org/public/v1/preview/C/A/HS"",""reporterCode"":76,""reporterISO"":""BRA"",""flowCode"":""X"",""cmdCode"":""090111"",""period"":""2020,2021,2022,2023,2024,2025"",""includeDesc"":true},{""endpoint"":""https://comtradeapi.un.org/public/v1/preview/C/A/HS"",""reporterCode"":360,""reporterISO"":""IDN"",""flowCode"":""X"",""cmdCode"":""090111"",""period"":""2020,2021,2022,2023,2024,2025"",""includeDesc"":true}]}",C,A,20220101,2022,360,IDN,Indonesia,376,ISR,Israel,0,W00,World,X,Export,H6,090111,Coffee; not roasted or decaffeinated,C00,TOTAL CPC,0,TOTAL MOT,8,kg,155100,155100,0,694801.24,true,false,true,"{""typeCode"":""C"",""freqCode"":""A"",""refPeriodId"":20220101,""refYear"":2022,""refMonth"":52,""period"":""2022"",""reporterCode"":360,""reporterISO"":""IDN"",""reporterDesc"":""Indonesia"",""flowCode"":""X"",""flowDesc"":""Export"",""partnerCode"":376,""partnerISO"":""ISR"",""partnerDesc"":""Israel"",""partner2Code"":0,""partner2ISO"":""W00"",""partner2Desc"":""World"",""classificationCode"":""H6"",""classificationSearchCode"":""HS"",""isOriginalClassification"":true,""cmdCode"":""090111"",""cmdDesc"":""Coffee; not roasted or decaffeinated"",""aggrLevel"":6,""isLeaf"":true,""customsCode"":""C00"",""customsDesc"":""TOTAL CPC"",""mosCode"":""0"",""motCode"":0,""motDesc"":""TOTAL MOT"",""qtyUnitCode"":8,""qtyUnitAbbr"":""kg"",""qty"":155100,""isQtyEstimated"":false,""altQtyUnitCode"":8,""altQtyUnitAbbr"":""kg"",""altQty"":155100,""isAltQtyEstimated"":false,""netWgt"":155100,""isNetWgtEstimated"":false,""grossWgt"":0,""isGrossWgtEstimated"":false,""cifvalue"":null,""fobvalue"":694801.24,""primaryValue"":694801.24,""legacyEstimationFlag"":0,""isReported"":false,""isAggregate"":true}"
,UN Comtrade,https://comtradeapi.un.org/public/v1/preview/C/A/HS?reporterCode=360&flowCode=X&cmdCode=090111&period=2022&includeDesc=true,2026-05-30T18:34:22.015Z,"{""reporters"":[{""endpoint"":""https://comtradeapi.un.org/public/v1/preview/C/A/HS"",""reporterCode"":704,""reporterISO"":""VNM"",""flowCode"":""X"",""cmdCode"":""090111"",""period"":""2020,2021,2022,2023,2024,2025"",""includeDesc"":true},{""endpoint"":""https://comtradeapi.un.org/public/v1/preview/C/A/HS"",""reporterCode"":76,""reporterISO"":""BRA"",""flowCode"":""X"",""cmdCode"":""090111"",""period"":""2020,2021,2022,2023,2024,2025"",""includeDesc"":true},{""endpoint"":""https://comtradeapi.un.org/public/v1/preview/C/A/HS"",""reporterCode"":360,""reporterISO"":""IDN"",""flowCode"":""X"",""cmdCode"":""090111"",""period"":""2020,2021,2022,2023,2024,2025"",""includeDesc"":true}]}",C,A,20220101,2022,360,IDN,Indonesia,380,ITA,Italy,0,W00,World,X,Export,H6,090111,Coffee; not roasted or decaffeinated,C00,TOTAL CPC,0,TOTAL MOT,8,kg,24006190,24006190,0,48985215.326,true,false,true,"{""typeCode"":""C"",""freqCode"":""A"",""refPeriodId"":20220101,""refYear"":2022,""refMonth"":52,""period"":""2022"",""reporterCode"":360,""reporterISO"":""IDN"",""reporterDesc"":""Indonesia"",""flowCode"":""X"",""flowDesc"":""Export"",""partnerCode"":380,""partnerISO"":""ITA"",""partnerDesc"":""Italy"",""partner2Code"":0,""partner2ISO"":""W00"",""partner2Desc"":""World"",""classificationCode"":""H6"",""classificationSearchCode"":""HS"",""isOriginalClassification"":true,""cmdCode"":""090111"",""cmdDesc"":""Coffee; not roasted or decaffeinated"",""aggrLevel"":6,""isLeaf"":true,""customsCode"":""C00"",""customsDesc"":""TOTAL CPC"",""mosCode"":""0"",""motCode"":0,""motDesc"":""TOTAL MOT"",""qtyUnitCode"":8,""qtyUnitAbbr"":""kg"",""qty"":24006190,""isQtyEstimated"":false,""altQtyUnitCode"":8,""altQtyUnitAbbr"":""kg"",""altQty"":24006190,""isAltQtyEstimated"":false,""netWgt"":24006190,""isNetWgtEstimated"":false,""grossWgt"":0,""isGrossWgtEstimated"":false,""cifvalue"":null,""fobvalue"":48985215.326,""primaryValue"":48985215.326,""legacyEstimationFlag"":0,""isReported"":false,""isAggregate"":true}"
,UN Comtrade,https://comtradeapi.un.org/public/v1/preview/C/A/HS?reporterCode=360&flowCode=X&cmdCode=090111&period=2022&includeDesc=true,2026-05-30T18:34:22.015Z,"{""reporters"":[{""endpoint"":""https://comtradeapi.un.org/public/v1/preview/C/A/HS"",""reporterCode"":704,""reporterISO"":""VNM"",""flowCode"":""X"",""cmdCode"":""090111"",""period"":""2020,2021,2022,2023,2024,2025"",""includeDesc"":true},{""endpoint"":""https://comtradeapi.un.org/public/v1/preview/C/A/HS"",""reporterCode"":76,""reporterISO"":""BRA"",""flowCode"":""X"",""cmdCode"":""090111"",""period"":""2020,2021,2022,2023,2024,2025"",""includeDesc"":true},{""endpoint"":""https://comtradeapi.un.org/public/v1/preview/C/A/HS"",""reporterCode"":360,""reporterISO"":""IDN"",""flowCode"":""X"",""cmdCode"":""090111"",""period"":""2020,2021,2022,2023,2024,2025"",""includeDesc"":true}]}",C,A,20220101,2022,360,IDN,Indonesia,392,JPN,Japan,0,W00,World,X,Export,H6,090111,Coffee; not roasted or decaffeinated,C00,TOTAL CPC,0,TOTAL MOT,8,kg,18813422.9,18813422.9,0,59087283.609,true,false,true,"{""typeCode"":""C"",""freqCode"":""A"",""refPeriodId"":20220101,""refYear"":2022,""refMonth"":52,""period"":""2022"",""reporterCode"":360,""reporterISO"":""IDN"",""reporterDesc"":""Indonesia"",""flowCode"":""X"",""flowDesc"":""Export"",""partnerCode"":392,""partnerISO"":""JPN"",""partnerDesc"":""Japan"",""partner2Code"":0,""partner2ISO"":""W00"",""partner2Desc"":""World"",""classificationCode"":""H6"",""classificationSearchCode"":""HS"",""isOriginalClassification"":true,""cmdCode"":""090111"",""cmdDesc"":""Coffee; not roasted or decaffeinated"",""aggrLevel"":6,""isLeaf"":true,""customsCode"":""C00"",""customsDesc"":""TOTAL CPC"",""mosCode"":""0"",""motCode"":0,""motDesc"":""TOTAL MOT"",""qtyUnitCode"":8,""qtyUnitAbbr"":""kg"",""qty"":18813422.9,""isQtyEstimated"":false,""altQtyUnitCode"":8,""altQtyUnitAbbr"":""kg"",""altQty"":18813422.9,""isAltQtyEstimated"":false,""netWgt"":18813422.9,""isNetWgtEstimated"":false,""grossWgt"":0,""isGrossWgtEstimated"":false,""cifvalue"":null,""fobvalue"":59087283.609,""primaryValue"":59087283.609,""legacyEstimationFlag"":0,""isReported"":false,""isAggregate"":true}"
,UN Comtrade,https://comtradeapi.un.org/public/v1/preview/C/A/HS?reporterCode=360&flowCode=X&cmdCode=090111&period=2022&includeDesc=true,2026-05-30T18:34:22.015Z,"{""reporters"":[{""endpoint"":""https://comtradeapi.un.org/public/v1/preview/C/A/HS"",""reporterCode"":704,""reporterISO"":""VNM"",""flowCode"":""X"",""cmdCode"":""090111"",""period"":""2020,2021,2022,2023,2024,2025"",""includeDesc"":true},{""endpoint"":""https://comtradeapi.un.org/public/v1/preview/C/A/HS"",""reporterCode"":76,""reporterISO"":""BRA"",""flowCode"":""X"",""cmdCode"":""090111"",""period"":""2020,2021,2022,2023,2024,2025"",""includeDesc"":true},{""endpoint"":""https://comtradeapi.un.org/public/v1/preview/C/A/HS"",""reporterCode"":360,""reporterISO"":""IDN"",""flowCode"":""X"",""cmdCode"":""090111"",""period"":""2020,2021,2022,2023,2024,2025"",""includeDesc"":true}]}",C,A,20220101,2022,360,IDN,Indonesia,400,JOR,Jordan,0,W00,World,X,Export,H6,090111,Coffee; not roasted or decaffeinated,C00,TOTAL CPC,0,TOTAL MOT,8,kg,695400,695400,0,1550437.11,true,false,true,"{""typeCode"":""C"",""freqCode"":""A"",""refPeriodId"":20220101,""refYear"":2022,""refMonth"":52,""period"":""2022"",""reporterCode"":360,""reporterISO"":""IDN"",""reporterDesc"":""Indonesia"",""flowCode"":""X"",""flowDesc"":""Export"",""partnerCode"":400,""partnerISO"":""JOR"",""partnerDesc"":""Jordan"",""partner2Code"":0,""partner2ISO"":""W00"",""partner2Desc"":""World"",""classificationCode"":""H6"",""classificationSearchCode"":""HS"",""isOriginalClassification"":true,""cmdCode"":""090111"",""cmdDesc"":""Coffee; not roasted or decaffeinated"",""aggrLevel"":6,""isLeaf"":true,""customsCode"":""C00"",""customsDesc"":""TOTAL CPC"",""mosCode"":""0"",""motCode"":0,""motDesc"":""TOTAL MOT"",""qtyUnitCode"":8,""qtyUnitAbbr"":""kg"",""qty"":695400,""isQtyEstimated"":false,""altQtyUnitCode"":8,""altQtyUnitAbbr"":""kg"",""altQty"":695400,""isAltQtyEstimated"":false,""netWgt"":695400,""isNetWgtEstimated"":false,""grossWgt"":0,""isGrossWgtEstimated"":false,""cifvalue"":null,""fobvalue"":1550437.11,""primaryValue"":1550437.11,""legacyEstimationFlag"":0,""isReported"":false,""isAggregate"":true}"
,UN Comtrade,https://comtradeapi.un.org/public/v1/preview/C/A/HS?reporterCode=360&flowCode=X&cmdCode=090111&period=2022&includeDesc=true,2026-05-30T18:34:22.015Z,"{""reporters"":[{""endpoint"":""https://comtradeapi.un.org/public/v1/preview/C/A/HS"",""reporterCode"":704,""reporterISO"":""VNM"",""flowCode"":""X"",""cmdCode"":""090111"",""period"":""2020,2021,2022,2023,2024,2025"",""includeDesc"":true},{""endpoint"":""https://comtradeapi.un.org/public/v1/preview/C/A/HS"",""reporterCode"":76,""reporterISO"":""BRA"",""flowCode"":""X"",""cmdCode"":""090111"",""period"":""2020,2021,2022,2023,2024,2025"",""includeDesc"":true},{""endpoint"":""https://comtradeapi.un.org/public/v1/preview/C/A/HS"",""reporterCode"":360,""reporterISO"":""IDN"",""flowCode"":""X"",""cmdCode"":""090111"",""period"":""2020,2021,2022,2023,2024,2025"",""includeDesc"":true}]}",C,A,20220101,2022,360,IDN,Indonesia,410,KOR,Rep. of Korea,0,W00,World,X,Export,H6,090111,Coffee; not roasted or decaffeinated,C00,TOTAL CPC,0,TOTAL MOT,8,kg,3565053,3565053,0,13636305.46,true,false,true,"{""typeCode"":""C"",""freqCode"":""A"",""refPeriodId"":20220101,""refYear"":2022,""refMonth"":52,""period"":""2022"",""reporterCode"":360,""reporterISO"":""IDN"",""reporterDesc"":""Indonesia"",""flowCode"":""X"",""flowDesc"":""Export"",""partnerCode"":410,""partnerISO"":""KOR"",""partnerDesc"":""Rep. of Korea"",""partner2Code"":0,""partner2ISO"":""W00"",""partner2Desc"":""World"",""classificationCode"":""H6"",""classificationSearchCode"":""HS"",""isOriginalClassification"":true,""cmdCode"":""090111"",""cmdDesc"":""Coffee; not roasted or decaffeinated"",""aggrLevel"":6,""isLeaf"":true,""customsCode"":""C00"",""customsDesc"":""TOTAL CPC"",""mosCode"":""0"",""motCode"":0,""motDesc"":""TOTAL MOT"",""qtyUnitCode"":8,""qtyUnitAbbr"":""kg"",""qty"":3565053,""isQtyEstimated"":false,""altQtyUnitCode"":8,""altQtyUnitAbbr"":""kg"",""altQty"":3565053,""isAltQtyEstimated"":false,""netWgt"":3565053,""isNetWgtEstimated"":false,""grossWgt"":0,""isGrossWgtEstimated"":false,""cifvalue"":null,""fobvalue"":13636305.46,""primaryValue"":13636305.46,""legacyEstimationFlag"":0,""isReported"":false,""isAggregate"":true}"
,UN Comtrade,https://comtradeapi.un.org/public/v1/preview/C/A/HS?reporterCode=360&flowCode=X&cmdCode=090111&period=2022&includeDesc=true,2026-05-30T18:34:22.015Z,"{""reporters"":[{""endpoint"":""https://comtradeapi.un.org/public/v1/preview/C/A/HS"",""reporterCode"":704,""reporterISO"":""VNM"",""flowCode"":""X"",""cmdCode"":""090111"",""period"":""2020,2021,2022,2023,2024,2025"",""includeDesc"":true},{""endpoint"":""https://comtradeapi.un.org/public/v1/preview/C/A/HS"",""reporterCode"":76,""reporterISO"":""BRA"",""flowCode"":""X"",""cmdCode"":""090111"",""period"":""2020,2021,2022,2023,2024,2025"",""includeDesc"":true},{""endpoint"":""https://comtradeapi.un.org/public/v1/preview/C/A/HS"",""reporterCode"":360,""reporterISO"":""IDN"",""flowCode"":""X"",""cmdCode"":""090111"",""period"":""2020,2021,2022,2023,2024,2025"",""includeDesc"":true}]}",C,A,20220101,2022,360,IDN,Indonesia,414,KWT,Kuwait,0,W00,World,X,Export,H6,090111,Coffee; not roasted or decaffeinated,C00,TOTAL CPC,0,TOTAL MOT,8,kg,10100,10100,0,63885,true,false,true,"{""typeCode"":""C"",""freqCode"":""A"",""refPeriodId"":20220101,""refYear"":2022,""refMonth"":52,""period"":""2022"",""reporterCode"":360,""reporterISO"":""IDN"",""reporterDesc"":""Indonesia"",""flowCode"":""X"",""flowDesc"":""Export"",""partnerCode"":414,""partnerISO"":""KWT"",""partnerDesc"":""Kuwait"",""partner2Code"":0,""partner2ISO"":""W00"",""partner2Desc"":""World"",""classificationCode"":""H6"",""classificationSearchCode"":""HS"",""isOriginalClassification"":true,""cmdCode"":""090111"",""cmdDesc"":""Coffee; not roasted or decaffeinated"",""aggrLevel"":6,""isLeaf"":true,""customsCode"":""C00"",""customsDesc"":""TOTAL CPC"",""mosCode"":""0"",""motCode"":0,""motDesc"":""TOTAL MOT"",""qtyUnitCode"":8,""qtyUnitAbbr"":""kg"",""qty"":10100,""isQtyEstimated"":false,""altQtyUnitCode"":8,""altQtyUnitAbbr"":""kg"",""altQty"":10100,""isAltQtyEstimated"":false,""netWgt"":10100,""isNetWgtEstimated"":false,""grossWgt"":0,""isGrossWgtEstimated"":false,""cifvalue"":null,""fobvalue"":63885,""primaryValue"":63885,""legacyEstimationFlag"":0,""isReported"":false,""isAggregate"":true}"
,UN Comtrade,https://comtradeapi.un.org/public/v1/preview/C/A/HS?reporterCode=360&flowCode=X&cmdCode=090111&period=2022&includeDesc=true,2026-05-30T18:34:22.015Z,"{""reporters"":[{""endpoint"":""https://comtradeapi.un.org/public/v1/preview/C/A/HS"",""reporterCode"":704,""reporterISO"":""VNM"",""flowCode"":""X"",""cmdCode"":""090111"",""period"":""2020,2021,2022,2023,2024,2025"",""includeDesc"":true},{""endpoint"":""https://comtradeapi.un.org/public/v1/preview/C/A/HS"",""reporterCode"":76,""reporterISO"":""BRA"",""flowCode"":""X"",""cmdCode"":""090111"",""period"":""2020,2021,2022,2023,2024,2025"",""includeDesc"":true},{""endpoint"":""https://comtradeapi.un.org/public/v1/preview/C/A/HS"",""reporterCode"":360,""reporterISO"":""IDN"",""flowCode"":""X"",""cmdCode"":""090111"",""period"":""2020,2021,2022,2023,2024,2025"",""includeDesc"":true}]}",C,A,20220101,2022,360,IDN,Indonesia,422,LBN,Lebanon,0,W00,World,X,Export,H6,090111,Coffee; not roasted or decaffeinated,C00,TOTAL CPC,0,TOTAL MOT,8,kg,1171200,1171200,0,2140895.24,true,false,true,"{""typeCode"":""C"",""freqCode"":""A"",""refPeriodId"":20220101,""refYear"":2022,""refMonth"":52,""period"":""2022"",""reporterCode"":360,""reporterISO"":""IDN"",""reporterDesc"":""Indonesia"",""flowCode"":""X"",""flowDesc"":""Export"",""partnerCode"":422,""partnerISO"":""LBN"",""partnerDesc"":""Lebanon"",""partner2Code"":0,""partner2ISO"":""W00"",""partner2Desc"":""World"",""classificationCode"":""H6"",""classificationSearchCode"":""HS"",""isOriginalClassification"":true,""cmdCode"":""090111"",""cmdDesc"":""Coffee; not roasted or decaffeinated"",""aggrLevel"":6,""isLeaf"":true,""customsCode"":""C00"",""customsDesc"":""TOTAL CPC"",""mosCode"":""0"",""motCode"":0,""motDesc"":""TOTAL MOT"",""qtyUnitCode"":8,""qtyUnitAbbr"":""kg"",""qty"":1171200,""isQtyEstimated"":false,""altQtyUnitCode"":8,""altQtyUnitAbbr"":""kg"",""altQty"":1171200,""isAltQtyEstimated"":false,""netWgt"":1171200,""isNetWgtEstimated"":false,""grossWgt"":0,""isGrossWgtEstimated"":false,""cifvalue"":null,""fobvalue"":2140895.24,""primaryValue"":2140895.24,""legacyEstimationFlag"":0,""isReported"":false,""isAggregate"":true}"
,UN Comtrade,https://comtradeapi.un.org/public/v1/preview/C/A/HS?reporterCode=360&flowCode=X&cmdCode=090111&period=2022&includeDesc=true,2026-05-30T18:34:22.015Z,"{""reporters"":[{""endpoint"":""https://comtradeapi.un.org/public/v1/preview/C/A/HS"",""reporterCode"":704,""reporterISO"":""VNM"",""flowCode"":""X"",""cmdCode"":""090111"",""period"":""2020,2021,2022,2023,2024,2025"",""includeDesc"":true},{""endpoint"":""https://comtradeapi.un.org/public/v1/preview/C/A/HS"",""reporterCode"":76,""reporterISO"":""BRA"",""flowCode"":""X"",""cmdCode"":""090111"",""period"":""2020,2021,2022,2023,2024,2025"",""includeDesc"":true},{""endpoint"":""https://comtradeapi.un.org/public/v1/preview/C/A/HS"",""reporterCode"":360,""reporterISO"":""IDN"",""flowCode"":""X"",""cmdCode"":""090111"",""period"":""2020,2021,2022,2023,2024,2025"",""includeDesc"":true}]}",C,A,20220101,2022,360,IDN,Indonesia,428,LVA,Latvia,0,W00,World,X,Export,H6,090111,Coffee; not roasted or decaffeinated,C00,TOTAL CPC,0,TOTAL MOT,8,kg,46620,46620,0,305941.52,true,false,true,"{""typeCode"":""C"",""freqCode"":""A"",""refPeriodId"":20220101,""refYear"":2022,""refMonth"":52,""period"":""2022"",""reporterCode"":360,""reporterISO"":""IDN"",""reporterDesc"":""Indonesia"",""flowCode"":""X"",""flowDesc"":""Export"",""partnerCode"":428,""partnerISO"":""LVA"",""partnerDesc"":""Latvia"",""partner2Code"":0,""partner2ISO"":""W00"",""partner2Desc"":""World"",""classificationCode"":""H6"",""classificationSearchCode"":""HS"",""isOriginalClassification"":true,""cmdCode"":""090111"",""cmdDesc"":""Coffee; not roasted or decaffeinated"",""aggrLevel"":6,""isLeaf"":true,""customsCode"":""C00"",""customsDesc"":""TOTAL CPC"",""mosCode"":""0"",""motCode"":0,""motDesc"":""TOTAL MOT"",""qtyUnitCode"":8,""qtyUnitAbbr"":""kg"",""qty"":46620,""isQtyEstimated"":false,""altQtyUnitCode"":8,""altQtyUnitAbbr"":""kg"",""altQty"":46620,""isAltQtyEstimated"":false,""netWgt"":46620,""isNetWgtEstimated"":false,""grossWgt"":0,""isGrossWgtEstimated"":false,""cifvalue"":null,""fobvalue"":305941.52,""primaryValue"":305941.52,""legacyEstimationFlag"":0,""isReported"":false,""isAggregate"":true}"
,UN Comtrade,https://comtradeapi.un.org/public/v1/preview/C/A/HS?reporterCode=360&flowCode=X&cmdCode=090111&period=2022&includeDesc=true,2026-05-30T18:34:22.015Z,"{""reporters"":[{""endpoint"":""https://comtradeapi.un.org/public/v1/preview/C/A/HS"",""reporterCode"":704,""reporterISO"":""VNM"",""flowCode"":""X"",""cmdCode"":""090111"",""period"":""2020,2021,2022,2023,2024,2025"",""includeDesc"":true},{""endpoint"":""https://comtradeapi.un.org/public/v1/preview/C/A/HS"",""reporterCode"":76,""reporterISO"":""BRA"",""flowCode"":""X"",""cmdCode"":""090111"",""period"":""2020,2021,2022,2023,2024,2025"",""includeDesc"":true},{""endpoint"":""https://comtradeapi.un.org/public/v1/preview/C/A/HS"",""reporterCode"":360,""reporterISO"":""IDN"",""flowCode"":""X"",""cmdCode"":""090111"",""period"":""2020,2021,2022,2023,2024,2025"",""includeDesc"":true}]}",C,A,20220101,2022,360,IDN,Indonesia,446,MAC,"China, Macao SAR",0,W00,World,X,Export,H6,090111,Coffee; not roasted or decaffeinated,C00,TOTAL CPC,0,TOTAL MOT,8,kg,134400,134400,0,268204.8,true,false,true,"{""typeCode"":""C"",""freqCode"":""A"",""refPeriodId"":20220101,""refYear"":2022,""refMonth"":52,""period"":""2022"",""reporterCode"":360,""reporterISO"":""IDN"",""reporterDesc"":""Indonesia"",""flowCode"":""X"",""flowDesc"":""Export"",""partnerCode"":446,""partnerISO"":""MAC"",""partnerDesc"":""China, Macao SAR"",""partner2Code"":0,""partner2ISO"":""W00"",""partner2Desc"":""World"",""classificationCode"":""H6"",""classificationSearchCode"":""HS"",""isOriginalClassification"":true,""cmdCode"":""090111"",""cmdDesc"":""Coffee; not roasted or decaffeinated"",""aggrLevel"":6,""isLeaf"":true,""customsCode"":""C00"",""customsDesc"":""TOTAL CPC"",""mosCode"":""0"",""motCode"":0,""motDesc"":""TOTAL MOT"",""qtyUnitCode"":8,""qtyUnitAbbr"":""kg"",""qty"":134400,""isQtyEstimated"":false,""altQtyUnitCode"":8,""altQtyUnitAbbr"":""kg"",""altQty"":134400,""isAltQtyEstimated"":false,""netWgt"":134400,""isNetWgtEstimated"":false,""grossWgt"":0,""isGrossWgtEstimated"":false,""cifvalue"":null,""fobvalue"":268204.8,""primaryValue"":268204.8,""legacyEstimationFlag"":0,""isReported"":false,""isAggregate"":true}"
,UN Comtrade,https://comtradeapi.un.org/public/v1/preview/C/A/HS?reporterCode=360&flowCode=X&cmdCode=090111&period=2022&includeDesc=true,2026-05-30T18:34:22.015Z,"{""reporters"":[{""endpoint"":""https://comtradeapi.un.org/public/v1/preview/C/A/HS"",""reporterCode"":704,""reporterISO"":""VNM"",""flowCode"":""X"",""cmdCode"":""090111"",""period"":""2020,2021,2022,2023,2024,2025"",""includeDesc"":true},{""endpoint"":""https://comtradeapi.un.org/public/v1/preview/C/A/HS"",""reporterCode"":76,""reporterISO"":""BRA"",""flowCode"":""X"",""cmdCode"":""090111"",""period"":""2020,2021,2022,2023,2024,2025"",""includeDesc"":true},{""endpoint"":""https://comtradeapi.un.org/public/v1/preview/C/A/HS"",""reporterCode"":360,""reporterISO"":""IDN"",""flowCode"":""X"",""cmdCode"":""090111"",""period"":""2020,2021,2022,2023,2024,2025"",""includeDesc"":true}]}",C,A,20220101,2022,360,IDN,Indonesia,458,MYS,Malaysia,0,W00,World,X,Export,H6,090111,Coffee; not roasted or decaffeinated,C00,TOTAL CPC,0,TOTAL MOT,8,kg,26085389.29,26085389.29,0,53134157.101,true,false,true,"{""typeCode"":""C"",""freqCode"":""A"",""refPeriodId"":20220101,""refYear"":2022,""refMonth"":52,""period"":""2022"",""reporterCode"":360,""reporterISO"":""IDN"",""reporterDesc"":""Indonesia"",""flowCode"":""X"",""flowDesc"":""Export"",""partnerCode"":458,""partnerISO"":""MYS"",""partnerDesc"":""Malaysia"",""partner2Code"":0,""partner2ISO"":""W00"",""partner2Desc"":""World"",""classificationCode"":""H6"",""classificationSearchCode"":""HS"",""isOriginalClassification"":true,""cmdCode"":""090111"",""cmdDesc"":""Coffee; not roasted or decaffeinated"",""aggrLevel"":6,""isLeaf"":true,""customsCode"":""C00"",""customsDesc"":""TOTAL CPC"",""mosCode"":""0"",""motCode"":0,""motDesc"":""TOTAL MOT"",""qtyUnitCode"":8,""qtyUnitAbbr"":""kg"",""qty"":26085389.29,""isQtyEstimated"":false,""altQtyUnitCode"":8,""altQtyUnitAbbr"":""kg"",""altQty"":26085389.29,""isAltQtyEstimated"":false,""netWgt"":26085389.29,""isNetWgtEstimated"":false,""grossWgt"":0,""isGrossWgtEstimated"":false,""cifvalue"":null,""fobvalue"":53134157.101,""primaryValue"":53134157.101,""legacyEstimationFlag"":0,""isReported"":false,""isAggregate"":true}"
,UN Comtrade,https://comtradeapi.un.org/public/v1/preview/C/A/HS?reporterCode=360&flowCode=X&cmdCode=090111&period=2022&includeDesc=true,2026-05-30T18:34:22.015Z,"{""reporters"":[{""endpoint"":""https://comtradeapi.un.org/public/v1/preview/C/A/HS"",""reporterCode"":704,""reporterISO"":""VNM"",""flowCode"":""X"",""cmdCode"":""090111"",""period"":""2020,2021,2022,2023,2024,2025"",""includeDesc"":true},{""endpoint"":""https://comtradeapi.un.org/public/v1/preview/C/A/HS"",""reporterCode"":76,""reporterISO"":""BRA"",""flowCode"":""X"",""cmdCode"":""090111"",""period"":""2020,2021,2022,2023,2024,2025"",""includeDesc"":true},{""endpoint"":""https://comtradeapi.un.org/public/v1/preview/C/A/HS"",""reporterCode"":360,""reporterISO"":""IDN"",""flowCode"":""X"",""cmdCode"":""090111"",""period"":""2020,2021,2022,2023,2024,2025"",""includeDesc"":true}]}",C,A,20220101,2022,360,IDN,Indonesia,484,MEX,Mexico,0,W00,World,X,Export,H6,090111,Coffee; not roasted or decaffeinated,C00,TOTAL CPC,0,TOTAL MOT,8,kg,2461900,2461900,0,5057205.7,true,false,true,"{""typeCode"":""C"",""freqCode"":""A"",""refPeriodId"":20220101,""refYear"":2022,""refMonth"":52,""period"":""2022"",""reporterCode"":360,""reporterISO"":""IDN"",""reporterDesc"":""Indonesia"",""flowCode"":""X"",""flowDesc"":""Export"",""partnerCode"":484,""partnerISO"":""MEX"",""partnerDesc"":""Mexico"",""partner2Code"":0,""partner2ISO"":""W00"",""partner2Desc"":""World"",""classificationCode"":""H6"",""classificationSearchCode"":""HS"",""isOriginalClassification"":true,""cmdCode"":""090111"",""cmdDesc"":""Coffee; not roasted or decaffeinated"",""aggrLevel"":6,""isLeaf"":true,""customsCode"":""C00"",""customsDesc"":""TOTAL CPC"",""mosCode"":""0"",""motCode"":0,""motDesc"":""TOTAL MOT"",""qtyUnitCode"":8,""qtyUnitAbbr"":""kg"",""qty"":2461900,""isQtyEstimated"":false,""altQtyUnitCode"":8,""altQtyUnitAbbr"":""kg"",""altQty"":2461900,""isAltQtyEstimated"":false,""netWgt"":2461900,""isNetWgtEstimated"":false,""grossWgt"":0,""isGrossWgtEstimated"":false,""cifvalue"":null,""fobvalue"":5057205.7,""primaryValue"":5057205.7,""legacyEstimationFlag"":0,""isReported"":false,""isAggregate"":true}"
,UN Comtrade,https://comtradeapi.un.org/public/v1/preview/C/A/HS?reporterCode=360&flowCode=X&cmdCode=090111&period=2022&includeDesc=true,2026-05-30T18:34:22.015Z,"{""reporters"":[{""endpoint"":""https://comtradeapi.un.org/public/v1/preview/C/A/HS"",""reporterCode"":704,""reporterISO"":""VNM"",""flowCode"":""X"",""cmdCode"":""090111"",""period"":""2020,2021,2022,2023,2024,2025"",""includeDesc"":true},{""endpoint"":""https://comtradeapi.un.org/public/v1/preview/C/A/HS"",""reporterCode"":76,""reporterISO"":""BRA"",""flowCode"":""X"",""cmdCode"":""090111"",""period"":""2020,2021,2022,2023,2024,2025"",""includeDesc"":true},{""endpoint"":""https://comtradeapi.un.org/public/v1/preview/C/A/HS"",""reporterCode"":360,""reporterISO"":""IDN"",""flowCode"":""X"",""cmdCode"":""090111"",""period"":""2020,2021,2022,2023,2024,2025"",""includeDesc"":true}]}",C,A,20220101,2022,360,IDN,Indonesia,490,S19,"Other Asia, nes",0,W00,World,X,Export,H6,090111,Coffee; not roasted or decaffeinated,C00,TOTAL CPC,0,TOTAL MOT,8,kg,4266769.32,4266769.32,0,16343015.01,true,false,true,"{""typeCode"":""C"",""freqCode"":""A"",""refPeriodId"":20220101,""refYear"":2022,""refMonth"":52,""period"":""2022"",""reporterCode"":360,""reporterISO"":""IDN"",""reporterDesc"":""Indonesia"",""flowCode"":""X"",""flowDesc"":""Export"",""partnerCode"":490,""partnerISO"":""S19"",""partnerDesc"":""Other Asia, nes"",""partner2Code"":0,""partner2ISO"":""W00"",""partner2Desc"":""World"",""classificationCode"":""H6"",""classificationSearchCode"":""HS"",""isOriginalClassification"":true,""cmdCode"":""090111"",""cmdDesc"":""Coffee; not roasted or decaffeinated"",""aggrLevel"":6,""isLeaf"":true,""customsCode"":""C00"",""customsDesc"":""TOTAL CPC"",""mosCode"":""0"",""motCode"":0,""motDesc"":""TOTAL MOT"",""qtyUnitCode"":8,""qtyUnitAbbr"":""kg"",""qty"":4266769.32,""isQtyEstimated"":false,""altQtyUnitCode"":8,""altQtyUnitAbbr"":""kg"",""altQty"":4266769.32,""isAltQtyEstimated"":false,""netWgt"":4266769.32,""isNetWgtEstimated"":false,""grossWgt"":0,""isGrossWgtEstimated"":false,""cifvalue"":null,""fobvalue"":16343015.01,""primaryValue"":16343015.01,""legacyEstimationFlag"":0,""isReported"":false,""isAggregate"":true}"
,UN Comtrade,https://comtradeapi.un.org/public/v1/preview/C/A/HS?reporterCode=360&flowCode=X&cmdCode=090111&period=2022&includeDesc=true,2026-05-30T18:34:22.015Z,"{""reporters"":[{""endpoint"":""https://comtradeapi.un.org/public/v1/preview/C/A/HS"",""reporterCode"":704,""reporterISO"":""VNM"",""flowCode"":""X"",""cmdCode"":""090111"",""period"":""2020,2021,2022,2023,2024,2025"",""includeDesc"":true},{""endpoint"":""https://comtradeapi.un.org/public/v1/preview/C/A/HS"",""reporterCode"":76,""reporterISO"":""BRA"",""flowCode"":""X"",""cmdCode"":""090111"",""period"":""2020,2021,2022,2023,2024,2025"",""includeDesc"":true},{""endpoint"":""https://comtradeapi.un.org/public/v1/preview/C/A/HS"",""reporterCode"":360,""reporterISO"":""IDN"",""flowCode"":""X"",""cmdCode"":""090111"",""period"":""2020,2021,2022,2023,2024,2025"",""includeDesc"":true}]}",C,A,20220101,2022,360,IDN,Indonesia,504,MAR,Morocco,0,W00,World,X,Export,H6,090111,Coffee; not roasted or decaffeinated,C00,TOTAL CPC,0,TOTAL MOT,8,kg,9230400,9230400,0,18212614.86,true,false,true,"{""typeCode"":""C"",""freqCode"":""A"",""refPeriodId"":20220101,""refYear"":2022,""refMonth"":52,""period"":""2022"",""reporterCode"":360,""reporterISO"":""IDN"",""reporterDesc"":""Indonesia"",""flowCode"":""X"",""flowDesc"":""Export"",""partnerCode"":504,""partnerISO"":""MAR"",""partnerDesc"":""Morocco"",""partner2Code"":0,""partner2ISO"":""W00"",""partner2Desc"":""World"",""classificationCode"":""H6"",""classificationSearchCode"":""HS"",""isOriginalClassification"":true,""cmdCode"":""090111"",""cmdDesc"":""Coffee; not roasted or decaffeinated"",""aggrLevel"":6,""isLeaf"":true,""customsCode"":""C00"",""customsDesc"":""TOTAL CPC"",""mosCode"":""0"",""motCode"":0,""motDesc"":""TOTAL MOT"",""qtyUnitCode"":8,""qtyUnitAbbr"":""kg"",""qty"":9230400,""isQtyEstimated"":false,""altQtyUnitCode"":8,""altQtyUnitAbbr"":""kg"",""altQty"":9230400,""isAltQtyEstimated"":false,""netWgt"":9230400,""isNetWgtEstimated"":false,""grossWgt"":0,""isGrossWgtEstimated"":false,""cifvalue"":null,""fobvalue"":18212614.86,""primaryValue"":18212614.86,""legacyEstimationFlag"":0,""isReported"":false,""isAggregate"":true}"
,UN Comtrade,https://comtradeapi.un.org/public/v1/preview/C/A/HS?reporterCode=360&flowCode=X&cmdCode=090111&period=2022&includeDesc=true,2026-05-30T18:34:22.015Z,"{""reporters"":[{""endpoint"":""https://comtradeapi.un.org/public/v1/preview/C/A/HS"",""reporterCode"":704,""reporterISO"":""VNM"",""flowCode"":""X"",""cmdCode"":""090111"",""period"":""2020,2021,2022,2023,2024,2025"",""includeDesc"":true},{""endpoint"":""https://comtradeapi.un.org/public/v1/preview/C/A/HS"",""reporterCode"":76,""reporterISO"":""BRA"",""flowCode"":""X"",""cmdCode"":""090111"",""period"":""2020,2021,2022,2023,2024,2025"",""includeDesc"":true},{""endpoint"":""https://comtradeapi.un.org/public/v1/preview/C/A/HS"",""reporterCode"":360,""reporterISO"":""IDN"",""flowCode"":""X"",""cmdCode"":""090111"",""period"":""2020,2021,2022,2023,2024,2025"",""includeDesc"":true}]}",C,A,20220101,2022,360,IDN,Indonesia,512,OMN,Oman,0,W00,World,X,Export,H6,090111,Coffee; not roasted or decaffeinated,C00,TOTAL CPC,0,TOTAL MOT,8,kg,36100,36100,0,87450.2,true,false,true,"{""typeCode"":""C"",""freqCode"":""A"",""refPeriodId"":20220101,""refYear"":2022,""refMonth"":52,""period"":""2022"",""reporterCode"":360,""reporterISO"":""IDN"",""reporterDesc"":""Indonesia"",""flowCode"":""X"",""flowDesc"":""Export"",""partnerCode"":512,""partnerISO"":""OMN"",""partnerDesc"":""Oman"",""partner2Code"":0,""partner2ISO"":""W00"",""partner2Desc"":""World"",""classificationCode"":""H6"",""classificationSearchCode"":""HS"",""isOriginalClassification"":true,""cmdCode"":""090111"",""cmdDesc"":""Coffee; not roasted or decaffeinated"",""aggrLevel"":6,""isLeaf"":true,""customsCode"":""C00"",""customsDesc"":""TOTAL CPC"",""mosCode"":""0"",""motCode"":0,""motDesc"":""TOTAL MOT"",""qtyUnitCode"":8,""qtyUnitAbbr"":""kg"",""qty"":36100,""isQtyEstimated"":false,""altQtyUnitCode"":8,""altQtyUnitAbbr"":""kg"",""altQty"":36100,""isAltQtyEstimated"":false,""netWgt"":36100,""isNetWgtEstimated"":false,""grossWgt"":0,""isGrossWgtEstimated"":false,""cifvalue"":null,""fobvalue"":87450.2,""primaryValue"":87450.2,""legacyEstimationFlag"":0,""isReported"":false,""isAggregate"":true}"
,UN Comtrade,https://comtradeapi.un.org/public/v1/preview/C/A/HS?reporterCode=360&flowCode=X&cmdCode=090111&period=2022&includeDesc=true,2026-05-30T18:34:22.015Z,"{""reporters"":[{""endpoint"":""https://comtradeapi.un.org/public/v1/preview/C/A/HS"",""reporterCode"":704,""reporterISO"":""VNM"",""flowCode"":""X"",""cmdCode"":""090111"",""period"":""2020,2021,2022,2023,2024,2025"",""includeDesc"":true},{""endpoint"":""https://comtradeapi.un.org/public/v1/preview/C/A/HS"",""reporterCode"":76,""reporterISO"":""BRA"",""flowCode"":""X"",""cmdCode"":""090111"",""period"":""2020,2021,2022,2023,2024,2025"",""includeDesc"":true},{""endpoint"":""https://comtradeapi.un.org/public/v1/preview/C/A/HS"",""reporterCode"":360,""reporterISO"":""IDN"",""flowCode"":""X"",""cmdCode"":""090111"",""period"":""2020,2021,2022,2023,2024,2025"",""includeDesc"":true}]}",C,A,20220101,2022,360,IDN,Indonesia,528,NLD,Netherlands,0,W00,World,X,Export,H6,090111,Coffee; not roasted or decaffeinated,C00,TOTAL CPC,0,TOTAL MOT,8,kg,3597830.77,3597830.77,0,11178090.524,true,false,true,"{""typeCode"":""C"",""freqCode"":""A"",""refPeriodId"":20220101,""refYear"":2022,""refMonth"":52,""period"":""2022"",""reporterCode"":360,""reporterISO"":""IDN"",""reporterDesc"":""Indonesia"",""flowCode"":""X"",""flowDesc"":""Export"",""partnerCode"":528,""partnerISO"":""NLD"",""partnerDesc"":""Netherlands"",""partner2Code"":0,""partner2ISO"":""W00"",""partner2Desc"":""World"",""classificationCode"":""H6"",""classificationSearchCode"":""HS"",""isOriginalClassification"":true,""cmdCode"":""090111"",""cmdDesc"":""Coffee; not roasted or decaffeinated"",""aggrLevel"":6,""isLeaf"":true,""customsCode"":""C00"",""customsDesc"":""TOTAL CPC"",""mosCode"":""0"",""motCode"":0,""motDesc"":""TOTAL MOT"",""qtyUnitCode"":8,""qtyUnitAbbr"":""kg"",""qty"":3597830.77,""isQtyEstimated"":false,""altQtyUnitCode"":8,""altQtyUnitAbbr"":""kg"",""altQty"":3597830.77,""isAltQtyEstimated"":false,""netWgt"":3597830.77,""isNetWgtEstimated"":false,""grossWgt"":0,""isGrossWgtEstimated"":false,""cifvalue"":null,""fobvalue"":11178090.524,""primaryValue"":11178090.524,""legacyEstimationFlag"":0,""isReported"":false,""isAggregate"":true}"
,UN Comtrade,https://comtradeapi.un.org/public/v1/preview/C/A/HS?reporterCode=360&flowCode=X&cmdCode=090111&period=2022&includeDesc=true,2026-05-30T18:34:22.015Z,"{""reporters"":[{""endpoint"":""https://comtradeapi.un.org/public/v1/preview/C/A/HS"",""reporterCode"":704,""reporterISO"":""VNM"",""flowCode"":""X"",""cmdCode"":""090111"",""period"":""2020,2021,2022,2023,2024,2025"",""includeDesc"":true},{""endpoint"":""https://comtradeapi.un.org/public/v1/preview/C/A/HS"",""reporterCode"":76,""reporterISO"":""BRA"",""flowCode"":""X"",""cmdCode"":""090111"",""period"":""2020,2021,2022,2023,2024,2025"",""includeDesc"":true},{""endpoint"":""https://comtradeapi.un.org/public/v1/preview/C/A/HS"",""reporterCode"":360,""reporterISO"":""IDN"",""flowCode"":""X"",""cmdCode"":""090111"",""period"":""2020,2021,2022,2023,2024,2025"",""includeDesc"":true}]}",C,A,20220101,2022,360,IDN,Indonesia,548,VUT,Vanuatu,0,W00,World,X,Export,H6,090111,Coffee; not roasted or decaffeinated,C00,TOTAL CPC,0,TOTAL MOT,8,kg,2.15,2.15,0,400,true,false,true,"{""typeCode"":""C"",""freqCode"":""A"",""refPeriodId"":20220101,""refYear"":2022,""refMonth"":52,""period"":""2022"",""reporterCode"":360,""reporterISO"":""IDN"",""reporterDesc"":""Indonesia"",""flowCode"":""X"",""flowDesc"":""Export"",""partnerCode"":548,""partnerISO"":""VUT"",""partnerDesc"":""Vanuatu"",""partner2Code"":0,""partner2ISO"":""W00"",""partner2Desc"":""World"",""classificationCode"":""H6"",""classificationSearchCode"":""HS"",""isOriginalClassification"":true,""cmdCode"":""090111"",""cmdDesc"":""Coffee; not roasted or decaffeinated"",""aggrLevel"":6,""isLeaf"":true,""customsCode"":""C00"",""customsDesc"":""TOTAL CPC"",""mosCode"":""0"",""motCode"":0,""motDesc"":""TOTAL MOT"",""qtyUnitCode"":8,""qtyUnitAbbr"":""kg"",""qty"":2.15,""isQtyEstimated"":false,""altQtyUnitCode"":8,""altQtyUnitAbbr"":""kg"",""altQty"":2.15,""isAltQtyEstimated"":false,""netWgt"":2.15,""isNetWgtEstimated"":false,""grossWgt"":0,""isGrossWgtEstimated"":false,""cifvalue"":null,""fobvalue"":400,""primaryValue"":400,""legacyEstimationFlag"":0,""isReported"":false,""isAggregate"":true}"
,UN Comtrade,https://comtradeapi.un.org/public/v1/preview/C/A/HS?reporterCode=360&flowCode=X&cmdCode=090111&period=2022&includeDesc=true,2026-05-30T18:34:22.015Z,"{""reporters"":[{""endpoint"":""https://comtradeapi.un.org/public/v1/preview/C/A/HS"",""reporterCode"":704,""reporterISO"":""VNM"",""flowCode"":""X"",""cmdCode"":""090111"",""period"":""2020,2021,2022,2023,2024,2025"",""includeDesc"":true},{""endpoint"":""https://comtradeapi.un.org/public/v1/preview/C/A/HS"",""reporterCode"":76,""reporterISO"":""BRA"",""flowCode"":""X"",""cmdCode"":""090111"",""period"":""2020,2021,2022,2023,2024,2025"",""includeDesc"":true},{""endpoint"":""https://comtradeapi.un.org/public/v1/preview/C/A/HS"",""reporterCode"":360,""reporterISO"":""IDN"",""flowCode"":""X"",""cmdCode"":""090111"",""period"":""2020,2021,2022,2023,2024,2025"",""includeDesc"":true}]}",C,A,20220101,2022,360,IDN,Indonesia,554,NZL,New Zealand,0,W00,World,X,Export,H6,090111,Coffee; not roasted or decaffeinated,C00,TOTAL CPC,0,TOTAL MOT,8,kg,351600,351600,0,2032445.809,true,false,true,"{""typeCode"":""C"",""freqCode"":""A"",""refPeriodId"":20220101,""refYear"":2022,""refMonth"":52,""period"":""2022"",""reporterCode"":360,""reporterISO"":""IDN"",""reporterDesc"":""Indonesia"",""flowCode"":""X"",""flowDesc"":""Export"",""partnerCode"":554,""partnerISO"":""NZL"",""partnerDesc"":""New Zealand"",""partner2Code"":0,""partner2ISO"":""W00"",""partner2Desc"":""World"",""classificationCode"":""H6"",""classificationSearchCode"":""HS"",""isOriginalClassification"":true,""cmdCode"":""090111"",""cmdDesc"":""Coffee; not roasted or decaffeinated"",""aggrLevel"":6,""isLeaf"":true,""customsCode"":""C00"",""customsDesc"":""TOTAL CPC"",""mosCode"":""0"",""motCode"":0,""motDesc"":""TOTAL MOT"",""qtyUnitCode"":8,""qtyUnitAbbr"":""kg"",""qty"":351600,""isQtyEstimated"":false,""altQtyUnitCode"":8,""altQtyUnitAbbr"":""kg"",""altQty"":351600,""isAltQtyEstimated"":false,""netWgt"":351600,""isNetWgtEstimated"":false,""grossWgt"":0,""isGrossWgtEstimated"":false,""cifvalue"":null,""fobvalue"":2032445.809,""primaryValue"":2032445.809,""legacyEstimationFlag"":0,""isReported"":false,""isAggregate"":true}"
,UN Comtrade,https://comtradeapi.un.org/public/v1/preview/C/A/HS?reporterCode=360&flowCode=X&cmdCode=090111&period=2022&includeDesc=true,2026-05-30T18:34:22.015Z,"{""reporters"":[{""endpoint"":""https://comtradeapi.un.org/public/v1/preview/C/A/HS"",""reporterCode"":704,""reporterISO"":""VNM"",""flowCode"":""X"",""cmdCode"":""090111"",""period"":""2020,2021,2022,2023,2024,2025"",""includeDesc"":true},{""endpoint"":""https://comtradeapi.un.org/public/v1/preview/C/A/HS"",""reporterCode"":76,""reporterISO"":""BRA"",""flowCode"":""X"",""cmdCode"":""090111"",""period"":""2020,2021,2022,2023,2024,2025"",""includeDesc"":true},{""endpoint"":""https://comtradeapi.un.org/public/v1/preview/C/A/HS"",""reporterCode"":360,""reporterISO"":""IDN"",""flowCode"":""X"",""cmdCode"":""090111"",""period"":""2020,2021,2022,2023,2024,2025"",""includeDesc"":true}]}",C,A,20220101,2022,360,IDN,Indonesia,579,NOR,Norway,0,W00,World,X,Export,H6,090111,Coffee; not roasted or decaffeinated,C00,TOTAL CPC,0,TOTAL MOT,8,kg,180600,180600,0,1024882.17,true,false,true,"{""typeCode"":""C"",""freqCode"":""A"",""refPeriodId"":20220101,""refYear"":2022,""refMonth"":52,""period"":""2022"",""reporterCode"":360,""reporterISO"":""IDN"",""reporterDesc"":""Indonesia"",""flowCode"":""X"",""flowDesc"":""Export"",""partnerCode"":579,""partnerISO"":""NOR"",""partnerDesc"":""Norway"",""partner2Code"":0,""partner2ISO"":""W00"",""partner2Desc"":""World"",""classificationCode"":""H6"",""classificationSearchCode"":""HS"",""isOriginalClassification"":true,""cmdCode"":""090111"",""cmdDesc"":""Coffee; not roasted or decaffeinated"",""aggrLevel"":6,""isLeaf"":true,""customsCode"":""C00"",""customsDesc"":""TOTAL CPC"",""mosCode"":""0"",""motCode"":0,""motDesc"":""TOTAL MOT"",""qtyUnitCode"":8,""qtyUnitAbbr"":""kg"",""qty"":180600,""isQtyEstimated"":false,""altQtyUnitCode"":8,""altQtyUnitAbbr"":""kg"",""altQty"":180600,""isAltQtyEstimated"":false,""netWgt"":180600,""isNetWgtEstimated"":false,""grossWgt"":0,""isGrossWgtEstimated"":false,""cifvalue"":null,""fobvalue"":1024882.17,""primaryValue"":1024882.17,""legacyEstimationFlag"":0,""isReported"":false,""isAggregate"":true}"
,UN Comtrade,https://comtradeapi.un.org/public/v1/preview/C/A/HS?reporterCode=360&flowCode=X&cmdCode=090111&period=2022&includeDesc=true,2026-05-30T18:34:22.015Z,"{""reporters"":[{""endpoint"":""https://comtradeapi.un.org/public/v1/preview/C/A/HS"",""reporterCode"":704,""reporterISO"":""VNM"",""flowCode"":""X"",""cmdCode"":""090111"",""period"":""2020,2021,2022,2023,2024,2025"",""includeDesc"":true},{""endpoint"":""https://comtradeapi.un.org/public/v1/preview/C/A/HS"",""reporterCode"":76,""reporterISO"":""BRA"",""flowCode"":""X"",""cmdCode"":""090111"",""period"":""2020,2021,2022,2023,2024,2025"",""includeDesc"":true},{""endpoint"":""https://comtradeapi.un.org/public/v1/preview/C/A/HS"",""reporterCode"":360,""reporterISO"":""IDN"",""flowCode"":""X"",""cmdCode"":""090111"",""period"":""2020,2021,2022,2023,2024,2025"",""includeDesc"":true}]}",C,A,20220101,2022,360,IDN,Indonesia,586,PAK,Pakistan,0,W00,World,X,Export,H6,090111,Coffee; not roasted or decaffeinated,C00,TOTAL CPC,0,TOTAL MOT,8,kg,2500,2500,0,6250,true,false,true,"{""typeCode"":""C"",""freqCode"":""A"",""refPeriodId"":20220101,""refYear"":2022,""refMonth"":52,""period"":""2022"",""reporterCode"":360,""reporterISO"":""IDN"",""reporterDesc"":""Indonesia"",""flowCode"":""X"",""flowDesc"":""Export"",""partnerCode"":586,""partnerISO"":""PAK"",""partnerDesc"":""Pakistan"",""partner2Code"":0,""partner2ISO"":""W00"",""partner2Desc"":""World"",""classificationCode"":""H6"",""classificationSearchCode"":""HS"",""isOriginalClassification"":true,""cmdCode"":""090111"",""cmdDesc"":""Coffee; not roasted or decaffeinated"",""aggrLevel"":6,""isLeaf"":true,""customsCode"":""C00"",""customsDesc"":""TOTAL CPC"",""mosCode"":""0"",""motCode"":0,""motDesc"":""TOTAL MOT"",""qtyUnitCode"":8,""qtyUnitAbbr"":""kg"",""qty"":2500,""isQtyEstimated"":false,""altQtyUnitCode"":8,""altQtyUnitAbbr"":""kg"",""altQty"":2500,""isAltQtyEstimated"":false,""netWgt"":2500,""isNetWgtEstimated"":false,""grossWgt"":0,""isGrossWgtEstimated"":false,""cifvalue"":null,""fobvalue"":6250,""primaryValue"":6250,""legacyEstimationFlag"":0,""isReported"":false,""isAggregate"":true}"
,UN Comtrade,https://comtradeapi.un.org/public/v1/preview/C/A/HS?reporterCode=360&flowCode=X&cmdCode=090111&period=2022&includeDesc=true,2026-05-30T18:34:22.015Z,"{""reporters"":[{""endpoint"":""https://comtradeapi.un.org/public/v1/preview/C/A/HS"",""reporterCode"":704,""reporterISO"":""VNM"",""flowCode"":""X"",""cmdCode"":""090111"",""period"":""2020,2021,2022,2023,2024,2025"",""includeDesc"":true},{""endpoint"":""https://comtradeapi.un.org/public/v1/preview/C/A/HS"",""reporterCode"":76,""reporterISO"":""BRA"",""flowCode"":""X"",""cmdCode"":""090111"",""period"":""2020,2021,2022,2023,2024,2025"",""includeDesc"":true},{""endpoint"":""https://comtradeapi.un.org/public/v1/preview/C/A/HS"",""reporterCode"":360,""reporterISO"":""IDN"",""flowCode"":""X"",""cmdCode"":""090111"",""period"":""2020,2021,2022,2023,2024,2025"",""includeDesc"":true}]}",C,A,20220101,2022,360,IDN,Indonesia,608,PHL,Philippines,0,W00,World,X,Export,H6,090111,Coffee; not roasted or decaffeinated,C00,TOTAL CPC,0,TOTAL MOT,8,kg,2321061,2321061,0,5534549.98,true,false,true,"{""typeCode"":""C"",""freqCode"":""A"",""refPeriodId"":20220101,""refYear"":2022,""refMonth"":52,""period"":""2022"",""reporterCode"":360,""reporterISO"":""IDN"",""reporterDesc"":""Indonesia"",""flowCode"":""X"",""flowDesc"":""Export"",""partnerCode"":608,""partnerISO"":""PHL"",""partnerDesc"":""Philippines"",""partner2Code"":0,""partner2ISO"":""W00"",""partner2Desc"":""World"",""classificationCode"":""H6"",""classificationSearchCode"":""HS"",""isOriginalClassification"":true,""cmdCode"":""090111"",""cmdDesc"":""Coffee; not roasted or decaffeinated"",""aggrLevel"":6,""isLeaf"":true,""customsCode"":""C00"",""customsDesc"":""TOTAL CPC"",""mosCode"":""0"",""motCode"":0,""motDesc"":""TOTAL MOT"",""qtyUnitCode"":8,""qtyUnitAbbr"":""kg"",""qty"":2321061,""isQtyEstimated"":false,""altQtyUnitCode"":8,""altQtyUnitAbbr"":""kg"",""altQty"":2321061,""isAltQtyEstimated"":false,""netWgt"":2321061,""isNetWgtEstimated"":false,""grossWgt"":0,""isGrossWgtEstimated"":false,""cifvalue"":null,""fobvalue"":5534549.98,""primaryValue"":5534549.98,""legacyEstimationFlag"":0,""isReported"":false,""isAggregate"":true}"
,UN Comtrade,https://comtradeapi.un.org/public/v1/preview/C/A/HS?reporterCode=360&flowCode=X&cmdCode=090111&period=2022&includeDesc=true,2026-05-30T18:34:22.015Z,"{""reporters"":[{""endpoint"":""https://comtradeapi.un.org/public/v1/preview/C/A/HS"",""reporterCode"":704,""reporterISO"":""VNM"",""flowCode"":""X"",""cmdCode"":""090111"",""period"":""2020,2021,2022,2023,2024,2025"",""includeDesc"":true},{""endpoint"":""https://comtradeapi.un.org/public/v1/preview/C/A/HS"",""reporterCode"":76,""reporterISO"":""BRA"",""flowCode"":""X"",""cmdCode"":""090111"",""period"":""2020,2021,2022,2023,2024,2025"",""includeDesc"":true},{""endpoint"":""https://comtradeapi.un.org/public/v1/preview/C/A/HS"",""reporterCode"":360,""reporterISO"":""IDN"",""flowCode"":""X"",""cmdCode"":""090111"",""period"":""2020,2021,2022,2023,2024,2025"",""includeDesc"":true}]}",C,A,20220101,2022,360,IDN,Indonesia,616,POL,Poland,0,W00,World,X,Export,H6,090111,Coffee; not roasted or decaffeinated,C00,TOTAL CPC,0,TOTAL MOT,8,kg,879848,879848,0,1628575.592,true,false,true,"{""typeCode"":""C"",""freqCode"":""A"",""refPeriodId"":20220101,""refYear"":2022,""refMonth"":52,""period"":""2022"",""reporterCode"":360,""reporterISO"":""IDN"",""reporterDesc"":""Indonesia"",""flowCode"":""X"",""flowDesc"":""Export"",""partnerCode"":616,""partnerISO"":""POL"",""partnerDesc"":""Poland"",""partner2Code"":0,""partner2ISO"":""W00"",""partner2Desc"":""World"",""classificationCode"":""H6"",""classificationSearchCode"":""HS"",""isOriginalClassification"":true,""cmdCode"":""090111"",""cmdDesc"":""Coffee; not roasted or decaffeinated"",""aggrLevel"":6,""isLeaf"":true,""customsCode"":""C00"",""customsDesc"":""TOTAL CPC"",""mosCode"":""0"",""motCode"":0,""motDesc"":""TOTAL MOT"",""qtyUnitCode"":8,""qtyUnitAbbr"":""kg"",""qty"":879848,""isQtyEstimated"":false,""altQtyUnitCode"":8,""altQtyUnitAbbr"":""kg"",""altQty"":879848,""isAltQtyEstimated"":false,""netWgt"":879848,""isNetWgtEstimated"":false,""grossWgt"":0,""isGrossWgtEstimated"":false,""cifvalue"":null,""fobvalue"":1628575.592,""primaryValue"":1628575.592,""legacyEstimationFlag"":0,""isReported"":false,""isAggregate"":true}"
,UN Comtrade,https://comtradeapi.un.org/public/v1/preview/C/A/HS?reporterCode=360&flowCode=X&cmdCode=090111&period=2022&includeDesc=true,2026-05-30T18:34:22.015Z,"{""reporters"":[{""endpoint"":""https://comtradeapi.un.org/public/v1/preview/C/A/HS"",""reporterCode"":704,""reporterISO"":""VNM"",""flowCode"":""X"",""cmdCode"":""090111"",""period"":""2020,2021,2022,2023,2024,2025"",""includeDesc"":true},{""endpoint"":""https://comtradeapi.un.org/public/v1/preview/C/A/HS"",""reporterCode"":76,""reporterISO"":""BRA"",""flowCode"":""X"",""cmdCode"":""090111"",""period"":""2020,2021,2022,2023,2024,2025"",""includeDesc"":true},{""endpoint"":""https://comtradeapi.un.org/public/v1/preview/C/A/HS"",""reporterCode"":360,""reporterISO"":""IDN"",""flowCode"":""X"",""cmdCode"":""090111"",""period"":""2020,2021,2022,2023,2024,2025"",""includeDesc"":true}]}",C,A,20220101,2022,360,IDN,Indonesia,620,PRT,Portugal,0,W00,World,X,Export,H6,090111,Coffee; not roasted or decaffeinated,C00,TOTAL CPC,0,TOTAL MOT,8,kg,2025470,2025470,0,4281073.072,true,false,true,"{""typeCode"":""C"",""freqCode"":""A"",""refPeriodId"":20220101,""refYear"":2022,""refMonth"":52,""period"":""2022"",""reporterCode"":360,""reporterISO"":""IDN"",""reporterDesc"":""Indonesia"",""flowCode"":""X"",""flowDesc"":""Export"",""partnerCode"":620,""partnerISO"":""PRT"",""partnerDesc"":""Portugal"",""partner2Code"":0,""partner2ISO"":""W00"",""partner2Desc"":""World"",""classificationCode"":""H6"",""classificationSearchCode"":""HS"",""isOriginalClassification"":true,""cmdCode"":""090111"",""cmdDesc"":""Coffee; not roasted or decaffeinated"",""aggrLevel"":6,""isLeaf"":true,""customsCode"":""C00"",""customsDesc"":""TOTAL CPC"",""mosCode"":""0"",""motCode"":0,""motDesc"":""TOTAL MOT"",""qtyUnitCode"":8,""qtyUnitAbbr"":""kg"",""qty"":2025470,""isQtyEstimated"":false,""altQtyUnitCode"":8,""altQtyUnitAbbr"":""kg"",""altQty"":2025470,""isAltQtyEstimated"":false,""netWgt"":2025470,""isNetWgtEstimated"":false,""grossWgt"":0,""isGrossWgtEstimated"":false,""cifvalue"":null,""fobvalue"":4281073.072,""primaryValue"":4281073.072,""legacyEstimationFlag"":0,""isReported"":false,""isAggregate"":true}"
,UN Comtrade,https://comtradeapi.un.org/public/v1/preview/C/A/HS?reporterCode=360&flowCode=X&cmdCode=090111&period=2022&includeDesc=true,2026-05-30T18:34:22.015Z,"{""reporters"":[{""endpoint"":""https://comtradeapi.un.org/public/v1/preview/C/A/HS"",""reporterCode"":704,""reporterISO"":""VNM"",""flowCode"":""X"",""cmdCode"":""090111"",""period"":""2020,2021,2022,2023,2024,2025"",""includeDesc"":true},{""endpoint"":""https://comtradeapi.un.org/public/v1/preview/C/A/HS"",""reporterCode"":76,""reporterISO"":""BRA"",""flowCode"":""X"",""cmdCode"":""090111"",""period"":""2020,2021,2022,2023,2024,2025"",""includeDesc"":true},{""endpoint"":""https://comtradeapi.un.org/public/v1/preview/C/A/HS"",""reporterCode"":360,""reporterISO"":""IDN"",""flowCode"":""X"",""cmdCode"":""090111"",""period"":""2020,2021,2022,2023,2024,2025"",""includeDesc"":true}]}",C,A,20220101,2022,360,IDN,Indonesia,626,TLS,Timor-Leste,0,W00,World,X,Export,H6,090111,Coffee; not roasted or decaffeinated,C00,TOTAL CPC,0,TOTAL MOT,8,kg,701.6,701.6,0,3052.23,true,false,true,"{""typeCode"":""C"",""freqCode"":""A"",""refPeriodId"":20220101,""refYear"":2022,""refMonth"":52,""period"":""2022"",""reporterCode"":360,""reporterISO"":""IDN"",""reporterDesc"":""Indonesia"",""flowCode"":""X"",""flowDesc"":""Export"",""partnerCode"":626,""partnerISO"":""TLS"",""partnerDesc"":""Timor-Leste"",""partner2Code"":0,""partner2ISO"":""W00"",""partner2Desc"":""World"",""classificationCode"":""H6"",""classificationSearchCode"":""HS"",""isOriginalClassification"":true,""cmdCode"":""090111"",""cmdDesc"":""Coffee; not roasted or decaffeinated"",""aggrLevel"":6,""isLeaf"":true,""customsCode"":""C00"",""customsDesc"":""TOTAL CPC"",""mosCode"":""0"",""motCode"":0,""motDesc"":""TOTAL MOT"",""qtyUnitCode"":8,""qtyUnitAbbr"":""kg"",""qty"":701.6,""isQtyEstimated"":false,""altQtyUnitCode"":8,""altQtyUnitAbbr"":""kg"",""altQty"":701.6,""isAltQtyEstimated"":false,""netWgt"":701.6,""isNetWgtEstimated"":false,""grossWgt"":0,""isGrossWgtEstimated"":false,""cifvalue"":null,""fobvalue"":3052.23,""primaryValue"":3052.23,""legacyEstimationFlag"":0,""isReported"":false,""isAggregate"":true}"
,UN Comtrade,https://comtradeapi.un.org/public/v1/preview/C/A/HS?reporterCode=360&flowCode=X&cmdCode=090111&period=2022&includeDesc=true,2026-05-30T18:34:22.015Z,"{""reporters"":[{""endpoint"":""https://comtradeapi.un.org/public/v1/preview/C/A/HS"",""reporterCode"":704,""reporterISO"":""VNM"",""flowCode"":""X"",""cmdCode"":""090111"",""period"":""2020,2021,2022,2023,2024,2025"",""includeDesc"":true},{""endpoint"":""https://comtradeapi.un.org/public/v1/preview/C/A/HS"",""reporterCode"":76,""reporterISO"":""BRA"",""flowCode"":""X"",""cmdCode"":""090111"",""period"":""2020,2021,2022,2023,2024,2025"",""includeDesc"":true},{""endpoint"":""https://comtradeapi.un.org/public/v1/preview/C/A/HS"",""reporterCode"":360,""reporterISO"":""IDN"",""flowCode"":""X"",""cmdCode"":""090111"",""period"":""2020,2021,2022,2023,2024,2025"",""includeDesc"":true}]}",C,A,20220101,2022,360,IDN,Indonesia,634,QAT,Qatar,0,W00,World,X,Export,H6,090111,Coffee; not roasted or decaffeinated,C00,TOTAL CPC,0,TOTAL MOT,8,kg,3180,3180,0,32940,true,false,true,"{""typeCode"":""C"",""freqCode"":""A"",""refPeriodId"":20220101,""refYear"":2022,""refMonth"":52,""period"":""2022"",""reporterCode"":360,""reporterISO"":""IDN"",""reporterDesc"":""Indonesia"",""flowCode"":""X"",""flowDesc"":""Export"",""partnerCode"":634,""partnerISO"":""QAT"",""partnerDesc"":""Qatar"",""partner2Code"":0,""partner2ISO"":""W00"",""partner2Desc"":""World"",""classificationCode"":""H6"",""classificationSearchCode"":""HS"",""isOriginalClassification"":true,""cmdCode"":""090111"",""cmdDesc"":""Coffee; not roasted or decaffeinated"",""aggrLevel"":6,""isLeaf"":true,""customsCode"":""C00"",""customsDesc"":""TOTAL CPC"",""mosCode"":""0"",""motCode"":0,""motDesc"":""TOTAL MOT"",""qtyUnitCode"":8,""qtyUnitAbbr"":""kg"",""qty"":3180,""isQtyEstimated"":false,""altQtyUnitCode"":8,""altQtyUnitAbbr"":""kg"",""altQty"":3180,""isAltQtyEstimated"":false,""netWgt"":3180,""isNetWgtEstimated"":false,""grossWgt"":0,""isGrossWgtEstimated"":false,""cifvalue"":null,""fobvalue"":32940,""primaryValue"":32940,""legacyEstimationFlag"":0,""isReported"":false,""isAggregate"":true}"
,UN Comtrade,https://comtradeapi.un.org/public/v1/preview/C/A/HS?reporterCode=360&flowCode=X&cmdCode=090111&period=2022&includeDesc=true,2026-05-30T18:34:22.015Z,"{""reporters"":[{""endpoint"":""https://comtradeapi.un.org/public/v1/preview/C/A/HS"",""reporterCode"":704,""reporterISO"":""VNM"",""flowCode"":""X"",""cmdCode"":""090111"",""period"":""2020,2021,2022,2023,2024,2025"",""includeDesc"":true},{""endpoint"":""https://comtradeapi.un.org/public/v1/preview/C/A/HS"",""reporterCode"":76,""reporterISO"":""BRA"",""flowCode"":""X"",""cmdCode"":""090111"",""period"":""2020,2021,2022,2023,2024,2025"",""includeDesc"":true},{""endpoint"":""https://comtradeapi.un.org/public/v1/preview/C/A/HS"",""reporterCode"":360,""reporterISO"":""IDN"",""flowCode"":""X"",""cmdCode"":""090111"",""period"":""2020,2021,2022,2023,2024,2025"",""includeDesc"":true}]}",C,A,20220101,2022,360,IDN,Indonesia,642,ROU,Romania,0,W00,World,X,Export,H6,090111,Coffee; not roasted or decaffeinated,C00,TOTAL CPC,0,TOTAL MOT,8,kg,340000,340000,0,648680,true,false,true,"{""typeCode"":""C"",""freqCode"":""A"",""refPeriodId"":20220101,""refYear"":2022,""refMonth"":52,""period"":""2022"",""reporterCode"":360,""reporterISO"":""IDN"",""reporterDesc"":""Indonesia"",""flowCode"":""X"",""flowDesc"":""Export"",""partnerCode"":642,""partnerISO"":""ROU"",""partnerDesc"":""Romania"",""partner2Code"":0,""partner2ISO"":""W00"",""partner2Desc"":""World"",""classificationCode"":""H6"",""classificationSearchCode"":""HS"",""isOriginalClassification"":true,""cmdCode"":""090111"",""cmdDesc"":""Coffee; not roasted or decaffeinated"",""aggrLevel"":6,""isLeaf"":true,""customsCode"":""C00"",""customsDesc"":""TOTAL CPC"",""mosCode"":""0"",""motCode"":0,""motDesc"":""TOTAL MOT"",""qtyUnitCode"":8,""qtyUnitAbbr"":""kg"",""qty"":340000,""isQtyEstimated"":false,""altQtyUnitCode"":8,""altQtyUnitAbbr"":""kg"",""altQty"":340000,""isAltQtyEstimated"":false,""netWgt"":340000,""isNetWgtEstimated"":false,""grossWgt"":0,""isGrossWgtEstimated"":false,""cifvalue"":null,""fobvalue"":648680,""primaryValue"":648680,""legacyEstimationFlag"":0,""isReported"":false,""isAggregate"":true}"
,UN Comtrade,https://comtradeapi.un.org/public/v1/preview/C/A/HS?reporterCode=360&flowCode=X&cmdCode=090111&period=2022&includeDesc=true,2026-05-30T18:34:22.015Z,"{""reporters"":[{""endpoint"":""https://comtradeapi.un.org/public/v1/preview/C/A/HS"",""reporterCode"":704,""reporterISO"":""VNM"",""flowCode"":""X"",""cmdCode"":""090111"",""period"":""2020,2021,2022,2023,2024,2025"",""includeDesc"":true},{""endpoint"":""https://comtradeapi.un.org/public/v1/preview/C/A/HS"",""reporterCode"":76,""reporterISO"":""BRA"",""flowCode"":""X"",""cmdCode"":""090111"",""period"":""2020,2021,2022,2023,2024,2025"",""includeDesc"":true},{""endpoint"":""https://comtradeapi.un.org/public/v1/preview/C/A/HS"",""reporterCode"":360,""reporterISO"":""IDN"",""flowCode"":""X"",""cmdCode"":""090111"",""period"":""2020,2021,2022,2023,2024,2025"",""includeDesc"":true}]}",C,A,20220101,2022,360,IDN,Indonesia,643,RUS,Russian Federation,0,W00,World,X,Export,H6,090111,Coffee; not roasted or decaffeinated,C00,TOTAL CPC,0,TOTAL MOT,8,kg,22694200,22694200,0,44167429.44,true,false,true,"{""typeCode"":""C"",""freqCode"":""A"",""refPeriodId"":20220101,""refYear"":2022,""refMonth"":52,""period"":""2022"",""reporterCode"":360,""reporterISO"":""IDN"",""reporterDesc"":""Indonesia"",""flowCode"":""X"",""flowDesc"":""Export"",""partnerCode"":643,""partnerISO"":""RUS"",""partnerDesc"":""Russian Federation"",""partner2Code"":0,""partner2ISO"":""W00"",""partner2Desc"":""World"",""classificationCode"":""H6"",""classificationSearchCode"":""HS"",""isOriginalClassification"":true,""cmdCode"":""090111"",""cmdDesc"":""Coffee; not roasted or decaffeinated"",""aggrLevel"":6,""isLeaf"":true,""customsCode"":""C00"",""customsDesc"":""TOTAL CPC"",""mosCode"":""0"",""motCode"":0,""motDesc"":""TOTAL MOT"",""qtyUnitCode"":8,""qtyUnitAbbr"":""kg"",""qty"":22694200,""isQtyEstimated"":false,""altQtyUnitCode"":8,""altQtyUnitAbbr"":""kg"",""altQty"":22694200,""isAltQtyEstimated"":false,""netWgt"":22694200,""isNetWgtEstimated"":false,""grossWgt"":0,""isGrossWgtEstimated"":false,""cifvalue"":null,""fobvalue"":44167429.44,""primaryValue"":44167429.44,""legacyEstimationFlag"":0,""isReported"":false,""isAggregate"":true}"
,UN Comtrade,https://comtradeapi.un.org/public/v1/preview/C/A/HS?reporterCode=360&flowCode=X&cmdCode=090111&period=2022&includeDesc=true,2026-05-30T18:34:22.015Z,"{""reporters"":[{""endpoint"":""https://comtradeapi.un.org/public/v1/preview/C/A/HS"",""reporterCode"":704,""reporterISO"":""VNM"",""flowCode"":""X"",""cmdCode"":""090111"",""period"":""2020,2021,2022,2023,2024,2025"",""includeDesc"":true},{""endpoint"":""https://comtradeapi.un.org/public/v1/preview/C/A/HS"",""reporterCode"":76,""reporterISO"":""BRA"",""flowCode"":""X"",""cmdCode"":""090111"",""period"":""2020,2021,2022,2023,2024,2025"",""includeDesc"":true},{""endpoint"":""https://comtradeapi.un.org/public/v1/preview/C/A/HS"",""reporterCode"":360,""reporterISO"":""IDN"",""flowCode"":""X"",""cmdCode"":""090111"",""period"":""2020,2021,2022,2023,2024,2025"",""includeDesc"":true}]}",C,A,20220101,2022,360,IDN,Indonesia,682,SAU,Saudi Arabia,0,W00,World,X,Export,H6,090111,Coffee; not roasted or decaffeinated,C00,TOTAL CPC,0,TOTAL MOT,8,kg,788050.07,788050.07,0,3816036.96,true,false,true,"{""typeCode"":""C"",""freqCode"":""A"",""refPeriodId"":20220101,""refYear"":2022,""refMonth"":52,""period"":""2022"",""reporterCode"":360,""reporterISO"":""IDN"",""reporterDesc"":""Indonesia"",""flowCode"":""X"",""flowDesc"":""Export"",""partnerCode"":682,""partnerISO"":""SAU"",""partnerDesc"":""Saudi Arabia"",""partner2Code"":0,""partner2ISO"":""W00"",""partner2Desc"":""World"",""classificationCode"":""H6"",""classificationSearchCode"":""HS"",""isOriginalClassification"":true,""cmdCode"":""090111"",""cmdDesc"":""Coffee; not roasted or decaffeinated"",""aggrLevel"":6,""isLeaf"":true,""customsCode"":""C00"",""customsDesc"":""TOTAL CPC"",""mosCode"":""0"",""motCode"":0,""motDesc"":""TOTAL MOT"",""qtyUnitCode"":8,""qtyUnitAbbr"":""kg"",""qty"":788050.07,""isQtyEstimated"":false,""altQtyUnitCode"":8,""altQtyUnitAbbr"":""kg"",""altQty"":788050.07,""isAltQtyEstimated"":false,""netWgt"":788050.07,""isNetWgtEstimated"":false,""grossWgt"":0,""isGrossWgtEstimated"":false,""cifvalue"":null,""fobvalue"":3816036.96,""primaryValue"":3816036.96,""legacyEstimationFlag"":0,""isReported"":false,""isAggregate"":true}"
,UN Comtrade,https://comtradeapi.un.org/public/v1/preview/C/A/HS?reporterCode=360&flowCode=X&cmdCode=090111&period=2022&includeDesc=true,2026-05-30T18:34:22.015Z,"{""reporters"":[{""endpoint"":""https://comtradeapi.un.org/public/v1/preview/C/A/HS"",""reporterCode"":704,""reporterISO"":""VNM"",""flowCode"":""X"",""cmdCode"":""090111"",""period"":""2020,2021,2022,2023,2024,2025"",""includeDesc"":true},{""endpoint"":""https://comtradeapi.un.org/public/v1/preview/C/A/HS"",""reporterCode"":76,""reporterISO"":""BRA"",""flowCode"":""X"",""cmdCode"":""090111"",""period"":""2020,2021,2022,2023,2024,2025"",""includeDesc"":true},{""endpoint"":""https://comtradeapi.un.org/public/v1/preview/C/A/HS"",""reporterCode"":360,""reporterISO"":""IDN"",""flowCode"":""X"",""cmdCode"":""090111"",""period"":""2020,2021,2022,2023,2024,2025"",""includeDesc"":true}]}",C,A,20220101,2022,360,IDN,Indonesia,688,SRB,Serbia,0,W00,World,X,Export,H6,090111,Coffee; not roasted or decaffeinated,C00,TOTAL CPC,0,TOTAL MOT,8,kg,39000,39000,0,91488.17,true,false,true,"{""typeCode"":""C"",""freqCode"":""A"",""refPeriodId"":20220101,""refYear"":2022,""refMonth"":52,""period"":""2022"",""reporterCode"":360,""reporterISO"":""IDN"",""reporterDesc"":""Indonesia"",""flowCode"":""X"",""flowDesc"":""Export"",""partnerCode"":688,""partnerISO"":""SRB"",""partnerDesc"":""Serbia"",""partner2Code"":0,""partner2ISO"":""W00"",""partner2Desc"":""World"",""classificationCode"":""H6"",""classificationSearchCode"":""HS"",""isOriginalClassification"":true,""cmdCode"":""090111"",""cmdDesc"":""Coffee; not roasted or decaffeinated"",""aggrLevel"":6,""isLeaf"":true,""customsCode"":""C00"",""customsDesc"":""TOTAL CPC"",""mosCode"":""0"",""motCode"":0,""motDesc"":""TOTAL MOT"",""qtyUnitCode"":8,""qtyUnitAbbr"":""kg"",""qty"":39000,""isQtyEstimated"":false,""altQtyUnitCode"":8,""altQtyUnitAbbr"":""kg"",""altQty"":39000,""isAltQtyEstimated"":false,""netWgt"":39000,""isNetWgtEstimated"":false,""grossWgt"":0,""isGrossWgtEstimated"":false,""cifvalue"":null,""fobvalue"":91488.17,""primaryValue"":91488.17,""legacyEstimationFlag"":0,""isReported"":false,""isAggregate"":true}"
,UN Comtrade,https://comtradeapi.un.org/public/v1/preview/C/A/HS?reporterCode=360&flowCode=X&cmdCode=090111&period=2022&includeDesc=true,2026-05-30T18:34:22.015Z,"{""reporters"":[{""endpoint"":""https://comtradeapi.un.org/public/v1/preview/C/A/HS"",""reporterCode"":704,""reporterISO"":""VNM"",""flowCode"":""X"",""cmdCode"":""090111"",""period"":""2020,2021,2022,2023,2024,2025"",""includeDesc"":true},{""endpoint"":""https://comtradeapi.un.org/public/v1/preview/C/A/HS"",""reporterCode"":76,""reporterISO"":""BRA"",""flowCode"":""X"",""cmdCode"":""090111"",""period"":""2020,2021,2022,2023,2024,2025"",""includeDesc"":true},{""endpoint"":""https://comtradeapi.un.org/public/v1/preview/C/A/HS"",""reporterCode"":360,""reporterISO"":""IDN"",""flowCode"":""X"",""cmdCode"":""090111"",""period"":""2020,2021,2022,2023,2024,2025"",""includeDesc"":true}]}",C,A,20220101,2022,360,IDN,Indonesia,699,IND,India,0,W00,World,X,Export,H6,090111,Coffee; not roasted or decaffeinated,C00,TOTAL CPC,0,TOTAL MOT,8,kg,43596900,43596900,0,71653363.584,true,false,true,"{""typeCode"":""C"",""freqCode"":""A"",""refPeriodId"":20220101,""refYear"":2022,""refMonth"":52,""period"":""2022"",""reporterCode"":360,""reporterISO"":""IDN"",""reporterDesc"":""Indonesia"",""flowCode"":""X"",""flowDesc"":""Export"",""partnerCode"":699,""partnerISO"":""IND"",""partnerDesc"":""India"",""partner2Code"":0,""partner2ISO"":""W00"",""partner2Desc"":""World"",""classificationCode"":""H6"",""classificationSearchCode"":""HS"",""isOriginalClassification"":true,""cmdCode"":""090111"",""cmdDesc"":""Coffee; not roasted or decaffeinated"",""aggrLevel"":6,""isLeaf"":true,""customsCode"":""C00"",""customsDesc"":""TOTAL CPC"",""mosCode"":""0"",""motCode"":0,""motDesc"":""TOTAL MOT"",""qtyUnitCode"":8,""qtyUnitAbbr"":""kg"",""qty"":43596900,""isQtyEstimated"":false,""altQtyUnitCode"":8,""altQtyUnitAbbr"":""kg"",""altQty"":43596900,""isAltQtyEstimated"":false,""netWgt"":43596900,""isNetWgtEstimated"":false,""grossWgt"":0,""isGrossWgtEstimated"":false,""cifvalue"":null,""fobvalue"":71653363.584,""primaryValue"":71653363.584,""legacyEstimationFlag"":0,""isReported"":false,""isAggregate"":true}"
,UN Comtrade,https://comtradeapi.un.org/public/v1/preview/C/A/HS?reporterCode=360&flowCode=X&cmdCode=090111&period=2022&includeDesc=true,2026-05-30T18:34:22.015Z,"{""reporters"":[{""endpoint"":""https://comtradeapi.un.org/public/v1/preview/C/A/HS"",""reporterCode"":704,""reporterISO"":""VNM"",""flowCode"":""X"",""cmdCode"":""090111"",""period"":""2020,2021,2022,2023,2024,2025"",""includeDesc"":true},{""endpoint"":""https://comtradeapi.un.org/public/v1/preview/C/A/HS"",""reporterCode"":76,""reporterISO"":""BRA"",""flowCode"":""X"",""cmdCode"":""090111"",""period"":""2020,2021,2022,2023,2024,2025"",""includeDesc"":true},{""endpoint"":""https://comtradeapi.un.org/public/v1/preview/C/A/HS"",""reporterCode"":360,""reporterISO"":""IDN"",""flowCode"":""X"",""cmdCode"":""090111"",""period"":""2020,2021,2022,2023,2024,2025"",""includeDesc"":true}]}",C,A,20220101,2022,360,IDN,Indonesia,702,SGP,Singapore,0,W00,World,X,Export,H6,090111,Coffee; not roasted or decaffeinated,C00,TOTAL CPC,0,TOTAL MOT,8,kg,6571638.05,6571638.05,0,20744948.169,true,false,true,"{""typeCode"":""C"",""freqCode"":""A"",""refPeriodId"":20220101,""refYear"":2022,""refMonth"":52,""period"":""2022"",""reporterCode"":360,""reporterISO"":""IDN"",""reporterDesc"":""Indonesia"",""flowCode"":""X"",""flowDesc"":""Export"",""partnerCode"":702,""partnerISO"":""SGP"",""partnerDesc"":""Singapore"",""partner2Code"":0,""partner2ISO"":""W00"",""partner2Desc"":""World"",""classificationCode"":""H6"",""classificationSearchCode"":""HS"",""isOriginalClassification"":true,""cmdCode"":""090111"",""cmdDesc"":""Coffee; not roasted or decaffeinated"",""aggrLevel"":6,""isLeaf"":true,""customsCode"":""C00"",""customsDesc"":""TOTAL CPC"",""mosCode"":""0"",""motCode"":0,""motDesc"":""TOTAL MOT"",""qtyUnitCode"":8,""qtyUnitAbbr"":""kg"",""qty"":6571638.05,""isQtyEstimated"":false,""altQtyUnitCode"":8,""altQtyUnitAbbr"":""kg"",""altQty"":6571638.05,""isAltQtyEstimated"":false,""netWgt"":6571638.05,""isNetWgtEstimated"":false,""grossWgt"":0,""isGrossWgtEstimated"":false,""cifvalue"":null,""fobvalue"":20744948.169,""primaryValue"":20744948.169,""legacyEstimationFlag"":0,""isReported"":false,""isAggregate"":true}"
,UN Comtrade,https://comtradeapi.un.org/public/v1/preview/C/A/HS?reporterCode=360&flowCode=X&cmdCode=090111&period=2022&includeDesc=true,2026-05-30T18:34:22.015Z,"{""reporters"":[{""endpoint"":""https://comtradeapi.un.org/public/v1/preview/C/A/HS"",""reporterCode"":704,""reporterISO"":""VNM"",""flowCode"":""X"",""cmdCode"":""090111"",""period"":""2020,2021,2022,2023,2024,2025"",""includeDesc"":true},{""endpoint"":""https://comtradeapi.un.org/public/v1/preview/C/A/HS"",""reporterCode"":76,""reporterISO"":""BRA"",""flowCode"":""X"",""cmdCode"":""090111"",""period"":""2020,2021,2022,2023,2024,2025"",""includeDesc"":true},{""endpoint"":""https://comtradeapi.un.org/public/v1/preview/C/A/HS"",""reporterCode"":360,""reporterISO"":""IDN"",""flowCode"":""X"",""cmdCode"":""090111"",""period"":""2020,2021,2022,2023,2024,2025"",""includeDesc"":true}]}",C,A,20220101,2022,360,IDN,Indonesia,703,SVK,Slovakia,0,W00,World,X,Export,H6,090111,Coffee; not roasted or decaffeinated,C00,TOTAL CPC,0,TOTAL MOT,8,kg,2000,2000,0,15600,true,false,true,"{""typeCode"":""C"",""freqCode"":""A"",""refPeriodId"":20220101,""refYear"":2022,""refMonth"":52,""period"":""2022"",""reporterCode"":360,""reporterISO"":""IDN"",""reporterDesc"":""Indonesia"",""flowCode"":""X"",""flowDesc"":""Export"",""partnerCode"":703,""partnerISO"":""SVK"",""partnerDesc"":""Slovakia"",""partner2Code"":0,""partner2ISO"":""W00"",""partner2Desc"":""World"",""classificationCode"":""H6"",""classificationSearchCode"":""HS"",""isOriginalClassification"":true,""cmdCode"":""090111"",""cmdDesc"":""Coffee; not roasted or decaffeinated"",""aggrLevel"":6,""isLeaf"":true,""customsCode"":""C00"",""customsDesc"":""TOTAL CPC"",""mosCode"":""0"",""motCode"":0,""motDesc"":""TOTAL MOT"",""qtyUnitCode"":8,""qtyUnitAbbr"":""kg"",""qty"":2000,""isQtyEstimated"":false,""altQtyUnitCode"":8,""altQtyUnitAbbr"":""kg"",""altQty"":2000,""isAltQtyEstimated"":false,""netWgt"":2000,""isNetWgtEstimated"":false,""grossWgt"":0,""isGrossWgtEstimated"":false,""cifvalue"":null,""fobvalue"":15600,""primaryValue"":15600,""legacyEstimationFlag"":0,""isReported"":false,""isAggregate"":true}"
,UN Comtrade,https://comtradeapi.un.org/public/v1/preview/C/A/HS?reporterCode=360&flowCode=X&cmdCode=090111&period=2022&includeDesc=true,2026-05-30T18:34:22.015Z,"{""reporters"":[{""endpoint"":""https://comtradeapi.un.org/public/v1/preview/C/A/HS"",""reporterCode"":704,""reporterISO"":""VNM"",""flowCode"":""X"",""cmdCode"":""090111"",""period"":""2020,2021,2022,2023,2024,2025"",""includeDesc"":true},{""endpoint"":""https://comtradeapi.un.org/public/v1/preview/C/A/HS"",""reporterCode"":76,""reporterISO"":""BRA"",""flowCode"":""X"",""cmdCode"":""090111"",""period"":""2020,2021,2022,2023,2024,2025"",""includeDesc"":true},{""endpoint"":""https://comtradeapi.un.org/public/v1/preview/C/A/HS"",""reporterCode"":360,""reporterISO"":""IDN"",""flowCode"":""X"",""cmdCode"":""090111"",""period"":""2020,2021,2022,2023,2024,2025"",""includeDesc"":true}]}",C,A,20220101,2022,360,IDN,Indonesia,704,VNM,Viet Nam,0,W00,World,X,Export,H6,090111,Coffee; not roasted or decaffeinated,C00,TOTAL CPC,0,TOTAL MOT,8,kg,9674270,9674270,0,17096094.64,true,false,true,"{""typeCode"":""C"",""freqCode"":""A"",""refPeriodId"":20220101,""refYear"":2022,""refMonth"":52,""period"":""2022"",""reporterCode"":360,""reporterISO"":""IDN"",""reporterDesc"":""Indonesia"",""flowCode"":""X"",""flowDesc"":""Export"",""partnerCode"":704,""partnerISO"":""VNM"",""partnerDesc"":""Viet Nam"",""partner2Code"":0,""partner2ISO"":""W00"",""partner2Desc"":""World"",""classificationCode"":""H6"",""classificationSearchCode"":""HS"",""isOriginalClassification"":true,""cmdCode"":""090111"",""cmdDesc"":""Coffee; not roasted or decaffeinated"",""aggrLevel"":6,""isLeaf"":true,""customsCode"":""C00"",""customsDesc"":""TOTAL CPC"",""mosCode"":""0"",""motCode"":0,""motDesc"":""TOTAL MOT"",""qtyUnitCode"":8,""qtyUnitAbbr"":""kg"",""qty"":9674270,""isQtyEstimated"":false,""altQtyUnitCode"":8,""altQtyUnitAbbr"":""kg"",""altQty"":9674270,""isAltQtyEstimated"":false,""netWgt"":9674270,""isNetWgtEstimated"":false,""grossWgt"":0,""isGrossWgtEstimated"":false,""cifvalue"":null,""fobvalue"":17096094.64,""primaryValue"":17096094.64,""legacyEstimationFlag"":0,""isReported"":false,""isAggregate"":true}"
,UN Comtrade,https://comtradeapi.un.org/public/v1/preview/C/A/HS?reporterCode=360&flowCode=X&cmdCode=090111&period=2022&includeDesc=true,2026-05-30T18:34:22.015Z,"{""reporters"":[{""endpoint"":""https://comtradeapi.un.org/public/v1/preview/C/A/HS"",""reporterCode"":704,""reporterISO"":""VNM"",""flowCode"":""X"",""cmdCode"":""090111"",""period"":""2020,2021,2022,2023,2024,2025"",""includeDesc"":true},{""endpoint"":""https://comtradeapi.un.org/public/v1/preview/C/A/HS"",""reporterCode"":76,""reporterISO"":""BRA"",""flowCode"":""X"",""cmdCode"":""090111"",""period"":""2020,2021,2022,2023,2024,2025"",""includeDesc"":true},{""endpoint"":""https://comtradeapi.un.org/public/v1/preview/C/A/HS"",""reporterCode"":360,""reporterISO"":""IDN"",""flowCode"":""X"",""cmdCode"":""090111"",""period"":""2020,2021,2022,2023,2024,2025"",""includeDesc"":true}]}",C,A,20220101,2022,360,IDN,Indonesia,705,SVN,Slovenia,0,W00,World,X,Export,H6,090111,Coffee; not roasted or decaffeinated,C00,TOTAL CPC,0,TOTAL MOT,8,kg,19200,19200,0,39150.53,true,false,true,"{""typeCode"":""C"",""freqCode"":""A"",""refPeriodId"":20220101,""refYear"":2022,""refMonth"":52,""period"":""2022"",""reporterCode"":360,""reporterISO"":""IDN"",""reporterDesc"":""Indonesia"",""flowCode"":""X"",""flowDesc"":""Export"",""partnerCode"":705,""partnerISO"":""SVN"",""partnerDesc"":""Slovenia"",""partner2Code"":0,""partner2ISO"":""W00"",""partner2Desc"":""World"",""classificationCode"":""H6"",""classificationSearchCode"":""HS"",""isOriginalClassification"":true,""cmdCode"":""090111"",""cmdDesc"":""Coffee; not roasted or decaffeinated"",""aggrLevel"":6,""isLeaf"":true,""customsCode"":""C00"",""customsDesc"":""TOTAL CPC"",""mosCode"":""0"",""motCode"":0,""motDesc"":""TOTAL MOT"",""qtyUnitCode"":8,""qtyUnitAbbr"":""kg"",""qty"":19200,""isQtyEstimated"":false,""altQtyUnitCode"":8,""altQtyUnitAbbr"":""kg"",""altQty"":19200,""isAltQtyEstimated"":false,""netWgt"":19200,""isNetWgtEstimated"":false,""grossWgt"":0,""isGrossWgtEstimated"":false,""cifvalue"":null,""fobvalue"":39150.53,""primaryValue"":39150.53,""legacyEstimationFlag"":0,""isReported"":false,""isAggregate"":true}"
,UN Comtrade,https://comtradeapi.un.org/public/v1/preview/C/A/HS?reporterCode=360&flowCode=X&cmdCode=090111&period=2022&includeDesc=true,2026-05-30T18:34:22.015Z,"{""reporters"":[{""endpoint"":""https://comtradeapi.un.org/public/v1/preview/C/A/HS"",""reporterCode"":704,""reporterISO"":""VNM"",""flowCode"":""X"",""cmdCode"":""090111"",""period"":""2020,2021,2022,2023,2024,2025"",""includeDesc"":true},{""endpoint"":""https://comtradeapi.un.org/public/v1/preview/C/A/HS"",""reporterCode"":76,""reporterISO"":""BRA"",""flowCode"":""X"",""cmdCode"":""090111"",""period"":""2020,2021,2022,2023,2024,2025"",""includeDesc"":true},{""endpoint"":""https://comtradeapi.un.org/public/v1/preview/C/A/HS"",""reporterCode"":360,""reporterISO"":""IDN"",""flowCode"":""X"",""cmdCode"":""090111"",""period"":""2020,2021,2022,2023,2024,2025"",""includeDesc"":true}]}",C,A,20220101,2022,360,IDN,Indonesia,706,SOM,Somalia,0,W00,World,X,Export,H6,090111,Coffee; not roasted or decaffeinated,C00,TOTAL CPC,0,TOTAL MOT,8,kg,19200,19200,0,33516,true,false,true,"{""typeCode"":""C"",""freqCode"":""A"",""refPeriodId"":20220101,""refYear"":2022,""refMonth"":52,""period"":""2022"",""reporterCode"":360,""reporterISO"":""IDN"",""reporterDesc"":""Indonesia"",""flowCode"":""X"",""flowDesc"":""Export"",""partnerCode"":706,""partnerISO"":""SOM"",""partnerDesc"":""Somalia"",""partner2Code"":0,""partner2ISO"":""W00"",""partner2Desc"":""World"",""classificationCode"":""H6"",""classificationSearchCode"":""HS"",""isOriginalClassification"":true,""cmdCode"":""090111"",""cmdDesc"":""Coffee; not roasted or decaffeinated"",""aggrLevel"":6,""isLeaf"":true,""customsCode"":""C00"",""customsDesc"":""TOTAL CPC"",""mosCode"":""0"",""motCode"":0,""motDesc"":""TOTAL MOT"",""qtyUnitCode"":8,""qtyUnitAbbr"":""kg"",""qty"":19200,""isQtyEstimated"":false,""altQtyUnitCode"":8,""altQtyUnitAbbr"":""kg"",""altQty"":19200,""isAltQtyEstimated"":false,""netWgt"":19200,""isNetWgtEstimated"":false,""grossWgt"":0,""isGrossWgtEstimated"":false,""cifvalue"":null,""fobvalue"":33516,""primaryValue"":33516,""legacyEstimationFlag"":0,""isReported"":false,""isAggregate"":true}"
,UN Comtrade,https://comtradeapi.un.org/public/v1/preview/C/A/HS?reporterCode=360&flowCode=X&cmdCode=090111&period=2022&includeDesc=true,2026-05-30T18:34:22.015Z,"{""reporters"":[{""endpoint"":""https://comtradeapi.un.org/public/v1/preview/C/A/HS"",""reporterCode"":704,""reporterISO"":""VNM"",""flowCode"":""X"",""cmdCode"":""090111"",""period"":""2020,2021,2022,2023,2024,2025"",""includeDesc"":true},{""endpoint"":""https://comtradeapi.un.org/public/v1/preview/C/A/HS"",""reporterCode"":76,""reporterISO"":""BRA"",""flowCode"":""X"",""cmdCode"":""090111"",""period"":""2020,2021,2022,2023,2024,2025"",""includeDesc"":true},{""endpoint"":""https://comtradeapi.un.org/public/v1/preview/C/A/HS"",""reporterCode"":360,""reporterISO"":""IDN"",""flowCode"":""X"",""cmdCode"":""090111"",""period"":""2020,2021,2022,2023,2024,2025"",""includeDesc"":true}]}",C,A,20220101,2022,360,IDN,Indonesia,710,ZAF,South Africa,0,W00,World,X,Export,H6,090111,Coffee; not roasted or decaffeinated,C00,TOTAL CPC,0,TOTAL MOT,8,kg,211201,211201,0,1240334.4,true,false,true,"{""typeCode"":""C"",""freqCode"":""A"",""refPeriodId"":20220101,""refYear"":2022,""refMonth"":52,""period"":""2022"",""reporterCode"":360,""reporterISO"":""IDN"",""reporterDesc"":""Indonesia"",""flowCode"":""X"",""flowDesc"":""Export"",""partnerCode"":710,""partnerISO"":""ZAF"",""partnerDesc"":""South Africa"",""partner2Code"":0,""partner2ISO"":""W00"",""partner2Desc"":""World"",""classificationCode"":""H6"",""classificationSearchCode"":""HS"",""isOriginalClassification"":true,""cmdCode"":""090111"",""cmdDesc"":""Coffee; not roasted or decaffeinated"",""aggrLevel"":6,""isLeaf"":true,""customsCode"":""C00"",""customsDesc"":""TOTAL CPC"",""mosCode"":""0"",""motCode"":0,""motDesc"":""TOTAL MOT"",""qtyUnitCode"":8,""qtyUnitAbbr"":""kg"",""qty"":211201,""isQtyEstimated"":false,""altQtyUnitCode"":8,""altQtyUnitAbbr"":""kg"",""altQty"":211201,""isAltQtyEstimated"":false,""netWgt"":211201,""isNetWgtEstimated"":false,""grossWgt"":0,""isGrossWgtEstimated"":false,""cifvalue"":null,""fobvalue"":1240334.4,""primaryValue"":1240334.4,""legacyEstimationFlag"":0,""isReported"":false,""isAggregate"":true}"
,UN Comtrade,https://comtradeapi.un.org/public/v1/preview/C/A/HS?reporterCode=360&flowCode=X&cmdCode=090111&period=2022&includeDesc=true,2026-05-30T18:34:22.015Z,"{""reporters"":[{""endpoint"":""https://comtradeapi.un.org/public/v1/preview/C/A/HS"",""reporterCode"":704,""reporterISO"":""VNM"",""flowCode"":""X"",""cmdCode"":""090111"",""period"":""2020,2021,2022,2023,2024,2025"",""includeDesc"":true},{""endpoint"":""https://comtradeapi.un.org/public/v1/preview/C/A/HS"",""reporterCode"":76,""reporterISO"":""BRA"",""flowCode"":""X"",""cmdCode"":""090111"",""period"":""2020,2021,2022,2023,2024,2025"",""includeDesc"":true},{""endpoint"":""https://comtradeapi.un.org/public/v1/preview/C/A/HS"",""reporterCode"":360,""reporterISO"":""IDN"",""flowCode"":""X"",""cmdCode"":""090111"",""period"":""2020,2021,2022,2023,2024,2025"",""includeDesc"":true}]}",C,A,20220101,2022,360,IDN,Indonesia,724,ESP,Spain,0,W00,World,X,Export,H6,090111,Coffee; not roasted or decaffeinated,C00,TOTAL CPC,0,TOTAL MOT,8,kg,17366000,17366000,0,34911156.966,true,false,true,"{""typeCode"":""C"",""freqCode"":""A"",""refPeriodId"":20220101,""refYear"":2022,""refMonth"":52,""period"":""2022"",""reporterCode"":360,""reporterISO"":""IDN"",""reporterDesc"":""Indonesia"",""flowCode"":""X"",""flowDesc"":""Export"",""partnerCode"":724,""partnerISO"":""ESP"",""partnerDesc"":""Spain"",""partner2Code"":0,""partner2ISO"":""W00"",""partner2Desc"":""World"",""classificationCode"":""H6"",""classificationSearchCode"":""HS"",""isOriginalClassification"":true,""cmdCode"":""090111"",""cmdDesc"":""Coffee; not roasted or decaffeinated"",""aggrLevel"":6,""isLeaf"":true,""customsCode"":""C00"",""customsDesc"":""TOTAL CPC"",""mosCode"":""0"",""motCode"":0,""motDesc"":""TOTAL MOT"",""qtyUnitCode"":8,""qtyUnitAbbr"":""kg"",""qty"":17366000,""isQtyEstimated"":false,""altQtyUnitCode"":8,""altQtyUnitAbbr"":""kg"",""altQty"":17366000,""isAltQtyEstimated"":false,""netWgt"":17366000,""isNetWgtEstimated"":false,""grossWgt"":0,""isGrossWgtEstimated"":false,""cifvalue"":null,""fobvalue"":34911156.966,""primaryValue"":34911156.966,""legacyEstimationFlag"":0,""isReported"":false,""isAggregate"":true}"
,UN Comtrade,https://comtradeapi.un.org/public/v1/preview/C/A/HS?reporterCode=360&flowCode=X&cmdCode=090111&period=2022&includeDesc=true,2026-05-30T18:34:22.015Z,"{""reporters"":[{""endpoint"":""https://comtradeapi.un.org/public/v1/preview/C/A/HS"",""reporterCode"":704,""reporterISO"":""VNM"",""flowCode"":""X"",""cmdCode"":""090111"",""period"":""2020,2021,2022,2023,2024,2025"",""includeDesc"":true},{""endpoint"":""https://comtradeapi.un.org/public/v1/preview/C/A/HS"",""reporterCode"":76,""reporterISO"":""BRA"",""flowCode"":""X"",""cmdCode"":""090111"",""period"":""2020,2021,2022,2023,2024,2025"",""includeDesc"":true},{""endpoint"":""https://comtradeapi.un.org/public/v1/preview/C/A/HS"",""reporterCode"":360,""reporterISO"":""IDN"",""flowCode"":""X"",""cmdCode"":""090111"",""period"":""2020,2021,2022,2023,2024,2025"",""includeDesc"":true}]}",C,A,20220101,2022,360,IDN,Indonesia,752,SWE,Sweden,0,W00,World,X,Export,H6,090111,Coffee; not roasted or decaffeinated,C00,TOTAL CPC,0,TOTAL MOT,8,kg,400800,400800,0,1175466.4,true,false,true,"{""typeCode"":""C"",""freqCode"":""A"",""refPeriodId"":20220101,""refYear"":2022,""refMonth"":52,""period"":""2022"",""reporterCode"":360,""reporterISO"":""IDN"",""reporterDesc"":""Indonesia"",""flowCode"":""X"",""flowDesc"":""Export"",""partnerCode"":752,""partnerISO"":""SWE"",""partnerDesc"":""Sweden"",""partner2Code"":0,""partner2ISO"":""W00"",""partner2Desc"":""World"",""classificationCode"":""H6"",""classificationSearchCode"":""HS"",""isOriginalClassification"":true,""cmdCode"":""090111"",""cmdDesc"":""Coffee; not roasted or decaffeinated"",""aggrLevel"":6,""isLeaf"":true,""customsCode"":""C00"",""customsDesc"":""TOTAL CPC"",""mosCode"":""0"",""motCode"":0,""motDesc"":""TOTAL MOT"",""qtyUnitCode"":8,""qtyUnitAbbr"":""kg"",""qty"":400800,""isQtyEstimated"":false,""altQtyUnitCode"":8,""altQtyUnitAbbr"":""kg"",""altQty"":400800,""isAltQtyEstimated"":false,""netWgt"":400800,""isNetWgtEstimated"":false,""grossWgt"":0,""isGrossWgtEstimated"":false,""cifvalue"":null,""fobvalue"":1175466.4,""primaryValue"":1175466.4,""legacyEstimationFlag"":0,""isReported"":false,""isAggregate"":true}"
,UN Comtrade,https://comtradeapi.un.org/public/v1/preview/C/A/HS?reporterCode=360&flowCode=X&cmdCode=090111&period=2022&includeDesc=true,2026-05-30T18:34:22.015Z,"{""reporters"":[{""endpoint"":""https://comtradeapi.un.org/public/v1/preview/C/A/HS"",""reporterCode"":704,""reporterISO"":""VNM"",""flowCode"":""X"",""cmdCode"":""090111"",""period"":""2020,2021,2022,2023,2024,2025"",""includeDesc"":true},{""endpoint"":""https://comtradeapi.un.org/public/v1/preview/C/A/HS"",""reporterCode"":76,""reporterISO"":""BRA"",""flowCode"":""X"",""cmdCode"":""090111"",""period"":""2020,2021,2022,2023,2024,2025"",""includeDesc"":true},{""endpoint"":""https://comtradeapi.un.org/public/v1/preview/C/A/HS"",""reporterCode"":360,""reporterISO"":""IDN"",""flowCode"":""X"",""cmdCode"":""090111"",""period"":""2020,2021,2022,2023,2024,2025"",""includeDesc"":true}]}",C,A,20220101,2022,360,IDN,Indonesia,757,CHE,Switzerland,0,W00,World,X,Export,H6,090111,Coffee; not roasted or decaffeinated,C00,TOTAL CPC,0,TOTAL MOT,8,kg,351.55,351.55,0,7971.05,true,false,true,"{""typeCode"":""C"",""freqCode"":""A"",""refPeriodId"":20220101,""refYear"":2022,""refMonth"":52,""period"":""2022"",""reporterCode"":360,""reporterISO"":""IDN"",""reporterDesc"":""Indonesia"",""flowCode"":""X"",""flowDesc"":""Export"",""partnerCode"":757,""partnerISO"":""CHE"",""partnerDesc"":""Switzerland"",""partner2Code"":0,""partner2ISO"":""W00"",""partner2Desc"":""World"",""classificationCode"":""H6"",""classificationSearchCode"":""HS"",""isOriginalClassification"":true,""cmdCode"":""090111"",""cmdDesc"":""Coffee; not roasted or decaffeinated"",""aggrLevel"":6,""isLeaf"":true,""customsCode"":""C00"",""customsDesc"":""TOTAL CPC"",""mosCode"":""0"",""motCode"":0,""motDesc"":""TOTAL MOT"",""qtyUnitCode"":8,""qtyUnitAbbr"":""kg"",""qty"":351.55,""isQtyEstimated"":false,""altQtyUnitCode"":8,""altQtyUnitAbbr"":""kg"",""altQty"":351.55,""isAltQtyEstimated"":false,""netWgt"":351.55,""isNetWgtEstimated"":false,""grossWgt"":0,""isGrossWgtEstimated"":false,""cifvalue"":null,""fobvalue"":7971.05,""primaryValue"":7971.05,""legacyEstimationFlag"":0,""isReported"":false,""isAggregate"":true}"
,UN Comtrade,https://comtradeapi.un.org/public/v1/preview/C/A/HS?reporterCode=360&flowCode=X&cmdCode=090111&period=2022&includeDesc=true,2026-05-30T18:34:22.015Z,"{""reporters"":[{""endpoint"":""https://comtradeapi.un.org/public/v1/preview/C/A/HS"",""reporterCode"":704,""reporterISO"":""VNM"",""flowCode"":""X"",""cmdCode"":""090111"",""period"":""2020,2021,2022,2023,2024,2025"",""includeDesc"":true},{""endpoint"":""https://comtradeapi.un.org/public/v1/preview/C/A/HS"",""reporterCode"":76,""reporterISO"":""BRA"",""flowCode"":""X"",""cmdCode"":""090111"",""period"":""2020,2021,2022,2023,2024,2025"",""includeDesc"":true},{""endpoint"":""https://comtradeapi.un.org/public/v1/preview/C/A/HS"",""reporterCode"":360,""reporterISO"":""IDN"",""flowCode"":""X"",""cmdCode"":""090111"",""period"":""2020,2021,2022,2023,2024,2025"",""includeDesc"":true}]}",C,A,20220101,2022,360,IDN,Indonesia,764,THA,Thailand,0,W00,World,X,Export,H6,090111,Coffee; not roasted or decaffeinated,C00,TOTAL CPC,0,TOTAL MOT,8,kg,259346.2,259346.2,0,748272.467,true,false,true,"{""typeCode"":""C"",""freqCode"":""A"",""refPeriodId"":20220101,""refYear"":2022,""refMonth"":52,""period"":""2022"",""reporterCode"":360,""reporterISO"":""IDN"",""reporterDesc"":""Indonesia"",""flowCode"":""X"",""flowDesc"":""Export"",""partnerCode"":764,""partnerISO"":""THA"",""partnerDesc"":""Thailand"",""partner2Code"":0,""partner2ISO"":""W00"",""partner2Desc"":""World"",""classificationCode"":""H6"",""classificationSearchCode"":""HS"",""isOriginalClassification"":true,""cmdCode"":""090111"",""cmdDesc"":""Coffee; not roasted or decaffeinated"",""aggrLevel"":6,""isLeaf"":true,""customsCode"":""C00"",""customsDesc"":""TOTAL CPC"",""mosCode"":""0"",""motCode"":0,""motDesc"":""TOTAL MOT"",""qtyUnitCode"":8,""qtyUnitAbbr"":""kg"",""qty"":259346.2,""isQtyEstimated"":false,""altQtyUnitCode"":8,""altQtyUnitAbbr"":""kg"",""altQty"":259346.2,""isAltQtyEstimated"":false,""netWgt"":259346.2,""isNetWgtEstimated"":false,""grossWgt"":0,""isGrossWgtEstimated"":false,""cifvalue"":null,""fobvalue"":748272.467,""primaryValue"":748272.467,""legacyEstimationFlag"":0,""isReported"":false,""isAggregate"":true}"
,UN Comtrade,https://comtradeapi.un.org/public/v1/preview/C/A/HS?reporterCode=360&flowCode=X&cmdCode=090111&period=2022&includeDesc=true,2026-05-30T18:34:22.015Z,"{""reporters"":[{""endpoint"":""https://comtradeapi.un.org/public/v1/preview/C/A/HS"",""reporterCode"":704,""reporterISO"":""VNM"",""flowCode"":""X"",""cmdCode"":""090111"",""period"":""2020,2021,2022,2023,2024,2025"",""includeDesc"":true},{""endpoint"":""https://comtradeapi.un.org/public/v1/preview/C/A/HS"",""reporterCode"":76,""reporterISO"":""BRA"",""flowCode"":""X"",""cmdCode"":""090111"",""period"":""2020,2021,2022,2023,2024,2025"",""includeDesc"":true},{""endpoint"":""https://comtradeapi.un.org/public/v1/preview/C/A/HS"",""reporterCode"":360,""reporterISO"":""IDN"",""flowCode"":""X"",""cmdCode"":""090111"",""period"":""2020,2021,2022,2023,2024,2025"",""includeDesc"":true}]}",C,A,20220101,2022,360,IDN,Indonesia,784,ARE,United Arab Emirates,0,W00,World,X,Export,H6,090111,Coffee; not roasted or decaffeinated,C00,TOTAL CPC,0,TOTAL MOT,8,kg,3490604.35,3490604.35,0,9089868.71,true,false,true,"{""typeCode"":""C"",""freqCode"":""A"",""refPeriodId"":20220101,""refYear"":2022,""refMonth"":52,""period"":""2022"",""reporterCode"":360,""reporterISO"":""IDN"",""reporterDesc"":""Indonesia"",""flowCode"":""X"",""flowDesc"":""Export"",""partnerCode"":784,""partnerISO"":""ARE"",""partnerDesc"":""United Arab Emirates"",""partner2Code"":0,""partner2ISO"":""W00"",""partner2Desc"":""World"",""classificationCode"":""H6"",""classificationSearchCode"":""HS"",""isOriginalClassification"":true,""cmdCode"":""090111"",""cmdDesc"":""Coffee; not roasted or decaffeinated"",""aggrLevel"":6,""isLeaf"":true,""customsCode"":""C00"",""customsDesc"":""TOTAL CPC"",""mosCode"":""0"",""motCode"":0,""motDesc"":""TOTAL MOT"",""qtyUnitCode"":8,""qtyUnitAbbr"":""kg"",""qty"":3490604.35,""isQtyEstimated"":false,""altQtyUnitCode"":8,""altQtyUnitAbbr"":""kg"",""altQty"":3490604.35,""isAltQtyEstimated"":false,""netWgt"":3490604.35,""isNetWgtEstimated"":false,""grossWgt"":0,""isGrossWgtEstimated"":false,""cifvalue"":null,""fobvalue"":9089868.71,""primaryValue"":9089868.71,""legacyEstimationFlag"":0,""isReported"":false,""isAggregate"":true}"
,UN Comtrade,https://comtradeapi.un.org/public/v1/preview/C/A/HS?reporterCode=360&flowCode=X&cmdCode=090111&period=2022&includeDesc=true,2026-05-30T18:34:22.015Z,"{""reporters"":[{""endpoint"":""https://comtradeapi.un.org/public/v1/preview/C/A/HS"",""reporterCode"":704,""reporterISO"":""VNM"",""flowCode"":""X"",""cmdCode"":""090111"",""period"":""2020,2021,2022,2023,2024,2025"",""includeDesc"":true},{""endpoint"":""https://comtradeapi.un.org/public/v1/preview/C/A/HS"",""reporterCode"":76,""reporterISO"":""BRA"",""flowCode"":""X"",""cmdCode"":""090111"",""period"":""2020,2021,2022,2023,2024,2025"",""includeDesc"":true},{""endpoint"":""https://comtradeapi.un.org/public/v1/preview/C/A/HS"",""reporterCode"":360,""reporterISO"":""IDN"",""flowCode"":""X"",""cmdCode"":""090111"",""period"":""2020,2021,2022,2023,2024,2025"",""includeDesc"":true}]}",C,A,20220101,2022,360,IDN,Indonesia,792,TUR,Türkiye,0,W00,World,X,Export,H6,090111,Coffee; not roasted or decaffeinated,C00,TOTAL CPC,0,TOTAL MOT,8,kg,794842,794842,0,1671344.278,true,false,true,"{""typeCode"":""C"",""freqCode"":""A"",""refPeriodId"":20220101,""refYear"":2022,""refMonth"":52,""period"":""2022"",""reporterCode"":360,""reporterISO"":""IDN"",""reporterDesc"":""Indonesia"",""flowCode"":""X"",""flowDesc"":""Export"",""partnerCode"":792,""partnerISO"":""TUR"",""partnerDesc"":""Türkiye"",""partner2Code"":0,""partner2ISO"":""W00"",""partner2Desc"":""World"",""classificationCode"":""H6"",""classificationSearchCode"":""HS"",""isOriginalClassification"":true,""cmdCode"":""090111"",""cmdDesc"":""Coffee; not roasted or decaffeinated"",""aggrLevel"":6,""isLeaf"":true,""customsCode"":""C00"",""customsDesc"":""TOTAL CPC"",""mosCode"":""0"",""motCode"":0,""motDesc"":""TOTAL MOT"",""qtyUnitCode"":8,""qtyUnitAbbr"":""kg"",""qty"":794842,""isQtyEstimated"":false,""altQtyUnitCode"":8,""altQtyUnitAbbr"":""kg"",""altQty"":794842,""isAltQtyEstimated"":false,""netWgt"":794842,""isNetWgtEstimated"":false,""grossWgt"":0,""isGrossWgtEstimated"":false,""cifvalue"":null,""fobvalue"":1671344.278,""primaryValue"":1671344.278,""legacyEstimationFlag"":0,""isReported"":false,""isAggregate"":true}"
,UN Comtrade,https://comtradeapi.un.org/public/v1/preview/C/A/HS?reporterCode=360&flowCode=X&cmdCode=090111&period=2022&includeDesc=true,2026-05-30T18:34:22.015Z,"{""reporters"":[{""endpoint"":""https://comtradeapi.un.org/public/v1/preview/C/A/HS"",""reporterCode"":704,""reporterISO"":""VNM"",""flowCode"":""X"",""cmdCode"":""090111"",""period"":""2020,2021,2022,2023,2024,2025"",""includeDesc"":true},{""endpoint"":""https://comtradeapi.un.org/public/v1/preview/C/A/HS"",""reporterCode"":76,""reporterISO"":""BRA"",""flowCode"":""X"",""cmdCode"":""090111"",""period"":""2020,2021,2022,2023,2024,2025"",""includeDesc"":true},{""endpoint"":""https://comtradeapi.un.org/public/v1/preview/C/A/HS"",""reporterCode"":360,""reporterISO"":""IDN"",""flowCode"":""X"",""cmdCode"":""090111"",""period"":""2020,2021,2022,2023,2024,2025"",""includeDesc"":true}]}",C,A,20220101,2022,360,IDN,Indonesia,804,UKR,Ukraine,0,W00,World,X,Export,H6,090111,Coffee; not roasted or decaffeinated,C00,TOTAL CPC,0,TOTAL MOT,8,kg,54608,54608,0,229728.2,true,false,true,"{""typeCode"":""C"",""freqCode"":""A"",""refPeriodId"":20220101,""refYear"":2022,""refMonth"":52,""period"":""2022"",""reporterCode"":360,""reporterISO"":""IDN"",""reporterDesc"":""Indonesia"",""flowCode"":""X"",""flowDesc"":""Export"",""partnerCode"":804,""partnerISO"":""UKR"",""partnerDesc"":""Ukraine"",""partner2Code"":0,""partner2ISO"":""W00"",""partner2Desc"":""World"",""classificationCode"":""H6"",""classificationSearchCode"":""HS"",""isOriginalClassification"":true,""cmdCode"":""090111"",""cmdDesc"":""Coffee; not roasted or decaffeinated"",""aggrLevel"":6,""isLeaf"":true,""customsCode"":""C00"",""customsDesc"":""TOTAL CPC"",""mosCode"":""0"",""motCode"":0,""motDesc"":""TOTAL MOT"",""qtyUnitCode"":8,""qtyUnitAbbr"":""kg"",""qty"":54608,""isQtyEstimated"":false,""altQtyUnitCode"":8,""altQtyUnitAbbr"":""kg"",""altQty"":54608,""isAltQtyEstimated"":false,""netWgt"":54608,""isNetWgtEstimated"":false,""grossWgt"":0,""isGrossWgtEstimated"":false,""cifvalue"":null,""fobvalue"":229728.2,""primaryValue"":229728.2,""legacyEstimationFlag"":0,""isReported"":false,""isAggregate"":true}"
,UN Comtrade,https://comtradeapi.un.org/public/v1/preview/C/A/HS?reporterCode=360&flowCode=X&cmdCode=090111&period=2022&includeDesc=true,2026-05-30T18:34:22.015Z,"{""reporters"":[{""endpoint"":""https://comtradeapi.un.org/public/v1/preview/C/A/HS"",""reporterCode"":704,""reporterISO"":""VNM"",""flowCode"":""X"",""cmdCode"":""090111"",""period"":""2020,2021,2022,2023,2024,2025"",""includeDesc"":true},{""endpoint"":""https://comtradeapi.un.org/public/v1/preview/C/A/HS"",""reporterCode"":76,""reporterISO"":""BRA"",""flowCode"":""X"",""cmdCode"":""090111"",""period"":""2020,2021,2022,2023,2024,2025"",""includeDesc"":true},{""endpoint"":""https://comtradeapi.un.org/public/v1/preview/C/A/HS"",""reporterCode"":360,""reporterISO"":""IDN"",""flowCode"":""X"",""cmdCode"":""090111"",""period"":""2020,2021,2022,2023,2024,2025"",""includeDesc"":true}]}",C,A,20220101,2022,360,IDN,Indonesia,818,EGY,Egypt,0,W00,World,X,Export,H6,090111,Coffee; not roasted or decaffeinated,C00,TOTAL CPC,0,TOTAL MOT,8,kg,37428400,37428400,0,81732313.639,true,false,true,"{""typeCode"":""C"",""freqCode"":""A"",""refPeriodId"":20220101,""refYear"":2022,""refMonth"":52,""period"":""2022"",""reporterCode"":360,""reporterISO"":""IDN"",""reporterDesc"":""Indonesia"",""flowCode"":""X"",""flowDesc"":""Export"",""partnerCode"":818,""partnerISO"":""EGY"",""partnerDesc"":""Egypt"",""partner2Code"":0,""partner2ISO"":""W00"",""partner2Desc"":""World"",""classificationCode"":""H6"",""classificationSearchCode"":""HS"",""isOriginalClassification"":true,""cmdCode"":""090111"",""cmdDesc"":""Coffee; not roasted or decaffeinated"",""aggrLevel"":6,""isLeaf"":true,""customsCode"":""C00"",""customsDesc"":""TOTAL CPC"",""mosCode"":""0"",""motCode"":0,""motDesc"":""TOTAL MOT"",""qtyUnitCode"":8,""qtyUnitAbbr"":""kg"",""qty"":37428400,""isQtyEstimated"":false,""altQtyUnitCode"":8,""altQtyUnitAbbr"":""kg"",""altQty"":37428400,""isAltQtyEstimated"":false,""netWgt"":37428400,""isNetWgtEstimated"":false,""grossWgt"":0,""isGrossWgtEstimated"":false,""cifvalue"":null,""fobvalue"":81732313.639,""primaryValue"":81732313.639,""legacyEstimationFlag"":0,""isReported"":false,""isAggregate"":true}"
,UN Comtrade,https://comtradeapi.un.org/public/v1/preview/C/A/HS?reporterCode=360&flowCode=X&cmdCode=090111&period=2022&includeDesc=true,2026-05-30T18:34:22.015Z,"{""reporters"":[{""endpoint"":""https://comtradeapi.un.org/public/v1/preview/C/A/HS"",""reporterCode"":704,""reporterISO"":""VNM"",""flowCode"":""X"",""cmdCode"":""090111"",""period"":""2020,2021,2022,2023,2024,2025"",""includeDesc"":true},{""endpoint"":""https://comtradeapi.un.org/public/v1/preview/C/A/HS"",""reporterCode"":76,""reporterISO"":""BRA"",""flowCode"":""X"",""cmdCode"":""090111"",""period"":""2020,2021,2022,2023,2024,2025"",""includeDesc"":true},{""endpoint"":""https://comtradeapi.un.org/public/v1/preview/C/A/HS"",""reporterCode"":360,""reporterISO"":""IDN"",""flowCode"":""X"",""cmdCode"":""090111"",""period"":""2020,2021,2022,2023,2024,2025"",""includeDesc"":true}]}",C,A,20220101,2022,360,IDN,Indonesia,826,GBR,United Kingdom,0,W00,World,X,Export,H6,090111,Coffee; not roasted or decaffeinated,C00,TOTAL CPC,0,TOTAL MOT,8,kg,20778020,20778020,0,48259680.13,true,false,true,"{""typeCode"":""C"",""freqCode"":""A"",""refPeriodId"":20220101,""refYear"":2022,""refMonth"":52,""period"":""2022"",""reporterCode"":360,""reporterISO"":""IDN"",""reporterDesc"":""Indonesia"",""flowCode"":""X"",""flowDesc"":""Export"",""partnerCode"":826,""partnerISO"":""GBR"",""partnerDesc"":""United Kingdom"",""partner2Code"":0,""partner2ISO"":""W00"",""partner2Desc"":""World"",""classificationCode"":""H6"",""classificationSearchCode"":""HS"",""isOriginalClassification"":true,""cmdCode"":""090111"",""cmdDesc"":""Coffee; not roasted or decaffeinated"",""aggrLevel"":6,""isLeaf"":true,""customsCode"":""C00"",""customsDesc"":""TOTAL CPC"",""mosCode"":""0"",""motCode"":0,""motDesc"":""TOTAL MOT"",""qtyUnitCode"":8,""qtyUnitAbbr"":""kg"",""qty"":20778020,""isQtyEstimated"":false,""altQtyUnitCode"":8,""altQtyUnitAbbr"":""kg"",""altQty"":20778020,""isAltQtyEstimated"":false,""netWgt"":20778020,""isNetWgtEstimated"":false,""grossWgt"":0,""isGrossWgtEstimated"":false,""cifvalue"":null,""fobvalue"":48259680.13,""primaryValue"":48259680.13,""legacyEstimationFlag"":0,""isReported"":false,""isAggregate"":true}"
,UN Comtrade,https://comtradeapi.un.org/public/v1/preview/C/A/HS?reporterCode=360&flowCode=X&cmdCode=090111&period=2022&includeDesc=true,2026-05-30T18:34:22.015Z,"{""reporters"":[{""endpoint"":""https://comtradeapi.un.org/public/v1/preview/C/A/HS"",""reporterCode"":704,""reporterISO"":""VNM"",""flowCode"":""X"",""cmdCode"":""090111"",""period"":""2020,2021,2022,2023,2024,2025"",""includeDesc"":true},{""endpoint"":""https://comtradeapi.un.org/public/v1/preview/C/A/HS"",""reporterCode"":76,""reporterISO"":""BRA"",""flowCode"":""X"",""cmdCode"":""090111"",""period"":""2020,2021,2022,2023,2024,2025"",""includeDesc"":true},{""endpoint"":""https://comtradeapi.un.org/public/v1/preview/C/A/HS"",""reporterCode"":360,""reporterISO"":""IDN"",""flowCode"":""X"",""cmdCode"":""090111"",""period"":""2020,2021,2022,2023,2024,2025"",""includeDesc"":true}]}",C,A,20220101,2022,360,IDN,Indonesia,842,USA,USA,0,W00,World,X,Export,H6,090111,Coffee; not roasted or decaffeinated,C00,TOTAL CPC,0,TOTAL MOT,8,kg,55810153.64,55810153.64,0,268554196.781,true,false,true,"{""typeCode"":""C"",""freqCode"":""A"",""refPeriodId"":20220101,""refYear"":2022,""refMonth"":52,""period"":""2022"",""reporterCode"":360,""reporterISO"":""IDN"",""reporterDesc"":""Indonesia"",""flowCode"":""X"",""flowDesc"":""Export"",""partnerCode"":842,""partnerISO"":""USA"",""partnerDesc"":""USA"",""partner2Code"":0,""partner2ISO"":""W00"",""partner2Desc"":""World"",""classificationCode"":""H6"",""classificationSearchCode"":""HS"",""isOriginalClassification"":true,""cmdCode"":""090111"",""cmdDesc"":""Coffee; not roasted or decaffeinated"",""aggrLevel"":6,""isLeaf"":true,""customsCode"":""C00"",""customsDesc"":""TOTAL CPC"",""mosCode"":""0"",""motCode"":0,""motDesc"":""TOTAL MOT"",""qtyUnitCode"":8,""qtyUnitAbbr"":""kg"",""qty"":55810153.64,""isQtyEstimated"":false,""altQtyUnitCode"":8,""altQtyUnitAbbr"":""kg"",""altQty"":55810153.64,""isAltQtyEstimated"":false,""netWgt"":55810153.64,""isNetWgtEstimated"":false,""grossWgt"":0,""isGrossWgtEstimated"":false,""cifvalue"":null,""fobvalue"":268554196.781,""primaryValue"":268554196.781,""legacyEstimationFlag"":0,""isReported"":false,""isAggregate"":true}"
,UN Comtrade,https://comtradeapi.un.org/public/v1/preview/C/A/HS?reporterCode=360&flowCode=X&cmdCode=090111&period=2023&includeDesc=true,2026-05-30T18:34:22.015Z,"{""reporters"":[{""endpoint"":""https://comtradeapi.un.org/public/v1/preview/C/A/HS"",""reporterCode"":704,""reporterISO"":""VNM"",""flowCode"":""X"",""cmdCode"":""090111"",""period"":""2020,2021,2022,2023,2024,2025"",""includeDesc"":true},{""endpoint"":""https://comtradeapi.un.org/public/v1/preview/C/A/HS"",""reporterCode"":76,""reporterISO"":""BRA"",""flowCode"":""X"",""cmdCode"":""090111"",""period"":""2020,2021,2022,2023,2024,2025"",""includeDesc"":true},{""endpoint"":""https://comtradeapi.un.org/public/v1/preview/C/A/HS"",""reporterCode"":360,""reporterISO"":""IDN"",""flowCode"":""X"",""cmdCode"":""090111"",""period"":""2020,2021,2022,2023,2024,2025"",""includeDesc"":true}]}",C,A,20230101,2023,360,IDN,Indonesia,0,W00,World,0,W00,World,X,Export,H6,090111,Coffee; not roasted or decaffeinated,C00,TOTAL CPC,0,TOTAL MOT,8,kg,276242353.949,276242353.949,0,915793880.224,true,false,true,"{""typeCode"":""C"",""freqCode"":""A"",""refPeriodId"":20230101,""refYear"":2023,""refMonth"":52,""period"":""2023"",""reporterCode"":360,""reporterISO"":""IDN"",""reporterDesc"":""Indonesia"",""flowCode"":""X"",""flowDesc"":""Export"",""partnerCode"":0,""partnerISO"":""W00"",""partnerDesc"":""World"",""partner2Code"":0,""partner2ISO"":""W00"",""partner2Desc"":""World"",""classificationCode"":""H6"",""classificationSearchCode"":""HS"",""isOriginalClassification"":true,""cmdCode"":""090111"",""cmdDesc"":""Coffee; not roasted or decaffeinated"",""aggrLevel"":6,""isLeaf"":true,""customsCode"":""C00"",""customsDesc"":""TOTAL CPC"",""mosCode"":""0"",""motCode"":0,""motDesc"":""TOTAL MOT"",""qtyUnitCode"":8,""qtyUnitAbbr"":""kg"",""qty"":276242353.949,""isQtyEstimated"":true,""altQtyUnitCode"":8,""altQtyUnitAbbr"":""kg"",""altQty"":276242382.949,""isAltQtyEstimated"":false,""netWgt"":276242353.949,""isNetWgtEstimated"":true,""grossWgt"":0,""isGrossWgtEstimated"":false,""cifvalue"":null,""fobvalue"":915793880.224,""primaryValue"":915793880.224,""legacyEstimationFlag"":6,""isReported"":false,""isAggregate"":true}"
,UN Comtrade,https://comtradeapi.un.org/public/v1/preview/C/A/HS?reporterCode=360&flowCode=X&cmdCode=090111&period=2023&includeDesc=true,2026-05-30T18:34:22.015Z,"{""reporters"":[{""endpoint"":""https://comtradeapi.un.org/public/v1/preview/C/A/HS"",""reporterCode"":704,""reporterISO"":""VNM"",""flowCode"":""X"",""cmdCode"":""090111"",""period"":""2020,2021,2022,2023,2024,2025"",""includeDesc"":true},{""endpoint"":""https://comtradeapi.un.org/public/v1/preview/C/A/HS"",""reporterCode"":76,""reporterISO"":""BRA"",""flowCode"":""X"",""cmdCode"":""090111"",""period"":""2020,2021,2022,2023,2024,2025"",""includeDesc"":true},{""endpoint"":""https://comtradeapi.un.org/public/v1/preview/C/A/HS"",""reporterCode"":360,""reporterISO"":""IDN"",""flowCode"":""X"",""cmdCode"":""090111"",""period"":""2020,2021,2022,2023,2024,2025"",""includeDesc"":true}]}",C,A,20230101,2023,360,IDN,Indonesia,12,DZA,Algeria,0,W00,World,X,Export,H6,090111,Coffee; not roasted or decaffeinated,C00,TOTAL CPC,0,TOTAL MOT,8,kg,5291360,5291360,0,13446607.8,true,false,true,"{""typeCode"":""C"",""freqCode"":""A"",""refPeriodId"":20230101,""refYear"":2023,""refMonth"":52,""period"":""2023"",""reporterCode"":360,""reporterISO"":""IDN"",""reporterDesc"":""Indonesia"",""flowCode"":""X"",""flowDesc"":""Export"",""partnerCode"":12,""partnerISO"":""DZA"",""partnerDesc"":""Algeria"",""partner2Code"":0,""partner2ISO"":""W00"",""partner2Desc"":""World"",""classificationCode"":""H6"",""classificationSearchCode"":""HS"",""isOriginalClassification"":true,""cmdCode"":""090111"",""cmdDesc"":""Coffee; not roasted or decaffeinated"",""aggrLevel"":6,""isLeaf"":true,""customsCode"":""C00"",""customsDesc"":""TOTAL CPC"",""mosCode"":""0"",""motCode"":0,""motDesc"":""TOTAL MOT"",""qtyUnitCode"":8,""qtyUnitAbbr"":""kg"",""qty"":5291360,""isQtyEstimated"":false,""altQtyUnitCode"":8,""altQtyUnitAbbr"":""kg"",""altQty"":5291360,""isAltQtyEstimated"":false,""netWgt"":5291360,""isNetWgtEstimated"":false,""grossWgt"":0,""isGrossWgtEstimated"":false,""cifvalue"":null,""fobvalue"":13446607.8,""primaryValue"":13446607.8,""legacyEstimationFlag"":0,""isReported"":false,""isAggregate"":true}"
,UN Comtrade,https://comtradeapi.un.org/public/v1/preview/C/A/HS?reporterCode=360&flowCode=X&cmdCode=090111&period=2023&includeDesc=true,2026-05-30T18:34:22.015Z,"{""reporters"":[{""endpoint"":""https://comtradeapi.un.org/public/v1/preview/C/A/HS"",""reporterCode"":704,""reporterISO"":""VNM"",""flowCode"":""X"",""cmdCode"":""090111"",""period"":""2020,2021,2022,2023,2024,2025"",""includeDesc"":true},{""endpoint"":""https://comtradeapi.un.org/public/v1/preview/C/A/HS"",""reporterCode"":76,""reporterISO"":""BRA"",""flowCode"":""X"",""cmdCode"":""090111"",""period"":""2020,2021,2022,2023,2024,2025"",""includeDesc"":true},{""endpoint"":""https://comtradeapi.un.org/public/v1/preview/C/A/HS"",""reporterCode"":360,""reporterISO"":""IDN"",""flowCode"":""X"",""cmdCode"":""090111"",""period"":""2020,2021,2022,2023,2024,2025"",""includeDesc"":true}]}",C,A,20230101,2023,360,IDN,Indonesia,36,AUS,Australia,0,W00,World,X,Export,H6,090111,Coffee; not roasted or decaffeinated,C00,TOTAL CPC,0,TOTAL MOT,8,kg,1804734.27,1804734.27,0,7782483.314,true,false,true,"{""typeCode"":""C"",""freqCode"":""A"",""refPeriodId"":20230101,""refYear"":2023,""refMonth"":52,""period"":""2023"",""reporterCode"":360,""reporterISO"":""IDN"",""reporterDesc"":""Indonesia"",""flowCode"":""X"",""flowDesc"":""Export"",""partnerCode"":36,""partnerISO"":""AUS"",""partnerDesc"":""Australia"",""partner2Code"":0,""partner2ISO"":""W00"",""partner2Desc"":""World"",""classificationCode"":""H6"",""classificationSearchCode"":""HS"",""isOriginalClassification"":true,""cmdCode"":""090111"",""cmdDesc"":""Coffee; not roasted or decaffeinated"",""aggrLevel"":6,""isLeaf"":true,""customsCode"":""C00"",""customsDesc"":""TOTAL CPC"",""mosCode"":""0"",""motCode"":0,""motDesc"":""TOTAL MOT"",""qtyUnitCode"":8,""qtyUnitAbbr"":""kg"",""qty"":1804734.27,""isQtyEstimated"":false,""altQtyUnitCode"":8,""altQtyUnitAbbr"":""kg"",""altQty"":1804734.27,""isAltQtyEstimated"":false,""netWgt"":1804734.27,""isNetWgtEstimated"":false,""grossWgt"":0,""isGrossWgtEstimated"":false,""cifvalue"":null,""fobvalue"":7782483.314,""primaryValue"":7782483.314,""legacyEstimationFlag"":0,""isReported"":false,""isAggregate"":true}"
,UN Comtrade,https://comtradeapi.un.org/public/v1/preview/C/A/HS?reporterCode=360&flowCode=X&cmdCode=090111&period=2023&includeDesc=true,2026-05-30T18:34:22.015Z,"{""reporters"":[{""endpoint"":""https://comtradeapi.un.org/public/v1/preview/C/A/HS"",""reporterCode"":704,""reporterISO"":""VNM"",""flowCode"":""X"",""cmdCode"":""090111"",""period"":""2020,2021,2022,2023,2024,2025"",""includeDesc"":true},{""endpoint"":""https://comtradeapi.un.org/public/v1/preview/C/A/HS"",""reporterCode"":76,""reporterISO"":""BRA"",""flowCode"":""X"",""cmdCode"":""090111"",""period"":""2020,2021,2022,2023,2024,2025"",""includeDesc"":true},{""endpoint"":""https://comtradeapi.un.org/public/v1/preview/C/A/HS"",""reporterCode"":360,""reporterISO"":""IDN"",""flowCode"":""X"",""cmdCode"":""090111"",""period"":""2020,2021,2022,2023,2024,2025"",""includeDesc"":true}]}",C,A,20230101,2023,360,IDN,Indonesia,51,ARM,Armenia,0,W00,World,X,Export,H6,090111,Coffee; not roasted or decaffeinated,C00,TOTAL CPC,0,TOTAL MOT,8,kg,2102405,2102405,0,6136318.22,true,false,true,"{""typeCode"":""C"",""freqCode"":""A"",""refPeriodId"":20230101,""refYear"":2023,""refMonth"":52,""period"":""2023"",""reporterCode"":360,""reporterISO"":""IDN"",""reporterDesc"":""Indonesia"",""flowCode"":""X"",""flowDesc"":""Export"",""partnerCode"":51,""partnerISO"":""ARM"",""partnerDesc"":""Armenia"",""partner2Code"":0,""partner2ISO"":""W00"",""partner2Desc"":""World"",""classificationCode"":""H6"",""classificationSearchCode"":""HS"",""isOriginalClassification"":true,""cmdCode"":""090111"",""cmdDesc"":""Coffee; not roasted or decaffeinated"",""aggrLevel"":6,""isLeaf"":true,""customsCode"":""C00"",""customsDesc"":""TOTAL CPC"",""mosCode"":""0"",""motCode"":0,""motDesc"":""TOTAL MOT"",""qtyUnitCode"":8,""qtyUnitAbbr"":""kg"",""qty"":2102405,""isQtyEstimated"":false,""altQtyUnitCode"":8,""altQtyUnitAbbr"":""kg"",""altQty"":2102405,""isAltQtyEstimated"":false,""netWgt"":2102405,""isNetWgtEstimated"":false,""grossWgt"":0,""isGrossWgtEstimated"":false,""cifvalue"":null,""fobvalue"":6136318.22,""primaryValue"":6136318.22,""legacyEstimationFlag"":0,""isReported"":false,""isAggregate"":true}"
,UN Comtrade,https://comtradeapi.un.org/public/v1/preview/C/A/HS?reporterCode=360&flowCode=X&cmdCode=090111&period=2023&includeDesc=true,2026-05-30T18:34:22.015Z,"{""reporters"":[{""endpoint"":""https://comtradeapi.un.org/public/v1/preview/C/A/HS"",""reporterCode"":704,""reporterISO"":""VNM"",""flowCode"":""X"",""cmdCode"":""090111"",""period"":""2020,2021,2022,2023,2024,2025"",""includeDesc"":true},{""endpoint"":""https://comtradeapi.un.org/public/v1/preview/C/A/HS"",""reporterCode"":76,""reporterISO"":""BRA"",""flowCode"":""X"",""cmdCode"":""090111"",""period"":""2020,2021,2022,2023,2024,2025"",""includeDesc"":true},{""endpoint"":""https://comtradeapi.un.org/public/v1/preview/C/A/HS"",""reporterCode"":360,""reporterISO"":""IDN"",""flowCode"":""X"",""cmdCode"":""090111"",""period"":""2020,2021,2022,2023,2024,2025"",""includeDesc"":true}]}",C,A,20230101,2023,360,IDN,Indonesia,56,BEL,Belgium,0,W00,World,X,Export,H6,090111,Coffee; not roasted or decaffeinated,C00,TOTAL CPC,0,TOTAL MOT,8,kg,3430880,3430880,0,19532241.92,true,false,true,"{""typeCode"":""C"",""freqCode"":""A"",""refPeriodId"":20230101,""refYear"":2023,""refMonth"":52,""period"":""2023"",""reporterCode"":360,""reporterISO"":""IDN"",""reporterDesc"":""Indonesia"",""flowCode"":""X"",""flowDesc"":""Export"",""partnerCode"":56,""partnerISO"":""BEL"",""partnerDesc"":""Belgium"",""partner2Code"":0,""partner2ISO"":""W00"",""partner2Desc"":""World"",""classificationCode"":""H6"",""classificationSearchCode"":""HS"",""isOriginalClassification"":true,""cmdCode"":""090111"",""cmdDesc"":""Coffee; not roasted or decaffeinated"",""aggrLevel"":6,""isLeaf"":true,""customsCode"":""C00"",""customsDesc"":""TOTAL CPC"",""mosCode"":""0"",""motCode"":0,""motDesc"":""TOTAL MOT"",""qtyUnitCode"":8,""qtyUnitAbbr"":""kg"",""qty"":3430880,""isQtyEstimated"":false,""altQtyUnitCode"":8,""altQtyUnitAbbr"":""kg"",""altQty"":3430880,""isAltQtyEstimated"":false,""netWgt"":3430880,""isNetWgtEstimated"":false,""grossWgt"":0,""isGrossWgtEstimated"":false,""cifvalue"":null,""fobvalue"":19532241.92,""primaryValue"":19532241.92,""legacyEstimationFlag"":0,""isReported"":false,""isAggregate"":true}"
,UN Comtrade,https://comtradeapi.un.org/public/v1/preview/C/A/HS?reporterCode=360&flowCode=X&cmdCode=090111&period=2023&includeDesc=true,2026-05-30T18:34:22.015Z,"{""reporters"":[{""endpoint"":""https://comtradeapi.un.org/public/v1/preview/C/A/HS"",""reporterCode"":704,""reporterISO"":""VNM"",""flowCode"":""X"",""cmdCode"":""090111"",""period"":""2020,2021,2022,2023,2024,2025"",""includeDesc"":true},{""endpoint"":""https://comtradeapi.un.org/public/v1/preview/C/A/HS"",""reporterCode"":76,""reporterISO"":""BRA"",""flowCode"":""X"",""cmdCode"":""090111"",""period"":""2020,2021,2022,2023,2024,2025"",""includeDesc"":true},{""endpoint"":""https://comtradeapi.un.org/public/v1/preview/C/A/HS"",""reporterCode"":360,""reporterISO"":""IDN"",""flowCode"":""X"",""cmdCode"":""090111"",""period"":""2020,2021,2022,2023,2024,2025"",""includeDesc"":true}]}",C,A,20230101,2023,360,IDN,Indonesia,96,BRN,Brunei Darussalam,0,W00,World,X,Export,H6,090111,Coffee; not roasted or decaffeinated,C00,TOTAL CPC,0,TOTAL MOT,8,kg,2668.8,2668.8,0,19676.8,true,false,true,"{""typeCode"":""C"",""freqCode"":""A"",""refPeriodId"":20230101,""refYear"":2023,""refMonth"":52,""period"":""2023"",""reporterCode"":360,""reporterISO"":""IDN"",""reporterDesc"":""Indonesia"",""flowCode"":""X"",""flowDesc"":""Export"",""partnerCode"":96,""partnerISO"":""BRN"",""partnerDesc"":""Brunei Darussalam"",""partner2Code"":0,""partner2ISO"":""W00"",""partner2Desc"":""World"",""classificationCode"":""H6"",""classificationSearchCode"":""HS"",""isOriginalClassification"":true,""cmdCode"":""090111"",""cmdDesc"":""Coffee; not roasted or decaffeinated"",""aggrLevel"":6,""isLeaf"":true,""customsCode"":""C00"",""customsDesc"":""TOTAL CPC"",""mosCode"":""0"",""motCode"":0,""motDesc"":""TOTAL MOT"",""qtyUnitCode"":8,""qtyUnitAbbr"":""kg"",""qty"":2668.8,""isQtyEstimated"":false,""altQtyUnitCode"":8,""altQtyUnitAbbr"":""kg"",""altQty"":2668.8,""isAltQtyEstimated"":false,""netWgt"":2668.8,""isNetWgtEstimated"":false,""grossWgt"":0,""isGrossWgtEstimated"":false,""cifvalue"":null,""fobvalue"":19676.8,""primaryValue"":19676.8,""legacyEstimationFlag"":0,""isReported"":false,""isAggregate"":true}"
,UN Comtrade,https://comtradeapi.un.org/public/v1/preview/C/A/HS?reporterCode=360&flowCode=X&cmdCode=090111&period=2023&includeDesc=true,2026-05-30T18:34:22.015Z,"{""reporters"":[{""endpoint"":""https://comtradeapi.un.org/public/v1/preview/C/A/HS"",""reporterCode"":704,""reporterISO"":""VNM"",""flowCode"":""X"",""cmdCode"":""090111"",""period"":""2020,2021,2022,2023,2024,2025"",""includeDesc"":true},{""endpoint"":""https://comtradeapi.un.org/public/v1/preview/C/A/HS"",""reporterCode"":76,""reporterISO"":""BRA"",""flowCode"":""X"",""cmdCode"":""090111"",""period"":""2020,2021,2022,2023,2024,2025"",""includeDesc"":true},{""endpoint"":""https://comtradeapi.un.org/public/v1/preview/C/A/HS"",""reporterCode"":360,""reporterISO"":""IDN"",""flowCode"":""X"",""cmdCode"":""090111"",""period"":""2020,2021,2022,2023,2024,2025"",""includeDesc"":true}]}",C,A,20230101,2023,360,IDN,Indonesia,100,BGR,Bulgaria,0,W00,World,X,Export,H6,090111,Coffee; not roasted or decaffeinated,C00,TOTAL CPC,0,TOTAL MOT,8,kg,470734.68,470734.68,0,1210533.46,true,false,true,"{""typeCode"":""C"",""freqCode"":""A"",""refPeriodId"":20230101,""refYear"":2023,""refMonth"":52,""period"":""2023"",""reporterCode"":360,""reporterISO"":""IDN"",""reporterDesc"":""Indonesia"",""flowCode"":""X"",""flowDesc"":""Export"",""partnerCode"":100,""partnerISO"":""BGR"",""partnerDesc"":""Bulgaria"",""partner2Code"":0,""partner2ISO"":""W00"",""partner2Desc"":""World"",""classificationCode"":""H6"",""classificationSearchCode"":""HS"",""isOriginalClassification"":true,""cmdCode"":""090111"",""cmdDesc"":""Coffee; not roasted or decaffeinated"",""aggrLevel"":6,""isLeaf"":true,""customsCode"":""C00"",""customsDesc"":""TOTAL CPC"",""mosCode"":""0"",""motCode"":0,""motDesc"":""TOTAL MOT"",""qtyUnitCode"":8,""qtyUnitAbbr"":""kg"",""qty"":470734.68,""isQtyEstimated"":false,""altQtyUnitCode"":8,""altQtyUnitAbbr"":""kg"",""altQty"":470734.68,""isAltQtyEstimated"":false,""netWgt"":470734.68,""isNetWgtEstimated"":false,""grossWgt"":0,""isGrossWgtEstimated"":false,""cifvalue"":null,""fobvalue"":1210533.46,""primaryValue"":1210533.46,""legacyEstimationFlag"":0,""isReported"":false,""isAggregate"":true}"
,UN Comtrade,https://comtradeapi.un.org/public/v1/preview/C/A/HS?reporterCode=360&flowCode=X&cmdCode=090111&period=2023&includeDesc=true,2026-05-30T18:34:22.015Z,"{""reporters"":[{""endpoint"":""https://comtradeapi.un.org/public/v1/preview/C/A/HS"",""reporterCode"":704,""reporterISO"":""VNM"",""flowCode"":""X"",""cmdCode"":""090111"",""period"":""2020,2021,2022,2023,2024,2025"",""includeDesc"":true},{""endpoint"":""https://comtradeapi.un.org/public/v1/preview/C/A/HS"",""reporterCode"":76,""reporterISO"":""BRA"",""flowCode"":""X"",""cmdCode"":""090111"",""period"":""2020,2021,2022,2023,2024,2025"",""includeDesc"":true},{""endpoint"":""https://comtradeapi.un.org/public/v1/preview/C/A/HS"",""reporterCode"":360,""reporterISO"":""IDN"",""flowCode"":""X"",""cmdCode"":""090111"",""period"":""2020,2021,2022,2023,2024,2025"",""includeDesc"":true}]}",C,A,20230101,2023,360,IDN,Indonesia,116,KHM,Cambodia,0,W00,World,X,Export,H6,090111,Coffee; not roasted or decaffeinated,C00,TOTAL CPC,0,TOTAL MOT,8,kg,15610.26,15610.26,0,131791.3,true,false,true,"{""typeCode"":""C"",""freqCode"":""A"",""refPeriodId"":20230101,""refYear"":2023,""refMonth"":52,""period"":""2023"",""reporterCode"":360,""reporterISO"":""IDN"",""reporterDesc"":""Indonesia"",""flowCode"":""X"",""flowDesc"":""Export"",""partnerCode"":116,""partnerISO"":""KHM"",""partnerDesc"":""Cambodia"",""partner2Code"":0,""partner2ISO"":""W00"",""partner2Desc"":""World"",""classificationCode"":""H6"",""classificationSearchCode"":""HS"",""isOriginalClassification"":true,""cmdCode"":""090111"",""cmdDesc"":""Coffee; not roasted or decaffeinated"",""aggrLevel"":6,""isLeaf"":true,""customsCode"":""C00"",""customsDesc"":""TOTAL CPC"",""mosCode"":""0"",""motCode"":0,""motDesc"":""TOTAL MOT"",""qtyUnitCode"":8,""qtyUnitAbbr"":""kg"",""qty"":15610.26,""isQtyEstimated"":false,""altQtyUnitCode"":8,""altQtyUnitAbbr"":""kg"",""altQty"":15610.26,""isAltQtyEstimated"":false,""netWgt"":15610.26,""isNetWgtEstimated"":false,""grossWgt"":0,""isGrossWgtEstimated"":false,""cifvalue"":null,""fobvalue"":131791.3,""primaryValue"":131791.3,""legacyEstimationFlag"":0,""isReported"":false,""isAggregate"":true}"
,UN Comtrade,https://comtradeapi.un.org/public/v1/preview/C/A/HS?reporterCode=360&flowCode=X&cmdCode=090111&period=2023&includeDesc=true,2026-05-30T18:34:22.015Z,"{""reporters"":[{""endpoint"":""https://comtradeapi.un.org/public/v1/preview/C/A/HS"",""reporterCode"":704,""reporterISO"":""VNM"",""flowCode"":""X"",""cmdCode"":""090111"",""period"":""2020,2021,2022,2023,2024,2025"",""includeDesc"":true},{""endpoint"":""https://comtradeapi.un.org/public/v1/preview/C/A/HS"",""reporterCode"":76,""reporterISO"":""BRA"",""flowCode"":""X"",""cmdCode"":""090111"",""period"":""2020,2021,2022,2023,2024,2025"",""includeDesc"":true},{""endpoint"":""https://comtradeapi.un.org/public/v1/preview/C/A/HS"",""reporterCode"":360,""reporterISO"":""IDN"",""flowCode"":""X"",""cmdCode"":""090111"",""period"":""2020,2021,2022,2023,2024,2025"",""includeDesc"":true}]}",C,A,20230101,2023,360,IDN,Indonesia,124,CAN,Canada,0,W00,World,X,Export,H6,090111,Coffee; not roasted or decaffeinated,C00,TOTAL CPC,0,TOTAL MOT,8,kg,2820301.73,2820301.73,0,19423459.664,true,false,true,"{""typeCode"":""C"",""freqCode"":""A"",""refPeriodId"":20230101,""refYear"":2023,""refMonth"":52,""period"":""2023"",""reporterCode"":360,""reporterISO"":""IDN"",""reporterDesc"":""Indonesia"",""flowCode"":""X"",""flowDesc"":""Export"",""partnerCode"":124,""partnerISO"":""CAN"",""partnerDesc"":""Canada"",""partner2Code"":0,""partner2ISO"":""W00"",""partner2Desc"":""World"",""classificationCode"":""H6"",""classificationSearchCode"":""HS"",""isOriginalClassification"":true,""cmdCode"":""090111"",""cmdDesc"":""Coffee; not roasted or decaffeinated"",""aggrLevel"":6,""isLeaf"":true,""customsCode"":""C00"",""customsDesc"":""TOTAL CPC"",""mosCode"":""0"",""motCode"":0,""motDesc"":""TOTAL MOT"",""qtyUnitCode"":8,""qtyUnitAbbr"":""kg"",""qty"":2820301.73,""isQtyEstimated"":true,""altQtyUnitCode"":8,""altQtyUnitAbbr"":""kg"",""altQty"":2820330.73,""isAltQtyEstimated"":false,""netWgt"":2820301.73,""isNetWgtEstimated"":true,""grossWgt"":0,""isGrossWgtEstimated"":false,""cifvalue"":null,""fobvalue"":19423459.664,""primaryValue"":19423459.664,""legacyEstimationFlag"":6,""isReported"":false,""isAggregate"":true}"
,UN Comtrade,https://comtradeapi.un.org/public/v1/preview/C/A/HS?reporterCode=360&flowCode=X&cmdCode=090111&period=2023&includeDesc=true,2026-05-30T18:34:22.015Z,"{""reporters"":[{""endpoint"":""https://comtradeapi.un.org/public/v1/preview/C/A/HS"",""reporterCode"":704,""reporterISO"":""VNM"",""flowCode"":""X"",""cmdCode"":""090111"",""period"":""2020,2021,2022,2023,2024,2025"",""includeDesc"":true},{""endpoint"":""https://comtradeapi.un.org/public/v1/preview/C/A/HS"",""reporterCode"":76,""reporterISO"":""BRA"",""flowCode"":""X"",""cmdCode"":""090111"",""period"":""2020,2021,2022,2023,2024,2025"",""includeDesc"":true},{""endpoint"":""https://comtradeapi.un.org/public/v1/preview/C/A/HS"",""reporterCode"":360,""reporterISO"":""IDN"",""flowCode"":""X"",""cmdCode"":""090111"",""period"":""2020,2021,2022,2023,2024,2025"",""includeDesc"":true}]}",C,A,20230101,2023,360,IDN,Indonesia,132,CPV,Cabo Verde,0,W00,World,X,Export,H6,090111,Coffee; not roasted or decaffeinated,C00,TOTAL CPC,0,TOTAL MOT,8,kg,38400,38400,0,92236.8,true,false,true,"{""typeCode"":""C"",""freqCode"":""A"",""refPeriodId"":20230101,""refYear"":2023,""refMonth"":52,""period"":""2023"",""reporterCode"":360,""reporterISO"":""IDN"",""reporterDesc"":""Indonesia"",""flowCode"":""X"",""flowDesc"":""Export"",""partnerCode"":132,""partnerISO"":""CPV"",""partnerDesc"":""Cabo Verde"",""partner2Code"":0,""partner2ISO"":""W00"",""partner2Desc"":""World"",""classificationCode"":""H6"",""classificationSearchCode"":""HS"",""isOriginalClassification"":true,""cmdCode"":""090111"",""cmdDesc"":""Coffee; not roasted or decaffeinated"",""aggrLevel"":6,""isLeaf"":true,""customsCode"":""C00"",""customsDesc"":""TOTAL CPC"",""mosCode"":""0"",""motCode"":0,""motDesc"":""TOTAL MOT"",""qtyUnitCode"":8,""qtyUnitAbbr"":""kg"",""qty"":38400,""isQtyEstimated"":false,""altQtyUnitCode"":8,""altQtyUnitAbbr"":""kg"",""altQty"":38400,""isAltQtyEstimated"":false,""netWgt"":38400,""isNetWgtEstimated"":false,""grossWgt"":0,""isGrossWgtEstimated"":false,""cifvalue"":null,""fobvalue"":92236.8,""primaryValue"":92236.8,""legacyEstimationFlag"":0,""isReported"":false,""isAggregate"":true}"
,UN Comtrade,https://comtradeapi.un.org/public/v1/preview/C/A/HS?reporterCode=360&flowCode=X&cmdCode=090111&period=2023&includeDesc=true,2026-05-30T18:34:22.015Z,"{""reporters"":[{""endpoint"":""https://comtradeapi.un.org/public/v1/preview/C/A/HS"",""reporterCode"":704,""reporterISO"":""VNM"",""flowCode"":""X"",""cmdCode"":""090111"",""period"":""2020,2021,2022,2023,2024,2025"",""includeDesc"":true},{""endpoint"":""https://comtradeapi.un.org/public/v1/preview/C/A/HS"",""reporterCode"":76,""reporterISO"":""BRA"",""flowCode"":""X"",""cmdCode"":""090111"",""period"":""2020,2021,2022,2023,2024,2025"",""includeDesc"":true},{""endpoint"":""https://comtradeapi.un.org/public/v1/preview/C/A/HS"",""reporterCode"":360,""reporterISO"":""IDN"",""flowCode"":""X"",""cmdCode"":""090111"",""period"":""2020,2021,2022,2023,2024,2025"",""includeDesc"":true}]}",C,A,20230101,2023,360,IDN,Indonesia,156,CHN,China,0,W00,World,X,Export,H6,090111,Coffee; not roasted or decaffeinated,C00,TOTAL CPC,0,TOTAL MOT,8,kg,9258614.7,9258614.7,0,32488242.895,true,false,true,"{""typeCode"":""C"",""freqCode"":""A"",""refPeriodId"":20230101,""refYear"":2023,""refMonth"":52,""period"":""2023"",""reporterCode"":360,""reporterISO"":""IDN"",""reporterDesc"":""Indonesia"",""flowCode"":""X"",""flowDesc"":""Export"",""partnerCode"":156,""partnerISO"":""CHN"",""partnerDesc"":""China"",""partner2Code"":0,""partner2ISO"":""W00"",""partner2Desc"":""World"",""classificationCode"":""H6"",""classificationSearchCode"":""HS"",""isOriginalClassification"":true,""cmdCode"":""090111"",""cmdDesc"":""Coffee; not roasted or decaffeinated"",""aggrLevel"":6,""isLeaf"":true,""customsCode"":""C00"",""customsDesc"":""TOTAL CPC"",""mosCode"":""0"",""motCode"":0,""motDesc"":""TOTAL MOT"",""qtyUnitCode"":8,""qtyUnitAbbr"":""kg"",""qty"":9258614.7,""isQtyEstimated"":false,""altQtyUnitCode"":8,""altQtyUnitAbbr"":""kg"",""altQty"":9258614.7,""isAltQtyEstimated"":false,""netWgt"":9258614.7,""isNetWgtEstimated"":false,""grossWgt"":0,""isGrossWgtEstimated"":false,""cifvalue"":null,""fobvalue"":32488242.895,""primaryValue"":32488242.895,""legacyEstimationFlag"":0,""isReported"":false,""isAggregate"":true}"
,UN Comtrade,https://comtradeapi.un.org/public/v1/preview/C/A/HS?reporterCode=360&flowCode=X&cmdCode=090111&period=2023&includeDesc=true,2026-05-30T18:34:22.015Z,"{""reporters"":[{""endpoint"":""https://comtradeapi.un.org/public/v1/preview/C/A/HS"",""reporterCode"":704,""reporterISO"":""VNM"",""flowCode"":""X"",""cmdCode"":""090111"",""period"":""2020,2021,2022,2023,2024,2025"",""includeDesc"":true},{""endpoint"":""https://comtradeapi.un.org/public/v1/preview/C/A/HS"",""reporterCode"":76,""reporterISO"":""BRA"",""flowCode"":""X"",""cmdCode"":""090111"",""period"":""2020,2021,2022,2023,2024,2025"",""includeDesc"":true},{""endpoint"":""https://comtradeapi.un.org/public/v1/preview/C/A/HS"",""reporterCode"":360,""reporterISO"":""IDN"",""flowCode"":""X"",""cmdCode"":""090111"",""period"":""2020,2021,2022,2023,2024,2025"",""includeDesc"":true}]}",C,A,20230101,2023,360,IDN,Indonesia,178,COG,Congo,0,W00,World,X,Export,H6,090111,Coffee; not roasted or decaffeinated,C00,TOTAL CPC,0,TOTAL MOT,8,kg,2508.69,2508.69,0,41746.7,true,false,true,"{""typeCode"":""C"",""freqCode"":""A"",""refPeriodId"":20230101,""refYear"":2023,""refMonth"":52,""period"":""2023"",""reporterCode"":360,""reporterISO"":""IDN"",""reporterDesc"":""Indonesia"",""flowCode"":""X"",""flowDesc"":""Export"",""partnerCode"":178,""partnerISO"":""COG"",""partnerDesc"":""Congo"",""partner2Code"":0,""partner2ISO"":""W00"",""partner2Desc"":""World"",""classificationCode"":""H6"",""classificationSearchCode"":""HS"",""isOriginalClassification"":true,""cmdCode"":""090111"",""cmdDesc"":""Coffee; not roasted or decaffeinated"",""aggrLevel"":6,""isLeaf"":true,""customsCode"":""C00"",""customsDesc"":""TOTAL CPC"",""mosCode"":""0"",""motCode"":0,""motDesc"":""TOTAL MOT"",""qtyUnitCode"":8,""qtyUnitAbbr"":""kg"",""qty"":2508.69,""isQtyEstimated"":false,""altQtyUnitCode"":8,""altQtyUnitAbbr"":""kg"",""altQty"":2508.69,""isAltQtyEstimated"":false,""netWgt"":2508.69,""isNetWgtEstimated"":false,""grossWgt"":0,""isGrossWgtEstimated"":false,""cifvalue"":null,""fobvalue"":41746.7,""primaryValue"":41746.7,""legacyEstimationFlag"":0,""isReported"":false,""isAggregate"":true}"
,UN Comtrade,https://comtradeapi.un.org/public/v1/preview/C/A/HS?reporterCode=360&flowCode=X&cmdCode=090111&period=2023&includeDesc=true,2026-05-30T18:34:22.015Z,"{""reporters"":[{""endpoint"":""https://comtradeapi.un.org/public/v1/preview/C/A/HS"",""reporterCode"":704,""reporterISO"":""VNM"",""flowCode"":""X"",""cmdCode"":""090111"",""period"":""2020,2021,2022,2023,2024,2025"",""includeDesc"":true},{""endpoint"":""https://comtradeapi.un.org/public/v1/preview/C/A/HS"",""reporterCode"":76,""reporterISO"":""BRA"",""flowCode"":""X"",""cmdCode"":""090111"",""period"":""2020,2021,2022,2023,2024,2025"",""includeDesc"":true},{""endpoint"":""https://comtradeapi.un.org/public/v1/preview/C/A/HS"",""reporterCode"":360,""reporterISO"":""IDN"",""flowCode"":""X"",""cmdCode"":""090111"",""period"":""2020,2021,2022,2023,2024,2025"",""includeDesc"":true}]}",C,A,20230101,2023,360,IDN,Indonesia,203,CZE,Czechia,0,W00,World,X,Export,H6,090111,Coffee; not roasted or decaffeinated,C00,TOTAL CPC,0,TOTAL MOT,8,kg,6444.72,6444.72,0,91182.76,true,false,true,"{""typeCode"":""C"",""freqCode"":""A"",""refPeriodId"":20230101,""refYear"":2023,""refMonth"":52,""period"":""2023"",""reporterCode"":360,""reporterISO"":""IDN"",""reporterDesc"":""Indonesia"",""flowCode"":""X"",""flowDesc"":""Export"",""partnerCode"":203,""partnerISO"":""CZE"",""partnerDesc"":""Czechia"",""partner2Code"":0,""partner2ISO"":""W00"",""partner2Desc"":""World"",""classificationCode"":""H6"",""classificationSearchCode"":""HS"",""isOriginalClassification"":true,""cmdCode"":""090111"",""cmdDesc"":""Coffee; not roasted or decaffeinated"",""aggrLevel"":6,""isLeaf"":true,""customsCode"":""C00"",""customsDesc"":""TOTAL CPC"",""mosCode"":""0"",""motCode"":0,""motDesc"":""TOTAL MOT"",""qtyUnitCode"":8,""qtyUnitAbbr"":""kg"",""qty"":6444.72,""isQtyEstimated"":false,""altQtyUnitCode"":8,""altQtyUnitAbbr"":""kg"",""altQty"":6444.72,""isAltQtyEstimated"":false,""netWgt"":6444.72,""isNetWgtEstimated"":false,""grossWgt"":0,""isGrossWgtEstimated"":false,""cifvalue"":null,""fobvalue"":91182.76,""primaryValue"":91182.76,""legacyEstimationFlag"":0,""isReported"":false,""isAggregate"":true}"
,UN Comtrade,https://comtradeapi.un.org/public/v1/preview/C/A/HS?reporterCode=360&flowCode=X&cmdCode=090111&period=2023&includeDesc=true,2026-05-30T18:34:22.015Z,"{""reporters"":[{""endpoint"":""https://comtradeapi.un.org/public/v1/preview/C/A/HS"",""reporterCode"":704,""reporterISO"":""VNM"",""flowCode"":""X"",""cmdCode"":""090111"",""period"":""2020,2021,2022,2023,2024,2025"",""includeDesc"":true},{""endpoint"":""https://comtradeapi.un.org/public/v1/preview/C/A/HS"",""reporterCode"":76,""reporterISO"":""BRA"",""flowCode"":""X"",""cmdCode"":""090111"",""period"":""2020,2021,2022,2023,2024,2025"",""includeDesc"":true},{""endpoint"":""https://comtradeapi.un.org/public/v1/preview/C/A/HS"",""reporterCode"":360,""reporterISO"":""IDN"",""flowCode"":""X"",""cmdCode"":""090111"",""period"":""2020,2021,2022,2023,2024,2025"",""includeDesc"":true}]}",C,A,20230101,2023,360,IDN,Indonesia,208,DNK,Denmark,0,W00,World,X,Export,H6,090111,Coffee; not roasted or decaffeinated,C00,TOTAL CPC,0,TOTAL MOT,8,kg,70991,70991,0,554398.289,true,false,true,"{""typeCode"":""C"",""freqCode"":""A"",""refPeriodId"":20230101,""refYear"":2023,""refMonth"":52,""period"":""2023"",""reporterCode"":360,""reporterISO"":""IDN"",""reporterDesc"":""Indonesia"",""flowCode"":""X"",""flowDesc"":""Export"",""partnerCode"":208,""partnerISO"":""DNK"",""partnerDesc"":""Denmark"",""partner2Code"":0,""partner2ISO"":""W00"",""partner2Desc"":""World"",""classificationCode"":""H6"",""classificationSearchCode"":""HS"",""isOriginalClassification"":true,""cmdCode"":""090111"",""cmdDesc"":""Coffee; not roasted or decaffeinated"",""aggrLevel"":6,""isLeaf"":true,""customsCode"":""C00"",""customsDesc"":""TOTAL CPC"",""mosCode"":""0"",""motCode"":0,""motDesc"":""TOTAL MOT"",""qtyUnitCode"":8,""qtyUnitAbbr"":""kg"",""qty"":70991,""isQtyEstimated"":false,""altQtyUnitCode"":8,""altQtyUnitAbbr"":""kg"",""altQty"":70991,""isAltQtyEstimated"":false,""netWgt"":70991,""isNetWgtEstimated"":false,""grossWgt"":0,""isGrossWgtEstimated"":false,""cifvalue"":null,""fobvalue"":554398.289,""primaryValue"":554398.289,""legacyEstimationFlag"":0,""isReported"":false,""isAggregate"":true}"
,UN Comtrade,https://comtradeapi.un.org/public/v1/preview/C/A/HS?reporterCode=360&flowCode=X&cmdCode=090111&period=2023&includeDesc=true,2026-05-30T18:34:22.015Z,"{""reporters"":[{""endpoint"":""https://comtradeapi.un.org/public/v1/preview/C/A/HS"",""reporterCode"":704,""reporterISO"":""VNM"",""flowCode"":""X"",""cmdCode"":""090111"",""period"":""2020,2021,2022,2023,2024,2025"",""includeDesc"":true},{""endpoint"":""https://comtradeapi.un.org/public/v1/preview/C/A/HS"",""reporterCode"":76,""reporterISO"":""BRA"",""flowCode"":""X"",""cmdCode"":""090111"",""period"":""2020,2021,2022,2023,2024,2025"",""includeDesc"":true},{""endpoint"":""https://comtradeapi.un.org/public/v1/preview/C/A/HS"",""reporterCode"":360,""reporterISO"":""IDN"",""flowCode"":""X"",""cmdCode"":""090111"",""period"":""2020,2021,2022,2023,2024,2025"",""includeDesc"":true}]}",C,A,20230101,2023,360,IDN,Indonesia,233,EST,Estonia,0,W00,World,X,Export,H6,090111,Coffee; not roasted or decaffeinated,C00,TOTAL CPC,0,TOTAL MOT,8,kg,37840,37840,0,109613.76,true,false,true,"{""typeCode"":""C"",""freqCode"":""A"",""refPeriodId"":20230101,""refYear"":2023,""refMonth"":52,""period"":""2023"",""reporterCode"":360,""reporterISO"":""IDN"",""reporterDesc"":""Indonesia"",""flowCode"":""X"",""flowDesc"":""Export"",""partnerCode"":233,""partnerISO"":""EST"",""partnerDesc"":""Estonia"",""partner2Code"":0,""partner2ISO"":""W00"",""partner2Desc"":""World"",""classificationCode"":""H6"",""classificationSearchCode"":""HS"",""isOriginalClassification"":true,""cmdCode"":""090111"",""cmdDesc"":""Coffee; not roasted or decaffeinated"",""aggrLevel"":6,""isLeaf"":true,""customsCode"":""C00"",""customsDesc"":""TOTAL CPC"",""mosCode"":""0"",""motCode"":0,""motDesc"":""TOTAL MOT"",""qtyUnitCode"":8,""qtyUnitAbbr"":""kg"",""qty"":37840,""isQtyEstimated"":false,""altQtyUnitCode"":8,""altQtyUnitAbbr"":""kg"",""altQty"":37840,""isAltQtyEstimated"":false,""netWgt"":37840,""isNetWgtEstimated"":false,""grossWgt"":0,""isGrossWgtEstimated"":false,""cifvalue"":null,""fobvalue"":109613.76,""primaryValue"":109613.76,""legacyEstimationFlag"":0,""isReported"":false,""isAggregate"":true}"
,UN Comtrade,https://comtradeapi.un.org/public/v1/preview/C/A/HS?reporterCode=360&flowCode=X&cmdCode=090111&period=2023&includeDesc=true,2026-05-30T18:34:22.015Z,"{""reporters"":[{""endpoint"":""https://comtradeapi.un.org/public/v1/preview/C/A/HS"",""reporterCode"":704,""reporterISO"":""VNM"",""flowCode"":""X"",""cmdCode"":""090111"",""period"":""2020,2021,2022,2023,2024,2025"",""includeDesc"":true},{""endpoint"":""https://comtradeapi.un.org/public/v1/preview/C/A/HS"",""reporterCode"":76,""reporterISO"":""BRA"",""flowCode"":""X"",""cmdCode"":""090111"",""period"":""2020,2021,2022,2023,2024,2025"",""includeDesc"":true},{""endpoint"":""https://comtradeapi.un.org/public/v1/preview/C/A/HS"",""reporterCode"":360,""reporterISO"":""IDN"",""flowCode"":""X"",""cmdCode"":""090111"",""period"":""2020,2021,2022,2023,2024,2025"",""includeDesc"":true}]}",C,A,20230101,2023,360,IDN,Indonesia,251,FRA,France,0,W00,World,X,Export,H6,090111,Coffee; not roasted or decaffeinated,C00,TOTAL CPC,0,TOTAL MOT,8,kg,644597.8,644597.8,0,2485308.66,true,false,true,"{""typeCode"":""C"",""freqCode"":""A"",""refPeriodId"":20230101,""refYear"":2023,""refMonth"":52,""period"":""2023"",""reporterCode"":360,""reporterISO"":""IDN"",""reporterDesc"":""Indonesia"",""flowCode"":""X"",""flowDesc"":""Export"",""partnerCode"":251,""partnerISO"":""FRA"",""partnerDesc"":""France"",""partner2Code"":0,""partner2ISO"":""W00"",""partner2Desc"":""World"",""classificationCode"":""H6"",""classificationSearchCode"":""HS"",""isOriginalClassification"":true,""cmdCode"":""090111"",""cmdDesc"":""Coffee; not roasted or decaffeinated"",""aggrLevel"":6,""isLeaf"":true,""customsCode"":""C00"",""customsDesc"":""TOTAL CPC"",""mosCode"":""0"",""motCode"":0,""motDesc"":""TOTAL MOT"",""qtyUnitCode"":8,""qtyUnitAbbr"":""kg"",""qty"":644597.8,""isQtyEstimated"":false,""altQtyUnitCode"":8,""altQtyUnitAbbr"":""kg"",""altQty"":644597.8,""isAltQtyEstimated"":false,""netWgt"":644597.8,""isNetWgtEstimated"":false,""grossWgt"":0,""isGrossWgtEstimated"":false,""cifvalue"":null,""fobvalue"":2485308.66,""primaryValue"":2485308.66,""legacyEstimationFlag"":0,""isReported"":false,""isAggregate"":true}"
,UN Comtrade,https://comtradeapi.un.org/public/v1/preview/C/A/HS?reporterCode=360&flowCode=X&cmdCode=090111&period=2023&includeDesc=true,2026-05-30T18:34:22.015Z,"{""reporters"":[{""endpoint"":""https://comtradeapi.un.org/public/v1/preview/C/A/HS"",""reporterCode"":704,""reporterISO"":""VNM"",""flowCode"":""X"",""cmdCode"":""090111"",""period"":""2020,2021,2022,2023,2024,2025"",""includeDesc"":true},{""endpoint"":""https://comtradeapi.un.org/public/v1/preview/C/A/HS"",""reporterCode"":76,""reporterISO"":""BRA"",""flowCode"":""X"",""cmdCode"":""090111"",""period"":""2020,2021,2022,2023,2024,2025"",""includeDesc"":true},{""endpoint"":""https://comtradeapi.un.org/public/v1/preview/C/A/HS"",""reporterCode"":360,""reporterISO"":""IDN"",""flowCode"":""X"",""cmdCode"":""090111"",""period"":""2020,2021,2022,2023,2024,2025"",""includeDesc"":true}]}",C,A,20230101,2023,360,IDN,Indonesia,258,PYF,French Polynesia,0,W00,World,X,Export,H6,090111,Coffee; not roasted or decaffeinated,C00,TOTAL CPC,0,TOTAL MOT,8,kg,20,20,0,10,true,false,true,"{""typeCode"":""C"",""freqCode"":""A"",""refPeriodId"":20230101,""refYear"":2023,""refMonth"":52,""period"":""2023"",""reporterCode"":360,""reporterISO"":""IDN"",""reporterDesc"":""Indonesia"",""flowCode"":""X"",""flowDesc"":""Export"",""partnerCode"":258,""partnerISO"":""PYF"",""partnerDesc"":""French Polynesia"",""partner2Code"":0,""partner2ISO"":""W00"",""partner2Desc"":""World"",""classificationCode"":""H6"",""classificationSearchCode"":""HS"",""isOriginalClassification"":true,""cmdCode"":""090111"",""cmdDesc"":""Coffee; not roasted or decaffeinated"",""aggrLevel"":6,""isLeaf"":true,""customsCode"":""C00"",""customsDesc"":""TOTAL CPC"",""mosCode"":""0"",""motCode"":0,""motDesc"":""TOTAL MOT"",""qtyUnitCode"":8,""qtyUnitAbbr"":""kg"",""qty"":20,""isQtyEstimated"":false,""altQtyUnitCode"":8,""altQtyUnitAbbr"":""kg"",""altQty"":20,""isAltQtyEstimated"":false,""netWgt"":20,""isNetWgtEstimated"":false,""grossWgt"":0,""isGrossWgtEstimated"":false,""cifvalue"":null,""fobvalue"":10,""primaryValue"":10,""legacyEstimationFlag"":0,""isReported"":false,""isAggregate"":true}"
,UN Comtrade,https://comtradeapi.un.org/public/v1/preview/C/A/HS?reporterCode=360&flowCode=X&cmdCode=090111&period=2023&includeDesc=true,2026-05-30T18:34:22.015Z,"{""reporters"":[{""endpoint"":""https://comtradeapi.un.org/public/v1/preview/C/A/HS"",""reporterCode"":704,""reporterISO"":""VNM"",""flowCode"":""X"",""cmdCode"":""090111"",""period"":""2020,2021,2022,2023,2024,2025"",""includeDesc"":true},{""endpoint"":""https://comtradeapi.un.org/public/v1/preview/C/A/HS"",""reporterCode"":76,""reporterISO"":""BRA"",""flowCode"":""X"",""cmdCode"":""090111"",""period"":""2020,2021,2022,2023,2024,2025"",""includeDesc"":true},{""endpoint"":""https://comtradeapi.un.org/public/v1/preview/C/A/HS"",""reporterCode"":360,""reporterISO"":""IDN"",""flowCode"":""X"",""cmdCode"":""090111"",""period"":""2020,2021,2022,2023,2024,2025"",""includeDesc"":true}]}",C,A,20230101,2023,360,IDN,Indonesia,268,GEO,Georgia,0,W00,World,X,Export,H6,090111,Coffee; not roasted or decaffeinated,C00,TOTAL CPC,0,TOTAL MOT,8,kg,11536420,11536420,0,29160104.64,true,false,true,"{""typeCode"":""C"",""freqCode"":""A"",""refPeriodId"":20230101,""refYear"":2023,""refMonth"":52,""period"":""2023"",""reporterCode"":360,""reporterISO"":""IDN"",""reporterDesc"":""Indonesia"",""flowCode"":""X"",""flowDesc"":""Export"",""partnerCode"":268,""partnerISO"":""GEO"",""partnerDesc"":""Georgia"",""partner2Code"":0,""partner2ISO"":""W00"",""partner2Desc"":""World"",""classificationCode"":""H6"",""classificationSearchCode"":""HS"",""isOriginalClassification"":true,""cmdCode"":""090111"",""cmdDesc"":""Coffee; not roasted or decaffeinated"",""aggrLevel"":6,""isLeaf"":true,""customsCode"":""C00"",""customsDesc"":""TOTAL CPC"",""mosCode"":""0"",""motCode"":0,""motDesc"":""TOTAL MOT"",""qtyUnitCode"":8,""qtyUnitAbbr"":""kg"",""qty"":11536420,""isQtyEstimated"":false,""altQtyUnitCode"":8,""altQtyUnitAbbr"":""kg"",""altQty"":11536420,""isAltQtyEstimated"":false,""netWgt"":11536420,""isNetWgtEstimated"":false,""grossWgt"":0,""isGrossWgtEstimated"":false,""cifvalue"":null,""fobvalue"":29160104.64,""primaryValue"":29160104.64,""legacyEstimationFlag"":0,""isReported"":false,""isAggregate"":true}"
,UN Comtrade,https://comtradeapi.un.org/public/v1/preview/C/A/HS?reporterCode=360&flowCode=X&cmdCode=090111&period=2023&includeDesc=true,2026-05-30T18:34:22.015Z,"{""reporters"":[{""endpoint"":""https://comtradeapi.un.org/public/v1/preview/C/A/HS"",""reporterCode"":704,""reporterISO"":""VNM"",""flowCode"":""X"",""cmdCode"":""090111"",""period"":""2020,2021,2022,2023,2024,2025"",""includeDesc"":true},{""endpoint"":""https://comtradeapi.un.org/public/v1/preview/C/A/HS"",""reporterCode"":76,""reporterISO"":""BRA"",""flowCode"":""X"",""cmdCode"":""090111"",""period"":""2020,2021,2022,2023,2024,2025"",""includeDesc"":true},{""endpoint"":""https://comtradeapi.un.org/public/v1/preview/C/A/HS"",""reporterCode"":360,""reporterISO"":""IDN"",""flowCode"":""X"",""cmdCode"":""090111"",""period"":""2020,2021,2022,2023,2024,2025"",""includeDesc"":true}]}",C,A,20230101,2023,360,IDN,Indonesia,276,DEU,Germany,0,W00,World,X,Export,H6,090111,Coffee; not roasted or decaffeinated,C00,TOTAL CPC,0,TOTAL MOT,8,kg,9460439.56,9460439.56,0,32906638.249,true,false,true,"{""typeCode"":""C"",""freqCode"":""A"",""refPeriodId"":20230101,""refYear"":2023,""refMonth"":52,""period"":""2023"",""reporterCode"":360,""reporterISO"":""IDN"",""reporterDesc"":""Indonesia"",""flowCode"":""X"",""flowDesc"":""Export"",""partnerCode"":276,""partnerISO"":""DEU"",""partnerDesc"":""Germany"",""partner2Code"":0,""partner2ISO"":""W00"",""partner2Desc"":""World"",""classificationCode"":""H6"",""classificationSearchCode"":""HS"",""isOriginalClassification"":true,""cmdCode"":""090111"",""cmdDesc"":""Coffee; not roasted or decaffeinated"",""aggrLevel"":6,""isLeaf"":true,""customsCode"":""C00"",""customsDesc"":""TOTAL CPC"",""mosCode"":""0"",""motCode"":0,""motDesc"":""TOTAL MOT"",""qtyUnitCode"":8,""qtyUnitAbbr"":""kg"",""qty"":9460439.56,""isQtyEstimated"":false,""altQtyUnitCode"":8,""altQtyUnitAbbr"":""kg"",""altQty"":9460439.56,""isAltQtyEstimated"":false,""netWgt"":9460439.56,""isNetWgtEstimated"":false,""grossWgt"":0,""isGrossWgtEstimated"":false,""cifvalue"":null,""fobvalue"":32906638.249,""primaryValue"":32906638.249,""legacyEstimationFlag"":0,""isReported"":false,""isAggregate"":true}"
,UN Comtrade,https://comtradeapi.un.org/public/v1/preview/C/A/HS?reporterCode=360&flowCode=X&cmdCode=090111&period=2023&includeDesc=true,2026-05-30T18:34:22.015Z,"{""reporters"":[{""endpoint"":""https://comtradeapi.un.org/public/v1/preview/C/A/HS"",""reporterCode"":704,""reporterISO"":""VNM"",""flowCode"":""X"",""cmdCode"":""090111"",""period"":""2020,2021,2022,2023,2024,2025"",""includeDesc"":true},{""endpoint"":""https://comtradeapi.un.org/public/v1/preview/C/A/HS"",""reporterCode"":76,""reporterISO"":""BRA"",""flowCode"":""X"",""cmdCode"":""090111"",""period"":""2020,2021,2022,2023,2024,2025"",""includeDesc"":true},{""endpoint"":""https://comtradeapi.un.org/public/v1/preview/C/A/HS"",""reporterCode"":360,""reporterISO"":""IDN"",""flowCode"":""X"",""cmdCode"":""090111"",""period"":""2020,2021,2022,2023,2024,2025"",""includeDesc"":true}]}",C,A,20230101,2023,360,IDN,Indonesia,296,KIR,Kiribati,0,W00,World,X,Export,H6,090111,Coffee; not roasted or decaffeinated,C00,TOTAL CPC,0,TOTAL MOT,8,kg,27,27,0,46.049,true,false,true,"{""typeCode"":""C"",""freqCode"":""A"",""refPeriodId"":20230101,""refYear"":2023,""refMonth"":52,""period"":""2023"",""reporterCode"":360,""reporterISO"":""IDN"",""reporterDesc"":""Indonesia"",""flowCode"":""X"",""flowDesc"":""Export"",""partnerCode"":296,""partnerISO"":""KIR"",""partnerDesc"":""Kiribati"",""partner2Code"":0,""partner2ISO"":""W00"",""partner2Desc"":""World"",""classificationCode"":""H6"",""classificationSearchCode"":""HS"",""isOriginalClassification"":true,""cmdCode"":""090111"",""cmdDesc"":""Coffee; not roasted or decaffeinated"",""aggrLevel"":6,""isLeaf"":true,""customsCode"":""C00"",""customsDesc"":""TOTAL CPC"",""mosCode"":""0"",""motCode"":0,""motDesc"":""TOTAL MOT"",""qtyUnitCode"":8,""qtyUnitAbbr"":""kg"",""qty"":27,""isQtyEstimated"":false,""altQtyUnitCode"":8,""altQtyUnitAbbr"":""kg"",""altQty"":27,""isAltQtyEstimated"":false,""netWgt"":27,""isNetWgtEstimated"":false,""grossWgt"":0,""isGrossWgtEstimated"":false,""cifvalue"":null,""fobvalue"":46.049,""primaryValue"":46.049,""legacyEstimationFlag"":0,""isReported"":false,""isAggregate"":true}"
,UN Comtrade,https://comtradeapi.un.org/public/v1/preview/C/A/HS?reporterCode=360&flowCode=X&cmdCode=090111&period=2023&includeDesc=true,2026-05-30T18:34:22.015Z,"{""reporters"":[{""endpoint"":""https://comtradeapi.un.org/public/v1/preview/C/A/HS"",""reporterCode"":704,""reporterISO"":""VNM"",""flowCode"":""X"",""cmdCode"":""090111"",""period"":""2020,2021,2022,2023,2024,2025"",""includeDesc"":true},{""endpoint"":""https://comtradeapi.un.org/public/v1/preview/C/A/HS"",""reporterCode"":76,""reporterISO"":""BRA"",""flowCode"":""X"",""cmdCode"":""090111"",""period"":""2020,2021,2022,2023,2024,2025"",""includeDesc"":true},{""endpoint"":""https://comtradeapi.un.org/public/v1/preview/C/A/HS"",""reporterCode"":360,""reporterISO"":""IDN"",""flowCode"":""X"",""cmdCode"":""090111"",""period"":""2020,2021,2022,2023,2024,2025"",""includeDesc"":true}]}",C,A,20230101,2023,360,IDN,Indonesia,300,GRC,Greece,0,W00,World,X,Export,H6,090111,Coffee; not roasted or decaffeinated,C00,TOTAL CPC,0,TOTAL MOT,8,kg,1400400,1400400,0,3450516.12,true,false,true,"{""typeCode"":""C"",""freqCode"":""A"",""refPeriodId"":20230101,""refYear"":2023,""refMonth"":52,""period"":""2023"",""reporterCode"":360,""reporterISO"":""IDN"",""reporterDesc"":""Indonesia"",""flowCode"":""X"",""flowDesc"":""Export"",""partnerCode"":300,""partnerISO"":""GRC"",""partnerDesc"":""Greece"",""partner2Code"":0,""partner2ISO"":""W00"",""partner2Desc"":""World"",""classificationCode"":""H6"",""classificationSearchCode"":""HS"",""isOriginalClassification"":true,""cmdCode"":""090111"",""cmdDesc"":""Coffee; not roasted or decaffeinated"",""aggrLevel"":6,""isLeaf"":true,""customsCode"":""C00"",""customsDesc"":""TOTAL CPC"",""mosCode"":""0"",""motCode"":0,""motDesc"":""TOTAL MOT"",""qtyUnitCode"":8,""qtyUnitAbbr"":""kg"",""qty"":1400400,""isQtyEstimated"":false,""altQtyUnitCode"":8,""altQtyUnitAbbr"":""kg"",""altQty"":1400400,""isAltQtyEstimated"":false,""netWgt"":1400400,""isNetWgtEstimated"":false,""grossWgt"":0,""isGrossWgtEstimated"":false,""cifvalue"":null,""fobvalue"":3450516.12,""primaryValue"":3450516.12,""legacyEstimationFlag"":0,""isReported"":false,""isAggregate"":true}"
,UN Comtrade,https://comtradeapi.un.org/public/v1/preview/C/A/HS?reporterCode=360&flowCode=X&cmdCode=090111&period=2023&includeDesc=true,2026-05-30T18:34:22.015Z,"{""reporters"":[{""endpoint"":""https://comtradeapi.un.org/public/v1/preview/C/A/HS"",""reporterCode"":704,""reporterISO"":""VNM"",""flowCode"":""X"",""cmdCode"":""090111"",""period"":""2020,2021,2022,2023,2024,2025"",""includeDesc"":true},{""endpoint"":""https://comtradeapi.un.org/public/v1/preview/C/A/HS"",""reporterCode"":76,""reporterISO"":""BRA"",""flowCode"":""X"",""cmdCode"":""090111"",""period"":""2020,2021,2022,2023,2024,2025"",""includeDesc"":true},{""endpoint"":""https://comtradeapi.un.org/public/v1/preview/C/A/HS"",""reporterCode"":360,""reporterISO"":""IDN"",""flowCode"":""X"",""cmdCode"":""090111"",""period"":""2020,2021,2022,2023,2024,2025"",""includeDesc"":true}]}",C,A,20230101,2023,360,IDN,Indonesia,320,GTM,Guatemala,0,W00,World,X,Export,H6,090111,Coffee; not roasted or decaffeinated,C00,TOTAL CPC,0,TOTAL MOT,8,kg,799200,799200,0,1667902.01,true,false,true,"{""typeCode"":""C"",""freqCode"":""A"",""refPeriodId"":20230101,""refYear"":2023,""refMonth"":52,""period"":""2023"",""reporterCode"":360,""reporterISO"":""IDN"",""reporterDesc"":""Indonesia"",""flowCode"":""X"",""flowDesc"":""Export"",""partnerCode"":320,""partnerISO"":""GTM"",""partnerDesc"":""Guatemala"",""partner2Code"":0,""partner2ISO"":""W00"",""partner2Desc"":""World"",""classificationCode"":""H6"",""classificationSearchCode"":""HS"",""isOriginalClassification"":true,""cmdCode"":""090111"",""cmdDesc"":""Coffee; not roasted or decaffeinated"",""aggrLevel"":6,""isLeaf"":true,""customsCode"":""C00"",""customsDesc"":""TOTAL CPC"",""mosCode"":""0"",""motCode"":0,""motDesc"":""TOTAL MOT"",""qtyUnitCode"":8,""qtyUnitAbbr"":""kg"",""qty"":799200,""isQtyEstimated"":false,""altQtyUnitCode"":8,""altQtyUnitAbbr"":""kg"",""altQty"":799200,""isAltQtyEstimated"":false,""netWgt"":799200,""isNetWgtEstimated"":false,""grossWgt"":0,""isGrossWgtEstimated"":false,""cifvalue"":null,""fobvalue"":1667902.01,""primaryValue"":1667902.01,""legacyEstimationFlag"":0,""isReported"":false,""isAggregate"":true}"
,UN Comtrade,https://comtradeapi.un.org/public/v1/preview/C/A/HS?reporterCode=360&flowCode=X&cmdCode=090111&period=2023&includeDesc=true,2026-05-30T18:34:22.015Z,"{""reporters"":[{""endpoint"":""https://comtradeapi.un.org/public/v1/preview/C/A/HS"",""reporterCode"":704,""reporterISO"":""VNM"",""flowCode"":""X"",""cmdCode"":""090111"",""period"":""2020,2021,2022,2023,2024,2025"",""includeDesc"":true},{""endpoint"":""https://comtradeapi.un.org/public/v1/preview/C/A/HS"",""reporterCode"":76,""reporterISO"":""BRA"",""flowCode"":""X"",""cmdCode"":""090111"",""period"":""2020,2021,2022,2023,2024,2025"",""includeDesc"":true},{""endpoint"":""https://comtradeapi.un.org/public/v1/preview/C/A/HS"",""reporterCode"":360,""reporterISO"":""IDN"",""flowCode"":""X"",""cmdCode"":""090111"",""period"":""2020,2021,2022,2023,2024,2025"",""includeDesc"":true}]}",C,A,20230101,2023,360,IDN,Indonesia,344,HKG,"China, Hong Kong SAR",0,W00,World,X,Export,H6,090111,Coffee; not roasted or decaffeinated,C00,TOTAL CPC,0,TOTAL MOT,8,kg,650475.62,650475.62,0,2035943.776,true,false,true,"{""typeCode"":""C"",""freqCode"":""A"",""refPeriodId"":20230101,""refYear"":2023,""refMonth"":52,""period"":""2023"",""reporterCode"":360,""reporterISO"":""IDN"",""reporterDesc"":""Indonesia"",""flowCode"":""X"",""flowDesc"":""Export"",""partnerCode"":344,""partnerISO"":""HKG"",""partnerDesc"":""China, Hong Kong SAR"",""partner2Code"":0,""partner2ISO"":""W00"",""partner2Desc"":""World"",""classificationCode"":""H6"",""classificationSearchCode"":""HS"",""isOriginalClassification"":true,""cmdCode"":""090111"",""cmdDesc"":""Coffee; not roasted or decaffeinated"",""aggrLevel"":6,""isLeaf"":true,""customsCode"":""C00"",""customsDesc"":""TOTAL CPC"",""mosCode"":""0"",""motCode"":0,""motDesc"":""TOTAL MOT"",""qtyUnitCode"":8,""qtyUnitAbbr"":""kg"",""qty"":650475.62,""isQtyEstimated"":false,""altQtyUnitCode"":8,""altQtyUnitAbbr"":""kg"",""altQty"":650475.62,""isAltQtyEstimated"":false,""netWgt"":650475.62,""isNetWgtEstimated"":false,""grossWgt"":0,""isGrossWgtEstimated"":false,""cifvalue"":null,""fobvalue"":2035943.776,""primaryValue"":2035943.776,""legacyEstimationFlag"":0,""isReported"":false,""isAggregate"":true}"
,UN Comtrade,https://comtradeapi.un.org/public/v1/preview/C/A/HS?reporterCode=360&flowCode=X&cmdCode=090111&period=2023&includeDesc=true,2026-05-30T18:34:22.015Z,"{""reporters"":[{""endpoint"":""https://comtradeapi.un.org/public/v1/preview/C/A/HS"",""reporterCode"":704,""reporterISO"":""VNM"",""flowCode"":""X"",""cmdCode"":""090111"",""period"":""2020,2021,2022,2023,2024,2025"",""includeDesc"":true},{""endpoint"":""https://comtradeapi.un.org/public/v1/preview/C/A/HS"",""reporterCode"":76,""reporterISO"":""BRA"",""flowCode"":""X"",""cmdCode"":""090111"",""period"":""2020,2021,2022,2023,2024,2025"",""includeDesc"":true},{""endpoint"":""https://comtradeapi.un.org/public/v1/preview/C/A/HS"",""reporterCode"":360,""reporterISO"":""IDN"",""flowCode"":""X"",""cmdCode"":""090111"",""period"":""2020,2021,2022,2023,2024,2025"",""includeDesc"":true}]}",C,A,20230101,2023,360,IDN,Indonesia,364,IRN,Iran,0,W00,World,X,Export,H6,090111,Coffee; not roasted or decaffeinated,C00,TOTAL CPC,0,TOTAL MOT,8,kg,820740,820740,0,2493777.89,true,false,true,"{""typeCode"":""C"",""freqCode"":""A"",""refPeriodId"":20230101,""refYear"":2023,""refMonth"":52,""period"":""2023"",""reporterCode"":360,""reporterISO"":""IDN"",""reporterDesc"":""Indonesia"",""flowCode"":""X"",""flowDesc"":""Export"",""partnerCode"":364,""partnerISO"":""IRN"",""partnerDesc"":""Iran"",""partner2Code"":0,""partner2ISO"":""W00"",""partner2Desc"":""World"",""classificationCode"":""H6"",""classificationSearchCode"":""HS"",""isOriginalClassification"":true,""cmdCode"":""090111"",""cmdDesc"":""Coffee; not roasted or decaffeinated"",""aggrLevel"":6,""isLeaf"":true,""customsCode"":""C00"",""customsDesc"":""TOTAL CPC"",""mosCode"":""0"",""motCode"":0,""motDesc"":""TOTAL MOT"",""qtyUnitCode"":8,""qtyUnitAbbr"":""kg"",""qty"":820740,""isQtyEstimated"":false,""altQtyUnitCode"":8,""altQtyUnitAbbr"":""kg"",""altQty"":820740,""isAltQtyEstimated"":false,""netWgt"":820740,""isNetWgtEstimated"":false,""grossWgt"":0,""isGrossWgtEstimated"":false,""cifvalue"":null,""fobvalue"":2493777.89,""primaryValue"":2493777.89,""legacyEstimationFlag"":0,""isReported"":false,""isAggregate"":true}"
,UN Comtrade,https://comtradeapi.un.org/public/v1/preview/C/A/HS?reporterCode=360&flowCode=X&cmdCode=090111&period=2023&includeDesc=true,2026-05-30T18:34:22.015Z,"{""reporters"":[{""endpoint"":""https://comtradeapi.un.org/public/v1/preview/C/A/HS"",""reporterCode"":704,""reporterISO"":""VNM"",""flowCode"":""X"",""cmdCode"":""090111"",""period"":""2020,2021,2022,2023,2024,2025"",""includeDesc"":true},{""endpoint"":""https://comtradeapi.un.org/public/v1/preview/C/A/HS"",""reporterCode"":76,""reporterISO"":""BRA"",""flowCode"":""X"",""cmdCode"":""090111"",""period"":""2020,2021,2022,2023,2024,2025"",""includeDesc"":true},{""endpoint"":""https://comtradeapi.un.org/public/v1/preview/C/A/HS"",""reporterCode"":360,""reporterISO"":""IDN"",""flowCode"":""X"",""cmdCode"":""090111"",""period"":""2020,2021,2022,2023,2024,2025"",""includeDesc"":true}]}",C,A,20230101,2023,360,IDN,Indonesia,372,IRL,Ireland,0,W00,World,X,Export,H6,090111,Coffee; not roasted or decaffeinated,C00,TOTAL CPC,0,TOTAL MOT,8,kg,134400,134400,0,905550.38,true,false,true,"{""typeCode"":""C"",""freqCode"":""A"",""refPeriodId"":20230101,""refYear"":2023,""refMonth"":52,""period"":""2023"",""reporterCode"":360,""reporterISO"":""IDN"",""reporterDesc"":""Indonesia"",""flowCode"":""X"",""flowDesc"":""Export"",""partnerCode"":372,""partnerISO"":""IRL"",""partnerDesc"":""Ireland"",""partner2Code"":0,""partner2ISO"":""W00"",""partner2Desc"":""World"",""classificationCode"":""H6"",""classificationSearchCode"":""HS"",""isOriginalClassification"":true,""cmdCode"":""090111"",""cmdDesc"":""Coffee; not roasted or decaffeinated"",""aggrLevel"":6,""isLeaf"":true,""customsCode"":""C00"",""customsDesc"":""TOTAL CPC"",""mosCode"":""0"",""motCode"":0,""motDesc"":""TOTAL MOT"",""qtyUnitCode"":8,""qtyUnitAbbr"":""kg"",""qty"":134400,""isQtyEstimated"":false,""altQtyUnitCode"":8,""altQtyUnitAbbr"":""kg"",""altQty"":134400,""isAltQtyEstimated"":false,""netWgt"":134400,""isNetWgtEstimated"":false,""grossWgt"":0,""isGrossWgtEstimated"":false,""cifvalue"":null,""fobvalue"":905550.38,""primaryValue"":905550.38,""legacyEstimationFlag"":0,""isReported"":false,""isAggregate"":true}"
,UN Comtrade,https://comtradeapi.un.org/public/v1/preview/C/A/HS?reporterCode=360&flowCode=X&cmdCode=090111&period=2023&includeDesc=true,2026-05-30T18:34:22.015Z,"{""reporters"":[{""endpoint"":""https://comtradeapi.un.org/public/v1/preview/C/A/HS"",""reporterCode"":704,""reporterISO"":""VNM"",""flowCode"":""X"",""cmdCode"":""090111"",""period"":""2020,2021,2022,2023,2024,2025"",""includeDesc"":true},{""endpoint"":""https://comtradeapi.un.org/public/v1/preview/C/A/HS"",""reporterCode"":76,""reporterISO"":""BRA"",""flowCode"":""X"",""cmdCode"":""090111"",""period"":""2020,2021,2022,2023,2024,2025"",""includeDesc"":true},{""endpoint"":""https://comtradeapi.un.org/public/v1/preview/C/A/HS"",""reporterCode"":360,""reporterISO"":""IDN"",""flowCode"":""X"",""cmdCode"":""090111"",""period"":""2020,2021,2022,2023,2024,2025"",""includeDesc"":true}]}",C,A,20230101,2023,360,IDN,Indonesia,376,ISR,Israel,0,W00,World,X,Export,H6,090111,Coffee; not roasted or decaffeinated,C00,TOTAL CPC,0,TOTAL MOT,8,kg,153420,153420,0,561463.01,true,false,true,"{""typeCode"":""C"",""freqCode"":""A"",""refPeriodId"":20230101,""refYear"":2023,""refMonth"":52,""period"":""2023"",""reporterCode"":360,""reporterISO"":""IDN"",""reporterDesc"":""Indonesia"",""flowCode"":""X"",""flowDesc"":""Export"",""partnerCode"":376,""partnerISO"":""ISR"",""partnerDesc"":""Israel"",""partner2Code"":0,""partner2ISO"":""W00"",""partner2Desc"":""World"",""classificationCode"":""H6"",""classificationSearchCode"":""HS"",""isOriginalClassification"":true,""cmdCode"":""090111"",""cmdDesc"":""Coffee; not roasted or decaffeinated"",""aggrLevel"":6,""isLeaf"":true,""customsCode"":""C00"",""customsDesc"":""TOTAL CPC"",""mosCode"":""0"",""motCode"":0,""motDesc"":""TOTAL MOT"",""qtyUnitCode"":8,""qtyUnitAbbr"":""kg"",""qty"":153420,""isQtyEstimated"":false,""altQtyUnitCode"":8,""altQtyUnitAbbr"":""kg"",""altQty"":153420,""isAltQtyEstimated"":false,""netWgt"":153420,""isNetWgtEstimated"":false,""grossWgt"":0,""isGrossWgtEstimated"":false,""cifvalue"":null,""fobvalue"":561463.01,""primaryValue"":561463.01,""legacyEstimationFlag"":0,""isReported"":false,""isAggregate"":true}"
,UN Comtrade,https://comtradeapi.un.org/public/v1/preview/C/A/HS?reporterCode=360&flowCode=X&cmdCode=090111&period=2023&includeDesc=true,2026-05-30T18:34:22.015Z,"{""reporters"":[{""endpoint"":""https://comtradeapi.un.org/public/v1/preview/C/A/HS"",""reporterCode"":704,""reporterISO"":""VNM"",""flowCode"":""X"",""cmdCode"":""090111"",""period"":""2020,2021,2022,2023,2024,2025"",""includeDesc"":true},{""endpoint"":""https://comtradeapi.un.org/public/v1/preview/C/A/HS"",""reporterCode"":76,""reporterISO"":""BRA"",""flowCode"":""X"",""cmdCode"":""090111"",""period"":""2020,2021,2022,2023,2024,2025"",""includeDesc"":true},{""endpoint"":""https://comtradeapi.un.org/public/v1/preview/C/A/HS"",""reporterCode"":360,""reporterISO"":""IDN"",""flowCode"":""X"",""cmdCode"":""090111"",""period"":""2020,2021,2022,2023,2024,2025"",""includeDesc"":true}]}",C,A,20230101,2023,360,IDN,Indonesia,380,ITA,Italy,0,W00,World,X,Export,H6,090111,Coffee; not roasted or decaffeinated,C00,TOTAL CPC,0,TOTAL MOT,8,kg,18122002,18122002,0,43801491.98,true,false,true,"{""typeCode"":""C"",""freqCode"":""A"",""refPeriodId"":20230101,""refYear"":2023,""refMonth"":52,""period"":""2023"",""reporterCode"":360,""reporterISO"":""IDN"",""reporterDesc"":""Indonesia"",""flowCode"":""X"",""flowDesc"":""Export"",""partnerCode"":380,""partnerISO"":""ITA"",""partnerDesc"":""Italy"",""partner2Code"":0,""partner2ISO"":""W00"",""partner2Desc"":""World"",""classificationCode"":""H6"",""classificationSearchCode"":""HS"",""isOriginalClassification"":true,""cmdCode"":""090111"",""cmdDesc"":""Coffee; not roasted or decaffeinated"",""aggrLevel"":6,""isLeaf"":true,""customsCode"":""C00"",""customsDesc"":""TOTAL CPC"",""mosCode"":""0"",""motCode"":0,""motDesc"":""TOTAL MOT"",""qtyUnitCode"":8,""qtyUnitAbbr"":""kg"",""qty"":18122002,""isQtyEstimated"":false,""altQtyUnitCode"":8,""altQtyUnitAbbr"":""kg"",""altQty"":18122002,""isAltQtyEstimated"":false,""netWgt"":18122002,""isNetWgtEstimated"":false,""grossWgt"":0,""isGrossWgtEstimated"":false,""cifvalue"":null,""fobvalue"":43801491.98,""primaryValue"":43801491.98,""legacyEstimationFlag"":0,""isReported"":false,""isAggregate"":true}"
,UN Comtrade,https://comtradeapi.un.org/public/v1/preview/C/A/HS?reporterCode=360&flowCode=X&cmdCode=090111&period=2023&includeDesc=true,2026-05-30T18:34:22.015Z,"{""reporters"":[{""endpoint"":""https://comtradeapi.un.org/public/v1/preview/C/A/HS"",""reporterCode"":704,""reporterISO"":""VNM"",""flowCode"":""X"",""cmdCode"":""090111"",""period"":""2020,2021,2022,2023,2024,2025"",""includeDesc"":true},{""endpoint"":""https://comtradeapi.un.org/public/v1/preview/C/A/HS"",""reporterCode"":76,""reporterISO"":""BRA"",""flowCode"":""X"",""cmdCode"":""090111"",""period"":""2020,2021,2022,2023,2024,2025"",""includeDesc"":true},{""endpoint"":""https://comtradeapi.un.org/public/v1/preview/C/A/HS"",""reporterCode"":360,""reporterISO"":""IDN"",""flowCode"":""X"",""cmdCode"":""090111"",""period"":""2020,2021,2022,2023,2024,2025"",""includeDesc"":true}]}",C,A,20230101,2023,360,IDN,Indonesia,392,JPN,Japan,0,W00,World,X,Export,H6,090111,Coffee; not roasted or decaffeinated,C00,TOTAL CPC,0,TOTAL MOT,8,kg,15316481.14,15316481.14,0,63029945.146,true,false,true,"{""typeCode"":""C"",""freqCode"":""A"",""refPeriodId"":20230101,""refYear"":2023,""refMonth"":52,""period"":""2023"",""reporterCode"":360,""reporterISO"":""IDN"",""reporterDesc"":""Indonesia"",""flowCode"":""X"",""flowDesc"":""Export"",""partnerCode"":392,""partnerISO"":""JPN"",""partnerDesc"":""Japan"",""partner2Code"":0,""partner2ISO"":""W00"",""partner2Desc"":""World"",""classificationCode"":""H6"",""classificationSearchCode"":""HS"",""isOriginalClassification"":true,""cmdCode"":""090111"",""cmdDesc"":""Coffee; not roasted or decaffeinated"",""aggrLevel"":6,""isLeaf"":true,""customsCode"":""C00"",""customsDesc"":""TOTAL CPC"",""mosCode"":""0"",""motCode"":0,""motDesc"":""TOTAL MOT"",""qtyUnitCode"":8,""qtyUnitAbbr"":""kg"",""qty"":15316481.14,""isQtyEstimated"":false,""altQtyUnitCode"":8,""altQtyUnitAbbr"":""kg"",""altQty"":15316481.14,""isAltQtyEstimated"":false,""netWgt"":15316481.14,""isNetWgtEstimated"":false,""grossWgt"":0,""isGrossWgtEstimated"":false,""cifvalue"":null,""fobvalue"":63029945.146,""primaryValue"":63029945.146,""legacyEstimationFlag"":0,""isReported"":false,""isAggregate"":true}"
,UN Comtrade,https://comtradeapi.un.org/public/v1/preview/C/A/HS?reporterCode=360&flowCode=X&cmdCode=090111&period=2023&includeDesc=true,2026-05-30T18:34:22.015Z,"{""reporters"":[{""endpoint"":""https://comtradeapi.un.org/public/v1/preview/C/A/HS"",""reporterCode"":704,""reporterISO"":""VNM"",""flowCode"":""X"",""cmdCode"":""090111"",""period"":""2020,2021,2022,2023,2024,2025"",""includeDesc"":true},{""endpoint"":""https://comtradeapi.un.org/public/v1/preview/C/A/HS"",""reporterCode"":76,""reporterISO"":""BRA"",""flowCode"":""X"",""cmdCode"":""090111"",""period"":""2020,2021,2022,2023,2024,2025"",""includeDesc"":true},{""endpoint"":""https://comtradeapi.un.org/public/v1/preview/C/A/HS"",""reporterCode"":360,""reporterISO"":""IDN"",""flowCode"":""X"",""cmdCode"":""090111"",""period"":""2020,2021,2022,2023,2024,2025"",""includeDesc"":true}]}",C,A,20230101,2023,360,IDN,Indonesia,400,JOR,Jordan,0,W00,World,X,Export,H6,090111,Coffee; not roasted or decaffeinated,C00,TOTAL CPC,0,TOTAL MOT,8,kg,389700,389700,0,961289,true,false,true,"{""typeCode"":""C"",""freqCode"":""A"",""refPeriodId"":20230101,""refYear"":2023,""refMonth"":52,""period"":""2023"",""reporterCode"":360,""reporterISO"":""IDN"",""reporterDesc"":""Indonesia"",""flowCode"":""X"",""flowDesc"":""Export"",""partnerCode"":400,""partnerISO"":""JOR"",""partnerDesc"":""Jordan"",""partner2Code"":0,""partner2ISO"":""W00"",""partner2Desc"":""World"",""classificationCode"":""H6"",""classificationSearchCode"":""HS"",""isOriginalClassification"":true,""cmdCode"":""090111"",""cmdDesc"":""Coffee; not roasted or decaffeinated"",""aggrLevel"":6,""isLeaf"":true,""customsCode"":""C00"",""customsDesc"":""TOTAL CPC"",""mosCode"":""0"",""motCode"":0,""motDesc"":""TOTAL MOT"",""qtyUnitCode"":8,""qtyUnitAbbr"":""kg"",""qty"":389700,""isQtyEstimated"":false,""altQtyUnitCode"":8,""altQtyUnitAbbr"":""kg"",""altQty"":389700,""isAltQtyEstimated"":false,""netWgt"":389700,""isNetWgtEstimated"":false,""grossWgt"":0,""isGrossWgtEstimated"":false,""cifvalue"":null,""fobvalue"":961289,""primaryValue"":961289,""legacyEstimationFlag"":0,""isReported"":false,""isAggregate"":true}"
,UN Comtrade,https://comtradeapi.un.org/public/v1/preview/C/A/HS?reporterCode=360&flowCode=X&cmdCode=090111&period=2023&includeDesc=true,2026-05-30T18:34:22.015Z,"{""reporters"":[{""endpoint"":""https://comtradeapi.un.org/public/v1/preview/C/A/HS"",""reporterCode"":704,""reporterISO"":""VNM"",""flowCode"":""X"",""cmdCode"":""090111"",""period"":""2020,2021,2022,2023,2024,2025"",""includeDesc"":true},{""endpoint"":""https://comtradeapi.un.org/public/v1/preview/C/A/HS"",""reporterCode"":76,""reporterISO"":""BRA"",""flowCode"":""X"",""cmdCode"":""090111"",""period"":""2020,2021,2022,2023,2024,2025"",""includeDesc"":true},{""endpoint"":""https://comtradeapi.un.org/public/v1/preview/C/A/HS"",""reporterCode"":360,""reporterISO"":""IDN"",""flowCode"":""X"",""cmdCode"":""090111"",""period"":""2020,2021,2022,2023,2024,2025"",""includeDesc"":true}]}",C,A,20230101,2023,360,IDN,Indonesia,410,KOR,Rep. of Korea,0,W00,World,X,Export,H6,090111,Coffee; not roasted or decaffeinated,C00,TOTAL CPC,0,TOTAL MOT,8,kg,2159465,2159465,0,11096362.99,true,false,true,"{""typeCode"":""C"",""freqCode"":""A"",""refPeriodId"":20230101,""refYear"":2023,""refMonth"":52,""period"":""2023"",""reporterCode"":360,""reporterISO"":""IDN"",""reporterDesc"":""Indonesia"",""flowCode"":""X"",""flowDesc"":""Export"",""partnerCode"":410,""partnerISO"":""KOR"",""partnerDesc"":""Rep. of Korea"",""partner2Code"":0,""partner2ISO"":""W00"",""partner2Desc"":""World"",""classificationCode"":""H6"",""classificationSearchCode"":""HS"",""isOriginalClassification"":true,""cmdCode"":""090111"",""cmdDesc"":""Coffee; not roasted or decaffeinated"",""aggrLevel"":6,""isLeaf"":true,""customsCode"":""C00"",""customsDesc"":""TOTAL CPC"",""mosCode"":""0"",""motCode"":0,""motDesc"":""TOTAL MOT"",""qtyUnitCode"":8,""qtyUnitAbbr"":""kg"",""qty"":2159465,""isQtyEstimated"":false,""altQtyUnitCode"":8,""altQtyUnitAbbr"":""kg"",""altQty"":2159465,""isAltQtyEstimated"":false,""netWgt"":2159465,""isNetWgtEstimated"":false,""grossWgt"":0,""isGrossWgtEstimated"":false,""cifvalue"":null,""fobvalue"":11096362.99,""primaryValue"":11096362.99,""legacyEstimationFlag"":0,""isReported"":false,""isAggregate"":true}"
,UN Comtrade,https://comtradeapi.un.org/public/v1/preview/C/A/HS?reporterCode=360&flowCode=X&cmdCode=090111&period=2023&includeDesc=true,2026-05-30T18:34:22.015Z,"{""reporters"":[{""endpoint"":""https://comtradeapi.un.org/public/v1/preview/C/A/HS"",""reporterCode"":704,""reporterISO"":""VNM"",""flowCode"":""X"",""cmdCode"":""090111"",""period"":""2020,2021,2022,2023,2024,2025"",""includeDesc"":true},{""endpoint"":""https://comtradeapi.un.org/public/v1/preview/C/A/HS"",""reporterCode"":76,""reporterISO"":""BRA"",""flowCode"":""X"",""cmdCode"":""090111"",""period"":""2020,2021,2022,2023,2024,2025"",""includeDesc"":true},{""endpoint"":""https://comtradeapi.un.org/public/v1/preview/C/A/HS"",""reporterCode"":360,""reporterISO"":""IDN"",""flowCode"":""X"",""cmdCode"":""090111"",""period"":""2020,2021,2022,2023,2024,2025"",""includeDesc"":true}]}",C,A,20230101,2023,360,IDN,Indonesia,422,LBN,Lebanon,0,W00,World,X,Export,H6,090111,Coffee; not roasted or decaffeinated,C00,TOTAL CPC,0,TOTAL MOT,8,kg,928500,928500,0,2070250.31,true,false,true,"{""typeCode"":""C"",""freqCode"":""A"",""refPeriodId"":20230101,""refYear"":2023,""refMonth"":52,""period"":""2023"",""reporterCode"":360,""reporterISO"":""IDN"",""reporterDesc"":""Indonesia"",""flowCode"":""X"",""flowDesc"":""Export"",""partnerCode"":422,""partnerISO"":""LBN"",""partnerDesc"":""Lebanon"",""partner2Code"":0,""partner2ISO"":""W00"",""partner2Desc"":""World"",""classificationCode"":""H6"",""classificationSearchCode"":""HS"",""isOriginalClassification"":true,""cmdCode"":""090111"",""cmdDesc"":""Coffee; not roasted or decaffeinated"",""aggrLevel"":6,""isLeaf"":true,""customsCode"":""C00"",""customsDesc"":""TOTAL CPC"",""mosCode"":""0"",""motCode"":0,""motDesc"":""TOTAL MOT"",""qtyUnitCode"":8,""qtyUnitAbbr"":""kg"",""qty"":928500,""isQtyEstimated"":false,""altQtyUnitCode"":8,""altQtyUnitAbbr"":""kg"",""altQty"":928500,""isAltQtyEstimated"":false,""netWgt"":928500,""isNetWgtEstimated"":false,""grossWgt"":0,""isGrossWgtEstimated"":false,""cifvalue"":null,""fobvalue"":2070250.31,""primaryValue"":2070250.31,""legacyEstimationFlag"":0,""isReported"":false,""isAggregate"":true}"
,UN Comtrade,https://comtradeapi.un.org/public/v1/preview/C/A/HS?reporterCode=360&flowCode=X&cmdCode=090111&period=2023&includeDesc=true,2026-05-30T18:34:22.015Z,"{""reporters"":[{""endpoint"":""https://comtradeapi.un.org/public/v1/preview/C/A/HS"",""reporterCode"":704,""reporterISO"":""VNM"",""flowCode"":""X"",""cmdCode"":""090111"",""period"":""2020,2021,2022,2023,2024,2025"",""includeDesc"":true},{""endpoint"":""https://comtradeapi.un.org/public/v1/preview/C/A/HS"",""reporterCode"":76,""reporterISO"":""BRA"",""flowCode"":""X"",""cmdCode"":""090111"",""period"":""2020,2021,2022,2023,2024,2025"",""includeDesc"":true},{""endpoint"":""https://comtradeapi.un.org/public/v1/preview/C/A/HS"",""reporterCode"":360,""reporterISO"":""IDN"",""flowCode"":""X"",""cmdCode"":""090111"",""period"":""2020,2021,2022,2023,2024,2025"",""includeDesc"":true}]}",C,A,20230101,2023,360,IDN,Indonesia,428,LVA,Latvia,0,W00,World,X,Export,H6,090111,Coffee; not roasted or decaffeinated,C00,TOTAL CPC,0,TOTAL MOT,8,kg,26970,26970,0,282458.89,true,false,true,"{""typeCode"":""C"",""freqCode"":""A"",""refPeriodId"":20230101,""refYear"":2023,""refMonth"":52,""period"":""2023"",""reporterCode"":360,""reporterISO"":""IDN"",""reporterDesc"":""Indonesia"",""flowCode"":""X"",""flowDesc"":""Export"",""partnerCode"":428,""partnerISO"":""LVA"",""partnerDesc"":""Latvia"",""partner2Code"":0,""partner2ISO"":""W00"",""partner2Desc"":""World"",""classificationCode"":""H6"",""classificationSearchCode"":""HS"",""isOriginalClassification"":true,""cmdCode"":""090111"",""cmdDesc"":""Coffee; not roasted or decaffeinated"",""aggrLevel"":6,""isLeaf"":true,""customsCode"":""C00"",""customsDesc"":""TOTAL CPC"",""mosCode"":""0"",""motCode"":0,""motDesc"":""TOTAL MOT"",""qtyUnitCode"":8,""qtyUnitAbbr"":""kg"",""qty"":26970,""isQtyEstimated"":false,""altQtyUnitCode"":8,""altQtyUnitAbbr"":""kg"",""altQty"":26970,""isAltQtyEstimated"":false,""netWgt"":26970,""isNetWgtEstimated"":false,""grossWgt"":0,""isGrossWgtEstimated"":false,""cifvalue"":null,""fobvalue"":282458.89,""primaryValue"":282458.89,""legacyEstimationFlag"":0,""isReported"":false,""isAggregate"":true}"
,UN Comtrade,https://comtradeapi.un.org/public/v1/preview/C/A/HS?reporterCode=360&flowCode=X&cmdCode=090111&period=2023&includeDesc=true,2026-05-30T18:34:22.015Z,"{""reporters"":[{""endpoint"":""https://comtradeapi.un.org/public/v1/preview/C/A/HS"",""reporterCode"":704,""reporterISO"":""VNM"",""flowCode"":""X"",""cmdCode"":""090111"",""period"":""2020,2021,2022,2023,2024,2025"",""includeDesc"":true},{""endpoint"":""https://comtradeapi.un.org/public/v1/preview/C/A/HS"",""reporterCode"":76,""reporterISO"":""BRA"",""flowCode"":""X"",""cmdCode"":""090111"",""period"":""2020,2021,2022,2023,2024,2025"",""includeDesc"":true},{""endpoint"":""https://comtradeapi.un.org/public/v1/preview/C/A/HS"",""reporterCode"":360,""reporterISO"":""IDN"",""flowCode"":""X"",""cmdCode"":""090111"",""period"":""2020,2021,2022,2023,2024,2025"",""includeDesc"":true}]}",C,A,20230101,2023,360,IDN,Indonesia,434,LBY,Libya,0,W00,World,X,Export,H6,090111,Coffee; not roasted or decaffeinated,C00,TOTAL CPC,0,TOTAL MOT,8,kg,8500,8500,0,20130,true,false,true,"{""typeCode"":""C"",""freqCode"":""A"",""refPeriodId"":20230101,""refYear"":2023,""refMonth"":52,""period"":""2023"",""reporterCode"":360,""reporterISO"":""IDN"",""reporterDesc"":""Indonesia"",""flowCode"":""X"",""flowDesc"":""Export"",""partnerCode"":434,""partnerISO"":""LBY"",""partnerDesc"":""Libya"",""partner2Code"":0,""partner2ISO"":""W00"",""partner2Desc"":""World"",""classificationCode"":""H6"",""classificationSearchCode"":""HS"",""isOriginalClassification"":true,""cmdCode"":""090111"",""cmdDesc"":""Coffee; not roasted or decaffeinated"",""aggrLevel"":6,""isLeaf"":true,""customsCode"":""C00"",""customsDesc"":""TOTAL CPC"",""mosCode"":""0"",""motCode"":0,""motDesc"":""TOTAL MOT"",""qtyUnitCode"":8,""qtyUnitAbbr"":""kg"",""qty"":8500,""isQtyEstimated"":false,""altQtyUnitCode"":8,""altQtyUnitAbbr"":""kg"",""altQty"":8500,""isAltQtyEstimated"":false,""netWgt"":8500,""isNetWgtEstimated"":false,""grossWgt"":0,""isGrossWgtEstimated"":false,""cifvalue"":null,""fobvalue"":20130,""primaryValue"":20130,""legacyEstimationFlag"":0,""isReported"":false,""isAggregate"":true}"
,UN Comtrade,https://comtradeapi.un.org/public/v1/preview/C/A/HS?reporterCode=360&flowCode=X&cmdCode=090111&period=2023&includeDesc=true,2026-05-30T18:34:22.015Z,"{""reporters"":[{""endpoint"":""https://comtradeapi.un.org/public/v1/preview/C/A/HS"",""reporterCode"":704,""reporterISO"":""VNM"",""flowCode"":""X"",""cmdCode"":""090111"",""period"":""2020,2021,2022,2023,2024,2025"",""includeDesc"":true},{""endpoint"":""https://comtradeapi.un.org/public/v1/preview/C/A/HS"",""reporterCode"":76,""reporterISO"":""BRA"",""flowCode"":""X"",""cmdCode"":""090111"",""period"":""2020,2021,2022,2023,2024,2025"",""includeDesc"":true},{""endpoint"":""https://comtradeapi.un.org/public/v1/preview/C/A/HS"",""reporterCode"":360,""reporterISO"":""IDN"",""flowCode"":""X"",""cmdCode"":""090111"",""period"":""2020,2021,2022,2023,2024,2025"",""includeDesc"":true}]}",C,A,20230101,2023,360,IDN,Indonesia,446,MAC,"China, Macao SAR",0,W00,World,X,Export,H6,090111,Coffee; not roasted or decaffeinated,C00,TOTAL CPC,0,TOTAL MOT,8,kg,159600,159600,0,469424.4,true,false,true,"{""typeCode"":""C"",""freqCode"":""A"",""refPeriodId"":20230101,""refYear"":2023,""refMonth"":52,""period"":""2023"",""reporterCode"":360,""reporterISO"":""IDN"",""reporterDesc"":""Indonesia"",""flowCode"":""X"",""flowDesc"":""Export"",""partnerCode"":446,""partnerISO"":""MAC"",""partnerDesc"":""China, Macao SAR"",""partner2Code"":0,""partner2ISO"":""W00"",""partner2Desc"":""World"",""classificationCode"":""H6"",""classificationSearchCode"":""HS"",""isOriginalClassification"":true,""cmdCode"":""090111"",""cmdDesc"":""Coffee; not roasted or decaffeinated"",""aggrLevel"":6,""isLeaf"":true,""customsCode"":""C00"",""customsDesc"":""TOTAL CPC"",""mosCode"":""0"",""motCode"":0,""motDesc"":""TOTAL MOT"",""qtyUnitCode"":8,""qtyUnitAbbr"":""kg"",""qty"":159600,""isQtyEstimated"":false,""altQtyUnitCode"":8,""altQtyUnitAbbr"":""kg"",""altQty"":159600,""isAltQtyEstimated"":false,""netWgt"":159600,""isNetWgtEstimated"":false,""grossWgt"":0,""isGrossWgtEstimated"":false,""cifvalue"":null,""fobvalue"":469424.4,""primaryValue"":469424.4,""legacyEstimationFlag"":0,""isReported"":false,""isAggregate"":true}"
,UN Comtrade,https://comtradeapi.un.org/public/v1/preview/C/A/HS?reporterCode=360&flowCode=X&cmdCode=090111&period=2023&includeDesc=true,2026-05-30T18:34:22.015Z,"{""reporters"":[{""endpoint"":""https://comtradeapi.un.org/public/v1/preview/C/A/HS"",""reporterCode"":704,""reporterISO"":""VNM"",""flowCode"":""X"",""cmdCode"":""090111"",""period"":""2020,2021,2022,2023,2024,2025"",""includeDesc"":true},{""endpoint"":""https://comtradeapi.un.org/public/v1/preview/C/A/HS"",""reporterCode"":76,""reporterISO"":""BRA"",""flowCode"":""X"",""cmdCode"":""090111"",""period"":""2020,2021,2022,2023,2024,2025"",""includeDesc"":true},{""endpoint"":""https://comtradeapi.un.org/public/v1/preview/C/A/HS"",""reporterCode"":360,""reporterISO"":""IDN"",""flowCode"":""X"",""cmdCode"":""090111"",""period"":""2020,2021,2022,2023,2024,2025"",""includeDesc"":true}]}",C,A,20230101,2023,360,IDN,Indonesia,458,MYS,Malaysia,0,W00,World,X,Export,H6,090111,Coffee; not roasted or decaffeinated,C00,TOTAL CPC,0,TOTAL MOT,8,kg,22677447.24,22677447.24,0,60536180.151,true,false,true,"{""typeCode"":""C"",""freqCode"":""A"",""refPeriodId"":20230101,""refYear"":2023,""refMonth"":52,""period"":""2023"",""reporterCode"":360,""reporterISO"":""IDN"",""reporterDesc"":""Indonesia"",""flowCode"":""X"",""flowDesc"":""Export"",""partnerCode"":458,""partnerISO"":""MYS"",""partnerDesc"":""Malaysia"",""partner2Code"":0,""partner2ISO"":""W00"",""partner2Desc"":""World"",""classificationCode"":""H6"",""classificationSearchCode"":""HS"",""isOriginalClassification"":true,""cmdCode"":""090111"",""cmdDesc"":""Coffee; not roasted or decaffeinated"",""aggrLevel"":6,""isLeaf"":true,""customsCode"":""C00"",""customsDesc"":""TOTAL CPC"",""mosCode"":""0"",""motCode"":0,""motDesc"":""TOTAL MOT"",""qtyUnitCode"":8,""qtyUnitAbbr"":""kg"",""qty"":22677447.24,""isQtyEstimated"":false,""altQtyUnitCode"":8,""altQtyUnitAbbr"":""kg"",""altQty"":22677447.24,""isAltQtyEstimated"":false,""netWgt"":22677447.24,""isNetWgtEstimated"":false,""grossWgt"":0,""isGrossWgtEstimated"":false,""cifvalue"":null,""fobvalue"":60536180.151,""primaryValue"":60536180.151,""legacyEstimationFlag"":0,""isReported"":false,""isAggregate"":true}"
,UN Comtrade,https://comtradeapi.un.org/public/v1/preview/C/A/HS?reporterCode=360&flowCode=X&cmdCode=090111&period=2023&includeDesc=true,2026-05-30T18:34:22.015Z,"{""reporters"":[{""endpoint"":""https://comtradeapi.un.org/public/v1/preview/C/A/HS"",""reporterCode"":704,""reporterISO"":""VNM"",""flowCode"":""X"",""cmdCode"":""090111"",""period"":""2020,2021,2022,2023,2024,2025"",""includeDesc"":true},{""endpoint"":""https://comtradeapi.un.org/public/v1/preview/C/A/HS"",""reporterCode"":76,""reporterISO"":""BRA"",""flowCode"":""X"",""cmdCode"":""090111"",""period"":""2020,2021,2022,2023,2024,2025"",""includeDesc"":true},{""endpoint"":""https://comtradeapi.un.org/public/v1/preview/C/A/HS"",""reporterCode"":360,""reporterISO"":""IDN"",""flowCode"":""X"",""cmdCode"":""090111"",""period"":""2020,2021,2022,2023,2024,2025"",""includeDesc"":true}]}",C,A,20230101,2023,360,IDN,Indonesia,484,MEX,Mexico,0,W00,World,X,Export,H6,090111,Coffee; not roasted or decaffeinated,C00,TOTAL CPC,0,TOTAL MOT,8,kg,1142800,1142800,0,2392139.24,true,false,true,"{""typeCode"":""C"",""freqCode"":""A"",""refPeriodId"":20230101,""refYear"":2023,""refMonth"":52,""period"":""2023"",""reporterCode"":360,""reporterISO"":""IDN"",""reporterDesc"":""Indonesia"",""flowCode"":""X"",""flowDesc"":""Export"",""partnerCode"":484,""partnerISO"":""MEX"",""partnerDesc"":""Mexico"",""partner2Code"":0,""partner2ISO"":""W00"",""partner2Desc"":""World"",""classificationCode"":""H6"",""classificationSearchCode"":""HS"",""isOriginalClassification"":true,""cmdCode"":""090111"",""cmdDesc"":""Coffee; not roasted or decaffeinated"",""aggrLevel"":6,""isLeaf"":true,""customsCode"":""C00"",""customsDesc"":""TOTAL CPC"",""mosCode"":""0"",""motCode"":0,""motDesc"":""TOTAL MOT"",""qtyUnitCode"":8,""qtyUnitAbbr"":""kg"",""qty"":1142800,""isQtyEstimated"":false,""altQtyUnitCode"":8,""altQtyUnitAbbr"":""kg"",""altQty"":1142800,""isAltQtyEstimated"":false,""netWgt"":1142800,""isNetWgtEstimated"":false,""grossWgt"":0,""isGrossWgtEstimated"":false,""cifvalue"":null,""fobvalue"":2392139.24,""primaryValue"":2392139.24,""legacyEstimationFlag"":0,""isReported"":false,""isAggregate"":true}"
,UN Comtrade,https://comtradeapi.un.org/public/v1/preview/C/A/HS?reporterCode=360&flowCode=X&cmdCode=090111&period=2023&includeDesc=true,2026-05-30T18:34:22.015Z,"{""reporters"":[{""endpoint"":""https://comtradeapi.un.org/public/v1/preview/C/A/HS"",""reporterCode"":704,""reporterISO"":""VNM"",""flowCode"":""X"",""cmdCode"":""090111"",""period"":""2020,2021,2022,2023,2024,2025"",""includeDesc"":true},{""endpoint"":""https://comtradeapi.un.org/public/v1/preview/C/A/HS"",""reporterCode"":76,""reporterISO"":""BRA"",""flowCode"":""X"",""cmdCode"":""090111"",""period"":""2020,2021,2022,2023,2024,2025"",""includeDesc"":true},{""endpoint"":""https://comtradeapi.un.org/public/v1/preview/C/A/HS"",""reporterCode"":360,""reporterISO"":""IDN"",""flowCode"":""X"",""cmdCode"":""090111"",""period"":""2020,2021,2022,2023,2024,2025"",""includeDesc"":true}]}",C,A,20230101,2023,360,IDN,Indonesia,490,S19,"Other Asia, nes",0,W00,World,X,Export,H6,090111,Coffee; not roasted or decaffeinated,C00,TOTAL CPC,0,TOTAL MOT,8,kg,3961972.72,3961972.72,0,16870671.84,true,false,true,"{""typeCode"":""C"",""freqCode"":""A"",""refPeriodId"":20230101,""refYear"":2023,""refMonth"":52,""period"":""2023"",""reporterCode"":360,""reporterISO"":""IDN"",""reporterDesc"":""Indonesia"",""flowCode"":""X"",""flowDesc"":""Export"",""partnerCode"":490,""partnerISO"":""S19"",""partnerDesc"":""Other Asia, nes"",""partner2Code"":0,""partner2ISO"":""W00"",""partner2Desc"":""World"",""classificationCode"":""H6"",""classificationSearchCode"":""HS"",""isOriginalClassification"":true,""cmdCode"":""090111"",""cmdDesc"":""Coffee; not roasted or decaffeinated"",""aggrLevel"":6,""isLeaf"":true,""customsCode"":""C00"",""customsDesc"":""TOTAL CPC"",""mosCode"":""0"",""motCode"":0,""motDesc"":""TOTAL MOT"",""qtyUnitCode"":8,""qtyUnitAbbr"":""kg"",""qty"":3961972.72,""isQtyEstimated"":false,""altQtyUnitCode"":8,""altQtyUnitAbbr"":""kg"",""altQty"":3961972.72,""isAltQtyEstimated"":false,""netWgt"":3961972.72,""isNetWgtEstimated"":false,""grossWgt"":0,""isGrossWgtEstimated"":false,""cifvalue"":null,""fobvalue"":16870671.84,""primaryValue"":16870671.84,""legacyEstimationFlag"":0,""isReported"":false,""isAggregate"":true}"
,UN Comtrade,https://comtradeapi.un.org/public/v1/preview/C/A/HS?reporterCode=360&flowCode=X&cmdCode=090111&period=2023&includeDesc=true,2026-05-30T18:34:22.015Z,"{""reporters"":[{""endpoint"":""https://comtradeapi.un.org/public/v1/preview/C/A/HS"",""reporterCode"":704,""reporterISO"":""VNM"",""flowCode"":""X"",""cmdCode"":""090111"",""period"":""2020,2021,2022,2023,2024,2025"",""includeDesc"":true},{""endpoint"":""https://comtradeapi.un.org/public/v1/preview/C/A/HS"",""reporterCode"":76,""reporterISO"":""BRA"",""flowCode"":""X"",""cmdCode"":""090111"",""period"":""2020,2021,2022,2023,2024,2025"",""includeDesc"":true},{""endpoint"":""https://comtradeapi.un.org/public/v1/preview/C/A/HS"",""reporterCode"":360,""reporterISO"":""IDN"",""flowCode"":""X"",""cmdCode"":""090111"",""period"":""2020,2021,2022,2023,2024,2025"",""includeDesc"":true}]}",C,A,20230101,2023,360,IDN,Indonesia,504,MAR,Morocco,0,W00,World,X,Export,H6,090111,Coffee; not roasted or decaffeinated,C00,TOTAL CPC,0,TOTAL MOT,8,kg,6633200,6633200,0,17422162.08,true,false,true,"{""typeCode"":""C"",""freqCode"":""A"",""refPeriodId"":20230101,""refYear"":2023,""refMonth"":52,""period"":""2023"",""reporterCode"":360,""reporterISO"":""IDN"",""reporterDesc"":""Indonesia"",""flowCode"":""X"",""flowDesc"":""Export"",""partnerCode"":504,""partnerISO"":""MAR"",""partnerDesc"":""Morocco"",""partner2Code"":0,""partner2ISO"":""W00"",""partner2Desc"":""World"",""classificationCode"":""H6"",""classificationSearchCode"":""HS"",""isOriginalClassification"":true,""cmdCode"":""090111"",""cmdDesc"":""Coffee; not roasted or decaffeinated"",""aggrLevel"":6,""isLeaf"":true,""customsCode"":""C00"",""customsDesc"":""TOTAL CPC"",""mosCode"":""0"",""motCode"":0,""motDesc"":""TOTAL MOT"",""qtyUnitCode"":8,""qtyUnitAbbr"":""kg"",""qty"":6633200,""isQtyEstimated"":false,""altQtyUnitCode"":8,""altQtyUnitAbbr"":""kg"",""altQty"":6633200,""isAltQtyEstimated"":false,""netWgt"":6633200,""isNetWgtEstimated"":false,""grossWgt"":0,""isGrossWgtEstimated"":false,""cifvalue"":null,""fobvalue"":17422162.08,""primaryValue"":17422162.08,""legacyEstimationFlag"":0,""isReported"":false,""isAggregate"":true}"
,UN Comtrade,https://comtradeapi.un.org/public/v1/preview/C/A/HS?reporterCode=360&flowCode=X&cmdCode=090111&period=2023&includeDesc=true,2026-05-30T18:34:22.015Z,"{""reporters"":[{""endpoint"":""https://comtradeapi.un.org/public/v1/preview/C/A/HS"",""reporterCode"":704,""reporterISO"":""VNM"",""flowCode"":""X"",""cmdCode"":""090111"",""period"":""2020,2021,2022,2023,2024,2025"",""includeDesc"":true},{""endpoint"":""https://comtradeapi.un.org/public/v1/preview/C/A/HS"",""reporterCode"":76,""reporterISO"":""BRA"",""flowCode"":""X"",""cmdCode"":""090111"",""period"":""2020,2021,2022,2023,2024,2025"",""includeDesc"":true},{""endpoint"":""https://comtradeapi.un.org/public/v1/preview/C/A/HS"",""reporterCode"":360,""reporterISO"":""IDN"",""flowCode"":""X"",""cmdCode"":""090111"",""period"":""2020,2021,2022,2023,2024,2025"",""includeDesc"":true}]}",C,A,20230101,2023,360,IDN,Indonesia,512,OMN,Oman,0,W00,World,X,Export,H6,090111,Coffee; not roasted or decaffeinated,C00,TOTAL CPC,0,TOTAL MOT,8,kg,60,60,0,1287.15,true,false,true,"{""typeCode"":""C"",""freqCode"":""A"",""refPeriodId"":20230101,""refYear"":2023,""refMonth"":52,""period"":""2023"",""reporterCode"":360,""reporterISO"":""IDN"",""reporterDesc"":""Indonesia"",""flowCode"":""X"",""flowDesc"":""Export"",""partnerCode"":512,""partnerISO"":""OMN"",""partnerDesc"":""Oman"",""partner2Code"":0,""partner2ISO"":""W00"",""partner2Desc"":""World"",""classificationCode"":""H6"",""classificationSearchCode"":""HS"",""isOriginalClassification"":true,""cmdCode"":""090111"",""cmdDesc"":""Coffee; not roasted or decaffeinated"",""aggrLevel"":6,""isLeaf"":true,""customsCode"":""C00"",""customsDesc"":""TOTAL CPC"",""mosCode"":""0"",""motCode"":0,""motDesc"":""TOTAL MOT"",""qtyUnitCode"":8,""qtyUnitAbbr"":""kg"",""qty"":60,""isQtyEstimated"":false,""altQtyUnitCode"":8,""altQtyUnitAbbr"":""kg"",""altQty"":60,""isAltQtyEstimated"":false,""netWgt"":60,""isNetWgtEstimated"":false,""grossWgt"":0,""isGrossWgtEstimated"":false,""cifvalue"":null,""fobvalue"":1287.15,""primaryValue"":1287.15,""legacyEstimationFlag"":0,""isReported"":false,""isAggregate"":true}"
,UN Comtrade,https://comtradeapi.un.org/public/v1/preview/C/A/HS?reporterCode=360&flowCode=X&cmdCode=090111&period=2023&includeDesc=true,2026-05-30T18:34:22.015Z,"{""reporters"":[{""endpoint"":""https://comtradeapi.un.org/public/v1/preview/C/A/HS"",""reporterCode"":704,""reporterISO"":""VNM"",""flowCode"":""X"",""cmdCode"":""090111"",""period"":""2020,2021,2022,2023,2024,2025"",""includeDesc"":true},{""endpoint"":""https://comtradeapi.un.org/public/v1/preview/C/A/HS"",""reporterCode"":76,""reporterISO"":""BRA"",""flowCode"":""X"",""cmdCode"":""090111"",""period"":""2020,2021,2022,2023,2024,2025"",""includeDesc"":true},{""endpoint"":""https://comtradeapi.un.org/public/v1/preview/C/A/HS"",""reporterCode"":360,""reporterISO"":""IDN"",""flowCode"":""X"",""cmdCode"":""090111"",""period"":""2020,2021,2022,2023,2024,2025"",""includeDesc"":true}]}",C,A,20230101,2023,360,IDN,Indonesia,528,NLD,Netherlands,0,W00,World,X,Export,H6,090111,Coffee; not roasted or decaffeinated,C00,TOTAL CPC,0,TOTAL MOT,8,kg,3795017.25,3795017.25,0,11972589.316,true,false,true,"{""typeCode"":""C"",""freqCode"":""A"",""refPeriodId"":20230101,""refYear"":2023,""refMonth"":52,""period"":""2023"",""reporterCode"":360,""reporterISO"":""IDN"",""reporterDesc"":""Indonesia"",""flowCode"":""X"",""flowDesc"":""Export"",""partnerCode"":528,""partnerISO"":""NLD"",""partnerDesc"":""Netherlands"",""partner2Code"":0,""partner2ISO"":""W00"",""partner2Desc"":""World"",""classificationCode"":""H6"",""classificationSearchCode"":""HS"",""isOriginalClassification"":true,""cmdCode"":""090111"",""cmdDesc"":""Coffee; not roasted or decaffeinated"",""aggrLevel"":6,""isLeaf"":true,""customsCode"":""C00"",""customsDesc"":""TOTAL CPC"",""mosCode"":""0"",""motCode"":0,""motDesc"":""TOTAL MOT"",""qtyUnitCode"":8,""qtyUnitAbbr"":""kg"",""qty"":3795017.25,""isQtyEstimated"":false,""altQtyUnitCode"":8,""altQtyUnitAbbr"":""kg"",""altQty"":3795017.25,""isAltQtyEstimated"":false,""netWgt"":3795017.25,""isNetWgtEstimated"":false,""grossWgt"":0,""isGrossWgtEstimated"":false,""cifvalue"":null,""fobvalue"":11972589.316,""primaryValue"":11972589.316,""legacyEstimationFlag"":0,""isReported"":false,""isAggregate"":true}"
,UN Comtrade,https://comtradeapi.un.org/public/v1/preview/C/A/HS?reporterCode=360&flowCode=X&cmdCode=090111&period=2023&includeDesc=true,2026-05-30T18:34:22.015Z,"{""reporters"":[{""endpoint"":""https://comtradeapi.un.org/public/v1/preview/C/A/HS"",""reporterCode"":704,""reporterISO"":""VNM"",""flowCode"":""X"",""cmdCode"":""090111"",""period"":""2020,2021,2022,2023,2024,2025"",""includeDesc"":true},{""endpoint"":""https://comtradeapi.un.org/public/v1/preview/C/A/HS"",""reporterCode"":76,""reporterISO"":""BRA"",""flowCode"":""X"",""cmdCode"":""090111"",""period"":""2020,2021,2022,2023,2024,2025"",""includeDesc"":true},{""endpoint"":""https://comtradeapi.un.org/public/v1/preview/C/A/HS"",""reporterCode"":360,""reporterISO"":""IDN"",""flowCode"":""X"",""cmdCode"":""090111"",""period"":""2020,2021,2022,2023,2024,2025"",""includeDesc"":true}]}",C,A,20230101,2023,360,IDN,Indonesia,540,NCL,New Caledonia,0,W00,World,X,Export,H6,090111,Coffee; not roasted or decaffeinated,C00,TOTAL CPC,0,TOTAL MOT,8,kg,1.34,1.34,0,16,true,false,true,"{""typeCode"":""C"",""freqCode"":""A"",""refPeriodId"":20230101,""refYear"":2023,""refMonth"":52,""period"":""2023"",""reporterCode"":360,""reporterISO"":""IDN"",""reporterDesc"":""Indonesia"",""flowCode"":""X"",""flowDesc"":""Export"",""partnerCode"":540,""partnerISO"":""NCL"",""partnerDesc"":""New Caledonia"",""partner2Code"":0,""partner2ISO"":""W00"",""partner2Desc"":""World"",""classificationCode"":""H6"",""classificationSearchCode"":""HS"",""isOriginalClassification"":true,""cmdCode"":""090111"",""cmdDesc"":""Coffee; not roasted or decaffeinated"",""aggrLevel"":6,""isLeaf"":true,""customsCode"":""C00"",""customsDesc"":""TOTAL CPC"",""mosCode"":""0"",""motCode"":0,""motDesc"":""TOTAL MOT"",""qtyUnitCode"":8,""qtyUnitAbbr"":""kg"",""qty"":1.34,""isQtyEstimated"":false,""altQtyUnitCode"":8,""altQtyUnitAbbr"":""kg"",""altQty"":1.34,""isAltQtyEstimated"":false,""netWgt"":1.34,""isNetWgtEstimated"":false,""grossWgt"":0,""isGrossWgtEstimated"":false,""cifvalue"":null,""fobvalue"":16,""primaryValue"":16,""legacyEstimationFlag"":0,""isReported"":false,""isAggregate"":true}"
,UN Comtrade,https://comtradeapi.un.org/public/v1/preview/C/A/HS?reporterCode=360&flowCode=X&cmdCode=090111&period=2023&includeDesc=true,2026-05-30T18:34:22.015Z,"{""reporters"":[{""endpoint"":""https://comtradeapi.un.org/public/v1/preview/C/A/HS"",""reporterCode"":704,""reporterISO"":""VNM"",""flowCode"":""X"",""cmdCode"":""090111"",""period"":""2020,2021,2022,2023,2024,2025"",""includeDesc"":true},{""endpoint"":""https://comtradeapi.un.org/public/v1/preview/C/A/HS"",""reporterCode"":76,""reporterISO"":""BRA"",""flowCode"":""X"",""cmdCode"":""090111"",""period"":""2020,2021,2022,2023,2024,2025"",""includeDesc"":true},{""endpoint"":""https://comtradeapi.un.org/public/v1/preview/C/A/HS"",""reporterCode"":360,""reporterISO"":""IDN"",""flowCode"":""X"",""cmdCode"":""090111"",""period"":""2020,2021,2022,2023,2024,2025"",""includeDesc"":true}]}",C,A,20230101,2023,360,IDN,Indonesia,554,NZL,New Zealand,0,W00,World,X,Export,H6,090111,Coffee; not roasted or decaffeinated,C00,TOTAL CPC,0,TOTAL MOT,8,kg,284786.86,284786.86,0,1885208.32,true,false,true,"{""typeCode"":""C"",""freqCode"":""A"",""refPeriodId"":20230101,""refYear"":2023,""refMonth"":52,""period"":""2023"",""reporterCode"":360,""reporterISO"":""IDN"",""reporterDesc"":""Indonesia"",""flowCode"":""X"",""flowDesc"":""Export"",""partnerCode"":554,""partnerISO"":""NZL"",""partnerDesc"":""New Zealand"",""partner2Code"":0,""partner2ISO"":""W00"",""partner2Desc"":""World"",""classificationCode"":""H6"",""classificationSearchCode"":""HS"",""isOriginalClassification"":true,""cmdCode"":""090111"",""cmdDesc"":""Coffee; not roasted or decaffeinated"",""aggrLevel"":6,""isLeaf"":true,""customsCode"":""C00"",""customsDesc"":""TOTAL CPC"",""mosCode"":""0"",""motCode"":0,""motDesc"":""TOTAL MOT"",""qtyUnitCode"":8,""qtyUnitAbbr"":""kg"",""qty"":284786.86,""isQtyEstimated"":false,""altQtyUnitCode"":8,""altQtyUnitAbbr"":""kg"",""altQty"":284786.86,""isAltQtyEstimated"":false,""netWgt"":284786.86,""isNetWgtEstimated"":false,""grossWgt"":0,""isGrossWgtEstimated"":false,""cifvalue"":null,""fobvalue"":1885208.32,""primaryValue"":1885208.32,""legacyEstimationFlag"":0,""isReported"":false,""isAggregate"":true}"
,UN Comtrade,https://comtradeapi.un.org/public/v1/preview/C/A/HS?reporterCode=360&flowCode=X&cmdCode=090111&period=2023&includeDesc=true,2026-05-30T18:34:22.015Z,"{""reporters"":[{""endpoint"":""https://comtradeapi.un.org/public/v1/preview/C/A/HS"",""reporterCode"":704,""reporterISO"":""VNM"",""flowCode"":""X"",""cmdCode"":""090111"",""period"":""2020,2021,2022,2023,2024,2025"",""includeDesc"":true},{""endpoint"":""https://comtradeapi.un.org/public/v1/preview/C/A/HS"",""reporterCode"":76,""reporterISO"":""BRA"",""flowCode"":""X"",""cmdCode"":""090111"",""period"":""2020,2021,2022,2023,2024,2025"",""includeDesc"":true},{""endpoint"":""https://comtradeapi.un.org/public/v1/preview/C/A/HS"",""reporterCode"":360,""reporterISO"":""IDN"",""flowCode"":""X"",""cmdCode"":""090111"",""period"":""2020,2021,2022,2023,2024,2025"",""includeDesc"":true}]}",C,A,20230101,2023,360,IDN,Indonesia,579,NOR,Norway,0,W00,World,X,Export,H6,090111,Coffee; not roasted or decaffeinated,C00,TOTAL CPC,0,TOTAL MOT,8,kg,60600,60600,0,374478,true,false,true,"{""typeCode"":""C"",""freqCode"":""A"",""refPeriodId"":20230101,""refYear"":2023,""refMonth"":52,""period"":""2023"",""reporterCode"":360,""reporterISO"":""IDN"",""reporterDesc"":""Indonesia"",""flowCode"":""X"",""flowDesc"":""Export"",""partnerCode"":579,""partnerISO"":""NOR"",""partnerDesc"":""Norway"",""partner2Code"":0,""partner2ISO"":""W00"",""partner2Desc"":""World"",""classificationCode"":""H6"",""classificationSearchCode"":""HS"",""isOriginalClassification"":true,""cmdCode"":""090111"",""cmdDesc"":""Coffee; not roasted or decaffeinated"",""aggrLevel"":6,""isLeaf"":true,""customsCode"":""C00"",""customsDesc"":""TOTAL CPC"",""mosCode"":""0"",""motCode"":0,""motDesc"":""TOTAL MOT"",""qtyUnitCode"":8,""qtyUnitAbbr"":""kg"",""qty"":60600,""isQtyEstimated"":false,""altQtyUnitCode"":8,""altQtyUnitAbbr"":""kg"",""altQty"":60600,""isAltQtyEstimated"":false,""netWgt"":60600,""isNetWgtEstimated"":false,""grossWgt"":0,""isGrossWgtEstimated"":false,""cifvalue"":null,""fobvalue"":374478,""primaryValue"":374478,""legacyEstimationFlag"":0,""isReported"":false,""isAggregate"":true}"
,UN Comtrade,https://comtradeapi.un.org/public/v1/preview/C/A/HS?reporterCode=360&flowCode=X&cmdCode=090111&period=2023&includeDesc=true,2026-05-30T18:34:22.015Z,"{""reporters"":[{""endpoint"":""https://comtradeapi.un.org/public/v1/preview/C/A/HS"",""reporterCode"":704,""reporterISO"":""VNM"",""flowCode"":""X"",""cmdCode"":""090111"",""period"":""2020,2021,2022,2023,2024,2025"",""includeDesc"":true},{""endpoint"":""https://comtradeapi.un.org/public/v1/preview/C/A/HS"",""reporterCode"":76,""reporterISO"":""BRA"",""flowCode"":""X"",""cmdCode"":""090111"",""period"":""2020,2021,2022,2023,2024,2025"",""includeDesc"":true},{""endpoint"":""https://comtradeapi.un.org/public/v1/preview/C/A/HS"",""reporterCode"":360,""reporterISO"":""IDN"",""flowCode"":""X"",""cmdCode"":""090111"",""period"":""2020,2021,2022,2023,2024,2025"",""includeDesc"":true}]}",C,A,20230101,2023,360,IDN,Indonesia,586,PAK,Pakistan,0,W00,World,X,Export,H6,090111,Coffee; not roasted or decaffeinated,C00,TOTAL CPC,0,TOTAL MOT,8,kg,9120,9120,0,27876,true,false,true,"{""typeCode"":""C"",""freqCode"":""A"",""refPeriodId"":20230101,""refYear"":2023,""refMonth"":52,""period"":""2023"",""reporterCode"":360,""reporterISO"":""IDN"",""reporterDesc"":""Indonesia"",""flowCode"":""X"",""flowDesc"":""Export"",""partnerCode"":586,""partnerISO"":""PAK"",""partnerDesc"":""Pakistan"",""partner2Code"":0,""partner2ISO"":""W00"",""partner2Desc"":""World"",""classificationCode"":""H6"",""classificationSearchCode"":""HS"",""isOriginalClassification"":true,""cmdCode"":""090111"",""cmdDesc"":""Coffee; not roasted or decaffeinated"",""aggrLevel"":6,""isLeaf"":true,""customsCode"":""C00"",""customsDesc"":""TOTAL CPC"",""mosCode"":""0"",""motCode"":0,""motDesc"":""TOTAL MOT"",""qtyUnitCode"":8,""qtyUnitAbbr"":""kg"",""qty"":9120,""isQtyEstimated"":false,""altQtyUnitCode"":8,""altQtyUnitAbbr"":""kg"",""altQty"":9120,""isAltQtyEstimated"":false,""netWgt"":9120,""isNetWgtEstimated"":false,""grossWgt"":0,""isGrossWgtEstimated"":false,""cifvalue"":null,""fobvalue"":27876,""primaryValue"":27876,""legacyEstimationFlag"":0,""isReported"":false,""isAggregate"":true}"
,UN Comtrade,https://comtradeapi.un.org/public/v1/preview/C/A/HS?reporterCode=360&flowCode=X&cmdCode=090111&period=2023&includeDesc=true,2026-05-30T18:34:22.015Z,"{""reporters"":[{""endpoint"":""https://comtradeapi.un.org/public/v1/preview/C/A/HS"",""reporterCode"":704,""reporterISO"":""VNM"",""flowCode"":""X"",""cmdCode"":""090111"",""period"":""2020,2021,2022,2023,2024,2025"",""includeDesc"":true},{""endpoint"":""https://comtradeapi.un.org/public/v1/preview/C/A/HS"",""reporterCode"":76,""reporterISO"":""BRA"",""flowCode"":""X"",""cmdCode"":""090111"",""period"":""2020,2021,2022,2023,2024,2025"",""includeDesc"":true},{""endpoint"":""https://comtradeapi.un.org/public/v1/preview/C/A/HS"",""reporterCode"":360,""reporterISO"":""IDN"",""flowCode"":""X"",""cmdCode"":""090111"",""period"":""2020,2021,2022,2023,2024,2025"",""includeDesc"":true}]}",C,A,20230101,2023,360,IDN,Indonesia,598,PNG,Papua New Guinea,0,W00,World,X,Export,H6,090111,Coffee; not roasted or decaffeinated,C00,TOTAL CPC,0,TOTAL MOT,8,kg,41.439,41.439,0,119.13,true,false,true,"{""typeCode"":""C"",""freqCode"":""A"",""refPeriodId"":20230101,""refYear"":2023,""refMonth"":52,""period"":""2023"",""reporterCode"":360,""reporterISO"":""IDN"",""reporterDesc"":""Indonesia"",""flowCode"":""X"",""flowDesc"":""Export"",""partnerCode"":598,""partnerISO"":""PNG"",""partnerDesc"":""Papua New Guinea"",""partner2Code"":0,""partner2ISO"":""W00"",""partner2Desc"":""World"",""classificationCode"":""H6"",""classificationSearchCode"":""HS"",""isOriginalClassification"":true,""cmdCode"":""090111"",""cmdDesc"":""Coffee; not roasted or decaffeinated"",""aggrLevel"":6,""isLeaf"":true,""customsCode"":""C00"",""customsDesc"":""TOTAL CPC"",""mosCode"":""0"",""motCode"":0,""motDesc"":""TOTAL MOT"",""qtyUnitCode"":8,""qtyUnitAbbr"":""kg"",""qty"":41.439,""isQtyEstimated"":false,""altQtyUnitCode"":8,""altQtyUnitAbbr"":""kg"",""altQty"":41.439,""isAltQtyEstimated"":false,""netWgt"":41.439,""isNetWgtEstimated"":false,""grossWgt"":0,""isGrossWgtEstimated"":false,""cifvalue"":null,""fobvalue"":119.13,""primaryValue"":119.13,""legacyEstimationFlag"":0,""isReported"":false,""isAggregate"":true}"
,UN Comtrade,https://comtradeapi.un.org/public/v1/preview/C/A/HS?reporterCode=360&flowCode=X&cmdCode=090111&period=2023&includeDesc=true,2026-05-30T18:34:22.015Z,"{""reporters"":[{""endpoint"":""https://comtradeapi.un.org/public/v1/preview/C/A/HS"",""reporterCode"":704,""reporterISO"":""VNM"",""flowCode"":""X"",""cmdCode"":""090111"",""period"":""2020,2021,2022,2023,2024,2025"",""includeDesc"":true},{""endpoint"":""https://comtradeapi.un.org/public/v1/preview/C/A/HS"",""reporterCode"":76,""reporterISO"":""BRA"",""flowCode"":""X"",""cmdCode"":""090111"",""period"":""2020,2021,2022,2023,2024,2025"",""includeDesc"":true},{""endpoint"":""https://comtradeapi.un.org/public/v1/preview/C/A/HS"",""reporterCode"":360,""reporterISO"":""IDN"",""flowCode"":""X"",""cmdCode"":""090111"",""period"":""2020,2021,2022,2023,2024,2025"",""includeDesc"":true}]}",C,A,20230101,2023,360,IDN,Indonesia,608,PHL,Philippines,0,W00,World,X,Export,H6,090111,Coffee; not roasted or decaffeinated,C00,TOTAL CPC,0,TOTAL MOT,8,kg,6385807.5,6385807.5,0,16248899.474,true,false,true,"{""typeCode"":""C"",""freqCode"":""A"",""refPeriodId"":20230101,""refYear"":2023,""refMonth"":52,""period"":""2023"",""reporterCode"":360,""reporterISO"":""IDN"",""reporterDesc"":""Indonesia"",""flowCode"":""X"",""flowDesc"":""Export"",""partnerCode"":608,""partnerISO"":""PHL"",""partnerDesc"":""Philippines"",""partner2Code"":0,""partner2ISO"":""W00"",""partner2Desc"":""World"",""classificationCode"":""H6"",""classificationSearchCode"":""HS"",""isOriginalClassification"":true,""cmdCode"":""090111"",""cmdDesc"":""Coffee; not roasted or decaffeinated"",""aggrLevel"":6,""isLeaf"":true,""customsCode"":""C00"",""customsDesc"":""TOTAL CPC"",""mosCode"":""0"",""motCode"":0,""motDesc"":""TOTAL MOT"",""qtyUnitCode"":8,""qtyUnitAbbr"":""kg"",""qty"":6385807.5,""isQtyEstimated"":false,""altQtyUnitCode"":8,""altQtyUnitAbbr"":""kg"",""altQty"":6385807.5,""isAltQtyEstimated"":false,""netWgt"":6385807.5,""isNetWgtEstimated"":false,""grossWgt"":0,""isGrossWgtEstimated"":false,""cifvalue"":null,""fobvalue"":16248899.474,""primaryValue"":16248899.474,""legacyEstimationFlag"":0,""isReported"":false,""isAggregate"":true}"
,UN Comtrade,https://comtradeapi.un.org/public/v1/preview/C/A/HS?reporterCode=360&flowCode=X&cmdCode=090111&period=2023&includeDesc=true,2026-05-30T18:34:22.015Z,"{""reporters"":[{""endpoint"":""https://comtradeapi.un.org/public/v1/preview/C/A/HS"",""reporterCode"":704,""reporterISO"":""VNM"",""flowCode"":""X"",""cmdCode"":""090111"",""period"":""2020,2021,2022,2023,2024,2025"",""includeDesc"":true},{""endpoint"":""https://comtradeapi.un.org/public/v1/preview/C/A/HS"",""reporterCode"":76,""reporterISO"":""BRA"",""flowCode"":""X"",""cmdCode"":""090111"",""period"":""2020,2021,2022,2023,2024,2025"",""includeDesc"":true},{""endpoint"":""https://comtradeapi.un.org/public/v1/preview/C/A/HS"",""reporterCode"":360,""reporterISO"":""IDN"",""flowCode"":""X"",""cmdCode"":""090111"",""period"":""2020,2021,2022,2023,2024,2025"",""includeDesc"":true}]}",C,A,20230101,2023,360,IDN,Indonesia,616,POL,Poland,0,W00,World,X,Export,H6,090111,Coffee; not roasted or decaffeinated,C00,TOTAL CPC,0,TOTAL MOT,8,kg,510630,510630,0,1147207.56,true,false,true,"{""typeCode"":""C"",""freqCode"":""A"",""refPeriodId"":20230101,""refYear"":2023,""refMonth"":52,""period"":""2023"",""reporterCode"":360,""reporterISO"":""IDN"",""reporterDesc"":""Indonesia"",""flowCode"":""X"",""flowDesc"":""Export"",""partnerCode"":616,""partnerISO"":""POL"",""partnerDesc"":""Poland"",""partner2Code"":0,""partner2ISO"":""W00"",""partner2Desc"":""World"",""classificationCode"":""H6"",""classificationSearchCode"":""HS"",""isOriginalClassification"":true,""cmdCode"":""090111"",""cmdDesc"":""Coffee; not roasted or decaffeinated"",""aggrLevel"":6,""isLeaf"":true,""customsCode"":""C00"",""customsDesc"":""TOTAL CPC"",""mosCode"":""0"",""motCode"":0,""motDesc"":""TOTAL MOT"",""qtyUnitCode"":8,""qtyUnitAbbr"":""kg"",""qty"":510630,""isQtyEstimated"":false,""altQtyUnitCode"":8,""altQtyUnitAbbr"":""kg"",""altQty"":510630,""isAltQtyEstimated"":false,""netWgt"":510630,""isNetWgtEstimated"":false,""grossWgt"":0,""isGrossWgtEstimated"":false,""cifvalue"":null,""fobvalue"":1147207.56,""primaryValue"":1147207.56,""legacyEstimationFlag"":0,""isReported"":false,""isAggregate"":true}"
,UN Comtrade,https://comtradeapi.un.org/public/v1/preview/C/A/HS?reporterCode=360&flowCode=X&cmdCode=090111&period=2023&includeDesc=true,2026-05-30T18:34:22.015Z,"{""reporters"":[{""endpoint"":""https://comtradeapi.un.org/public/v1/preview/C/A/HS"",""reporterCode"":704,""reporterISO"":""VNM"",""flowCode"":""X"",""cmdCode"":""090111"",""period"":""2020,2021,2022,2023,2024,2025"",""includeDesc"":true},{""endpoint"":""https://comtradeapi.un.org/public/v1/preview/C/A/HS"",""reporterCode"":76,""reporterISO"":""BRA"",""flowCode"":""X"",""cmdCode"":""090111"",""period"":""2020,2021,2022,2023,2024,2025"",""includeDesc"":true},{""endpoint"":""https://comtradeapi.un.org/public/v1/preview/C/A/HS"",""reporterCode"":360,""reporterISO"":""IDN"",""flowCode"":""X"",""cmdCode"":""090111"",""period"":""2020,2021,2022,2023,2024,2025"",""includeDesc"":true}]}",C,A,20230101,2023,360,IDN,Indonesia,620,PRT,Portugal,0,W00,World,X,Export,H6,090111,Coffee; not roasted or decaffeinated,C00,TOTAL CPC,0,TOTAL MOT,8,kg,2323800,2323800,0,6113160.94,true,false,true,"{""typeCode"":""C"",""freqCode"":""A"",""refPeriodId"":20230101,""refYear"":2023,""refMonth"":52,""period"":""2023"",""reporterCode"":360,""reporterISO"":""IDN"",""reporterDesc"":""Indonesia"",""flowCode"":""X"",""flowDesc"":""Export"",""partnerCode"":620,""partnerISO"":""PRT"",""partnerDesc"":""Portugal"",""partner2Code"":0,""partner2ISO"":""W00"",""partner2Desc"":""World"",""classificationCode"":""H6"",""classificationSearchCode"":""HS"",""isOriginalClassification"":true,""cmdCode"":""090111"",""cmdDesc"":""Coffee; not roasted or decaffeinated"",""aggrLevel"":6,""isLeaf"":true,""customsCode"":""C00"",""customsDesc"":""TOTAL CPC"",""mosCode"":""0"",""motCode"":0,""motDesc"":""TOTAL MOT"",""qtyUnitCode"":8,""qtyUnitAbbr"":""kg"",""qty"":2323800,""isQtyEstimated"":false,""altQtyUnitCode"":8,""altQtyUnitAbbr"":""kg"",""altQty"":2323800,""isAltQtyEstimated"":false,""netWgt"":2323800,""isNetWgtEstimated"":false,""grossWgt"":0,""isGrossWgtEstimated"":false,""cifvalue"":null,""fobvalue"":6113160.94,""primaryValue"":6113160.94,""legacyEstimationFlag"":0,""isReported"":false,""isAggregate"":true}"
,UN Comtrade,https://comtradeapi.un.org/public/v1/preview/C/A/HS?reporterCode=360&flowCode=X&cmdCode=090111&period=2023&includeDesc=true,2026-05-30T18:34:22.015Z,"{""reporters"":[{""endpoint"":""https://comtradeapi.un.org/public/v1/preview/C/A/HS"",""reporterCode"":704,""reporterISO"":""VNM"",""flowCode"":""X"",""cmdCode"":""090111"",""period"":""2020,2021,2022,2023,2024,2025"",""includeDesc"":true},{""endpoint"":""https://comtradeapi.un.org/public/v1/preview/C/A/HS"",""reporterCode"":76,""reporterISO"":""BRA"",""flowCode"":""X"",""cmdCode"":""090111"",""period"":""2020,2021,2022,2023,2024,2025"",""includeDesc"":true},{""endpoint"":""https://comtradeapi.un.org/public/v1/preview/C/A/HS"",""reporterCode"":360,""reporterISO"":""IDN"",""flowCode"":""X"",""cmdCode"":""090111"",""period"":""2020,2021,2022,2023,2024,2025"",""includeDesc"":true}]}",C,A,20230101,2023,360,IDN,Indonesia,626,TLS,Timor-Leste,0,W00,World,X,Export,H6,090111,Coffee; not roasted or decaffeinated,C00,TOTAL CPC,0,TOTAL MOT,8,kg,97.7,97.7,0,137,true,false,true,"{""typeCode"":""C"",""freqCode"":""A"",""refPeriodId"":20230101,""refYear"":2023,""refMonth"":52,""period"":""2023"",""reporterCode"":360,""reporterISO"":""IDN"",""reporterDesc"":""Indonesia"",""flowCode"":""X"",""flowDesc"":""Export"",""partnerCode"":626,""partnerISO"":""TLS"",""partnerDesc"":""Timor-Leste"",""partner2Code"":0,""partner2ISO"":""W00"",""partner2Desc"":""World"",""classificationCode"":""H6"",""classificationSearchCode"":""HS"",""isOriginalClassification"":true,""cmdCode"":""090111"",""cmdDesc"":""Coffee; not roasted or decaffeinated"",""aggrLevel"":6,""isLeaf"":true,""customsCode"":""C00"",""customsDesc"":""TOTAL CPC"",""mosCode"":""0"",""motCode"":0,""motDesc"":""TOTAL MOT"",""qtyUnitCode"":8,""qtyUnitAbbr"":""kg"",""qty"":97.7,""isQtyEstimated"":false,""altQtyUnitCode"":8,""altQtyUnitAbbr"":""kg"",""altQty"":97.7,""isAltQtyEstimated"":false,""netWgt"":97.7,""isNetWgtEstimated"":false,""grossWgt"":0,""isGrossWgtEstimated"":false,""cifvalue"":null,""fobvalue"":137,""primaryValue"":137,""legacyEstimationFlag"":0,""isReported"":false,""isAggregate"":true}"
,UN Comtrade,https://comtradeapi.un.org/public/v1/preview/C/A/HS?reporterCode=360&flowCode=X&cmdCode=090111&period=2023&includeDesc=true,2026-05-30T18:34:22.015Z,"{""reporters"":[{""endpoint"":""https://comtradeapi.un.org/public/v1/preview/C/A/HS"",""reporterCode"":704,""reporterISO"":""VNM"",""flowCode"":""X"",""cmdCode"":""090111"",""period"":""2020,2021,2022,2023,2024,2025"",""includeDesc"":true},{""endpoint"":""https://comtradeapi.un.org/public/v1/preview/C/A/HS"",""reporterCode"":76,""reporterISO"":""BRA"",""flowCode"":""X"",""cmdCode"":""090111"",""period"":""2020,2021,2022,2023,2024,2025"",""includeDesc"":true},{""endpoint"":""https://comtradeapi.un.org/public/v1/preview/C/A/HS"",""reporterCode"":360,""reporterISO"":""IDN"",""flowCode"":""X"",""cmdCode"":""090111"",""period"":""2020,2021,2022,2023,2024,2025"",""includeDesc"":true}]}",C,A,20230101,2023,360,IDN,Indonesia,634,QAT,Qatar,0,W00,World,X,Export,H6,090111,Coffee; not roasted or decaffeinated,C00,TOTAL CPC,0,TOTAL MOT,8,kg,3060.55,3060.55,0,24882.988,true,false,true,"{""typeCode"":""C"",""freqCode"":""A"",""refPeriodId"":20230101,""refYear"":2023,""refMonth"":52,""period"":""2023"",""reporterCode"":360,""reporterISO"":""IDN"",""reporterDesc"":""Indonesia"",""flowCode"":""X"",""flowDesc"":""Export"",""partnerCode"":634,""partnerISO"":""QAT"",""partnerDesc"":""Qatar"",""partner2Code"":0,""partner2ISO"":""W00"",""partner2Desc"":""World"",""classificationCode"":""H6"",""classificationSearchCode"":""HS"",""isOriginalClassification"":true,""cmdCode"":""090111"",""cmdDesc"":""Coffee; not roasted or decaffeinated"",""aggrLevel"":6,""isLeaf"":true,""customsCode"":""C00"",""customsDesc"":""TOTAL CPC"",""mosCode"":""0"",""motCode"":0,""motDesc"":""TOTAL MOT"",""qtyUnitCode"":8,""qtyUnitAbbr"":""kg"",""qty"":3060.55,""isQtyEstimated"":false,""altQtyUnitCode"":8,""altQtyUnitAbbr"":""kg"",""altQty"":3060.55,""isAltQtyEstimated"":false,""netWgt"":3060.55,""isNetWgtEstimated"":false,""grossWgt"":0,""isGrossWgtEstimated"":false,""cifvalue"":null,""fobvalue"":24882.988,""primaryValue"":24882.988,""legacyEstimationFlag"":0,""isReported"":false,""isAggregate"":true}"
,UN Comtrade,https://comtradeapi.un.org/public/v1/preview/C/A/HS?reporterCode=360&flowCode=X&cmdCode=090111&period=2023&includeDesc=true,2026-05-30T18:34:22.015Z,"{""reporters"":[{""endpoint"":""https://comtradeapi.un.org/public/v1/preview/C/A/HS"",""reporterCode"":704,""reporterISO"":""VNM"",""flowCode"":""X"",""cmdCode"":""090111"",""period"":""2020,2021,2022,2023,2024,2025"",""includeDesc"":true},{""endpoint"":""https://comtradeapi.un.org/public/v1/preview/C/A/HS"",""reporterCode"":76,""reporterISO"":""BRA"",""flowCode"":""X"",""cmdCode"":""090111"",""period"":""2020,2021,2022,2023,2024,2025"",""includeDesc"":true},{""endpoint"":""https://comtradeapi.un.org/public/v1/preview/C/A/HS"",""reporterCode"":360,""reporterISO"":""IDN"",""flowCode"":""X"",""cmdCode"":""090111"",""period"":""2020,2021,2022,2023,2024,2025"",""includeDesc"":true}]}",C,A,20230101,2023,360,IDN,Indonesia,642,ROU,Romania,0,W00,World,X,Export,H6,090111,Coffee; not roasted or decaffeinated,C00,TOTAL CPC,0,TOTAL MOT,8,kg,372710,372710,0,984654.965,true,false,true,"{""typeCode"":""C"",""freqCode"":""A"",""refPeriodId"":20230101,""refYear"":2023,""refMonth"":52,""period"":""2023"",""reporterCode"":360,""reporterISO"":""IDN"",""reporterDesc"":""Indonesia"",""flowCode"":""X"",""flowDesc"":""Export"",""partnerCode"":642,""partnerISO"":""ROU"",""partnerDesc"":""Romania"",""partner2Code"":0,""partner2ISO"":""W00"",""partner2Desc"":""World"",""classificationCode"":""H6"",""classificationSearchCode"":""HS"",""isOriginalClassification"":true,""cmdCode"":""090111"",""cmdDesc"":""Coffee; not roasted or decaffeinated"",""aggrLevel"":6,""isLeaf"":true,""customsCode"":""C00"",""customsDesc"":""TOTAL CPC"",""mosCode"":""0"",""motCode"":0,""motDesc"":""TOTAL MOT"",""qtyUnitCode"":8,""qtyUnitAbbr"":""kg"",""qty"":372710,""isQtyEstimated"":false,""altQtyUnitCode"":8,""altQtyUnitAbbr"":""kg"",""altQty"":372710,""isAltQtyEstimated"":false,""netWgt"":372710,""isNetWgtEstimated"":false,""grossWgt"":0,""isGrossWgtEstimated"":false,""cifvalue"":null,""fobvalue"":984654.965,""primaryValue"":984654.965,""legacyEstimationFlag"":0,""isReported"":false,""isAggregate"":true}"
,UN Comtrade,https://comtradeapi.un.org/public/v1/preview/C/A/HS?reporterCode=360&flowCode=X&cmdCode=090111&period=2023&includeDesc=true,2026-05-30T18:34:22.015Z,"{""reporters"":[{""endpoint"":""https://comtradeapi.un.org/public/v1/preview/C/A/HS"",""reporterCode"":704,""reporterISO"":""VNM"",""flowCode"":""X"",""cmdCode"":""090111"",""period"":""2020,2021,2022,2023,2024,2025"",""includeDesc"":true},{""endpoint"":""https://comtradeapi.un.org/public/v1/preview/C/A/HS"",""reporterCode"":76,""reporterISO"":""BRA"",""flowCode"":""X"",""cmdCode"":""090111"",""period"":""2020,2021,2022,2023,2024,2025"",""includeDesc"":true},{""endpoint"":""https://comtradeapi.un.org/public/v1/preview/C/A/HS"",""reporterCode"":360,""reporterISO"":""IDN"",""flowCode"":""X"",""cmdCode"":""090111"",""period"":""2020,2021,2022,2023,2024,2025"",""includeDesc"":true}]}",C,A,20230101,2023,360,IDN,Indonesia,643,RUS,Russian Federation,0,W00,World,X,Export,H6,090111,Coffee; not roasted or decaffeinated,C00,TOTAL CPC,0,TOTAL MOT,8,kg,7405800,7405800,0,17353827.63,true,false,true,"{""typeCode"":""C"",""freqCode"":""A"",""refPeriodId"":20230101,""refYear"":2023,""refMonth"":52,""period"":""2023"",""reporterCode"":360,""reporterISO"":""IDN"",""reporterDesc"":""Indonesia"",""flowCode"":""X"",""flowDesc"":""Export"",""partnerCode"":643,""partnerISO"":""RUS"",""partnerDesc"":""Russian Federation"",""partner2Code"":0,""partner2ISO"":""W00"",""partner2Desc"":""World"",""classificationCode"":""H6"",""classificationSearchCode"":""HS"",""isOriginalClassification"":true,""cmdCode"":""090111"",""cmdDesc"":""Coffee; not roasted or decaffeinated"",""aggrLevel"":6,""isLeaf"":true,""customsCode"":""C00"",""customsDesc"":""TOTAL CPC"",""mosCode"":""0"",""motCode"":0,""motDesc"":""TOTAL MOT"",""qtyUnitCode"":8,""qtyUnitAbbr"":""kg"",""qty"":7405800,""isQtyEstimated"":false,""altQtyUnitCode"":8,""altQtyUnitAbbr"":""kg"",""altQty"":7405800,""isAltQtyEstimated"":false,""netWgt"":7405800,""isNetWgtEstimated"":false,""grossWgt"":0,""isGrossWgtEstimated"":false,""cifvalue"":null,""fobvalue"":17353827.63,""primaryValue"":17353827.63,""legacyEstimationFlag"":0,""isReported"":false,""isAggregate"":true}"
,UN Comtrade,https://comtradeapi.un.org/public/v1/preview/C/A/HS?reporterCode=360&flowCode=X&cmdCode=090111&period=2023&includeDesc=true,2026-05-30T18:34:22.015Z,"{""reporters"":[{""endpoint"":""https://comtradeapi.un.org/public/v1/preview/C/A/HS"",""reporterCode"":704,""reporterISO"":""VNM"",""flowCode"":""X"",""cmdCode"":""090111"",""period"":""2020,2021,2022,2023,2024,2025"",""includeDesc"":true},{""endpoint"":""https://comtradeapi.un.org/public/v1/preview/C/A/HS"",""reporterCode"":76,""reporterISO"":""BRA"",""flowCode"":""X"",""cmdCode"":""090111"",""period"":""2020,2021,2022,2023,2024,2025"",""includeDesc"":true},{""endpoint"":""https://comtradeapi.un.org/public/v1/preview/C/A/HS"",""reporterCode"":360,""reporterISO"":""IDN"",""flowCode"":""X"",""cmdCode"":""090111"",""period"":""2020,2021,2022,2023,2024,2025"",""includeDesc"":true}]}",C,A,20230101,2023,360,IDN,Indonesia,682,SAU,Saudi Arabia,0,W00,World,X,Export,H6,090111,Coffee; not roasted or decaffeinated,C00,TOTAL CPC,0,TOTAL MOT,8,kg,178180.015,178180.015,0,1546353.031,true,false,true,"{""typeCode"":""C"",""freqCode"":""A"",""refPeriodId"":20230101,""refYear"":2023,""refMonth"":52,""period"":""2023"",""reporterCode"":360,""reporterISO"":""IDN"",""reporterDesc"":""Indonesia"",""flowCode"":""X"",""flowDesc"":""Export"",""partnerCode"":682,""partnerISO"":""SAU"",""partnerDesc"":""Saudi Arabia"",""partner2Code"":0,""partner2ISO"":""W00"",""partner2Desc"":""World"",""classificationCode"":""H6"",""classificationSearchCode"":""HS"",""isOriginalClassification"":true,""cmdCode"":""090111"",""cmdDesc"":""Coffee; not roasted or decaffeinated"",""aggrLevel"":6,""isLeaf"":true,""customsCode"":""C00"",""customsDesc"":""TOTAL CPC"",""mosCode"":""0"",""motCode"":0,""motDesc"":""TOTAL MOT"",""qtyUnitCode"":8,""qtyUnitAbbr"":""kg"",""qty"":178180.015,""isQtyEstimated"":false,""altQtyUnitCode"":8,""altQtyUnitAbbr"":""kg"",""altQty"":178180.015,""isAltQtyEstimated"":false,""netWgt"":178180.015,""isNetWgtEstimated"":false,""grossWgt"":0,""isGrossWgtEstimated"":false,""cifvalue"":null,""fobvalue"":1546353.031,""primaryValue"":1546353.031,""legacyEstimationFlag"":0,""isReported"":false,""isAggregate"":true}"
,UN Comtrade,https://comtradeapi.un.org/public/v1/preview/C/A/HS?reporterCode=360&flowCode=X&cmdCode=090111&period=2023&includeDesc=true,2026-05-30T18:34:22.015Z,"{""reporters"":[{""endpoint"":""https://comtradeapi.un.org/public/v1/preview/C/A/HS"",""reporterCode"":704,""reporterISO"":""VNM"",""flowCode"":""X"",""cmdCode"":""090111"",""period"":""2020,2021,2022,2023,2024,2025"",""includeDesc"":true},{""endpoint"":""https://comtradeapi.un.org/public/v1/preview/C/A/HS"",""reporterCode"":76,""reporterISO"":""BRA"",""flowCode"":""X"",""cmdCode"":""090111"",""period"":""2020,2021,2022,2023,2024,2025"",""includeDesc"":true},{""endpoint"":""https://comtradeapi.un.org/public/v1/preview/C/A/HS"",""reporterCode"":360,""reporterISO"":""IDN"",""flowCode"":""X"",""cmdCode"":""090111"",""period"":""2020,2021,2022,2023,2024,2025"",""includeDesc"":true}]}",C,A,20230101,2023,360,IDN,Indonesia,699,IND,India,0,W00,World,X,Export,H6,090111,Coffee; not roasted or decaffeinated,C00,TOTAL CPC,0,TOTAL MOT,8,kg,23811291.7,23811291.7,0,50232624.881,true,false,true,"{""typeCode"":""C"",""freqCode"":""A"",""refPeriodId"":20230101,""refYear"":2023,""refMonth"":52,""period"":""2023"",""reporterCode"":360,""reporterISO"":""IDN"",""reporterDesc"":""Indonesia"",""flowCode"":""X"",""flowDesc"":""Export"",""partnerCode"":699,""partnerISO"":""IND"",""partnerDesc"":""India"",""partner2Code"":0,""partner2ISO"":""W00"",""partner2Desc"":""World"",""classificationCode"":""H6"",""classificationSearchCode"":""HS"",""isOriginalClassification"":true,""cmdCode"":""090111"",""cmdDesc"":""Coffee; not roasted or decaffeinated"",""aggrLevel"":6,""isLeaf"":true,""customsCode"":""C00"",""customsDesc"":""TOTAL CPC"",""mosCode"":""0"",""motCode"":0,""motDesc"":""TOTAL MOT"",""qtyUnitCode"":8,""qtyUnitAbbr"":""kg"",""qty"":23811291.7,""isQtyEstimated"":false,""altQtyUnitCode"":8,""altQtyUnitAbbr"":""kg"",""altQty"":23811291.7,""isAltQtyEstimated"":false,""netWgt"":23811291.7,""isNetWgtEstimated"":false,""grossWgt"":0,""isGrossWgtEstimated"":false,""cifvalue"":null,""fobvalue"":50232624.881,""primaryValue"":50232624.881,""legacyEstimationFlag"":0,""isReported"":false,""isAggregate"":true}"
,UN Comtrade,https://comtradeapi.un.org/public/v1/preview/C/A/HS?reporterCode=360&flowCode=X&cmdCode=090111&period=2023&includeDesc=true,2026-05-30T18:34:22.015Z,"{""reporters"":[{""endpoint"":""https://comtradeapi.un.org/public/v1/preview/C/A/HS"",""reporterCode"":704,""reporterISO"":""VNM"",""flowCode"":""X"",""cmdCode"":""090111"",""period"":""2020,2021,2022,2023,2024,2025"",""includeDesc"":true},{""endpoint"":""https://comtradeapi.un.org/public/v1/preview/C/A/HS"",""reporterCode"":76,""reporterISO"":""BRA"",""flowCode"":""X"",""cmdCode"":""090111"",""period"":""2020,2021,2022,2023,2024,2025"",""includeDesc"":true},{""endpoint"":""https://comtradeapi.un.org/public/v1/preview/C/A/HS"",""reporterCode"":360,""reporterISO"":""IDN"",""flowCode"":""X"",""cmdCode"":""090111"",""period"":""2020,2021,2022,2023,2024,2025"",""includeDesc"":true}]}",C,A,20230101,2023,360,IDN,Indonesia,702,SGP,Singapore,0,W00,World,X,Export,H6,090111,Coffee; not roasted or decaffeinated,C00,TOTAL CPC,0,TOTAL MOT,8,kg,5520704.25,5520704.25,0,18287256.018,true,false,true,"{""typeCode"":""C"",""freqCode"":""A"",""refPeriodId"":20230101,""refYear"":2023,""refMonth"":52,""period"":""2023"",""reporterCode"":360,""reporterISO"":""IDN"",""reporterDesc"":""Indonesia"",""flowCode"":""X"",""flowDesc"":""Export"",""partnerCode"":702,""partnerISO"":""SGP"",""partnerDesc"":""Singapore"",""partner2Code"":0,""partner2ISO"":""W00"",""partner2Desc"":""World"",""classificationCode"":""H6"",""classificationSearchCode"":""HS"",""isOriginalClassification"":true,""cmdCode"":""090111"",""cmdDesc"":""Coffee; not roasted or decaffeinated"",""aggrLevel"":6,""isLeaf"":true,""customsCode"":""C00"",""customsDesc"":""TOTAL CPC"",""mosCode"":""0"",""motCode"":0,""motDesc"":""TOTAL MOT"",""qtyUnitCode"":8,""qtyUnitAbbr"":""kg"",""qty"":5520704.25,""isQtyEstimated"":false,""altQtyUnitCode"":8,""altQtyUnitAbbr"":""kg"",""altQty"":5520704.25,""isAltQtyEstimated"":false,""netWgt"":5520704.25,""isNetWgtEstimated"":false,""grossWgt"":0,""isGrossWgtEstimated"":false,""cifvalue"":null,""fobvalue"":18287256.018,""primaryValue"":18287256.018,""legacyEstimationFlag"":0,""isReported"":false,""isAggregate"":true}"
,UN Comtrade,https://comtradeapi.un.org/public/v1/preview/C/A/HS?reporterCode=360&flowCode=X&cmdCode=090111&period=2023&includeDesc=true,2026-05-30T18:34:22.015Z,"{""reporters"":[{""endpoint"":""https://comtradeapi.un.org/public/v1/preview/C/A/HS"",""reporterCode"":704,""reporterISO"":""VNM"",""flowCode"":""X"",""cmdCode"":""090111"",""period"":""2020,2021,2022,2023,2024,2025"",""includeDesc"":true},{""endpoint"":""https://comtradeapi.un.org/public/v1/preview/C/A/HS"",""reporterCode"":76,""reporterISO"":""BRA"",""flowCode"":""X"",""cmdCode"":""090111"",""period"":""2020,2021,2022,2023,2024,2025"",""includeDesc"":true},{""endpoint"":""https://comtradeapi.un.org/public/v1/preview/C/A/HS"",""reporterCode"":360,""reporterISO"":""IDN"",""flowCode"":""X"",""cmdCode"":""090111"",""period"":""2020,2021,2022,2023,2024,2025"",""includeDesc"":true}]}",C,A,20230101,2023,360,IDN,Indonesia,703,SVK,Slovakia,0,W00,World,X,Export,H6,090111,Coffee; not roasted or decaffeinated,C00,TOTAL CPC,0,TOTAL MOT,8,kg,2714,2714,0,25500,true,false,true,"{""typeCode"":""C"",""freqCode"":""A"",""refPeriodId"":20230101,""refYear"":2023,""refMonth"":52,""period"":""2023"",""reporterCode"":360,""reporterISO"":""IDN"",""reporterDesc"":""Indonesia"",""flowCode"":""X"",""flowDesc"":""Export"",""partnerCode"":703,""partnerISO"":""SVK"",""partnerDesc"":""Slovakia"",""partner2Code"":0,""partner2ISO"":""W00"",""partner2Desc"":""World"",""classificationCode"":""H6"",""classificationSearchCode"":""HS"",""isOriginalClassification"":true,""cmdCode"":""090111"",""cmdDesc"":""Coffee; not roasted or decaffeinated"",""aggrLevel"":6,""isLeaf"":true,""customsCode"":""C00"",""customsDesc"":""TOTAL CPC"",""mosCode"":""0"",""motCode"":0,""motDesc"":""TOTAL MOT"",""qtyUnitCode"":8,""qtyUnitAbbr"":""kg"",""qty"":2714,""isQtyEstimated"":false,""altQtyUnitCode"":8,""altQtyUnitAbbr"":""kg"",""altQty"":2714,""isAltQtyEstimated"":false,""netWgt"":2714,""isNetWgtEstimated"":false,""grossWgt"":0,""isGrossWgtEstimated"":false,""cifvalue"":null,""fobvalue"":25500,""primaryValue"":25500,""legacyEstimationFlag"":0,""isReported"":false,""isAggregate"":true}"
,UN Comtrade,https://comtradeapi.un.org/public/v1/preview/C/A/HS?reporterCode=360&flowCode=X&cmdCode=090111&period=2023&includeDesc=true,2026-05-30T18:34:22.015Z,"{""reporters"":[{""endpoint"":""https://comtradeapi.un.org/public/v1/preview/C/A/HS"",""reporterCode"":704,""reporterISO"":""VNM"",""flowCode"":""X"",""cmdCode"":""090111"",""period"":""2020,2021,2022,2023,2024,2025"",""includeDesc"":true},{""endpoint"":""https://comtradeapi.un.org/public/v1/preview/C/A/HS"",""reporterCode"":76,""reporterISO"":""BRA"",""flowCode"":""X"",""cmdCode"":""090111"",""period"":""2020,2021,2022,2023,2024,2025"",""includeDesc"":true},{""endpoint"":""https://comtradeapi.un.org/public/v1/preview/C/A/HS"",""reporterCode"":360,""reporterISO"":""IDN"",""flowCode"":""X"",""cmdCode"":""090111"",""period"":""2020,2021,2022,2023,2024,2025"",""includeDesc"":true}]}",C,A,20230101,2023,360,IDN,Indonesia,704,VNM,Viet Nam,0,W00,World,X,Export,H6,090111,Coffee; not roasted or decaffeinated,C00,TOTAL CPC,0,TOTAL MOT,8,kg,9765220,9765220,0,21591773.85,true,false,true,"{""typeCode"":""C"",""freqCode"":""A"",""refPeriodId"":20230101,""refYear"":2023,""refMonth"":52,""period"":""2023"",""reporterCode"":360,""reporterISO"":""IDN"",""reporterDesc"":""Indonesia"",""flowCode"":""X"",""flowDesc"":""Export"",""partnerCode"":704,""partnerISO"":""VNM"",""partnerDesc"":""Viet Nam"",""partner2Code"":0,""partner2ISO"":""W00"",""partner2Desc"":""World"",""classificationCode"":""H6"",""classificationSearchCode"":""HS"",""isOriginalClassification"":true,""cmdCode"":""090111"",""cmdDesc"":""Coffee; not roasted or decaffeinated"",""aggrLevel"":6,""isLeaf"":true,""customsCode"":""C00"",""customsDesc"":""TOTAL CPC"",""mosCode"":""0"",""motCode"":0,""motDesc"":""TOTAL MOT"",""qtyUnitCode"":8,""qtyUnitAbbr"":""kg"",""qty"":9765220,""isQtyEstimated"":false,""altQtyUnitCode"":8,""altQtyUnitAbbr"":""kg"",""altQty"":9765220,""isAltQtyEstimated"":false,""netWgt"":9765220,""isNetWgtEstimated"":false,""grossWgt"":0,""isGrossWgtEstimated"":false,""cifvalue"":null,""fobvalue"":21591773.85,""primaryValue"":21591773.85,""legacyEstimationFlag"":0,""isReported"":false,""isAggregate"":true}"
,UN Comtrade,https://comtradeapi.un.org/public/v1/preview/C/A/HS?reporterCode=360&flowCode=X&cmdCode=090111&period=2023&includeDesc=true,2026-05-30T18:34:22.015Z,"{""reporters"":[{""endpoint"":""https://comtradeapi.un.org/public/v1/preview/C/A/HS"",""reporterCode"":704,""reporterISO"":""VNM"",""flowCode"":""X"",""cmdCode"":""090111"",""period"":""2020,2021,2022,2023,2024,2025"",""includeDesc"":true},{""endpoint"":""https://comtradeapi.un.org/public/v1/preview/C/A/HS"",""reporterCode"":76,""reporterISO"":""BRA"",""flowCode"":""X"",""cmdCode"":""090111"",""period"":""2020,2021,2022,2023,2024,2025"",""includeDesc"":true},{""endpoint"":""https://comtradeapi.un.org/public/v1/preview/C/A/HS"",""reporterCode"":360,""reporterISO"":""IDN"",""flowCode"":""X"",""cmdCode"":""090111"",""period"":""2020,2021,2022,2023,2024,2025"",""includeDesc"":true}]}",C,A,20230101,2023,360,IDN,Indonesia,710,ZAF,South Africa,0,W00,World,X,Export,H6,090111,Coffee; not roasted or decaffeinated,C00,TOTAL CPC,0,TOTAL MOT,8,kg,96000,96000,0,674962.37,true,false,true,"{""typeCode"":""C"",""freqCode"":""A"",""refPeriodId"":20230101,""refYear"":2023,""refMonth"":52,""period"":""2023"",""reporterCode"":360,""reporterISO"":""IDN"",""reporterDesc"":""Indonesia"",""flowCode"":""X"",""flowDesc"":""Export"",""partnerCode"":710,""partnerISO"":""ZAF"",""partnerDesc"":""South Africa"",""partner2Code"":0,""partner2ISO"":""W00"",""partner2Desc"":""World"",""classificationCode"":""H6"",""classificationSearchCode"":""HS"",""isOriginalClassification"":true,""cmdCode"":""090111"",""cmdDesc"":""Coffee; not roasted or decaffeinated"",""aggrLevel"":6,""isLeaf"":true,""customsCode"":""C00"",""customsDesc"":""TOTAL CPC"",""mosCode"":""0"",""motCode"":0,""motDesc"":""TOTAL MOT"",""qtyUnitCode"":8,""qtyUnitAbbr"":""kg"",""qty"":96000,""isQtyEstimated"":false,""altQtyUnitCode"":8,""altQtyUnitAbbr"":""kg"",""altQty"":96000,""isAltQtyEstimated"":false,""netWgt"":96000,""isNetWgtEstimated"":false,""grossWgt"":0,""isGrossWgtEstimated"":false,""cifvalue"":null,""fobvalue"":674962.37,""primaryValue"":674962.37,""legacyEstimationFlag"":0,""isReported"":false,""isAggregate"":true}"
,UN Comtrade,https://comtradeapi.un.org/public/v1/preview/C/A/HS?reporterCode=360&flowCode=X&cmdCode=090111&period=2023&includeDesc=true,2026-05-30T18:34:22.015Z,"{""reporters"":[{""endpoint"":""https://comtradeapi.un.org/public/v1/preview/C/A/HS"",""reporterCode"":704,""reporterISO"":""VNM"",""flowCode"":""X"",""cmdCode"":""090111"",""period"":""2020,2021,2022,2023,2024,2025"",""includeDesc"":true},{""endpoint"":""https://comtradeapi.un.org/public/v1/preview/C/A/HS"",""reporterCode"":76,""reporterISO"":""BRA"",""flowCode"":""X"",""cmdCode"":""090111"",""period"":""2020,2021,2022,2023,2024,2025"",""includeDesc"":true},{""endpoint"":""https://comtradeapi.un.org/public/v1/preview/C/A/HS"",""reporterCode"":360,""reporterISO"":""IDN"",""flowCode"":""X"",""cmdCode"":""090111"",""period"":""2020,2021,2022,2023,2024,2025"",""includeDesc"":true}]}",C,A,20230101,2023,360,IDN,Indonesia,724,ESP,Spain,0,W00,World,X,Export,H6,090111,Coffee; not roasted or decaffeinated,C00,TOTAL CPC,0,TOTAL MOT,8,kg,4288878,4288878,0,8618042.1,true,false,true,"{""typeCode"":""C"",""freqCode"":""A"",""refPeriodId"":20230101,""refYear"":2023,""refMonth"":52,""period"":""2023"",""reporterCode"":360,""reporterISO"":""IDN"",""reporterDesc"":""Indonesia"",""flowCode"":""X"",""flowDesc"":""Export"",""partnerCode"":724,""partnerISO"":""ESP"",""partnerDesc"":""Spain"",""partner2Code"":0,""partner2ISO"":""W00"",""partner2Desc"":""World"",""classificationCode"":""H6"",""classificationSearchCode"":""HS"",""isOriginalClassification"":true,""cmdCode"":""090111"",""cmdDesc"":""Coffee; not roasted or decaffeinated"",""aggrLevel"":6,""isLeaf"":true,""customsCode"":""C00"",""customsDesc"":""TOTAL CPC"",""mosCode"":""0"",""motCode"":0,""motDesc"":""TOTAL MOT"",""qtyUnitCode"":8,""qtyUnitAbbr"":""kg"",""qty"":4288878,""isQtyEstimated"":false,""altQtyUnitCode"":8,""altQtyUnitAbbr"":""kg"",""altQty"":4288878,""isAltQtyEstimated"":false,""netWgt"":4288878,""isNetWgtEstimated"":false,""grossWgt"":0,""isGrossWgtEstimated"":false,""cifvalue"":null,""fobvalue"":8618042.1,""primaryValue"":8618042.1,""legacyEstimationFlag"":0,""isReported"":false,""isAggregate"":true}"
,UN Comtrade,https://comtradeapi.un.org/public/v1/preview/C/A/HS?reporterCode=360&flowCode=X&cmdCode=090111&period=2023&includeDesc=true,2026-05-30T18:34:22.015Z,"{""reporters"":[{""endpoint"":""https://comtradeapi.un.org/public/v1/preview/C/A/HS"",""reporterCode"":704,""reporterISO"":""VNM"",""flowCode"":""X"",""cmdCode"":""090111"",""period"":""2020,2021,2022,2023,2024,2025"",""includeDesc"":true},{""endpoint"":""https://comtradeapi.un.org/public/v1/preview/C/A/HS"",""reporterCode"":76,""reporterISO"":""BRA"",""flowCode"":""X"",""cmdCode"":""090111"",""period"":""2020,2021,2022,2023,2024,2025"",""includeDesc"":true},{""endpoint"":""https://comtradeapi.un.org/public/v1/preview/C/A/HS"",""reporterCode"":360,""reporterISO"":""IDN"",""flowCode"":""X"",""cmdCode"":""090111"",""period"":""2020,2021,2022,2023,2024,2025"",""includeDesc"":true}]}",C,A,20230101,2023,360,IDN,Indonesia,752,SWE,Sweden,0,W00,World,X,Export,H6,090111,Coffee; not roasted or decaffeinated,C00,TOTAL CPC,0,TOTAL MOT,8,kg,43200,43200,0,96336,true,false,true,"{""typeCode"":""C"",""freqCode"":""A"",""refPeriodId"":20230101,""refYear"":2023,""refMonth"":52,""period"":""2023"",""reporterCode"":360,""reporterISO"":""IDN"",""reporterDesc"":""Indonesia"",""flowCode"":""X"",""flowDesc"":""Export"",""partnerCode"":752,""partnerISO"":""SWE"",""partnerDesc"":""Sweden"",""partner2Code"":0,""partner2ISO"":""W00"",""partner2Desc"":""World"",""classificationCode"":""H6"",""classificationSearchCode"":""HS"",""isOriginalClassification"":true,""cmdCode"":""090111"",""cmdDesc"":""Coffee; not roasted or decaffeinated"",""aggrLevel"":6,""isLeaf"":true,""customsCode"":""C00"",""customsDesc"":""TOTAL CPC"",""mosCode"":""0"",""motCode"":0,""motDesc"":""TOTAL MOT"",""qtyUnitCode"":8,""qtyUnitAbbr"":""kg"",""qty"":43200,""isQtyEstimated"":false,""altQtyUnitCode"":8,""altQtyUnitAbbr"":""kg"",""altQty"":43200,""isAltQtyEstimated"":false,""netWgt"":43200,""isNetWgtEstimated"":false,""grossWgt"":0,""isGrossWgtEstimated"":false,""cifvalue"":null,""fobvalue"":96336,""primaryValue"":96336,""legacyEstimationFlag"":0,""isReported"":false,""isAggregate"":true}"
,UN Comtrade,https://comtradeapi.un.org/public/v1/preview/C/A/HS?reporterCode=360&flowCode=X&cmdCode=090111&period=2023&includeDesc=true,2026-05-30T18:34:22.015Z,"{""reporters"":[{""endpoint"":""https://comtradeapi.un.org/public/v1/preview/C/A/HS"",""reporterCode"":704,""reporterISO"":""VNM"",""flowCode"":""X"",""cmdCode"":""090111"",""period"":""2020,2021,2022,2023,2024,2025"",""includeDesc"":true},{""endpoint"":""https://comtradeapi.un.org/public/v1/preview/C/A/HS"",""reporterCode"":76,""reporterISO"":""BRA"",""flowCode"":""X"",""cmdCode"":""090111"",""period"":""2020,2021,2022,2023,2024,2025"",""includeDesc"":true},{""endpoint"":""https://comtradeapi.un.org/public/v1/preview/C/A/HS"",""reporterCode"":360,""reporterISO"":""IDN"",""flowCode"":""X"",""cmdCode"":""090111"",""period"":""2020,2021,2022,2023,2024,2025"",""includeDesc"":true}]}",C,A,20230101,2023,360,IDN,Indonesia,757,CHE,Switzerland,0,W00,World,X,Export,H6,090111,Coffee; not roasted or decaffeinated,C00,TOTAL CPC,0,TOTAL MOT,8,kg,19660,19660,0,81232,true,false,true,"{""typeCode"":""C"",""freqCode"":""A"",""refPeriodId"":20230101,""refYear"":2023,""refMonth"":52,""period"":""2023"",""reporterCode"":360,""reporterISO"":""IDN"",""reporterDesc"":""Indonesia"",""flowCode"":""X"",""flowDesc"":""Export"",""partnerCode"":757,""partnerISO"":""CHE"",""partnerDesc"":""Switzerland"",""partner2Code"":0,""partner2ISO"":""W00"",""partner2Desc"":""World"",""classificationCode"":""H6"",""classificationSearchCode"":""HS"",""isOriginalClassification"":true,""cmdCode"":""090111"",""cmdDesc"":""Coffee; not roasted or decaffeinated"",""aggrLevel"":6,""isLeaf"":true,""customsCode"":""C00"",""customsDesc"":""TOTAL CPC"",""mosCode"":""0"",""motCode"":0,""motDesc"":""TOTAL MOT"",""qtyUnitCode"":8,""qtyUnitAbbr"":""kg"",""qty"":19660,""isQtyEstimated"":false,""altQtyUnitCode"":8,""altQtyUnitAbbr"":""kg"",""altQty"":19660,""isAltQtyEstimated"":false,""netWgt"":19660,""isNetWgtEstimated"":false,""grossWgt"":0,""isGrossWgtEstimated"":false,""cifvalue"":null,""fobvalue"":81232,""primaryValue"":81232,""legacyEstimationFlag"":0,""isReported"":false,""isAggregate"":true}"
,UN Comtrade,https://comtradeapi.un.org/public/v1/preview/C/A/HS?reporterCode=360&flowCode=X&cmdCode=090111&period=2023&includeDesc=true,2026-05-30T18:34:22.015Z,"{""reporters"":[{""endpoint"":""https://comtradeapi.un.org/public/v1/preview/C/A/HS"",""reporterCode"":704,""reporterISO"":""VNM"",""flowCode"":""X"",""cmdCode"":""090111"",""period"":""2020,2021,2022,2023,2024,2025"",""includeDesc"":true},{""endpoint"":""https://comtradeapi.un.org/public/v1/preview/C/A/HS"",""reporterCode"":76,""reporterISO"":""BRA"",""flowCode"":""X"",""cmdCode"":""090111"",""period"":""2020,2021,2022,2023,2024,2025"",""includeDesc"":true},{""endpoint"":""https://comtradeapi.un.org/public/v1/preview/C/A/HS"",""reporterCode"":360,""reporterISO"":""IDN"",""flowCode"":""X"",""cmdCode"":""090111"",""period"":""2020,2021,2022,2023,2024,2025"",""includeDesc"":true}]}",C,A,20230101,2023,360,IDN,Indonesia,764,THA,Thailand,0,W00,World,X,Export,H6,090111,Coffee; not roasted or decaffeinated,C00,TOTAL CPC,0,TOTAL MOT,8,kg,9753465.8,9753465.8,0,27493433.926,true,false,true,"{""typeCode"":""C"",""freqCode"":""A"",""refPeriodId"":20230101,""refYear"":2023,""refMonth"":52,""period"":""2023"",""reporterCode"":360,""reporterISO"":""IDN"",""reporterDesc"":""Indonesia"",""flowCode"":""X"",""flowDesc"":""Export"",""partnerCode"":764,""partnerISO"":""THA"",""partnerDesc"":""Thailand"",""partner2Code"":0,""partner2ISO"":""W00"",""partner2Desc"":""World"",""classificationCode"":""H6"",""classificationSearchCode"":""HS"",""isOriginalClassification"":true,""cmdCode"":""090111"",""cmdDesc"":""Coffee; not roasted or decaffeinated"",""aggrLevel"":6,""isLeaf"":true,""customsCode"":""C00"",""customsDesc"":""TOTAL CPC"",""mosCode"":""0"",""motCode"":0,""motDesc"":""TOTAL MOT"",""qtyUnitCode"":8,""qtyUnitAbbr"":""kg"",""qty"":9753465.8,""isQtyEstimated"":false,""altQtyUnitCode"":8,""altQtyUnitAbbr"":""kg"",""altQty"":9753465.8,""isAltQtyEstimated"":false,""netWgt"":9753465.8,""isNetWgtEstimated"":false,""grossWgt"":0,""isGrossWgtEstimated"":false,""cifvalue"":null,""fobvalue"":27493433.926,""primaryValue"":27493433.926,""legacyEstimationFlag"":0,""isReported"":false,""isAggregate"":true}"
,UN Comtrade,https://comtradeapi.un.org/public/v1/preview/C/A/HS?reporterCode=360&flowCode=X&cmdCode=090111&period=2023&includeDesc=true,2026-05-30T18:34:22.015Z,"{""reporters"":[{""endpoint"":""https://comtradeapi.un.org/public/v1/preview/C/A/HS"",""reporterCode"":704,""reporterISO"":""VNM"",""flowCode"":""X"",""cmdCode"":""090111"",""period"":""2020,2021,2022,2023,2024,2025"",""includeDesc"":true},{""endpoint"":""https://comtradeapi.un.org/public/v1/preview/C/A/HS"",""reporterCode"":76,""reporterISO"":""BRA"",""flowCode"":""X"",""cmdCode"":""090111"",""period"":""2020,2021,2022,2023,2024,2025"",""includeDesc"":true},{""endpoint"":""https://comtradeapi.un.org/public/v1/preview/C/A/HS"",""reporterCode"":360,""reporterISO"":""IDN"",""flowCode"":""X"",""cmdCode"":""090111"",""period"":""2020,2021,2022,2023,2024,2025"",""includeDesc"":true}]}",C,A,20230101,2023,360,IDN,Indonesia,784,ARE,United Arab Emirates,0,W00,World,X,Export,H6,090111,Coffee; not roasted or decaffeinated,C00,TOTAL CPC,0,TOTAL MOT,8,kg,5032578.53,5032578.53,0,15591718.748,true,false,true,"{""typeCode"":""C"",""freqCode"":""A"",""refPeriodId"":20230101,""refYear"":2023,""refMonth"":52,""period"":""2023"",""reporterCode"":360,""reporterISO"":""IDN"",""reporterDesc"":""Indonesia"",""flowCode"":""X"",""flowDesc"":""Export"",""partnerCode"":784,""partnerISO"":""ARE"",""partnerDesc"":""United Arab Emirates"",""partner2Code"":0,""partner2ISO"":""W00"",""partner2Desc"":""World"",""classificationCode"":""H6"",""classificationSearchCode"":""HS"",""isOriginalClassification"":true,""cmdCode"":""090111"",""cmdDesc"":""Coffee; not roasted or decaffeinated"",""aggrLevel"":6,""isLeaf"":true,""customsCode"":""C00"",""customsDesc"":""TOTAL CPC"",""mosCode"":""0"",""motCode"":0,""motDesc"":""TOTAL MOT"",""qtyUnitCode"":8,""qtyUnitAbbr"":""kg"",""qty"":5032578.53,""isQtyEstimated"":false,""altQtyUnitCode"":8,""altQtyUnitAbbr"":""kg"",""altQty"":5032578.53,""isAltQtyEstimated"":false,""netWgt"":5032578.53,""isNetWgtEstimated"":false,""grossWgt"":0,""isGrossWgtEstimated"":false,""cifvalue"":null,""fobvalue"":15591718.748,""primaryValue"":15591718.748,""legacyEstimationFlag"":0,""isReported"":false,""isAggregate"":true}"
,UN Comtrade,https://comtradeapi.un.org/public/v1/preview/C/A/HS?reporterCode=360&flowCode=X&cmdCode=090111&period=2023&includeDesc=true,2026-05-30T18:34:22.015Z,"{""reporters"":[{""endpoint"":""https://comtradeapi.un.org/public/v1/preview/C/A/HS"",""reporterCode"":704,""reporterISO"":""VNM"",""flowCode"":""X"",""cmdCode"":""090111"",""period"":""2020,2021,2022,2023,2024,2025"",""includeDesc"":true},{""endpoint"":""https://comtradeapi.un.org/public/v1/preview/C/A/HS"",""reporterCode"":76,""reporterISO"":""BRA"",""flowCode"":""X"",""cmdCode"":""090111"",""period"":""2020,2021,2022,2023,2024,2025"",""includeDesc"":true},{""endpoint"":""https://comtradeapi.un.org/public/v1/preview/C/A/HS"",""reporterCode"":360,""reporterISO"":""IDN"",""flowCode"":""X"",""cmdCode"":""090111"",""period"":""2020,2021,2022,2023,2024,2025"",""includeDesc"":true}]}",C,A,20230101,2023,360,IDN,Indonesia,788,TUN,Tunisia,0,W00,World,X,Export,H6,090111,Coffee; not roasted or decaffeinated,C00,TOTAL CPC,0,TOTAL MOT,8,kg,306600,306600,0,776924.98,true,false,true,"{""typeCode"":""C"",""freqCode"":""A"",""refPeriodId"":20230101,""refYear"":2023,""refMonth"":52,""period"":""2023"",""reporterCode"":360,""reporterISO"":""IDN"",""reporterDesc"":""Indonesia"",""flowCode"":""X"",""flowDesc"":""Export"",""partnerCode"":788,""partnerISO"":""TUN"",""partnerDesc"":""Tunisia"",""partner2Code"":0,""partner2ISO"":""W00"",""partner2Desc"":""World"",""classificationCode"":""H6"",""classificationSearchCode"":""HS"",""isOriginalClassification"":true,""cmdCode"":""090111"",""cmdDesc"":""Coffee; not roasted or decaffeinated"",""aggrLevel"":6,""isLeaf"":true,""customsCode"":""C00"",""customsDesc"":""TOTAL CPC"",""mosCode"":""0"",""motCode"":0,""motDesc"":""TOTAL MOT"",""qtyUnitCode"":8,""qtyUnitAbbr"":""kg"",""qty"":306600,""isQtyEstimated"":false,""altQtyUnitCode"":8,""altQtyUnitAbbr"":""kg"",""altQty"":306600,""isAltQtyEstimated"":false,""netWgt"":306600,""isNetWgtEstimated"":false,""grossWgt"":0,""isGrossWgtEstimated"":false,""cifvalue"":null,""fobvalue"":776924.98,""primaryValue"":776924.98,""legacyEstimationFlag"":0,""isReported"":false,""isAggregate"":true}"
,UN Comtrade,https://comtradeapi.un.org/public/v1/preview/C/A/HS?reporterCode=360&flowCode=X&cmdCode=090111&period=2023&includeDesc=true,2026-05-30T18:34:22.015Z,"{""reporters"":[{""endpoint"":""https://comtradeapi.un.org/public/v1/preview/C/A/HS"",""reporterCode"":704,""reporterISO"":""VNM"",""flowCode"":""X"",""cmdCode"":""090111"",""period"":""2020,2021,2022,2023,2024,2025"",""includeDesc"":true},{""endpoint"":""https://comtradeapi.un.org/public/v1/preview/C/A/HS"",""reporterCode"":76,""reporterISO"":""BRA"",""flowCode"":""X"",""cmdCode"":""090111"",""period"":""2020,2021,2022,2023,2024,2025"",""includeDesc"":true},{""endpoint"":""https://comtradeapi.un.org/public/v1/preview/C/A/HS"",""reporterCode"":360,""reporterISO"":""IDN"",""flowCode"":""X"",""cmdCode"":""090111"",""period"":""2020,2021,2022,2023,2024,2025"",""includeDesc"":true}]}",C,A,20230101,2023,360,IDN,Indonesia,792,TUR,Türkiye,0,W00,World,X,Export,H6,090111,Coffee; not roasted or decaffeinated,C00,TOTAL CPC,0,TOTAL MOT,8,kg,781005,781005,0,1930321.57,true,false,true,"{""typeCode"":""C"",""freqCode"":""A"",""refPeriodId"":20230101,""refYear"":2023,""refMonth"":52,""period"":""2023"",""reporterCode"":360,""reporterISO"":""IDN"",""reporterDesc"":""Indonesia"",""flowCode"":""X"",""flowDesc"":""Export"",""partnerCode"":792,""partnerISO"":""TUR"",""partnerDesc"":""Türkiye"",""partner2Code"":0,""partner2ISO"":""W00"",""partner2Desc"":""World"",""classificationCode"":""H6"",""classificationSearchCode"":""HS"",""isOriginalClassification"":true,""cmdCode"":""090111"",""cmdDesc"":""Coffee; not roasted or decaffeinated"",""aggrLevel"":6,""isLeaf"":true,""customsCode"":""C00"",""customsDesc"":""TOTAL CPC"",""mosCode"":""0"",""motCode"":0,""motDesc"":""TOTAL MOT"",""qtyUnitCode"":8,""qtyUnitAbbr"":""kg"",""qty"":781005,""isQtyEstimated"":false,""altQtyUnitCode"":8,""altQtyUnitAbbr"":""kg"",""altQty"":781005,""isAltQtyEstimated"":false,""netWgt"":781005,""isNetWgtEstimated"":false,""grossWgt"":0,""isGrossWgtEstimated"":false,""cifvalue"":null,""fobvalue"":1930321.57,""primaryValue"":1930321.57,""legacyEstimationFlag"":0,""isReported"":false,""isAggregate"":true}"
,UN Comtrade,https://comtradeapi.un.org/public/v1/preview/C/A/HS?reporterCode=360&flowCode=X&cmdCode=090111&period=2023&includeDesc=true,2026-05-30T18:34:22.015Z,"{""reporters"":[{""endpoint"":""https://comtradeapi.un.org/public/v1/preview/C/A/HS"",""reporterCode"":704,""reporterISO"":""VNM"",""flowCode"":""X"",""cmdCode"":""090111"",""period"":""2020,2021,2022,2023,2024,2025"",""includeDesc"":true},{""endpoint"":""https://comtradeapi.un.org/public/v1/preview/C/A/HS"",""reporterCode"":76,""reporterISO"":""BRA"",""flowCode"":""X"",""cmdCode"":""090111"",""period"":""2020,2021,2022,2023,2024,2025"",""includeDesc"":true},{""endpoint"":""https://comtradeapi.un.org/public/v1/preview/C/A/HS"",""reporterCode"":360,""reporterISO"":""IDN"",""flowCode"":""X"",""cmdCode"":""090111"",""period"":""2020,2021,2022,2023,2024,2025"",""includeDesc"":true}]}",C,A,20230101,2023,360,IDN,Indonesia,804,UKR,Ukraine,0,W00,World,X,Export,H6,090111,Coffee; not roasted or decaffeinated,C00,TOTAL CPC,0,TOTAL MOT,8,kg,63,63,0,142,true,false,true,"{""typeCode"":""C"",""freqCode"":""A"",""refPeriodId"":20230101,""refYear"":2023,""refMonth"":52,""period"":""2023"",""reporterCode"":360,""reporterISO"":""IDN"",""reporterDesc"":""Indonesia"",""flowCode"":""X"",""flowDesc"":""Export"",""partnerCode"":804,""partnerISO"":""UKR"",""partnerDesc"":""Ukraine"",""partner2Code"":0,""partner2ISO"":""W00"",""partner2Desc"":""World"",""classificationCode"":""H6"",""classificationSearchCode"":""HS"",""isOriginalClassification"":true,""cmdCode"":""090111"",""cmdDesc"":""Coffee; not roasted or decaffeinated"",""aggrLevel"":6,""isLeaf"":true,""customsCode"":""C00"",""customsDesc"":""TOTAL CPC"",""mosCode"":""0"",""motCode"":0,""motDesc"":""TOTAL MOT"",""qtyUnitCode"":8,""qtyUnitAbbr"":""kg"",""qty"":63,""isQtyEstimated"":false,""altQtyUnitCode"":8,""altQtyUnitAbbr"":""kg"",""altQty"":63,""isAltQtyEstimated"":false,""netWgt"":63,""isNetWgtEstimated"":false,""grossWgt"":0,""isGrossWgtEstimated"":false,""cifvalue"":null,""fobvalue"":142,""primaryValue"":142,""legacyEstimationFlag"":0,""isReported"":false,""isAggregate"":true}"
,UN Comtrade,https://comtradeapi.un.org/public/v1/preview/C/A/HS?reporterCode=360&flowCode=X&cmdCode=090111&period=2023&includeDesc=true,2026-05-30T18:34:22.015Z,"{""reporters"":[{""endpoint"":""https://comtradeapi.un.org/public/v1/preview/C/A/HS"",""reporterCode"":704,""reporterISO"":""VNM"",""flowCode"":""X"",""cmdCode"":""090111"",""period"":""2020,2021,2022,2023,2024,2025"",""includeDesc"":true},{""endpoint"":""https://comtradeapi.un.org/public/v1/preview/C/A/HS"",""reporterCode"":76,""reporterISO"":""BRA"",""flowCode"":""X"",""cmdCode"":""090111"",""period"":""2020,2021,2022,2023,2024,2025"",""includeDesc"":true},{""endpoint"":""https://comtradeapi.un.org/public/v1/preview/C/A/HS"",""reporterCode"":360,""reporterISO"":""IDN"",""flowCode"":""X"",""cmdCode"":""090111"",""period"":""2020,2021,2022,2023,2024,2025"",""includeDesc"":true}]}",C,A,20230101,2023,360,IDN,Indonesia,818,EGY,Egypt,0,W00,World,X,Export,H6,090111,Coffee; not roasted or decaffeinated,C00,TOTAL CPC,0,TOTAL MOT,8,kg,32047831.6,32047831.6,0,84530587.029,true,false,true,"{""typeCode"":""C"",""freqCode"":""A"",""refPeriodId"":20230101,""refYear"":2023,""refMonth"":52,""period"":""2023"",""reporterCode"":360,""reporterISO"":""IDN"",""reporterDesc"":""Indonesia"",""flowCode"":""X"",""flowDesc"":""Export"",""partnerCode"":818,""partnerISO"":""EGY"",""partnerDesc"":""Egypt"",""partner2Code"":0,""partner2ISO"":""W00"",""partner2Desc"":""World"",""classificationCode"":""H6"",""classificationSearchCode"":""HS"",""isOriginalClassification"":true,""cmdCode"":""090111"",""cmdDesc"":""Coffee; not roasted or decaffeinated"",""aggrLevel"":6,""isLeaf"":true,""customsCode"":""C00"",""customsDesc"":""TOTAL CPC"",""mosCode"":""0"",""motCode"":0,""motDesc"":""TOTAL MOT"",""qtyUnitCode"":8,""qtyUnitAbbr"":""kg"",""qty"":32047831.6,""isQtyEstimated"":false,""altQtyUnitCode"":8,""altQtyUnitAbbr"":""kg"",""altQty"":32047831.6,""isAltQtyEstimated"":false,""netWgt"":32047831.6,""isNetWgtEstimated"":false,""grossWgt"":0,""isGrossWgtEstimated"":false,""cifvalue"":null,""fobvalue"":84530587.029,""primaryValue"":84530587.029,""legacyEstimationFlag"":0,""isReported"":false,""isAggregate"":true}"
,UN Comtrade,https://comtradeapi.un.org/public/v1/preview/C/A/HS?reporterCode=360&flowCode=X&cmdCode=090111&period=2024&includeDesc=true,2026-05-30T18:34:22.015Z,"{""reporters"":[{""endpoint"":""https://comtradeapi.un.org/public/v1/preview/C/A/HS"",""reporterCode"":704,""reporterISO"":""VNM"",""flowCode"":""X"",""cmdCode"":""090111"",""period"":""2020,2021,2022,2023,2024,2025"",""includeDesc"":true},{""endpoint"":""https://comtradeapi.un.org/public/v1/preview/C/A/HS"",""reporterCode"":76,""reporterISO"":""BRA"",""flowCode"":""X"",""cmdCode"":""090111"",""period"":""2020,2021,2022,2023,2024,2025"",""includeDesc"":true},{""endpoint"":""https://comtradeapi.un.org/public/v1/preview/C/A/HS"",""reporterCode"":360,""reporterISO"":""IDN"",""flowCode"":""X"",""cmdCode"":""090111"",""period"":""2020,2021,2022,2023,2024,2025"",""includeDesc"":true}]}",C,A,20240101,2024,360,IDN,Indonesia,0,W00,World,0,W00,World,X,Export,H6,090111,Coffee; not roasted or decaffeinated,C00,TOTAL CPC,0,TOTAL MOT,8,kg,312747351.424,312747351.424,0,1623115237.99,true,false,true,"{""typeCode"":""C"",""freqCode"":""A"",""refPeriodId"":20240101,""refYear"":2024,""refMonth"":52,""period"":""2024"",""reporterCode"":360,""reporterISO"":""IDN"",""reporterDesc"":""Indonesia"",""flowCode"":""X"",""flowDesc"":""Export"",""partnerCode"":0,""partnerISO"":""W00"",""partnerDesc"":""World"",""partner2Code"":0,""partner2ISO"":""W00"",""partner2Desc"":""World"",""classificationCode"":""H6"",""classificationSearchCode"":""HS"",""isOriginalClassification"":true,""cmdCode"":""090111"",""cmdDesc"":""Coffee; not roasted or decaffeinated"",""aggrLevel"":6,""isLeaf"":true,""customsCode"":""C00"",""customsDesc"":""TOTAL CPC"",""mosCode"":""0"",""motCode"":0,""motDesc"":""TOTAL MOT"",""qtyUnitCode"":8,""qtyUnitAbbr"":""kg"",""qty"":312747351.424,""isQtyEstimated"":false,""altQtyUnitCode"":8,""altQtyUnitAbbr"":""kg"",""altQty"":312747351.424,""isAltQtyEstimated"":false,""netWgt"":312747351.424,""isNetWgtEstimated"":false,""grossWgt"":0,""isGrossWgtEstimated"":false,""cifvalue"":null,""fobvalue"":1623115237.99,""primaryValue"":1623115237.99,""legacyEstimationFlag"":0,""isReported"":false,""isAggregate"":true}"
,UN Comtrade,https://comtradeapi.un.org/public/v1/preview/C/A/HS?reporterCode=360&flowCode=X&cmdCode=090111&period=2024&includeDesc=true,2026-05-30T18:34:22.015Z,"{""reporters"":[{""endpoint"":""https://comtradeapi.un.org/public/v1/preview/C/A/HS"",""reporterCode"":704,""reporterISO"":""VNM"",""flowCode"":""X"",""cmdCode"":""090111"",""period"":""2020,2021,2022,2023,2024,2025"",""includeDesc"":true},{""endpoint"":""https://comtradeapi.un.org/public/v1/preview/C/A/HS"",""reporterCode"":76,""reporterISO"":""BRA"",""flowCode"":""X"",""cmdCode"":""090111"",""period"":""2020,2021,2022,2023,2024,2025"",""includeDesc"":true},{""endpoint"":""https://comtradeapi.un.org/public/v1/preview/C/A/HS"",""reporterCode"":360,""reporterISO"":""IDN"",""flowCode"":""X"",""cmdCode"":""090111"",""period"":""2020,2021,2022,2023,2024,2025"",""includeDesc"":true}]}",C,A,20240101,2024,360,IDN,Indonesia,8,ALB,Albania,0,W00,World,X,Export,H6,090111,Coffee; not roasted or decaffeinated,C00,TOTAL CPC,0,TOTAL MOT,8,kg,19220,19220,0,98331.04,true,false,true,"{""typeCode"":""C"",""freqCode"":""A"",""refPeriodId"":20240101,""refYear"":2024,""refMonth"":52,""period"":""2024"",""reporterCode"":360,""reporterISO"":""IDN"",""reporterDesc"":""Indonesia"",""flowCode"":""X"",""flowDesc"":""Export"",""partnerCode"":8,""partnerISO"":""ALB"",""partnerDesc"":""Albania"",""partner2Code"":0,""partner2ISO"":""W00"",""partner2Desc"":""World"",""classificationCode"":""H6"",""classificationSearchCode"":""HS"",""isOriginalClassification"":true,""cmdCode"":""090111"",""cmdDesc"":""Coffee; not roasted or decaffeinated"",""aggrLevel"":6,""isLeaf"":true,""customsCode"":""C00"",""customsDesc"":""TOTAL CPC"",""mosCode"":""0"",""motCode"":0,""motDesc"":""TOTAL MOT"",""qtyUnitCode"":8,""qtyUnitAbbr"":""kg"",""qty"":19220,""isQtyEstimated"":false,""altQtyUnitCode"":8,""altQtyUnitAbbr"":""kg"",""altQty"":19220,""isAltQtyEstimated"":false,""netWgt"":19220,""isNetWgtEstimated"":false,""grossWgt"":0,""isGrossWgtEstimated"":false,""cifvalue"":null,""fobvalue"":98331.04,""primaryValue"":98331.04,""legacyEstimationFlag"":0,""isReported"":false,""isAggregate"":true}"
,UN Comtrade,https://comtradeapi.un.org/public/v1/preview/C/A/HS?reporterCode=360&flowCode=X&cmdCode=090111&period=2024&includeDesc=true,2026-05-30T18:34:22.015Z,"{""reporters"":[{""endpoint"":""https://comtradeapi.un.org/public/v1/preview/C/A/HS"",""reporterCode"":704,""reporterISO"":""VNM"",""flowCode"":""X"",""cmdCode"":""090111"",""period"":""2020,2021,2022,2023,2024,2025"",""includeDesc"":true},{""endpoint"":""https://comtradeapi.un.org/public/v1/preview/C/A/HS"",""reporterCode"":76,""reporterISO"":""BRA"",""flowCode"":""X"",""cmdCode"":""090111"",""period"":""2020,2021,2022,2023,2024,2025"",""includeDesc"":true},{""endpoint"":""https://comtradeapi.un.org/public/v1/preview/C/A/HS"",""reporterCode"":360,""reporterISO"":""IDN"",""flowCode"":""X"",""cmdCode"":""090111"",""period"":""2020,2021,2022,2023,2024,2025"",""includeDesc"":true}]}",C,A,20240101,2024,360,IDN,Indonesia,12,DZA,Algeria,0,W00,World,X,Export,H6,090111,Coffee; not roasted or decaffeinated,C00,TOTAL CPC,0,TOTAL MOT,8,kg,6817200,6817200,0,33578065.25,true,false,true,"{""typeCode"":""C"",""freqCode"":""A"",""refPeriodId"":20240101,""refYear"":2024,""refMonth"":52,""period"":""2024"",""reporterCode"":360,""reporterISO"":""IDN"",""reporterDesc"":""Indonesia"",""flowCode"":""X"",""flowDesc"":""Export"",""partnerCode"":12,""partnerISO"":""DZA"",""partnerDesc"":""Algeria"",""partner2Code"":0,""partner2ISO"":""W00"",""partner2Desc"":""World"",""classificationCode"":""H6"",""classificationSearchCode"":""HS"",""isOriginalClassification"":true,""cmdCode"":""090111"",""cmdDesc"":""Coffee; not roasted or decaffeinated"",""aggrLevel"":6,""isLeaf"":true,""customsCode"":""C00"",""customsDesc"":""TOTAL CPC"",""mosCode"":""0"",""motCode"":0,""motDesc"":""TOTAL MOT"",""qtyUnitCode"":8,""qtyUnitAbbr"":""kg"",""qty"":6817200,""isQtyEstimated"":false,""altQtyUnitCode"":8,""altQtyUnitAbbr"":""kg"",""altQty"":6817200,""isAltQtyEstimated"":false,""netWgt"":6817200,""isNetWgtEstimated"":false,""grossWgt"":0,""isGrossWgtEstimated"":false,""cifvalue"":null,""fobvalue"":33578065.25,""primaryValue"":33578065.25,""legacyEstimationFlag"":0,""isReported"":false,""isAggregate"":true}"
,UN Comtrade,https://comtradeapi.un.org/public/v1/preview/C/A/HS?reporterCode=360&flowCode=X&cmdCode=090111&period=2024&includeDesc=true,2026-05-30T18:34:22.015Z,"{""reporters"":[{""endpoint"":""https://comtradeapi.un.org/public/v1/preview/C/A/HS"",""reporterCode"":704,""reporterISO"":""VNM"",""flowCode"":""X"",""cmdCode"":""090111"",""period"":""2020,2021,2022,2023,2024,2025"",""includeDesc"":true},{""endpoint"":""https://comtradeapi.un.org/public/v1/preview/C/A/HS"",""reporterCode"":76,""reporterISO"":""BRA"",""flowCode"":""X"",""cmdCode"":""090111"",""period"":""2020,2021,2022,2023,2024,2025"",""includeDesc"":true},{""endpoint"":""https://comtradeapi.un.org/public/v1/preview/C/A/HS"",""reporterCode"":360,""reporterISO"":""IDN"",""flowCode"":""X"",""cmdCode"":""090111"",""period"":""2020,2021,2022,2023,2024,2025"",""includeDesc"":true}]}",C,A,20240101,2024,360,IDN,Indonesia,36,AUS,Australia,0,W00,World,X,Export,H6,090111,Coffee; not roasted or decaffeinated,C00,TOTAL CPC,0,TOTAL MOT,8,kg,4491242.871,4491242.871,0,25626130.105,true,false,true,"{""typeCode"":""C"",""freqCode"":""A"",""refPeriodId"":20240101,""refYear"":2024,""refMonth"":52,""period"":""2024"",""reporterCode"":360,""reporterISO"":""IDN"",""reporterDesc"":""Indonesia"",""flowCode"":""X"",""flowDesc"":""Export"",""partnerCode"":36,""partnerISO"":""AUS"",""partnerDesc"":""Australia"",""partner2Code"":0,""partner2ISO"":""W00"",""partner2Desc"":""World"",""classificationCode"":""H6"",""classificationSearchCode"":""HS"",""isOriginalClassification"":true,""cmdCode"":""090111"",""cmdDesc"":""Coffee; not roasted or decaffeinated"",""aggrLevel"":6,""isLeaf"":true,""customsCode"":""C00"",""customsDesc"":""TOTAL CPC"",""mosCode"":""0"",""motCode"":0,""motDesc"":""TOTAL MOT"",""qtyUnitCode"":8,""qtyUnitAbbr"":""kg"",""qty"":4491242.871,""isQtyEstimated"":false,""altQtyUnitCode"":8,""altQtyUnitAbbr"":""kg"",""altQty"":4491242.871,""isAltQtyEstimated"":false,""netWgt"":4491242.871,""isNetWgtEstimated"":false,""grossWgt"":0,""isGrossWgtEstimated"":false,""cifvalue"":null,""fobvalue"":25626130.105,""primaryValue"":25626130.105,""legacyEstimationFlag"":0,""isReported"":false,""isAggregate"":true}"
,UN Comtrade,https://comtradeapi.un.org/public/v1/preview/C/A/HS?reporterCode=360&flowCode=X&cmdCode=090111&period=2024&includeDesc=true,2026-05-30T18:34:22.015Z,"{""reporters"":[{""endpoint"":""https://comtradeapi.un.org/public/v1/preview/C/A/HS"",""reporterCode"":704,""reporterISO"":""VNM"",""flowCode"":""X"",""cmdCode"":""090111"",""period"":""2020,2021,2022,2023,2024,2025"",""includeDesc"":true},{""endpoint"":""https://comtradeapi.un.org/public/v1/preview/C/A/HS"",""reporterCode"":76,""reporterISO"":""BRA"",""flowCode"":""X"",""cmdCode"":""090111"",""period"":""2020,2021,2022,2023,2024,2025"",""includeDesc"":true},{""endpoint"":""https://comtradeapi.un.org/public/v1/preview/C/A/HS"",""reporterCode"":360,""reporterISO"":""IDN"",""flowCode"":""X"",""cmdCode"":""090111"",""period"":""2020,2021,2022,2023,2024,2025"",""includeDesc"":true}]}",C,A,20240101,2024,360,IDN,Indonesia,40,AUT,Austria,0,W00,World,X,Export,H6,090111,Coffee; not roasted or decaffeinated,C00,TOTAL CPC,0,TOTAL MOT,8,kg,2040,2040,0,17544,true,false,true,"{""typeCode"":""C"",""freqCode"":""A"",""refPeriodId"":20240101,""refYear"":2024,""refMonth"":52,""period"":""2024"",""reporterCode"":360,""reporterISO"":""IDN"",""reporterDesc"":""Indonesia"",""flowCode"":""X"",""flowDesc"":""Export"",""partnerCode"":40,""partnerISO"":""AUT"",""partnerDesc"":""Austria"",""partner2Code"":0,""partner2ISO"":""W00"",""partner2Desc"":""World"",""classificationCode"":""H6"",""classificationSearchCode"":""HS"",""isOriginalClassification"":true,""cmdCode"":""090111"",""cmdDesc"":""Coffee; not roasted or decaffeinated"",""aggrLevel"":6,""isLeaf"":true,""customsCode"":""C00"",""customsDesc"":""TOTAL CPC"",""mosCode"":""0"",""motCode"":0,""motDesc"":""TOTAL MOT"",""qtyUnitCode"":8,""qtyUnitAbbr"":""kg"",""qty"":2040,""isQtyEstimated"":false,""altQtyUnitCode"":8,""altQtyUnitAbbr"":""kg"",""altQty"":2040,""isAltQtyEstimated"":false,""netWgt"":2040,""isNetWgtEstimated"":false,""grossWgt"":0,""isGrossWgtEstimated"":false,""cifvalue"":null,""fobvalue"":17544,""primaryValue"":17544,""legacyEstimationFlag"":0,""isReported"":false,""isAggregate"":true}"
,UN Comtrade,https://comtradeapi.un.org/public/v1/preview/C/A/HS?reporterCode=360&flowCode=X&cmdCode=090111&period=2024&includeDesc=true,2026-05-30T18:34:22.015Z,"{""reporters"":[{""endpoint"":""https://comtradeapi.un.org/public/v1/preview/C/A/HS"",""reporterCode"":704,""reporterISO"":""VNM"",""flowCode"":""X"",""cmdCode"":""090111"",""period"":""2020,2021,2022,2023,2024,2025"",""includeDesc"":true},{""endpoint"":""https://comtradeapi.un.org/public/v1/preview/C/A/HS"",""reporterCode"":76,""reporterISO"":""BRA"",""flowCode"":""X"",""cmdCode"":""090111"",""period"":""2020,2021,2022,2023,2024,2025"",""includeDesc"":true},{""endpoint"":""https://comtradeapi.un.org/public/v1/preview/C/A/HS"",""reporterCode"":360,""reporterISO"":""IDN"",""flowCode"":""X"",""cmdCode"":""090111"",""period"":""2020,2021,2022,2023,2024,2025"",""includeDesc"":true}]}",C,A,20240101,2024,360,IDN,Indonesia,51,ARM,Armenia,0,W00,World,X,Export,H6,090111,Coffee; not roasted or decaffeinated,C00,TOTAL CPC,0,TOTAL MOT,8,kg,1487400,1487400,0,7011106.13,true,false,true,"{""typeCode"":""C"",""freqCode"":""A"",""refPeriodId"":20240101,""refYear"":2024,""refMonth"":52,""period"":""2024"",""reporterCode"":360,""reporterISO"":""IDN"",""reporterDesc"":""Indonesia"",""flowCode"":""X"",""flowDesc"":""Export"",""partnerCode"":51,""partnerISO"":""ARM"",""partnerDesc"":""Armenia"",""partner2Code"":0,""partner2ISO"":""W00"",""partner2Desc"":""World"",""classificationCode"":""H6"",""classificationSearchCode"":""HS"",""isOriginalClassification"":true,""cmdCode"":""090111"",""cmdDesc"":""Coffee; not roasted or decaffeinated"",""aggrLevel"":6,""isLeaf"":true,""customsCode"":""C00"",""customsDesc"":""TOTAL CPC"",""mosCode"":""0"",""motCode"":0,""motDesc"":""TOTAL MOT"",""qtyUnitCode"":8,""qtyUnitAbbr"":""kg"",""qty"":1487400,""isQtyEstimated"":false,""altQtyUnitCode"":8,""altQtyUnitAbbr"":""kg"",""altQty"":1487400,""isAltQtyEstimated"":false,""netWgt"":1487400,""isNetWgtEstimated"":false,""grossWgt"":0,""isGrossWgtEstimated"":false,""cifvalue"":null,""fobvalue"":7011106.13,""primaryValue"":7011106.13,""legacyEstimationFlag"":0,""isReported"":false,""isAggregate"":true}"
,UN Comtrade,https://comtradeapi.un.org/public/v1/preview/C/A/HS?reporterCode=360&flowCode=X&cmdCode=090111&period=2024&includeDesc=true,2026-05-30T18:34:22.015Z,"{""reporters"":[{""endpoint"":""https://comtradeapi.un.org/public/v1/preview/C/A/HS"",""reporterCode"":704,""reporterISO"":""VNM"",""flowCode"":""X"",""cmdCode"":""090111"",""period"":""2020,2021,2022,2023,2024,2025"",""includeDesc"":true},{""endpoint"":""https://comtradeapi.un.org/public/v1/preview/C/A/HS"",""reporterCode"":76,""reporterISO"":""BRA"",""flowCode"":""X"",""cmdCode"":""090111"",""period"":""2020,2021,2022,2023,2024,2025"",""includeDesc"":true},{""endpoint"":""https://comtradeapi.un.org/public/v1/preview/C/A/HS"",""reporterCode"":360,""reporterISO"":""IDN"",""flowCode"":""X"",""cmdCode"":""090111"",""period"":""2020,2021,2022,2023,2024,2025"",""includeDesc"":true}]}",C,A,20240101,2024,360,IDN,Indonesia,56,BEL,Belgium,0,W00,World,X,Export,H6,090111,Coffee; not roasted or decaffeinated,C00,TOTAL CPC,0,TOTAL MOT,8,kg,21298170,21298170,0,115714746.577,true,false,true,"{""typeCode"":""C"",""freqCode"":""A"",""refPeriodId"":20240101,""refYear"":2024,""refMonth"":52,""period"":""2024"",""reporterCode"":360,""reporterISO"":""IDN"",""reporterDesc"":""Indonesia"",""flowCode"":""X"",""flowDesc"":""Export"",""partnerCode"":56,""partnerISO"":""BEL"",""partnerDesc"":""Belgium"",""partner2Code"":0,""partner2ISO"":""W00"",""partner2Desc"":""World"",""classificationCode"":""H6"",""classificationSearchCode"":""HS"",""isOriginalClassification"":true,""cmdCode"":""090111"",""cmdDesc"":""Coffee; not roasted or decaffeinated"",""aggrLevel"":6,""isLeaf"":true,""customsCode"":""C00"",""customsDesc"":""TOTAL CPC"",""mosCode"":""0"",""motCode"":0,""motDesc"":""TOTAL MOT"",""qtyUnitCode"":8,""qtyUnitAbbr"":""kg"",""qty"":21298170,""isQtyEstimated"":false,""altQtyUnitCode"":8,""altQtyUnitAbbr"":""kg"",""altQty"":21298170,""isAltQtyEstimated"":false,""netWgt"":21298170,""isNetWgtEstimated"":false,""grossWgt"":0,""isGrossWgtEstimated"":false,""cifvalue"":null,""fobvalue"":115714746.577,""primaryValue"":115714746.577,""legacyEstimationFlag"":0,""isReported"":false,""isAggregate"":true}"
,UN Comtrade,https://comtradeapi.un.org/public/v1/preview/C/A/HS?reporterCode=360&flowCode=X&cmdCode=090111&period=2024&includeDesc=true,2026-05-30T18:34:22.015Z,"{""reporters"":[{""endpoint"":""https://comtradeapi.un.org/public/v1/preview/C/A/HS"",""reporterCode"":704,""reporterISO"":""VNM"",""flowCode"":""X"",""cmdCode"":""090111"",""period"":""2020,2021,2022,2023,2024,2025"",""includeDesc"":true},{""endpoint"":""https://comtradeapi.un.org/public/v1/preview/C/A/HS"",""reporterCode"":76,""reporterISO"":""BRA"",""flowCode"":""X"",""cmdCode"":""090111"",""period"":""2020,2021,2022,2023,2024,2025"",""includeDesc"":true},{""endpoint"":""https://comtradeapi.un.org/public/v1/preview/C/A/HS"",""reporterCode"":360,""reporterISO"":""IDN"",""flowCode"":""X"",""cmdCode"":""090111"",""period"":""2020,2021,2022,2023,2024,2025"",""includeDesc"":true}]}",C,A,20240101,2024,360,IDN,Indonesia,96,BRN,Brunei Darussalam,0,W00,World,X,Export,H6,090111,Coffee; not roasted or decaffeinated,C00,TOTAL CPC,0,TOTAL MOT,8,kg,2347.79,2347.79,0,19842.3,true,false,true,"{""typeCode"":""C"",""freqCode"":""A"",""refPeriodId"":20240101,""refYear"":2024,""refMonth"":52,""period"":""2024"",""reporterCode"":360,""reporterISO"":""IDN"",""reporterDesc"":""Indonesia"",""flowCode"":""X"",""flowDesc"":""Export"",""partnerCode"":96,""partnerISO"":""BRN"",""partnerDesc"":""Brunei Darussalam"",""partner2Code"":0,""partner2ISO"":""W00"",""partner2Desc"":""World"",""classificationCode"":""H6"",""classificationSearchCode"":""HS"",""isOriginalClassification"":true,""cmdCode"":""090111"",""cmdDesc"":""Coffee; not roasted or decaffeinated"",""aggrLevel"":6,""isLeaf"":true,""customsCode"":""C00"",""customsDesc"":""TOTAL CPC"",""mosCode"":""0"",""motCode"":0,""motDesc"":""TOTAL MOT"",""qtyUnitCode"":8,""qtyUnitAbbr"":""kg"",""qty"":2347.79,""isQtyEstimated"":false,""altQtyUnitCode"":8,""altQtyUnitAbbr"":""kg"",""altQty"":2347.79,""isAltQtyEstimated"":false,""netWgt"":2347.79,""isNetWgtEstimated"":false,""grossWgt"":0,""isGrossWgtEstimated"":false,""cifvalue"":null,""fobvalue"":19842.3,""primaryValue"":19842.3,""legacyEstimationFlag"":0,""isReported"":false,""isAggregate"":true}"
,UN Comtrade,https://comtradeapi.un.org/public/v1/preview/C/A/HS?reporterCode=360&flowCode=X&cmdCode=090111&period=2024&includeDesc=true,2026-05-30T18:34:22.015Z,"{""reporters"":[{""endpoint"":""https://comtradeapi.un.org/public/v1/preview/C/A/HS"",""reporterCode"":704,""reporterISO"":""VNM"",""flowCode"":""X"",""cmdCode"":""090111"",""period"":""2020,2021,2022,2023,2024,2025"",""includeDesc"":true},{""endpoint"":""https://comtradeapi.un.org/public/v1/preview/C/A/HS"",""reporterCode"":76,""reporterISO"":""BRA"",""flowCode"":""X"",""cmdCode"":""090111"",""period"":""2020,2021,2022,2023,2024,2025"",""includeDesc"":true},{""endpoint"":""https://comtradeapi.un.org/public/v1/preview/C/A/HS"",""reporterCode"":360,""reporterISO"":""IDN"",""flowCode"":""X"",""cmdCode"":""090111"",""period"":""2020,2021,2022,2023,2024,2025"",""includeDesc"":true}]}",C,A,20240101,2024,360,IDN,Indonesia,100,BGR,Bulgaria,0,W00,World,X,Export,H6,090111,Coffee; not roasted or decaffeinated,C00,TOTAL CPC,0,TOTAL MOT,8,kg,429600,429600,0,1862450,true,false,true,"{""typeCode"":""C"",""freqCode"":""A"",""refPeriodId"":20240101,""refYear"":2024,""refMonth"":52,""period"":""2024"",""reporterCode"":360,""reporterISO"":""IDN"",""reporterDesc"":""Indonesia"",""flowCode"":""X"",""flowDesc"":""Export"",""partnerCode"":100,""partnerISO"":""BGR"",""partnerDesc"":""Bulgaria"",""partner2Code"":0,""partner2ISO"":""W00"",""partner2Desc"":""World"",""classificationCode"":""H6"",""classificationSearchCode"":""HS"",""isOriginalClassification"":true,""cmdCode"":""090111"",""cmdDesc"":""Coffee; not roasted or decaffeinated"",""aggrLevel"":6,""isLeaf"":true,""customsCode"":""C00"",""customsDesc"":""TOTAL CPC"",""mosCode"":""0"",""motCode"":0,""motDesc"":""TOTAL MOT"",""qtyUnitCode"":8,""qtyUnitAbbr"":""kg"",""qty"":429600,""isQtyEstimated"":false,""altQtyUnitCode"":8,""altQtyUnitAbbr"":""kg"",""altQty"":429600,""isAltQtyEstimated"":false,""netWgt"":429600,""isNetWgtEstimated"":false,""grossWgt"":0,""isGrossWgtEstimated"":false,""cifvalue"":null,""fobvalue"":1862450,""primaryValue"":1862450,""legacyEstimationFlag"":0,""isReported"":false,""isAggregate"":true}"
,UN Comtrade,https://comtradeapi.un.org/public/v1/preview/C/A/HS?reporterCode=360&flowCode=X&cmdCode=090111&period=2024&includeDesc=true,2026-05-30T18:34:22.015Z,"{""reporters"":[{""endpoint"":""https://comtradeapi.un.org/public/v1/preview/C/A/HS"",""reporterCode"":704,""reporterISO"":""VNM"",""flowCode"":""X"",""cmdCode"":""090111"",""period"":""2020,2021,2022,2023,2024,2025"",""includeDesc"":true},{""endpoint"":""https://comtradeapi.un.org/public/v1/preview/C/A/HS"",""reporterCode"":76,""reporterISO"":""BRA"",""flowCode"":""X"",""cmdCode"":""090111"",""period"":""2020,2021,2022,2023,2024,2025"",""includeDesc"":true},{""endpoint"":""https://comtradeapi.un.org/public/v1/preview/C/A/HS"",""reporterCode"":360,""reporterISO"":""IDN"",""flowCode"":""X"",""cmdCode"":""090111"",""period"":""2020,2021,2022,2023,2024,2025"",""includeDesc"":true}]}",C,A,20240101,2024,360,IDN,Indonesia,112,BLR,Belarus,0,W00,World,X,Export,H6,090111,Coffee; not roasted or decaffeinated,C00,TOTAL CPC,0,TOTAL MOT,8,kg,1920,1920,0,19491,true,false,true,"{""typeCode"":""C"",""freqCode"":""A"",""refPeriodId"":20240101,""refYear"":2024,""refMonth"":52,""period"":""2024"",""reporterCode"":360,""reporterISO"":""IDN"",""reporterDesc"":""Indonesia"",""flowCode"":""X"",""flowDesc"":""Export"",""partnerCode"":112,""partnerISO"":""BLR"",""partnerDesc"":""Belarus"",""partner2Code"":0,""partner2ISO"":""W00"",""partner2Desc"":""World"",""classificationCode"":""H6"",""classificationSearchCode"":""HS"",""isOriginalClassification"":true,""cmdCode"":""090111"",""cmdDesc"":""Coffee; not roasted or decaffeinated"",""aggrLevel"":6,""isLeaf"":true,""customsCode"":""C00"",""customsDesc"":""TOTAL CPC"",""mosCode"":""0"",""motCode"":0,""motDesc"":""TOTAL MOT"",""qtyUnitCode"":8,""qtyUnitAbbr"":""kg"",""qty"":1920,""isQtyEstimated"":false,""altQtyUnitCode"":8,""altQtyUnitAbbr"":""kg"",""altQty"":1920,""isAltQtyEstimated"":false,""netWgt"":1920,""isNetWgtEstimated"":false,""grossWgt"":0,""isGrossWgtEstimated"":false,""cifvalue"":null,""fobvalue"":19491,""primaryValue"":19491,""legacyEstimationFlag"":0,""isReported"":false,""isAggregate"":true}"
,UN Comtrade,https://comtradeapi.un.org/public/v1/preview/C/A/HS?reporterCode=360&flowCode=X&cmdCode=090111&period=2024&includeDesc=true,2026-05-30T18:34:22.015Z,"{""reporters"":[{""endpoint"":""https://comtradeapi.un.org/public/v1/preview/C/A/HS"",""reporterCode"":704,""reporterISO"":""VNM"",""flowCode"":""X"",""cmdCode"":""090111"",""period"":""2020,2021,2022,2023,2024,2025"",""includeDesc"":true},{""endpoint"":""https://comtradeapi.un.org/public/v1/preview/C/A/HS"",""reporterCode"":76,""reporterISO"":""BRA"",""flowCode"":""X"",""cmdCode"":""090111"",""period"":""2020,2021,2022,2023,2024,2025"",""includeDesc"":true},{""endpoint"":""https://comtradeapi.un.org/public/v1/preview/C/A/HS"",""reporterCode"":360,""reporterISO"":""IDN"",""flowCode"":""X"",""cmdCode"":""090111"",""period"":""2020,2021,2022,2023,2024,2025"",""includeDesc"":true}]}",C,A,20240101,2024,360,IDN,Indonesia,116,KHM,Cambodia,0,W00,World,X,Export,H6,090111,Coffee; not roasted or decaffeinated,C00,TOTAL CPC,0,TOTAL MOT,8,kg,28782.4,28782.4,0,203538.68,true,false,true,"{""typeCode"":""C"",""freqCode"":""A"",""refPeriodId"":20240101,""refYear"":2024,""refMonth"":52,""period"":""2024"",""reporterCode"":360,""reporterISO"":""IDN"",""reporterDesc"":""Indonesia"",""flowCode"":""X"",""flowDesc"":""Export"",""partnerCode"":116,""partnerISO"":""KHM"",""partnerDesc"":""Cambodia"",""partner2Code"":0,""partner2ISO"":""W00"",""partner2Desc"":""World"",""classificationCode"":""H6"",""classificationSearchCode"":""HS"",""isOriginalClassification"":true,""cmdCode"":""090111"",""cmdDesc"":""Coffee; not roasted or decaffeinated"",""aggrLevel"":6,""isLeaf"":true,""customsCode"":""C00"",""customsDesc"":""TOTAL CPC"",""mosCode"":""0"",""motCode"":0,""motDesc"":""TOTAL MOT"",""qtyUnitCode"":8,""qtyUnitAbbr"":""kg"",""qty"":28782.4,""isQtyEstimated"":false,""altQtyUnitCode"":8,""altQtyUnitAbbr"":""kg"",""altQty"":28782.4,""isAltQtyEstimated"":false,""netWgt"":28782.4,""isNetWgtEstimated"":false,""grossWgt"":0,""isGrossWgtEstimated"":false,""cifvalue"":null,""fobvalue"":203538.68,""primaryValue"":203538.68,""legacyEstimationFlag"":0,""isReported"":false,""isAggregate"":true}"
,UN Comtrade,https://comtradeapi.un.org/public/v1/preview/C/A/HS?reporterCode=360&flowCode=X&cmdCode=090111&period=2024&includeDesc=true,2026-05-30T18:34:22.015Z,"{""reporters"":[{""endpoint"":""https://comtradeapi.un.org/public/v1/preview/C/A/HS"",""reporterCode"":704,""reporterISO"":""VNM"",""flowCode"":""X"",""cmdCode"":""090111"",""period"":""2020,2021,2022,2023,2024,2025"",""includeDesc"":true},{""endpoint"":""https://comtradeapi.un.org/public/v1/preview/C/A/HS"",""reporterCode"":76,""reporterISO"":""BRA"",""flowCode"":""X"",""cmdCode"":""090111"",""period"":""2020,2021,2022,2023,2024,2025"",""includeDesc"":true},{""endpoint"":""https://comtradeapi.un.org/public/v1/preview/C/A/HS"",""reporterCode"":360,""reporterISO"":""IDN"",""flowCode"":""X"",""cmdCode"":""090111"",""period"":""2020,2021,2022,2023,2024,2025"",""includeDesc"":true}]}",C,A,20240101,2024,360,IDN,Indonesia,124,CAN,Canada,0,W00,World,X,Export,H6,090111,Coffee; not roasted or decaffeinated,C00,TOTAL CPC,0,TOTAL MOT,8,kg,3773690.5,3773690.5,0,29446178.76,true,false,true,"{""typeCode"":""C"",""freqCode"":""A"",""refPeriodId"":20240101,""refYear"":2024,""refMonth"":52,""period"":""2024"",""reporterCode"":360,""reporterISO"":""IDN"",""reporterDesc"":""Indonesia"",""flowCode"":""X"",""flowDesc"":""Export"",""partnerCode"":124,""partnerISO"":""CAN"",""partnerDesc"":""Canada"",""partner2Code"":0,""partner2ISO"":""W00"",""partner2Desc"":""World"",""classificationCode"":""H6"",""classificationSearchCode"":""HS"",""isOriginalClassification"":true,""cmdCode"":""090111"",""cmdDesc"":""Coffee; not roasted or decaffeinated"",""aggrLevel"":6,""isLeaf"":true,""customsCode"":""C00"",""customsDesc"":""TOTAL CPC"",""mosCode"":""0"",""motCode"":0,""motDesc"":""TOTAL MOT"",""qtyUnitCode"":8,""qtyUnitAbbr"":""kg"",""qty"":3773690.5,""isQtyEstimated"":false,""altQtyUnitCode"":8,""altQtyUnitAbbr"":""kg"",""altQty"":3773690.5,""isAltQtyEstimated"":false,""netWgt"":3773690.5,""isNetWgtEstimated"":false,""grossWgt"":0,""isGrossWgtEstimated"":false,""cifvalue"":null,""fobvalue"":29446178.76,""primaryValue"":29446178.76,""legacyEstimationFlag"":0,""isReported"":false,""isAggregate"":true}"
,UN Comtrade,https://comtradeapi.un.org/public/v1/preview/C/A/HS?reporterCode=360&flowCode=X&cmdCode=090111&period=2024&includeDesc=true,2026-05-30T18:34:22.015Z,"{""reporters"":[{""endpoint"":""https://comtradeapi.un.org/public/v1/preview/C/A/HS"",""reporterCode"":704,""reporterISO"":""VNM"",""flowCode"":""X"",""cmdCode"":""090111"",""period"":""2020,2021,2022,2023,2024,2025"",""includeDesc"":true},{""endpoint"":""https://comtradeapi.un.org/public/v1/preview/C/A/HS"",""reporterCode"":76,""reporterISO"":""BRA"",""flowCode"":""X"",""cmdCode"":""090111"",""period"":""2020,2021,2022,2023,2024,2025"",""includeDesc"":true},{""endpoint"":""https://comtradeapi.un.org/public/v1/preview/C/A/HS"",""reporterCode"":360,""reporterISO"":""IDN"",""flowCode"":""X"",""cmdCode"":""090111"",""period"":""2020,2021,2022,2023,2024,2025"",""includeDesc"":true}]}",C,A,20240101,2024,360,IDN,Indonesia,132,CPV,Cabo Verde,0,W00,World,X,Export,H6,090111,Coffee; not roasted or decaffeinated,C00,TOTAL CPC,0,TOTAL MOT,8,kg,19200,19200,0,89299.2,true,false,true,"{""typeCode"":""C"",""freqCode"":""A"",""refPeriodId"":20240101,""refYear"":2024,""refMonth"":52,""period"":""2024"",""reporterCode"":360,""reporterISO"":""IDN"",""reporterDesc"":""Indonesia"",""flowCode"":""X"",""flowDesc"":""Export"",""partnerCode"":132,""partnerISO"":""CPV"",""partnerDesc"":""Cabo Verde"",""partner2Code"":0,""partner2ISO"":""W00"",""partner2Desc"":""World"",""classificationCode"":""H6"",""classificationSearchCode"":""HS"",""isOriginalClassification"":true,""cmdCode"":""090111"",""cmdDesc"":""Coffee; not roasted or decaffeinated"",""aggrLevel"":6,""isLeaf"":true,""customsCode"":""C00"",""customsDesc"":""TOTAL CPC"",""mosCode"":""0"",""motCode"":0,""motDesc"":""TOTAL MOT"",""qtyUnitCode"":8,""qtyUnitAbbr"":""kg"",""qty"":19200,""isQtyEstimated"":false,""altQtyUnitCode"":8,""altQtyUnitAbbr"":""kg"",""altQty"":19200,""isAltQtyEstimated"":false,""netWgt"":19200,""isNetWgtEstimated"":false,""grossWgt"":0,""isGrossWgtEstimated"":false,""cifvalue"":null,""fobvalue"":89299.2,""primaryValue"":89299.2,""legacyEstimationFlag"":0,""isReported"":false,""isAggregate"":true}"
,UN Comtrade,https://comtradeapi.un.org/public/v1/preview/C/A/HS?reporterCode=360&flowCode=X&cmdCode=090111&period=2024&includeDesc=true,2026-05-30T18:34:22.015Z,"{""reporters"":[{""endpoint"":""https://comtradeapi.un.org/public/v1/preview/C/A/HS"",""reporterCode"":704,""reporterISO"":""VNM"",""flowCode"":""X"",""cmdCode"":""090111"",""period"":""2020,2021,2022,2023,2024,2025"",""includeDesc"":true},{""endpoint"":""https://comtradeapi.un.org/public/v1/preview/C/A/HS"",""reporterCode"":76,""reporterISO"":""BRA"",""flowCode"":""X"",""cmdCode"":""090111"",""period"":""2020,2021,2022,2023,2024,2025"",""includeDesc"":true},{""endpoint"":""https://comtradeapi.un.org/public/v1/preview/C/A/HS"",""reporterCode"":360,""reporterISO"":""IDN"",""flowCode"":""X"",""cmdCode"":""090111"",""period"":""2020,2021,2022,2023,2024,2025"",""includeDesc"":true}]}",C,A,20240101,2024,360,IDN,Indonesia,156,CHN,China,0,W00,World,X,Export,H6,090111,Coffee; not roasted or decaffeinated,C00,TOTAL CPC,0,TOTAL MOT,8,kg,8031327.939,8031327.939,0,48431179.414,true,false,true,"{""typeCode"":""C"",""freqCode"":""A"",""refPeriodId"":20240101,""refYear"":2024,""refMonth"":52,""period"":""2024"",""reporterCode"":360,""reporterISO"":""IDN"",""reporterDesc"":""Indonesia"",""flowCode"":""X"",""flowDesc"":""Export"",""partnerCode"":156,""partnerISO"":""CHN"",""partnerDesc"":""China"",""partner2Code"":0,""partner2ISO"":""W00"",""partner2Desc"":""World"",""classificationCode"":""H6"",""classificationSearchCode"":""HS"",""isOriginalClassification"":true,""cmdCode"":""090111"",""cmdDesc"":""Coffee; not roasted or decaffeinated"",""aggrLevel"":6,""isLeaf"":true,""customsCode"":""C00"",""customsDesc"":""TOTAL CPC"",""mosCode"":""0"",""motCode"":0,""motDesc"":""TOTAL MOT"",""qtyUnitCode"":8,""qtyUnitAbbr"":""kg"",""qty"":8031327.939,""isQtyEstimated"":false,""altQtyUnitCode"":8,""altQtyUnitAbbr"":""kg"",""altQty"":8031327.939,""isAltQtyEstimated"":false,""netWgt"":8031327.939,""isNetWgtEstimated"":false,""grossWgt"":0,""isGrossWgtEstimated"":false,""cifvalue"":null,""fobvalue"":48431179.414,""primaryValue"":48431179.414,""legacyEstimationFlag"":0,""isReported"":false,""isAggregate"":true}"
,UN Comtrade,https://comtradeapi.un.org/public/v1/preview/C/A/HS?reporterCode=360&flowCode=X&cmdCode=090111&period=2024&includeDesc=true,2026-05-30T18:34:22.015Z,"{""reporters"":[{""endpoint"":""https://comtradeapi.un.org/public/v1/preview/C/A/HS"",""reporterCode"":704,""reporterISO"":""VNM"",""flowCode"":""X"",""cmdCode"":""090111"",""period"":""2020,2021,2022,2023,2024,2025"",""includeDesc"":true},{""endpoint"":""https://comtradeapi.un.org/public/v1/preview/C/A/HS"",""reporterCode"":76,""reporterISO"":""BRA"",""flowCode"":""X"",""cmdCode"":""090111"",""period"":""2020,2021,2022,2023,2024,2025"",""includeDesc"":true},{""endpoint"":""https://comtradeapi.un.org/public/v1/preview/C/A/HS"",""reporterCode"":360,""reporterISO"":""IDN"",""flowCode"":""X"",""cmdCode"":""090111"",""period"":""2020,2021,2022,2023,2024,2025"",""includeDesc"":true}]}",C,A,20240101,2024,360,IDN,Indonesia,178,COG,Congo,0,W00,World,X,Export,H6,090111,Coffee; not roasted or decaffeinated,C00,TOTAL CPC,0,TOTAL MOT,8,kg,2460,2460,0,42025,true,false,true,"{""typeCode"":""C"",""freqCode"":""A"",""refPeriodId"":20240101,""refYear"":2024,""refMonth"":52,""period"":""2024"",""reporterCode"":360,""reporterISO"":""IDN"",""reporterDesc"":""Indonesia"",""flowCode"":""X"",""flowDesc"":""Export"",""partnerCode"":178,""partnerISO"":""COG"",""partnerDesc"":""Congo"",""partner2Code"":0,""partner2ISO"":""W00"",""partner2Desc"":""World"",""classificationCode"":""H6"",""classificationSearchCode"":""HS"",""isOriginalClassification"":true,""cmdCode"":""090111"",""cmdDesc"":""Coffee; not roasted or decaffeinated"",""aggrLevel"":6,""isLeaf"":true,""customsCode"":""C00"",""customsDesc"":""TOTAL CPC"",""mosCode"":""0"",""motCode"":0,""motDesc"":""TOTAL MOT"",""qtyUnitCode"":8,""qtyUnitAbbr"":""kg"",""qty"":2460,""isQtyEstimated"":false,""altQtyUnitCode"":8,""altQtyUnitAbbr"":""kg"",""altQty"":2460,""isAltQtyEstimated"":false,""netWgt"":2460,""isNetWgtEstimated"":false,""grossWgt"":0,""isGrossWgtEstimated"":false,""cifvalue"":null,""fobvalue"":42025,""primaryValue"":42025,""legacyEstimationFlag"":0,""isReported"":false,""isAggregate"":true}"
,UN Comtrade,https://comtradeapi.un.org/public/v1/preview/C/A/HS?reporterCode=360&flowCode=X&cmdCode=090111&period=2024&includeDesc=true,2026-05-30T18:34:22.015Z,"{""reporters"":[{""endpoint"":""https://comtradeapi.un.org/public/v1/preview/C/A/HS"",""reporterCode"":704,""reporterISO"":""VNM"",""flowCode"":""X"",""cmdCode"":""090111"",""period"":""2020,2021,2022,2023,2024,2025"",""includeDesc"":true},{""endpoint"":""https://comtradeapi.un.org/public/v1/preview/C/A/HS"",""reporterCode"":76,""reporterISO"":""BRA"",""flowCode"":""X"",""cmdCode"":""090111"",""period"":""2020,2021,2022,2023,2024,2025"",""includeDesc"":true},{""endpoint"":""https://comtradeapi.un.org/public/v1/preview/C/A/HS"",""reporterCode"":360,""reporterISO"":""IDN"",""flowCode"":""X"",""cmdCode"":""090111"",""period"":""2020,2021,2022,2023,2024,2025"",""includeDesc"":true}]}",C,A,20240101,2024,360,IDN,Indonesia,180,COD,Dem. Rep. of the Congo,0,W00,World,X,Export,H6,090111,Coffee; not roasted or decaffeinated,C00,TOTAL CPC,0,TOTAL MOT,8,kg,2205,2205,0,9803,true,false,true,"{""typeCode"":""C"",""freqCode"":""A"",""refPeriodId"":20240101,""refYear"":2024,""refMonth"":52,""period"":""2024"",""reporterCode"":360,""reporterISO"":""IDN"",""reporterDesc"":""Indonesia"",""flowCode"":""X"",""flowDesc"":""Export"",""partnerCode"":180,""partnerISO"":""COD"",""partnerDesc"":""Dem. Rep. of the Congo"",""partner2Code"":0,""partner2ISO"":""W00"",""partner2Desc"":""World"",""classificationCode"":""H6"",""classificationSearchCode"":""HS"",""isOriginalClassification"":true,""cmdCode"":""090111"",""cmdDesc"":""Coffee; not roasted or decaffeinated"",""aggrLevel"":6,""isLeaf"":true,""customsCode"":""C00"",""customsDesc"":""TOTAL CPC"",""mosCode"":""0"",""motCode"":0,""motDesc"":""TOTAL MOT"",""qtyUnitCode"":8,""qtyUnitAbbr"":""kg"",""qty"":2205,""isQtyEstimated"":false,""altQtyUnitCode"":8,""altQtyUnitAbbr"":""kg"",""altQty"":2205,""isAltQtyEstimated"":false,""netWgt"":2205,""isNetWgtEstimated"":false,""grossWgt"":0,""isGrossWgtEstimated"":false,""cifvalue"":null,""fobvalue"":9803,""primaryValue"":9803,""legacyEstimationFlag"":0,""isReported"":false,""isAggregate"":true}"
,UN Comtrade,https://comtradeapi.un.org/public/v1/preview/C/A/HS?reporterCode=360&flowCode=X&cmdCode=090111&period=2024&includeDesc=true,2026-05-30T18:34:22.015Z,"{""reporters"":[{""endpoint"":""https://comtradeapi.un.org/public/v1/preview/C/A/HS"",""reporterCode"":704,""reporterISO"":""VNM"",""flowCode"":""X"",""cmdCode"":""090111"",""period"":""2020,2021,2022,2023,2024,2025"",""includeDesc"":true},{""endpoint"":""https://comtradeapi.un.org/public/v1/preview/C/A/HS"",""reporterCode"":76,""reporterISO"":""BRA"",""flowCode"":""X"",""cmdCode"":""090111"",""period"":""2020,2021,2022,2023,2024,2025"",""includeDesc"":true},{""endpoint"":""https://comtradeapi.un.org/public/v1/preview/C/A/HS"",""reporterCode"":360,""reporterISO"":""IDN"",""flowCode"":""X"",""cmdCode"":""090111"",""period"":""2020,2021,2022,2023,2024,2025"",""includeDesc"":true}]}",C,A,20240101,2024,360,IDN,Indonesia,203,CZE,Czechia,0,W00,World,X,Export,H6,090111,Coffee; not roasted or decaffeinated,C00,TOTAL CPC,0,TOTAL MOT,8,kg,13363.383,13363.383,0,144305.675,true,false,true,"{""typeCode"":""C"",""freqCode"":""A"",""refPeriodId"":20240101,""refYear"":2024,""refMonth"":52,""period"":""2024"",""reporterCode"":360,""reporterISO"":""IDN"",""reporterDesc"":""Indonesia"",""flowCode"":""X"",""flowDesc"":""Export"",""partnerCode"":203,""partnerISO"":""CZE"",""partnerDesc"":""Czechia"",""partner2Code"":0,""partner2ISO"":""W00"",""partner2Desc"":""World"",""classificationCode"":""H6"",""classificationSearchCode"":""HS"",""isOriginalClassification"":true,""cmdCode"":""090111"",""cmdDesc"":""Coffee; not roasted or decaffeinated"",""aggrLevel"":6,""isLeaf"":true,""customsCode"":""C00"",""customsDesc"":""TOTAL CPC"",""mosCode"":""0"",""motCode"":0,""motDesc"":""TOTAL MOT"",""qtyUnitCode"":8,""qtyUnitAbbr"":""kg"",""qty"":13363.383,""isQtyEstimated"":false,""altQtyUnitCode"":8,""altQtyUnitAbbr"":""kg"",""altQty"":13363.383,""isAltQtyEstimated"":false,""netWgt"":13363.383,""isNetWgtEstimated"":false,""grossWgt"":0,""isGrossWgtEstimated"":false,""cifvalue"":null,""fobvalue"":144305.675,""primaryValue"":144305.675,""legacyEstimationFlag"":0,""isReported"":false,""isAggregate"":true}"
,UN Comtrade,https://comtradeapi.un.org/public/v1/preview/C/A/HS?reporterCode=360&flowCode=X&cmdCode=090111&period=2024&includeDesc=true,2026-05-30T18:34:22.015Z,"{""reporters"":[{""endpoint"":""https://comtradeapi.un.org/public/v1/preview/C/A/HS"",""reporterCode"":704,""reporterISO"":""VNM"",""flowCode"":""X"",""cmdCode"":""090111"",""period"":""2020,2021,2022,2023,2024,2025"",""includeDesc"":true},{""endpoint"":""https://comtradeapi.un.org/public/v1/preview/C/A/HS"",""reporterCode"":76,""reporterISO"":""BRA"",""flowCode"":""X"",""cmdCode"":""090111"",""period"":""2020,2021,2022,2023,2024,2025"",""includeDesc"":true},{""endpoint"":""https://comtradeapi.un.org/public/v1/preview/C/A/HS"",""reporterCode"":360,""reporterISO"":""IDN"",""flowCode"":""X"",""cmdCode"":""090111"",""period"":""2020,2021,2022,2023,2024,2025"",""includeDesc"":true}]}",C,A,20240101,2024,360,IDN,Indonesia,208,DNK,Denmark,0,W00,World,X,Export,H6,090111,Coffee; not roasted or decaffeinated,C00,TOTAL CPC,0,TOTAL MOT,8,kg,120200,120200,0,892075.936,true,false,true,"{""typeCode"":""C"",""freqCode"":""A"",""refPeriodId"":20240101,""refYear"":2024,""refMonth"":52,""period"":""2024"",""reporterCode"":360,""reporterISO"":""IDN"",""reporterDesc"":""Indonesia"",""flowCode"":""X"",""flowDesc"":""Export"",""partnerCode"":208,""partnerISO"":""DNK"",""partnerDesc"":""Denmark"",""partner2Code"":0,""partner2ISO"":""W00"",""partner2Desc"":""World"",""classificationCode"":""H6"",""classificationSearchCode"":""HS"",""isOriginalClassification"":true,""cmdCode"":""090111"",""cmdDesc"":""Coffee; not roasted or decaffeinated"",""aggrLevel"":6,""isLeaf"":true,""customsCode"":""C00"",""customsDesc"":""TOTAL CPC"",""mosCode"":""0"",""motCode"":0,""motDesc"":""TOTAL MOT"",""qtyUnitCode"":8,""qtyUnitAbbr"":""kg"",""qty"":120200,""isQtyEstimated"":false,""altQtyUnitCode"":8,""altQtyUnitAbbr"":""kg"",""altQty"":120200,""isAltQtyEstimated"":false,""netWgt"":120200,""isNetWgtEstimated"":false,""grossWgt"":0,""isGrossWgtEstimated"":false,""cifvalue"":null,""fobvalue"":892075.936,""primaryValue"":892075.936,""legacyEstimationFlag"":0,""isReported"":false,""isAggregate"":true}"
,UN Comtrade,https://comtradeapi.un.org/public/v1/preview/C/A/HS?reporterCode=360&flowCode=X&cmdCode=090111&period=2024&includeDesc=true,2026-05-30T18:34:22.015Z,"{""reporters"":[{""endpoint"":""https://comtradeapi.un.org/public/v1/preview/C/A/HS"",""reporterCode"":704,""reporterISO"":""VNM"",""flowCode"":""X"",""cmdCode"":""090111"",""period"":""2020,2021,2022,2023,2024,2025"",""includeDesc"":true},{""endpoint"":""https://comtradeapi.un.org/public/v1/preview/C/A/HS"",""reporterCode"":76,""reporterISO"":""BRA"",""flowCode"":""X"",""cmdCode"":""090111"",""period"":""2020,2021,2022,2023,2024,2025"",""includeDesc"":true},{""endpoint"":""https://comtradeapi.un.org/public/v1/preview/C/A/HS"",""reporterCode"":360,""reporterISO"":""IDN"",""flowCode"":""X"",""cmdCode"":""090111"",""period"":""2020,2021,2022,2023,2024,2025"",""includeDesc"":true}]}",C,A,20240101,2024,360,IDN,Indonesia,233,EST,Estonia,0,W00,World,X,Export,H6,090111,Coffee; not roasted or decaffeinated,C00,TOTAL CPC,0,TOTAL MOT,8,kg,25368,25368,0,166960.26,true,false,true,"{""typeCode"":""C"",""freqCode"":""A"",""refPeriodId"":20240101,""refYear"":2024,""refMonth"":52,""period"":""2024"",""reporterCode"":360,""reporterISO"":""IDN"",""reporterDesc"":""Indonesia"",""flowCode"":""X"",""flowDesc"":""Export"",""partnerCode"":233,""partnerISO"":""EST"",""partnerDesc"":""Estonia"",""partner2Code"":0,""partner2ISO"":""W00"",""partner2Desc"":""World"",""classificationCode"":""H6"",""classificationSearchCode"":""HS"",""isOriginalClassification"":true,""cmdCode"":""090111"",""cmdDesc"":""Coffee; not roasted or decaffeinated"",""aggrLevel"":6,""isLeaf"":true,""customsCode"":""C00"",""customsDesc"":""TOTAL CPC"",""mosCode"":""0"",""motCode"":0,""motDesc"":""TOTAL MOT"",""qtyUnitCode"":8,""qtyUnitAbbr"":""kg"",""qty"":25368,""isQtyEstimated"":false,""altQtyUnitCode"":8,""altQtyUnitAbbr"":""kg"",""altQty"":25368,""isAltQtyEstimated"":false,""netWgt"":25368,""isNetWgtEstimated"":false,""grossWgt"":0,""isGrossWgtEstimated"":false,""cifvalue"":null,""fobvalue"":166960.26,""primaryValue"":166960.26,""legacyEstimationFlag"":0,""isReported"":false,""isAggregate"":true}"
,UN Comtrade,https://comtradeapi.un.org/public/v1/preview/C/A/HS?reporterCode=360&flowCode=X&cmdCode=090111&period=2024&includeDesc=true,2026-05-30T18:34:22.015Z,"{""reporters"":[{""endpoint"":""https://comtradeapi.un.org/public/v1/preview/C/A/HS"",""reporterCode"":704,""reporterISO"":""VNM"",""flowCode"":""X"",""cmdCode"":""090111"",""period"":""2020,2021,2022,2023,2024,2025"",""includeDesc"":true},{""endpoint"":""https://comtradeapi.un.org/public/v1/preview/C/A/HS"",""reporterCode"":76,""reporterISO"":""BRA"",""flowCode"":""X"",""cmdCode"":""090111"",""period"":""2020,2021,2022,2023,2024,2025"",""includeDesc"":true},{""endpoint"":""https://comtradeapi.un.org/public/v1/preview/C/A/HS"",""reporterCode"":360,""reporterISO"":""IDN"",""flowCode"":""X"",""cmdCode"":""090111"",""period"":""2020,2021,2022,2023,2024,2025"",""includeDesc"":true}]}",C,A,20240101,2024,360,IDN,Indonesia,242,FJI,Fiji,0,W00,World,X,Export,H6,090111,Coffee; not roasted or decaffeinated,C00,TOTAL CPC,0,TOTAL MOT,8,kg,688.28,688.28,0,5621.97,true,false,true,"{""typeCode"":""C"",""freqCode"":""A"",""refPeriodId"":20240101,""refYear"":2024,""refMonth"":52,""period"":""2024"",""reporterCode"":360,""reporterISO"":""IDN"",""reporterDesc"":""Indonesia"",""flowCode"":""X"",""flowDesc"":""Export"",""partnerCode"":242,""partnerISO"":""FJI"",""partnerDesc"":""Fiji"",""partner2Code"":0,""partner2ISO"":""W00"",""partner2Desc"":""World"",""classificationCode"":""H6"",""classificationSearchCode"":""HS"",""isOriginalClassification"":true,""cmdCode"":""090111"",""cmdDesc"":""Coffee; not roasted or decaffeinated"",""aggrLevel"":6,""isLeaf"":true,""customsCode"":""C00"",""customsDesc"":""TOTAL CPC"",""mosCode"":""0"",""motCode"":0,""motDesc"":""TOTAL MOT"",""qtyUnitCode"":8,""qtyUnitAbbr"":""kg"",""qty"":688.28,""isQtyEstimated"":false,""altQtyUnitCode"":8,""altQtyUnitAbbr"":""kg"",""altQty"":688.28,""isAltQtyEstimated"":false,""netWgt"":688.28,""isNetWgtEstimated"":false,""grossWgt"":0,""isGrossWgtEstimated"":false,""cifvalue"":null,""fobvalue"":5621.97,""primaryValue"":5621.97,""legacyEstimationFlag"":0,""isReported"":false,""isAggregate"":true}"
,UN Comtrade,https://comtradeapi.un.org/public/v1/preview/C/A/HS?reporterCode=360&flowCode=X&cmdCode=090111&period=2024&includeDesc=true,2026-05-30T18:34:22.015Z,"{""reporters"":[{""endpoint"":""https://comtradeapi.un.org/public/v1/preview/C/A/HS"",""reporterCode"":704,""reporterISO"":""VNM"",""flowCode"":""X"",""cmdCode"":""090111"",""period"":""2020,2021,2022,2023,2024,2025"",""includeDesc"":true},{""endpoint"":""https://comtradeapi.un.org/public/v1/preview/C/A/HS"",""reporterCode"":76,""reporterISO"":""BRA"",""flowCode"":""X"",""cmdCode"":""090111"",""period"":""2020,2021,2022,2023,2024,2025"",""includeDesc"":true},{""endpoint"":""https://comtradeapi.un.org/public/v1/preview/C/A/HS"",""reporterCode"":360,""reporterISO"":""IDN"",""flowCode"":""X"",""cmdCode"":""090111"",""period"":""2020,2021,2022,2023,2024,2025"",""includeDesc"":true}]}",C,A,20240101,2024,360,IDN,Indonesia,246,FIN,Finland,0,W00,World,X,Export,H6,090111,Coffee; not roasted or decaffeinated,C00,TOTAL CPC,0,TOTAL MOT,8,kg,400,400,0,3985,true,false,true,"{""typeCode"":""C"",""freqCode"":""A"",""refPeriodId"":20240101,""refYear"":2024,""refMonth"":52,""period"":""2024"",""reporterCode"":360,""reporterISO"":""IDN"",""reporterDesc"":""Indonesia"",""flowCode"":""X"",""flowDesc"":""Export"",""partnerCode"":246,""partnerISO"":""FIN"",""partnerDesc"":""Finland"",""partner2Code"":0,""partner2ISO"":""W00"",""partner2Desc"":""World"",""classificationCode"":""H6"",""classificationSearchCode"":""HS"",""isOriginalClassification"":true,""cmdCode"":""090111"",""cmdDesc"":""Coffee; not roasted or decaffeinated"",""aggrLevel"":6,""isLeaf"":true,""customsCode"":""C00"",""customsDesc"":""TOTAL CPC"",""mosCode"":""0"",""motCode"":0,""motDesc"":""TOTAL MOT"",""qtyUnitCode"":8,""qtyUnitAbbr"":""kg"",""qty"":400,""isQtyEstimated"":false,""altQtyUnitCode"":8,""altQtyUnitAbbr"":""kg"",""altQty"":400,""isAltQtyEstimated"":false,""netWgt"":400,""isNetWgtEstimated"":false,""grossWgt"":0,""isGrossWgtEstimated"":false,""cifvalue"":null,""fobvalue"":3985,""primaryValue"":3985,""legacyEstimationFlag"":0,""isReported"":false,""isAggregate"":true}"
,UN Comtrade,https://comtradeapi.un.org/public/v1/preview/C/A/HS?reporterCode=360&flowCode=X&cmdCode=090111&period=2024&includeDesc=true,2026-05-30T18:34:22.015Z,"{""reporters"":[{""endpoint"":""https://comtradeapi.un.org/public/v1/preview/C/A/HS"",""reporterCode"":704,""reporterISO"":""VNM"",""flowCode"":""X"",""cmdCode"":""090111"",""period"":""2020,2021,2022,2023,2024,2025"",""includeDesc"":true},{""endpoint"":""https://comtradeapi.un.org/public/v1/preview/C/A/HS"",""reporterCode"":76,""reporterISO"":""BRA"",""flowCode"":""X"",""cmdCode"":""090111"",""period"":""2020,2021,2022,2023,2024,2025"",""includeDesc"":true},{""endpoint"":""https://comtradeapi.un.org/public/v1/preview/C/A/HS"",""reporterCode"":360,""reporterISO"":""IDN"",""flowCode"":""X"",""cmdCode"":""090111"",""period"":""2020,2021,2022,2023,2024,2025"",""includeDesc"":true}]}",C,A,20240101,2024,360,IDN,Indonesia,251,FRA,France,0,W00,World,X,Export,H6,090111,Coffee; not roasted or decaffeinated,C00,TOTAL CPC,0,TOTAL MOT,8,kg,3073292.449,3073292.449,0,15927174.429,true,false,true,"{""typeCode"":""C"",""freqCode"":""A"",""refPeriodId"":20240101,""refYear"":2024,""refMonth"":52,""period"":""2024"",""reporterCode"":360,""reporterISO"":""IDN"",""reporterDesc"":""Indonesia"",""flowCode"":""X"",""flowDesc"":""Export"",""partnerCode"":251,""partnerISO"":""FRA"",""partnerDesc"":""France"",""partner2Code"":0,""partner2ISO"":""W00"",""partner2Desc"":""World"",""classificationCode"":""H6"",""classificationSearchCode"":""HS"",""isOriginalClassification"":true,""cmdCode"":""090111"",""cmdDesc"":""Coffee; not roasted or decaffeinated"",""aggrLevel"":6,""isLeaf"":true,""customsCode"":""C00"",""customsDesc"":""TOTAL CPC"",""mosCode"":""0"",""motCode"":0,""motDesc"":""TOTAL MOT"",""qtyUnitCode"":8,""qtyUnitAbbr"":""kg"",""qty"":3073292.449,""isQtyEstimated"":false,""altQtyUnitCode"":8,""altQtyUnitAbbr"":""kg"",""altQty"":3073292.449,""isAltQtyEstimated"":false,""netWgt"":3073292.449,""isNetWgtEstimated"":false,""grossWgt"":0,""isGrossWgtEstimated"":false,""cifvalue"":null,""fobvalue"":15927174.429,""primaryValue"":15927174.429,""legacyEstimationFlag"":0,""isReported"":false,""isAggregate"":true}"
,UN Comtrade,https://comtradeapi.un.org/public/v1/preview/C/A/HS?reporterCode=360&flowCode=X&cmdCode=090111&period=2024&includeDesc=true,2026-05-30T18:34:22.015Z,"{""reporters"":[{""endpoint"":""https://comtradeapi.un.org/public/v1/preview/C/A/HS"",""reporterCode"":704,""reporterISO"":""VNM"",""flowCode"":""X"",""cmdCode"":""090111"",""period"":""2020,2021,2022,2023,2024,2025"",""includeDesc"":true},{""endpoint"":""https://comtradeapi.un.org/public/v1/preview/C/A/HS"",""reporterCode"":76,""reporterISO"":""BRA"",""flowCode"":""X"",""cmdCode"":""090111"",""period"":""2020,2021,2022,2023,2024,2025"",""includeDesc"":true},{""endpoint"":""https://comtradeapi.un.org/public/v1/preview/C/A/HS"",""reporterCode"":360,""reporterISO"":""IDN"",""flowCode"":""X"",""cmdCode"":""090111"",""period"":""2020,2021,2022,2023,2024,2025"",""includeDesc"":true}]}",C,A,20240101,2024,360,IDN,Indonesia,268,GEO,Georgia,0,W00,World,X,Export,H6,090111,Coffee; not roasted or decaffeinated,C00,TOTAL CPC,0,TOTAL MOT,8,kg,8505600,8505600,0,38794760.688,true,false,true,"{""typeCode"":""C"",""freqCode"":""A"",""refPeriodId"":20240101,""refYear"":2024,""refMonth"":52,""period"":""2024"",""reporterCode"":360,""reporterISO"":""IDN"",""reporterDesc"":""Indonesia"",""flowCode"":""X"",""flowDesc"":""Export"",""partnerCode"":268,""partnerISO"":""GEO"",""partnerDesc"":""Georgia"",""partner2Code"":0,""partner2ISO"":""W00"",""partner2Desc"":""World"",""classificationCode"":""H6"",""classificationSearchCode"":""HS"",""isOriginalClassification"":true,""cmdCode"":""090111"",""cmdDesc"":""Coffee; not roasted or decaffeinated"",""aggrLevel"":6,""isLeaf"":true,""customsCode"":""C00"",""customsDesc"":""TOTAL CPC"",""mosCode"":""0"",""motCode"":0,""motDesc"":""TOTAL MOT"",""qtyUnitCode"":8,""qtyUnitAbbr"":""kg"",""qty"":8505600,""isQtyEstimated"":false,""altQtyUnitCode"":8,""altQtyUnitAbbr"":""kg"",""altQty"":8505600,""isAltQtyEstimated"":false,""netWgt"":8505600,""isNetWgtEstimated"":false,""grossWgt"":0,""isGrossWgtEstimated"":false,""cifvalue"":null,""fobvalue"":38794760.688,""primaryValue"":38794760.688,""legacyEstimationFlag"":0,""isReported"":false,""isAggregate"":true}"
,UN Comtrade,https://comtradeapi.un.org/public/v1/preview/C/A/HS?reporterCode=360&flowCode=X&cmdCode=090111&period=2024&includeDesc=true,2026-05-30T18:34:22.015Z,"{""reporters"":[{""endpoint"":""https://comtradeapi.un.org/public/v1/preview/C/A/HS"",""reporterCode"":704,""reporterISO"":""VNM"",""flowCode"":""X"",""cmdCode"":""090111"",""period"":""2020,2021,2022,2023,2024,2025"",""includeDesc"":true},{""endpoint"":""https://comtradeapi.un.org/public/v1/preview/C/A/HS"",""reporterCode"":76,""reporterISO"":""BRA"",""flowCode"":""X"",""cmdCode"":""090111"",""period"":""2020,2021,2022,2023,2024,2025"",""includeDesc"":true},{""endpoint"":""https://comtradeapi.un.org/public/v1/preview/C/A/HS"",""reporterCode"":360,""reporterISO"":""IDN"",""flowCode"":""X"",""cmdCode"":""090111"",""period"":""2020,2021,2022,2023,2024,2025"",""includeDesc"":true}]}",C,A,20240101,2024,360,IDN,Indonesia,276,DEU,Germany,0,W00,World,X,Export,H6,090111,Coffee; not roasted or decaffeinated,C00,TOTAL CPC,0,TOTAL MOT,8,kg,16442171.139,16442171.139,0,88092646.325,true,false,true,"{""typeCode"":""C"",""freqCode"":""A"",""refPeriodId"":20240101,""refYear"":2024,""refMonth"":52,""period"":""2024"",""reporterCode"":360,""reporterISO"":""IDN"",""reporterDesc"":""Indonesia"",""flowCode"":""X"",""flowDesc"":""Export"",""partnerCode"":276,""partnerISO"":""DEU"",""partnerDesc"":""Germany"",""partner2Code"":0,""partner2ISO"":""W00"",""partner2Desc"":""World"",""classificationCode"":""H6"",""classificationSearchCode"":""HS"",""isOriginalClassification"":true,""cmdCode"":""090111"",""cmdDesc"":""Coffee; not roasted or decaffeinated"",""aggrLevel"":6,""isLeaf"":true,""customsCode"":""C00"",""customsDesc"":""TOTAL CPC"",""mosCode"":""0"",""motCode"":0,""motDesc"":""TOTAL MOT"",""qtyUnitCode"":8,""qtyUnitAbbr"":""kg"",""qty"":16442171.139,""isQtyEstimated"":false,""altQtyUnitCode"":8,""altQtyUnitAbbr"":""kg"",""altQty"":16442171.139,""isAltQtyEstimated"":false,""netWgt"":16442171.139,""isNetWgtEstimated"":false,""grossWgt"":0,""isGrossWgtEstimated"":false,""cifvalue"":null,""fobvalue"":88092646.325,""primaryValue"":88092646.325,""legacyEstimationFlag"":0,""isReported"":false,""isAggregate"":true}"
,UN Comtrade,https://comtradeapi.un.org/public/v1/preview/C/A/HS?reporterCode=360&flowCode=X&cmdCode=090111&period=2024&includeDesc=true,2026-05-30T18:34:22.015Z,"{""reporters"":[{""endpoint"":""https://comtradeapi.un.org/public/v1/preview/C/A/HS"",""reporterCode"":704,""reporterISO"":""VNM"",""flowCode"":""X"",""cmdCode"":""090111"",""period"":""2020,2021,2022,2023,2024,2025"",""includeDesc"":true},{""endpoint"":""https://comtradeapi.un.org/public/v1/preview/C/A/HS"",""reporterCode"":76,""reporterISO"":""BRA"",""flowCode"":""X"",""cmdCode"":""090111"",""period"":""2020,2021,2022,2023,2024,2025"",""includeDesc"":true},{""endpoint"":""https://comtradeapi.un.org/public/v1/preview/C/A/HS"",""reporterCode"":360,""reporterISO"":""IDN"",""flowCode"":""X"",""cmdCode"":""090111"",""period"":""2020,2021,2022,2023,2024,2025"",""includeDesc"":true}]}",C,A,20240101,2024,360,IDN,Indonesia,300,GRC,Greece,0,W00,World,X,Export,H6,090111,Coffee; not roasted or decaffeinated,C00,TOTAL CPC,0,TOTAL MOT,8,kg,1510800,1510800,0,7168386.296,true,false,true,"{""typeCode"":""C"",""freqCode"":""A"",""refPeriodId"":20240101,""refYear"":2024,""refMonth"":52,""period"":""2024"",""reporterCode"":360,""reporterISO"":""IDN"",""reporterDesc"":""Indonesia"",""flowCode"":""X"",""flowDesc"":""Export"",""partnerCode"":300,""partnerISO"":""GRC"",""partnerDesc"":""Greece"",""partner2Code"":0,""partner2ISO"":""W00"",""partner2Desc"":""World"",""classificationCode"":""H6"",""classificationSearchCode"":""HS"",""isOriginalClassification"":true,""cmdCode"":""090111"",""cmdDesc"":""Coffee; not roasted or decaffeinated"",""aggrLevel"":6,""isLeaf"":true,""customsCode"":""C00"",""customsDesc"":""TOTAL CPC"",""mosCode"":""0"",""motCode"":0,""motDesc"":""TOTAL MOT"",""qtyUnitCode"":8,""qtyUnitAbbr"":""kg"",""qty"":1510800,""isQtyEstimated"":false,""altQtyUnitCode"":8,""altQtyUnitAbbr"":""kg"",""altQty"":1510800,""isAltQtyEstimated"":false,""netWgt"":1510800,""isNetWgtEstimated"":false,""grossWgt"":0,""isGrossWgtEstimated"":false,""cifvalue"":null,""fobvalue"":7168386.296,""primaryValue"":7168386.296,""legacyEstimationFlag"":0,""isReported"":false,""isAggregate"":true}"
,UN Comtrade,https://comtradeapi.un.org/public/v1/preview/C/A/HS?reporterCode=360&flowCode=X&cmdCode=090111&period=2024&includeDesc=true,2026-05-30T18:34:22.015Z,"{""reporters"":[{""endpoint"":""https://comtradeapi.un.org/public/v1/preview/C/A/HS"",""reporterCode"":704,""reporterISO"":""VNM"",""flowCode"":""X"",""cmdCode"":""090111"",""period"":""2020,2021,2022,2023,2024,2025"",""includeDesc"":true},{""endpoint"":""https://comtradeapi.un.org/public/v1/preview/C/A/HS"",""reporterCode"":76,""reporterISO"":""BRA"",""flowCode"":""X"",""cmdCode"":""090111"",""period"":""2020,2021,2022,2023,2024,2025"",""includeDesc"":true},{""endpoint"":""https://comtradeapi.un.org/public/v1/preview/C/A/HS"",""reporterCode"":360,""reporterISO"":""IDN"",""flowCode"":""X"",""cmdCode"":""090111"",""period"":""2020,2021,2022,2023,2024,2025"",""includeDesc"":true}]}",C,A,20240101,2024,360,IDN,Indonesia,344,HKG,"China, Hong Kong SAR",0,W00,World,X,Export,H6,090111,Coffee; not roasted or decaffeinated,C00,TOTAL CPC,0,TOTAL MOT,8,kg,720501.946,720501.946,0,3980271.543,true,false,true,"{""typeCode"":""C"",""freqCode"":""A"",""refPeriodId"":20240101,""refYear"":2024,""refMonth"":52,""period"":""2024"",""reporterCode"":360,""reporterISO"":""IDN"",""reporterDesc"":""Indonesia"",""flowCode"":""X"",""flowDesc"":""Export"",""partnerCode"":344,""partnerISO"":""HKG"",""partnerDesc"":""China, Hong Kong SAR"",""partner2Code"":0,""partner2ISO"":""W00"",""partner2Desc"":""World"",""classificationCode"":""H6"",""classificationSearchCode"":""HS"",""isOriginalClassification"":true,""cmdCode"":""090111"",""cmdDesc"":""Coffee; not roasted or decaffeinated"",""aggrLevel"":6,""isLeaf"":true,""customsCode"":""C00"",""customsDesc"":""TOTAL CPC"",""mosCode"":""0"",""motCode"":0,""motDesc"":""TOTAL MOT"",""qtyUnitCode"":8,""qtyUnitAbbr"":""kg"",""qty"":720501.946,""isQtyEstimated"":false,""altQtyUnitCode"":8,""altQtyUnitAbbr"":""kg"",""altQty"":720501.946,""isAltQtyEstimated"":false,""netWgt"":720501.946,""isNetWgtEstimated"":false,""grossWgt"":0,""isGrossWgtEstimated"":false,""cifvalue"":null,""fobvalue"":3980271.543,""primaryValue"":3980271.543,""legacyEstimationFlag"":0,""isReported"":false,""isAggregate"":true}"
,UN Comtrade,https://comtradeapi.un.org/public/v1/preview/C/A/HS?reporterCode=360&flowCode=X&cmdCode=090111&period=2024&includeDesc=true,2026-05-30T18:34:22.015Z,"{""reporters"":[{""endpoint"":""https://comtradeapi.un.org/public/v1/preview/C/A/HS"",""reporterCode"":704,""reporterISO"":""VNM"",""flowCode"":""X"",""cmdCode"":""090111"",""period"":""2020,2021,2022,2023,2024,2025"",""includeDesc"":true},{""endpoint"":""https://comtradeapi.un.org/public/v1/preview/C/A/HS"",""reporterCode"":76,""reporterISO"":""BRA"",""flowCode"":""X"",""cmdCode"":""090111"",""period"":""2020,2021,2022,2023,2024,2025"",""includeDesc"":true},{""endpoint"":""https://comtradeapi.un.org/public/v1/preview/C/A/HS"",""reporterCode"":360,""reporterISO"":""IDN"",""flowCode"":""X"",""cmdCode"":""090111"",""period"":""2020,2021,2022,2023,2024,2025"",""includeDesc"":true}]}",C,A,20240101,2024,360,IDN,Indonesia,364,IRN,Iran,0,W00,World,X,Export,H6,090111,Coffee; not roasted or decaffeinated,C00,TOTAL CPC,0,TOTAL MOT,8,kg,1367020,1367020,0,6710554.667,true,false,true,"{""typeCode"":""C"",""freqCode"":""A"",""refPeriodId"":20240101,""refYear"":2024,""refMonth"":52,""period"":""2024"",""reporterCode"":360,""reporterISO"":""IDN"",""reporterDesc"":""Indonesia"",""flowCode"":""X"",""flowDesc"":""Export"",""partnerCode"":364,""partnerISO"":""IRN"",""partnerDesc"":""Iran"",""partner2Code"":0,""partner2ISO"":""W00"",""partner2Desc"":""World"",""classificationCode"":""H6"",""classificationSearchCode"":""HS"",""isOriginalClassification"":true,""cmdCode"":""090111"",""cmdDesc"":""Coffee; not roasted or decaffeinated"",""aggrLevel"":6,""isLeaf"":true,""customsCode"":""C00"",""customsDesc"":""TOTAL CPC"",""mosCode"":""0"",""motCode"":0,""motDesc"":""TOTAL MOT"",""qtyUnitCode"":8,""qtyUnitAbbr"":""kg"",""qty"":1367020,""isQtyEstimated"":false,""altQtyUnitCode"":8,""altQtyUnitAbbr"":""kg"",""altQty"":1367020,""isAltQtyEstimated"":false,""netWgt"":1367020,""isNetWgtEstimated"":false,""grossWgt"":0,""isGrossWgtEstimated"":false,""cifvalue"":null,""fobvalue"":6710554.667,""primaryValue"":6710554.667,""legacyEstimationFlag"":0,""isReported"":false,""isAggregate"":true}"
,UN Comtrade,https://comtradeapi.un.org/public/v1/preview/C/A/HS?reporterCode=360&flowCode=X&cmdCode=090111&period=2024&includeDesc=true,2026-05-30T18:34:22.015Z,"{""reporters"":[{""endpoint"":""https://comtradeapi.un.org/public/v1/preview/C/A/HS"",""reporterCode"":704,""reporterISO"":""VNM"",""flowCode"":""X"",""cmdCode"":""090111"",""period"":""2020,2021,2022,2023,2024,2025"",""includeDesc"":true},{""endpoint"":""https://comtradeapi.un.org/public/v1/preview/C/A/HS"",""reporterCode"":76,""reporterISO"":""BRA"",""flowCode"":""X"",""cmdCode"":""090111"",""period"":""2020,2021,2022,2023,2024,2025"",""includeDesc"":true},{""endpoint"":""https://comtradeapi.un.org/public/v1/preview/C/A/HS"",""reporterCode"":360,""reporterISO"":""IDN"",""flowCode"":""X"",""cmdCode"":""090111"",""period"":""2020,2021,2022,2023,2024,2025"",""includeDesc"":true}]}",C,A,20240101,2024,360,IDN,Indonesia,368,IRQ,Iraq,0,W00,World,X,Export,H6,090111,Coffee; not roasted or decaffeinated,C00,TOTAL CPC,0,TOTAL MOT,8,kg,5700,5700,0,27645,true,false,true,"{""typeCode"":""C"",""freqCode"":""A"",""refPeriodId"":20240101,""refYear"":2024,""refMonth"":52,""period"":""2024"",""reporterCode"":360,""reporterISO"":""IDN"",""reporterDesc"":""Indonesia"",""flowCode"":""X"",""flowDesc"":""Export"",""partnerCode"":368,""partnerISO"":""IRQ"",""partnerDesc"":""Iraq"",""partner2Code"":0,""partner2ISO"":""W00"",""partner2Desc"":""World"",""classificationCode"":""H6"",""classificationSearchCode"":""HS"",""isOriginalClassification"":true,""cmdCode"":""090111"",""cmdDesc"":""Coffee; not roasted or decaffeinated"",""aggrLevel"":6,""isLeaf"":true,""customsCode"":""C00"",""customsDesc"":""TOTAL CPC"",""mosCode"":""0"",""motCode"":0,""motDesc"":""TOTAL MOT"",""qtyUnitCode"":8,""qtyUnitAbbr"":""kg"",""qty"":5700,""isQtyEstimated"":false,""altQtyUnitCode"":8,""altQtyUnitAbbr"":""kg"",""altQty"":5700,""isAltQtyEstimated"":false,""netWgt"":5700,""isNetWgtEstimated"":false,""grossWgt"":0,""isGrossWgtEstimated"":false,""cifvalue"":null,""fobvalue"":27645,""primaryValue"":27645,""legacyEstimationFlag"":0,""isReported"":false,""isAggregate"":true}"
,UN Comtrade,https://comtradeapi.un.org/public/v1/preview/C/A/HS?reporterCode=360&flowCode=X&cmdCode=090111&period=2024&includeDesc=true,2026-05-30T18:34:22.015Z,"{""reporters"":[{""endpoint"":""https://comtradeapi.un.org/public/v1/preview/C/A/HS"",""reporterCode"":704,""reporterISO"":""VNM"",""flowCode"":""X"",""cmdCode"":""090111"",""period"":""2020,2021,2022,2023,2024,2025"",""includeDesc"":true},{""endpoint"":""https://comtradeapi.un.org/public/v1/preview/C/A/HS"",""reporterCode"":76,""reporterISO"":""BRA"",""flowCode"":""X"",""cmdCode"":""090111"",""period"":""2020,2021,2022,2023,2024,2025"",""includeDesc"":true},{""endpoint"":""https://comtradeapi.un.org/public/v1/preview/C/A/HS"",""reporterCode"":360,""reporterISO"":""IDN"",""flowCode"":""X"",""cmdCode"":""090111"",""period"":""2020,2021,2022,2023,2024,2025"",""includeDesc"":true}]}",C,A,20240101,2024,360,IDN,Indonesia,372,IRL,Ireland,0,W00,World,X,Export,H6,090111,Coffee; not roasted or decaffeinated,C00,TOTAL CPC,0,TOTAL MOT,8,kg,135180.5,135180.5,0,977483,true,false,true,"{""typeCode"":""C"",""freqCode"":""A"",""refPeriodId"":20240101,""refYear"":2024,""refMonth"":52,""period"":""2024"",""reporterCode"":360,""reporterISO"":""IDN"",""reporterDesc"":""Indonesia"",""flowCode"":""X"",""flowDesc"":""Export"",""partnerCode"":372,""partnerISO"":""IRL"",""partnerDesc"":""Ireland"",""partner2Code"":0,""partner2ISO"":""W00"",""partner2Desc"":""World"",""classificationCode"":""H6"",""classificationSearchCode"":""HS"",""isOriginalClassification"":true,""cmdCode"":""090111"",""cmdDesc"":""Coffee; not roasted or decaffeinated"",""aggrLevel"":6,""isLeaf"":true,""customsCode"":""C00"",""customsDesc"":""TOTAL CPC"",""mosCode"":""0"",""motCode"":0,""motDesc"":""TOTAL MOT"",""qtyUnitCode"":8,""qtyUnitAbbr"":""kg"",""qty"":135180.5,""isQtyEstimated"":false,""altQtyUnitCode"":8,""altQtyUnitAbbr"":""kg"",""altQty"":135180.5,""isAltQtyEstimated"":false,""netWgt"":135180.5,""isNetWgtEstimated"":false,""grossWgt"":0,""isGrossWgtEstimated"":false,""cifvalue"":null,""fobvalue"":977483,""primaryValue"":977483,""legacyEstimationFlag"":0,""isReported"":false,""isAggregate"":true}"
,UN Comtrade,https://comtradeapi.un.org/public/v1/preview/C/A/HS?reporterCode=360&flowCode=X&cmdCode=090111&period=2024&includeDesc=true,2026-05-30T18:34:22.015Z,"{""reporters"":[{""endpoint"":""https://comtradeapi.un.org/public/v1/preview/C/A/HS"",""reporterCode"":704,""reporterISO"":""VNM"",""flowCode"":""X"",""cmdCode"":""090111"",""period"":""2020,2021,2022,2023,2024,2025"",""includeDesc"":true},{""endpoint"":""https://comtradeapi.un.org/public/v1/preview/C/A/HS"",""reporterCode"":76,""reporterISO"":""BRA"",""flowCode"":""X"",""cmdCode"":""090111"",""period"":""2020,2021,2022,2023,2024,2025"",""includeDesc"":true},{""endpoint"":""https://comtradeapi.un.org/public/v1/preview/C/A/HS"",""reporterCode"":360,""reporterISO"":""IDN"",""flowCode"":""X"",""cmdCode"":""090111"",""period"":""2020,2021,2022,2023,2024,2025"",""includeDesc"":true}]}",C,A,20240101,2024,360,IDN,Indonesia,376,ISR,Israel,0,W00,World,X,Export,H6,090111,Coffee; not roasted or decaffeinated,C00,TOTAL CPC,0,TOTAL MOT,8,kg,134400,134400,0,733766,true,false,true,"{""typeCode"":""C"",""freqCode"":""A"",""refPeriodId"":20240101,""refYear"":2024,""refMonth"":52,""period"":""2024"",""reporterCode"":360,""reporterISO"":""IDN"",""reporterDesc"":""Indonesia"",""flowCode"":""X"",""flowDesc"":""Export"",""partnerCode"":376,""partnerISO"":""ISR"",""partnerDesc"":""Israel"",""partner2Code"":0,""partner2ISO"":""W00"",""partner2Desc"":""World"",""classificationCode"":""H6"",""classificationSearchCode"":""HS"",""isOriginalClassification"":true,""cmdCode"":""090111"",""cmdDesc"":""Coffee; not roasted or decaffeinated"",""aggrLevel"":6,""isLeaf"":true,""customsCode"":""C00"",""customsDesc"":""TOTAL CPC"",""mosCode"":""0"",""motCode"":0,""motDesc"":""TOTAL MOT"",""qtyUnitCode"":8,""qtyUnitAbbr"":""kg"",""qty"":134400,""isQtyEstimated"":false,""altQtyUnitCode"":8,""altQtyUnitAbbr"":""kg"",""altQty"":134400,""isAltQtyEstimated"":false,""netWgt"":134400,""isNetWgtEstimated"":false,""grossWgt"":0,""isGrossWgtEstimated"":false,""cifvalue"":null,""fobvalue"":733766,""primaryValue"":733766,""legacyEstimationFlag"":0,""isReported"":false,""isAggregate"":true}"
,UN Comtrade,https://comtradeapi.un.org/public/v1/preview/C/A/HS?reporterCode=360&flowCode=X&cmdCode=090111&period=2024&includeDesc=true,2026-05-30T18:34:22.015Z,"{""reporters"":[{""endpoint"":""https://comtradeapi.un.org/public/v1/preview/C/A/HS"",""reporterCode"":704,""reporterISO"":""VNM"",""flowCode"":""X"",""cmdCode"":""090111"",""period"":""2020,2021,2022,2023,2024,2025"",""includeDesc"":true},{""endpoint"":""https://comtradeapi.un.org/public/v1/preview/C/A/HS"",""reporterCode"":76,""reporterISO"":""BRA"",""flowCode"":""X"",""cmdCode"":""090111"",""period"":""2020,2021,2022,2023,2024,2025"",""includeDesc"":true},{""endpoint"":""https://comtradeapi.un.org/public/v1/preview/C/A/HS"",""reporterCode"":360,""reporterISO"":""IDN"",""flowCode"":""X"",""cmdCode"":""090111"",""period"":""2020,2021,2022,2023,2024,2025"",""includeDesc"":true}]}",C,A,20240101,2024,360,IDN,Indonesia,380,ITA,Italy,0,W00,World,X,Export,H6,090111,Coffee; not roasted or decaffeinated,C00,TOTAL CPC,0,TOTAL MOT,8,kg,6549900,6549900,0,29958278.801,true,false,true,"{""typeCode"":""C"",""freqCode"":""A"",""refPeriodId"":20240101,""refYear"":2024,""refMonth"":52,""period"":""2024"",""reporterCode"":360,""reporterISO"":""IDN"",""reporterDesc"":""Indonesia"",""flowCode"":""X"",""flowDesc"":""Export"",""partnerCode"":380,""partnerISO"":""ITA"",""partnerDesc"":""Italy"",""partner2Code"":0,""partner2ISO"":""W00"",""partner2Desc"":""World"",""classificationCode"":""H6"",""classificationSearchCode"":""HS"",""isOriginalClassification"":true,""cmdCode"":""090111"",""cmdDesc"":""Coffee; not roasted or decaffeinated"",""aggrLevel"":6,""isLeaf"":true,""customsCode"":""C00"",""customsDesc"":""TOTAL CPC"",""mosCode"":""0"",""motCode"":0,""motDesc"":""TOTAL MOT"",""qtyUnitCode"":8,""qtyUnitAbbr"":""kg"",""qty"":6549900,""isQtyEstimated"":false,""altQtyUnitCode"":8,""altQtyUnitAbbr"":""kg"",""altQty"":6549900,""isAltQtyEstimated"":false,""netWgt"":6549900,""isNetWgtEstimated"":false,""grossWgt"":0,""isGrossWgtEstimated"":false,""cifvalue"":null,""fobvalue"":29958278.801,""primaryValue"":29958278.801,""legacyEstimationFlag"":0,""isReported"":false,""isAggregate"":true}"
,UN Comtrade,https://comtradeapi.un.org/public/v1/preview/C/A/HS?reporterCode=360&flowCode=X&cmdCode=090111&period=2024&includeDesc=true,2026-05-30T18:34:22.015Z,"{""reporters"":[{""endpoint"":""https://comtradeapi.un.org/public/v1/preview/C/A/HS"",""reporterCode"":704,""reporterISO"":""VNM"",""flowCode"":""X"",""cmdCode"":""090111"",""period"":""2020,2021,2022,2023,2024,2025"",""includeDesc"":true},{""endpoint"":""https://comtradeapi.un.org/public/v1/preview/C/A/HS"",""reporterCode"":76,""reporterISO"":""BRA"",""flowCode"":""X"",""cmdCode"":""090111"",""period"":""2020,2021,2022,2023,2024,2025"",""includeDesc"":true},{""endpoint"":""https://comtradeapi.un.org/public/v1/preview/C/A/HS"",""reporterCode"":360,""reporterISO"":""IDN"",""flowCode"":""X"",""cmdCode"":""090111"",""period"":""2020,2021,2022,2023,2024,2025"",""includeDesc"":true}]}",C,A,20240101,2024,360,IDN,Indonesia,392,JPN,Japan,0,W00,World,X,Export,H6,090111,Coffee; not roasted or decaffeinated,C00,TOTAL CPC,0,TOTAL MOT,8,kg,15258643.739,15258643.739,0,89020363.633,true,false,true,"{""typeCode"":""C"",""freqCode"":""A"",""refPeriodId"":20240101,""refYear"":2024,""refMonth"":52,""period"":""2024"",""reporterCode"":360,""reporterISO"":""IDN"",""reporterDesc"":""Indonesia"",""flowCode"":""X"",""flowDesc"":""Export"",""partnerCode"":392,""partnerISO"":""JPN"",""partnerDesc"":""Japan"",""partner2Code"":0,""partner2ISO"":""W00"",""partner2Desc"":""World"",""classificationCode"":""H6"",""classificationSearchCode"":""HS"",""isOriginalClassification"":true,""cmdCode"":""090111"",""cmdDesc"":""Coffee; not roasted or decaffeinated"",""aggrLevel"":6,""isLeaf"":true,""customsCode"":""C00"",""customsDesc"":""TOTAL CPC"",""mosCode"":""0"",""motCode"":0,""motDesc"":""TOTAL MOT"",""qtyUnitCode"":8,""qtyUnitAbbr"":""kg"",""qty"":15258643.739,""isQtyEstimated"":false,""altQtyUnitCode"":8,""altQtyUnitAbbr"":""kg"",""altQty"":15258643.739,""isAltQtyEstimated"":false,""netWgt"":15258643.739,""isNetWgtEstimated"":false,""grossWgt"":0,""isGrossWgtEstimated"":false,""cifvalue"":null,""fobvalue"":89020363.633,""primaryValue"":89020363.633,""legacyEstimationFlag"":0,""isReported"":false,""isAggregate"":true}"
,UN Comtrade,https://comtradeapi.un.org/public/v1/preview/C/A/HS?reporterCode=360&flowCode=X&cmdCode=090111&period=2024&includeDesc=true,2026-05-30T18:34:22.015Z,"{""reporters"":[{""endpoint"":""https://comtradeapi.un.org/public/v1/preview/C/A/HS"",""reporterCode"":704,""reporterISO"":""VNM"",""flowCode"":""X"",""cmdCode"":""090111"",""period"":""2020,2021,2022,2023,2024,2025"",""includeDesc"":true},{""endpoint"":""https://comtradeapi.un.org/public/v1/preview/C/A/HS"",""reporterCode"":76,""reporterISO"":""BRA"",""flowCode"":""X"",""cmdCode"":""090111"",""period"":""2020,2021,2022,2023,2024,2025"",""includeDesc"":true},{""endpoint"":""https://comtradeapi.un.org/public/v1/preview/C/A/HS"",""reporterCode"":360,""reporterISO"":""IDN"",""flowCode"":""X"",""cmdCode"":""090111"",""period"":""2020,2021,2022,2023,2024,2025"",""includeDesc"":true}]}",C,A,20240101,2024,360,IDN,Indonesia,410,KOR,Rep. of Korea,0,W00,World,X,Export,H6,090111,Coffee; not roasted or decaffeinated,C00,TOTAL CPC,0,TOTAL MOT,8,kg,1807196.04,1807196.04,0,12257126.39,true,false,true,"{""typeCode"":""C"",""freqCode"":""A"",""refPeriodId"":20240101,""refYear"":2024,""refMonth"":52,""period"":""2024"",""reporterCode"":360,""reporterISO"":""IDN"",""reporterDesc"":""Indonesia"",""flowCode"":""X"",""flowDesc"":""Export"",""partnerCode"":410,""partnerISO"":""KOR"",""partnerDesc"":""Rep. of Korea"",""partner2Code"":0,""partner2ISO"":""W00"",""partner2Desc"":""World"",""classificationCode"":""H6"",""classificationSearchCode"":""HS"",""isOriginalClassification"":true,""cmdCode"":""090111"",""cmdDesc"":""Coffee; not roasted or decaffeinated"",""aggrLevel"":6,""isLeaf"":true,""customsCode"":""C00"",""customsDesc"":""TOTAL CPC"",""mosCode"":""0"",""motCode"":0,""motDesc"":""TOTAL MOT"",""qtyUnitCode"":8,""qtyUnitAbbr"":""kg"",""qty"":1807196.04,""isQtyEstimated"":false,""altQtyUnitCode"":8,""altQtyUnitAbbr"":""kg"",""altQty"":1807196.04,""isAltQtyEstimated"":false,""netWgt"":1807196.04,""isNetWgtEstimated"":false,""grossWgt"":0,""isGrossWgtEstimated"":false,""cifvalue"":null,""fobvalue"":12257126.39,""primaryValue"":12257126.39,""legacyEstimationFlag"":0,""isReported"":false,""isAggregate"":true}"
,UN Comtrade,https://comtradeapi.un.org/public/v1/preview/C/A/HS?reporterCode=360&flowCode=X&cmdCode=090111&period=2024&includeDesc=true,2026-05-30T18:34:22.015Z,"{""reporters"":[{""endpoint"":""https://comtradeapi.un.org/public/v1/preview/C/A/HS"",""reporterCode"":704,""reporterISO"":""VNM"",""flowCode"":""X"",""cmdCode"":""090111"",""period"":""2020,2021,2022,2023,2024,2025"",""includeDesc"":true},{""endpoint"":""https://comtradeapi.un.org/public/v1/preview/C/A/HS"",""reporterCode"":76,""reporterISO"":""BRA"",""flowCode"":""X"",""cmdCode"":""090111"",""period"":""2020,2021,2022,2023,2024,2025"",""includeDesc"":true},{""endpoint"":""https://comtradeapi.un.org/public/v1/preview/C/A/HS"",""reporterCode"":360,""reporterISO"":""IDN"",""flowCode"":""X"",""cmdCode"":""090111"",""period"":""2020,2021,2022,2023,2024,2025"",""includeDesc"":true}]}",C,A,20240101,2024,360,IDN,Indonesia,414,KWT,Kuwait,0,W00,World,X,Export,H6,090111,Coffee; not roasted or decaffeinated,C00,TOTAL CPC,0,TOTAL MOT,8,kg,11003,11003,0,91876,true,false,true,"{""typeCode"":""C"",""freqCode"":""A"",""refPeriodId"":20240101,""refYear"":2024,""refMonth"":52,""period"":""2024"",""reporterCode"":360,""reporterISO"":""IDN"",""reporterDesc"":""Indonesia"",""flowCode"":""X"",""flowDesc"":""Export"",""partnerCode"":414,""partnerISO"":""KWT"",""partnerDesc"":""Kuwait"",""partner2Code"":0,""partner2ISO"":""W00"",""partner2Desc"":""World"",""classificationCode"":""H6"",""classificationSearchCode"":""HS"",""isOriginalClassification"":true,""cmdCode"":""090111"",""cmdDesc"":""Coffee; not roasted or decaffeinated"",""aggrLevel"":6,""isLeaf"":true,""customsCode"":""C00"",""customsDesc"":""TOTAL CPC"",""mosCode"":""0"",""motCode"":0,""motDesc"":""TOTAL MOT"",""qtyUnitCode"":8,""qtyUnitAbbr"":""kg"",""qty"":11003,""isQtyEstimated"":false,""altQtyUnitCode"":8,""altQtyUnitAbbr"":""kg"",""altQty"":11003,""isAltQtyEstimated"":false,""netWgt"":11003,""isNetWgtEstimated"":false,""grossWgt"":0,""isGrossWgtEstimated"":false,""cifvalue"":null,""fobvalue"":91876,""primaryValue"":91876,""legacyEstimationFlag"":0,""isReported"":false,""isAggregate"":true}"
,UN Comtrade,https://comtradeapi.un.org/public/v1/preview/C/A/HS?reporterCode=360&flowCode=X&cmdCode=090111&period=2024&includeDesc=true,2026-05-30T18:34:22.015Z,"{""reporters"":[{""endpoint"":""https://comtradeapi.un.org/public/v1/preview/C/A/HS"",""reporterCode"":704,""reporterISO"":""VNM"",""flowCode"":""X"",""cmdCode"":""090111"",""period"":""2020,2021,2022,2023,2024,2025"",""includeDesc"":true},{""endpoint"":""https://comtradeapi.un.org/public/v1/preview/C/A/HS"",""reporterCode"":76,""reporterISO"":""BRA"",""flowCode"":""X"",""cmdCode"":""090111"",""period"":""2020,2021,2022,2023,2024,2025"",""includeDesc"":true},{""endpoint"":""https://comtradeapi.un.org/public/v1/preview/C/A/HS"",""reporterCode"":360,""reporterISO"":""IDN"",""flowCode"":""X"",""cmdCode"":""090111"",""period"":""2020,2021,2022,2023,2024,2025"",""includeDesc"":true}]}",C,A,20240101,2024,360,IDN,Indonesia,422,LBN,Lebanon,0,W00,World,X,Export,H6,090111,Coffee; not roasted or decaffeinated,C00,TOTAL CPC,0,TOTAL MOT,8,kg,115210.5,115210.5,0,546736.6,true,false,true,"{""typeCode"":""C"",""freqCode"":""A"",""refPeriodId"":20240101,""refYear"":2024,""refMonth"":52,""period"":""2024"",""reporterCode"":360,""reporterISO"":""IDN"",""reporterDesc"":""Indonesia"",""flowCode"":""X"",""flowDesc"":""Export"",""partnerCode"":422,""partnerISO"":""LBN"",""partnerDesc"":""Lebanon"",""partner2Code"":0,""partner2ISO"":""W00"",""partner2Desc"":""World"",""classificationCode"":""H6"",""classificationSearchCode"":""HS"",""isOriginalClassification"":true,""cmdCode"":""090111"",""cmdDesc"":""Coffee; not roasted or decaffeinated"",""aggrLevel"":6,""isLeaf"":true,""customsCode"":""C00"",""customsDesc"":""TOTAL CPC"",""mosCode"":""0"",""motCode"":0,""motDesc"":""TOTAL MOT"",""qtyUnitCode"":8,""qtyUnitAbbr"":""kg"",""qty"":115210.5,""isQtyEstimated"":false,""altQtyUnitCode"":8,""altQtyUnitAbbr"":""kg"",""altQty"":115210.5,""isAltQtyEstimated"":false,""netWgt"":115210.5,""isNetWgtEstimated"":false,""grossWgt"":0,""isGrossWgtEstimated"":false,""cifvalue"":null,""fobvalue"":546736.6,""primaryValue"":546736.6,""legacyEstimationFlag"":0,""isReported"":false,""isAggregate"":true}"
,UN Comtrade,https://comtradeapi.un.org/public/v1/preview/C/A/HS?reporterCode=360&flowCode=X&cmdCode=090111&period=2024&includeDesc=true,2026-05-30T18:34:22.015Z,"{""reporters"":[{""endpoint"":""https://comtradeapi.un.org/public/v1/preview/C/A/HS"",""reporterCode"":704,""reporterISO"":""VNM"",""flowCode"":""X"",""cmdCode"":""090111"",""period"":""2020,2021,2022,2023,2024,2025"",""includeDesc"":true},{""endpoint"":""https://comtradeapi.un.org/public/v1/preview/C/A/HS"",""reporterCode"":76,""reporterISO"":""BRA"",""flowCode"":""X"",""cmdCode"":""090111"",""period"":""2020,2021,2022,2023,2024,2025"",""includeDesc"":true},{""endpoint"":""https://comtradeapi.un.org/public/v1/preview/C/A/HS"",""reporterCode"":360,""reporterISO"":""IDN"",""flowCode"":""X"",""cmdCode"":""090111"",""period"":""2020,2021,2022,2023,2024,2025"",""includeDesc"":true}]}",C,A,20240101,2024,360,IDN,Indonesia,428,LVA,Latvia,0,W00,World,X,Export,H6,090111,Coffee; not roasted or decaffeinated,C00,TOTAL CPC,0,TOTAL MOT,8,kg,34440,34440,0,314784,true,false,true,"{""typeCode"":""C"",""freqCode"":""A"",""refPeriodId"":20240101,""refYear"":2024,""refMonth"":52,""period"":""2024"",""reporterCode"":360,""reporterISO"":""IDN"",""reporterDesc"":""Indonesia"",""flowCode"":""X"",""flowDesc"":""Export"",""partnerCode"":428,""partnerISO"":""LVA"",""partnerDesc"":""Latvia"",""partner2Code"":0,""partner2ISO"":""W00"",""partner2Desc"":""World"",""classificationCode"":""H6"",""classificationSearchCode"":""HS"",""isOriginalClassification"":true,""cmdCode"":""090111"",""cmdDesc"":""Coffee; not roasted or decaffeinated"",""aggrLevel"":6,""isLeaf"":true,""customsCode"":""C00"",""customsDesc"":""TOTAL CPC"",""mosCode"":""0"",""motCode"":0,""motDesc"":""TOTAL MOT"",""qtyUnitCode"":8,""qtyUnitAbbr"":""kg"",""qty"":34440,""isQtyEstimated"":false,""altQtyUnitCode"":8,""altQtyUnitAbbr"":""kg"",""altQty"":34440,""isAltQtyEstimated"":false,""netWgt"":34440,""isNetWgtEstimated"":false,""grossWgt"":0,""isGrossWgtEstimated"":false,""cifvalue"":null,""fobvalue"":314784,""primaryValue"":314784,""legacyEstimationFlag"":0,""isReported"":false,""isAggregate"":true}"
,UN Comtrade,https://comtradeapi.un.org/public/v1/preview/C/A/HS?reporterCode=360&flowCode=X&cmdCode=090111&period=2024&includeDesc=true,2026-05-30T18:34:22.015Z,"{""reporters"":[{""endpoint"":""https://comtradeapi.un.org/public/v1/preview/C/A/HS"",""reporterCode"":704,""reporterISO"":""VNM"",""flowCode"":""X"",""cmdCode"":""090111"",""period"":""2020,2021,2022,2023,2024,2025"",""includeDesc"":true},{""endpoint"":""https://comtradeapi.un.org/public/v1/preview/C/A/HS"",""reporterCode"":76,""reporterISO"":""BRA"",""flowCode"":""X"",""cmdCode"":""090111"",""period"":""2020,2021,2022,2023,2024,2025"",""includeDesc"":true},{""endpoint"":""https://comtradeapi.un.org/public/v1/preview/C/A/HS"",""reporterCode"":360,""reporterISO"":""IDN"",""flowCode"":""X"",""cmdCode"":""090111"",""period"":""2020,2021,2022,2023,2024,2025"",""includeDesc"":true}]}",C,A,20240101,2024,360,IDN,Indonesia,434,LBY,Libya,0,W00,World,X,Export,H6,090111,Coffee; not roasted or decaffeinated,C00,TOTAL CPC,0,TOTAL MOT,8,kg,19200,19200,0,146890,true,false,true,"{""typeCode"":""C"",""freqCode"":""A"",""refPeriodId"":20240101,""refYear"":2024,""refMonth"":52,""period"":""2024"",""reporterCode"":360,""reporterISO"":""IDN"",""reporterDesc"":""Indonesia"",""flowCode"":""X"",""flowDesc"":""Export"",""partnerCode"":434,""partnerISO"":""LBY"",""partnerDesc"":""Libya"",""partner2Code"":0,""partner2ISO"":""W00"",""partner2Desc"":""World"",""classificationCode"":""H6"",""classificationSearchCode"":""HS"",""isOriginalClassification"":true,""cmdCode"":""090111"",""cmdDesc"":""Coffee; not roasted or decaffeinated"",""aggrLevel"":6,""isLeaf"":true,""customsCode"":""C00"",""customsDesc"":""TOTAL CPC"",""mosCode"":""0"",""motCode"":0,""motDesc"":""TOTAL MOT"",""qtyUnitCode"":8,""qtyUnitAbbr"":""kg"",""qty"":19200,""isQtyEstimated"":false,""altQtyUnitCode"":8,""altQtyUnitAbbr"":""kg"",""altQty"":19200,""isAltQtyEstimated"":false,""netWgt"":19200,""isNetWgtEstimated"":false,""grossWgt"":0,""isGrossWgtEstimated"":false,""cifvalue"":null,""fobvalue"":146890,""primaryValue"":146890,""legacyEstimationFlag"":0,""isReported"":false,""isAggregate"":true}"
,UN Comtrade,https://comtradeapi.un.org/public/v1/preview/C/A/HS?reporterCode=360&flowCode=X&cmdCode=090111&period=2024&includeDesc=true,2026-05-30T18:34:22.015Z,"{""reporters"":[{""endpoint"":""https://comtradeapi.un.org/public/v1/preview/C/A/HS"",""reporterCode"":704,""reporterISO"":""VNM"",""flowCode"":""X"",""cmdCode"":""090111"",""period"":""2020,2021,2022,2023,2024,2025"",""includeDesc"":true},{""endpoint"":""https://comtradeapi.un.org/public/v1/preview/C/A/HS"",""reporterCode"":76,""reporterISO"":""BRA"",""flowCode"":""X"",""cmdCode"":""090111"",""period"":""2020,2021,2022,2023,2024,2025"",""includeDesc"":true},{""endpoint"":""https://comtradeapi.un.org/public/v1/preview/C/A/HS"",""reporterCode"":360,""reporterISO"":""IDN"",""flowCode"":""X"",""cmdCode"":""090111"",""period"":""2020,2021,2022,2023,2024,2025"",""includeDesc"":true}]}",C,A,20240101,2024,360,IDN,Indonesia,446,MAC,"China, Macao SAR",0,W00,World,X,Export,H6,090111,Coffee; not roasted or decaffeinated,C00,TOTAL CPC,0,TOTAL MOT,8,kg,151800,151800,0,780826.4,true,false,true,"{""typeCode"":""C"",""freqCode"":""A"",""refPeriodId"":20240101,""refYear"":2024,""refMonth"":52,""period"":""2024"",""reporterCode"":360,""reporterISO"":""IDN"",""reporterDesc"":""Indonesia"",""flowCode"":""X"",""flowDesc"":""Export"",""partnerCode"":446,""partnerISO"":""MAC"",""partnerDesc"":""China, Macao SAR"",""partner2Code"":0,""partner2ISO"":""W00"",""partner2Desc"":""World"",""classificationCode"":""H6"",""classificationSearchCode"":""HS"",""isOriginalClassification"":true,""cmdCode"":""090111"",""cmdDesc"":""Coffee; not roasted or decaffeinated"",""aggrLevel"":6,""isLeaf"":true,""customsCode"":""C00"",""customsDesc"":""TOTAL CPC"",""mosCode"":""0"",""motCode"":0,""motDesc"":""TOTAL MOT"",""qtyUnitCode"":8,""qtyUnitAbbr"":""kg"",""qty"":151800,""isQtyEstimated"":false,""altQtyUnitCode"":8,""altQtyUnitAbbr"":""kg"",""altQty"":151800,""isAltQtyEstimated"":false,""netWgt"":151800,""isNetWgtEstimated"":false,""grossWgt"":0,""isGrossWgtEstimated"":false,""cifvalue"":null,""fobvalue"":780826.4,""primaryValue"":780826.4,""legacyEstimationFlag"":0,""isReported"":false,""isAggregate"":true}"
,UN Comtrade,https://comtradeapi.un.org/public/v1/preview/C/A/HS?reporterCode=360&flowCode=X&cmdCode=090111&period=2024&includeDesc=true,2026-05-30T18:34:22.015Z,"{""reporters"":[{""endpoint"":""https://comtradeapi.un.org/public/v1/preview/C/A/HS"",""reporterCode"":704,""reporterISO"":""VNM"",""flowCode"":""X"",""cmdCode"":""090111"",""period"":""2020,2021,2022,2023,2024,2025"",""includeDesc"":true},{""endpoint"":""https://comtradeapi.un.org/public/v1/preview/C/A/HS"",""reporterCode"":76,""reporterISO"":""BRA"",""flowCode"":""X"",""cmdCode"":""090111"",""period"":""2020,2021,2022,2023,2024,2025"",""includeDesc"":true},{""endpoint"":""https://comtradeapi.un.org/public/v1/preview/C/A/HS"",""reporterCode"":360,""reporterISO"":""IDN"",""flowCode"":""X"",""cmdCode"":""090111"",""period"":""2020,2021,2022,2023,2024,2025"",""includeDesc"":true}]}",C,A,20240101,2024,360,IDN,Indonesia,450,MDG,Madagascar,0,W00,World,X,Export,H6,090111,Coffee; not roasted or decaffeinated,C00,TOTAL CPC,0,TOTAL MOT,8,kg,7703.52,7703.52,0,12631.6,true,false,true,"{""typeCode"":""C"",""freqCode"":""A"",""refPeriodId"":20240101,""refYear"":2024,""refMonth"":52,""period"":""2024"",""reporterCode"":360,""reporterISO"":""IDN"",""reporterDesc"":""Indonesia"",""flowCode"":""X"",""flowDesc"":""Export"",""partnerCode"":450,""partnerISO"":""MDG"",""partnerDesc"":""Madagascar"",""partner2Code"":0,""partner2ISO"":""W00"",""partner2Desc"":""World"",""classificationCode"":""H6"",""classificationSearchCode"":""HS"",""isOriginalClassification"":true,""cmdCode"":""090111"",""cmdDesc"":""Coffee; not roasted or decaffeinated"",""aggrLevel"":6,""isLeaf"":true,""customsCode"":""C00"",""customsDesc"":""TOTAL CPC"",""mosCode"":""0"",""motCode"":0,""motDesc"":""TOTAL MOT"",""qtyUnitCode"":8,""qtyUnitAbbr"":""kg"",""qty"":7703.52,""isQtyEstimated"":false,""altQtyUnitCode"":8,""altQtyUnitAbbr"":""kg"",""altQty"":7703.52,""isAltQtyEstimated"":false,""netWgt"":7703.52,""isNetWgtEstimated"":false,""grossWgt"":0,""isGrossWgtEstimated"":false,""cifvalue"":null,""fobvalue"":12631.6,""primaryValue"":12631.6,""legacyEstimationFlag"":0,""isReported"":false,""isAggregate"":true}"
,UN Comtrade,https://comtradeapi.un.org/public/v1/preview/C/A/HS?reporterCode=360&flowCode=X&cmdCode=090111&period=2024&includeDesc=true,2026-05-30T18:34:22.015Z,"{""reporters"":[{""endpoint"":""https://comtradeapi.un.org/public/v1/preview/C/A/HS"",""reporterCode"":704,""reporterISO"":""VNM"",""flowCode"":""X"",""cmdCode"":""090111"",""period"":""2020,2021,2022,2023,2024,2025"",""includeDesc"":true},{""endpoint"":""https://comtradeapi.un.org/public/v1/preview/C/A/HS"",""reporterCode"":76,""reporterISO"":""BRA"",""flowCode"":""X"",""cmdCode"":""090111"",""period"":""2020,2021,2022,2023,2024,2025"",""includeDesc"":true},{""endpoint"":""https://comtradeapi.un.org/public/v1/preview/C/A/HS"",""reporterCode"":360,""reporterISO"":""IDN"",""flowCode"":""X"",""cmdCode"":""090111"",""period"":""2020,2021,2022,2023,2024,2025"",""includeDesc"":true}]}",C,A,20240101,2024,360,IDN,Indonesia,458,MYS,Malaysia,0,W00,World,X,Export,H6,090111,Coffee; not roasted or decaffeinated,C00,TOTAL CPC,0,TOTAL MOT,8,kg,28633286.5,28633286.5,0,122017759.351,true,false,true,"{""typeCode"":""C"",""freqCode"":""A"",""refPeriodId"":20240101,""refYear"":2024,""refMonth"":52,""period"":""2024"",""reporterCode"":360,""reporterISO"":""IDN"",""reporterDesc"":""Indonesia"",""flowCode"":""X"",""flowDesc"":""Export"",""partnerCode"":458,""partnerISO"":""MYS"",""partnerDesc"":""Malaysia"",""partner2Code"":0,""partner2ISO"":""W00"",""partner2Desc"":""World"",""classificationCode"":""H6"",""classificationSearchCode"":""HS"",""isOriginalClassification"":true,""cmdCode"":""090111"",""cmdDesc"":""Coffee; not roasted or decaffeinated"",""aggrLevel"":6,""isLeaf"":true,""customsCode"":""C00"",""customsDesc"":""TOTAL CPC"",""mosCode"":""0"",""motCode"":0,""motDesc"":""TOTAL MOT"",""qtyUnitCode"":8,""qtyUnitAbbr"":""kg"",""qty"":28633286.5,""isQtyEstimated"":false,""altQtyUnitCode"":8,""altQtyUnitAbbr"":""kg"",""altQty"":28633286.5,""isAltQtyEstimated"":false,""netWgt"":28633286.5,""isNetWgtEstimated"":false,""grossWgt"":0,""isGrossWgtEstimated"":false,""cifvalue"":null,""fobvalue"":122017759.351,""primaryValue"":122017759.351,""legacyEstimationFlag"":0,""isReported"":false,""isAggregate"":true}"
,UN Comtrade,https://comtradeapi.un.org/public/v1/preview/C/A/HS?reporterCode=360&flowCode=X&cmdCode=090111&period=2024&includeDesc=true,2026-05-30T18:34:22.015Z,"{""reporters"":[{""endpoint"":""https://comtradeapi.un.org/public/v1/preview/C/A/HS"",""reporterCode"":704,""reporterISO"":""VNM"",""flowCode"":""X"",""cmdCode"":""090111"",""period"":""2020,2021,2022,2023,2024,2025"",""includeDesc"":true},{""endpoint"":""https://comtradeapi.un.org/public/v1/preview/C/A/HS"",""reporterCode"":76,""reporterISO"":""BRA"",""flowCode"":""X"",""cmdCode"":""090111"",""period"":""2020,2021,2022,2023,2024,2025"",""includeDesc"":true},{""endpoint"":""https://comtradeapi.un.org/public/v1/preview/C/A/HS"",""reporterCode"":360,""reporterISO"":""IDN"",""flowCode"":""X"",""cmdCode"":""090111"",""period"":""2020,2021,2022,2023,2024,2025"",""includeDesc"":true}]}",C,A,20240101,2024,360,IDN,Indonesia,462,MDV,Maldives,0,W00,World,X,Export,H6,090111,Coffee; not roasted or decaffeinated,C00,TOTAL CPC,0,TOTAL MOT,8,kg,241.651,241.651,0,3115,true,false,true,"{""typeCode"":""C"",""freqCode"":""A"",""refPeriodId"":20240101,""refYear"":2024,""refMonth"":52,""period"":""2024"",""reporterCode"":360,""reporterISO"":""IDN"",""reporterDesc"":""Indonesia"",""flowCode"":""X"",""flowDesc"":""Export"",""partnerCode"":462,""partnerISO"":""MDV"",""partnerDesc"":""Maldives"",""partner2Code"":0,""partner2ISO"":""W00"",""partner2Desc"":""World"",""classificationCode"":""H6"",""classificationSearchCode"":""HS"",""isOriginalClassification"":true,""cmdCode"":""090111"",""cmdDesc"":""Coffee; not roasted or decaffeinated"",""aggrLevel"":6,""isLeaf"":true,""customsCode"":""C00"",""customsDesc"":""TOTAL CPC"",""mosCode"":""0"",""motCode"":0,""motDesc"":""TOTAL MOT"",""qtyUnitCode"":8,""qtyUnitAbbr"":""kg"",""qty"":241.651,""isQtyEstimated"":false,""altQtyUnitCode"":8,""altQtyUnitAbbr"":""kg"",""altQty"":241.651,""isAltQtyEstimated"":false,""netWgt"":241.651,""isNetWgtEstimated"":false,""grossWgt"":0,""isGrossWgtEstimated"":false,""cifvalue"":null,""fobvalue"":3115,""primaryValue"":3115,""legacyEstimationFlag"":0,""isReported"":false,""isAggregate"":true}"
,UN Comtrade,https://comtradeapi.un.org/public/v1/preview/C/A/HS?reporterCode=360&flowCode=X&cmdCode=090111&period=2024&includeDesc=true,2026-05-30T18:34:22.015Z,"{""reporters"":[{""endpoint"":""https://comtradeapi.un.org/public/v1/preview/C/A/HS"",""reporterCode"":704,""reporterISO"":""VNM"",""flowCode"":""X"",""cmdCode"":""090111"",""period"":""2020,2021,2022,2023,2024,2025"",""includeDesc"":true},{""endpoint"":""https://comtradeapi.un.org/public/v1/preview/C/A/HS"",""reporterCode"":76,""reporterISO"":""BRA"",""flowCode"":""X"",""cmdCode"":""090111"",""period"":""2020,2021,2022,2023,2024,2025"",""includeDesc"":true},{""endpoint"":""https://comtradeapi.un.org/public/v1/preview/C/A/HS"",""reporterCode"":360,""reporterISO"":""IDN"",""flowCode"":""X"",""cmdCode"":""090111"",""period"":""2020,2021,2022,2023,2024,2025"",""includeDesc"":true}]}",C,A,20240101,2024,360,IDN,Indonesia,484,MEX,Mexico,0,W00,World,X,Export,H6,090111,Coffee; not roasted or decaffeinated,C00,TOTAL CPC,0,TOTAL MOT,8,kg,96000,96000,0,684480,true,false,true,"{""typeCode"":""C"",""freqCode"":""A"",""refPeriodId"":20240101,""refYear"":2024,""refMonth"":52,""period"":""2024"",""reporterCode"":360,""reporterISO"":""IDN"",""reporterDesc"":""Indonesia"",""flowCode"":""X"",""flowDesc"":""Export"",""partnerCode"":484,""partnerISO"":""MEX"",""partnerDesc"":""Mexico"",""partner2Code"":0,""partner2ISO"":""W00"",""partner2Desc"":""World"",""classificationCode"":""H6"",""classificationSearchCode"":""HS"",""isOriginalClassification"":true,""cmdCode"":""090111"",""cmdDesc"":""Coffee; not roasted or decaffeinated"",""aggrLevel"":6,""isLeaf"":true,""customsCode"":""C00"",""customsDesc"":""TOTAL CPC"",""mosCode"":""0"",""motCode"":0,""motDesc"":""TOTAL MOT"",""qtyUnitCode"":8,""qtyUnitAbbr"":""kg"",""qty"":96000,""isQtyEstimated"":false,""altQtyUnitCode"":8,""altQtyUnitAbbr"":""kg"",""altQty"":96000,""isAltQtyEstimated"":false,""netWgt"":96000,""isNetWgtEstimated"":false,""grossWgt"":0,""isGrossWgtEstimated"":false,""cifvalue"":null,""fobvalue"":684480,""primaryValue"":684480,""legacyEstimationFlag"":0,""isReported"":false,""isAggregate"":true}"
,UN Comtrade,https://comtradeapi.un.org/public/v1/preview/C/A/HS?reporterCode=360&flowCode=X&cmdCode=090111&period=2024&includeDesc=true,2026-05-30T18:34:22.015Z,"{""reporters"":[{""endpoint"":""https://comtradeapi.un.org/public/v1/preview/C/A/HS"",""reporterCode"":704,""reporterISO"":""VNM"",""flowCode"":""X"",""cmdCode"":""090111"",""period"":""2020,2021,2022,2023,2024,2025"",""includeDesc"":true},{""endpoint"":""https://comtradeapi.un.org/public/v1/preview/C/A/HS"",""reporterCode"":76,""reporterISO"":""BRA"",""flowCode"":""X"",""cmdCode"":""090111"",""period"":""2020,2021,2022,2023,2024,2025"",""includeDesc"":true},{""endpoint"":""https://comtradeapi.un.org/public/v1/preview/C/A/HS"",""reporterCode"":360,""reporterISO"":""IDN"",""flowCode"":""X"",""cmdCode"":""090111"",""period"":""2020,2021,2022,2023,2024,2025"",""includeDesc"":true}]}",C,A,20240101,2024,360,IDN,Indonesia,490,S19,"Other Asia, nes",0,W00,World,X,Export,H6,090111,Coffee; not roasted or decaffeinated,C00,TOTAL CPC,0,TOTAL MOT,8,kg,3331464.804,3331464.804,0,18875562.79,true,false,true,"{""typeCode"":""C"",""freqCode"":""A"",""refPeriodId"":20240101,""refYear"":2024,""refMonth"":52,""period"":""2024"",""reporterCode"":360,""reporterISO"":""IDN"",""reporterDesc"":""Indonesia"",""flowCode"":""X"",""flowDesc"":""Export"",""partnerCode"":490,""partnerISO"":""S19"",""partnerDesc"":""Other Asia, nes"",""partner2Code"":0,""partner2ISO"":""W00"",""partner2Desc"":""World"",""classificationCode"":""H6"",""classificationSearchCode"":""HS"",""isOriginalClassification"":true,""cmdCode"":""090111"",""cmdDesc"":""Coffee; not roasted or decaffeinated"",""aggrLevel"":6,""isLeaf"":true,""customsCode"":""C00"",""customsDesc"":""TOTAL CPC"",""mosCode"":""0"",""motCode"":0,""motDesc"":""TOTAL MOT"",""qtyUnitCode"":8,""qtyUnitAbbr"":""kg"",""qty"":3331464.804,""isQtyEstimated"":false,""altQtyUnitCode"":8,""altQtyUnitAbbr"":""kg"",""altQty"":3331464.804,""isAltQtyEstimated"":false,""netWgt"":3331464.804,""isNetWgtEstimated"":false,""grossWgt"":0,""isGrossWgtEstimated"":false,""cifvalue"":null,""fobvalue"":18875562.79,""primaryValue"":18875562.79,""legacyEstimationFlag"":0,""isReported"":false,""isAggregate"":true}"
,UN Comtrade,https://comtradeapi.un.org/public/v1/preview/C/A/HS?reporterCode=360&flowCode=X&cmdCode=090111&period=2024&includeDesc=true,2026-05-30T18:34:22.015Z,"{""reporters"":[{""endpoint"":""https://comtradeapi.un.org/public/v1/preview/C/A/HS"",""reporterCode"":704,""reporterISO"":""VNM"",""flowCode"":""X"",""cmdCode"":""090111"",""period"":""2020,2021,2022,2023,2024,2025"",""includeDesc"":true},{""endpoint"":""https://comtradeapi.un.org/public/v1/preview/C/A/HS"",""reporterCode"":76,""reporterISO"":""BRA"",""flowCode"":""X"",""cmdCode"":""090111"",""period"":""2020,2021,2022,2023,2024,2025"",""includeDesc"":true},{""endpoint"":""https://comtradeapi.un.org/public/v1/preview/C/A/HS"",""reporterCode"":360,""reporterISO"":""IDN"",""flowCode"":""X"",""cmdCode"":""090111"",""period"":""2020,2021,2022,2023,2024,2025"",""includeDesc"":true}]}",C,A,20240101,2024,360,IDN,Indonesia,504,MAR,Morocco,0,W00,World,X,Export,H6,090111,Coffee; not roasted or decaffeinated,C00,TOTAL CPC,0,TOTAL MOT,8,kg,6677800,6677800,0,32794687.79,true,false,true,"{""typeCode"":""C"",""freqCode"":""A"",""refPeriodId"":20240101,""refYear"":2024,""refMonth"":52,""period"":""2024"",""reporterCode"":360,""reporterISO"":""IDN"",""reporterDesc"":""Indonesia"",""flowCode"":""X"",""flowDesc"":""Export"",""partnerCode"":504,""partnerISO"":""MAR"",""partnerDesc"":""Morocco"",""partner2Code"":0,""partner2ISO"":""W00"",""partner2Desc"":""World"",""classificationCode"":""H6"",""classificationSearchCode"":""HS"",""isOriginalClassification"":true,""cmdCode"":""090111"",""cmdDesc"":""Coffee; not roasted or decaffeinated"",""aggrLevel"":6,""isLeaf"":true,""customsCode"":""C00"",""customsDesc"":""TOTAL CPC"",""mosCode"":""0"",""motCode"":0,""motDesc"":""TOTAL MOT"",""qtyUnitCode"":8,""qtyUnitAbbr"":""kg"",""qty"":6677800,""isQtyEstimated"":false,""altQtyUnitCode"":8,""altQtyUnitAbbr"":""kg"",""altQty"":6677800,""isAltQtyEstimated"":false,""netWgt"":6677800,""isNetWgtEstimated"":false,""grossWgt"":0,""isGrossWgtEstimated"":false,""cifvalue"":null,""fobvalue"":32794687.79,""primaryValue"":32794687.79,""legacyEstimationFlag"":0,""isReported"":false,""isAggregate"":true}"
,UN Comtrade,https://comtradeapi.un.org/public/v1/preview/C/A/HS?reporterCode=360&flowCode=X&cmdCode=090111&period=2024&includeDesc=true,2026-05-30T18:34:22.015Z,"{""reporters"":[{""endpoint"":""https://comtradeapi.un.org/public/v1/preview/C/A/HS"",""reporterCode"":704,""reporterISO"":""VNM"",""flowCode"":""X"",""cmdCode"":""090111"",""period"":""2020,2021,2022,2023,2024,2025"",""includeDesc"":true},{""endpoint"":""https://comtradeapi.un.org/public/v1/preview/C/A/HS"",""reporterCode"":76,""reporterISO"":""BRA"",""flowCode"":""X"",""cmdCode"":""090111"",""period"":""2020,2021,2022,2023,2024,2025"",""includeDesc"":true},{""endpoint"":""https://comtradeapi.un.org/public/v1/preview/C/A/HS"",""reporterCode"":360,""reporterISO"":""IDN"",""flowCode"":""X"",""cmdCode"":""090111"",""period"":""2020,2021,2022,2023,2024,2025"",""includeDesc"":true}]}",C,A,20240101,2024,360,IDN,Indonesia,512,OMN,Oman,0,W00,World,X,Export,H6,090111,Coffee; not roasted or decaffeinated,C00,TOTAL CPC,0,TOTAL MOT,8,kg,150,150,0,4809.46,true,false,true,"{""typeCode"":""C"",""freqCode"":""A"",""refPeriodId"":20240101,""refYear"":2024,""refMonth"":52,""period"":""2024"",""reporterCode"":360,""reporterISO"":""IDN"",""reporterDesc"":""Indonesia"",""flowCode"":""X"",""flowDesc"":""Export"",""partnerCode"":512,""partnerISO"":""OMN"",""partnerDesc"":""Oman"",""partner2Code"":0,""partner2ISO"":""W00"",""partner2Desc"":""World"",""classificationCode"":""H6"",""classificationSearchCode"":""HS"",""isOriginalClassification"":true,""cmdCode"":""090111"",""cmdDesc"":""Coffee; not roasted or decaffeinated"",""aggrLevel"":6,""isLeaf"":true,""customsCode"":""C00"",""customsDesc"":""TOTAL CPC"",""mosCode"":""0"",""motCode"":0,""motDesc"":""TOTAL MOT"",""qtyUnitCode"":8,""qtyUnitAbbr"":""kg"",""qty"":150,""isQtyEstimated"":false,""altQtyUnitCode"":8,""altQtyUnitAbbr"":""kg"",""altQty"":150,""isAltQtyEstimated"":false,""netWgt"":150,""isNetWgtEstimated"":false,""grossWgt"":0,""isGrossWgtEstimated"":false,""cifvalue"":null,""fobvalue"":4809.46,""primaryValue"":4809.46,""legacyEstimationFlag"":0,""isReported"":false,""isAggregate"":true}"
,UN Comtrade,https://comtradeapi.un.org/public/v1/preview/C/A/HS?reporterCode=360&flowCode=X&cmdCode=090111&period=2024&includeDesc=true,2026-05-30T18:34:22.015Z,"{""reporters"":[{""endpoint"":""https://comtradeapi.un.org/public/v1/preview/C/A/HS"",""reporterCode"":704,""reporterISO"":""VNM"",""flowCode"":""X"",""cmdCode"":""090111"",""period"":""2020,2021,2022,2023,2024,2025"",""includeDesc"":true},{""endpoint"":""https://comtradeapi.un.org/public/v1/preview/C/A/HS"",""reporterCode"":76,""reporterISO"":""BRA"",""flowCode"":""X"",""cmdCode"":""090111"",""period"":""2020,2021,2022,2023,2024,2025"",""includeDesc"":true},{""endpoint"":""https://comtradeapi.un.org/public/v1/preview/C/A/HS"",""reporterCode"":360,""reporterISO"":""IDN"",""flowCode"":""X"",""cmdCode"":""090111"",""period"":""2020,2021,2022,2023,2024,2025"",""includeDesc"":true}]}",C,A,20240101,2024,360,IDN,Indonesia,528,NLD,Netherlands,0,W00,World,X,Export,H6,090111,Coffee; not roasted or decaffeinated,C00,TOTAL CPC,0,TOTAL MOT,8,kg,5016268.5,5016268.5,0,26567375.756,true,false,true,"{""typeCode"":""C"",""freqCode"":""A"",""refPeriodId"":20240101,""refYear"":2024,""refMonth"":52,""period"":""2024"",""reporterCode"":360,""reporterISO"":""IDN"",""reporterDesc"":""Indonesia"",""flowCode"":""X"",""flowDesc"":""Export"",""partnerCode"":528,""partnerISO"":""NLD"",""partnerDesc"":""Netherlands"",""partner2Code"":0,""partner2ISO"":""W00"",""partner2Desc"":""World"",""classificationCode"":""H6"",""classificationSearchCode"":""HS"",""isOriginalClassification"":true,""cmdCode"":""090111"",""cmdDesc"":""Coffee; not roasted or decaffeinated"",""aggrLevel"":6,""isLeaf"":true,""customsCode"":""C00"",""customsDesc"":""TOTAL CPC"",""mosCode"":""0"",""motCode"":0,""motDesc"":""TOTAL MOT"",""qtyUnitCode"":8,""qtyUnitAbbr"":""kg"",""qty"":5016268.5,""isQtyEstimated"":false,""altQtyUnitCode"":8,""altQtyUnitAbbr"":""kg"",""altQty"":5016268.5,""isAltQtyEstimated"":false,""netWgt"":5016268.5,""isNetWgtEstimated"":false,""grossWgt"":0,""isGrossWgtEstimated"":false,""cifvalue"":null,""fobvalue"":26567375.756,""primaryValue"":26567375.756,""legacyEstimationFlag"":0,""isReported"":false,""isAggregate"":true}"
,UN Comtrade,https://comtradeapi.un.org/public/v1/preview/C/A/HS?reporterCode=360&flowCode=X&cmdCode=090111&period=2024&includeDesc=true,2026-05-30T18:34:22.015Z,"{""reporters"":[{""endpoint"":""https://comtradeapi.un.org/public/v1/preview/C/A/HS"",""reporterCode"":704,""reporterISO"":""VNM"",""flowCode"":""X"",""cmdCode"":""090111"",""period"":""2020,2021,2022,2023,2024,2025"",""includeDesc"":true},{""endpoint"":""https://comtradeapi.un.org/public/v1/preview/C/A/HS"",""reporterCode"":76,""reporterISO"":""BRA"",""flowCode"":""X"",""cmdCode"":""090111"",""period"":""2020,2021,2022,2023,2024,2025"",""includeDesc"":true},{""endpoint"":""https://comtradeapi.un.org/public/v1/preview/C/A/HS"",""reporterCode"":360,""reporterISO"":""IDN"",""flowCode"":""X"",""cmdCode"":""090111"",""period"":""2020,2021,2022,2023,2024,2025"",""includeDesc"":true}]}",C,A,20240101,2024,360,IDN,Indonesia,548,VUT,Vanuatu,0,W00,World,X,Export,H6,090111,Coffee; not roasted or decaffeinated,C00,TOTAL CPC,0,TOTAL MOT,8,kg,1334.46,1334.46,0,5662.46,true,false,true,"{""typeCode"":""C"",""freqCode"":""A"",""refPeriodId"":20240101,""refYear"":2024,""refMonth"":52,""period"":""2024"",""reporterCode"":360,""reporterISO"":""IDN"",""reporterDesc"":""Indonesia"",""flowCode"":""X"",""flowDesc"":""Export"",""partnerCode"":548,""partnerISO"":""VUT"",""partnerDesc"":""Vanuatu"",""partner2Code"":0,""partner2ISO"":""W00"",""partner2Desc"":""World"",""classificationCode"":""H6"",""classificationSearchCode"":""HS"",""isOriginalClassification"":true,""cmdCode"":""090111"",""cmdDesc"":""Coffee; not roasted or decaffeinated"",""aggrLevel"":6,""isLeaf"":true,""customsCode"":""C00"",""customsDesc"":""TOTAL CPC"",""mosCode"":""0"",""motCode"":0,""motDesc"":""TOTAL MOT"",""qtyUnitCode"":8,""qtyUnitAbbr"":""kg"",""qty"":1334.46,""isQtyEstimated"":false,""altQtyUnitCode"":8,""altQtyUnitAbbr"":""kg"",""altQty"":1334.46,""isAltQtyEstimated"":false,""netWgt"":1334.46,""isNetWgtEstimated"":false,""grossWgt"":0,""isGrossWgtEstimated"":false,""cifvalue"":null,""fobvalue"":5662.46,""primaryValue"":5662.46,""legacyEstimationFlag"":0,""isReported"":false,""isAggregate"":true}"
,UN Comtrade,https://comtradeapi.un.org/public/v1/preview/C/A/HS?reporterCode=360&flowCode=X&cmdCode=090111&period=2024&includeDesc=true,2026-05-30T18:34:22.015Z,"{""reporters"":[{""endpoint"":""https://comtradeapi.un.org/public/v1/preview/C/A/HS"",""reporterCode"":704,""reporterISO"":""VNM"",""flowCode"":""X"",""cmdCode"":""090111"",""period"":""2020,2021,2022,2023,2024,2025"",""includeDesc"":true},{""endpoint"":""https://comtradeapi.un.org/public/v1/preview/C/A/HS"",""reporterCode"":76,""reporterISO"":""BRA"",""flowCode"":""X"",""cmdCode"":""090111"",""period"":""2020,2021,2022,2023,2024,2025"",""includeDesc"":true},{""endpoint"":""https://comtradeapi.un.org/public/v1/preview/C/A/HS"",""reporterCode"":360,""reporterISO"":""IDN"",""flowCode"":""X"",""cmdCode"":""090111"",""period"":""2020,2021,2022,2023,2024,2025"",""includeDesc"":true}]}",C,A,20240101,2024,360,IDN,Indonesia,554,NZL,New Zealand,0,W00,World,X,Export,H6,090111,Coffee; not roasted or decaffeinated,C00,TOTAL CPC,0,TOTAL MOT,8,kg,250377,250377,0,1886308.134,true,false,true,"{""typeCode"":""C"",""freqCode"":""A"",""refPeriodId"":20240101,""refYear"":2024,""refMonth"":52,""period"":""2024"",""reporterCode"":360,""reporterISO"":""IDN"",""reporterDesc"":""Indonesia"",""flowCode"":""X"",""flowDesc"":""Export"",""partnerCode"":554,""partnerISO"":""NZL"",""partnerDesc"":""New Zealand"",""partner2Code"":0,""partner2ISO"":""W00"",""partner2Desc"":""World"",""classificationCode"":""H6"",""classificationSearchCode"":""HS"",""isOriginalClassification"":true,""cmdCode"":""090111"",""cmdDesc"":""Coffee; not roasted or decaffeinated"",""aggrLevel"":6,""isLeaf"":true,""customsCode"":""C00"",""customsDesc"":""TOTAL CPC"",""mosCode"":""0"",""motCode"":0,""motDesc"":""TOTAL MOT"",""qtyUnitCode"":8,""qtyUnitAbbr"":""kg"",""qty"":250377,""isQtyEstimated"":false,""altQtyUnitCode"":8,""altQtyUnitAbbr"":""kg"",""altQty"":250377,""isAltQtyEstimated"":false,""netWgt"":250377,""isNetWgtEstimated"":false,""grossWgt"":0,""isGrossWgtEstimated"":false,""cifvalue"":null,""fobvalue"":1886308.134,""primaryValue"":1886308.134,""legacyEstimationFlag"":0,""isReported"":false,""isAggregate"":true}"
,UN Comtrade,https://comtradeapi.un.org/public/v1/preview/C/A/HS?reporterCode=360&flowCode=X&cmdCode=090111&period=2024&includeDesc=true,2026-05-30T18:34:22.015Z,"{""reporters"":[{""endpoint"":""https://comtradeapi.un.org/public/v1/preview/C/A/HS"",""reporterCode"":704,""reporterISO"":""VNM"",""flowCode"":""X"",""cmdCode"":""090111"",""period"":""2020,2021,2022,2023,2024,2025"",""includeDesc"":true},{""endpoint"":""https://comtradeapi.un.org/public/v1/preview/C/A/HS"",""reporterCode"":76,""reporterISO"":""BRA"",""flowCode"":""X"",""cmdCode"":""090111"",""period"":""2020,2021,2022,2023,2024,2025"",""includeDesc"":true},{""endpoint"":""https://comtradeapi.un.org/public/v1/preview/C/A/HS"",""reporterCode"":360,""reporterISO"":""IDN"",""flowCode"":""X"",""cmdCode"":""090111"",""period"":""2020,2021,2022,2023,2024,2025"",""includeDesc"":true}]}",C,A,20240101,2024,360,IDN,Indonesia,579,NOR,Norway,0,W00,World,X,Export,H6,090111,Coffee; not roasted or decaffeinated,C00,TOTAL CPC,0,TOTAL MOT,8,kg,57866.88,57866.88,0,464806.94,true,false,true,"{""typeCode"":""C"",""freqCode"":""A"",""refPeriodId"":20240101,""refYear"":2024,""refMonth"":52,""period"":""2024"",""reporterCode"":360,""reporterISO"":""IDN"",""reporterDesc"":""Indonesia"",""flowCode"":""X"",""flowDesc"":""Export"",""partnerCode"":579,""partnerISO"":""NOR"",""partnerDesc"":""Norway"",""partner2Code"":0,""partner2ISO"":""W00"",""partner2Desc"":""World"",""classificationCode"":""H6"",""classificationSearchCode"":""HS"",""isOriginalClassification"":true,""cmdCode"":""090111"",""cmdDesc"":""Coffee; not roasted or decaffeinated"",""aggrLevel"":6,""isLeaf"":true,""customsCode"":""C00"",""customsDesc"":""TOTAL CPC"",""mosCode"":""0"",""motCode"":0,""motDesc"":""TOTAL MOT"",""qtyUnitCode"":8,""qtyUnitAbbr"":""kg"",""qty"":57866.88,""isQtyEstimated"":false,""altQtyUnitCode"":8,""altQtyUnitAbbr"":""kg"",""altQty"":57866.88,""isAltQtyEstimated"":false,""netWgt"":57866.88,""isNetWgtEstimated"":false,""grossWgt"":0,""isGrossWgtEstimated"":false,""cifvalue"":null,""fobvalue"":464806.94,""primaryValue"":464806.94,""legacyEstimationFlag"":0,""isReported"":false,""isAggregate"":true}"
,UN Comtrade,https://comtradeapi.un.org/public/v1/preview/C/A/HS?reporterCode=360&flowCode=X&cmdCode=090111&period=2024&includeDesc=true,2026-05-30T18:34:22.015Z,"{""reporters"":[{""endpoint"":""https://comtradeapi.un.org/public/v1/preview/C/A/HS"",""reporterCode"":704,""reporterISO"":""VNM"",""flowCode"":""X"",""cmdCode"":""090111"",""period"":""2020,2021,2022,2023,2024,2025"",""includeDesc"":true},{""endpoint"":""https://comtradeapi.un.org/public/v1/preview/C/A/HS"",""reporterCode"":76,""reporterISO"":""BRA"",""flowCode"":""X"",""cmdCode"":""090111"",""period"":""2020,2021,2022,2023,2024,2025"",""includeDesc"":true},{""endpoint"":""https://comtradeapi.un.org/public/v1/preview/C/A/HS"",""reporterCode"":360,""reporterISO"":""IDN"",""flowCode"":""X"",""cmdCode"":""090111"",""period"":""2020,2021,2022,2023,2024,2025"",""includeDesc"":true}]}",C,A,20240101,2024,360,IDN,Indonesia,586,PAK,Pakistan,0,W00,World,X,Export,H6,090111,Coffee; not roasted or decaffeinated,C00,TOTAL CPC,0,TOTAL MOT,8,kg,4020,4020,0,20400,true,false,true,"{""typeCode"":""C"",""freqCode"":""A"",""refPeriodId"":20240101,""refYear"":2024,""refMonth"":52,""period"":""2024"",""reporterCode"":360,""reporterISO"":""IDN"",""reporterDesc"":""Indonesia"",""flowCode"":""X"",""flowDesc"":""Export"",""partnerCode"":586,""partnerISO"":""PAK"",""partnerDesc"":""Pakistan"",""partner2Code"":0,""partner2ISO"":""W00"",""partner2Desc"":""World"",""classificationCode"":""H6"",""classificationSearchCode"":""HS"",""isOriginalClassification"":true,""cmdCode"":""090111"",""cmdDesc"":""Coffee; not roasted or decaffeinated"",""aggrLevel"":6,""isLeaf"":true,""customsCode"":""C00"",""customsDesc"":""TOTAL CPC"",""mosCode"":""0"",""motCode"":0,""motDesc"":""TOTAL MOT"",""qtyUnitCode"":8,""qtyUnitAbbr"":""kg"",""qty"":4020,""isQtyEstimated"":false,""altQtyUnitCode"":8,""altQtyUnitAbbr"":""kg"",""altQty"":4020,""isAltQtyEstimated"":false,""netWgt"":4020,""isNetWgtEstimated"":false,""grossWgt"":0,""isGrossWgtEstimated"":false,""cifvalue"":null,""fobvalue"":20400,""primaryValue"":20400,""legacyEstimationFlag"":0,""isReported"":false,""isAggregate"":true}"
,UN Comtrade,https://comtradeapi.un.org/public/v1/preview/C/A/HS?reporterCode=360&flowCode=X&cmdCode=090111&period=2024&includeDesc=true,2026-05-30T18:34:22.015Z,"{""reporters"":[{""endpoint"":""https://comtradeapi.un.org/public/v1/preview/C/A/HS"",""reporterCode"":704,""reporterISO"":""VNM"",""flowCode"":""X"",""cmdCode"":""090111"",""period"":""2020,2021,2022,2023,2024,2025"",""includeDesc"":true},{""endpoint"":""https://comtradeapi.un.org/public/v1/preview/C/A/HS"",""reporterCode"":76,""reporterISO"":""BRA"",""flowCode"":""X"",""cmdCode"":""090111"",""period"":""2020,2021,2022,2023,2024,2025"",""includeDesc"":true},{""endpoint"":""https://comtradeapi.un.org/public/v1/preview/C/A/HS"",""reporterCode"":360,""reporterISO"":""IDN"",""flowCode"":""X"",""cmdCode"":""090111"",""period"":""2020,2021,2022,2023,2024,2025"",""includeDesc"":true}]}",C,A,20240101,2024,360,IDN,Indonesia,608,PHL,Philippines,0,W00,World,X,Export,H6,090111,Coffee; not roasted or decaffeinated,C00,TOTAL CPC,0,TOTAL MOT,8,kg,10008869.001,10008869.001,0,47601078.628,true,false,true,"{""typeCode"":""C"",""freqCode"":""A"",""refPeriodId"":20240101,""refYear"":2024,""refMonth"":52,""period"":""2024"",""reporterCode"":360,""reporterISO"":""IDN"",""reporterDesc"":""Indonesia"",""flowCode"":""X"",""flowDesc"":""Export"",""partnerCode"":608,""partnerISO"":""PHL"",""partnerDesc"":""Philippines"",""partner2Code"":0,""partner2ISO"":""W00"",""partner2Desc"":""World"",""classificationCode"":""H6"",""classificationSearchCode"":""HS"",""isOriginalClassification"":true,""cmdCode"":""090111"",""cmdDesc"":""Coffee; not roasted or decaffeinated"",""aggrLevel"":6,""isLeaf"":true,""customsCode"":""C00"",""customsDesc"":""TOTAL CPC"",""mosCode"":""0"",""motCode"":0,""motDesc"":""TOTAL MOT"",""qtyUnitCode"":8,""qtyUnitAbbr"":""kg"",""qty"":10008869.001,""isQtyEstimated"":false,""altQtyUnitCode"":8,""altQtyUnitAbbr"":""kg"",""altQty"":10008869.001,""isAltQtyEstimated"":false,""netWgt"":10008869.001,""isNetWgtEstimated"":false,""grossWgt"":0,""isGrossWgtEstimated"":false,""cifvalue"":null,""fobvalue"":47601078.628,""primaryValue"":47601078.628,""legacyEstimationFlag"":0,""isReported"":false,""isAggregate"":true}"
,UN Comtrade,https://comtradeapi.un.org/public/v1/preview/C/A/HS?reporterCode=360&flowCode=X&cmdCode=090111&period=2024&includeDesc=true,2026-05-30T18:34:22.015Z,"{""reporters"":[{""endpoint"":""https://comtradeapi.un.org/public/v1/preview/C/A/HS"",""reporterCode"":704,""reporterISO"":""VNM"",""flowCode"":""X"",""cmdCode"":""090111"",""period"":""2020,2021,2022,2023,2024,2025"",""includeDesc"":true},{""endpoint"":""https://comtradeapi.un.org/public/v1/preview/C/A/HS"",""reporterCode"":76,""reporterISO"":""BRA"",""flowCode"":""X"",""cmdCode"":""090111"",""period"":""2020,2021,2022,2023,2024,2025"",""includeDesc"":true},{""endpoint"":""https://comtradeapi.un.org/public/v1/preview/C/A/HS"",""reporterCode"":360,""reporterISO"":""IDN"",""flowCode"":""X"",""cmdCode"":""090111"",""period"":""2020,2021,2022,2023,2024,2025"",""includeDesc"":true}]}",C,A,20240101,2024,360,IDN,Indonesia,616,POL,Poland,0,W00,World,X,Export,H6,090111,Coffee; not roasted or decaffeinated,C00,TOTAL CPC,0,TOTAL MOT,8,kg,77085.1,77085.1,0,417168.76,true,false,true,"{""typeCode"":""C"",""freqCode"":""A"",""refPeriodId"":20240101,""refYear"":2024,""refMonth"":52,""period"":""2024"",""reporterCode"":360,""reporterISO"":""IDN"",""reporterDesc"":""Indonesia"",""flowCode"":""X"",""flowDesc"":""Export"",""partnerCode"":616,""partnerISO"":""POL"",""partnerDesc"":""Poland"",""partner2Code"":0,""partner2ISO"":""W00"",""partner2Desc"":""World"",""classificationCode"":""H6"",""classificationSearchCode"":""HS"",""isOriginalClassification"":true,""cmdCode"":""090111"",""cmdDesc"":""Coffee; not roasted or decaffeinated"",""aggrLevel"":6,""isLeaf"":true,""customsCode"":""C00"",""customsDesc"":""TOTAL CPC"",""mosCode"":""0"",""motCode"":0,""motDesc"":""TOTAL MOT"",""qtyUnitCode"":8,""qtyUnitAbbr"":""kg"",""qty"":77085.1,""isQtyEstimated"":false,""altQtyUnitCode"":8,""altQtyUnitAbbr"":""kg"",""altQty"":77085.1,""isAltQtyEstimated"":false,""netWgt"":77085.1,""isNetWgtEstimated"":false,""grossWgt"":0,""isGrossWgtEstimated"":false,""cifvalue"":null,""fobvalue"":417168.76,""primaryValue"":417168.76,""legacyEstimationFlag"":0,""isReported"":false,""isAggregate"":true}"
,UN Comtrade,https://comtradeapi.un.org/public/v1/preview/C/A/HS?reporterCode=360&flowCode=X&cmdCode=090111&period=2024&includeDesc=true,2026-05-30T18:34:22.015Z,"{""reporters"":[{""endpoint"":""https://comtradeapi.un.org/public/v1/preview/C/A/HS"",""reporterCode"":704,""reporterISO"":""VNM"",""flowCode"":""X"",""cmdCode"":""090111"",""period"":""2020,2021,2022,2023,2024,2025"",""includeDesc"":true},{""endpoint"":""https://comtradeapi.un.org/public/v1/preview/C/A/HS"",""reporterCode"":76,""reporterISO"":""BRA"",""flowCode"":""X"",""cmdCode"":""090111"",""period"":""2020,2021,2022,2023,2024,2025"",""includeDesc"":true},{""endpoint"":""https://comtradeapi.un.org/public/v1/preview/C/A/HS"",""reporterCode"":360,""reporterISO"":""IDN"",""flowCode"":""X"",""cmdCode"":""090111"",""period"":""2020,2021,2022,2023,2024,2025"",""includeDesc"":true}]}",C,A,20240101,2024,360,IDN,Indonesia,620,PRT,Portugal,0,W00,World,X,Export,H6,090111,Coffee; not roasted or decaffeinated,C00,TOTAL CPC,0,TOTAL MOT,8,kg,787200,787200,0,3698416.93,true,false,true,"{""typeCode"":""C"",""freqCode"":""A"",""refPeriodId"":20240101,""refYear"":2024,""refMonth"":52,""period"":""2024"",""reporterCode"":360,""reporterISO"":""IDN"",""reporterDesc"":""Indonesia"",""flowCode"":""X"",""flowDesc"":""Export"",""partnerCode"":620,""partnerISO"":""PRT"",""partnerDesc"":""Portugal"",""partner2Code"":0,""partner2ISO"":""W00"",""partner2Desc"":""World"",""classificationCode"":""H6"",""classificationSearchCode"":""HS"",""isOriginalClassification"":true,""cmdCode"":""090111"",""cmdDesc"":""Coffee; not roasted or decaffeinated"",""aggrLevel"":6,""isLeaf"":true,""customsCode"":""C00"",""customsDesc"":""TOTAL CPC"",""mosCode"":""0"",""motCode"":0,""motDesc"":""TOTAL MOT"",""qtyUnitCode"":8,""qtyUnitAbbr"":""kg"",""qty"":787200,""isQtyEstimated"":false,""altQtyUnitCode"":8,""altQtyUnitAbbr"":""kg"",""altQty"":787200,""isAltQtyEstimated"":false,""netWgt"":787200,""isNetWgtEstimated"":false,""grossWgt"":0,""isGrossWgtEstimated"":false,""cifvalue"":null,""fobvalue"":3698416.93,""primaryValue"":3698416.93,""legacyEstimationFlag"":0,""isReported"":false,""isAggregate"":true}"
,UN Comtrade,https://comtradeapi.un.org/public/v1/preview/C/A/HS?reporterCode=360&flowCode=X&cmdCode=090111&period=2024&includeDesc=true,2026-05-30T18:34:22.015Z,"{""reporters"":[{""endpoint"":""https://comtradeapi.un.org/public/v1/preview/C/A/HS"",""reporterCode"":704,""reporterISO"":""VNM"",""flowCode"":""X"",""cmdCode"":""090111"",""period"":""2020,2021,2022,2023,2024,2025"",""includeDesc"":true},{""endpoint"":""https://comtradeapi.un.org/public/v1/preview/C/A/HS"",""reporterCode"":76,""reporterISO"":""BRA"",""flowCode"":""X"",""cmdCode"":""090111"",""period"":""2020,2021,2022,2023,2024,2025"",""includeDesc"":true},{""endpoint"":""https://comtradeapi.un.org/public/v1/preview/C/A/HS"",""reporterCode"":360,""reporterISO"":""IDN"",""flowCode"":""X"",""cmdCode"":""090111"",""period"":""2020,2021,2022,2023,2024,2025"",""includeDesc"":true}]}",C,A,20240101,2024,360,IDN,Indonesia,626,TLS,Timor-Leste,0,W00,World,X,Export,H6,090111,Coffee; not roasted or decaffeinated,C00,TOTAL CPC,0,TOTAL MOT,8,kg,0.1,0.1,0,7,true,false,true,"{""typeCode"":""C"",""freqCode"":""A"",""refPeriodId"":20240101,""refYear"":2024,""refMonth"":52,""period"":""2024"",""reporterCode"":360,""reporterISO"":""IDN"",""reporterDesc"":""Indonesia"",""flowCode"":""X"",""flowDesc"":""Export"",""partnerCode"":626,""partnerISO"":""TLS"",""partnerDesc"":""Timor-Leste"",""partner2Code"":0,""partner2ISO"":""W00"",""partner2Desc"":""World"",""classificationCode"":""H6"",""classificationSearchCode"":""HS"",""isOriginalClassification"":true,""cmdCode"":""090111"",""cmdDesc"":""Coffee; not roasted or decaffeinated"",""aggrLevel"":6,""isLeaf"":true,""customsCode"":""C00"",""customsDesc"":""TOTAL CPC"",""mosCode"":""0"",""motCode"":0,""motDesc"":""TOTAL MOT"",""qtyUnitCode"":8,""qtyUnitAbbr"":""kg"",""qty"":0.1,""isQtyEstimated"":false,""altQtyUnitCode"":8,""altQtyUnitAbbr"":""kg"",""altQty"":0.1,""isAltQtyEstimated"":false,""netWgt"":0.1,""isNetWgtEstimated"":false,""grossWgt"":0,""isGrossWgtEstimated"":false,""cifvalue"":null,""fobvalue"":7,""primaryValue"":7,""legacyEstimationFlag"":0,""isReported"":false,""isAggregate"":true}"
,UN Comtrade,https://comtradeapi.un.org/public/v1/preview/C/A/HS?reporterCode=360&flowCode=X&cmdCode=090111&period=2024&includeDesc=true,2026-05-30T18:34:22.015Z,"{""reporters"":[{""endpoint"":""https://comtradeapi.un.org/public/v1/preview/C/A/HS"",""reporterCode"":704,""reporterISO"":""VNM"",""flowCode"":""X"",""cmdCode"":""090111"",""period"":""2020,2021,2022,2023,2024,2025"",""includeDesc"":true},{""endpoint"":""https://comtradeapi.un.org/public/v1/preview/C/A/HS"",""reporterCode"":76,""reporterISO"":""BRA"",""flowCode"":""X"",""cmdCode"":""090111"",""period"":""2020,2021,2022,2023,2024,2025"",""includeDesc"":true},{""endpoint"":""https://comtradeapi.un.org/public/v1/preview/C/A/HS"",""reporterCode"":360,""reporterISO"":""IDN"",""flowCode"":""X"",""cmdCode"":""090111"",""period"":""2020,2021,2022,2023,2024,2025"",""includeDesc"":true}]}",C,A,20240101,2024,360,IDN,Indonesia,634,QAT,Qatar,0,W00,World,X,Export,H6,090111,Coffee; not roasted or decaffeinated,C00,TOTAL CPC,0,TOTAL MOT,8,kg,3012.166,3012.166,0,38565,true,false,true,"{""typeCode"":""C"",""freqCode"":""A"",""refPeriodId"":20240101,""refYear"":2024,""refMonth"":52,""period"":""2024"",""reporterCode"":360,""reporterISO"":""IDN"",""reporterDesc"":""Indonesia"",""flowCode"":""X"",""flowDesc"":""Export"",""partnerCode"":634,""partnerISO"":""QAT"",""partnerDesc"":""Qatar"",""partner2Code"":0,""partner2ISO"":""W00"",""partner2Desc"":""World"",""classificationCode"":""H6"",""classificationSearchCode"":""HS"",""isOriginalClassification"":true,""cmdCode"":""090111"",""cmdDesc"":""Coffee; not roasted or decaffeinated"",""aggrLevel"":6,""isLeaf"":true,""customsCode"":""C00"",""customsDesc"":""TOTAL CPC"",""mosCode"":""0"",""motCode"":0,""motDesc"":""TOTAL MOT"",""qtyUnitCode"":8,""qtyUnitAbbr"":""kg"",""qty"":3012.166,""isQtyEstimated"":false,""altQtyUnitCode"":8,""altQtyUnitAbbr"":""kg"",""altQty"":3012.166,""isAltQtyEstimated"":false,""netWgt"":3012.166,""isNetWgtEstimated"":false,""grossWgt"":0,""isGrossWgtEstimated"":false,""cifvalue"":null,""fobvalue"":38565,""primaryValue"":38565,""legacyEstimationFlag"":0,""isReported"":false,""isAggregate"":true}"
,UN Comtrade,https://comtradeapi.un.org/public/v1/preview/C/A/HS?reporterCode=360&flowCode=X&cmdCode=090111&period=2024&includeDesc=true,2026-05-30T18:34:22.015Z,"{""reporters"":[{""endpoint"":""https://comtradeapi.un.org/public/v1/preview/C/A/HS"",""reporterCode"":704,""reporterISO"":""VNM"",""flowCode"":""X"",""cmdCode"":""090111"",""period"":""2020,2021,2022,2023,2024,2025"",""includeDesc"":true},{""endpoint"":""https://comtradeapi.un.org/public/v1/preview/C/A/HS"",""reporterCode"":76,""reporterISO"":""BRA"",""flowCode"":""X"",""cmdCode"":""090111"",""period"":""2020,2021,2022,2023,2024,2025"",""includeDesc"":true},{""endpoint"":""https://comtradeapi.un.org/public/v1/preview/C/A/HS"",""reporterCode"":360,""reporterISO"":""IDN"",""flowCode"":""X"",""cmdCode"":""090111"",""period"":""2020,2021,2022,2023,2024,2025"",""includeDesc"":true}]}",C,A,20240101,2024,360,IDN,Indonesia,642,ROU,Romania,0,W00,World,X,Export,H6,090111,Coffee; not roasted or decaffeinated,C00,TOTAL CPC,0,TOTAL MOT,8,kg,403290,403290,0,1750170.8,true,false,true,"{""typeCode"":""C"",""freqCode"":""A"",""refPeriodId"":20240101,""refYear"":2024,""refMonth"":52,""period"":""2024"",""reporterCode"":360,""reporterISO"":""IDN"",""reporterDesc"":""Indonesia"",""flowCode"":""X"",""flowDesc"":""Export"",""partnerCode"":642,""partnerISO"":""ROU"",""partnerDesc"":""Romania"",""partner2Code"":0,""partner2ISO"":""W00"",""partner2Desc"":""World"",""classificationCode"":""H6"",""classificationSearchCode"":""HS"",""isOriginalClassification"":true,""cmdCode"":""090111"",""cmdDesc"":""Coffee; not roasted or decaffeinated"",""aggrLevel"":6,""isLeaf"":true,""customsCode"":""C00"",""customsDesc"":""TOTAL CPC"",""mosCode"":""0"",""motCode"":0,""motDesc"":""TOTAL MOT"",""qtyUnitCode"":8,""qtyUnitAbbr"":""kg"",""qty"":403290,""isQtyEstimated"":false,""altQtyUnitCode"":8,""altQtyUnitAbbr"":""kg"",""altQty"":403290,""isAltQtyEstimated"":false,""netWgt"":403290,""isNetWgtEstimated"":false,""grossWgt"":0,""isGrossWgtEstimated"":false,""cifvalue"":null,""fobvalue"":1750170.8,""primaryValue"":1750170.8,""legacyEstimationFlag"":0,""isReported"":false,""isAggregate"":true}"
,UN Comtrade,https://comtradeapi.un.org/public/v1/preview/C/A/HS?reporterCode=360&flowCode=X&cmdCode=090111&period=2024&includeDesc=true,2026-05-30T18:34:22.015Z,"{""reporters"":[{""endpoint"":""https://comtradeapi.un.org/public/v1/preview/C/A/HS"",""reporterCode"":704,""reporterISO"":""VNM"",""flowCode"":""X"",""cmdCode"":""090111"",""period"":""2020,2021,2022,2023,2024,2025"",""includeDesc"":true},{""endpoint"":""https://comtradeapi.un.org/public/v1/preview/C/A/HS"",""reporterCode"":76,""reporterISO"":""BRA"",""flowCode"":""X"",""cmdCode"":""090111"",""period"":""2020,2021,2022,2023,2024,2025"",""includeDesc"":true},{""endpoint"":""https://comtradeapi.un.org/public/v1/preview/C/A/HS"",""reporterCode"":360,""reporterISO"":""IDN"",""flowCode"":""X"",""cmdCode"":""090111"",""period"":""2020,2021,2022,2023,2024,2025"",""includeDesc"":true}]}",C,A,20240101,2024,360,IDN,Indonesia,643,RUS,Russian Federation,0,W00,World,X,Export,H6,090111,Coffee; not roasted or decaffeinated,C00,TOTAL CPC,0,TOTAL MOT,8,kg,21197406.217,21197406.217,0,104688125.706,true,false,true,"{""typeCode"":""C"",""freqCode"":""A"",""refPeriodId"":20240101,""refYear"":2024,""refMonth"":52,""period"":""2024"",""reporterCode"":360,""reporterISO"":""IDN"",""reporterDesc"":""Indonesia"",""flowCode"":""X"",""flowDesc"":""Export"",""partnerCode"":643,""partnerISO"":""RUS"",""partnerDesc"":""Russian Federation"",""partner2Code"":0,""partner2ISO"":""W00"",""partner2Desc"":""World"",""classificationCode"":""H6"",""classificationSearchCode"":""HS"",""isOriginalClassification"":true,""cmdCode"":""090111"",""cmdDesc"":""Coffee; not roasted or decaffeinated"",""aggrLevel"":6,""isLeaf"":true,""customsCode"":""C00"",""customsDesc"":""TOTAL CPC"",""mosCode"":""0"",""motCode"":0,""motDesc"":""TOTAL MOT"",""qtyUnitCode"":8,""qtyUnitAbbr"":""kg"",""qty"":21197406.217,""isQtyEstimated"":false,""altQtyUnitCode"":8,""altQtyUnitAbbr"":""kg"",""altQty"":21197406.217,""isAltQtyEstimated"":false,""netWgt"":21197406.217,""isNetWgtEstimated"":false,""grossWgt"":0,""isGrossWgtEstimated"":false,""cifvalue"":null,""fobvalue"":104688125.706,""primaryValue"":104688125.706,""legacyEstimationFlag"":0,""isReported"":false,""isAggregate"":true}"
,UN Comtrade,https://comtradeapi.un.org/public/v1/preview/C/A/HS?reporterCode=360&flowCode=X&cmdCode=090111&period=2024&includeDesc=true,2026-05-30T18:34:22.015Z,"{""reporters"":[{""endpoint"":""https://comtradeapi.un.org/public/v1/preview/C/A/HS"",""reporterCode"":704,""reporterISO"":""VNM"",""flowCode"":""X"",""cmdCode"":""090111"",""period"":""2020,2021,2022,2023,2024,2025"",""includeDesc"":true},{""endpoint"":""https://comtradeapi.un.org/public/v1/preview/C/A/HS"",""reporterCode"":76,""reporterISO"":""BRA"",""flowCode"":""X"",""cmdCode"":""090111"",""period"":""2020,2021,2022,2023,2024,2025"",""includeDesc"":true},{""endpoint"":""https://comtradeapi.un.org/public/v1/preview/C/A/HS"",""reporterCode"":360,""reporterISO"":""IDN"",""flowCode"":""X"",""cmdCode"":""090111"",""period"":""2020,2021,2022,2023,2024,2025"",""includeDesc"":true}]}",C,A,20240101,2024,360,IDN,Indonesia,682,SAU,Saudi Arabia,0,W00,World,X,Export,H6,090111,Coffee; not roasted or decaffeinated,C00,TOTAL CPC,0,TOTAL MOT,8,kg,499971.38,499971.38,0,4098233.9,true,false,true,"{""typeCode"":""C"",""freqCode"":""A"",""refPeriodId"":20240101,""refYear"":2024,""refMonth"":52,""period"":""2024"",""reporterCode"":360,""reporterISO"":""IDN"",""reporterDesc"":""Indonesia"",""flowCode"":""X"",""flowDesc"":""Export"",""partnerCode"":682,""partnerISO"":""SAU"",""partnerDesc"":""Saudi Arabia"",""partner2Code"":0,""partner2ISO"":""W00"",""partner2Desc"":""World"",""classificationCode"":""H6"",""classificationSearchCode"":""HS"",""isOriginalClassification"":true,""cmdCode"":""090111"",""cmdDesc"":""Coffee; not roasted or decaffeinated"",""aggrLevel"":6,""isLeaf"":true,""customsCode"":""C00"",""customsDesc"":""TOTAL CPC"",""mosCode"":""0"",""motCode"":0,""motDesc"":""TOTAL MOT"",""qtyUnitCode"":8,""qtyUnitAbbr"":""kg"",""qty"":499971.38,""isQtyEstimated"":false,""altQtyUnitCode"":8,""altQtyUnitAbbr"":""kg"",""altQty"":499971.38,""isAltQtyEstimated"":false,""netWgt"":499971.38,""isNetWgtEstimated"":false,""grossWgt"":0,""isGrossWgtEstimated"":false,""cifvalue"":null,""fobvalue"":4098233.9,""primaryValue"":4098233.9,""legacyEstimationFlag"":0,""isReported"":false,""isAggregate"":true}"
,UN Comtrade,https://comtradeapi.un.org/public/v1/preview/C/A/HS?reporterCode=360&flowCode=X&cmdCode=090111&period=2024&includeDesc=true,2026-05-30T18:34:22.015Z,"{""reporters"":[{""endpoint"":""https://comtradeapi.un.org/public/v1/preview/C/A/HS"",""reporterCode"":704,""reporterISO"":""VNM"",""flowCode"":""X"",""cmdCode"":""090111"",""period"":""2020,2021,2022,2023,2024,2025"",""includeDesc"":true},{""endpoint"":""https://comtradeapi.un.org/public/v1/preview/C/A/HS"",""reporterCode"":76,""reporterISO"":""BRA"",""flowCode"":""X"",""cmdCode"":""090111"",""period"":""2020,2021,2022,2023,2024,2025"",""includeDesc"":true},{""endpoint"":""https://comtradeapi.un.org/public/v1/preview/C/A/HS"",""reporterCode"":360,""reporterISO"":""IDN"",""flowCode"":""X"",""cmdCode"":""090111"",""period"":""2020,2021,2022,2023,2024,2025"",""includeDesc"":true}]}",C,A,20240101,2024,360,IDN,Indonesia,699,IND,India,0,W00,World,X,Export,H6,090111,Coffee; not roasted or decaffeinated,C00,TOTAL CPC,0,TOTAL MOT,8,kg,9826974.1,9826974.1,0,27029864.99,true,false,true,"{""typeCode"":""C"",""freqCode"":""A"",""refPeriodId"":20240101,""refYear"":2024,""refMonth"":52,""period"":""2024"",""reporterCode"":360,""reporterISO"":""IDN"",""reporterDesc"":""Indonesia"",""flowCode"":""X"",""flowDesc"":""Export"",""partnerCode"":699,""partnerISO"":""IND"",""partnerDesc"":""India"",""partner2Code"":0,""partner2ISO"":""W00"",""partner2Desc"":""World"",""classificationCode"":""H6"",""classificationSearchCode"":""HS"",""isOriginalClassification"":true,""cmdCode"":""090111"",""cmdDesc"":""Coffee; not roasted or decaffeinated"",""aggrLevel"":6,""isLeaf"":true,""customsCode"":""C00"",""customsDesc"":""TOTAL CPC"",""mosCode"":""0"",""motCode"":0,""motDesc"":""TOTAL MOT"",""qtyUnitCode"":8,""qtyUnitAbbr"":""kg"",""qty"":9826974.1,""isQtyEstimated"":false,""altQtyUnitCode"":8,""altQtyUnitAbbr"":""kg"",""altQty"":9826974.1,""isAltQtyEstimated"":false,""netWgt"":9826974.1,""isNetWgtEstimated"":false,""grossWgt"":0,""isGrossWgtEstimated"":false,""cifvalue"":null,""fobvalue"":27029864.99,""primaryValue"":27029864.99,""legacyEstimationFlag"":0,""isReported"":false,""isAggregate"":true}"
,UN Comtrade,https://comtradeapi.un.org/public/v1/preview/C/A/HS?reporterCode=360&flowCode=X&cmdCode=090111&period=2024&includeDesc=true,2026-05-30T18:34:22.015Z,"{""reporters"":[{""endpoint"":""https://comtradeapi.un.org/public/v1/preview/C/A/HS"",""reporterCode"":704,""reporterISO"":""VNM"",""flowCode"":""X"",""cmdCode"":""090111"",""period"":""2020,2021,2022,2023,2024,2025"",""includeDesc"":true},{""endpoint"":""https://comtradeapi.un.org/public/v1/preview/C/A/HS"",""reporterCode"":76,""reporterISO"":""BRA"",""flowCode"":""X"",""cmdCode"":""090111"",""period"":""2020,2021,2022,2023,2024,2025"",""includeDesc"":true},{""endpoint"":""https://comtradeapi.un.org/public/v1/preview/C/A/HS"",""reporterCode"":360,""reporterISO"":""IDN"",""flowCode"":""X"",""cmdCode"":""090111"",""period"":""2020,2021,2022,2023,2024,2025"",""includeDesc"":true}]}",C,A,20240101,2024,360,IDN,Indonesia,702,SGP,Singapore,0,W00,World,X,Export,H6,090111,Coffee; not roasted or decaffeinated,C00,TOTAL CPC,0,TOTAL MOT,8,kg,4393107.716,4393107.716,0,20061578.476,true,false,true,"{""typeCode"":""C"",""freqCode"":""A"",""refPeriodId"":20240101,""refYear"":2024,""refMonth"":52,""period"":""2024"",""reporterCode"":360,""reporterISO"":""IDN"",""reporterDesc"":""Indonesia"",""flowCode"":""X"",""flowDesc"":""Export"",""partnerCode"":702,""partnerISO"":""SGP"",""partnerDesc"":""Singapore"",""partner2Code"":0,""partner2ISO"":""W00"",""partner2Desc"":""World"",""classificationCode"":""H6"",""classificationSearchCode"":""HS"",""isOriginalClassification"":true,""cmdCode"":""090111"",""cmdDesc"":""Coffee; not roasted or decaffeinated"",""aggrLevel"":6,""isLeaf"":true,""customsCode"":""C00"",""customsDesc"":""TOTAL CPC"",""mosCode"":""0"",""motCode"":0,""motDesc"":""TOTAL MOT"",""qtyUnitCode"":8,""qtyUnitAbbr"":""kg"",""qty"":4393107.716,""isQtyEstimated"":false,""altQtyUnitCode"":8,""altQtyUnitAbbr"":""kg"",""altQty"":4393107.716,""isAltQtyEstimated"":false,""netWgt"":4393107.716,""isNetWgtEstimated"":false,""grossWgt"":0,""isGrossWgtEstimated"":false,""cifvalue"":null,""fobvalue"":20061578.476,""primaryValue"":20061578.476,""legacyEstimationFlag"":0,""isReported"":false,""isAggregate"":true}"
,UN Comtrade,https://comtradeapi.un.org/public/v1/preview/C/A/HS?reporterCode=360&flowCode=X&cmdCode=090111&period=2024&includeDesc=true,2026-05-30T18:34:22.015Z,"{""reporters"":[{""endpoint"":""https://comtradeapi.un.org/public/v1/preview/C/A/HS"",""reporterCode"":704,""reporterISO"":""VNM"",""flowCode"":""X"",""cmdCode"":""090111"",""period"":""2020,2021,2022,2023,2024,2025"",""includeDesc"":true},{""endpoint"":""https://comtradeapi.un.org/public/v1/preview/C/A/HS"",""reporterCode"":76,""reporterISO"":""BRA"",""flowCode"":""X"",""cmdCode"":""090111"",""period"":""2020,2021,2022,2023,2024,2025"",""includeDesc"":true},{""endpoint"":""https://comtradeapi.un.org/public/v1/preview/C/A/HS"",""reporterCode"":360,""reporterISO"":""IDN"",""flowCode"":""X"",""cmdCode"":""090111"",""period"":""2020,2021,2022,2023,2024,2025"",""includeDesc"":true}]}",C,A,20240101,2024,360,IDN,Indonesia,704,VNM,Viet Nam,0,W00,World,X,Export,H6,090111,Coffee; not roasted or decaffeinated,C00,TOTAL CPC,0,TOTAL MOT,8,kg,17140640,17140640,0,71124117.62,true,false,true,"{""typeCode"":""C"",""freqCode"":""A"",""refPeriodId"":20240101,""refYear"":2024,""refMonth"":52,""period"":""2024"",""reporterCode"":360,""reporterISO"":""IDN"",""reporterDesc"":""Indonesia"",""flowCode"":""X"",""flowDesc"":""Export"",""partnerCode"":704,""partnerISO"":""VNM"",""partnerDesc"":""Viet Nam"",""partner2Code"":0,""partner2ISO"":""W00"",""partner2Desc"":""World"",""classificationCode"":""H6"",""classificationSearchCode"":""HS"",""isOriginalClassification"":true,""cmdCode"":""090111"",""cmdDesc"":""Coffee; not roasted or decaffeinated"",""aggrLevel"":6,""isLeaf"":true,""customsCode"":""C00"",""customsDesc"":""TOTAL CPC"",""mosCode"":""0"",""motCode"":0,""motDesc"":""TOTAL MOT"",""qtyUnitCode"":8,""qtyUnitAbbr"":""kg"",""qty"":17140640,""isQtyEstimated"":false,""altQtyUnitCode"":8,""altQtyUnitAbbr"":""kg"",""altQty"":17140640,""isAltQtyEstimated"":false,""netWgt"":17140640,""isNetWgtEstimated"":false,""grossWgt"":0,""isGrossWgtEstimated"":false,""cifvalue"":null,""fobvalue"":71124117.62,""primaryValue"":71124117.62,""legacyEstimationFlag"":0,""isReported"":false,""isAggregate"":true}"
,UN Comtrade,https://comtradeapi.un.org/public/v1/preview/C/A/HS?reporterCode=360&flowCode=X&cmdCode=090111&period=2024&includeDesc=true,2026-05-30T18:34:22.015Z,"{""reporters"":[{""endpoint"":""https://comtradeapi.un.org/public/v1/preview/C/A/HS"",""reporterCode"":704,""reporterISO"":""VNM"",""flowCode"":""X"",""cmdCode"":""090111"",""period"":""2020,2021,2022,2023,2024,2025"",""includeDesc"":true},{""endpoint"":""https://comtradeapi.un.org/public/v1/preview/C/A/HS"",""reporterCode"":76,""reporterISO"":""BRA"",""flowCode"":""X"",""cmdCode"":""090111"",""period"":""2020,2021,2022,2023,2024,2025"",""includeDesc"":true},{""endpoint"":""https://comtradeapi.un.org/public/v1/preview/C/A/HS"",""reporterCode"":360,""reporterISO"":""IDN"",""flowCode"":""X"",""cmdCode"":""090111"",""period"":""2020,2021,2022,2023,2024,2025"",""includeDesc"":true}]}",C,A,20240101,2024,360,IDN,Indonesia,705,SVN,Slovenia,0,W00,World,X,Export,H6,090111,Coffee; not roasted or decaffeinated,C00,TOTAL CPC,0,TOTAL MOT,8,kg,37200,37200,0,173426.4,true,false,true,"{""typeCode"":""C"",""freqCode"":""A"",""refPeriodId"":20240101,""refYear"":2024,""refMonth"":52,""period"":""2024"",""reporterCode"":360,""reporterISO"":""IDN"",""reporterDesc"":""Indonesia"",""flowCode"":""X"",""flowDesc"":""Export"",""partnerCode"":705,""partnerISO"":""SVN"",""partnerDesc"":""Slovenia"",""partner2Code"":0,""partner2ISO"":""W00"",""partner2Desc"":""World"",""classificationCode"":""H6"",""classificationSearchCode"":""HS"",""isOriginalClassification"":true,""cmdCode"":""090111"",""cmdDesc"":""Coffee; not roasted or decaffeinated"",""aggrLevel"":6,""isLeaf"":true,""customsCode"":""C00"",""customsDesc"":""TOTAL CPC"",""mosCode"":""0"",""motCode"":0,""motDesc"":""TOTAL MOT"",""qtyUnitCode"":8,""qtyUnitAbbr"":""kg"",""qty"":37200,""isQtyEstimated"":false,""altQtyUnitCode"":8,""altQtyUnitAbbr"":""kg"",""altQty"":37200,""isAltQtyEstimated"":false,""netWgt"":37200,""isNetWgtEstimated"":false,""grossWgt"":0,""isGrossWgtEstimated"":false,""cifvalue"":null,""fobvalue"":173426.4,""primaryValue"":173426.4,""legacyEstimationFlag"":0,""isReported"":false,""isAggregate"":true}"
,UN Comtrade,https://comtradeapi.un.org/public/v1/preview/C/A/HS?reporterCode=360&flowCode=X&cmdCode=090111&period=2024&includeDesc=true,2026-05-30T18:34:22.015Z,"{""reporters"":[{""endpoint"":""https://comtradeapi.un.org/public/v1/preview/C/A/HS"",""reporterCode"":704,""reporterISO"":""VNM"",""flowCode"":""X"",""cmdCode"":""090111"",""period"":""2020,2021,2022,2023,2024,2025"",""includeDesc"":true},{""endpoint"":""https://comtradeapi.un.org/public/v1/preview/C/A/HS"",""reporterCode"":76,""reporterISO"":""BRA"",""flowCode"":""X"",""cmdCode"":""090111"",""period"":""2020,2021,2022,2023,2024,2025"",""includeDesc"":true},{""endpoint"":""https://comtradeapi.un.org/public/v1/preview/C/A/HS"",""reporterCode"":360,""reporterISO"":""IDN"",""flowCode"":""X"",""cmdCode"":""090111"",""period"":""2020,2021,2022,2023,2024,2025"",""includeDesc"":true}]}",C,A,20240101,2024,360,IDN,Indonesia,710,ZAF,South Africa,0,W00,World,X,Export,H6,090111,Coffee; not roasted or decaffeinated,C00,TOTAL CPC,0,TOTAL MOT,8,kg,190800,190800,0,1500360,true,false,true,"{""typeCode"":""C"",""freqCode"":""A"",""refPeriodId"":20240101,""refYear"":2024,""refMonth"":52,""period"":""2024"",""reporterCode"":360,""reporterISO"":""IDN"",""reporterDesc"":""Indonesia"",""flowCode"":""X"",""flowDesc"":""Export"",""partnerCode"":710,""partnerISO"":""ZAF"",""partnerDesc"":""South Africa"",""partner2Code"":0,""partner2ISO"":""W00"",""partner2Desc"":""World"",""classificationCode"":""H6"",""classificationSearchCode"":""HS"",""isOriginalClassification"":true,""cmdCode"":""090111"",""cmdDesc"":""Coffee; not roasted or decaffeinated"",""aggrLevel"":6,""isLeaf"":true,""customsCode"":""C00"",""customsDesc"":""TOTAL CPC"",""mosCode"":""0"",""motCode"":0,""motDesc"":""TOTAL MOT"",""qtyUnitCode"":8,""qtyUnitAbbr"":""kg"",""qty"":190800,""isQtyEstimated"":false,""altQtyUnitCode"":8,""altQtyUnitAbbr"":""kg"",""altQty"":190800,""isAltQtyEstimated"":false,""netWgt"":190800,""isNetWgtEstimated"":false,""grossWgt"":0,""isGrossWgtEstimated"":false,""cifvalue"":null,""fobvalue"":1500360,""primaryValue"":1500360,""legacyEstimationFlag"":0,""isReported"":false,""isAggregate"":true}"
,UN Comtrade,https://comtradeapi.un.org/public/v1/preview/C/A/HS?reporterCode=360&flowCode=X&cmdCode=090111&period=2024&includeDesc=true,2026-05-30T18:34:22.015Z,"{""reporters"":[{""endpoint"":""https://comtradeapi.un.org/public/v1/preview/C/A/HS"",""reporterCode"":704,""reporterISO"":""VNM"",""flowCode"":""X"",""cmdCode"":""090111"",""period"":""2020,2021,2022,2023,2024,2025"",""includeDesc"":true},{""endpoint"":""https://comtradeapi.un.org/public/v1/preview/C/A/HS"",""reporterCode"":76,""reporterISO"":""BRA"",""flowCode"":""X"",""cmdCode"":""090111"",""period"":""2020,2021,2022,2023,2024,2025"",""includeDesc"":true},{""endpoint"":""https://comtradeapi.un.org/public/v1/preview/C/A/HS"",""reporterCode"":360,""reporterISO"":""IDN"",""flowCode"":""X"",""cmdCode"":""090111"",""period"":""2020,2021,2022,2023,2024,2025"",""includeDesc"":true}]}",C,A,20240101,2024,360,IDN,Indonesia,724,ESP,Spain,0,W00,World,X,Export,H6,090111,Coffee; not roasted or decaffeinated,C00,TOTAL CPC,0,TOTAL MOT,8,kg,7974440,7974440,0,37790551.322,true,false,true,"{""typeCode"":""C"",""freqCode"":""A"",""refPeriodId"":20240101,""refYear"":2024,""refMonth"":52,""period"":""2024"",""reporterCode"":360,""reporterISO"":""IDN"",""reporterDesc"":""Indonesia"",""flowCode"":""X"",""flowDesc"":""Export"",""partnerCode"":724,""partnerISO"":""ESP"",""partnerDesc"":""Spain"",""partner2Code"":0,""partner2ISO"":""W00"",""partner2Desc"":""World"",""classificationCode"":""H6"",""classificationSearchCode"":""HS"",""isOriginalClassification"":true,""cmdCode"":""090111"",""cmdDesc"":""Coffee; not roasted or decaffeinated"",""aggrLevel"":6,""isLeaf"":true,""customsCode"":""C00"",""customsDesc"":""TOTAL CPC"",""mosCode"":""0"",""motCode"":0,""motDesc"":""TOTAL MOT"",""qtyUnitCode"":8,""qtyUnitAbbr"":""kg"",""qty"":7974440,""isQtyEstimated"":false,""altQtyUnitCode"":8,""altQtyUnitAbbr"":""kg"",""altQty"":7974440,""isAltQtyEstimated"":false,""netWgt"":7974440,""isNetWgtEstimated"":false,""grossWgt"":0,""isGrossWgtEstimated"":false,""cifvalue"":null,""fobvalue"":37790551.322,""primaryValue"":37790551.322,""legacyEstimationFlag"":0,""isReported"":false,""isAggregate"":true}"
,UN Comtrade,https://comtradeapi.un.org/public/v1/preview/C/A/HS?reporterCode=360&flowCode=X&cmdCode=090111&period=2024&includeDesc=true,2026-05-30T18:34:22.015Z,"{""reporters"":[{""endpoint"":""https://comtradeapi.un.org/public/v1/preview/C/A/HS"",""reporterCode"":704,""reporterISO"":""VNM"",""flowCode"":""X"",""cmdCode"":""090111"",""period"":""2020,2021,2022,2023,2024,2025"",""includeDesc"":true},{""endpoint"":""https://comtradeapi.un.org/public/v1/preview/C/A/HS"",""reporterCode"":76,""reporterISO"":""BRA"",""flowCode"":""X"",""cmdCode"":""090111"",""period"":""2020,2021,2022,2023,2024,2025"",""includeDesc"":true},{""endpoint"":""https://comtradeapi.un.org/public/v1/preview/C/A/HS"",""reporterCode"":360,""reporterISO"":""IDN"",""flowCode"":""X"",""cmdCode"":""090111"",""period"":""2020,2021,2022,2023,2024,2025"",""includeDesc"":true}]}",C,A,20240101,2024,360,IDN,Indonesia,752,SWE,Sweden,0,W00,World,X,Export,H6,090111,Coffee; not roasted or decaffeinated,C00,TOTAL CPC,0,TOTAL MOT,8,kg,302407.45,302407.45,0,1501252.94,true,false,true,"{""typeCode"":""C"",""freqCode"":""A"",""refPeriodId"":20240101,""refYear"":2024,""refMonth"":52,""period"":""2024"",""reporterCode"":360,""reporterISO"":""IDN"",""reporterDesc"":""Indonesia"",""flowCode"":""X"",""flowDesc"":""Export"",""partnerCode"":752,""partnerISO"":""SWE"",""partnerDesc"":""Sweden"",""partner2Code"":0,""partner2ISO"":""W00"",""partner2Desc"":""World"",""classificationCode"":""H6"",""classificationSearchCode"":""HS"",""isOriginalClassification"":true,""cmdCode"":""090111"",""cmdDesc"":""Coffee; not roasted or decaffeinated"",""aggrLevel"":6,""isLeaf"":true,""customsCode"":""C00"",""customsDesc"":""TOTAL CPC"",""mosCode"":""0"",""motCode"":0,""motDesc"":""TOTAL MOT"",""qtyUnitCode"":8,""qtyUnitAbbr"":""kg"",""qty"":302407.45,""isQtyEstimated"":false,""altQtyUnitCode"":8,""altQtyUnitAbbr"":""kg"",""altQty"":302407.45,""isAltQtyEstimated"":false,""netWgt"":302407.45,""isNetWgtEstimated"":false,""grossWgt"":0,""isGrossWgtEstimated"":false,""cifvalue"":null,""fobvalue"":1501252.94,""primaryValue"":1501252.94,""legacyEstimationFlag"":0,""isReported"":false,""isAggregate"":true}"
,UN Comtrade,https://comtradeapi.un.org/public/v1/preview/C/A/HS?reporterCode=360&flowCode=X&cmdCode=090111&period=2024&includeDesc=true,2026-05-30T18:34:22.015Z,"{""reporters"":[{""endpoint"":""https://comtradeapi.un.org/public/v1/preview/C/A/HS"",""reporterCode"":704,""reporterISO"":""VNM"",""flowCode"":""X"",""cmdCode"":""090111"",""period"":""2020,2021,2022,2023,2024,2025"",""includeDesc"":true},{""endpoint"":""https://comtradeapi.un.org/public/v1/preview/C/A/HS"",""reporterCode"":76,""reporterISO"":""BRA"",""flowCode"":""X"",""cmdCode"":""090111"",""period"":""2020,2021,2022,2023,2024,2025"",""includeDesc"":true},{""endpoint"":""https://comtradeapi.un.org/public/v1/preview/C/A/HS"",""reporterCode"":360,""reporterISO"":""IDN"",""flowCode"":""X"",""cmdCode"":""090111"",""period"":""2020,2021,2022,2023,2024,2025"",""includeDesc"":true}]}",C,A,20240101,2024,360,IDN,Indonesia,757,CHE,Switzerland,0,W00,World,X,Export,H6,090111,Coffee; not roasted or decaffeinated,C00,TOTAL CPC,0,TOTAL MOT,8,kg,1870.5,1870.5,0,20400.16,true,false,true,"{""typeCode"":""C"",""freqCode"":""A"",""refPeriodId"":20240101,""refYear"":2024,""refMonth"":52,""period"":""2024"",""reporterCode"":360,""reporterISO"":""IDN"",""reporterDesc"":""Indonesia"",""flowCode"":""X"",""flowDesc"":""Export"",""partnerCode"":757,""partnerISO"":""CHE"",""partnerDesc"":""Switzerland"",""partner2Code"":0,""partner2ISO"":""W00"",""partner2Desc"":""World"",""classificationCode"":""H6"",""classificationSearchCode"":""HS"",""isOriginalClassification"":true,""cmdCode"":""090111"",""cmdDesc"":""Coffee; not roasted or decaffeinated"",""aggrLevel"":6,""isLeaf"":true,""customsCode"":""C00"",""customsDesc"":""TOTAL CPC"",""mosCode"":""0"",""motCode"":0,""motDesc"":""TOTAL MOT"",""qtyUnitCode"":8,""qtyUnitAbbr"":""kg"",""qty"":1870.5,""isQtyEstimated"":false,""altQtyUnitCode"":8,""altQtyUnitAbbr"":""kg"",""altQty"":1870.5,""isAltQtyEstimated"":false,""netWgt"":1870.5,""isNetWgtEstimated"":false,""grossWgt"":0,""isGrossWgtEstimated"":false,""cifvalue"":null,""fobvalue"":20400.16,""primaryValue"":20400.16,""legacyEstimationFlag"":0,""isReported"":false,""isAggregate"":true}"
,UN Comtrade,https://comtradeapi.un.org/public/v1/preview/C/A/HS?reporterCode=360&flowCode=X&cmdCode=090111&period=2024&includeDesc=true,2026-05-30T18:34:22.015Z,"{""reporters"":[{""endpoint"":""https://comtradeapi.un.org/public/v1/preview/C/A/HS"",""reporterCode"":704,""reporterISO"":""VNM"",""flowCode"":""X"",""cmdCode"":""090111"",""period"":""2020,2021,2022,2023,2024,2025"",""includeDesc"":true},{""endpoint"":""https://comtradeapi.un.org/public/v1/preview/C/A/HS"",""reporterCode"":76,""reporterISO"":""BRA"",""flowCode"":""X"",""cmdCode"":""090111"",""period"":""2020,2021,2022,2023,2024,2025"",""includeDesc"":true},{""endpoint"":""https://comtradeapi.un.org/public/v1/preview/C/A/HS"",""reporterCode"":360,""reporterISO"":""IDN"",""flowCode"":""X"",""cmdCode"":""090111"",""period"":""2020,2021,2022,2023,2024,2025"",""includeDesc"":true}]}",C,A,20240101,2024,360,IDN,Indonesia,764,THA,Thailand,0,W00,World,X,Export,H6,090111,Coffee; not roasted or decaffeinated,C00,TOTAL CPC,0,TOTAL MOT,8,kg,8742462.19,8742462.19,0,39234683.463,true,false,true,"{""typeCode"":""C"",""freqCode"":""A"",""refPeriodId"":20240101,""refYear"":2024,""refMonth"":52,""period"":""2024"",""reporterCode"":360,""reporterISO"":""IDN"",""reporterDesc"":""Indonesia"",""flowCode"":""X"",""flowDesc"":""Export"",""partnerCode"":764,""partnerISO"":""THA"",""partnerDesc"":""Thailand"",""partner2Code"":0,""partner2ISO"":""W00"",""partner2Desc"":""World"",""classificationCode"":""H6"",""classificationSearchCode"":""HS"",""isOriginalClassification"":true,""cmdCode"":""090111"",""cmdDesc"":""Coffee; not roasted or decaffeinated"",""aggrLevel"":6,""isLeaf"":true,""customsCode"":""C00"",""customsDesc"":""TOTAL CPC"",""mosCode"":""0"",""motCode"":0,""motDesc"":""TOTAL MOT"",""qtyUnitCode"":8,""qtyUnitAbbr"":""kg"",""qty"":8742462.19,""isQtyEstimated"":false,""altQtyUnitCode"":8,""altQtyUnitAbbr"":""kg"",""altQty"":8742462.19,""isAltQtyEstimated"":false,""netWgt"":8742462.19,""isNetWgtEstimated"":false,""grossWgt"":0,""isGrossWgtEstimated"":false,""cifvalue"":null,""fobvalue"":39234683.463,""primaryValue"":39234683.463,""legacyEstimationFlag"":0,""isReported"":false,""isAggregate"":true}"
,UN Comtrade,https://comtradeapi.un.org/public/v1/preview/C/A/HS?reporterCode=360&flowCode=X&cmdCode=090111&period=2024&includeDesc=true,2026-05-30T18:34:22.015Z,"{""reporters"":[{""endpoint"":""https://comtradeapi.un.org/public/v1/preview/C/A/HS"",""reporterCode"":704,""reporterISO"":""VNM"",""flowCode"":""X"",""cmdCode"":""090111"",""period"":""2020,2021,2022,2023,2024,2025"",""includeDesc"":true},{""endpoint"":""https://comtradeapi.un.org/public/v1/preview/C/A/HS"",""reporterCode"":76,""reporterISO"":""BRA"",""flowCode"":""X"",""cmdCode"":""090111"",""period"":""2020,2021,2022,2023,2024,2025"",""includeDesc"":true},{""endpoint"":""https://comtradeapi.un.org/public/v1/preview/C/A/HS"",""reporterCode"":360,""reporterISO"":""IDN"",""flowCode"":""X"",""cmdCode"":""090111"",""period"":""2020,2021,2022,2023,2024,2025"",""includeDesc"":true}]}",C,A,20240101,2024,360,IDN,Indonesia,784,ARE,United Arab Emirates,0,W00,World,X,Export,H6,090111,Coffee; not roasted or decaffeinated,C00,TOTAL CPC,0,TOTAL MOT,8,kg,3211723.46,3211723.46,0,16982281.365,true,false,true,"{""typeCode"":""C"",""freqCode"":""A"",""refPeriodId"":20240101,""refYear"":2024,""refMonth"":52,""period"":""2024"",""reporterCode"":360,""reporterISO"":""IDN"",""reporterDesc"":""Indonesia"",""flowCode"":""X"",""flowDesc"":""Export"",""partnerCode"":784,""partnerISO"":""ARE"",""partnerDesc"":""United Arab Emirates"",""partner2Code"":0,""partner2ISO"":""W00"",""partner2Desc"":""World"",""classificationCode"":""H6"",""classificationSearchCode"":""HS"",""isOriginalClassification"":true,""cmdCode"":""090111"",""cmdDesc"":""Coffee; not roasted or decaffeinated"",""aggrLevel"":6,""isLeaf"":true,""customsCode"":""C00"",""customsDesc"":""TOTAL CPC"",""mosCode"":""0"",""motCode"":0,""motDesc"":""TOTAL MOT"",""qtyUnitCode"":8,""qtyUnitAbbr"":""kg"",""qty"":3211723.46,""isQtyEstimated"":false,""altQtyUnitCode"":8,""altQtyUnitAbbr"":""kg"",""altQty"":3211723.46,""isAltQtyEstimated"":false,""netWgt"":3211723.46,""isNetWgtEstimated"":false,""grossWgt"":0,""isGrossWgtEstimated"":false,""cifvalue"":null,""fobvalue"":16982281.365,""primaryValue"":16982281.365,""legacyEstimationFlag"":0,""isReported"":false,""isAggregate"":true}"
,UN Comtrade,https://comtradeapi.un.org/public/v1/preview/C/A/HS?reporterCode=360&flowCode=X&cmdCode=090111&period=2024&includeDesc=true,2026-05-30T18:34:22.015Z,"{""reporters"":[{""endpoint"":""https://comtradeapi.un.org/public/v1/preview/C/A/HS"",""reporterCode"":704,""reporterISO"":""VNM"",""flowCode"":""X"",""cmdCode"":""090111"",""period"":""2020,2021,2022,2023,2024,2025"",""includeDesc"":true},{""endpoint"":""https://comtradeapi.un.org/public/v1/preview/C/A/HS"",""reporterCode"":76,""reporterISO"":""BRA"",""flowCode"":""X"",""cmdCode"":""090111"",""period"":""2020,2021,2022,2023,2024,2025"",""includeDesc"":true},{""endpoint"":""https://comtradeapi.un.org/public/v1/preview/C/A/HS"",""reporterCode"":360,""reporterISO"":""IDN"",""flowCode"":""X"",""cmdCode"":""090111"",""period"":""2020,2021,2022,2023,2024,2025"",""includeDesc"":true}]}",C,A,20240101,2024,360,IDN,Indonesia,788,TUN,Tunisia,0,W00,World,X,Export,H6,090111,Coffee; not roasted or decaffeinated,C00,TOTAL CPC,0,TOTAL MOT,8,kg,1447000,1447000,0,7049634,true,false,true,"{""typeCode"":""C"",""freqCode"":""A"",""refPeriodId"":20240101,""refYear"":2024,""refMonth"":52,""period"":""2024"",""reporterCode"":360,""reporterISO"":""IDN"",""reporterDesc"":""Indonesia"",""flowCode"":""X"",""flowDesc"":""Export"",""partnerCode"":788,""partnerISO"":""TUN"",""partnerDesc"":""Tunisia"",""partner2Code"":0,""partner2ISO"":""W00"",""partner2Desc"":""World"",""classificationCode"":""H6"",""classificationSearchCode"":""HS"",""isOriginalClassification"":true,""cmdCode"":""090111"",""cmdDesc"":""Coffee; not roasted or decaffeinated"",""aggrLevel"":6,""isLeaf"":true,""customsCode"":""C00"",""customsDesc"":""TOTAL CPC"",""mosCode"":""0"",""motCode"":0,""motDesc"":""TOTAL MOT"",""qtyUnitCode"":8,""qtyUnitAbbr"":""kg"",""qty"":1447000,""isQtyEstimated"":false,""altQtyUnitCode"":8,""altQtyUnitAbbr"":""kg"",""altQty"":1447000,""isAltQtyEstimated"":false,""netWgt"":1447000,""isNetWgtEstimated"":false,""grossWgt"":0,""isGrossWgtEstimated"":false,""cifvalue"":null,""fobvalue"":7049634,""primaryValue"":7049634,""legacyEstimationFlag"":0,""isReported"":false,""isAggregate"":true}"
,UN Comtrade,https://comtradeapi.un.org/public/v1/preview/C/A/HS?reporterCode=360&flowCode=X&cmdCode=090111&period=2024&includeDesc=true,2026-05-30T18:34:22.015Z,"{""reporters"":[{""endpoint"":""https://comtradeapi.un.org/public/v1/preview/C/A/HS"",""reporterCode"":704,""reporterISO"":""VNM"",""flowCode"":""X"",""cmdCode"":""090111"",""period"":""2020,2021,2022,2023,2024,2025"",""includeDesc"":true},{""endpoint"":""https://comtradeapi.un.org/public/v1/preview/C/A/HS"",""reporterCode"":76,""reporterISO"":""BRA"",""flowCode"":""X"",""cmdCode"":""090111"",""period"":""2020,2021,2022,2023,2024,2025"",""includeDesc"":true},{""endpoint"":""https://comtradeapi.un.org/public/v1/preview/C/A/HS"",""reporterCode"":360,""reporterISO"":""IDN"",""flowCode"":""X"",""cmdCode"":""090111"",""period"":""2020,2021,2022,2023,2024,2025"",""includeDesc"":true}]}",C,A,20240101,2024,360,IDN,Indonesia,792,TUR,Türkiye,0,W00,World,X,Export,H6,090111,Coffee; not roasted or decaffeinated,C00,TOTAL CPC,0,TOTAL MOT,8,kg,203706.9,203706.9,0,1119934.65,true,false,true,"{""typeCode"":""C"",""freqCode"":""A"",""refPeriodId"":20240101,""refYear"":2024,""refMonth"":52,""period"":""2024"",""reporterCode"":360,""reporterISO"":""IDN"",""reporterDesc"":""Indonesia"",""flowCode"":""X"",""flowDesc"":""Export"",""partnerCode"":792,""partnerISO"":""TUR"",""partnerDesc"":""Türkiye"",""partner2Code"":0,""partner2ISO"":""W00"",""partner2Desc"":""World"",""classificationCode"":""H6"",""classificationSearchCode"":""HS"",""isOriginalClassification"":true,""cmdCode"":""090111"",""cmdDesc"":""Coffee; not roasted or decaffeinated"",""aggrLevel"":6,""isLeaf"":true,""customsCode"":""C00"",""customsDesc"":""TOTAL CPC"",""mosCode"":""0"",""motCode"":0,""motDesc"":""TOTAL MOT"",""qtyUnitCode"":8,""qtyUnitAbbr"":""kg"",""qty"":203706.9,""isQtyEstimated"":false,""altQtyUnitCode"":8,""altQtyUnitAbbr"":""kg"",""altQty"":203706.9,""isAltQtyEstimated"":false,""netWgt"":203706.9,""isNetWgtEstimated"":false,""grossWgt"":0,""isGrossWgtEstimated"":false,""cifvalue"":null,""fobvalue"":1119934.65,""primaryValue"":1119934.65,""legacyEstimationFlag"":0,""isReported"":false,""isAggregate"":true}"
,UN Comtrade,https://comtradeapi.un.org/public/v1/preview/C/A/HS?reporterCode=360&flowCode=X&cmdCode=090111&period=2024&includeDesc=true,2026-05-30T18:34:22.015Z,"{""reporters"":[{""endpoint"":""https://comtradeapi.un.org/public/v1/preview/C/A/HS"",""reporterCode"":704,""reporterISO"":""VNM"",""flowCode"":""X"",""cmdCode"":""090111"",""period"":""2020,2021,2022,2023,2024,2025"",""includeDesc"":true},{""endpoint"":""https://comtradeapi.un.org/public/v1/preview/C/A/HS"",""reporterCode"":76,""reporterISO"":""BRA"",""flowCode"":""X"",""cmdCode"":""090111"",""period"":""2020,2021,2022,2023,2024,2025"",""includeDesc"":true},{""endpoint"":""https://comtradeapi.un.org/public/v1/preview/C/A/HS"",""reporterCode"":360,""reporterISO"":""IDN"",""flowCode"":""X"",""cmdCode"":""090111"",""period"":""2020,2021,2022,2023,2024,2025"",""includeDesc"":true}]}",C,A,20240101,2024,360,IDN,Indonesia,807,MKD,North Macedonia,0,W00,World,X,Export,H6,090111,Coffee; not roasted or decaffeinated,C00,TOTAL CPC,0,TOTAL MOT,8,kg,2,2,0,11.34,true,false,true,"{""typeCode"":""C"",""freqCode"":""A"",""refPeriodId"":20240101,""refYear"":2024,""refMonth"":52,""period"":""2024"",""reporterCode"":360,""reporterISO"":""IDN"",""reporterDesc"":""Indonesia"",""flowCode"":""X"",""flowDesc"":""Export"",""partnerCode"":807,""partnerISO"":""MKD"",""partnerDesc"":""North Macedonia"",""partner2Code"":0,""partner2ISO"":""W00"",""partner2Desc"":""World"",""classificationCode"":""H6"",""classificationSearchCode"":""HS"",""isOriginalClassification"":true,""cmdCode"":""090111"",""cmdDesc"":""Coffee; not roasted or decaffeinated"",""aggrLevel"":6,""isLeaf"":true,""customsCode"":""C00"",""customsDesc"":""TOTAL CPC"",""mosCode"":""0"",""motCode"":0,""motDesc"":""TOTAL MOT"",""qtyUnitCode"":8,""qtyUnitAbbr"":""kg"",""qty"":2,""isQtyEstimated"":false,""altQtyUnitCode"":8,""altQtyUnitAbbr"":""kg"",""altQty"":2,""isAltQtyEstimated"":false,""netWgt"":2,""isNetWgtEstimated"":false,""grossWgt"":0,""isGrossWgtEstimated"":false,""cifvalue"":null,""fobvalue"":11.34,""primaryValue"":11.34,""legacyEstimationFlag"":0,""isReported"":false,""isAggregate"":true}"
,UN Comtrade,https://comtradeapi.un.org/public/v1/preview/C/A/HS?reporterCode=360&flowCode=X&cmdCode=090111&period=2024&includeDesc=true,2026-05-30T18:34:22.015Z,"{""reporters"":[{""endpoint"":""https://comtradeapi.un.org/public/v1/preview/C/A/HS"",""reporterCode"":704,""reporterISO"":""VNM"",""flowCode"":""X"",""cmdCode"":""090111"",""period"":""2020,2021,2022,2023,2024,2025"",""includeDesc"":true},{""endpoint"":""https://comtradeapi.un.org/public/v1/preview/C/A/HS"",""reporterCode"":76,""reporterISO"":""BRA"",""flowCode"":""X"",""cmdCode"":""090111"",""period"":""2020,2021,2022,2023,2024,2025"",""includeDesc"":true},{""endpoint"":""https://comtradeapi.un.org/public/v1/preview/C/A/HS"",""reporterCode"":360,""reporterISO"":""IDN"",""flowCode"":""X"",""cmdCode"":""090111"",""period"":""2020,2021,2022,2023,2024,2025"",""includeDesc"":true}]}",C,A,20240101,2024,360,IDN,Indonesia,818,EGY,Egypt,0,W00,World,X,Export,H6,090111,Coffee; not roasted or decaffeinated,C00,TOTAL CPC,0,TOTAL MOT,8,kg,31479150.002,31479150.002,0,142515513.19,true,false,true,"{""typeCode"":""C"",""freqCode"":""A"",""refPeriodId"":20240101,""refYear"":2024,""refMonth"":52,""period"":""2024"",""reporterCode"":360,""reporterISO"":""IDN"",""reporterDesc"":""Indonesia"",""flowCode"":""X"",""flowDesc"":""Export"",""partnerCode"":818,""partnerISO"":""EGY"",""partnerDesc"":""Egypt"",""partner2Code"":0,""partner2ISO"":""W00"",""partner2Desc"":""World"",""classificationCode"":""H6"",""classificationSearchCode"":""HS"",""isOriginalClassification"":true,""cmdCode"":""090111"",""cmdDesc"":""Coffee; not roasted or decaffeinated"",""aggrLevel"":6,""isLeaf"":true,""customsCode"":""C00"",""customsDesc"":""TOTAL CPC"",""mosCode"":""0"",""motCode"":0,""motDesc"":""TOTAL MOT"",""qtyUnitCode"":8,""qtyUnitAbbr"":""kg"",""qty"":31479150.002,""isQtyEstimated"":false,""altQtyUnitCode"":8,""altQtyUnitAbbr"":""kg"",""altQty"":31479150.002,""isAltQtyEstimated"":false,""netWgt"":31479150.002,""isNetWgtEstimated"":false,""grossWgt"":0,""isGrossWgtEstimated"":false,""cifvalue"":null,""fobvalue"":142515513.19,""primaryValue"":142515513.19,""legacyEstimationFlag"":0,""isReported"":false,""isAggregate"":true}"
,UN Comtrade,https://comtradeapi.un.org/public/v1/preview/C/A/HS?reporterCode=360&flowCode=X&cmdCode=090111&period=2024&includeDesc=true,2026-05-30T18:34:22.015Z,"{""reporters"":[{""endpoint"":""https://comtradeapi.un.org/public/v1/preview/C/A/HS"",""reporterCode"":704,""reporterISO"":""VNM"",""flowCode"":""X"",""cmdCode"":""090111"",""period"":""2020,2021,2022,2023,2024,2025"",""includeDesc"":true},{""endpoint"":""https://comtradeapi.un.org/public/v1/preview/C/A/HS"",""reporterCode"":76,""reporterISO"":""BRA"",""flowCode"":""X"",""cmdCode"":""090111"",""period"":""2020,2021,2022,2023,2024,2025"",""includeDesc"":true},{""endpoint"":""https://comtradeapi.un.org/public/v1/preview/C/A/HS"",""reporterCode"":360,""reporterISO"":""IDN"",""flowCode"":""X"",""cmdCode"":""090111"",""period"":""2020,2021,2022,2023,2024,2025"",""includeDesc"":true}]}",C,A,20240101,2024,360,IDN,Indonesia,826,GBR,United Kingdom,0,W00,World,X,Export,H6,090111,Coffee; not roasted or decaffeinated,C00,TOTAL CPC,0,TOTAL MOT,8,kg,4029205.651,4029205.651,0,25060068.408,true,false,true,"{""typeCode"":""C"",""freqCode"":""A"",""refPeriodId"":20240101,""refYear"":2024,""refMonth"":52,""period"":""2024"",""reporterCode"":360,""reporterISO"":""IDN"",""reporterDesc"":""Indonesia"",""flowCode"":""X"",""flowDesc"":""Export"",""partnerCode"":826,""partnerISO"":""GBR"",""partnerDesc"":""United Kingdom"",""partner2Code"":0,""partner2ISO"":""W00"",""partner2Desc"":""World"",""classificationCode"":""H6"",""classificationSearchCode"":""HS"",""isOriginalClassification"":true,""cmdCode"":""090111"",""cmdDesc"":""Coffee; not roasted or decaffeinated"",""aggrLevel"":6,""isLeaf"":true,""customsCode"":""C00"",""customsDesc"":""TOTAL CPC"",""mosCode"":""0"",""motCode"":0,""motDesc"":""TOTAL MOT"",""qtyUnitCode"":8,""qtyUnitAbbr"":""kg"",""qty"":4029205.651,""isQtyEstimated"":false,""altQtyUnitCode"":8,""altQtyUnitAbbr"":""kg"",""altQty"":4029205.651,""isAltQtyEstimated"":false,""netWgt"":4029205.651,""isNetWgtEstimated"":false,""grossWgt"":0,""isGrossWgtEstimated"":false,""cifvalue"":null,""fobvalue"":25060068.408,""primaryValue"":25060068.408,""legacyEstimationFlag"":0,""isReported"":false,""isAggregate"":true}"
,UN Comtrade,https://comtradeapi.un.org/public/v1/preview/C/A/HS?reporterCode=360&flowCode=X&cmdCode=090111&period=2024&includeDesc=true,2026-05-30T18:34:22.015Z,"{""reporters"":[{""endpoint"":""https://comtradeapi.un.org/public/v1/preview/C/A/HS"",""reporterCode"":704,""reporterISO"":""VNM"",""flowCode"":""X"",""cmdCode"":""090111"",""period"":""2020,2021,2022,2023,2024,2025"",""includeDesc"":true},{""endpoint"":""https://comtradeapi.un.org/public/v1/preview/C/A/HS"",""reporterCode"":76,""reporterISO"":""BRA"",""flowCode"":""X"",""cmdCode"":""090111"",""period"":""2020,2021,2022,2023,2024,2025"",""includeDesc"":true},{""endpoint"":""https://comtradeapi.un.org/public/v1/preview/C/A/HS"",""reporterCode"":360,""reporterISO"":""IDN"",""flowCode"":""X"",""cmdCode"":""090111"",""period"":""2020,2021,2022,2023,2024,2025"",""includeDesc"":true}]}",C,A,20240101,2024,360,IDN,Indonesia,842,USA,USA,0,W00,World,X,Export,H6,090111,Coffee; not roasted or decaffeinated,C00,TOTAL CPC,0,TOTAL MOT,8,kg,44304428.7,44304428.7,0,307409944.592,true,false,true,"{""typeCode"":""C"",""freqCode"":""A"",""refPeriodId"":20240101,""refYear"":2024,""refMonth"":52,""period"":""2024"",""reporterCode"":360,""reporterISO"":""IDN"",""reporterDesc"":""Indonesia"",""flowCode"":""X"",""flowDesc"":""Export"",""partnerCode"":842,""partnerISO"":""USA"",""partnerDesc"":""USA"",""partner2Code"":0,""partner2ISO"":""W00"",""partner2Desc"":""World"",""classificationCode"":""H6"",""classificationSearchCode"":""HS"",""isOriginalClassification"":true,""cmdCode"":""090111"",""cmdDesc"":""Coffee; not roasted or decaffeinated"",""aggrLevel"":6,""isLeaf"":true,""customsCode"":""C00"",""customsDesc"":""TOTAL CPC"",""mosCode"":""0"",""motCode"":0,""motDesc"":""TOTAL MOT"",""qtyUnitCode"":8,""qtyUnitAbbr"":""kg"",""qty"":44304428.7,""isQtyEstimated"":false,""altQtyUnitCode"":8,""altQtyUnitAbbr"":""kg"",""altQty"":44304428.7,""isAltQtyEstimated"":false,""netWgt"":44304428.7,""isNetWgtEstimated"":false,""grossWgt"":0,""isGrossWgtEstimated"":false,""cifvalue"":null,""fobvalue"":307409944.592,""primaryValue"":307409944.592,""legacyEstimationFlag"":0,""isReported"":false,""isAggregate"":true}"
,UN Comtrade,https://comtradeapi.un.org/public/v1/preview/C/A/HS?reporterCode=360&flowCode=X&cmdCode=090111&period=2025&includeDesc=true,2026-05-30T18:34:22.015Z,"{""reporters"":[{""endpoint"":""https://comtradeapi.un.org/public/v1/preview/C/A/HS"",""reporterCode"":704,""reporterISO"":""VNM"",""flowCode"":""X"",""cmdCode"":""090111"",""period"":""2020,2021,2022,2023,2024,2025"",""includeDesc"":true},{""endpoint"":""https://comtradeapi.un.org/public/v1/preview/C/A/HS"",""reporterCode"":76,""reporterISO"":""BRA"",""flowCode"":""X"",""cmdCode"":""090111"",""period"":""2020,2021,2022,2023,2024,2025"",""includeDesc"":true},{""endpoint"":""https://comtradeapi.un.org/public/v1/preview/C/A/HS"",""reporterCode"":360,""reporterISO"":""IDN"",""flowCode"":""X"",""cmdCode"":""090111"",""period"":""2020,2021,2022,2023,2024,2025"",""includeDesc"":true}]}",C,A,20250101,2025,360,IDN,Indonesia,0,W00,World,0,W00,World,X,Export,H6,090111,Coffee; not roasted or decaffeinated,C00,TOTAL CPC,0,TOTAL MOT,8,kg,508614726.016,508614726.016,0,2499987010.357,true,false,true,"{""typeCode"":""C"",""freqCode"":""A"",""refPeriodId"":20250101,""refYear"":2025,""refMonth"":52,""period"":""2025"",""reporterCode"":360,""reporterISO"":""IDN"",""reporterDesc"":""Indonesia"",""flowCode"":""X"",""flowDesc"":""Export"",""partnerCode"":0,""partnerISO"":""W00"",""partnerDesc"":""World"",""partner2Code"":0,""partner2ISO"":""W00"",""partner2Desc"":""World"",""classificationCode"":""H6"",""classificationSearchCode"":""HS"",""isOriginalClassification"":true,""cmdCode"":""090111"",""cmdDesc"":""Coffee; not roasted or decaffeinated"",""aggrLevel"":6,""isLeaf"":true,""customsCode"":""C00"",""customsDesc"":""TOTAL CPC"",""mosCode"":""0"",""motCode"":0,""motDesc"":""TOTAL MOT"",""qtyUnitCode"":8,""qtyUnitAbbr"":""kg"",""qty"":508614726.016,""isQtyEstimated"":false,""altQtyUnitCode"":8,""altQtyUnitAbbr"":""kg"",""altQty"":508614726.016,""isAltQtyEstimated"":false,""netWgt"":508614726.016,""isNetWgtEstimated"":false,""grossWgt"":0,""isGrossWgtEstimated"":false,""cifvalue"":null,""fobvalue"":2499987010.357,""primaryValue"":2499987010.357,""legacyEstimationFlag"":0,""isReported"":false,""isAggregate"":true}"
,UN Comtrade,https://comtradeapi.un.org/public/v1/preview/C/A/HS?reporterCode=360&flowCode=X&cmdCode=090111&period=2025&includeDesc=true,2026-05-30T18:34:22.015Z,"{""reporters"":[{""endpoint"":""https://comtradeapi.un.org/public/v1/preview/C/A/HS"",""reporterCode"":704,""reporterISO"":""VNM"",""flowCode"":""X"",""cmdCode"":""090111"",""period"":""2020,2021,2022,2023,2024,2025"",""includeDesc"":true},{""endpoint"":""https://comtradeapi.un.org/public/v1/preview/C/A/HS"",""reporterCode"":76,""reporterISO"":""BRA"",""flowCode"":""X"",""cmdCode"":""090111"",""period"":""2020,2021,2022,2023,2024,2025"",""includeDesc"":true},{""endpoint"":""https://comtradeapi.un.org/public/v1/preview/C/A/HS"",""reporterCode"":360,""reporterISO"":""IDN"",""flowCode"":""X"",""cmdCode"":""090111"",""period"":""2020,2021,2022,2023,2024,2025"",""includeDesc"":true}]}",C,A,20250101,2025,360,IDN,Indonesia,8,ALB,Albania,0,W00,World,X,Export,H6,090111,Coffee; not roasted or decaffeinated,C00,TOTAL CPC,0,TOTAL MOT,8,kg,115220,115220,0,578285.3,true,false,true,"{""typeCode"":""C"",""freqCode"":""A"",""refPeriodId"":20250101,""refYear"":2025,""refMonth"":52,""period"":""2025"",""reporterCode"":360,""reporterISO"":""IDN"",""reporterDesc"":""Indonesia"",""flowCode"":""X"",""flowDesc"":""Export"",""partnerCode"":8,""partnerISO"":""ALB"",""partnerDesc"":""Albania"",""partner2Code"":0,""partner2ISO"":""W00"",""partner2Desc"":""World"",""classificationCode"":""H6"",""classificationSearchCode"":""HS"",""isOriginalClassification"":true,""cmdCode"":""090111"",""cmdDesc"":""Coffee; not roasted or decaffeinated"",""aggrLevel"":6,""isLeaf"":true,""customsCode"":""C00"",""customsDesc"":""TOTAL CPC"",""mosCode"":""0"",""motCode"":0,""motDesc"":""TOTAL MOT"",""qtyUnitCode"":8,""qtyUnitAbbr"":""kg"",""qty"":115220,""isQtyEstimated"":false,""altQtyUnitCode"":8,""altQtyUnitAbbr"":""kg"",""altQty"":115220,""isAltQtyEstimated"":false,""netWgt"":115220,""isNetWgtEstimated"":false,""grossWgt"":0,""isGrossWgtEstimated"":false,""cifvalue"":null,""fobvalue"":578285.3,""primaryValue"":578285.3,""legacyEstimationFlag"":0,""isReported"":false,""isAggregate"":true}"
,UN Comtrade,https://comtradeapi.un.org/public/v1/preview/C/A/HS?reporterCode=360&flowCode=X&cmdCode=090111&period=2025&includeDesc=true,2026-05-30T18:34:22.015Z,"{""reporters"":[{""endpoint"":""https://comtradeapi.un.org/public/v1/preview/C/A/HS"",""reporterCode"":704,""reporterISO"":""VNM"",""flowCode"":""X"",""cmdCode"":""090111"",""period"":""2020,2021,2022,2023,2024,2025"",""includeDesc"":true},{""endpoint"":""https://comtradeapi.un.org/public/v1/preview/C/A/HS"",""reporterCode"":76,""reporterISO"":""BRA"",""flowCode"":""X"",""cmdCode"":""090111"",""period"":""2020,2021,2022,2023,2024,2025"",""includeDesc"":true},{""endpoint"":""https://comtradeapi.un.org/public/v1/preview/C/A/HS"",""reporterCode"":360,""reporterISO"":""IDN"",""flowCode"":""X"",""cmdCode"":""090111"",""period"":""2020,2021,2022,2023,2024,2025"",""includeDesc"":true}]}",C,A,20250101,2025,360,IDN,Indonesia,12,DZA,Algeria,0,W00,World,X,Export,H6,090111,Coffee; not roasted or decaffeinated,C00,TOTAL CPC,0,TOTAL MOT,8,kg,38260200,38260200,0,171764775.183,true,false,true,"{""typeCode"":""C"",""freqCode"":""A"",""refPeriodId"":20250101,""refYear"":2025,""refMonth"":52,""period"":""2025"",""reporterCode"":360,""reporterISO"":""IDN"",""reporterDesc"":""Indonesia"",""flowCode"":""X"",""flowDesc"":""Export"",""partnerCode"":12,""partnerISO"":""DZA"",""partnerDesc"":""Algeria"",""partner2Code"":0,""partner2ISO"":""W00"",""partner2Desc"":""World"",""classificationCode"":""H6"",""classificationSearchCode"":""HS"",""isOriginalClassification"":true,""cmdCode"":""090111"",""cmdDesc"":""Coffee; not roasted or decaffeinated"",""aggrLevel"":6,""isLeaf"":true,""customsCode"":""C00"",""customsDesc"":""TOTAL CPC"",""mosCode"":""0"",""motCode"":0,""motDesc"":""TOTAL MOT"",""qtyUnitCode"":8,""qtyUnitAbbr"":""kg"",""qty"":38260200,""isQtyEstimated"":false,""altQtyUnitCode"":8,""altQtyUnitAbbr"":""kg"",""altQty"":38260200,""isAltQtyEstimated"":false,""netWgt"":38260200,""isNetWgtEstimated"":false,""grossWgt"":0,""isGrossWgtEstimated"":false,""cifvalue"":null,""fobvalue"":171764775.183,""primaryValue"":171764775.183,""legacyEstimationFlag"":0,""isReported"":false,""isAggregate"":true}"
,UN Comtrade,https://comtradeapi.un.org/public/v1/preview/C/A/HS?reporterCode=360&flowCode=X&cmdCode=090111&period=2025&includeDesc=true,2026-05-30T18:34:22.015Z,"{""reporters"":[{""endpoint"":""https://comtradeapi.un.org/public/v1/preview/C/A/HS"",""reporterCode"":704,""reporterISO"":""VNM"",""flowCode"":""X"",""cmdCode"":""090111"",""period"":""2020,2021,2022,2023,2024,2025"",""includeDesc"":true},{""endpoint"":""https://comtradeapi.un.org/public/v1/preview/C/A/HS"",""reporterCode"":76,""reporterISO"":""BRA"",""flowCode"":""X"",""cmdCode"":""090111"",""period"":""2020,2021,2022,2023,2024,2025"",""includeDesc"":true},{""endpoint"":""https://comtradeapi.un.org/public/v1/preview/C/A/HS"",""reporterCode"":360,""reporterISO"":""IDN"",""flowCode"":""X"",""cmdCode"":""090111"",""period"":""2020,2021,2022,2023,2024,2025"",""includeDesc"":true}]}",C,A,20250101,2025,360,IDN,Indonesia,36,AUS,Australia,0,W00,World,X,Export,H6,090111,Coffee; not roasted or decaffeinated,C00,TOTAL CPC,0,TOTAL MOT,8,kg,2353098.15,2353098.15,0,15855701.542,true,false,true,"{""typeCode"":""C"",""freqCode"":""A"",""refPeriodId"":20250101,""refYear"":2025,""refMonth"":52,""period"":""2025"",""reporterCode"":360,""reporterISO"":""IDN"",""reporterDesc"":""Indonesia"",""flowCode"":""X"",""flowDesc"":""Export"",""partnerCode"":36,""partnerISO"":""AUS"",""partnerDesc"":""Australia"",""partner2Code"":0,""partner2ISO"":""W00"",""partner2Desc"":""World"",""classificationCode"":""H6"",""classificationSearchCode"":""HS"",""isOriginalClassification"":true,""cmdCode"":""090111"",""cmdDesc"":""Coffee; not roasted or decaffeinated"",""aggrLevel"":6,""isLeaf"":true,""customsCode"":""C00"",""customsDesc"":""TOTAL CPC"",""mosCode"":""0"",""motCode"":0,""motDesc"":""TOTAL MOT"",""qtyUnitCode"":8,""qtyUnitAbbr"":""kg"",""qty"":2353098.15,""isQtyEstimated"":false,""altQtyUnitCode"":8,""altQtyUnitAbbr"":""kg"",""altQty"":2353098.15,""isAltQtyEstimated"":false,""netWgt"":2353098.15,""isNetWgtEstimated"":false,""grossWgt"":0,""isGrossWgtEstimated"":false,""cifvalue"":null,""fobvalue"":15855701.542,""primaryValue"":15855701.542,""legacyEstimationFlag"":0,""isReported"":false,""isAggregate"":true}"
,UN Comtrade,https://comtradeapi.un.org/public/v1/preview/C/A/HS?reporterCode=360&flowCode=X&cmdCode=090111&period=2025&includeDesc=true,2026-05-30T18:34:22.015Z,"{""reporters"":[{""endpoint"":""https://comtradeapi.un.org/public/v1/preview/C/A/HS"",""reporterCode"":704,""reporterISO"":""VNM"",""flowCode"":""X"",""cmdCode"":""090111"",""period"":""2020,2021,2022,2023,2024,2025"",""includeDesc"":true},{""endpoint"":""https://comtradeapi.un.org/public/v1/preview/C/A/HS"",""reporterCode"":76,""reporterISO"":""BRA"",""flowCode"":""X"",""cmdCode"":""090111"",""period"":""2020,2021,2022,2023,2024,2025"",""includeDesc"":true},{""endpoint"":""https://comtradeapi.un.org/public/v1/preview/C/A/HS"",""reporterCode"":360,""reporterISO"":""IDN"",""flowCode"":""X"",""cmdCode"":""090111"",""period"":""2020,2021,2022,2023,2024,2025"",""includeDesc"":true}]}",C,A,20250101,2025,360,IDN,Indonesia,48,BHR,Bahrain,0,W00,World,X,Export,H6,090111,Coffee; not roasted or decaffeinated,C00,TOTAL CPC,0,TOTAL MOT,8,kg,400,400,0,16200,true,false,true,"{""typeCode"":""C"",""freqCode"":""A"",""refPeriodId"":20250101,""refYear"":2025,""refMonth"":52,""period"":""2025"",""reporterCode"":360,""reporterISO"":""IDN"",""reporterDesc"":""Indonesia"",""flowCode"":""X"",""flowDesc"":""Export"",""partnerCode"":48,""partnerISO"":""BHR"",""partnerDesc"":""Bahrain"",""partner2Code"":0,""partner2ISO"":""W00"",""partner2Desc"":""World"",""classificationCode"":""H6"",""classificationSearchCode"":""HS"",""isOriginalClassification"":true,""cmdCode"":""090111"",""cmdDesc"":""Coffee; not roasted or decaffeinated"",""aggrLevel"":6,""isLeaf"":true,""customsCode"":""C00"",""customsDesc"":""TOTAL CPC"",""mosCode"":""0"",""motCode"":0,""motDesc"":""TOTAL MOT"",""qtyUnitCode"":8,""qtyUnitAbbr"":""kg"",""qty"":400,""isQtyEstimated"":false,""altQtyUnitCode"":8,""altQtyUnitAbbr"":""kg"",""altQty"":400,""isAltQtyEstimated"":false,""netWgt"":400,""isNetWgtEstimated"":false,""grossWgt"":0,""isGrossWgtEstimated"":false,""cifvalue"":null,""fobvalue"":16200,""primaryValue"":16200,""legacyEstimationFlag"":0,""isReported"":false,""isAggregate"":true}"
,UN Comtrade,https://comtradeapi.un.org/public/v1/preview/C/A/HS?reporterCode=360&flowCode=X&cmdCode=090111&period=2025&includeDesc=true,2026-05-30T18:34:22.015Z,"{""reporters"":[{""endpoint"":""https://comtradeapi.un.org/public/v1/preview/C/A/HS"",""reporterCode"":704,""reporterISO"":""VNM"",""flowCode"":""X"",""cmdCode"":""090111"",""period"":""2020,2021,2022,2023,2024,2025"",""includeDesc"":true},{""endpoint"":""https://comtradeapi.un.org/public/v1/preview/C/A/HS"",""reporterCode"":76,""reporterISO"":""BRA"",""flowCode"":""X"",""cmdCode"":""090111"",""period"":""2020,2021,2022,2023,2024,2025"",""includeDesc"":true},{""endpoint"":""https://comtradeapi.un.org/public/v1/preview/C/A/HS"",""reporterCode"":360,""reporterISO"":""IDN"",""flowCode"":""X"",""cmdCode"":""090111"",""period"":""2020,2021,2022,2023,2024,2025"",""includeDesc"":true}]}",C,A,20250101,2025,360,IDN,Indonesia,50,BGD,Bangladesh,0,W00,World,X,Export,H6,090111,Coffee; not roasted or decaffeinated,C00,TOTAL CPC,0,TOTAL MOT,8,kg,2000,2000,0,8040,true,false,true,"{""typeCode"":""C"",""freqCode"":""A"",""refPeriodId"":20250101,""refYear"":2025,""refMonth"":52,""period"":""2025"",""reporterCode"":360,""reporterISO"":""IDN"",""reporterDesc"":""Indonesia"",""flowCode"":""X"",""flowDesc"":""Export"",""partnerCode"":50,""partnerISO"":""BGD"",""partnerDesc"":""Bangladesh"",""partner2Code"":0,""partner2ISO"":""W00"",""partner2Desc"":""World"",""classificationCode"":""H6"",""classificationSearchCode"":""HS"",""isOriginalClassification"":true,""cmdCode"":""090111"",""cmdDesc"":""Coffee; not roasted or decaffeinated"",""aggrLevel"":6,""isLeaf"":true,""customsCode"":""C00"",""customsDesc"":""TOTAL CPC"",""mosCode"":""0"",""motCode"":0,""motDesc"":""TOTAL MOT"",""qtyUnitCode"":8,""qtyUnitAbbr"":""kg"",""qty"":2000,""isQtyEstimated"":false,""altQtyUnitCode"":8,""altQtyUnitAbbr"":""kg"",""altQty"":2000,""isAltQtyEstimated"":false,""netWgt"":2000,""isNetWgtEstimated"":false,""grossWgt"":0,""isGrossWgtEstimated"":false,""cifvalue"":null,""fobvalue"":8040,""primaryValue"":8040,""legacyEstimationFlag"":0,""isReported"":false,""isAggregate"":true}"
,UN Comtrade,https://comtradeapi.un.org/public/v1/preview/C/A/HS?reporterCode=360&flowCode=X&cmdCode=090111&period=2025&includeDesc=true,2026-05-30T18:34:22.015Z,"{""reporters"":[{""endpoint"":""https://comtradeapi.un.org/public/v1/preview/C/A/HS"",""reporterCode"":704,""reporterISO"":""VNM"",""flowCode"":""X"",""cmdCode"":""090111"",""period"":""2020,2021,2022,2023,2024,2025"",""includeDesc"":true},{""endpoint"":""https://comtradeapi.un.org/public/v1/preview/C/A/HS"",""reporterCode"":76,""reporterISO"":""BRA"",""flowCode"":""X"",""cmdCode"":""090111"",""period"":""2020,2021,2022,2023,2024,2025"",""includeDesc"":true},{""endpoint"":""https://comtradeapi.un.org/public/v1/preview/C/A/HS"",""reporterCode"":360,""reporterISO"":""IDN"",""flowCode"":""X"",""cmdCode"":""090111"",""period"":""2020,2021,2022,2023,2024,2025"",""includeDesc"":true}]}",C,A,20250101,2025,360,IDN,Indonesia,51,ARM,Armenia,0,W00,World,X,Export,H6,090111,Coffee; not roasted or decaffeinated,C00,TOTAL CPC,0,TOTAL MOT,8,kg,4315200,4315200,0,20127632.46,true,false,true,"{""typeCode"":""C"",""freqCode"":""A"",""refPeriodId"":20250101,""refYear"":2025,""refMonth"":52,""period"":""2025"",""reporterCode"":360,""reporterISO"":""IDN"",""reporterDesc"":""Indonesia"",""flowCode"":""X"",""flowDesc"":""Export"",""partnerCode"":51,""partnerISO"":""ARM"",""partnerDesc"":""Armenia"",""partner2Code"":0,""partner2ISO"":""W00"",""partner2Desc"":""World"",""classificationCode"":""H6"",""classificationSearchCode"":""HS"",""isOriginalClassification"":true,""cmdCode"":""090111"",""cmdDesc"":""Coffee; not roasted or decaffeinated"",""aggrLevel"":6,""isLeaf"":true,""customsCode"":""C00"",""customsDesc"":""TOTAL CPC"",""mosCode"":""0"",""motCode"":0,""motDesc"":""TOTAL MOT"",""qtyUnitCode"":8,""qtyUnitAbbr"":""kg"",""qty"":4315200,""isQtyEstimated"":false,""altQtyUnitCode"":8,""altQtyUnitAbbr"":""kg"",""altQty"":4315200,""isAltQtyEstimated"":false,""netWgt"":4315200,""isNetWgtEstimated"":false,""grossWgt"":0,""isGrossWgtEstimated"":false,""cifvalue"":null,""fobvalue"":20127632.46,""primaryValue"":20127632.46,""legacyEstimationFlag"":0,""isReported"":false,""isAggregate"":true}"
,UN Comtrade,https://comtradeapi.un.org/public/v1/preview/C/A/HS?reporterCode=360&flowCode=X&cmdCode=090111&period=2025&includeDesc=true,2026-05-30T18:34:22.015Z,"{""reporters"":[{""endpoint"":""https://comtradeapi.un.org/public/v1/preview/C/A/HS"",""reporterCode"":704,""reporterISO"":""VNM"",""flowCode"":""X"",""cmdCode"":""090111"",""period"":""2020,2021,2022,2023,2024,2025"",""includeDesc"":true},{""endpoint"":""https://comtradeapi.un.org/public/v1/preview/C/A/HS"",""reporterCode"":76,""reporterISO"":""BRA"",""flowCode"":""X"",""cmdCode"":""090111"",""period"":""2020,2021,2022,2023,2024,2025"",""includeDesc"":true},{""endpoint"":""https://comtradeapi.un.org/public/v1/preview/C/A/HS"",""reporterCode"":360,""reporterISO"":""IDN"",""flowCode"":""X"",""cmdCode"":""090111"",""period"":""2020,2021,2022,2023,2024,2025"",""includeDesc"":true}]}",C,A,20250101,2025,360,IDN,Indonesia,56,BEL,Belgium,0,W00,World,X,Export,H6,090111,Coffee; not roasted or decaffeinated,C00,TOTAL CPC,0,TOTAL MOT,8,kg,61364290,61364290,0,302264620.09,true,false,true,"{""typeCode"":""C"",""freqCode"":""A"",""refPeriodId"":20250101,""refYear"":2025,""refMonth"":52,""period"":""2025"",""reporterCode"":360,""reporterISO"":""IDN"",""reporterDesc"":""Indonesia"",""flowCode"":""X"",""flowDesc"":""Export"",""partnerCode"":56,""partnerISO"":""BEL"",""partnerDesc"":""Belgium"",""partner2Code"":0,""partner2ISO"":""W00"",""partner2Desc"":""World"",""classificationCode"":""H6"",""classificationSearchCode"":""HS"",""isOriginalClassification"":true,""cmdCode"":""090111"",""cmdDesc"":""Coffee; not roasted or decaffeinated"",""aggrLevel"":6,""isLeaf"":true,""customsCode"":""C00"",""customsDesc"":""TOTAL CPC"",""mosCode"":""0"",""motCode"":0,""motDesc"":""TOTAL MOT"",""qtyUnitCode"":8,""qtyUnitAbbr"":""kg"",""qty"":61364290,""isQtyEstimated"":false,""altQtyUnitCode"":8,""altQtyUnitAbbr"":""kg"",""altQty"":61364290,""isAltQtyEstimated"":false,""netWgt"":61364290,""isNetWgtEstimated"":false,""grossWgt"":0,""isGrossWgtEstimated"":false,""cifvalue"":null,""fobvalue"":302264620.09,""primaryValue"":302264620.09,""legacyEstimationFlag"":0,""isReported"":false,""isAggregate"":true}"
,UN Comtrade,https://comtradeapi.un.org/public/v1/preview/C/A/HS?reporterCode=360&flowCode=X&cmdCode=090111&period=2025&includeDesc=true,2026-05-30T18:34:22.015Z,"{""reporters"":[{""endpoint"":""https://comtradeapi.un.org/public/v1/preview/C/A/HS"",""reporterCode"":704,""reporterISO"":""VNM"",""flowCode"":""X"",""cmdCode"":""090111"",""period"":""2020,2021,2022,2023,2024,2025"",""includeDesc"":true},{""endpoint"":""https://comtradeapi.un.org/public/v1/preview/C/A/HS"",""reporterCode"":76,""reporterISO"":""BRA"",""flowCode"":""X"",""cmdCode"":""090111"",""period"":""2020,2021,2022,2023,2024,2025"",""includeDesc"":true},{""endpoint"":""https://comtradeapi.un.org/public/v1/preview/C/A/HS"",""reporterCode"":360,""reporterISO"":""IDN"",""flowCode"":""X"",""cmdCode"":""090111"",""period"":""2020,2021,2022,2023,2024,2025"",""includeDesc"":true}]}",C,A,20250101,2025,360,IDN,Indonesia,96,BRN,Brunei Darussalam,0,W00,World,X,Export,H6,090111,Coffee; not roasted or decaffeinated,C00,TOTAL CPC,0,TOTAL MOT,8,kg,4309,4309,0,23019.172,true,false,true,"{""typeCode"":""C"",""freqCode"":""A"",""refPeriodId"":20250101,""refYear"":2025,""refMonth"":52,""period"":""2025"",""reporterCode"":360,""reporterISO"":""IDN"",""reporterDesc"":""Indonesia"",""flowCode"":""X"",""flowDesc"":""Export"",""partnerCode"":96,""partnerISO"":""BRN"",""partnerDesc"":""Brunei Darussalam"",""partner2Code"":0,""partner2ISO"":""W00"",""partner2Desc"":""World"",""classificationCode"":""H6"",""classificationSearchCode"":""HS"",""isOriginalClassification"":true,""cmdCode"":""090111"",""cmdDesc"":""Coffee; not roasted or decaffeinated"",""aggrLevel"":6,""isLeaf"":true,""customsCode"":""C00"",""customsDesc"":""TOTAL CPC"",""mosCode"":""0"",""motCode"":0,""motDesc"":""TOTAL MOT"",""qtyUnitCode"":8,""qtyUnitAbbr"":""kg"",""qty"":4309,""isQtyEstimated"":false,""altQtyUnitCode"":8,""altQtyUnitAbbr"":""kg"",""altQty"":4309,""isAltQtyEstimated"":false,""netWgt"":4309,""isNetWgtEstimated"":false,""grossWgt"":0,""isGrossWgtEstimated"":false,""cifvalue"":null,""fobvalue"":23019.172,""primaryValue"":23019.172,""legacyEstimationFlag"":0,""isReported"":false,""isAggregate"":true}"
,UN Comtrade,https://comtradeapi.un.org/public/v1/preview/C/A/HS?reporterCode=360&flowCode=X&cmdCode=090111&period=2025&includeDesc=true,2026-05-30T18:34:22.015Z,"{""reporters"":[{""endpoint"":""https://comtradeapi.un.org/public/v1/preview/C/A/HS"",""reporterCode"":704,""reporterISO"":""VNM"",""flowCode"":""X"",""cmdCode"":""090111"",""period"":""2020,2021,2022,2023,2024,2025"",""includeDesc"":true},{""endpoint"":""https://comtradeapi.un.org/public/v1/preview/C/A/HS"",""reporterCode"":76,""reporterISO"":""BRA"",""flowCode"":""X"",""cmdCode"":""090111"",""period"":""2020,2021,2022,2023,2024,2025"",""includeDesc"":true},{""endpoint"":""https://comtradeapi.un.org/public/v1/preview/C/A/HS"",""reporterCode"":360,""reporterISO"":""IDN"",""flowCode"":""X"",""cmdCode"":""090111"",""period"":""2020,2021,2022,2023,2024,2025"",""includeDesc"":true}]}",C,A,20250101,2025,360,IDN,Indonesia,100,BGR,Bulgaria,0,W00,World,X,Export,H6,090111,Coffee; not roasted or decaffeinated,C00,TOTAL CPC,0,TOTAL MOT,8,kg,345600,345600,0,1744281.6,true,false,true,"{""typeCode"":""C"",""freqCode"":""A"",""refPeriodId"":20250101,""refYear"":2025,""refMonth"":52,""period"":""2025"",""reporterCode"":360,""reporterISO"":""IDN"",""reporterDesc"":""Indonesia"",""flowCode"":""X"",""flowDesc"":""Export"",""partnerCode"":100,""partnerISO"":""BGR"",""partnerDesc"":""Bulgaria"",""partner2Code"":0,""partner2ISO"":""W00"",""partner2Desc"":""World"",""classificationCode"":""H6"",""classificationSearchCode"":""HS"",""isOriginalClassification"":true,""cmdCode"":""090111"",""cmdDesc"":""Coffee; not roasted or decaffeinated"",""aggrLevel"":6,""isLeaf"":true,""customsCode"":""C00"",""customsDesc"":""TOTAL CPC"",""mosCode"":""0"",""motCode"":0,""motDesc"":""TOTAL MOT"",""qtyUnitCode"":8,""qtyUnitAbbr"":""kg"",""qty"":345600,""isQtyEstimated"":false,""altQtyUnitCode"":8,""altQtyUnitAbbr"":""kg"",""altQty"":345600,""isAltQtyEstimated"":false,""netWgt"":345600,""isNetWgtEstimated"":false,""grossWgt"":0,""isGrossWgtEstimated"":false,""cifvalue"":null,""fobvalue"":1744281.6,""primaryValue"":1744281.6,""legacyEstimationFlag"":0,""isReported"":false,""isAggregate"":true}"
,UN Comtrade,https://comtradeapi.un.org/public/v1/preview/C/A/HS?reporterCode=360&flowCode=X&cmdCode=090111&period=2025&includeDesc=true,2026-05-30T18:34:22.015Z,"{""reporters"":[{""endpoint"":""https://comtradeapi.un.org/public/v1/preview/C/A/HS"",""reporterCode"":704,""reporterISO"":""VNM"",""flowCode"":""X"",""cmdCode"":""090111"",""period"":""2020,2021,2022,2023,2024,2025"",""includeDesc"":true},{""endpoint"":""https://comtradeapi.un.org/public/v1/preview/C/A/HS"",""reporterCode"":76,""reporterISO"":""BRA"",""flowCode"":""X"",""cmdCode"":""090111"",""period"":""2020,2021,2022,2023,2024,2025"",""includeDesc"":true},{""endpoint"":""https://comtradeapi.un.org/public/v1/preview/C/A/HS"",""reporterCode"":360,""reporterISO"":""IDN"",""flowCode"":""X"",""cmdCode"":""090111"",""period"":""2020,2021,2022,2023,2024,2025"",""includeDesc"":true}]}",C,A,20250101,2025,360,IDN,Indonesia,116,KHM,Cambodia,0,W00,World,X,Export,H6,090111,Coffee; not roasted or decaffeinated,C00,TOTAL CPC,0,TOTAL MOT,8,kg,33728.15,33728.15,0,213912.581,true,false,true,"{""typeCode"":""C"",""freqCode"":""A"",""refPeriodId"":20250101,""refYear"":2025,""refMonth"":52,""period"":""2025"",""reporterCode"":360,""reporterISO"":""IDN"",""reporterDesc"":""Indonesia"",""flowCode"":""X"",""flowDesc"":""Export"",""partnerCode"":116,""partnerISO"":""KHM"",""partnerDesc"":""Cambodia"",""partner2Code"":0,""partner2ISO"":""W00"",""partner2Desc"":""World"",""classificationCode"":""H6"",""classificationSearchCode"":""HS"",""isOriginalClassification"":true,""cmdCode"":""090111"",""cmdDesc"":""Coffee; not roasted or decaffeinated"",""aggrLevel"":6,""isLeaf"":true,""customsCode"":""C00"",""customsDesc"":""TOTAL CPC"",""mosCode"":""0"",""motCode"":0,""motDesc"":""TOTAL MOT"",""qtyUnitCode"":8,""qtyUnitAbbr"":""kg"",""qty"":33728.15,""isQtyEstimated"":false,""altQtyUnitCode"":8,""altQtyUnitAbbr"":""kg"",""altQty"":33728.15,""isAltQtyEstimated"":false,""netWgt"":33728.15,""isNetWgtEstimated"":false,""grossWgt"":0,""isGrossWgtEstimated"":false,""cifvalue"":null,""fobvalue"":213912.581,""primaryValue"":213912.581,""legacyEstimationFlag"":0,""isReported"":false,""isAggregate"":true}"
,UN Comtrade,https://comtradeapi.un.org/public/v1/preview/C/A/HS?reporterCode=360&flowCode=X&cmdCode=090111&period=2025&includeDesc=true,2026-05-30T18:34:22.015Z,"{""reporters"":[{""endpoint"":""https://comtradeapi.un.org/public/v1/preview/C/A/HS"",""reporterCode"":704,""reporterISO"":""VNM"",""flowCode"":""X"",""cmdCode"":""090111"",""period"":""2020,2021,2022,2023,2024,2025"",""includeDesc"":true},{""endpoint"":""https://comtradeapi.un.org/public/v1/preview/C/A/HS"",""reporterCode"":76,""reporterISO"":""BRA"",""flowCode"":""X"",""cmdCode"":""090111"",""period"":""2020,2021,2022,2023,2024,2025"",""includeDesc"":true},{""endpoint"":""https://comtradeapi.un.org/public/v1/preview/C/A/HS"",""reporterCode"":360,""reporterISO"":""IDN"",""flowCode"":""X"",""cmdCode"":""090111"",""period"":""2020,2021,2022,2023,2024,2025"",""includeDesc"":true}]}",C,A,20250101,2025,360,IDN,Indonesia,124,CAN,Canada,0,W00,World,X,Export,H6,090111,Coffee; not roasted or decaffeinated,C00,TOTAL CPC,0,TOTAL MOT,8,kg,4850428,4850428,0,35587911.916,true,false,true,"{""typeCode"":""C"",""freqCode"":""A"",""refPeriodId"":20250101,""refYear"":2025,""refMonth"":52,""period"":""2025"",""reporterCode"":360,""reporterISO"":""IDN"",""reporterDesc"":""Indonesia"",""flowCode"":""X"",""flowDesc"":""Export"",""partnerCode"":124,""partnerISO"":""CAN"",""partnerDesc"":""Canada"",""partner2Code"":0,""partner2ISO"":""W00"",""partner2Desc"":""World"",""classificationCode"":""H6"",""classificationSearchCode"":""HS"",""isOriginalClassification"":true,""cmdCode"":""090111"",""cmdDesc"":""Coffee; not roasted or decaffeinated"",""aggrLevel"":6,""isLeaf"":true,""customsCode"":""C00"",""customsDesc"":""TOTAL CPC"",""mosCode"":""0"",""motCode"":0,""motDesc"":""TOTAL MOT"",""qtyUnitCode"":8,""qtyUnitAbbr"":""kg"",""qty"":4850428,""isQtyEstimated"":false,""altQtyUnitCode"":8,""altQtyUnitAbbr"":""kg"",""altQty"":4850428,""isAltQtyEstimated"":false,""netWgt"":4850428,""isNetWgtEstimated"":false,""grossWgt"":0,""isGrossWgtEstimated"":false,""cifvalue"":null,""fobvalue"":35587911.916,""primaryValue"":35587911.916,""legacyEstimationFlag"":0,""isReported"":false,""isAggregate"":true}"
,UN Comtrade,https://comtradeapi.un.org/public/v1/preview/C/A/HS?reporterCode=360&flowCode=X&cmdCode=090111&period=2025&includeDesc=true,2026-05-30T18:34:22.015Z,"{""reporters"":[{""endpoint"":""https://comtradeapi.un.org/public/v1/preview/C/A/HS"",""reporterCode"":704,""reporterISO"":""VNM"",""flowCode"":""X"",""cmdCode"":""090111"",""period"":""2020,2021,2022,2023,2024,2025"",""includeDesc"":true},{""endpoint"":""https://comtradeapi.un.org/public/v1/preview/C/A/HS"",""reporterCode"":76,""reporterISO"":""BRA"",""flowCode"":""X"",""cmdCode"":""090111"",""period"":""2020,2021,2022,2023,2024,2025"",""includeDesc"":true},{""endpoint"":""https://comtradeapi.un.org/public/v1/preview/C/A/HS"",""reporterCode"":360,""reporterISO"":""IDN"",""flowCode"":""X"",""cmdCode"":""090111"",""period"":""2020,2021,2022,2023,2024,2025"",""includeDesc"":true}]}",C,A,20250101,2025,360,IDN,Indonesia,132,CPV,Cabo Verde,0,W00,World,X,Export,H6,090111,Coffee; not roasted or decaffeinated,C00,TOTAL CPC,0,TOTAL MOT,8,kg,19200,19200,0,73670.4,true,false,true,"{""typeCode"":""C"",""freqCode"":""A"",""refPeriodId"":20250101,""refYear"":2025,""refMonth"":52,""period"":""2025"",""reporterCode"":360,""reporterISO"":""IDN"",""reporterDesc"":""Indonesia"",""flowCode"":""X"",""flowDesc"":""Export"",""partnerCode"":132,""partnerISO"":""CPV"",""partnerDesc"":""Cabo Verde"",""partner2Code"":0,""partner2ISO"":""W00"",""partner2Desc"":""World"",""classificationCode"":""H6"",""classificationSearchCode"":""HS"",""isOriginalClassification"":true,""cmdCode"":""090111"",""cmdDesc"":""Coffee; not roasted or decaffeinated"",""aggrLevel"":6,""isLeaf"":true,""customsCode"":""C00"",""customsDesc"":""TOTAL CPC"",""mosCode"":""0"",""motCode"":0,""motDesc"":""TOTAL MOT"",""qtyUnitCode"":8,""qtyUnitAbbr"":""kg"",""qty"":19200,""isQtyEstimated"":false,""altQtyUnitCode"":8,""altQtyUnitAbbr"":""kg"",""altQty"":19200,""isAltQtyEstimated"":false,""netWgt"":19200,""isNetWgtEstimated"":false,""grossWgt"":0,""isGrossWgtEstimated"":false,""cifvalue"":null,""fobvalue"":73670.4,""primaryValue"":73670.4,""legacyEstimationFlag"":0,""isReported"":false,""isAggregate"":true}"
,UN Comtrade,https://comtradeapi.un.org/public/v1/preview/C/A/HS?reporterCode=360&flowCode=X&cmdCode=090111&period=2025&includeDesc=true,2026-05-30T18:34:22.015Z,"{""reporters"":[{""endpoint"":""https://comtradeapi.un.org/public/v1/preview/C/A/HS"",""reporterCode"":704,""reporterISO"":""VNM"",""flowCode"":""X"",""cmdCode"":""090111"",""period"":""2020,2021,2022,2023,2024,2025"",""includeDesc"":true},{""endpoint"":""https://comtradeapi.un.org/public/v1/preview/C/A/HS"",""reporterCode"":76,""reporterISO"":""BRA"",""flowCode"":""X"",""cmdCode"":""090111"",""period"":""2020,2021,2022,2023,2024,2025"",""includeDesc"":true},{""endpoint"":""https://comtradeapi.un.org/public/v1/preview/C/A/HS"",""reporterCode"":360,""reporterISO"":""IDN"",""flowCode"":""X"",""cmdCode"":""090111"",""period"":""2020,2021,2022,2023,2024,2025"",""includeDesc"":true}]}",C,A,20250101,2025,360,IDN,Indonesia,156,CHN,China,0,W00,World,X,Export,H6,090111,Coffee; not roasted or decaffeinated,C00,TOTAL CPC,0,TOTAL MOT,8,kg,14888969.55,14888969.55,0,94302302.367,true,false,true,"{""typeCode"":""C"",""freqCode"":""A"",""refPeriodId"":20250101,""refYear"":2025,""refMonth"":52,""period"":""2025"",""reporterCode"":360,""reporterISO"":""IDN"",""reporterDesc"":""Indonesia"",""flowCode"":""X"",""flowDesc"":""Export"",""partnerCode"":156,""partnerISO"":""CHN"",""partnerDesc"":""China"",""partner2Code"":0,""partner2ISO"":""W00"",""partner2Desc"":""World"",""classificationCode"":""H6"",""classificationSearchCode"":""HS"",""isOriginalClassification"":true,""cmdCode"":""090111"",""cmdDesc"":""Coffee; not roasted or decaffeinated"",""aggrLevel"":6,""isLeaf"":true,""customsCode"":""C00"",""customsDesc"":""TOTAL CPC"",""mosCode"":""0"",""motCode"":0,""motDesc"":""TOTAL MOT"",""qtyUnitCode"":8,""qtyUnitAbbr"":""kg"",""qty"":14888969.55,""isQtyEstimated"":false,""altQtyUnitCode"":8,""altQtyUnitAbbr"":""kg"",""altQty"":14888969.55,""isAltQtyEstimated"":false,""netWgt"":14888969.55,""isNetWgtEstimated"":false,""grossWgt"":0,""isGrossWgtEstimated"":false,""cifvalue"":null,""fobvalue"":94302302.367,""primaryValue"":94302302.367,""legacyEstimationFlag"":0,""isReported"":false,""isAggregate"":true}"
,UN Comtrade,https://comtradeapi.un.org/public/v1/preview/C/A/HS?reporterCode=360&flowCode=X&cmdCode=090111&period=2025&includeDesc=true,2026-05-30T18:34:22.015Z,"{""reporters"":[{""endpoint"":""https://comtradeapi.un.org/public/v1/preview/C/A/HS"",""reporterCode"":704,""reporterISO"":""VNM"",""flowCode"":""X"",""cmdCode"":""090111"",""period"":""2020,2021,2022,2023,2024,2025"",""includeDesc"":true},{""endpoint"":""https://comtradeapi.un.org/public/v1/preview/C/A/HS"",""reporterCode"":76,""reporterISO"":""BRA"",""flowCode"":""X"",""cmdCode"":""090111"",""period"":""2020,2021,2022,2023,2024,2025"",""includeDesc"":true},{""endpoint"":""https://comtradeapi.un.org/public/v1/preview/C/A/HS"",""reporterCode"":360,""reporterISO"":""IDN"",""flowCode"":""X"",""cmdCode"":""090111"",""period"":""2020,2021,2022,2023,2024,2025"",""includeDesc"":true}]}",C,A,20250101,2025,360,IDN,Indonesia,203,CZE,Czechia,0,W00,World,X,Export,H6,090111,Coffee; not roasted or decaffeinated,C00,TOTAL CPC,0,TOTAL MOT,8,kg,25535,25535,0,315230.677,true,false,true,"{""typeCode"":""C"",""freqCode"":""A"",""refPeriodId"":20250101,""refYear"":2025,""refMonth"":52,""period"":""2025"",""reporterCode"":360,""reporterISO"":""IDN"",""reporterDesc"":""Indonesia"",""flowCode"":""X"",""flowDesc"":""Export"",""partnerCode"":203,""partnerISO"":""CZE"",""partnerDesc"":""Czechia"",""partner2Code"":0,""partner2ISO"":""W00"",""partner2Desc"":""World"",""classificationCode"":""H6"",""classificationSearchCode"":""HS"",""isOriginalClassification"":true,""cmdCode"":""090111"",""cmdDesc"":""Coffee; not roasted or decaffeinated"",""aggrLevel"":6,""isLeaf"":true,""customsCode"":""C00"",""customsDesc"":""TOTAL CPC"",""mosCode"":""0"",""motCode"":0,""motDesc"":""TOTAL MOT"",""qtyUnitCode"":8,""qtyUnitAbbr"":""kg"",""qty"":25535,""isQtyEstimated"":false,""altQtyUnitCode"":8,""altQtyUnitAbbr"":""kg"",""altQty"":25535,""isAltQtyEstimated"":false,""netWgt"":25535,""isNetWgtEstimated"":false,""grossWgt"":0,""isGrossWgtEstimated"":false,""cifvalue"":null,""fobvalue"":315230.677,""primaryValue"":315230.677,""legacyEstimationFlag"":0,""isReported"":false,""isAggregate"":true}"
,UN Comtrade,https://comtradeapi.un.org/public/v1/preview/C/A/HS?reporterCode=360&flowCode=X&cmdCode=090111&period=2025&includeDesc=true,2026-05-30T18:34:22.015Z,"{""reporters"":[{""endpoint"":""https://comtradeapi.un.org/public/v1/preview/C/A/HS"",""reporterCode"":704,""reporterISO"":""VNM"",""flowCode"":""X"",""cmdCode"":""090111"",""period"":""2020,2021,2022,2023,2024,2025"",""includeDesc"":true},{""endpoint"":""https://comtradeapi.un.org/public/v1/preview/C/A/HS"",""reporterCode"":76,""reporterISO"":""BRA"",""flowCode"":""X"",""cmdCode"":""090111"",""period"":""2020,2021,2022,2023,2024,2025"",""includeDesc"":true},{""endpoint"":""https://comtradeapi.un.org/public/v1/preview/C/A/HS"",""reporterCode"":360,""reporterISO"":""IDN"",""flowCode"":""X"",""cmdCode"":""090111"",""period"":""2020,2021,2022,2023,2024,2025"",""includeDesc"":true}]}",C,A,20250101,2025,360,IDN,Indonesia,208,DNK,Denmark,0,W00,World,X,Export,H6,090111,Coffee; not roasted or decaffeinated,C00,TOTAL CPC,0,TOTAL MOT,8,kg,140025,140025,0,1109317.678,true,false,true,"{""typeCode"":""C"",""freqCode"":""A"",""refPeriodId"":20250101,""refYear"":2025,""refMonth"":52,""period"":""2025"",""reporterCode"":360,""reporterISO"":""IDN"",""reporterDesc"":""Indonesia"",""flowCode"":""X"",""flowDesc"":""Export"",""partnerCode"":208,""partnerISO"":""DNK"",""partnerDesc"":""Denmark"",""partner2Code"":0,""partner2ISO"":""W00"",""partner2Desc"":""World"",""classificationCode"":""H6"",""classificationSearchCode"":""HS"",""isOriginalClassification"":true,""cmdCode"":""090111"",""cmdDesc"":""Coffee; not roasted or decaffeinated"",""aggrLevel"":6,""isLeaf"":true,""customsCode"":""C00"",""customsDesc"":""TOTAL CPC"",""mosCode"":""0"",""motCode"":0,""motDesc"":""TOTAL MOT"",""qtyUnitCode"":8,""qtyUnitAbbr"":""kg"",""qty"":140025,""isQtyEstimated"":false,""altQtyUnitCode"":8,""altQtyUnitAbbr"":""kg"",""altQty"":140025,""isAltQtyEstimated"":false,""netWgt"":140025,""isNetWgtEstimated"":false,""grossWgt"":0,""isGrossWgtEstimated"":false,""cifvalue"":null,""fobvalue"":1109317.678,""primaryValue"":1109317.678,""legacyEstimationFlag"":0,""isReported"":false,""isAggregate"":true}"
,UN Comtrade,https://comtradeapi.un.org/public/v1/preview/C/A/HS?reporterCode=360&flowCode=X&cmdCode=090111&period=2025&includeDesc=true,2026-05-30T18:34:22.015Z,"{""reporters"":[{""endpoint"":""https://comtradeapi.un.org/public/v1/preview/C/A/HS"",""reporterCode"":704,""reporterISO"":""VNM"",""flowCode"":""X"",""cmdCode"":""090111"",""period"":""2020,2021,2022,2023,2024,2025"",""includeDesc"":true},{""endpoint"":""https://comtradeapi.un.org/public/v1/preview/C/A/HS"",""reporterCode"":76,""reporterISO"":""BRA"",""flowCode"":""X"",""cmdCode"":""090111"",""period"":""2020,2021,2022,2023,2024,2025"",""includeDesc"":true},{""endpoint"":""https://comtradeapi.un.org/public/v1/preview/C/A/HS"",""reporterCode"":360,""reporterISO"":""IDN"",""flowCode"":""X"",""cmdCode"":""090111"",""period"":""2020,2021,2022,2023,2024,2025"",""includeDesc"":true}]}",C,A,20250101,2025,360,IDN,Indonesia,218,ECU,Ecuador,0,W00,World,X,Export,H6,090111,Coffee; not roasted or decaffeinated,C00,TOTAL CPC,0,TOTAL MOT,8,kg,1236200,1236200,0,5361775.55,true,false,true,"{""typeCode"":""C"",""freqCode"":""A"",""refPeriodId"":20250101,""refYear"":2025,""refMonth"":52,""period"":""2025"",""reporterCode"":360,""reporterISO"":""IDN"",""reporterDesc"":""Indonesia"",""flowCode"":""X"",""flowDesc"":""Export"",""partnerCode"":218,""partnerISO"":""ECU"",""partnerDesc"":""Ecuador"",""partner2Code"":0,""partner2ISO"":""W00"",""partner2Desc"":""World"",""classificationCode"":""H6"",""classificationSearchCode"":""HS"",""isOriginalClassification"":true,""cmdCode"":""090111"",""cmdDesc"":""Coffee; not roasted or decaffeinated"",""aggrLevel"":6,""isLeaf"":true,""customsCode"":""C00"",""customsDesc"":""TOTAL CPC"",""mosCode"":""0"",""motCode"":0,""motDesc"":""TOTAL MOT"",""qtyUnitCode"":8,""qtyUnitAbbr"":""kg"",""qty"":1236200,""isQtyEstimated"":false,""altQtyUnitCode"":8,""altQtyUnitAbbr"":""kg"",""altQty"":1236200,""isAltQtyEstimated"":false,""netWgt"":1236200,""isNetWgtEstimated"":false,""grossWgt"":0,""isGrossWgtEstimated"":false,""cifvalue"":null,""fobvalue"":5361775.55,""primaryValue"":5361775.55,""legacyEstimationFlag"":0,""isReported"":false,""isAggregate"":true}"
,UN Comtrade,https://comtradeapi.un.org/public/v1/preview/C/A/HS?reporterCode=360&flowCode=X&cmdCode=090111&period=2025&includeDesc=true,2026-05-30T18:34:22.015Z,"{""reporters"":[{""endpoint"":""https://comtradeapi.un.org/public/v1/preview/C/A/HS"",""reporterCode"":704,""reporterISO"":""VNM"",""flowCode"":""X"",""cmdCode"":""090111"",""period"":""2020,2021,2022,2023,2024,2025"",""includeDesc"":true},{""endpoint"":""https://comtradeapi.un.org/public/v1/preview/C/A/HS"",""reporterCode"":76,""reporterISO"":""BRA"",""flowCode"":""X"",""cmdCode"":""090111"",""period"":""2020,2021,2022,2023,2024,2025"",""includeDesc"":true},{""endpoint"":""https://comtradeapi.un.org/public/v1/preview/C/A/HS"",""reporterCode"":360,""reporterISO"":""IDN"",""flowCode"":""X"",""cmdCode"":""090111"",""period"":""2020,2021,2022,2023,2024,2025"",""includeDesc"":true}]}",C,A,20250101,2025,360,IDN,Indonesia,233,EST,Estonia,0,W00,World,X,Export,H6,090111,Coffee; not roasted or decaffeinated,C00,TOTAL CPC,0,TOTAL MOT,8,kg,18600,18600,0,82770,true,false,true,"{""typeCode"":""C"",""freqCode"":""A"",""refPeriodId"":20250101,""refYear"":2025,""refMonth"":52,""period"":""2025"",""reporterCode"":360,""reporterISO"":""IDN"",""reporterDesc"":""Indonesia"",""flowCode"":""X"",""flowDesc"":""Export"",""partnerCode"":233,""partnerISO"":""EST"",""partnerDesc"":""Estonia"",""partner2Code"":0,""partner2ISO"":""W00"",""partner2Desc"":""World"",""classificationCode"":""H6"",""classificationSearchCode"":""HS"",""isOriginalClassification"":true,""cmdCode"":""090111"",""cmdDesc"":""Coffee; not roasted or decaffeinated"",""aggrLevel"":6,""isLeaf"":true,""customsCode"":""C00"",""customsDesc"":""TOTAL CPC"",""mosCode"":""0"",""motCode"":0,""motDesc"":""TOTAL MOT"",""qtyUnitCode"":8,""qtyUnitAbbr"":""kg"",""qty"":18600,""isQtyEstimated"":false,""altQtyUnitCode"":8,""altQtyUnitAbbr"":""kg"",""altQty"":18600,""isAltQtyEstimated"":false,""netWgt"":18600,""isNetWgtEstimated"":false,""grossWgt"":0,""isGrossWgtEstimated"":false,""cifvalue"":null,""fobvalue"":82770,""primaryValue"":82770,""legacyEstimationFlag"":0,""isReported"":false,""isAggregate"":true}"
,UN Comtrade,https://comtradeapi.un.org/public/v1/preview/C/A/HS?reporterCode=360&flowCode=X&cmdCode=090111&period=2025&includeDesc=true,2026-05-30T18:34:22.015Z,"{""reporters"":[{""endpoint"":""https://comtradeapi.un.org/public/v1/preview/C/A/HS"",""reporterCode"":704,""reporterISO"":""VNM"",""flowCode"":""X"",""cmdCode"":""090111"",""period"":""2020,2021,2022,2023,2024,2025"",""includeDesc"":true},{""endpoint"":""https://comtradeapi.un.org/public/v1/preview/C/A/HS"",""reporterCode"":76,""reporterISO"":""BRA"",""flowCode"":""X"",""cmdCode"":""090111"",""period"":""2020,2021,2022,2023,2024,2025"",""includeDesc"":true},{""endpoint"":""https://comtradeapi.un.org/public/v1/preview/C/A/HS"",""reporterCode"":360,""reporterISO"":""IDN"",""flowCode"":""X"",""cmdCode"":""090111"",""period"":""2020,2021,2022,2023,2024,2025"",""includeDesc"":true}]}",C,A,20250101,2025,360,IDN,Indonesia,246,FIN,Finland,0,W00,World,X,Export,H6,090111,Coffee; not roasted or decaffeinated,C00,TOTAL CPC,0,TOTAL MOT,8,kg,800,800,0,7960,true,false,true,"{""typeCode"":""C"",""freqCode"":""A"",""refPeriodId"":20250101,""refYear"":2025,""refMonth"":52,""period"":""2025"",""reporterCode"":360,""reporterISO"":""IDN"",""reporterDesc"":""Indonesia"",""flowCode"":""X"",""flowDesc"":""Export"",""partnerCode"":246,""partnerISO"":""FIN"",""partnerDesc"":""Finland"",""partner2Code"":0,""partner2ISO"":""W00"",""partner2Desc"":""World"",""classificationCode"":""H6"",""classificationSearchCode"":""HS"",""isOriginalClassification"":true,""cmdCode"":""090111"",""cmdDesc"":""Coffee; not roasted or decaffeinated"",""aggrLevel"":6,""isLeaf"":true,""customsCode"":""C00"",""customsDesc"":""TOTAL CPC"",""mosCode"":""0"",""motCode"":0,""motDesc"":""TOTAL MOT"",""qtyUnitCode"":8,""qtyUnitAbbr"":""kg"",""qty"":800,""isQtyEstimated"":false,""altQtyUnitCode"":8,""altQtyUnitAbbr"":""kg"",""altQty"":800,""isAltQtyEstimated"":false,""netWgt"":800,""isNetWgtEstimated"":false,""grossWgt"":0,""isGrossWgtEstimated"":false,""cifvalue"":null,""fobvalue"":7960,""primaryValue"":7960,""legacyEstimationFlag"":0,""isReported"":false,""isAggregate"":true}"
,UN Comtrade,https://comtradeapi.un.org/public/v1/preview/C/A/HS?reporterCode=360&flowCode=X&cmdCode=090111&period=2025&includeDesc=true,2026-05-30T18:34:22.015Z,"{""reporters"":[{""endpoint"":""https://comtradeapi.un.org/public/v1/preview/C/A/HS"",""reporterCode"":704,""reporterISO"":""VNM"",""flowCode"":""X"",""cmdCode"":""090111"",""period"":""2020,2021,2022,2023,2024,2025"",""includeDesc"":true},{""endpoint"":""https://comtradeapi.un.org/public/v1/preview/C/A/HS"",""reporterCode"":76,""reporterISO"":""BRA"",""flowCode"":""X"",""cmdCode"":""090111"",""period"":""2020,2021,2022,2023,2024,2025"",""includeDesc"":true},{""endpoint"":""https://comtradeapi.un.org/public/v1/preview/C/A/HS"",""reporterCode"":360,""reporterISO"":""IDN"",""flowCode"":""X"",""cmdCode"":""090111"",""period"":""2020,2021,2022,2023,2024,2025"",""includeDesc"":true}]}",C,A,20250101,2025,360,IDN,Indonesia,251,FRA,France,0,W00,World,X,Export,H6,090111,Coffee; not roasted or decaffeinated,C00,TOTAL CPC,0,TOTAL MOT,8,kg,4169000,4169000,0,26145856.85,true,false,true,"{""typeCode"":""C"",""freqCode"":""A"",""refPeriodId"":20250101,""refYear"":2025,""refMonth"":52,""period"":""2025"",""reporterCode"":360,""reporterISO"":""IDN"",""reporterDesc"":""Indonesia"",""flowCode"":""X"",""flowDesc"":""Export"",""partnerCode"":251,""partnerISO"":""FRA"",""partnerDesc"":""France"",""partner2Code"":0,""partner2ISO"":""W00"",""partner2Desc"":""World"",""classificationCode"":""H6"",""classificationSearchCode"":""HS"",""isOriginalClassification"":true,""cmdCode"":""090111"",""cmdDesc"":""Coffee; not roasted or decaffeinated"",""aggrLevel"":6,""isLeaf"":true,""customsCode"":""C00"",""customsDesc"":""TOTAL CPC"",""mosCode"":""0"",""motCode"":0,""motDesc"":""TOTAL MOT"",""qtyUnitCode"":8,""qtyUnitAbbr"":""kg"",""qty"":4169000,""isQtyEstimated"":false,""altQtyUnitCode"":8,""altQtyUnitAbbr"":""kg"",""altQty"":4169000,""isAltQtyEstimated"":false,""netWgt"":4169000,""isNetWgtEstimated"":false,""grossWgt"":0,""isGrossWgtEstimated"":false,""cifvalue"":null,""fobvalue"":26145856.85,""primaryValue"":26145856.85,""legacyEstimationFlag"":0,""isReported"":false,""isAggregate"":true}"
,UN Comtrade,https://comtradeapi.un.org/public/v1/preview/C/A/HS?reporterCode=360&flowCode=X&cmdCode=090111&period=2025&includeDesc=true,2026-05-30T18:34:22.015Z,"{""reporters"":[{""endpoint"":""https://comtradeapi.un.org/public/v1/preview/C/A/HS"",""reporterCode"":704,""reporterISO"":""VNM"",""flowCode"":""X"",""cmdCode"":""090111"",""period"":""2020,2021,2022,2023,2024,2025"",""includeDesc"":true},{""endpoint"":""https://comtradeapi.un.org/public/v1/preview/C/A/HS"",""reporterCode"":76,""reporterISO"":""BRA"",""flowCode"":""X"",""cmdCode"":""090111"",""period"":""2020,2021,2022,2023,2024,2025"",""includeDesc"":true},{""endpoint"":""https://comtradeapi.un.org/public/v1/preview/C/A/HS"",""reporterCode"":360,""reporterISO"":""IDN"",""flowCode"":""X"",""cmdCode"":""090111"",""period"":""2020,2021,2022,2023,2024,2025"",""includeDesc"":true}]}",C,A,20250101,2025,360,IDN,Indonesia,268,GEO,Georgia,0,W00,World,X,Export,H6,090111,Coffee; not roasted or decaffeinated,C00,TOTAL CPC,0,TOTAL MOT,8,kg,11549000,11549000,0,52694776.52,true,false,true,"{""typeCode"":""C"",""freqCode"":""A"",""refPeriodId"":20250101,""refYear"":2025,""refMonth"":52,""period"":""2025"",""reporterCode"":360,""reporterISO"":""IDN"",""reporterDesc"":""Indonesia"",""flowCode"":""X"",""flowDesc"":""Export"",""partnerCode"":268,""partnerISO"":""GEO"",""partnerDesc"":""Georgia"",""partner2Code"":0,""partner2ISO"":""W00"",""partner2Desc"":""World"",""classificationCode"":""H6"",""classificationSearchCode"":""HS"",""isOriginalClassification"":true,""cmdCode"":""090111"",""cmdDesc"":""Coffee; not roasted or decaffeinated"",""aggrLevel"":6,""isLeaf"":true,""customsCode"":""C00"",""customsDesc"":""TOTAL CPC"",""mosCode"":""0"",""motCode"":0,""motDesc"":""TOTAL MOT"",""qtyUnitCode"":8,""qtyUnitAbbr"":""kg"",""qty"":11549000,""isQtyEstimated"":false,""altQtyUnitCode"":8,""altQtyUnitAbbr"":""kg"",""altQty"":11549000,""isAltQtyEstimated"":false,""netWgt"":11549000,""isNetWgtEstimated"":false,""grossWgt"":0,""isGrossWgtEstimated"":false,""cifvalue"":null,""fobvalue"":52694776.52,""primaryValue"":52694776.52,""legacyEstimationFlag"":0,""isReported"":false,""isAggregate"":true}"
,UN Comtrade,https://comtradeapi.un.org/public/v1/preview/C/A/HS?reporterCode=360&flowCode=X&cmdCode=090111&period=2025&includeDesc=true,2026-05-30T18:34:22.015Z,"{""reporters"":[{""endpoint"":""https://comtradeapi.un.org/public/v1/preview/C/A/HS"",""reporterCode"":704,""reporterISO"":""VNM"",""flowCode"":""X"",""cmdCode"":""090111"",""period"":""2020,2021,2022,2023,2024,2025"",""includeDesc"":true},{""endpoint"":""https://comtradeapi.un.org/public/v1/preview/C/A/HS"",""reporterCode"":76,""reporterISO"":""BRA"",""flowCode"":""X"",""cmdCode"":""090111"",""period"":""2020,2021,2022,2023,2024,2025"",""includeDesc"":true},{""endpoint"":""https://comtradeapi.un.org/public/v1/preview/C/A/HS"",""reporterCode"":360,""reporterISO"":""IDN"",""flowCode"":""X"",""cmdCode"":""090111"",""period"":""2020,2021,2022,2023,2024,2025"",""includeDesc"":true}]}",C,A,20250101,2025,360,IDN,Indonesia,276,DEU,Germany,0,W00,World,X,Export,H6,090111,Coffee; not roasted or decaffeinated,C00,TOTAL CPC,0,TOTAL MOT,8,kg,53671403,53671403,0,242946312.256,true,false,true,"{""typeCode"":""C"",""freqCode"":""A"",""refPeriodId"":20250101,""refYear"":2025,""refMonth"":52,""period"":""2025"",""reporterCode"":360,""reporterISO"":""IDN"",""reporterDesc"":""Indonesia"",""flowCode"":""X"",""flowDesc"":""Export"",""partnerCode"":276,""partnerISO"":""DEU"",""partnerDesc"":""Germany"",""partner2Code"":0,""partner2ISO"":""W00"",""partner2Desc"":""World"",""classificationCode"":""H6"",""classificationSearchCode"":""HS"",""isOriginalClassification"":true,""cmdCode"":""090111"",""cmdDesc"":""Coffee; not roasted or decaffeinated"",""aggrLevel"":6,""isLeaf"":true,""customsCode"":""C00"",""customsDesc"":""TOTAL CPC"",""mosCode"":""0"",""motCode"":0,""motDesc"":""TOTAL MOT"",""qtyUnitCode"":8,""qtyUnitAbbr"":""kg"",""qty"":53671403,""isQtyEstimated"":false,""altQtyUnitCode"":8,""altQtyUnitAbbr"":""kg"",""altQty"":53671403,""isAltQtyEstimated"":false,""netWgt"":53671403,""isNetWgtEstimated"":false,""grossWgt"":0,""isGrossWgtEstimated"":false,""cifvalue"":null,""fobvalue"":242946312.256,""primaryValue"":242946312.256,""legacyEstimationFlag"":0,""isReported"":false,""isAggregate"":true}"
,UN Comtrade,https://comtradeapi.un.org/public/v1/preview/C/A/HS?reporterCode=360&flowCode=X&cmdCode=090111&period=2025&includeDesc=true,2026-05-30T18:34:22.015Z,"{""reporters"":[{""endpoint"":""https://comtradeapi.un.org/public/v1/preview/C/A/HS"",""reporterCode"":704,""reporterISO"":""VNM"",""flowCode"":""X"",""cmdCode"":""090111"",""period"":""2020,2021,2022,2023,2024,2025"",""includeDesc"":true},{""endpoint"":""https://comtradeapi.un.org/public/v1/preview/C/A/HS"",""reporterCode"":76,""reporterISO"":""BRA"",""flowCode"":""X"",""cmdCode"":""090111"",""period"":""2020,2021,2022,2023,2024,2025"",""includeDesc"":true},{""endpoint"":""https://comtradeapi.un.org/public/v1/preview/C/A/HS"",""reporterCode"":360,""reporterISO"":""IDN"",""flowCode"":""X"",""cmdCode"":""090111"",""period"":""2020,2021,2022,2023,2024,2025"",""includeDesc"":true}]}",C,A,20250101,2025,360,IDN,Indonesia,288,GHA,Ghana,0,W00,World,X,Export,H6,090111,Coffee; not roasted or decaffeinated,C00,TOTAL CPC,0,TOTAL MOT,8,kg,132,132,0,3358.9,true,false,true,"{""typeCode"":""C"",""freqCode"":""A"",""refPeriodId"":20250101,""refYear"":2025,""refMonth"":52,""period"":""2025"",""reporterCode"":360,""reporterISO"":""IDN"",""reporterDesc"":""Indonesia"",""flowCode"":""X"",""flowDesc"":""Export"",""partnerCode"":288,""partnerISO"":""GHA"",""partnerDesc"":""Ghana"",""partner2Code"":0,""partner2ISO"":""W00"",""partner2Desc"":""World"",""classificationCode"":""H6"",""classificationSearchCode"":""HS"",""isOriginalClassification"":true,""cmdCode"":""090111"",""cmdDesc"":""Coffee; not roasted or decaffeinated"",""aggrLevel"":6,""isLeaf"":true,""customsCode"":""C00"",""customsDesc"":""TOTAL CPC"",""mosCode"":""0"",""motCode"":0,""motDesc"":""TOTAL MOT"",""qtyUnitCode"":8,""qtyUnitAbbr"":""kg"",""qty"":132,""isQtyEstimated"":false,""altQtyUnitCode"":8,""altQtyUnitAbbr"":""kg"",""altQty"":132,""isAltQtyEstimated"":false,""netWgt"":132,""isNetWgtEstimated"":false,""grossWgt"":0,""isGrossWgtEstimated"":false,""cifvalue"":null,""fobvalue"":3358.9,""primaryValue"":3358.9,""legacyEstimationFlag"":0,""isReported"":false,""isAggregate"":true}"
,UN Comtrade,https://comtradeapi.un.org/public/v1/preview/C/A/HS?reporterCode=360&flowCode=X&cmdCode=090111&period=2025&includeDesc=true,2026-05-30T18:34:22.015Z,"{""reporters"":[{""endpoint"":""https://comtradeapi.un.org/public/v1/preview/C/A/HS"",""reporterCode"":704,""reporterISO"":""VNM"",""flowCode"":""X"",""cmdCode"":""090111"",""period"":""2020,2021,2022,2023,2024,2025"",""includeDesc"":true},{""endpoint"":""https://comtradeapi.un.org/public/v1/preview/C/A/HS"",""reporterCode"":76,""reporterISO"":""BRA"",""flowCode"":""X"",""cmdCode"":""090111"",""period"":""2020,2021,2022,2023,2024,2025"",""includeDesc"":true},{""endpoint"":""https://comtradeapi.un.org/public/v1/preview/C/A/HS"",""reporterCode"":360,""reporterISO"":""IDN"",""flowCode"":""X"",""cmdCode"":""090111"",""period"":""2020,2021,2022,2023,2024,2025"",""includeDesc"":true}]}",C,A,20250101,2025,360,IDN,Indonesia,300,GRC,Greece,0,W00,World,X,Export,H6,090111,Coffee; not roasted or decaffeinated,C00,TOTAL CPC,0,TOTAL MOT,8,kg,582950,582950,0,2673157.8,true,false,true,"{""typeCode"":""C"",""freqCode"":""A"",""refPeriodId"":20250101,""refYear"":2025,""refMonth"":52,""period"":""2025"",""reporterCode"":360,""reporterISO"":""IDN"",""reporterDesc"":""Indonesia"",""flowCode"":""X"",""flowDesc"":""Export"",""partnerCode"":300,""partnerISO"":""GRC"",""partnerDesc"":""Greece"",""partner2Code"":0,""partner2ISO"":""W00"",""partner2Desc"":""World"",""classificationCode"":""H6"",""classificationSearchCode"":""HS"",""isOriginalClassification"":true,""cmdCode"":""090111"",""cmdDesc"":""Coffee; not roasted or decaffeinated"",""aggrLevel"":6,""isLeaf"":true,""customsCode"":""C00"",""customsDesc"":""TOTAL CPC"",""mosCode"":""0"",""motCode"":0,""motDesc"":""TOTAL MOT"",""qtyUnitCode"":8,""qtyUnitAbbr"":""kg"",""qty"":582950,""isQtyEstimated"":false,""altQtyUnitCode"":8,""altQtyUnitAbbr"":""kg"",""altQty"":582950,""isAltQtyEstimated"":false,""netWgt"":582950,""isNetWgtEstimated"":false,""grossWgt"":0,""isGrossWgtEstimated"":false,""cifvalue"":null,""fobvalue"":2673157.8,""primaryValue"":2673157.8,""legacyEstimationFlag"":0,""isReported"":false,""isAggregate"":true}"
,UN Comtrade,https://comtradeapi.un.org/public/v1/preview/C/A/HS?reporterCode=360&flowCode=X&cmdCode=090111&period=2025&includeDesc=true,2026-05-30T18:34:22.015Z,"{""reporters"":[{""endpoint"":""https://comtradeapi.un.org/public/v1/preview/C/A/HS"",""reporterCode"":704,""reporterISO"":""VNM"",""flowCode"":""X"",""cmdCode"":""090111"",""period"":""2020,2021,2022,2023,2024,2025"",""includeDesc"":true},{""endpoint"":""https://comtradeapi.un.org/public/v1/preview/C/A/HS"",""reporterCode"":76,""reporterISO"":""BRA"",""flowCode"":""X"",""cmdCode"":""090111"",""period"":""2020,2021,2022,2023,2024,2025"",""includeDesc"":true},{""endpoint"":""https://comtradeapi.un.org/public/v1/preview/C/A/HS"",""reporterCode"":360,""reporterISO"":""IDN"",""flowCode"":""X"",""cmdCode"":""090111"",""period"":""2020,2021,2022,2023,2024,2025"",""includeDesc"":true}]}",C,A,20250101,2025,360,IDN,Indonesia,344,HKG,"China, Hong Kong SAR",0,W00,World,X,Export,H6,090111,Coffee; not roasted or decaffeinated,C00,TOTAL CPC,0,TOTAL MOT,8,kg,1722118.9,1722118.9,0,8346811.04,true,false,true,"{""typeCode"":""C"",""freqCode"":""A"",""refPeriodId"":20250101,""refYear"":2025,""refMonth"":52,""period"":""2025"",""reporterCode"":360,""reporterISO"":""IDN"",""reporterDesc"":""Indonesia"",""flowCode"":""X"",""flowDesc"":""Export"",""partnerCode"":344,""partnerISO"":""HKG"",""partnerDesc"":""China, Hong Kong SAR"",""partner2Code"":0,""partner2ISO"":""W00"",""partner2Desc"":""World"",""classificationCode"":""H6"",""classificationSearchCode"":""HS"",""isOriginalClassification"":true,""cmdCode"":""090111"",""cmdDesc"":""Coffee; not roasted or decaffeinated"",""aggrLevel"":6,""isLeaf"":true,""customsCode"":""C00"",""customsDesc"":""TOTAL CPC"",""mosCode"":""0"",""motCode"":0,""motDesc"":""TOTAL MOT"",""qtyUnitCode"":8,""qtyUnitAbbr"":""kg"",""qty"":1722118.9,""isQtyEstimated"":false,""altQtyUnitCode"":8,""altQtyUnitAbbr"":""kg"",""altQty"":1722118.9,""isAltQtyEstimated"":false,""netWgt"":1722118.9,""isNetWgtEstimated"":false,""grossWgt"":0,""isGrossWgtEstimated"":false,""cifvalue"":null,""fobvalue"":8346811.04,""primaryValue"":8346811.04,""legacyEstimationFlag"":0,""isReported"":false,""isAggregate"":true}"
,UN Comtrade,https://comtradeapi.un.org/public/v1/preview/C/A/HS?reporterCode=360&flowCode=X&cmdCode=090111&period=2025&includeDesc=true,2026-05-30T18:34:22.015Z,"{""reporters"":[{""endpoint"":""https://comtradeapi.un.org/public/v1/preview/C/A/HS"",""reporterCode"":704,""reporterISO"":""VNM"",""flowCode"":""X"",""cmdCode"":""090111"",""period"":""2020,2021,2022,2023,2024,2025"",""includeDesc"":true},{""endpoint"":""https://comtradeapi.un.org/public/v1/preview/C/A/HS"",""reporterCode"":76,""reporterISO"":""BRA"",""flowCode"":""X"",""cmdCode"":""090111"",""period"":""2020,2021,2022,2023,2024,2025"",""includeDesc"":true},{""endpoint"":""https://comtradeapi.un.org/public/v1/preview/C/A/HS"",""reporterCode"":360,""reporterISO"":""IDN"",""flowCode"":""X"",""cmdCode"":""090111"",""period"":""2020,2021,2022,2023,2024,2025"",""includeDesc"":true}]}",C,A,20250101,2025,360,IDN,Indonesia,348,HUN,Hungary,0,W00,World,X,Export,H6,090111,Coffee; not roasted or decaffeinated,C00,TOTAL CPC,0,TOTAL MOT,8,kg,9,9,0,60,true,false,true,"{""typeCode"":""C"",""freqCode"":""A"",""refPeriodId"":20250101,""refYear"":2025,""refMonth"":52,""period"":""2025"",""reporterCode"":360,""reporterISO"":""IDN"",""reporterDesc"":""Indonesia"",""flowCode"":""X"",""flowDesc"":""Export"",""partnerCode"":348,""partnerISO"":""HUN"",""partnerDesc"":""Hungary"",""partner2Code"":0,""partner2ISO"":""W00"",""partner2Desc"":""World"",""classificationCode"":""H6"",""classificationSearchCode"":""HS"",""isOriginalClassification"":true,""cmdCode"":""090111"",""cmdDesc"":""Coffee; not roasted or decaffeinated"",""aggrLevel"":6,""isLeaf"":true,""customsCode"":""C00"",""customsDesc"":""TOTAL CPC"",""mosCode"":""0"",""motCode"":0,""motDesc"":""TOTAL MOT"",""qtyUnitCode"":8,""qtyUnitAbbr"":""kg"",""qty"":9,""isQtyEstimated"":false,""altQtyUnitCode"":8,""altQtyUnitAbbr"":""kg"",""altQty"":9,""isAltQtyEstimated"":false,""netWgt"":9,""isNetWgtEstimated"":false,""grossWgt"":0,""isGrossWgtEstimated"":false,""cifvalue"":null,""fobvalue"":60,""primaryValue"":60,""legacyEstimationFlag"":0,""isReported"":false,""isAggregate"":true}"
,UN Comtrade,https://comtradeapi.un.org/public/v1/preview/C/A/HS?reporterCode=360&flowCode=X&cmdCode=090111&period=2025&includeDesc=true,2026-05-30T18:34:22.015Z,"{""reporters"":[{""endpoint"":""https://comtradeapi.un.org/public/v1/preview/C/A/HS"",""reporterCode"":704,""reporterISO"":""VNM"",""flowCode"":""X"",""cmdCode"":""090111"",""period"":""2020,2021,2022,2023,2024,2025"",""includeDesc"":true},{""endpoint"":""https://comtradeapi.un.org/public/v1/preview/C/A/HS"",""reporterCode"":76,""reporterISO"":""BRA"",""flowCode"":""X"",""cmdCode"":""090111"",""period"":""2020,2021,2022,2023,2024,2025"",""includeDesc"":true},{""endpoint"":""https://comtradeapi.un.org/public/v1/preview/C/A/HS"",""reporterCode"":360,""reporterISO"":""IDN"",""flowCode"":""X"",""cmdCode"":""090111"",""period"":""2020,2021,2022,2023,2024,2025"",""includeDesc"":true}]}",C,A,20250101,2025,360,IDN,Indonesia,364,IRN,Iran,0,W00,World,X,Export,H6,090111,Coffee; not roasted or decaffeinated,C00,TOTAL CPC,0,TOTAL MOT,8,kg,3012860,3012860,0,14653251.995,true,false,true,"{""typeCode"":""C"",""freqCode"":""A"",""refPeriodId"":20250101,""refYear"":2025,""refMonth"":52,""period"":""2025"",""reporterCode"":360,""reporterISO"":""IDN"",""reporterDesc"":""Indonesia"",""flowCode"":""X"",""flowDesc"":""Export"",""partnerCode"":364,""partnerISO"":""IRN"",""partnerDesc"":""Iran"",""partner2Code"":0,""partner2ISO"":""W00"",""partner2Desc"":""World"",""classificationCode"":""H6"",""classificationSearchCode"":""HS"",""isOriginalClassification"":true,""cmdCode"":""090111"",""cmdDesc"":""Coffee; not roasted or decaffeinated"",""aggrLevel"":6,""isLeaf"":true,""customsCode"":""C00"",""customsDesc"":""TOTAL CPC"",""mosCode"":""0"",""motCode"":0,""motDesc"":""TOTAL MOT"",""qtyUnitCode"":8,""qtyUnitAbbr"":""kg"",""qty"":3012860,""isQtyEstimated"":false,""altQtyUnitCode"":8,""altQtyUnitAbbr"":""kg"",""altQty"":3012860,""isAltQtyEstimated"":false,""netWgt"":3012860,""isNetWgtEstimated"":false,""grossWgt"":0,""isGrossWgtEstimated"":false,""cifvalue"":null,""fobvalue"":14653251.995,""primaryValue"":14653251.995,""legacyEstimationFlag"":0,""isReported"":false,""isAggregate"":true}"
,UN Comtrade,https://comtradeapi.un.org/public/v1/preview/C/A/HS?reporterCode=360&flowCode=X&cmdCode=090111&period=2025&includeDesc=true,2026-05-30T18:34:22.015Z,"{""reporters"":[{""endpoint"":""https://comtradeapi.un.org/public/v1/preview/C/A/HS"",""reporterCode"":704,""reporterISO"":""VNM"",""flowCode"":""X"",""cmdCode"":""090111"",""period"":""2020,2021,2022,2023,2024,2025"",""includeDesc"":true},{""endpoint"":""https://comtradeapi.un.org/public/v1/preview/C/A/HS"",""reporterCode"":76,""reporterISO"":""BRA"",""flowCode"":""X"",""cmdCode"":""090111"",""period"":""2020,2021,2022,2023,2024,2025"",""includeDesc"":true},{""endpoint"":""https://comtradeapi.un.org/public/v1/preview/C/A/HS"",""reporterCode"":360,""reporterISO"":""IDN"",""flowCode"":""X"",""cmdCode"":""090111"",""period"":""2020,2021,2022,2023,2024,2025"",""includeDesc"":true}]}",C,A,20250101,2025,360,IDN,Indonesia,372,IRL,Ireland,0,W00,World,X,Export,H6,090111,Coffee; not roasted or decaffeinated,C00,TOTAL CPC,0,TOTAL MOT,8,kg,134400,134400,0,989880,true,false,true,"{""typeCode"":""C"",""freqCode"":""A"",""refPeriodId"":20250101,""refYear"":2025,""refMonth"":52,""period"":""2025"",""reporterCode"":360,""reporterISO"":""IDN"",""reporterDesc"":""Indonesia"",""flowCode"":""X"",""flowDesc"":""Export"",""partnerCode"":372,""partnerISO"":""IRL"",""partnerDesc"":""Ireland"",""partner2Code"":0,""partner2ISO"":""W00"",""partner2Desc"":""World"",""classificationCode"":""H6"",""classificationSearchCode"":""HS"",""isOriginalClassification"":true,""cmdCode"":""090111"",""cmdDesc"":""Coffee; not roasted or decaffeinated"",""aggrLevel"":6,""isLeaf"":true,""customsCode"":""C00"",""customsDesc"":""TOTAL CPC"",""mosCode"":""0"",""motCode"":0,""motDesc"":""TOTAL MOT"",""qtyUnitCode"":8,""qtyUnitAbbr"":""kg"",""qty"":134400,""isQtyEstimated"":false,""altQtyUnitCode"":8,""altQtyUnitAbbr"":""kg"",""altQty"":134400,""isAltQtyEstimated"":false,""netWgt"":134400,""isNetWgtEstimated"":false,""grossWgt"":0,""isGrossWgtEstimated"":false,""cifvalue"":null,""fobvalue"":989880,""primaryValue"":989880,""legacyEstimationFlag"":0,""isReported"":false,""isAggregate"":true}"
,UN Comtrade,https://comtradeapi.un.org/public/v1/preview/C/A/HS?reporterCode=360&flowCode=X&cmdCode=090111&period=2025&includeDesc=true,2026-05-30T18:34:22.015Z,"{""reporters"":[{""endpoint"":""https://comtradeapi.un.org/public/v1/preview/C/A/HS"",""reporterCode"":704,""reporterISO"":""VNM"",""flowCode"":""X"",""cmdCode"":""090111"",""period"":""2020,2021,2022,2023,2024,2025"",""includeDesc"":true},{""endpoint"":""https://comtradeapi.un.org/public/v1/preview/C/A/HS"",""reporterCode"":76,""reporterISO"":""BRA"",""flowCode"":""X"",""cmdCode"":""090111"",""period"":""2020,2021,2022,2023,2024,2025"",""includeDesc"":true},{""endpoint"":""https://comtradeapi.un.org/public/v1/preview/C/A/HS"",""reporterCode"":360,""reporterISO"":""IDN"",""flowCode"":""X"",""cmdCode"":""090111"",""period"":""2020,2021,2022,2023,2024,2025"",""includeDesc"":true}]}",C,A,20250101,2025,360,IDN,Indonesia,376,ISR,Israel,0,W00,World,X,Export,H6,090111,Coffee; not roasted or decaffeinated,C00,TOTAL CPC,0,TOTAL MOT,8,kg,480000,480000,0,2704258.39,true,false,true,"{""typeCode"":""C"",""freqCode"":""A"",""refPeriodId"":20250101,""refYear"":2025,""refMonth"":52,""period"":""2025"",""reporterCode"":360,""reporterISO"":""IDN"",""reporterDesc"":""Indonesia"",""flowCode"":""X"",""flowDesc"":""Export"",""partnerCode"":376,""partnerISO"":""ISR"",""partnerDesc"":""Israel"",""partner2Code"":0,""partner2ISO"":""W00"",""partner2Desc"":""World"",""classificationCode"":""H6"",""classificationSearchCode"":""HS"",""isOriginalClassification"":true,""cmdCode"":""090111"",""cmdDesc"":""Coffee; not roasted or decaffeinated"",""aggrLevel"":6,""isLeaf"":true,""customsCode"":""C00"",""customsDesc"":""TOTAL CPC"",""mosCode"":""0"",""motCode"":0,""motDesc"":""TOTAL MOT"",""qtyUnitCode"":8,""qtyUnitAbbr"":""kg"",""qty"":480000,""isQtyEstimated"":false,""altQtyUnitCode"":8,""altQtyUnitAbbr"":""kg"",""altQty"":480000,""isAltQtyEstimated"":false,""netWgt"":480000,""isNetWgtEstimated"":false,""grossWgt"":0,""isGrossWgtEstimated"":false,""cifvalue"":null,""fobvalue"":2704258.39,""primaryValue"":2704258.39,""legacyEstimationFlag"":0,""isReported"":false,""isAggregate"":true}"
,UN Comtrade,https://comtradeapi.un.org/public/v1/preview/C/A/HS?reporterCode=360&flowCode=X&cmdCode=090111&period=2025&includeDesc=true,2026-05-30T18:34:22.015Z,"{""reporters"":[{""endpoint"":""https://comtradeapi.un.org/public/v1/preview/C/A/HS"",""reporterCode"":704,""reporterISO"":""VNM"",""flowCode"":""X"",""cmdCode"":""090111"",""period"":""2020,2021,2022,2023,2024,2025"",""includeDesc"":true},{""endpoint"":""https://comtradeapi.un.org/public/v1/preview/C/A/HS"",""reporterCode"":76,""reporterISO"":""BRA"",""flowCode"":""X"",""cmdCode"":""090111"",""period"":""2020,2021,2022,2023,2024,2025"",""includeDesc"":true},{""endpoint"":""https://comtradeapi.un.org/public/v1/preview/C/A/HS"",""reporterCode"":360,""reporterISO"":""IDN"",""flowCode"":""X"",""cmdCode"":""090111"",""period"":""2020,2021,2022,2023,2024,2025"",""includeDesc"":true}]}",C,A,20250101,2025,360,IDN,Indonesia,380,ITA,Italy,0,W00,World,X,Export,H6,090111,Coffee; not roasted or decaffeinated,C00,TOTAL CPC,0,TOTAL MOT,8,kg,12797041,12797041,0,57221097.052,true,false,true,"{""typeCode"":""C"",""freqCode"":""A"",""refPeriodId"":20250101,""refYear"":2025,""refMonth"":52,""period"":""2025"",""reporterCode"":360,""reporterISO"":""IDN"",""reporterDesc"":""Indonesia"",""flowCode"":""X"",""flowDesc"":""Export"",""partnerCode"":380,""partnerISO"":""ITA"",""partnerDesc"":""Italy"",""partner2Code"":0,""partner2ISO"":""W00"",""partner2Desc"":""World"",""classificationCode"":""H6"",""classificationSearchCode"":""HS"",""isOriginalClassification"":true,""cmdCode"":""090111"",""cmdDesc"":""Coffee; not roasted or decaffeinated"",""aggrLevel"":6,""isLeaf"":true,""customsCode"":""C00"",""customsDesc"":""TOTAL CPC"",""mosCode"":""0"",""motCode"":0,""motDesc"":""TOTAL MOT"",""qtyUnitCode"":8,""qtyUnitAbbr"":""kg"",""qty"":12797041,""isQtyEstimated"":false,""altQtyUnitCode"":8,""altQtyUnitAbbr"":""kg"",""altQty"":12797041,""isAltQtyEstimated"":false,""netWgt"":12797041,""isNetWgtEstimated"":false,""grossWgt"":0,""isGrossWgtEstimated"":false,""cifvalue"":null,""fobvalue"":57221097.052,""primaryValue"":57221097.052,""legacyEstimationFlag"":0,""isReported"":false,""isAggregate"":true}"
,UN Comtrade,https://comtradeapi.un.org/public/v1/preview/C/A/HS?reporterCode=360&flowCode=X&cmdCode=090111&period=2025&includeDesc=true,2026-05-30T18:34:22.015Z,"{""reporters"":[{""endpoint"":""https://comtradeapi.un.org/public/v1/preview/C/A/HS"",""reporterCode"":704,""reporterISO"":""VNM"",""flowCode"":""X"",""cmdCode"":""090111"",""period"":""2020,2021,2022,2023,2024,2025"",""includeDesc"":true},{""endpoint"":""https://comtradeapi.un.org/public/v1/preview/C/A/HS"",""reporterCode"":76,""reporterISO"":""BRA"",""flowCode"":""X"",""cmdCode"":""090111"",""period"":""2020,2021,2022,2023,2024,2025"",""includeDesc"":true},{""endpoint"":""https://comtradeapi.un.org/public/v1/preview/C/A/HS"",""reporterCode"":360,""reporterISO"":""IDN"",""flowCode"":""X"",""cmdCode"":""090111"",""period"":""2020,2021,2022,2023,2024,2025"",""includeDesc"":true}]}",C,A,20250101,2025,360,IDN,Indonesia,392,JPN,Japan,0,W00,World,X,Export,H6,090111,Coffee; not roasted or decaffeinated,C00,TOTAL CPC,0,TOTAL MOT,8,kg,9159380.72,9159380.72,0,61251828.891,true,false,true,"{""typeCode"":""C"",""freqCode"":""A"",""refPeriodId"":20250101,""refYear"":2025,""refMonth"":52,""period"":""2025"",""reporterCode"":360,""reporterISO"":""IDN"",""reporterDesc"":""Indonesia"",""flowCode"":""X"",""flowDesc"":""Export"",""partnerCode"":392,""partnerISO"":""JPN"",""partnerDesc"":""Japan"",""partner2Code"":0,""partner2ISO"":""W00"",""partner2Desc"":""World"",""classificationCode"":""H6"",""classificationSearchCode"":""HS"",""isOriginalClassification"":true,""cmdCode"":""090111"",""cmdDesc"":""Coffee; not roasted or decaffeinated"",""aggrLevel"":6,""isLeaf"":true,""customsCode"":""C00"",""customsDesc"":""TOTAL CPC"",""mosCode"":""0"",""motCode"":0,""motDesc"":""TOTAL MOT"",""qtyUnitCode"":8,""qtyUnitAbbr"":""kg"",""qty"":9159380.72,""isQtyEstimated"":false,""altQtyUnitCode"":8,""altQtyUnitAbbr"":""kg"",""altQty"":9159380.72,""isAltQtyEstimated"":false,""netWgt"":9159380.72,""isNetWgtEstimated"":false,""grossWgt"":0,""isGrossWgtEstimated"":false,""cifvalue"":null,""fobvalue"":61251828.891,""primaryValue"":61251828.891,""legacyEstimationFlag"":0,""isReported"":false,""isAggregate"":true}"
,UN Comtrade,https://comtradeapi.un.org/public/v1/preview/C/A/HS?reporterCode=360&flowCode=X&cmdCode=090111&period=2025&includeDesc=true,2026-05-30T18:34:22.015Z,"{""reporters"":[{""endpoint"":""https://comtradeapi.un.org/public/v1/preview/C/A/HS"",""reporterCode"":704,""reporterISO"":""VNM"",""flowCode"":""X"",""cmdCode"":""090111"",""period"":""2020,2021,2022,2023,2024,2025"",""includeDesc"":true},{""endpoint"":""https://comtradeapi.un.org/public/v1/preview/C/A/HS"",""reporterCode"":76,""reporterISO"":""BRA"",""flowCode"":""X"",""cmdCode"":""090111"",""period"":""2020,2021,2022,2023,2024,2025"",""includeDesc"":true},{""endpoint"":""https://comtradeapi.un.org/public/v1/preview/C/A/HS"",""reporterCode"":360,""reporterISO"":""IDN"",""flowCode"":""X"",""cmdCode"":""090111"",""period"":""2020,2021,2022,2023,2024,2025"",""includeDesc"":true}]}",C,A,20250101,2025,360,IDN,Indonesia,398,KAZ,Kazakhstan,0,W00,World,X,Export,H6,090111,Coffee; not roasted or decaffeinated,C00,TOTAL CPC,0,TOTAL MOT,8,kg,603.5,603.5,0,2858.3,true,false,true,"{""typeCode"":""C"",""freqCode"":""A"",""refPeriodId"":20250101,""refYear"":2025,""refMonth"":52,""period"":""2025"",""reporterCode"":360,""reporterISO"":""IDN"",""reporterDesc"":""Indonesia"",""flowCode"":""X"",""flowDesc"":""Export"",""partnerCode"":398,""partnerISO"":""KAZ"",""partnerDesc"":""Kazakhstan"",""partner2Code"":0,""partner2ISO"":""W00"",""partner2Desc"":""World"",""classificationCode"":""H6"",""classificationSearchCode"":""HS"",""isOriginalClassification"":true,""cmdCode"":""090111"",""cmdDesc"":""Coffee; not roasted or decaffeinated"",""aggrLevel"":6,""isLeaf"":true,""customsCode"":""C00"",""customsDesc"":""TOTAL CPC"",""mosCode"":""0"",""motCode"":0,""motDesc"":""TOTAL MOT"",""qtyUnitCode"":8,""qtyUnitAbbr"":""kg"",""qty"":603.5,""isQtyEstimated"":false,""altQtyUnitCode"":8,""altQtyUnitAbbr"":""kg"",""altQty"":603.5,""isAltQtyEstimated"":false,""netWgt"":603.5,""isNetWgtEstimated"":false,""grossWgt"":0,""isGrossWgtEstimated"":false,""cifvalue"":null,""fobvalue"":2858.3,""primaryValue"":2858.3,""legacyEstimationFlag"":0,""isReported"":false,""isAggregate"":true}"
,UN Comtrade,https://comtradeapi.un.org/public/v1/preview/C/A/HS?reporterCode=360&flowCode=X&cmdCode=090111&period=2025&includeDesc=true,2026-05-30T18:34:22.015Z,"{""reporters"":[{""endpoint"":""https://comtradeapi.un.org/public/v1/preview/C/A/HS"",""reporterCode"":704,""reporterISO"":""VNM"",""flowCode"":""X"",""cmdCode"":""090111"",""period"":""2020,2021,2022,2023,2024,2025"",""includeDesc"":true},{""endpoint"":""https://comtradeapi.un.org/public/v1/preview/C/A/HS"",""reporterCode"":76,""reporterISO"":""BRA"",""flowCode"":""X"",""cmdCode"":""090111"",""period"":""2020,2021,2022,2023,2024,2025"",""includeDesc"":true},{""endpoint"":""https://comtradeapi.un.org/public/v1/preview/C/A/HS"",""reporterCode"":360,""reporterISO"":""IDN"",""flowCode"":""X"",""cmdCode"":""090111"",""period"":""2020,2021,2022,2023,2024,2025"",""includeDesc"":true}]}",C,A,20250101,2025,360,IDN,Indonesia,400,JOR,Jordan,0,W00,World,X,Export,H6,090111,Coffee; not roasted or decaffeinated,C00,TOTAL CPC,0,TOTAL MOT,8,kg,323100,323100,0,1777307.51,true,false,true,"{""typeCode"":""C"",""freqCode"":""A"",""refPeriodId"":20250101,""refYear"":2025,""refMonth"":52,""period"":""2025"",""reporterCode"":360,""reporterISO"":""IDN"",""reporterDesc"":""Indonesia"",""flowCode"":""X"",""flowDesc"":""Export"",""partnerCode"":400,""partnerISO"":""JOR"",""partnerDesc"":""Jordan"",""partner2Code"":0,""partner2ISO"":""W00"",""partner2Desc"":""World"",""classificationCode"":""H6"",""classificationSearchCode"":""HS"",""isOriginalClassification"":true,""cmdCode"":""090111"",""cmdDesc"":""Coffee; not roasted or decaffeinated"",""aggrLevel"":6,""isLeaf"":true,""customsCode"":""C00"",""customsDesc"":""TOTAL CPC"",""mosCode"":""0"",""motCode"":0,""motDesc"":""TOTAL MOT"",""qtyUnitCode"":8,""qtyUnitAbbr"":""kg"",""qty"":323100,""isQtyEstimated"":false,""altQtyUnitCode"":8,""altQtyUnitAbbr"":""kg"",""altQty"":323100,""isAltQtyEstimated"":false,""netWgt"":323100,""isNetWgtEstimated"":false,""grossWgt"":0,""isGrossWgtEstimated"":false,""cifvalue"":null,""fobvalue"":1777307.51,""primaryValue"":1777307.51,""legacyEstimationFlag"":0,""isReported"":false,""isAggregate"":true}"
,UN Comtrade,https://comtradeapi.un.org/public/v1/preview/C/A/HS?reporterCode=360&flowCode=X&cmdCode=090111&period=2025&includeDesc=true,2026-05-30T18:34:22.015Z,"{""reporters"":[{""endpoint"":""https://comtradeapi.un.org/public/v1/preview/C/A/HS"",""reporterCode"":704,""reporterISO"":""VNM"",""flowCode"":""X"",""cmdCode"":""090111"",""period"":""2020,2021,2022,2023,2024,2025"",""includeDesc"":true},{""endpoint"":""https://comtradeapi.un.org/public/v1/preview/C/A/HS"",""reporterCode"":76,""reporterISO"":""BRA"",""flowCode"":""X"",""cmdCode"":""090111"",""period"":""2020,2021,2022,2023,2024,2025"",""includeDesc"":true},{""endpoint"":""https://comtradeapi.un.org/public/v1/preview/C/A/HS"",""reporterCode"":360,""reporterISO"":""IDN"",""flowCode"":""X"",""cmdCode"":""090111"",""period"":""2020,2021,2022,2023,2024,2025"",""includeDesc"":true}]}",C,A,20250101,2025,360,IDN,Indonesia,410,KOR,Rep. of Korea,0,W00,World,X,Export,H6,090111,Coffee; not roasted or decaffeinated,C00,TOTAL CPC,0,TOTAL MOT,8,kg,2533957,2533957,0,15810769.66,true,false,true,"{""typeCode"":""C"",""freqCode"":""A"",""refPeriodId"":20250101,""refYear"":2025,""refMonth"":52,""period"":""2025"",""reporterCode"":360,""reporterISO"":""IDN"",""reporterDesc"":""Indonesia"",""flowCode"":""X"",""flowDesc"":""Export"",""partnerCode"":410,""partnerISO"":""KOR"",""partnerDesc"":""Rep. of Korea"",""partner2Code"":0,""partner2ISO"":""W00"",""partner2Desc"":""World"",""classificationCode"":""H6"",""classificationSearchCode"":""HS"",""isOriginalClassification"":true,""cmdCode"":""090111"",""cmdDesc"":""Coffee; not roasted or decaffeinated"",""aggrLevel"":6,""isLeaf"":true,""customsCode"":""C00"",""customsDesc"":""TOTAL CPC"",""mosCode"":""0"",""motCode"":0,""motDesc"":""TOTAL MOT"",""qtyUnitCode"":8,""qtyUnitAbbr"":""kg"",""qty"":2533957,""isQtyEstimated"":false,""altQtyUnitCode"":8,""altQtyUnitAbbr"":""kg"",""altQty"":2533957,""isAltQtyEstimated"":false,""netWgt"":2533957,""isNetWgtEstimated"":false,""grossWgt"":0,""isGrossWgtEstimated"":false,""cifvalue"":null,""fobvalue"":15810769.66,""primaryValue"":15810769.66,""legacyEstimationFlag"":0,""isReported"":false,""isAggregate"":true}"
,UN Comtrade,https://comtradeapi.un.org/public/v1/preview/C/A/HS?reporterCode=360&flowCode=X&cmdCode=090111&period=2025&includeDesc=true,2026-05-30T18:34:22.015Z,"{""reporters"":[{""endpoint"":""https://comtradeapi.un.org/public/v1/preview/C/A/HS"",""reporterCode"":704,""reporterISO"":""VNM"",""flowCode"":""X"",""cmdCode"":""090111"",""period"":""2020,2021,2022,2023,2024,2025"",""includeDesc"":true},{""endpoint"":""https://comtradeapi.un.org/public/v1/preview/C/A/HS"",""reporterCode"":76,""reporterISO"":""BRA"",""flowCode"":""X"",""cmdCode"":""090111"",""period"":""2020,2021,2022,2023,2024,2025"",""includeDesc"":true},{""endpoint"":""https://comtradeapi.un.org/public/v1/preview/C/A/HS"",""reporterCode"":360,""reporterISO"":""IDN"",""flowCode"":""X"",""cmdCode"":""090111"",""period"":""2020,2021,2022,2023,2024,2025"",""includeDesc"":true}]}",C,A,20250101,2025,360,IDN,Indonesia,414,KWT,Kuwait,0,W00,World,X,Export,H6,090111,Coffee; not roasted or decaffeinated,C00,TOTAL CPC,0,TOTAL MOT,8,kg,48750,48750,0,361435,true,false,true,"{""typeCode"":""C"",""freqCode"":""A"",""refPeriodId"":20250101,""refYear"":2025,""refMonth"":52,""period"":""2025"",""reporterCode"":360,""reporterISO"":""IDN"",""reporterDesc"":""Indonesia"",""flowCode"":""X"",""flowDesc"":""Export"",""partnerCode"":414,""partnerISO"":""KWT"",""partnerDesc"":""Kuwait"",""partner2Code"":0,""partner2ISO"":""W00"",""partner2Desc"":""World"",""classificationCode"":""H6"",""classificationSearchCode"":""HS"",""isOriginalClassification"":true,""cmdCode"":""090111"",""cmdDesc"":""Coffee; not roasted or decaffeinated"",""aggrLevel"":6,""isLeaf"":true,""customsCode"":""C00"",""customsDesc"":""TOTAL CPC"",""mosCode"":""0"",""motCode"":0,""motDesc"":""TOTAL MOT"",""qtyUnitCode"":8,""qtyUnitAbbr"":""kg"",""qty"":48750,""isQtyEstimated"":false,""altQtyUnitCode"":8,""altQtyUnitAbbr"":""kg"",""altQty"":48750,""isAltQtyEstimated"":false,""netWgt"":48750,""isNetWgtEstimated"":false,""grossWgt"":0,""isGrossWgtEstimated"":false,""cifvalue"":null,""fobvalue"":361435,""primaryValue"":361435,""legacyEstimationFlag"":0,""isReported"":false,""isAggregate"":true}"
,UN Comtrade,https://comtradeapi.un.org/public/v1/preview/C/A/HS?reporterCode=360&flowCode=X&cmdCode=090111&period=2025&includeDesc=true,2026-05-30T18:34:22.015Z,"{""reporters"":[{""endpoint"":""https://comtradeapi.un.org/public/v1/preview/C/A/HS"",""reporterCode"":704,""reporterISO"":""VNM"",""flowCode"":""X"",""cmdCode"":""090111"",""period"":""2020,2021,2022,2023,2024,2025"",""includeDesc"":true},{""endpoint"":""https://comtradeapi.un.org/public/v1/preview/C/A/HS"",""reporterCode"":76,""reporterISO"":""BRA"",""flowCode"":""X"",""cmdCode"":""090111"",""period"":""2020,2021,2022,2023,2024,2025"",""includeDesc"":true},{""endpoint"":""https://comtradeapi.un.org/public/v1/preview/C/A/HS"",""reporterCode"":360,""reporterISO"":""IDN"",""flowCode"":""X"",""cmdCode"":""090111"",""period"":""2020,2021,2022,2023,2024,2025"",""includeDesc"":true}]}",C,A,20250101,2025,360,IDN,Indonesia,422,LBN,Lebanon,0,W00,World,X,Export,H6,090111,Coffee; not roasted or decaffeinated,C00,TOTAL CPC,0,TOTAL MOT,8,kg,730800,730800,0,3511757.33,true,false,true,"{""typeCode"":""C"",""freqCode"":""A"",""refPeriodId"":20250101,""refYear"":2025,""refMonth"":52,""period"":""2025"",""reporterCode"":360,""reporterISO"":""IDN"",""reporterDesc"":""Indonesia"",""flowCode"":""X"",""flowDesc"":""Export"",""partnerCode"":422,""partnerISO"":""LBN"",""partnerDesc"":""Lebanon"",""partner2Code"":0,""partner2ISO"":""W00"",""partner2Desc"":""World"",""classificationCode"":""H6"",""classificationSearchCode"":""HS"",""isOriginalClassification"":true,""cmdCode"":""090111"",""cmdDesc"":""Coffee; not roasted or decaffeinated"",""aggrLevel"":6,""isLeaf"":true,""customsCode"":""C00"",""customsDesc"":""TOTAL CPC"",""mosCode"":""0"",""motCode"":0,""motDesc"":""TOTAL MOT"",""qtyUnitCode"":8,""qtyUnitAbbr"":""kg"",""qty"":730800,""isQtyEstimated"":false,""altQtyUnitCode"":8,""altQtyUnitAbbr"":""kg"",""altQty"":730800,""isAltQtyEstimated"":false,""netWgt"":730800,""isNetWgtEstimated"":false,""grossWgt"":0,""isGrossWgtEstimated"":false,""cifvalue"":null,""fobvalue"":3511757.33,""primaryValue"":3511757.33,""legacyEstimationFlag"":0,""isReported"":false,""isAggregate"":true}"
,UN Comtrade,https://comtradeapi.un.org/public/v1/preview/C/A/HS?reporterCode=360&flowCode=X&cmdCode=090111&period=2025&includeDesc=true,2026-05-30T18:34:22.015Z,"{""reporters"":[{""endpoint"":""https://comtradeapi.un.org/public/v1/preview/C/A/HS"",""reporterCode"":704,""reporterISO"":""VNM"",""flowCode"":""X"",""cmdCode"":""090111"",""period"":""2020,2021,2022,2023,2024,2025"",""includeDesc"":true},{""endpoint"":""https://comtradeapi.un.org/public/v1/preview/C/A/HS"",""reporterCode"":76,""reporterISO"":""BRA"",""flowCode"":""X"",""cmdCode"":""090111"",""period"":""2020,2021,2022,2023,2024,2025"",""includeDesc"":true},{""endpoint"":""https://comtradeapi.un.org/public/v1/preview/C/A/HS"",""reporterCode"":360,""reporterISO"":""IDN"",""flowCode"":""X"",""cmdCode"":""090111"",""period"":""2020,2021,2022,2023,2024,2025"",""includeDesc"":true}]}",C,A,20250101,2025,360,IDN,Indonesia,428,LVA,Latvia,0,W00,World,X,Export,H6,090111,Coffee; not roasted or decaffeinated,C00,TOTAL CPC,0,TOTAL MOT,8,kg,46120,46120,0,491358.72,true,false,true,"{""typeCode"":""C"",""freqCode"":""A"",""refPeriodId"":20250101,""refYear"":2025,""refMonth"":52,""period"":""2025"",""reporterCode"":360,""reporterISO"":""IDN"",""reporterDesc"":""Indonesia"",""flowCode"":""X"",""flowDesc"":""Export"",""partnerCode"":428,""partnerISO"":""LVA"",""partnerDesc"":""Latvia"",""partner2Code"":0,""partner2ISO"":""W00"",""partner2Desc"":""World"",""classificationCode"":""H6"",""classificationSearchCode"":""HS"",""isOriginalClassification"":true,""cmdCode"":""090111"",""cmdDesc"":""Coffee; not roasted or decaffeinated"",""aggrLevel"":6,""isLeaf"":true,""customsCode"":""C00"",""customsDesc"":""TOTAL CPC"",""mosCode"":""0"",""motCode"":0,""motDesc"":""TOTAL MOT"",""qtyUnitCode"":8,""qtyUnitAbbr"":""kg"",""qty"":46120,""isQtyEstimated"":false,""altQtyUnitCode"":8,""altQtyUnitAbbr"":""kg"",""altQty"":46120,""isAltQtyEstimated"":false,""netWgt"":46120,""isNetWgtEstimated"":false,""grossWgt"":0,""isGrossWgtEstimated"":false,""cifvalue"":null,""fobvalue"":491358.72,""primaryValue"":491358.72,""legacyEstimationFlag"":0,""isReported"":false,""isAggregate"":true}"
,UN Comtrade,https://comtradeapi.un.org/public/v1/preview/C/A/HS?reporterCode=360&flowCode=X&cmdCode=090111&period=2025&includeDesc=true,2026-05-30T18:34:22.015Z,"{""reporters"":[{""endpoint"":""https://comtradeapi.un.org/public/v1/preview/C/A/HS"",""reporterCode"":704,""reporterISO"":""VNM"",""flowCode"":""X"",""cmdCode"":""090111"",""period"":""2020,2021,2022,2023,2024,2025"",""includeDesc"":true},{""endpoint"":""https://comtradeapi.un.org/public/v1/preview/C/A/HS"",""reporterCode"":76,""reporterISO"":""BRA"",""flowCode"":""X"",""cmdCode"":""090111"",""period"":""2020,2021,2022,2023,2024,2025"",""includeDesc"":true},{""endpoint"":""https://comtradeapi.un.org/public/v1/preview/C/A/HS"",""reporterCode"":360,""reporterISO"":""IDN"",""flowCode"":""X"",""cmdCode"":""090111"",""period"":""2020,2021,2022,2023,2024,2025"",""includeDesc"":true}]}",C,A,20250101,2025,360,IDN,Indonesia,434,LBY,Libya,0,W00,World,X,Export,H6,090111,Coffee; not roasted or decaffeinated,C00,TOTAL CPC,0,TOTAL MOT,8,kg,195400,195400,0,1096292.86,true,false,true,"{""typeCode"":""C"",""freqCode"":""A"",""refPeriodId"":20250101,""refYear"":2025,""refMonth"":52,""period"":""2025"",""reporterCode"":360,""reporterISO"":""IDN"",""reporterDesc"":""Indonesia"",""flowCode"":""X"",""flowDesc"":""Export"",""partnerCode"":434,""partnerISO"":""LBY"",""partnerDesc"":""Libya"",""partner2Code"":0,""partner2ISO"":""W00"",""partner2Desc"":""World"",""classificationCode"":""H6"",""classificationSearchCode"":""HS"",""isOriginalClassification"":true,""cmdCode"":""090111"",""cmdDesc"":""Coffee; not roasted or decaffeinated"",""aggrLevel"":6,""isLeaf"":true,""customsCode"":""C00"",""customsDesc"":""TOTAL CPC"",""mosCode"":""0"",""motCode"":0,""motDesc"":""TOTAL MOT"",""qtyUnitCode"":8,""qtyUnitAbbr"":""kg"",""qty"":195400,""isQtyEstimated"":false,""altQtyUnitCode"":8,""altQtyUnitAbbr"":""kg"",""altQty"":195400,""isAltQtyEstimated"":false,""netWgt"":195400,""isNetWgtEstimated"":false,""grossWgt"":0,""isGrossWgtEstimated"":false,""cifvalue"":null,""fobvalue"":1096292.86,""primaryValue"":1096292.86,""legacyEstimationFlag"":0,""isReported"":false,""isAggregate"":true}"
,UN Comtrade,https://comtradeapi.un.org/public/v1/preview/C/A/HS?reporterCode=360&flowCode=X&cmdCode=090111&period=2025&includeDesc=true,2026-05-30T18:34:22.015Z,"{""reporters"":[{""endpoint"":""https://comtradeapi.un.org/public/v1/preview/C/A/HS"",""reporterCode"":704,""reporterISO"":""VNM"",""flowCode"":""X"",""cmdCode"":""090111"",""period"":""2020,2021,2022,2023,2024,2025"",""includeDesc"":true},{""endpoint"":""https://comtradeapi.un.org/public/v1/preview/C/A/HS"",""reporterCode"":76,""reporterISO"":""BRA"",""flowCode"":""X"",""cmdCode"":""090111"",""period"":""2020,2021,2022,2023,2024,2025"",""includeDesc"":true},{""endpoint"":""https://comtradeapi.un.org/public/v1/preview/C/A/HS"",""reporterCode"":360,""reporterISO"":""IDN"",""flowCode"":""X"",""cmdCode"":""090111"",""period"":""2020,2021,2022,2023,2024,2025"",""includeDesc"":true}]}",C,A,20250101,2025,360,IDN,Indonesia,442,LUX,Luxembourg,0,W00,World,X,Export,H6,090111,Coffee; not roasted or decaffeinated,C00,TOTAL CPC,0,TOTAL MOT,8,kg,58,58,0,1180,true,false,true,"{""typeCode"":""C"",""freqCode"":""A"",""refPeriodId"":20250101,""refYear"":2025,""refMonth"":52,""period"":""2025"",""reporterCode"":360,""reporterISO"":""IDN"",""reporterDesc"":""Indonesia"",""flowCode"":""X"",""flowDesc"":""Export"",""partnerCode"":442,""partnerISO"":""LUX"",""partnerDesc"":""Luxembourg"",""partner2Code"":0,""partner2ISO"":""W00"",""partner2Desc"":""World"",""classificationCode"":""H6"",""classificationSearchCode"":""HS"",""isOriginalClassification"":true,""cmdCode"":""090111"",""cmdDesc"":""Coffee; not roasted or decaffeinated"",""aggrLevel"":6,""isLeaf"":true,""customsCode"":""C00"",""customsDesc"":""TOTAL CPC"",""mosCode"":""0"",""motCode"":0,""motDesc"":""TOTAL MOT"",""qtyUnitCode"":8,""qtyUnitAbbr"":""kg"",""qty"":58,""isQtyEstimated"":false,""altQtyUnitCode"":8,""altQtyUnitAbbr"":""kg"",""altQty"":58,""isAltQtyEstimated"":false,""netWgt"":58,""isNetWgtEstimated"":false,""grossWgt"":0,""isGrossWgtEstimated"":false,""cifvalue"":null,""fobvalue"":1180,""primaryValue"":1180,""legacyEstimationFlag"":0,""isReported"":false,""isAggregate"":true}"
,UN Comtrade,https://comtradeapi.un.org/public/v1/preview/C/A/HS?reporterCode=360&flowCode=X&cmdCode=090111&period=2025&includeDesc=true,2026-05-30T18:34:22.015Z,"{""reporters"":[{""endpoint"":""https://comtradeapi.un.org/public/v1/preview/C/A/HS"",""reporterCode"":704,""reporterISO"":""VNM"",""flowCode"":""X"",""cmdCode"":""090111"",""period"":""2020,2021,2022,2023,2024,2025"",""includeDesc"":true},{""endpoint"":""https://comtradeapi.un.org/public/v1/preview/C/A/HS"",""reporterCode"":76,""reporterISO"":""BRA"",""flowCode"":""X"",""cmdCode"":""090111"",""period"":""2020,2021,2022,2023,2024,2025"",""includeDesc"":true},{""endpoint"":""https://comtradeapi.un.org/public/v1/preview/C/A/HS"",""reporterCode"":360,""reporterISO"":""IDN"",""flowCode"":""X"",""cmdCode"":""090111"",""period"":""2020,2021,2022,2023,2024,2025"",""includeDesc"":true}]}",C,A,20250101,2025,360,IDN,Indonesia,446,MAC,"China, Macao SAR",0,W00,World,X,Export,H6,090111,Coffee; not roasted or decaffeinated,C00,TOTAL CPC,0,TOTAL MOT,8,kg,556800,556800,0,2871853.28,true,false,true,"{""typeCode"":""C"",""freqCode"":""A"",""refPeriodId"":20250101,""refYear"":2025,""refMonth"":52,""period"":""2025"",""reporterCode"":360,""reporterISO"":""IDN"",""reporterDesc"":""Indonesia"",""flowCode"":""X"",""flowDesc"":""Export"",""partnerCode"":446,""partnerISO"":""MAC"",""partnerDesc"":""China, Macao SAR"",""partner2Code"":0,""partner2ISO"":""W00"",""partner2Desc"":""World"",""classificationCode"":""H6"",""classificationSearchCode"":""HS"",""isOriginalClassification"":true,""cmdCode"":""090111"",""cmdDesc"":""Coffee; not roasted or decaffeinated"",""aggrLevel"":6,""isLeaf"":true,""customsCode"":""C00"",""customsDesc"":""TOTAL CPC"",""mosCode"":""0"",""motCode"":0,""motDesc"":""TOTAL MOT"",""qtyUnitCode"":8,""qtyUnitAbbr"":""kg"",""qty"":556800,""isQtyEstimated"":false,""altQtyUnitCode"":8,""altQtyUnitAbbr"":""kg"",""altQty"":556800,""isAltQtyEstimated"":false,""netWgt"":556800,""isNetWgtEstimated"":false,""grossWgt"":0,""isGrossWgtEstimated"":false,""cifvalue"":null,""fobvalue"":2871853.28,""primaryValue"":2871853.28,""legacyEstimationFlag"":0,""isReported"":false,""isAggregate"":true}"
,UN Comtrade,https://comtradeapi.un.org/public/v1/preview/C/A/HS?reporterCode=360&flowCode=X&cmdCode=090111&period=2025&includeDesc=true,2026-05-30T18:34:22.015Z,"{""reporters"":[{""endpoint"":""https://comtradeapi.un.org/public/v1/preview/C/A/HS"",""reporterCode"":704,""reporterISO"":""VNM"",""flowCode"":""X"",""cmdCode"":""090111"",""period"":""2020,2021,2022,2023,2024,2025"",""includeDesc"":true},{""endpoint"":""https://comtradeapi.un.org/public/v1/preview/C/A/HS"",""reporterCode"":76,""reporterISO"":""BRA"",""flowCode"":""X"",""cmdCode"":""090111"",""period"":""2020,2021,2022,2023,2024,2025"",""includeDesc"":true},{""endpoint"":""https://comtradeapi.un.org/public/v1/preview/C/A/HS"",""reporterCode"":360,""reporterISO"":""IDN"",""flowCode"":""X"",""cmdCode"":""090111"",""period"":""2020,2021,2022,2023,2024,2025"",""includeDesc"":true}]}",C,A,20250101,2025,360,IDN,Indonesia,458,MYS,Malaysia,0,W00,World,X,Export,H6,090111,Coffee; not roasted or decaffeinated,C00,TOTAL CPC,0,TOTAL MOT,8,kg,26580288.061,26580288.061,0,116413087.364,true,false,true,"{""typeCode"":""C"",""freqCode"":""A"",""refPeriodId"":20250101,""refYear"":2025,""refMonth"":52,""period"":""2025"",""reporterCode"":360,""reporterISO"":""IDN"",""reporterDesc"":""Indonesia"",""flowCode"":""X"",""flowDesc"":""Export"",""partnerCode"":458,""partnerISO"":""MYS"",""partnerDesc"":""Malaysia"",""partner2Code"":0,""partner2ISO"":""W00"",""partner2Desc"":""World"",""classificationCode"":""H6"",""classificationSearchCode"":""HS"",""isOriginalClassification"":true,""cmdCode"":""090111"",""cmdDesc"":""Coffee; not roasted or decaffeinated"",""aggrLevel"":6,""isLeaf"":true,""customsCode"":""C00"",""customsDesc"":""TOTAL CPC"",""mosCode"":""0"",""motCode"":0,""motDesc"":""TOTAL MOT"",""qtyUnitCode"":8,""qtyUnitAbbr"":""kg"",""qty"":26580288.061,""isQtyEstimated"":false,""altQtyUnitCode"":8,""altQtyUnitAbbr"":""kg"",""altQty"":26580288.061,""isAltQtyEstimated"":false,""netWgt"":26580288.061,""isNetWgtEstimated"":false,""grossWgt"":0,""isGrossWgtEstimated"":false,""cifvalue"":null,""fobvalue"":116413087.364,""primaryValue"":116413087.364,""legacyEstimationFlag"":0,""isReported"":false,""isAggregate"":true}"
,UN Comtrade,https://comtradeapi.un.org/public/v1/preview/C/A/HS?reporterCode=360&flowCode=X&cmdCode=090111&period=2025&includeDesc=true,2026-05-30T18:34:22.015Z,"{""reporters"":[{""endpoint"":""https://comtradeapi.un.org/public/v1/preview/C/A/HS"",""reporterCode"":704,""reporterISO"":""VNM"",""flowCode"":""X"",""cmdCode"":""090111"",""period"":""2020,2021,2022,2023,2024,2025"",""includeDesc"":true},{""endpoint"":""https://comtradeapi.un.org/public/v1/preview/C/A/HS"",""reporterCode"":76,""reporterISO"":""BRA"",""flowCode"":""X"",""cmdCode"":""090111"",""period"":""2020,2021,2022,2023,2024,2025"",""includeDesc"":true},{""endpoint"":""https://comtradeapi.un.org/public/v1/preview/C/A/HS"",""reporterCode"":360,""reporterISO"":""IDN"",""flowCode"":""X"",""cmdCode"":""090111"",""period"":""2020,2021,2022,2023,2024,2025"",""includeDesc"":true}]}",C,A,20250101,2025,360,IDN,Indonesia,462,MDV,Maldives,0,W00,World,X,Export,H6,090111,Coffee; not roasted or decaffeinated,C00,TOTAL CPC,0,TOTAL MOT,8,kg,1201.45,1201.45,0,11459.86,true,false,true,"{""typeCode"":""C"",""freqCode"":""A"",""refPeriodId"":20250101,""refYear"":2025,""refMonth"":52,""period"":""2025"",""reporterCode"":360,""reporterISO"":""IDN"",""reporterDesc"":""Indonesia"",""flowCode"":""X"",""flowDesc"":""Export"",""partnerCode"":462,""partnerISO"":""MDV"",""partnerDesc"":""Maldives"",""partner2Code"":0,""partner2ISO"":""W00"",""partner2Desc"":""World"",""classificationCode"":""H6"",""classificationSearchCode"":""HS"",""isOriginalClassification"":true,""cmdCode"":""090111"",""cmdDesc"":""Coffee; not roasted or decaffeinated"",""aggrLevel"":6,""isLeaf"":true,""customsCode"":""C00"",""customsDesc"":""TOTAL CPC"",""mosCode"":""0"",""motCode"":0,""motDesc"":""TOTAL MOT"",""qtyUnitCode"":8,""qtyUnitAbbr"":""kg"",""qty"":1201.45,""isQtyEstimated"":false,""altQtyUnitCode"":8,""altQtyUnitAbbr"":""kg"",""altQty"":1201.45,""isAltQtyEstimated"":false,""netWgt"":1201.45,""isNetWgtEstimated"":false,""grossWgt"":0,""isGrossWgtEstimated"":false,""cifvalue"":null,""fobvalue"":11459.86,""primaryValue"":11459.86,""legacyEstimationFlag"":0,""isReported"":false,""isAggregate"":true}"
,UN Comtrade,https://comtradeapi.un.org/public/v1/preview/C/A/HS?reporterCode=360&flowCode=X&cmdCode=090111&period=2025&includeDesc=true,2026-05-30T18:34:22.015Z,"{""reporters"":[{""endpoint"":""https://comtradeapi.un.org/public/v1/preview/C/A/HS"",""reporterCode"":704,""reporterISO"":""VNM"",""flowCode"":""X"",""cmdCode"":""090111"",""period"":""2020,2021,2022,2023,2024,2025"",""includeDesc"":true},{""endpoint"":""https://comtradeapi.un.org/public/v1/preview/C/A/HS"",""reporterCode"":76,""reporterISO"":""BRA"",""flowCode"":""X"",""cmdCode"":""090111"",""period"":""2020,2021,2022,2023,2024,2025"",""includeDesc"":true},{""endpoint"":""https://comtradeapi.un.org/public/v1/preview/C/A/HS"",""reporterCode"":360,""reporterISO"":""IDN"",""flowCode"":""X"",""cmdCode"":""090111"",""period"":""2020,2021,2022,2023,2024,2025"",""includeDesc"":true}]}",C,A,20250101,2025,360,IDN,Indonesia,484,MEX,Mexico,0,W00,World,X,Export,H6,090111,Coffee; not roasted or decaffeinated,C00,TOTAL CPC,0,TOTAL MOT,8,kg,497100,497100,0,2287151.01,true,false,true,"{""typeCode"":""C"",""freqCode"":""A"",""refPeriodId"":20250101,""refYear"":2025,""refMonth"":52,""period"":""2025"",""reporterCode"":360,""reporterISO"":""IDN"",""reporterDesc"":""Indonesia"",""flowCode"":""X"",""flowDesc"":""Export"",""partnerCode"":484,""partnerISO"":""MEX"",""partnerDesc"":""Mexico"",""partner2Code"":0,""partner2ISO"":""W00"",""partner2Desc"":""World"",""classificationCode"":""H6"",""classificationSearchCode"":""HS"",""isOriginalClassification"":true,""cmdCode"":""090111"",""cmdDesc"":""Coffee; not roasted or decaffeinated"",""aggrLevel"":6,""isLeaf"":true,""customsCode"":""C00"",""customsDesc"":""TOTAL CPC"",""mosCode"":""0"",""motCode"":0,""motDesc"":""TOTAL MOT"",""qtyUnitCode"":8,""qtyUnitAbbr"":""kg"",""qty"":497100,""isQtyEstimated"":false,""altQtyUnitCode"":8,""altQtyUnitAbbr"":""kg"",""altQty"":497100,""isAltQtyEstimated"":false,""netWgt"":497100,""isNetWgtEstimated"":false,""grossWgt"":0,""isGrossWgtEstimated"":false,""cifvalue"":null,""fobvalue"":2287151.01,""primaryValue"":2287151.01,""legacyEstimationFlag"":0,""isReported"":false,""isAggregate"":true}"
,UN Comtrade,https://comtradeapi.un.org/public/v1/preview/C/A/HS?reporterCode=360&flowCode=X&cmdCode=090111&period=2025&includeDesc=true,2026-05-30T18:34:22.015Z,"{""reporters"":[{""endpoint"":""https://comtradeapi.un.org/public/v1/preview/C/A/HS"",""reporterCode"":704,""reporterISO"":""VNM"",""flowCode"":""X"",""cmdCode"":""090111"",""period"":""2020,2021,2022,2023,2024,2025"",""includeDesc"":true},{""endpoint"":""https://comtradeapi.un.org/public/v1/preview/C/A/HS"",""reporterCode"":76,""reporterISO"":""BRA"",""flowCode"":""X"",""cmdCode"":""090111"",""period"":""2020,2021,2022,2023,2024,2025"",""includeDesc"":true},{""endpoint"":""https://comtradeapi.un.org/public/v1/preview/C/A/HS"",""reporterCode"":360,""reporterISO"":""IDN"",""flowCode"":""X"",""cmdCode"":""090111"",""period"":""2020,2021,2022,2023,2024,2025"",""includeDesc"":true}]}",C,A,20250101,2025,360,IDN,Indonesia,490,S19,"Other Asia, nes",0,W00,World,X,Export,H6,090111,Coffee; not roasted or decaffeinated,C00,TOTAL CPC,0,TOTAL MOT,8,kg,3362448.28,3362448.28,0,19509782.256,true,false,true,"{""typeCode"":""C"",""freqCode"":""A"",""refPeriodId"":20250101,""refYear"":2025,""refMonth"":52,""period"":""2025"",""reporterCode"":360,""reporterISO"":""IDN"",""reporterDesc"":""Indonesia"",""flowCode"":""X"",""flowDesc"":""Export"",""partnerCode"":490,""partnerISO"":""S19"",""partnerDesc"":""Other Asia, nes"",""partner2Code"":0,""partner2ISO"":""W00"",""partner2Desc"":""World"",""classificationCode"":""H6"",""classificationSearchCode"":""HS"",""isOriginalClassification"":true,""cmdCode"":""090111"",""cmdDesc"":""Coffee; not roasted or decaffeinated"",""aggrLevel"":6,""isLeaf"":true,""customsCode"":""C00"",""customsDesc"":""TOTAL CPC"",""mosCode"":""0"",""motCode"":0,""motDesc"":""TOTAL MOT"",""qtyUnitCode"":8,""qtyUnitAbbr"":""kg"",""qty"":3362448.28,""isQtyEstimated"":false,""altQtyUnitCode"":8,""altQtyUnitAbbr"":""kg"",""altQty"":3362448.28,""isAltQtyEstimated"":false,""netWgt"":3362448.28,""isNetWgtEstimated"":false,""grossWgt"":0,""isGrossWgtEstimated"":false,""cifvalue"":null,""fobvalue"":19509782.256,""primaryValue"":19509782.256,""legacyEstimationFlag"":0,""isReported"":false,""isAggregate"":true}"
,UN Comtrade,https://comtradeapi.un.org/public/v1/preview/C/A/HS?reporterCode=360&flowCode=X&cmdCode=090111&period=2025&includeDesc=true,2026-05-30T18:34:22.015Z,"{""reporters"":[{""endpoint"":""https://comtradeapi.un.org/public/v1/preview/C/A/HS"",""reporterCode"":704,""reporterISO"":""VNM"",""flowCode"":""X"",""cmdCode"":""090111"",""period"":""2020,2021,2022,2023,2024,2025"",""includeDesc"":true},{""endpoint"":""https://comtradeapi.un.org/public/v1/preview/C/A/HS"",""reporterCode"":76,""reporterISO"":""BRA"",""flowCode"":""X"",""cmdCode"":""090111"",""period"":""2020,2021,2022,2023,2024,2025"",""includeDesc"":true},{""endpoint"":""https://comtradeapi.un.org/public/v1/preview/C/A/HS"",""reporterCode"":360,""reporterISO"":""IDN"",""flowCode"":""X"",""cmdCode"":""090111"",""period"":""2020,2021,2022,2023,2024,2025"",""includeDesc"":true}]}",C,A,20250101,2025,360,IDN,Indonesia,504,MAR,Morocco,0,W00,World,X,Export,H6,090111,Coffee; not roasted or decaffeinated,C00,TOTAL CPC,0,TOTAL MOT,8,kg,8696263.7,8696263.7,0,40718091.844,true,false,true,"{""typeCode"":""C"",""freqCode"":""A"",""refPeriodId"":20250101,""refYear"":2025,""refMonth"":52,""period"":""2025"",""reporterCode"":360,""reporterISO"":""IDN"",""reporterDesc"":""Indonesia"",""flowCode"":""X"",""flowDesc"":""Export"",""partnerCode"":504,""partnerISO"":""MAR"",""partnerDesc"":""Morocco"",""partner2Code"":0,""partner2ISO"":""W00"",""partner2Desc"":""World"",""classificationCode"":""H6"",""classificationSearchCode"":""HS"",""isOriginalClassification"":true,""cmdCode"":""090111"",""cmdDesc"":""Coffee; not roasted or decaffeinated"",""aggrLevel"":6,""isLeaf"":true,""customsCode"":""C00"",""customsDesc"":""TOTAL CPC"",""mosCode"":""0"",""motCode"":0,""motDesc"":""TOTAL MOT"",""qtyUnitCode"":8,""qtyUnitAbbr"":""kg"",""qty"":8696263.7,""isQtyEstimated"":false,""altQtyUnitCode"":8,""altQtyUnitAbbr"":""kg"",""altQty"":8696263.7,""isAltQtyEstimated"":false,""netWgt"":8696263.7,""isNetWgtEstimated"":false,""grossWgt"":0,""isGrossWgtEstimated"":false,""cifvalue"":null,""fobvalue"":40718091.844,""primaryValue"":40718091.844,""legacyEstimationFlag"":0,""isReported"":false,""isAggregate"":true}"
,UN Comtrade,https://comtradeapi.un.org/public/v1/preview/C/A/HS?reporterCode=360&flowCode=X&cmdCode=090111&period=2025&includeDesc=true,2026-05-30T18:34:22.015Z,"{""reporters"":[{""endpoint"":""https://comtradeapi.un.org/public/v1/preview/C/A/HS"",""reporterCode"":704,""reporterISO"":""VNM"",""flowCode"":""X"",""cmdCode"":""090111"",""period"":""2020,2021,2022,2023,2024,2025"",""includeDesc"":true},{""endpoint"":""https://comtradeapi.un.org/public/v1/preview/C/A/HS"",""reporterCode"":76,""reporterISO"":""BRA"",""flowCode"":""X"",""cmdCode"":""090111"",""period"":""2020,2021,2022,2023,2024,2025"",""includeDesc"":true},{""endpoint"":""https://comtradeapi.un.org/public/v1/preview/C/A/HS"",""reporterCode"":360,""reporterISO"":""IDN"",""flowCode"":""X"",""cmdCode"":""090111"",""period"":""2020,2021,2022,2023,2024,2025"",""includeDesc"":true}]}",C,A,20250101,2025,360,IDN,Indonesia,508,MOZ,Mozambique,0,W00,World,X,Export,H6,090111,Coffee; not roasted or decaffeinated,C00,TOTAL CPC,0,TOTAL MOT,8,kg,75,75,0,745.7,true,false,true,"{""typeCode"":""C"",""freqCode"":""A"",""refPeriodId"":20250101,""refYear"":2025,""refMonth"":52,""period"":""2025"",""reporterCode"":360,""reporterISO"":""IDN"",""reporterDesc"":""Indonesia"",""flowCode"":""X"",""flowDesc"":""Export"",""partnerCode"":508,""partnerISO"":""MOZ"",""partnerDesc"":""Mozambique"",""partner2Code"":0,""partner2ISO"":""W00"",""partner2Desc"":""World"",""classificationCode"":""H6"",""classificationSearchCode"":""HS"",""isOriginalClassification"":true,""cmdCode"":""090111"",""cmdDesc"":""Coffee; not roasted or decaffeinated"",""aggrLevel"":6,""isLeaf"":true,""customsCode"":""C00"",""customsDesc"":""TOTAL CPC"",""mosCode"":""0"",""motCode"":0,""motDesc"":""TOTAL MOT"",""qtyUnitCode"":8,""qtyUnitAbbr"":""kg"",""qty"":75,""isQtyEstimated"":false,""altQtyUnitCode"":8,""altQtyUnitAbbr"":""kg"",""altQty"":75,""isAltQtyEstimated"":false,""netWgt"":75,""isNetWgtEstimated"":false,""grossWgt"":0,""isGrossWgtEstimated"":false,""cifvalue"":null,""fobvalue"":745.7,""primaryValue"":745.7,""legacyEstimationFlag"":0,""isReported"":false,""isAggregate"":true}"
,UN Comtrade,https://comtradeapi.un.org/public/v1/preview/C/A/HS?reporterCode=360&flowCode=X&cmdCode=090111&period=2025&includeDesc=true,2026-05-30T18:34:22.015Z,"{""reporters"":[{""endpoint"":""https://comtradeapi.un.org/public/v1/preview/C/A/HS"",""reporterCode"":704,""reporterISO"":""VNM"",""flowCode"":""X"",""cmdCode"":""090111"",""period"":""2020,2021,2022,2023,2024,2025"",""includeDesc"":true},{""endpoint"":""https://comtradeapi.un.org/public/v1/preview/C/A/HS"",""reporterCode"":76,""reporterISO"":""BRA"",""flowCode"":""X"",""cmdCode"":""090111"",""period"":""2020,2021,2022,2023,2024,2025"",""includeDesc"":true},{""endpoint"":""https://comtradeapi.un.org/public/v1/preview/C/A/HS"",""reporterCode"":360,""reporterISO"":""IDN"",""flowCode"":""X"",""cmdCode"":""090111"",""period"":""2020,2021,2022,2023,2024,2025"",""includeDesc"":true}]}",C,A,20250101,2025,360,IDN,Indonesia,512,OMN,Oman,0,W00,World,X,Export,H6,090111,Coffee; not roasted or decaffeinated,C00,TOTAL CPC,0,TOTAL MOT,8,kg,165252.5,165252.5,0,954369.51,true,false,true,"{""typeCode"":""C"",""freqCode"":""A"",""refPeriodId"":20250101,""refYear"":2025,""refMonth"":52,""period"":""2025"",""reporterCode"":360,""reporterISO"":""IDN"",""reporterDesc"":""Indonesia"",""flowCode"":""X"",""flowDesc"":""Export"",""partnerCode"":512,""partnerISO"":""OMN"",""partnerDesc"":""Oman"",""partner2Code"":0,""partner2ISO"":""W00"",""partner2Desc"":""World"",""classificationCode"":""H6"",""classificationSearchCode"":""HS"",""isOriginalClassification"":true,""cmdCode"":""090111"",""cmdDesc"":""Coffee; not roasted or decaffeinated"",""aggrLevel"":6,""isLeaf"":true,""customsCode"":""C00"",""customsDesc"":""TOTAL CPC"",""mosCode"":""0"",""motCode"":0,""motDesc"":""TOTAL MOT"",""qtyUnitCode"":8,""qtyUnitAbbr"":""kg"",""qty"":165252.5,""isQtyEstimated"":false,""altQtyUnitCode"":8,""altQtyUnitAbbr"":""kg"",""altQty"":165252.5,""isAltQtyEstimated"":false,""netWgt"":165252.5,""isNetWgtEstimated"":false,""grossWgt"":0,""isGrossWgtEstimated"":false,""cifvalue"":null,""fobvalue"":954369.51,""primaryValue"":954369.51,""legacyEstimationFlag"":0,""isReported"":false,""isAggregate"":true}"
,UN Comtrade,https://comtradeapi.un.org/public/v1/preview/C/A/HS?reporterCode=360&flowCode=X&cmdCode=090111&period=2025&includeDesc=true,2026-05-30T18:34:22.015Z,"{""reporters"":[{""endpoint"":""https://comtradeapi.un.org/public/v1/preview/C/A/HS"",""reporterCode"":704,""reporterISO"":""VNM"",""flowCode"":""X"",""cmdCode"":""090111"",""period"":""2020,2021,2022,2023,2024,2025"",""includeDesc"":true},{""endpoint"":""https://comtradeapi.un.org/public/v1/preview/C/A/HS"",""reporterCode"":76,""reporterISO"":""BRA"",""flowCode"":""X"",""cmdCode"":""090111"",""period"":""2020,2021,2022,2023,2024,2025"",""includeDesc"":true},{""endpoint"":""https://comtradeapi.un.org/public/v1/preview/C/A/HS"",""reporterCode"":360,""reporterISO"":""IDN"",""flowCode"":""X"",""cmdCode"":""090111"",""period"":""2020,2021,2022,2023,2024,2025"",""includeDesc"":true}]}",C,A,20250101,2025,360,IDN,Indonesia,528,NLD,Netherlands,0,W00,World,X,Export,H6,090111,Coffee; not roasted or decaffeinated,C00,TOTAL CPC,0,TOTAL MOT,8,kg,15352362.1,15352362.1,0,70504566.979,true,false,true,"{""typeCode"":""C"",""freqCode"":""A"",""refPeriodId"":20250101,""refYear"":2025,""refMonth"":52,""period"":""2025"",""reporterCode"":360,""reporterISO"":""IDN"",""reporterDesc"":""Indonesia"",""flowCode"":""X"",""flowDesc"":""Export"",""partnerCode"":528,""partnerISO"":""NLD"",""partnerDesc"":""Netherlands"",""partner2Code"":0,""partner2ISO"":""W00"",""partner2Desc"":""World"",""classificationCode"":""H6"",""classificationSearchCode"":""HS"",""isOriginalClassification"":true,""cmdCode"":""090111"",""cmdDesc"":""Coffee; not roasted or decaffeinated"",""aggrLevel"":6,""isLeaf"":true,""customsCode"":""C00"",""customsDesc"":""TOTAL CPC"",""mosCode"":""0"",""motCode"":0,""motDesc"":""TOTAL MOT"",""qtyUnitCode"":8,""qtyUnitAbbr"":""kg"",""qty"":15352362.1,""isQtyEstimated"":false,""altQtyUnitCode"":8,""altQtyUnitAbbr"":""kg"",""altQty"":15352362.1,""isAltQtyEstimated"":false,""netWgt"":15352362.1,""isNetWgtEstimated"":false,""grossWgt"":0,""isGrossWgtEstimated"":false,""cifvalue"":null,""fobvalue"":70504566.979,""primaryValue"":70504566.979,""legacyEstimationFlag"":0,""isReported"":false,""isAggregate"":true}"
,UN Comtrade,https://comtradeapi.un.org/public/v1/preview/C/A/HS?reporterCode=360&flowCode=X&cmdCode=090111&period=2025&includeDesc=true,2026-05-30T18:34:22.015Z,"{""reporters"":[{""endpoint"":""https://comtradeapi.un.org/public/v1/preview/C/A/HS"",""reporterCode"":704,""reporterISO"":""VNM"",""flowCode"":""X"",""cmdCode"":""090111"",""period"":""2020,2021,2022,2023,2024,2025"",""includeDesc"":true},{""endpoint"":""https://comtradeapi.un.org/public/v1/preview/C/A/HS"",""reporterCode"":76,""reporterISO"":""BRA"",""flowCode"":""X"",""cmdCode"":""090111"",""period"":""2020,2021,2022,2023,2024,2025"",""includeDesc"":true},{""endpoint"":""https://comtradeapi.un.org/public/v1/preview/C/A/HS"",""reporterCode"":360,""reporterISO"":""IDN"",""flowCode"":""X"",""cmdCode"":""090111"",""period"":""2020,2021,2022,2023,2024,2025"",""includeDesc"":true}]}",C,A,20250101,2025,360,IDN,Indonesia,548,VUT,Vanuatu,0,W00,World,X,Export,H6,090111,Coffee; not roasted or decaffeinated,C00,TOTAL CPC,0,TOTAL MOT,8,kg,2774.4,2774.4,0,18117.8,true,false,true,"{""typeCode"":""C"",""freqCode"":""A"",""refPeriodId"":20250101,""refYear"":2025,""refMonth"":52,""period"":""2025"",""reporterCode"":360,""reporterISO"":""IDN"",""reporterDesc"":""Indonesia"",""flowCode"":""X"",""flowDesc"":""Export"",""partnerCode"":548,""partnerISO"":""VUT"",""partnerDesc"":""Vanuatu"",""partner2Code"":0,""partner2ISO"":""W00"",""partner2Desc"":""World"",""classificationCode"":""H6"",""classificationSearchCode"":""HS"",""isOriginalClassification"":true,""cmdCode"":""090111"",""cmdDesc"":""Coffee; not roasted or decaffeinated"",""aggrLevel"":6,""isLeaf"":true,""customsCode"":""C00"",""customsDesc"":""TOTAL CPC"",""mosCode"":""0"",""motCode"":0,""motDesc"":""TOTAL MOT"",""qtyUnitCode"":8,""qtyUnitAbbr"":""kg"",""qty"":2774.4,""isQtyEstimated"":false,""altQtyUnitCode"":8,""altQtyUnitAbbr"":""kg"",""altQty"":2774.4,""isAltQtyEstimated"":false,""netWgt"":2774.4,""isNetWgtEstimated"":false,""grossWgt"":0,""isGrossWgtEstimated"":false,""cifvalue"":null,""fobvalue"":18117.8,""primaryValue"":18117.8,""legacyEstimationFlag"":0,""isReported"":false,""isAggregate"":true}"
,UN Comtrade,https://comtradeapi.un.org/public/v1/preview/C/A/HS?reporterCode=360&flowCode=X&cmdCode=090111&period=2025&includeDesc=true,2026-05-30T18:34:22.015Z,"{""reporters"":[{""endpoint"":""https://comtradeapi.un.org/public/v1/preview/C/A/HS"",""reporterCode"":704,""reporterISO"":""VNM"",""flowCode"":""X"",""cmdCode"":""090111"",""period"":""2020,2021,2022,2023,2024,2025"",""includeDesc"":true},{""endpoint"":""https://comtradeapi.un.org/public/v1/preview/C/A/HS"",""reporterCode"":76,""reporterISO"":""BRA"",""flowCode"":""X"",""cmdCode"":""090111"",""period"":""2020,2021,2022,2023,2024,2025"",""includeDesc"":true},{""endpoint"":""https://comtradeapi.un.org/public/v1/preview/C/A/HS"",""reporterCode"":360,""reporterISO"":""IDN"",""flowCode"":""X"",""cmdCode"":""090111"",""period"":""2020,2021,2022,2023,2024,2025"",""includeDesc"":true}]}",C,A,20250101,2025,360,IDN,Indonesia,554,NZL,New Zealand,0,W00,World,X,Export,H6,090111,Coffee; not roasted or decaffeinated,C00,TOTAL CPC,0,TOTAL MOT,8,kg,294426,294426,0,2251151.683,true,false,true,"{""typeCode"":""C"",""freqCode"":""A"",""refPeriodId"":20250101,""refYear"":2025,""refMonth"":52,""period"":""2025"",""reporterCode"":360,""reporterISO"":""IDN"",""reporterDesc"":""Indonesia"",""flowCode"":""X"",""flowDesc"":""Export"",""partnerCode"":554,""partnerISO"":""NZL"",""partnerDesc"":""New Zealand"",""partner2Code"":0,""partner2ISO"":""W00"",""partner2Desc"":""World"",""classificationCode"":""H6"",""classificationSearchCode"":""HS"",""isOriginalClassification"":true,""cmdCode"":""090111"",""cmdDesc"":""Coffee; not roasted or decaffeinated"",""aggrLevel"":6,""isLeaf"":true,""customsCode"":""C00"",""customsDesc"":""TOTAL CPC"",""mosCode"":""0"",""motCode"":0,""motDesc"":""TOTAL MOT"",""qtyUnitCode"":8,""qtyUnitAbbr"":""kg"",""qty"":294426,""isQtyEstimated"":false,""altQtyUnitCode"":8,""altQtyUnitAbbr"":""kg"",""altQty"":294426,""isAltQtyEstimated"":false,""netWgt"":294426,""isNetWgtEstimated"":false,""grossWgt"":0,""isGrossWgtEstimated"":false,""cifvalue"":null,""fobvalue"":2251151.683,""primaryValue"":2251151.683,""legacyEstimationFlag"":0,""isReported"":false,""isAggregate"":true}"
,UN Comtrade,https://comtradeapi.un.org/public/v1/preview/C/A/HS?reporterCode=360&flowCode=X&cmdCode=090111&period=2025&includeDesc=true,2026-05-30T18:34:22.015Z,"{""reporters"":[{""endpoint"":""https://comtradeapi.un.org/public/v1/preview/C/A/HS"",""reporterCode"":704,""reporterISO"":""VNM"",""flowCode"":""X"",""cmdCode"":""090111"",""period"":""2020,2021,2022,2023,2024,2025"",""includeDesc"":true},{""endpoint"":""https://comtradeapi.un.org/public/v1/preview/C/A/HS"",""reporterCode"":76,""reporterISO"":""BRA"",""flowCode"":""X"",""cmdCode"":""090111"",""period"":""2020,2021,2022,2023,2024,2025"",""includeDesc"":true},{""endpoint"":""https://comtradeapi.un.org/public/v1/preview/C/A/HS"",""reporterCode"":360,""reporterISO"":""IDN"",""flowCode"":""X"",""cmdCode"":""090111"",""period"":""2020,2021,2022,2023,2024,2025"",""includeDesc"":true}]}",C,A,20250101,2025,360,IDN,Indonesia,566,NGA,Nigeria,0,W00,World,X,Export,H6,090111,Coffee; not roasted or decaffeinated,C00,TOTAL CPC,0,TOTAL MOT,8,kg,486,486,0,2307.87,true,false,true,"{""typeCode"":""C"",""freqCode"":""A"",""refPeriodId"":20250101,""refYear"":2025,""refMonth"":52,""period"":""2025"",""reporterCode"":360,""reporterISO"":""IDN"",""reporterDesc"":""Indonesia"",""flowCode"":""X"",""flowDesc"":""Export"",""partnerCode"":566,""partnerISO"":""NGA"",""partnerDesc"":""Nigeria"",""partner2Code"":0,""partner2ISO"":""W00"",""partner2Desc"":""World"",""classificationCode"":""H6"",""classificationSearchCode"":""HS"",""isOriginalClassification"":true,""cmdCode"":""090111"",""cmdDesc"":""Coffee; not roasted or decaffeinated"",""aggrLevel"":6,""isLeaf"":true,""customsCode"":""C00"",""customsDesc"":""TOTAL CPC"",""mosCode"":""0"",""motCode"":0,""motDesc"":""TOTAL MOT"",""qtyUnitCode"":8,""qtyUnitAbbr"":""kg"",""qty"":486,""isQtyEstimated"":false,""altQtyUnitCode"":8,""altQtyUnitAbbr"":""kg"",""altQty"":486,""isAltQtyEstimated"":false,""netWgt"":486,""isNetWgtEstimated"":false,""grossWgt"":0,""isGrossWgtEstimated"":false,""cifvalue"":null,""fobvalue"":2307.87,""primaryValue"":2307.87,""legacyEstimationFlag"":0,""isReported"":false,""isAggregate"":true}"
,UN Comtrade,https://comtradeapi.un.org/public/v1/preview/C/A/HS?reporterCode=360&flowCode=X&cmdCode=090111&period=2025&includeDesc=true,2026-05-30T18:34:22.015Z,"{""reporters"":[{""endpoint"":""https://comtradeapi.un.org/public/v1/preview/C/A/HS"",""reporterCode"":704,""reporterISO"":""VNM"",""flowCode"":""X"",""cmdCode"":""090111"",""period"":""2020,2021,2022,2023,2024,2025"",""includeDesc"":true},{""endpoint"":""https://comtradeapi.un.org/public/v1/preview/C/A/HS"",""reporterCode"":76,""reporterISO"":""BRA"",""flowCode"":""X"",""cmdCode"":""090111"",""period"":""2020,2021,2022,2023,2024,2025"",""includeDesc"":true},{""endpoint"":""https://comtradeapi.un.org/public/v1/preview/C/A/HS"",""reporterCode"":360,""reporterISO"":""IDN"",""flowCode"":""X"",""cmdCode"":""090111"",""period"":""2020,2021,2022,2023,2024,2025"",""includeDesc"":true}]}",C,A,20250101,2025,360,IDN,Indonesia,579,NOR,Norway,0,W00,World,X,Export,H6,090111,Coffee; not roasted or decaffeinated,C00,TOTAL CPC,0,TOTAL MOT,8,kg,112800,112800,0,847248,true,false,true,"{""typeCode"":""C"",""freqCode"":""A"",""refPeriodId"":20250101,""refYear"":2025,""refMonth"":52,""period"":""2025"",""reporterCode"":360,""reporterISO"":""IDN"",""reporterDesc"":""Indonesia"",""flowCode"":""X"",""flowDesc"":""Export"",""partnerCode"":579,""partnerISO"":""NOR"",""partnerDesc"":""Norway"",""partner2Code"":0,""partner2ISO"":""W00"",""partner2Desc"":""World"",""classificationCode"":""H6"",""classificationSearchCode"":""HS"",""isOriginalClassification"":true,""cmdCode"":""090111"",""cmdDesc"":""Coffee; not roasted or decaffeinated"",""aggrLevel"":6,""isLeaf"":true,""customsCode"":""C00"",""customsDesc"":""TOTAL CPC"",""mosCode"":""0"",""motCode"":0,""motDesc"":""TOTAL MOT"",""qtyUnitCode"":8,""qtyUnitAbbr"":""kg"",""qty"":112800,""isQtyEstimated"":false,""altQtyUnitCode"":8,""altQtyUnitAbbr"":""kg"",""altQty"":112800,""isAltQtyEstimated"":false,""netWgt"":112800,""isNetWgtEstimated"":false,""grossWgt"":0,""isGrossWgtEstimated"":false,""cifvalue"":null,""fobvalue"":847248,""primaryValue"":847248,""legacyEstimationFlag"":0,""isReported"":false,""isAggregate"":true}"
,UN Comtrade,https://comtradeapi.un.org/public/v1/preview/C/A/HS?reporterCode=360&flowCode=X&cmdCode=090111&period=2025&includeDesc=true,2026-05-30T18:34:22.015Z,"{""reporters"":[{""endpoint"":""https://comtradeapi.un.org/public/v1/preview/C/A/HS"",""reporterCode"":704,""reporterISO"":""VNM"",""flowCode"":""X"",""cmdCode"":""090111"",""period"":""2020,2021,2022,2023,2024,2025"",""includeDesc"":true},{""endpoint"":""https://comtradeapi.un.org/public/v1/preview/C/A/HS"",""reporterCode"":76,""reporterISO"":""BRA"",""flowCode"":""X"",""cmdCode"":""090111"",""period"":""2020,2021,2022,2023,2024,2025"",""includeDesc"":true},{""endpoint"":""https://comtradeapi.un.org/public/v1/preview/C/A/HS"",""reporterCode"":360,""reporterISO"":""IDN"",""flowCode"":""X"",""cmdCode"":""090111"",""period"":""2020,2021,2022,2023,2024,2025"",""includeDesc"":true}]}",C,A,20250101,2025,360,IDN,Indonesia,586,PAK,Pakistan,0,W00,World,X,Export,H6,090111,Coffee; not roasted or decaffeinated,C00,TOTAL CPC,0,TOTAL MOT,8,kg,23020,23020,0,158921.6,true,false,true,"{""typeCode"":""C"",""freqCode"":""A"",""refPeriodId"":20250101,""refYear"":2025,""refMonth"":52,""period"":""2025"",""reporterCode"":360,""reporterISO"":""IDN"",""reporterDesc"":""Indonesia"",""flowCode"":""X"",""flowDesc"":""Export"",""partnerCode"":586,""partnerISO"":""PAK"",""partnerDesc"":""Pakistan"",""partner2Code"":0,""partner2ISO"":""W00"",""partner2Desc"":""World"",""classificationCode"":""H6"",""classificationSearchCode"":""HS"",""isOriginalClassification"":true,""cmdCode"":""090111"",""cmdDesc"":""Coffee; not roasted or decaffeinated"",""aggrLevel"":6,""isLeaf"":true,""customsCode"":""C00"",""customsDesc"":""TOTAL CPC"",""mosCode"":""0"",""motCode"":0,""motDesc"":""TOTAL MOT"",""qtyUnitCode"":8,""qtyUnitAbbr"":""kg"",""qty"":23020,""isQtyEstimated"":false,""altQtyUnitCode"":8,""altQtyUnitAbbr"":""kg"",""altQty"":23020,""isAltQtyEstimated"":false,""netWgt"":23020,""isNetWgtEstimated"":false,""grossWgt"":0,""isGrossWgtEstimated"":false,""cifvalue"":null,""fobvalue"":158921.6,""primaryValue"":158921.6,""legacyEstimationFlag"":0,""isReported"":false,""isAggregate"":true}"
,UN Comtrade,https://comtradeapi.un.org/public/v1/preview/C/A/HS?reporterCode=360&flowCode=X&cmdCode=090111&period=2025&includeDesc=true,2026-05-30T18:34:22.015Z,"{""reporters"":[{""endpoint"":""https://comtradeapi.un.org/public/v1/preview/C/A/HS"",""reporterCode"":704,""reporterISO"":""VNM"",""flowCode"":""X"",""cmdCode"":""090111"",""period"":""2020,2021,2022,2023,2024,2025"",""includeDesc"":true},{""endpoint"":""https://comtradeapi.un.org/public/v1/preview/C/A/HS"",""reporterCode"":76,""reporterISO"":""BRA"",""flowCode"":""X"",""cmdCode"":""090111"",""period"":""2020,2021,2022,2023,2024,2025"",""includeDesc"":true},{""endpoint"":""https://comtradeapi.un.org/public/v1/preview/C/A/HS"",""reporterCode"":360,""reporterISO"":""IDN"",""flowCode"":""X"",""cmdCode"":""090111"",""period"":""2020,2021,2022,2023,2024,2025"",""includeDesc"":true}]}",C,A,20250101,2025,360,IDN,Indonesia,608,PHL,Philippines,0,W00,World,X,Export,H6,090111,Coffee; not roasted or decaffeinated,C00,TOTAL CPC,0,TOTAL MOT,8,kg,6431700,6431700,0,31668155.31,true,false,true,"{""typeCode"":""C"",""freqCode"":""A"",""refPeriodId"":20250101,""refYear"":2025,""refMonth"":52,""period"":""2025"",""reporterCode"":360,""reporterISO"":""IDN"",""reporterDesc"":""Indonesia"",""flowCode"":""X"",""flowDesc"":""Export"",""partnerCode"":608,""partnerISO"":""PHL"",""partnerDesc"":""Philippines"",""partner2Code"":0,""partner2ISO"":""W00"",""partner2Desc"":""World"",""classificationCode"":""H6"",""classificationSearchCode"":""HS"",""isOriginalClassification"":true,""cmdCode"":""090111"",""cmdDesc"":""Coffee; not roasted or decaffeinated"",""aggrLevel"":6,""isLeaf"":true,""customsCode"":""C00"",""customsDesc"":""TOTAL CPC"",""mosCode"":""0"",""motCode"":0,""motDesc"":""TOTAL MOT"",""qtyUnitCode"":8,""qtyUnitAbbr"":""kg"",""qty"":6431700,""isQtyEstimated"":false,""altQtyUnitCode"":8,""altQtyUnitAbbr"":""kg"",""altQty"":6431700,""isAltQtyEstimated"":false,""netWgt"":6431700,""isNetWgtEstimated"":false,""grossWgt"":0,""isGrossWgtEstimated"":false,""cifvalue"":null,""fobvalue"":31668155.31,""primaryValue"":31668155.31,""legacyEstimationFlag"":0,""isReported"":false,""isAggregate"":true}"
,UN Comtrade,https://comtradeapi.un.org/public/v1/preview/C/A/HS?reporterCode=360&flowCode=X&cmdCode=090111&period=2025&includeDesc=true,2026-05-30T18:34:22.015Z,"{""reporters"":[{""endpoint"":""https://comtradeapi.un.org/public/v1/preview/C/A/HS"",""reporterCode"":704,""reporterISO"":""VNM"",""flowCode"":""X"",""cmdCode"":""090111"",""period"":""2020,2021,2022,2023,2024,2025"",""includeDesc"":true},{""endpoint"":""https://comtradeapi.un.org/public/v1/preview/C/A/HS"",""reporterCode"":76,""reporterISO"":""BRA"",""flowCode"":""X"",""cmdCode"":""090111"",""period"":""2020,2021,2022,2023,2024,2025"",""includeDesc"":true},{""endpoint"":""https://comtradeapi.un.org/public/v1/preview/C/A/HS"",""reporterCode"":360,""reporterISO"":""IDN"",""flowCode"":""X"",""cmdCode"":""090111"",""period"":""2020,2021,2022,2023,2024,2025"",""includeDesc"":true}]}",C,A,20250101,2025,360,IDN,Indonesia,616,POL,Poland,0,W00,World,X,Export,H6,090111,Coffee; not roasted or decaffeinated,C00,TOTAL CPC,0,TOTAL MOT,8,kg,489744,489744,0,2377373.45,true,false,true,"{""typeCode"":""C"",""freqCode"":""A"",""refPeriodId"":20250101,""refYear"":2025,""refMonth"":52,""period"":""2025"",""reporterCode"":360,""reporterISO"":""IDN"",""reporterDesc"":""Indonesia"",""flowCode"":""X"",""flowDesc"":""Export"",""partnerCode"":616,""partnerISO"":""POL"",""partnerDesc"":""Poland"",""partner2Code"":0,""partner2ISO"":""W00"",""partner2Desc"":""World"",""classificationCode"":""H6"",""classificationSearchCode"":""HS"",""isOriginalClassification"":true,""cmdCode"":""090111"",""cmdDesc"":""Coffee; not roasted or decaffeinated"",""aggrLevel"":6,""isLeaf"":true,""customsCode"":""C00"",""customsDesc"":""TOTAL CPC"",""mosCode"":""0"",""motCode"":0,""motDesc"":""TOTAL MOT"",""qtyUnitCode"":8,""qtyUnitAbbr"":""kg"",""qty"":489744,""isQtyEstimated"":false,""altQtyUnitCode"":8,""altQtyUnitAbbr"":""kg"",""altQty"":489744,""isAltQtyEstimated"":false,""netWgt"":489744,""isNetWgtEstimated"":false,""grossWgt"":0,""isGrossWgtEstimated"":false,""cifvalue"":null,""fobvalue"":2377373.45,""primaryValue"":2377373.45,""legacyEstimationFlag"":0,""isReported"":false,""isAggregate"":true}"
,UN Comtrade,https://comtradeapi.un.org/public/v1/preview/C/A/HS?reporterCode=360&flowCode=X&cmdCode=090111&period=2025&includeDesc=true,2026-05-30T18:34:22.015Z,"{""reporters"":[{""endpoint"":""https://comtradeapi.un.org/public/v1/preview/C/A/HS"",""reporterCode"":704,""reporterISO"":""VNM"",""flowCode"":""X"",""cmdCode"":""090111"",""period"":""2020,2021,2022,2023,2024,2025"",""includeDesc"":true},{""endpoint"":""https://comtradeapi.un.org/public/v1/preview/C/A/HS"",""reporterCode"":76,""reporterISO"":""BRA"",""flowCode"":""X"",""cmdCode"":""090111"",""period"":""2020,2021,2022,2023,2024,2025"",""includeDesc"":true},{""endpoint"":""https://comtradeapi.un.org/public/v1/preview/C/A/HS"",""reporterCode"":360,""reporterISO"":""IDN"",""flowCode"":""X"",""cmdCode"":""090111"",""period"":""2020,2021,2022,2023,2024,2025"",""includeDesc"":true}]}",C,A,20250101,2025,360,IDN,Indonesia,620,PRT,Portugal,0,W00,World,X,Export,H6,090111,Coffee; not roasted or decaffeinated,C00,TOTAL CPC,0,TOTAL MOT,8,kg,1863400,1863400,0,8970143.48,true,false,true,"{""typeCode"":""C"",""freqCode"":""A"",""refPeriodId"":20250101,""refYear"":2025,""refMonth"":52,""period"":""2025"",""reporterCode"":360,""reporterISO"":""IDN"",""reporterDesc"":""Indonesia"",""flowCode"":""X"",""flowDesc"":""Export"",""partnerCode"":620,""partnerISO"":""PRT"",""partnerDesc"":""Portugal"",""partner2Code"":0,""partner2ISO"":""W00"",""partner2Desc"":""World"",""classificationCode"":""H6"",""classificationSearchCode"":""HS"",""isOriginalClassification"":true,""cmdCode"":""090111"",""cmdDesc"":""Coffee; not roasted or decaffeinated"",""aggrLevel"":6,""isLeaf"":true,""customsCode"":""C00"",""customsDesc"":""TOTAL CPC"",""mosCode"":""0"",""motCode"":0,""motDesc"":""TOTAL MOT"",""qtyUnitCode"":8,""qtyUnitAbbr"":""kg"",""qty"":1863400,""isQtyEstimated"":false,""altQtyUnitCode"":8,""altQtyUnitAbbr"":""kg"",""altQty"":1863400,""isAltQtyEstimated"":false,""netWgt"":1863400,""isNetWgtEstimated"":false,""grossWgt"":0,""isGrossWgtEstimated"":false,""cifvalue"":null,""fobvalue"":8970143.48,""primaryValue"":8970143.48,""legacyEstimationFlag"":0,""isReported"":false,""isAggregate"":true}"
,UN Comtrade,https://comtradeapi.un.org/public/v1/preview/C/A/HS?reporterCode=360&flowCode=X&cmdCode=090111&period=2025&includeDesc=true,2026-05-30T18:34:22.015Z,"{""reporters"":[{""endpoint"":""https://comtradeapi.un.org/public/v1/preview/C/A/HS"",""reporterCode"":704,""reporterISO"":""VNM"",""flowCode"":""X"",""cmdCode"":""090111"",""period"":""2020,2021,2022,2023,2024,2025"",""includeDesc"":true},{""endpoint"":""https://comtradeapi.un.org/public/v1/preview/C/A/HS"",""reporterCode"":76,""reporterISO"":""BRA"",""flowCode"":""X"",""cmdCode"":""090111"",""period"":""2020,2021,2022,2023,2024,2025"",""includeDesc"":true},{""endpoint"":""https://comtradeapi.un.org/public/v1/preview/C/A/HS"",""reporterCode"":360,""reporterISO"":""IDN"",""flowCode"":""X"",""cmdCode"":""090111"",""period"":""2020,2021,2022,2023,2024,2025"",""includeDesc"":true}]}",C,A,20250101,2025,360,IDN,Indonesia,626,TLS,Timor-Leste,0,W00,World,X,Export,H6,090111,Coffee; not roasted or decaffeinated,C00,TOTAL CPC,0,TOTAL MOT,8,kg,21,21,0,59.22,true,false,true,"{""typeCode"":""C"",""freqCode"":""A"",""refPeriodId"":20250101,""refYear"":2025,""refMonth"":52,""period"":""2025"",""reporterCode"":360,""reporterISO"":""IDN"",""reporterDesc"":""Indonesia"",""flowCode"":""X"",""flowDesc"":""Export"",""partnerCode"":626,""partnerISO"":""TLS"",""partnerDesc"":""Timor-Leste"",""partner2Code"":0,""partner2ISO"":""W00"",""partner2Desc"":""World"",""classificationCode"":""H6"",""classificationSearchCode"":""HS"",""isOriginalClassification"":true,""cmdCode"":""090111"",""cmdDesc"":""Coffee; not roasted or decaffeinated"",""aggrLevel"":6,""isLeaf"":true,""customsCode"":""C00"",""customsDesc"":""TOTAL CPC"",""mosCode"":""0"",""motCode"":0,""motDesc"":""TOTAL MOT"",""qtyUnitCode"":8,""qtyUnitAbbr"":""kg"",""qty"":21,""isQtyEstimated"":false,""altQtyUnitCode"":8,""altQtyUnitAbbr"":""kg"",""altQty"":21,""isAltQtyEstimated"":false,""netWgt"":21,""isNetWgtEstimated"":false,""grossWgt"":0,""isGrossWgtEstimated"":false,""cifvalue"":null,""fobvalue"":59.22,""primaryValue"":59.22,""legacyEstimationFlag"":0,""isReported"":false,""isAggregate"":true}"
,UN Comtrade,https://comtradeapi.un.org/public/v1/preview/C/A/HS?reporterCode=360&flowCode=X&cmdCode=090111&period=2025&includeDesc=true,2026-05-30T18:34:22.015Z,"{""reporters"":[{""endpoint"":""https://comtradeapi.un.org/public/v1/preview/C/A/HS"",""reporterCode"":704,""reporterISO"":""VNM"",""flowCode"":""X"",""cmdCode"":""090111"",""period"":""2020,2021,2022,2023,2024,2025"",""includeDesc"":true},{""endpoint"":""https://comtradeapi.un.org/public/v1/preview/C/A/HS"",""reporterCode"":76,""reporterISO"":""BRA"",""flowCode"":""X"",""cmdCode"":""090111"",""period"":""2020,2021,2022,2023,2024,2025"",""includeDesc"":true},{""endpoint"":""https://comtradeapi.un.org/public/v1/preview/C/A/HS"",""reporterCode"":360,""reporterISO"":""IDN"",""flowCode"":""X"",""cmdCode"":""090111"",""period"":""2020,2021,2022,2023,2024,2025"",""includeDesc"":true}]}",C,A,20250101,2025,360,IDN,Indonesia,634,QAT,Qatar,0,W00,World,X,Export,H6,090111,Coffee; not roasted or decaffeinated,C00,TOTAL CPC,0,TOTAL MOT,8,kg,32090,32090,0,314700.39,true,false,true,"{""typeCode"":""C"",""freqCode"":""A"",""refPeriodId"":20250101,""refYear"":2025,""refMonth"":52,""period"":""2025"",""reporterCode"":360,""reporterISO"":""IDN"",""reporterDesc"":""Indonesia"",""flowCode"":""X"",""flowDesc"":""Export"",""partnerCode"":634,""partnerISO"":""QAT"",""partnerDesc"":""Qatar"",""partner2Code"":0,""partner2ISO"":""W00"",""partner2Desc"":""World"",""classificationCode"":""H6"",""classificationSearchCode"":""HS"",""isOriginalClassification"":true,""cmdCode"":""090111"",""cmdDesc"":""Coffee; not roasted or decaffeinated"",""aggrLevel"":6,""isLeaf"":true,""customsCode"":""C00"",""customsDesc"":""TOTAL CPC"",""mosCode"":""0"",""motCode"":0,""motDesc"":""TOTAL MOT"",""qtyUnitCode"":8,""qtyUnitAbbr"":""kg"",""qty"":32090,""isQtyEstimated"":false,""altQtyUnitCode"":8,""altQtyUnitAbbr"":""kg"",""altQty"":32090,""isAltQtyEstimated"":false,""netWgt"":32090,""isNetWgtEstimated"":false,""grossWgt"":0,""isGrossWgtEstimated"":false,""cifvalue"":null,""fobvalue"":314700.39,""primaryValue"":314700.39,""legacyEstimationFlag"":0,""isReported"":false,""isAggregate"":true}"
,UN Comtrade,https://comtradeapi.un.org/public/v1/preview/C/A/HS?reporterCode=360&flowCode=X&cmdCode=090111&period=2025&includeDesc=true,2026-05-30T18:34:22.015Z,"{""reporters"":[{""endpoint"":""https://comtradeapi.un.org/public/v1/preview/C/A/HS"",""reporterCode"":704,""reporterISO"":""VNM"",""flowCode"":""X"",""cmdCode"":""090111"",""period"":""2020,2021,2022,2023,2024,2025"",""includeDesc"":true},{""endpoint"":""https://comtradeapi.un.org/public/v1/preview/C/A/HS"",""reporterCode"":76,""reporterISO"":""BRA"",""flowCode"":""X"",""cmdCode"":""090111"",""period"":""2020,2021,2022,2023,2024,2025"",""includeDesc"":true},{""endpoint"":""https://comtradeapi.un.org/public/v1/preview/C/A/HS"",""reporterCode"":360,""reporterISO"":""IDN"",""flowCode"":""X"",""cmdCode"":""090111"",""period"":""2020,2021,2022,2023,2024,2025"",""includeDesc"":true}]}",C,A,20250101,2025,360,IDN,Indonesia,642,ROU,Romania,0,W00,World,X,Export,H6,090111,Coffee; not roasted or decaffeinated,C00,TOTAL CPC,0,TOTAL MOT,8,kg,392000,392000,0,1596896,true,false,true,"{""typeCode"":""C"",""freqCode"":""A"",""refPeriodId"":20250101,""refYear"":2025,""refMonth"":52,""period"":""2025"",""reporterCode"":360,""reporterISO"":""IDN"",""reporterDesc"":""Indonesia"",""flowCode"":""X"",""flowDesc"":""Export"",""partnerCode"":642,""partnerISO"":""ROU"",""partnerDesc"":""Romania"",""partner2Code"":0,""partner2ISO"":""W00"",""partner2Desc"":""World"",""classificationCode"":""H6"",""classificationSearchCode"":""HS"",""isOriginalClassification"":true,""cmdCode"":""090111"",""cmdDesc"":""Coffee; not roasted or decaffeinated"",""aggrLevel"":6,""isLeaf"":true,""customsCode"":""C00"",""customsDesc"":""TOTAL CPC"",""mosCode"":""0"",""motCode"":0,""motDesc"":""TOTAL MOT"",""qtyUnitCode"":8,""qtyUnitAbbr"":""kg"",""qty"":392000,""isQtyEstimated"":false,""altQtyUnitCode"":8,""altQtyUnitAbbr"":""kg"",""altQty"":392000,""isAltQtyEstimated"":false,""netWgt"":392000,""isNetWgtEstimated"":false,""grossWgt"":0,""isGrossWgtEstimated"":false,""cifvalue"":null,""fobvalue"":1596896,""primaryValue"":1596896,""legacyEstimationFlag"":0,""isReported"":false,""isAggregate"":true}"
,UN Comtrade,https://comtradeapi.un.org/public/v1/preview/C/A/HS?reporterCode=360&flowCode=X&cmdCode=090111&period=2025&includeDesc=true,2026-05-30T18:34:22.015Z,"{""reporters"":[{""endpoint"":""https://comtradeapi.un.org/public/v1/preview/C/A/HS"",""reporterCode"":704,""reporterISO"":""VNM"",""flowCode"":""X"",""cmdCode"":""090111"",""period"":""2020,2021,2022,2023,2024,2025"",""includeDesc"":true},{""endpoint"":""https://comtradeapi.un.org/public/v1/preview/C/A/HS"",""reporterCode"":76,""reporterISO"":""BRA"",""flowCode"":""X"",""cmdCode"":""090111"",""period"":""2020,2021,2022,2023,2024,2025"",""includeDesc"":true},{""endpoint"":""https://comtradeapi.un.org/public/v1/preview/C/A/HS"",""reporterCode"":360,""reporterISO"":""IDN"",""flowCode"":""X"",""cmdCode"":""090111"",""period"":""2020,2021,2022,2023,2024,2025"",""includeDesc"":true}]}",C,A,20250101,2025,360,IDN,Indonesia,643,RUS,Russian Federation,0,W00,World,X,Export,H6,090111,Coffee; not roasted or decaffeinated,C00,TOTAL CPC,0,TOTAL MOT,8,kg,22012278.495,22012278.495,0,103061516.554,true,false,true,"{""typeCode"":""C"",""freqCode"":""A"",""refPeriodId"":20250101,""refYear"":2025,""refMonth"":52,""period"":""2025"",""reporterCode"":360,""reporterISO"":""IDN"",""reporterDesc"":""Indonesia"",""flowCode"":""X"",""flowDesc"":""Export"",""partnerCode"":643,""partnerISO"":""RUS"",""partnerDesc"":""Russian Federation"",""partner2Code"":0,""partner2ISO"":""W00"",""partner2Desc"":""World"",""classificationCode"":""H6"",""classificationSearchCode"":""HS"",""isOriginalClassification"":true,""cmdCode"":""090111"",""cmdDesc"":""Coffee; not roasted or decaffeinated"",""aggrLevel"":6,""isLeaf"":true,""customsCode"":""C00"",""customsDesc"":""TOTAL CPC"",""mosCode"":""0"",""motCode"":0,""motDesc"":""TOTAL MOT"",""qtyUnitCode"":8,""qtyUnitAbbr"":""kg"",""qty"":22012278.495,""isQtyEstimated"":false,""altQtyUnitCode"":8,""altQtyUnitAbbr"":""kg"",""altQty"":22012278.495,""isAltQtyEstimated"":false,""netWgt"":22012278.495,""isNetWgtEstimated"":false,""grossWgt"":0,""isGrossWgtEstimated"":false,""cifvalue"":null,""fobvalue"":103061516.554,""primaryValue"":103061516.554,""legacyEstimationFlag"":0,""isReported"":false,""isAggregate"":true}"
,UN Comtrade,https://comtradeapi.un.org/public/v1/preview/C/A/HS?reporterCode=360&flowCode=X&cmdCode=090111&period=2025&includeDesc=true,2026-05-30T18:34:22.015Z,"{""reporters"":[{""endpoint"":""https://comtradeapi.un.org/public/v1/preview/C/A/HS"",""reporterCode"":704,""reporterISO"":""VNM"",""flowCode"":""X"",""cmdCode"":""090111"",""period"":""2020,2021,2022,2023,2024,2025"",""includeDesc"":true},{""endpoint"":""https://comtradeapi.un.org/public/v1/preview/C/A/HS"",""reporterCode"":76,""reporterISO"":""BRA"",""flowCode"":""X"",""cmdCode"":""090111"",""period"":""2020,2021,2022,2023,2024,2025"",""includeDesc"":true},{""endpoint"":""https://comtradeapi.un.org/public/v1/preview/C/A/HS"",""reporterCode"":360,""reporterISO"":""IDN"",""flowCode"":""X"",""cmdCode"":""090111"",""period"":""2020,2021,2022,2023,2024,2025"",""includeDesc"":true}]}",C,A,20250101,2025,360,IDN,Indonesia,682,SAU,Saudi Arabia,0,W00,World,X,Export,H6,090111,Coffee; not roasted or decaffeinated,C00,TOTAL CPC,0,TOTAL MOT,8,kg,347656.9,347656.9,0,4301459.269,true,false,true,"{""typeCode"":""C"",""freqCode"":""A"",""refPeriodId"":20250101,""refYear"":2025,""refMonth"":52,""period"":""2025"",""reporterCode"":360,""reporterISO"":""IDN"",""reporterDesc"":""Indonesia"",""flowCode"":""X"",""flowDesc"":""Export"",""partnerCode"":682,""partnerISO"":""SAU"",""partnerDesc"":""Saudi Arabia"",""partner2Code"":0,""partner2ISO"":""W00"",""partner2Desc"":""World"",""classificationCode"":""H6"",""classificationSearchCode"":""HS"",""isOriginalClassification"":true,""cmdCode"":""090111"",""cmdDesc"":""Coffee; not roasted or decaffeinated"",""aggrLevel"":6,""isLeaf"":true,""customsCode"":""C00"",""customsDesc"":""TOTAL CPC"",""mosCode"":""0"",""motCode"":0,""motDesc"":""TOTAL MOT"",""qtyUnitCode"":8,""qtyUnitAbbr"":""kg"",""qty"":347656.9,""isQtyEstimated"":false,""altQtyUnitCode"":8,""altQtyUnitAbbr"":""kg"",""altQty"":347656.9,""isAltQtyEstimated"":false,""netWgt"":347656.9,""isNetWgtEstimated"":false,""grossWgt"":0,""isGrossWgtEstimated"":false,""cifvalue"":null,""fobvalue"":4301459.269,""primaryValue"":4301459.269,""legacyEstimationFlag"":0,""isReported"":false,""isAggregate"":true}"
,UN Comtrade,https://comtradeapi.un.org/public/v1/preview/C/A/HS?reporterCode=360&flowCode=X&cmdCode=090111&period=2025&includeDesc=true,2026-05-30T18:34:22.015Z,"{""reporters"":[{""endpoint"":""https://comtradeapi.un.org/public/v1/preview/C/A/HS"",""reporterCode"":704,""reporterISO"":""VNM"",""flowCode"":""X"",""cmdCode"":""090111"",""period"":""2020,2021,2022,2023,2024,2025"",""includeDesc"":true},{""endpoint"":""https://comtradeapi.un.org/public/v1/preview/C/A/HS"",""reporterCode"":76,""reporterISO"":""BRA"",""flowCode"":""X"",""cmdCode"":""090111"",""period"":""2020,2021,2022,2023,2024,2025"",""includeDesc"":true},{""endpoint"":""https://comtradeapi.un.org/public/v1/preview/C/A/HS"",""reporterCode"":360,""reporterISO"":""IDN"",""flowCode"":""X"",""cmdCode"":""090111"",""period"":""2020,2021,2022,2023,2024,2025"",""includeDesc"":true}]}",C,A,20250101,2025,360,IDN,Indonesia,686,SEN,Senegal,0,W00,World,X,Export,H6,090111,Coffee; not roasted or decaffeinated,C00,TOTAL CPC,0,TOTAL MOT,8,kg,96000,96000,0,423840,true,false,true,"{""typeCode"":""C"",""freqCode"":""A"",""refPeriodId"":20250101,""refYear"":2025,""refMonth"":52,""period"":""2025"",""reporterCode"":360,""reporterISO"":""IDN"",""reporterDesc"":""Indonesia"",""flowCode"":""X"",""flowDesc"":""Export"",""partnerCode"":686,""partnerISO"":""SEN"",""partnerDesc"":""Senegal"",""partner2Code"":0,""partner2ISO"":""W00"",""partner2Desc"":""World"",""classificationCode"":""H6"",""classificationSearchCode"":""HS"",""isOriginalClassification"":true,""cmdCode"":""090111"",""cmdDesc"":""Coffee; not roasted or decaffeinated"",""aggrLevel"":6,""isLeaf"":true,""customsCode"":""C00"",""customsDesc"":""TOTAL CPC"",""mosCode"":""0"",""motCode"":0,""motDesc"":""TOTAL MOT"",""qtyUnitCode"":8,""qtyUnitAbbr"":""kg"",""qty"":96000,""isQtyEstimated"":false,""altQtyUnitCode"":8,""altQtyUnitAbbr"":""kg"",""altQty"":96000,""isAltQtyEstimated"":false,""netWgt"":96000,""isNetWgtEstimated"":false,""grossWgt"":0,""isGrossWgtEstimated"":false,""cifvalue"":null,""fobvalue"":423840,""primaryValue"":423840,""legacyEstimationFlag"":0,""isReported"":false,""isAggregate"":true}"
,UN Comtrade,https://comtradeapi.un.org/public/v1/preview/C/A/HS?reporterCode=360&flowCode=X&cmdCode=090111&period=2025&includeDesc=true,2026-05-30T18:34:22.015Z,"{""reporters"":[{""endpoint"":""https://comtradeapi.un.org/public/v1/preview/C/A/HS"",""reporterCode"":704,""reporterISO"":""VNM"",""flowCode"":""X"",""cmdCode"":""090111"",""period"":""2020,2021,2022,2023,2024,2025"",""includeDesc"":true},{""endpoint"":""https://comtradeapi.un.org/public/v1/preview/C/A/HS"",""reporterCode"":76,""reporterISO"":""BRA"",""flowCode"":""X"",""cmdCode"":""090111"",""period"":""2020,2021,2022,2023,2024,2025"",""includeDesc"":true},{""endpoint"":""https://comtradeapi.un.org/public/v1/preview/C/A/HS"",""reporterCode"":360,""reporterISO"":""IDN"",""flowCode"":""X"",""cmdCode"":""090111"",""period"":""2020,2021,2022,2023,2024,2025"",""includeDesc"":true}]}",C,A,20250101,2025,360,IDN,Indonesia,699,IND,India,0,W00,World,X,Export,H6,090111,Coffee; not roasted or decaffeinated,C00,TOTAL CPC,0,TOTAL MOT,8,kg,25277042.4,25277042.4,0,100925390.145,true,false,true,"{""typeCode"":""C"",""freqCode"":""A"",""refPeriodId"":20250101,""refYear"":2025,""refMonth"":52,""period"":""2025"",""reporterCode"":360,""reporterISO"":""IDN"",""reporterDesc"":""Indonesia"",""flowCode"":""X"",""flowDesc"":""Export"",""partnerCode"":699,""partnerISO"":""IND"",""partnerDesc"":""India"",""partner2Code"":0,""partner2ISO"":""W00"",""partner2Desc"":""World"",""classificationCode"":""H6"",""classificationSearchCode"":""HS"",""isOriginalClassification"":true,""cmdCode"":""090111"",""cmdDesc"":""Coffee; not roasted or decaffeinated"",""aggrLevel"":6,""isLeaf"":true,""customsCode"":""C00"",""customsDesc"":""TOTAL CPC"",""mosCode"":""0"",""motCode"":0,""motDesc"":""TOTAL MOT"",""qtyUnitCode"":8,""qtyUnitAbbr"":""kg"",""qty"":25277042.4,""isQtyEstimated"":false,""altQtyUnitCode"":8,""altQtyUnitAbbr"":""kg"",""altQty"":25277042.4,""isAltQtyEstimated"":false,""netWgt"":25277042.4,""isNetWgtEstimated"":false,""grossWgt"":0,""isGrossWgtEstimated"":false,""cifvalue"":null,""fobvalue"":100925390.145,""primaryValue"":100925390.145,""legacyEstimationFlag"":0,""isReported"":false,""isAggregate"":true}"
,UN Comtrade,https://comtradeapi.un.org/public/v1/preview/C/A/HS?reporterCode=360&flowCode=X&cmdCode=090111&period=2025&includeDesc=true,2026-05-30T18:34:22.015Z,"{""reporters"":[{""endpoint"":""https://comtradeapi.un.org/public/v1/preview/C/A/HS"",""reporterCode"":704,""reporterISO"":""VNM"",""flowCode"":""X"",""cmdCode"":""090111"",""period"":""2020,2021,2022,2023,2024,2025"",""includeDesc"":true},{""endpoint"":""https://comtradeapi.un.org/public/v1/preview/C/A/HS"",""reporterCode"":76,""reporterISO"":""BRA"",""flowCode"":""X"",""cmdCode"":""090111"",""period"":""2020,2021,2022,2023,2024,2025"",""includeDesc"":true},{""endpoint"":""https://comtradeapi.un.org/public/v1/preview/C/A/HS"",""reporterCode"":360,""reporterISO"":""IDN"",""flowCode"":""X"",""cmdCode"":""090111"",""period"":""2020,2021,2022,2023,2024,2025"",""includeDesc"":true}]}",C,A,20250101,2025,360,IDN,Indonesia,702,SGP,Singapore,0,W00,World,X,Export,H6,090111,Coffee; not roasted or decaffeinated,C00,TOTAL CPC,0,TOTAL MOT,8,kg,4663172.12,4663172.12,0,21789230.03,true,false,true,"{""typeCode"":""C"",""freqCode"":""A"",""refPeriodId"":20250101,""refYear"":2025,""refMonth"":52,""period"":""2025"",""reporterCode"":360,""reporterISO"":""IDN"",""reporterDesc"":""Indonesia"",""flowCode"":""X"",""flowDesc"":""Export"",""partnerCode"":702,""partnerISO"":""SGP"",""partnerDesc"":""Singapore"",""partner2Code"":0,""partner2ISO"":""W00"",""partner2Desc"":""World"",""classificationCode"":""H6"",""classificationSearchCode"":""HS"",""isOriginalClassification"":true,""cmdCode"":""090111"",""cmdDesc"":""Coffee; not roasted or decaffeinated"",""aggrLevel"":6,""isLeaf"":true,""customsCode"":""C00"",""customsDesc"":""TOTAL CPC"",""mosCode"":""0"",""motCode"":0,""motDesc"":""TOTAL MOT"",""qtyUnitCode"":8,""qtyUnitAbbr"":""kg"",""qty"":4663172.12,""isQtyEstimated"":false,""altQtyUnitCode"":8,""altQtyUnitAbbr"":""kg"",""altQty"":4663172.12,""isAltQtyEstimated"":false,""netWgt"":4663172.12,""isNetWgtEstimated"":false,""grossWgt"":0,""isGrossWgtEstimated"":false,""cifvalue"":null,""fobvalue"":21789230.03,""primaryValue"":21789230.03,""legacyEstimationFlag"":0,""isReported"":false,""isAggregate"":true}"
,UN Comtrade,https://comtradeapi.un.org/public/v1/preview/C/A/HS?reporterCode=360&flowCode=X&cmdCode=090111&period=2025&includeDesc=true,2026-05-30T18:34:22.015Z,"{""reporters"":[{""endpoint"":""https://comtradeapi.un.org/public/v1/preview/C/A/HS"",""reporterCode"":704,""reporterISO"":""VNM"",""flowCode"":""X"",""cmdCode"":""090111"",""period"":""2020,2021,2022,2023,2024,2025"",""includeDesc"":true},{""endpoint"":""https://comtradeapi.un.org/public/v1/preview/C/A/HS"",""reporterCode"":76,""reporterISO"":""BRA"",""flowCode"":""X"",""cmdCode"":""090111"",""period"":""2020,2021,2022,2023,2024,2025"",""includeDesc"":true},{""endpoint"":""https://comtradeapi.un.org/public/v1/preview/C/A/HS"",""reporterCode"":360,""reporterISO"":""IDN"",""flowCode"":""X"",""cmdCode"":""090111"",""period"":""2020,2021,2022,2023,2024,2025"",""includeDesc"":true}]}",C,A,20250101,2025,360,IDN,Indonesia,703,SVK,Slovakia,0,W00,World,X,Export,H6,090111,Coffee; not roasted or decaffeinated,C00,TOTAL CPC,0,TOTAL MOT,8,kg,4160,4160,0,26737.65,true,false,true,"{""typeCode"":""C"",""freqCode"":""A"",""refPeriodId"":20250101,""refYear"":2025,""refMonth"":52,""period"":""2025"",""reporterCode"":360,""reporterISO"":""IDN"",""reporterDesc"":""Indonesia"",""flowCode"":""X"",""flowDesc"":""Export"",""partnerCode"":703,""partnerISO"":""SVK"",""partnerDesc"":""Slovakia"",""partner2Code"":0,""partner2ISO"":""W00"",""partner2Desc"":""World"",""classificationCode"":""H6"",""classificationSearchCode"":""HS"",""isOriginalClassification"":true,""cmdCode"":""090111"",""cmdDesc"":""Coffee; not roasted or decaffeinated"",""aggrLevel"":6,""isLeaf"":true,""customsCode"":""C00"",""customsDesc"":""TOTAL CPC"",""mosCode"":""0"",""motCode"":0,""motDesc"":""TOTAL MOT"",""qtyUnitCode"":8,""qtyUnitAbbr"":""kg"",""qty"":4160,""isQtyEstimated"":false,""altQtyUnitCode"":8,""altQtyUnitAbbr"":""kg"",""altQty"":4160,""isAltQtyEstimated"":false,""netWgt"":4160,""isNetWgtEstimated"":false,""grossWgt"":0,""isGrossWgtEstimated"":false,""cifvalue"":null,""fobvalue"":26737.65,""primaryValue"":26737.65,""legacyEstimationFlag"":0,""isReported"":false,""isAggregate"":true}"
,UN Comtrade,https://comtradeapi.un.org/public/v1/preview/C/A/HS?reporterCode=360&flowCode=X&cmdCode=090111&period=2025&includeDesc=true,2026-05-30T18:34:22.015Z,"{""reporters"":[{""endpoint"":""https://comtradeapi.un.org/public/v1/preview/C/A/HS"",""reporterCode"":704,""reporterISO"":""VNM"",""flowCode"":""X"",""cmdCode"":""090111"",""period"":""2020,2021,2022,2023,2024,2025"",""includeDesc"":true},{""endpoint"":""https://comtradeapi.un.org/public/v1/preview/C/A/HS"",""reporterCode"":76,""reporterISO"":""BRA"",""flowCode"":""X"",""cmdCode"":""090111"",""period"":""2020,2021,2022,2023,2024,2025"",""includeDesc"":true},{""endpoint"":""https://comtradeapi.un.org/public/v1/preview/C/A/HS"",""reporterCode"":360,""reporterISO"":""IDN"",""flowCode"":""X"",""cmdCode"":""090111"",""period"":""2020,2021,2022,2023,2024,2025"",""includeDesc"":true}]}",C,A,20250101,2025,360,IDN,Indonesia,704,VNM,Viet Nam,0,W00,World,X,Export,H6,090111,Coffee; not roasted or decaffeinated,C00,TOTAL CPC,0,TOTAL MOT,8,kg,28836251.1,28836251.1,0,111594150.974,true,false,true,"{""typeCode"":""C"",""freqCode"":""A"",""refPeriodId"":20250101,""refYear"":2025,""refMonth"":52,""period"":""2025"",""reporterCode"":360,""reporterISO"":""IDN"",""reporterDesc"":""Indonesia"",""flowCode"":""X"",""flowDesc"":""Export"",""partnerCode"":704,""partnerISO"":""VNM"",""partnerDesc"":""Viet Nam"",""partner2Code"":0,""partner2ISO"":""W00"",""partner2Desc"":""World"",""classificationCode"":""H6"",""classificationSearchCode"":""HS"",""isOriginalClassification"":true,""cmdCode"":""090111"",""cmdDesc"":""Coffee; not roasted or decaffeinated"",""aggrLevel"":6,""isLeaf"":true,""customsCode"":""C00"",""customsDesc"":""TOTAL CPC"",""mosCode"":""0"",""motCode"":0,""motDesc"":""TOTAL MOT"",""qtyUnitCode"":8,""qtyUnitAbbr"":""kg"",""qty"":28836251.1,""isQtyEstimated"":false,""altQtyUnitCode"":8,""altQtyUnitAbbr"":""kg"",""altQty"":28836251.1,""isAltQtyEstimated"":false,""netWgt"":28836251.1,""isNetWgtEstimated"":false,""grossWgt"":0,""isGrossWgtEstimated"":false,""cifvalue"":null,""fobvalue"":111594150.974,""primaryValue"":111594150.974,""legacyEstimationFlag"":0,""isReported"":false,""isAggregate"":true}"
,UN Comtrade,https://comtradeapi.un.org/public/v1/preview/C/A/HS?reporterCode=360&flowCode=X&cmdCode=090111&period=2025&includeDesc=true,2026-05-30T18:34:22.015Z,"{""reporters"":[{""endpoint"":""https://comtradeapi.un.org/public/v1/preview/C/A/HS"",""reporterCode"":704,""reporterISO"":""VNM"",""flowCode"":""X"",""cmdCode"":""090111"",""period"":""2020,2021,2022,2023,2024,2025"",""includeDesc"":true},{""endpoint"":""https://comtradeapi.un.org/public/v1/preview/C/A/HS"",""reporterCode"":76,""reporterISO"":""BRA"",""flowCode"":""X"",""cmdCode"":""090111"",""period"":""2020,2021,2022,2023,2024,2025"",""includeDesc"":true},{""endpoint"":""https://comtradeapi.un.org/public/v1/preview/C/A/HS"",""reporterCode"":360,""reporterISO"":""IDN"",""flowCode"":""X"",""cmdCode"":""090111"",""period"":""2020,2021,2022,2023,2024,2025"",""includeDesc"":true}]}",C,A,20250101,2025,360,IDN,Indonesia,710,ZAF,South Africa,0,W00,World,X,Export,H6,090111,Coffee; not roasted or decaffeinated,C00,TOTAL CPC,0,TOTAL MOT,8,kg,346800,346800,0,2034264,true,false,true,"{""typeCode"":""C"",""freqCode"":""A"",""refPeriodId"":20250101,""refYear"":2025,""refMonth"":52,""period"":""2025"",""reporterCode"":360,""reporterISO"":""IDN"",""reporterDesc"":""Indonesia"",""flowCode"":""X"",""flowDesc"":""Export"",""partnerCode"":710,""partnerISO"":""ZAF"",""partnerDesc"":""South Africa"",""partner2Code"":0,""partner2ISO"":""W00"",""partner2Desc"":""World"",""classificationCode"":""H6"",""classificationSearchCode"":""HS"",""isOriginalClassification"":true,""cmdCode"":""090111"",""cmdDesc"":""Coffee; not roasted or decaffeinated"",""aggrLevel"":6,""isLeaf"":true,""customsCode"":""C00"",""customsDesc"":""TOTAL CPC"",""mosCode"":""0"",""motCode"":0,""motDesc"":""TOTAL MOT"",""qtyUnitCode"":8,""qtyUnitAbbr"":""kg"",""qty"":346800,""isQtyEstimated"":false,""altQtyUnitCode"":8,""altQtyUnitAbbr"":""kg"",""altQty"":346800,""isAltQtyEstimated"":false,""netWgt"":346800,""isNetWgtEstimated"":false,""grossWgt"":0,""isGrossWgtEstimated"":false,""cifvalue"":null,""fobvalue"":2034264,""primaryValue"":2034264,""legacyEstimationFlag"":0,""isReported"":false,""isAggregate"":true}"
,UN Comtrade,https://comtradeapi.un.org/public/v1/preview/C/A/HS?reporterCode=360&flowCode=X&cmdCode=090111&period=2025&includeDesc=true,2026-05-30T18:34:22.015Z,"{""reporters"":[{""endpoint"":""https://comtradeapi.un.org/public/v1/preview/C/A/HS"",""reporterCode"":704,""reporterISO"":""VNM"",""flowCode"":""X"",""cmdCode"":""090111"",""period"":""2020,2021,2022,2023,2024,2025"",""includeDesc"":true},{""endpoint"":""https://comtradeapi.un.org/public/v1/preview/C/A/HS"",""reporterCode"":76,""reporterISO"":""BRA"",""flowCode"":""X"",""cmdCode"":""090111"",""period"":""2020,2021,2022,2023,2024,2025"",""includeDesc"":true},{""endpoint"":""https://comtradeapi.un.org/public/v1/preview/C/A/HS"",""reporterCode"":360,""reporterISO"":""IDN"",""flowCode"":""X"",""cmdCode"":""090111"",""period"":""2020,2021,2022,2023,2024,2025"",""includeDesc"":true}]}",C,A,20250101,2025,360,IDN,Indonesia,724,ESP,Spain,0,W00,World,X,Export,H6,090111,Coffee; not roasted or decaffeinated,C00,TOTAL CPC,0,TOTAL MOT,8,kg,6513400,6513400,0,31909664.8,true,false,true,"{""typeCode"":""C"",""freqCode"":""A"",""refPeriodId"":20250101,""refYear"":2025,""refMonth"":52,""period"":""2025"",""reporterCode"":360,""reporterISO"":""IDN"",""reporterDesc"":""Indonesia"",""flowCode"":""X"",""flowDesc"":""Export"",""partnerCode"":724,""partnerISO"":""ESP"",""partnerDesc"":""Spain"",""partner2Code"":0,""partner2ISO"":""W00"",""partner2Desc"":""World"",""classificationCode"":""H6"",""classificationSearchCode"":""HS"",""isOriginalClassification"":true,""cmdCode"":""090111"",""cmdDesc"":""Coffee; not roasted or decaffeinated"",""aggrLevel"":6,""isLeaf"":true,""customsCode"":""C00"",""customsDesc"":""TOTAL CPC"",""mosCode"":""0"",""motCode"":0,""motDesc"":""TOTAL MOT"",""qtyUnitCode"":8,""qtyUnitAbbr"":""kg"",""qty"":6513400,""isQtyEstimated"":false,""altQtyUnitCode"":8,""altQtyUnitAbbr"":""kg"",""altQty"":6513400,""isAltQtyEstimated"":false,""netWgt"":6513400,""isNetWgtEstimated"":false,""grossWgt"":0,""isGrossWgtEstimated"":false,""cifvalue"":null,""fobvalue"":31909664.8,""primaryValue"":31909664.8,""legacyEstimationFlag"":0,""isReported"":false,""isAggregate"":true}"
,UN Comtrade,https://comtradeapi.un.org/public/v1/preview/C/A/HS?reporterCode=360&flowCode=X&cmdCode=090111&period=2025&includeDesc=true,2026-05-30T18:34:22.015Z,"{""reporters"":[{""endpoint"":""https://comtradeapi.un.org/public/v1/preview/C/A/HS"",""reporterCode"":704,""reporterISO"":""VNM"",""flowCode"":""X"",""cmdCode"":""090111"",""period"":""2020,2021,2022,2023,2024,2025"",""includeDesc"":true},{""endpoint"":""https://comtradeapi.un.org/public/v1/preview/C/A/HS"",""reporterCode"":76,""reporterISO"":""BRA"",""flowCode"":""X"",""cmdCode"":""090111"",""period"":""2020,2021,2022,2023,2024,2025"",""includeDesc"":true},{""endpoint"":""https://comtradeapi.un.org/public/v1/preview/C/A/HS"",""reporterCode"":360,""reporterISO"":""IDN"",""flowCode"":""X"",""cmdCode"":""090111"",""period"":""2020,2021,2022,2023,2024,2025"",""includeDesc"":true}]}",C,A,20250101,2025,360,IDN,Indonesia,729,SDN,Sudan,0,W00,World,X,Export,H6,090111,Coffee; not roasted or decaffeinated,C00,TOTAL CPC,0,TOTAL MOT,8,kg,134400,134400,0,577485.98,true,false,true,"{""typeCode"":""C"",""freqCode"":""A"",""refPeriodId"":20250101,""refYear"":2025,""refMonth"":52,""period"":""2025"",""reporterCode"":360,""reporterISO"":""IDN"",""reporterDesc"":""Indonesia"",""flowCode"":""X"",""flowDesc"":""Export"",""partnerCode"":729,""partnerISO"":""SDN"",""partnerDesc"":""Sudan"",""partner2Code"":0,""partner2ISO"":""W00"",""partner2Desc"":""World"",""classificationCode"":""H6"",""classificationSearchCode"":""HS"",""isOriginalClassification"":true,""cmdCode"":""090111"",""cmdDesc"":""Coffee; not roasted or decaffeinated"",""aggrLevel"":6,""isLeaf"":true,""customsCode"":""C00"",""customsDesc"":""TOTAL CPC"",""mosCode"":""0"",""motCode"":0,""motDesc"":""TOTAL MOT"",""qtyUnitCode"":8,""qtyUnitAbbr"":""kg"",""qty"":134400,""isQtyEstimated"":false,""altQtyUnitCode"":8,""altQtyUnitAbbr"":""kg"",""altQty"":134400,""isAltQtyEstimated"":false,""netWgt"":134400,""isNetWgtEstimated"":false,""grossWgt"":0,""isGrossWgtEstimated"":false,""cifvalue"":null,""fobvalue"":577485.98,""primaryValue"":577485.98,""legacyEstimationFlag"":0,""isReported"":false,""isAggregate"":true}"
,UN Comtrade,https://comtradeapi.un.org/public/v1/preview/C/A/HS?reporterCode=360&flowCode=X&cmdCode=090111&period=2025&includeDesc=true,2026-05-30T18:34:22.015Z,"{""reporters"":[{""endpoint"":""https://comtradeapi.un.org/public/v1/preview/C/A/HS"",""reporterCode"":704,""reporterISO"":""VNM"",""flowCode"":""X"",""cmdCode"":""090111"",""period"":""2020,2021,2022,2023,2024,2025"",""includeDesc"":true},{""endpoint"":""https://comtradeapi.un.org/public/v1/preview/C/A/HS"",""reporterCode"":76,""reporterISO"":""BRA"",""flowCode"":""X"",""cmdCode"":""090111"",""period"":""2020,2021,2022,2023,2024,2025"",""includeDesc"":true},{""endpoint"":""https://comtradeapi.un.org/public/v1/preview/C/A/HS"",""reporterCode"":360,""reporterISO"":""IDN"",""flowCode"":""X"",""cmdCode"":""090111"",""period"":""2020,2021,2022,2023,2024,2025"",""includeDesc"":true}]}",C,A,20250101,2025,360,IDN,Indonesia,752,SWE,Sweden,0,W00,World,X,Export,H6,090111,Coffee; not roasted or decaffeinated,C00,TOTAL CPC,0,TOTAL MOT,8,kg,108000,108000,0,540665.48,true,false,true,"{""typeCode"":""C"",""freqCode"":""A"",""refPeriodId"":20250101,""refYear"":2025,""refMonth"":52,""period"":""2025"",""reporterCode"":360,""reporterISO"":""IDN"",""reporterDesc"":""Indonesia"",""flowCode"":""X"",""flowDesc"":""Export"",""partnerCode"":752,""partnerISO"":""SWE"",""partnerDesc"":""Sweden"",""partner2Code"":0,""partner2ISO"":""W00"",""partner2Desc"":""World"",""classificationCode"":""H6"",""classificationSearchCode"":""HS"",""isOriginalClassification"":true,""cmdCode"":""090111"",""cmdDesc"":""Coffee; not roasted or decaffeinated"",""aggrLevel"":6,""isLeaf"":true,""customsCode"":""C00"",""customsDesc"":""TOTAL CPC"",""mosCode"":""0"",""motCode"":0,""motDesc"":""TOTAL MOT"",""qtyUnitCode"":8,""qtyUnitAbbr"":""kg"",""qty"":108000,""isQtyEstimated"":false,""altQtyUnitCode"":8,""altQtyUnitAbbr"":""kg"",""altQty"":108000,""isAltQtyEstimated"":false,""netWgt"":108000,""isNetWgtEstimated"":false,""grossWgt"":0,""isGrossWgtEstimated"":false,""cifvalue"":null,""fobvalue"":540665.48,""primaryValue"":540665.48,""legacyEstimationFlag"":0,""isReported"":false,""isAggregate"":true}"
,UN Comtrade,https://comtradeapi.un.org/public/v1/preview/C/A/HS?reporterCode=360&flowCode=X&cmdCode=090111&period=2025&includeDesc=true,2026-05-30T18:34:22.015Z,"{""reporters"":[{""endpoint"":""https://comtradeapi.un.org/public/v1/preview/C/A/HS"",""reporterCode"":704,""reporterISO"":""VNM"",""flowCode"":""X"",""cmdCode"":""090111"",""period"":""2020,2021,2022,2023,2024,2025"",""includeDesc"":true},{""endpoint"":""https://comtradeapi.un.org/public/v1/preview/C/A/HS"",""reporterCode"":76,""reporterISO"":""BRA"",""flowCode"":""X"",""cmdCode"":""090111"",""period"":""2020,2021,2022,2023,2024,2025"",""includeDesc"":true},{""endpoint"":""https://comtradeapi.un.org/public/v1/preview/C/A/HS"",""reporterCode"":360,""reporterISO"":""IDN"",""flowCode"":""X"",""cmdCode"":""090111"",""period"":""2020,2021,2022,2023,2024,2025"",""includeDesc"":true}]}",C,A,20250101,2025,360,IDN,Indonesia,757,CHE,Switzerland,0,W00,World,X,Export,H6,090111,Coffee; not roasted or decaffeinated,C00,TOTAL CPC,0,TOTAL MOT,8,kg,812.36,812.36,0,7139.25,true,false,true,"{""typeCode"":""C"",""freqCode"":""A"",""refPeriodId"":20250101,""refYear"":2025,""refMonth"":52,""period"":""2025"",""reporterCode"":360,""reporterISO"":""IDN"",""reporterDesc"":""Indonesia"",""flowCode"":""X"",""flowDesc"":""Export"",""partnerCode"":757,""partnerISO"":""CHE"",""partnerDesc"":""Switzerland"",""partner2Code"":0,""partner2ISO"":""W00"",""partner2Desc"":""World"",""classificationCode"":""H6"",""classificationSearchCode"":""HS"",""isOriginalClassification"":true,""cmdCode"":""090111"",""cmdDesc"":""Coffee; not roasted or decaffeinated"",""aggrLevel"":6,""isLeaf"":true,""customsCode"":""C00"",""customsDesc"":""TOTAL CPC"",""mosCode"":""0"",""motCode"":0,""motDesc"":""TOTAL MOT"",""qtyUnitCode"":8,""qtyUnitAbbr"":""kg"",""qty"":812.36,""isQtyEstimated"":false,""altQtyUnitCode"":8,""altQtyUnitAbbr"":""kg"",""altQty"":812.36,""isAltQtyEstimated"":false,""netWgt"":812.36,""isNetWgtEstimated"":false,""grossWgt"":0,""isGrossWgtEstimated"":false,""cifvalue"":null,""fobvalue"":7139.25,""primaryValue"":7139.25,""legacyEstimationFlag"":0,""isReported"":false,""isAggregate"":true}"
,UN Comtrade,https://comtradeapi.un.org/public/v1/preview/C/A/HS?reporterCode=360&flowCode=X&cmdCode=090111&period=2025&includeDesc=true,2026-05-30T18:34:22.015Z,"{""reporters"":[{""endpoint"":""https://comtradeapi.un.org/public/v1/preview/C/A/HS"",""reporterCode"":704,""reporterISO"":""VNM"",""flowCode"":""X"",""cmdCode"":""090111"",""period"":""2020,2021,2022,2023,2024,2025"",""includeDesc"":true},{""endpoint"":""https://comtradeapi.un.org/public/v1/preview/C/A/HS"",""reporterCode"":76,""reporterISO"":""BRA"",""flowCode"":""X"",""cmdCode"":""090111"",""period"":""2020,2021,2022,2023,2024,2025"",""includeDesc"":true},{""endpoint"":""https://comtradeapi.un.org/public/v1/preview/C/A/HS"",""reporterCode"":360,""reporterISO"":""IDN"",""flowCode"":""X"",""cmdCode"":""090111"",""period"":""2020,2021,2022,2023,2024,2025"",""includeDesc"":true}]}",C,A,20250101,2025,360,IDN,Indonesia,760,SYR,Syria,0,W00,World,X,Export,H6,090111,Coffee; not roasted or decaffeinated,C00,TOTAL CPC,0,TOTAL MOT,8,kg,714600,714600,0,2886204.01,true,false,true,"{""typeCode"":""C"",""freqCode"":""A"",""refPeriodId"":20250101,""refYear"":2025,""refMonth"":52,""period"":""2025"",""reporterCode"":360,""reporterISO"":""IDN"",""reporterDesc"":""Indonesia"",""flowCode"":""X"",""flowDesc"":""Export"",""partnerCode"":760,""partnerISO"":""SYR"",""partnerDesc"":""Syria"",""partner2Code"":0,""partner2ISO"":""W00"",""partner2Desc"":""World"",""classificationCode"":""H6"",""classificationSearchCode"":""HS"",""isOriginalClassification"":true,""cmdCode"":""090111"",""cmdDesc"":""Coffee; not roasted or decaffeinated"",""aggrLevel"":6,""isLeaf"":true,""customsCode"":""C00"",""customsDesc"":""TOTAL CPC"",""mosCode"":""0"",""motCode"":0,""motDesc"":""TOTAL MOT"",""qtyUnitCode"":8,""qtyUnitAbbr"":""kg"",""qty"":714600,""isQtyEstimated"":false,""altQtyUnitCode"":8,""altQtyUnitAbbr"":""kg"",""altQty"":714600,""isAltQtyEstimated"":false,""netWgt"":714600,""isNetWgtEstimated"":false,""grossWgt"":0,""isGrossWgtEstimated"":false,""cifvalue"":null,""fobvalue"":2886204.01,""primaryValue"":2886204.01,""legacyEstimationFlag"":0,""isReported"":false,""isAggregate"":true}"
,UN Comtrade,https://comtradeapi.un.org/public/v1/preview/C/A/HS?reporterCode=360&flowCode=X&cmdCode=090111&period=2025&includeDesc=true,2026-05-30T18:34:22.015Z,"{""reporters"":[{""endpoint"":""https://comtradeapi.un.org/public/v1/preview/C/A/HS"",""reporterCode"":704,""reporterISO"":""VNM"",""flowCode"":""X"",""cmdCode"":""090111"",""period"":""2020,2021,2022,2023,2024,2025"",""includeDesc"":true},{""endpoint"":""https://comtradeapi.un.org/public/v1/preview/C/A/HS"",""reporterCode"":76,""reporterISO"":""BRA"",""flowCode"":""X"",""cmdCode"":""090111"",""period"":""2020,2021,2022,2023,2024,2025"",""includeDesc"":true},{""endpoint"":""https://comtradeapi.un.org/public/v1/preview/C/A/HS"",""reporterCode"":360,""reporterISO"":""IDN"",""flowCode"":""X"",""cmdCode"":""090111"",""period"":""2020,2021,2022,2023,2024,2025"",""includeDesc"":true}]}",C,A,20250101,2025,360,IDN,Indonesia,764,THA,Thailand,0,W00,World,X,Export,H6,090111,Coffee; not roasted or decaffeinated,C00,TOTAL CPC,0,TOTAL MOT,8,kg,7153925.93,7153925.93,0,35120831.56,true,false,true,"{""typeCode"":""C"",""freqCode"":""A"",""refPeriodId"":20250101,""refYear"":2025,""refMonth"":52,""period"":""2025"",""reporterCode"":360,""reporterISO"":""IDN"",""reporterDesc"":""Indonesia"",""flowCode"":""X"",""flowDesc"":""Export"",""partnerCode"":764,""partnerISO"":""THA"",""partnerDesc"":""Thailand"",""partner2Code"":0,""partner2ISO"":""W00"",""partner2Desc"":""World"",""classificationCode"":""H6"",""classificationSearchCode"":""HS"",""isOriginalClassification"":true,""cmdCode"":""090111"",""cmdDesc"":""Coffee; not roasted or decaffeinated"",""aggrLevel"":6,""isLeaf"":true,""customsCode"":""C00"",""customsDesc"":""TOTAL CPC"",""mosCode"":""0"",""motCode"":0,""motDesc"":""TOTAL MOT"",""qtyUnitCode"":8,""qtyUnitAbbr"":""kg"",""qty"":7153925.93,""isQtyEstimated"":false,""altQtyUnitCode"":8,""altQtyUnitAbbr"":""kg"",""altQty"":7153925.93,""isAltQtyEstimated"":false,""netWgt"":7153925.93,""isNetWgtEstimated"":false,""grossWgt"":0,""isGrossWgtEstimated"":false,""cifvalue"":null,""fobvalue"":35120831.56,""primaryValue"":35120831.56,""legacyEstimationFlag"":0,""isReported"":false,""isAggregate"":true}"
,UN Comtrade,https://comtradeapi.un.org/public/v1/preview/C/A/HS?reporterCode=360&flowCode=X&cmdCode=090111&period=2025&includeDesc=true,2026-05-30T18:34:22.015Z,"{""reporters"":[{""endpoint"":""https://comtradeapi.un.org/public/v1/preview/C/A/HS"",""reporterCode"":704,""reporterISO"":""VNM"",""flowCode"":""X"",""cmdCode"":""090111"",""period"":""2020,2021,2022,2023,2024,2025"",""includeDesc"":true},{""endpoint"":""https://comtradeapi.un.org/public/v1/preview/C/A/HS"",""reporterCode"":76,""reporterISO"":""BRA"",""flowCode"":""X"",""cmdCode"":""090111"",""period"":""2020,2021,2022,2023,2024,2025"",""includeDesc"":true},{""endpoint"":""https://comtradeapi.un.org/public/v1/preview/C/A/HS"",""reporterCode"":360,""reporterISO"":""IDN"",""flowCode"":""X"",""cmdCode"":""090111"",""period"":""2020,2021,2022,2023,2024,2025"",""includeDesc"":true}]}",C,A,20250101,2025,360,IDN,Indonesia,784,ARE,United Arab Emirates,0,W00,World,X,Export,H6,090111,Coffee; not roasted or decaffeinated,C00,TOTAL CPC,0,TOTAL MOT,8,kg,4467191,4467191,0,25545305.643,true,false,true,"{""typeCode"":""C"",""freqCode"":""A"",""refPeriodId"":20250101,""refYear"":2025,""refMonth"":52,""period"":""2025"",""reporterCode"":360,""reporterISO"":""IDN"",""reporterDesc"":""Indonesia"",""flowCode"":""X"",""flowDesc"":""Export"",""partnerCode"":784,""partnerISO"":""ARE"",""partnerDesc"":""United Arab Emirates"",""partner2Code"":0,""partner2ISO"":""W00"",""partner2Desc"":""World"",""classificationCode"":""H6"",""classificationSearchCode"":""HS"",""isOriginalClassification"":true,""cmdCode"":""090111"",""cmdDesc"":""Coffee; not roasted or decaffeinated"",""aggrLevel"":6,""isLeaf"":true,""customsCode"":""C00"",""customsDesc"":""TOTAL CPC"",""mosCode"":""0"",""motCode"":0,""motDesc"":""TOTAL MOT"",""qtyUnitCode"":8,""qtyUnitAbbr"":""kg"",""qty"":4467191,""isQtyEstimated"":false,""altQtyUnitCode"":8,""altQtyUnitAbbr"":""kg"",""altQty"":4467191,""isAltQtyEstimated"":false,""netWgt"":4467191,""isNetWgtEstimated"":false,""grossWgt"":0,""isGrossWgtEstimated"":false,""cifvalue"":null,""fobvalue"":25545305.643,""primaryValue"":25545305.643,""legacyEstimationFlag"":0,""isReported"":false,""isAggregate"":true}"
,UN Comtrade,https://comtradeapi.un.org/public/v1/preview/C/A/HS?reporterCode=360&flowCode=X&cmdCode=090111&period=2025&includeDesc=true,2026-05-30T18:34:22.015Z,"{""reporters"":[{""endpoint"":""https://comtradeapi.un.org/public/v1/preview/C/A/HS"",""reporterCode"":704,""reporterISO"":""VNM"",""flowCode"":""X"",""cmdCode"":""090111"",""period"":""2020,2021,2022,2023,2024,2025"",""includeDesc"":true},{""endpoint"":""https://comtradeapi.un.org/public/v1/preview/C/A/HS"",""reporterCode"":76,""reporterISO"":""BRA"",""flowCode"":""X"",""cmdCode"":""090111"",""period"":""2020,2021,2022,2023,2024,2025"",""includeDesc"":true},{""endpoint"":""https://comtradeapi.un.org/public/v1/preview/C/A/HS"",""reporterCode"":360,""reporterISO"":""IDN"",""flowCode"":""X"",""cmdCode"":""090111"",""period"":""2020,2021,2022,2023,2024,2025"",""includeDesc"":true}]}",C,A,20250101,2025,360,IDN,Indonesia,788,TUN,Tunisia,0,W00,World,X,Export,H6,090111,Coffee; not roasted or decaffeinated,C00,TOTAL CPC,0,TOTAL MOT,8,kg,2434400,2434400,0,10688329.37,true,false,true,"{""typeCode"":""C"",""freqCode"":""A"",""refPeriodId"":20250101,""refYear"":2025,""refMonth"":52,""period"":""2025"",""reporterCode"":360,""reporterISO"":""IDN"",""reporterDesc"":""Indonesia"",""flowCode"":""X"",""flowDesc"":""Export"",""partnerCode"":788,""partnerISO"":""TUN"",""partnerDesc"":""Tunisia"",""partner2Code"":0,""partner2ISO"":""W00"",""partner2Desc"":""World"",""classificationCode"":""H6"",""classificationSearchCode"":""HS"",""isOriginalClassification"":true,""cmdCode"":""090111"",""cmdDesc"":""Coffee; not roasted or decaffeinated"",""aggrLevel"":6,""isLeaf"":true,""customsCode"":""C00"",""customsDesc"":""TOTAL CPC"",""mosCode"":""0"",""motCode"":0,""motDesc"":""TOTAL MOT"",""qtyUnitCode"":8,""qtyUnitAbbr"":""kg"",""qty"":2434400,""isQtyEstimated"":false,""altQtyUnitCode"":8,""altQtyUnitAbbr"":""kg"",""altQty"":2434400,""isAltQtyEstimated"":false,""netWgt"":2434400,""isNetWgtEstimated"":false,""grossWgt"":0,""isGrossWgtEstimated"":false,""cifvalue"":null,""fobvalue"":10688329.37,""primaryValue"":10688329.37,""legacyEstimationFlag"":0,""isReported"":false,""isAggregate"":true}"
,UN Comtrade,https://comtradeapi.un.org/public/v1/preview/C/A/HS?reporterCode=360&flowCode=X&cmdCode=090111&period=2025&includeDesc=true,2026-05-30T18:34:22.015Z,"{""reporters"":[{""endpoint"":""https://comtradeapi.un.org/public/v1/preview/C/A/HS"",""reporterCode"":704,""reporterISO"":""VNM"",""flowCode"":""X"",""cmdCode"":""090111"",""period"":""2020,2021,2022,2023,2024,2025"",""includeDesc"":true},{""endpoint"":""https://comtradeapi.un.org/public/v1/preview/C/A/HS"",""reporterCode"":76,""reporterISO"":""BRA"",""flowCode"":""X"",""cmdCode"":""090111"",""period"":""2020,2021,2022,2023,2024,2025"",""includeDesc"":true},{""endpoint"":""https://comtradeapi.un.org/public/v1/preview/C/A/HS"",""reporterCode"":360,""reporterISO"":""IDN"",""flowCode"":""X"",""cmdCode"":""090111"",""period"":""2020,2021,2022,2023,2024,2025"",""includeDesc"":true}]}",C,A,20250101,2025,360,IDN,Indonesia,792,TUR,Türkiye,0,W00,World,X,Export,H6,090111,Coffee; not roasted or decaffeinated,C00,TOTAL CPC,0,TOTAL MOT,8,kg,1447149.4,1447149.4,0,6929468.22,true,false,true,"{""typeCode"":""C"",""freqCode"":""A"",""refPeriodId"":20250101,""refYear"":2025,""refMonth"":52,""period"":""2025"",""reporterCode"":360,""reporterISO"":""IDN"",""reporterDesc"":""Indonesia"",""flowCode"":""X"",""flowDesc"":""Export"",""partnerCode"":792,""partnerISO"":""TUR"",""partnerDesc"":""Türkiye"",""partner2Code"":0,""partner2ISO"":""W00"",""partner2Desc"":""World"",""classificationCode"":""H6"",""classificationSearchCode"":""HS"",""isOriginalClassification"":true,""cmdCode"":""090111"",""cmdDesc"":""Coffee; not roasted or decaffeinated"",""aggrLevel"":6,""isLeaf"":true,""customsCode"":""C00"",""customsDesc"":""TOTAL CPC"",""mosCode"":""0"",""motCode"":0,""motDesc"":""TOTAL MOT"",""qtyUnitCode"":8,""qtyUnitAbbr"":""kg"",""qty"":1447149.4,""isQtyEstimated"":false,""altQtyUnitCode"":8,""altQtyUnitAbbr"":""kg"",""altQty"":1447149.4,""isAltQtyEstimated"":false,""netWgt"":1447149.4,""isNetWgtEstimated"":false,""grossWgt"":0,""isGrossWgtEstimated"":false,""cifvalue"":null,""fobvalue"":6929468.22,""primaryValue"":6929468.22,""legacyEstimationFlag"":0,""isReported"":false,""isAggregate"":true}"
,UN Comtrade,https://comtradeapi.un.org/public/v1/preview/C/A/HS?reporterCode=360&flowCode=X&cmdCode=090111&period=2025&includeDesc=true,2026-05-30T18:34:22.015Z,"{""reporters"":[{""endpoint"":""https://comtradeapi.un.org/public/v1/preview/C/A/HS"",""reporterCode"":704,""reporterISO"":""VNM"",""flowCode"":""X"",""cmdCode"":""090111"",""period"":""2020,2021,2022,2023,2024,2025"",""includeDesc"":true},{""endpoint"":""https://comtradeapi.un.org/public/v1/preview/C/A/HS"",""reporterCode"":76,""reporterISO"":""BRA"",""flowCode"":""X"",""cmdCode"":""090111"",""period"":""2020,2021,2022,2023,2024,2025"",""includeDesc"":true},{""endpoint"":""https://comtradeapi.un.org/public/v1/preview/C/A/HS"",""reporterCode"":360,""reporterISO"":""IDN"",""flowCode"":""X"",""cmdCode"":""090111"",""period"":""2020,2021,2022,2023,2024,2025"",""includeDesc"":true}]}",C,A,20250101,2025,360,IDN,Indonesia,804,UKR,Ukraine,0,W00,World,X,Export,H6,090111,Coffee; not roasted or decaffeinated,C00,TOTAL CPC,0,TOTAL MOT,8,kg,19200,19200,0,178875,true,false,true,"{""typeCode"":""C"",""freqCode"":""A"",""refPeriodId"":20250101,""refYear"":2025,""refMonth"":52,""period"":""2025"",""reporterCode"":360,""reporterISO"":""IDN"",""reporterDesc"":""Indonesia"",""flowCode"":""X"",""flowDesc"":""Export"",""partnerCode"":804,""partnerISO"":""UKR"",""partnerDesc"":""Ukraine"",""partner2Code"":0,""partner2ISO"":""W00"",""partner2Desc"":""World"",""classificationCode"":""H6"",""classificationSearchCode"":""HS"",""isOriginalClassification"":true,""cmdCode"":""090111"",""cmdDesc"":""Coffee; not roasted or decaffeinated"",""aggrLevel"":6,""isLeaf"":true,""customsCode"":""C00"",""customsDesc"":""TOTAL CPC"",""mosCode"":""0"",""motCode"":0,""motDesc"":""TOTAL MOT"",""qtyUnitCode"":8,""qtyUnitAbbr"":""kg"",""qty"":19200,""isQtyEstimated"":false,""altQtyUnitCode"":8,""altQtyUnitAbbr"":""kg"",""altQty"":19200,""isAltQtyEstimated"":false,""netWgt"":19200,""isNetWgtEstimated"":false,""grossWgt"":0,""isGrossWgtEstimated"":false,""cifvalue"":null,""fobvalue"":178875,""primaryValue"":178875,""legacyEstimationFlag"":0,""isReported"":false,""isAggregate"":true}"
,UN Comtrade,https://comtradeapi.un.org/public/v1/preview/C/A/HS?reporterCode=360&flowCode=X&cmdCode=090111&period=2025&includeDesc=true,2026-05-30T18:34:22.015Z,"{""reporters"":[{""endpoint"":""https://comtradeapi.un.org/public/v1/preview/C/A/HS"",""reporterCode"":704,""reporterISO"":""VNM"",""flowCode"":""X"",""cmdCode"":""090111"",""period"":""2020,2021,2022,2023,2024,2025"",""includeDesc"":true},{""endpoint"":""https://comtradeapi.un.org/public/v1/preview/C/A/HS"",""reporterCode"":76,""reporterISO"":""BRA"",""flowCode"":""X"",""cmdCode"":""090111"",""period"":""2020,2021,2022,2023,2024,2025"",""includeDesc"":true},{""endpoint"":""https://comtradeapi.un.org/public/v1/preview/C/A/HS"",""reporterCode"":360,""reporterISO"":""IDN"",""flowCode"":""X"",""cmdCode"":""090111"",""period"":""2020,2021,2022,2023,2024,2025"",""includeDesc"":true}]}",C,A,20250101,2025,360,IDN,Indonesia,818,EGY,Egypt,0,W00,World,X,Export,H6,090111,Coffee; not roasted or decaffeinated,C00,TOTAL CPC,0,TOTAL MOT,8,kg,41309832.5,41309832.5,0,188832338.574,true,false,true,"{""typeCode"":""C"",""freqCode"":""A"",""refPeriodId"":20250101,""refYear"":2025,""refMonth"":52,""period"":""2025"",""reporterCode"":360,""reporterISO"":""IDN"",""reporterDesc"":""Indonesia"",""flowCode"":""X"",""flowDesc"":""Export"",""partnerCode"":818,""partnerISO"":""EGY"",""partnerDesc"":""Egypt"",""partner2Code"":0,""partner2ISO"":""W00"",""partner2Desc"":""World"",""classificationCode"":""H6"",""classificationSearchCode"":""HS"",""isOriginalClassification"":true,""cmdCode"":""090111"",""cmdDesc"":""Coffee; not roasted or decaffeinated"",""aggrLevel"":6,""isLeaf"":true,""customsCode"":""C00"",""customsDesc"":""TOTAL CPC"",""mosCode"":""0"",""motCode"":0,""motDesc"":""TOTAL MOT"",""qtyUnitCode"":8,""qtyUnitAbbr"":""kg"",""qty"":41309832.5,""isQtyEstimated"":false,""altQtyUnitCode"":8,""altQtyUnitAbbr"":""kg"",""altQty"":41309832.5,""isAltQtyEstimated"":false,""netWgt"":41309832.5,""isNetWgtEstimated"":false,""grossWgt"":0,""isGrossWgtEstimated"":false,""cifvalue"":null,""fobvalue"":188832338.574,""primaryValue"":188832338.574,""legacyEstimationFlag"":0,""isReported"":false,""isAggregate"":true}"
,UN Comtrade,https://comtradeapi.un.org/public/v1/preview/C/A/HS?reporterCode=360&flowCode=X&cmdCode=090111&period=2025&includeDesc=true,2026-05-30T18:34:22.015Z,"{""reporters"":[{""endpoint"":""https://comtradeapi.un.org/public/v1/preview/C/A/HS"",""reporterCode"":704,""reporterISO"":""VNM"",""flowCode"":""X"",""cmdCode"":""090111"",""period"":""2020,2021,2022,2023,2024,2025"",""includeDesc"":true},{""endpoint"":""https://comtradeapi.un.org/public/v1/preview/C/A/HS"",""reporterCode"":76,""reporterISO"":""BRA"",""flowCode"":""X"",""cmdCode"":""090111"",""period"":""2020,2021,2022,2023,2024,2025"",""includeDesc"":true},{""endpoint"":""https://comtradeapi.un.org/public/v1/preview/C/A/HS"",""reporterCode"":360,""reporterISO"":""IDN"",""flowCode"":""X"",""cmdCode"":""090111"",""period"":""2020,2021,2022,2023,2024,2025"",""includeDesc"":true}]}",C,A,20250101,2025,360,IDN,Indonesia,826,GBR,United Kingdom,0,W00,World,X,Export,H6,090111,Coffee; not roasted or decaffeinated,C00,TOTAL CPC,0,TOTAL MOT,8,kg,11583410.58,11583410.58,0,67005371.4,true,false,true,"{""typeCode"":""C"",""freqCode"":""A"",""refPeriodId"":20250101,""refYear"":2025,""refMonth"":52,""period"":""2025"",""reporterCode"":360,""reporterISO"":""IDN"",""reporterDesc"":""Indonesia"",""flowCode"":""X"",""flowDesc"":""Export"",""partnerCode"":826,""partnerISO"":""GBR"",""partnerDesc"":""United Kingdom"",""partner2Code"":0,""partner2ISO"":""W00"",""partner2Desc"":""World"",""classificationCode"":""H6"",""classificationSearchCode"":""HS"",""isOriginalClassification"":true,""cmdCode"":""090111"",""cmdDesc"":""Coffee; not roasted or decaffeinated"",""aggrLevel"":6,""isLeaf"":true,""customsCode"":""C00"",""customsDesc"":""TOTAL CPC"",""mosCode"":""0"",""motCode"":0,""motDesc"":""TOTAL MOT"",""qtyUnitCode"":8,""qtyUnitAbbr"":""kg"",""qty"":11583410.58,""isQtyEstimated"":false,""altQtyUnitCode"":8,""altQtyUnitAbbr"":""kg"",""altQty"":11583410.58,""isAltQtyEstimated"":false,""netWgt"":11583410.58,""isNetWgtEstimated"":false,""grossWgt"":0,""isGrossWgtEstimated"":false,""cifvalue"":null,""fobvalue"":67005371.4,""primaryValue"":67005371.4,""legacyEstimationFlag"":0,""isReported"":false,""isAggregate"":true}"
,UN Comtrade,https://comtradeapi.un.org/public/v1/preview/C/A/HS?reporterCode=360&flowCode=X&cmdCode=090111&period=2025&includeDesc=true,2026-05-30T18:34:22.015Z,"{""reporters"":[{""endpoint"":""https://comtradeapi.un.org/public/v1/preview/C/A/HS"",""reporterCode"":704,""reporterISO"":""VNM"",""flowCode"":""X"",""cmdCode"":""090111"",""period"":""2020,2021,2022,2023,2024,2025"",""includeDesc"":true},{""endpoint"":""https://comtradeapi.un.org/public/v1/preview/C/A/HS"",""reporterCode"":76,""reporterISO"":""BRA"",""flowCode"":""X"",""cmdCode"":""090111"",""period"":""2020,2021,2022,2023,2024,2025"",""includeDesc"":true},{""endpoint"":""https://comtradeapi.un.org/public/v1/preview/C/A/HS"",""reporterCode"":360,""reporterISO"":""IDN"",""flowCode"":""X"",""cmdCode"":""090111"",""period"":""2020,2021,2022,2023,2024,2025"",""includeDesc"":true}]}",C,A,20250101,2025,360,IDN,Indonesia,842,USA,USA,0,W00,World,X,Export,H6,090111,Coffee; not roasted or decaffeinated,C00,TOTAL CPC,0,TOTAL MOT,8,kg,57159904.77,57159904.77,0,342011544.252,true,false,true,"{""typeCode"":""C"",""freqCode"":""A"",""refPeriodId"":20250101,""refYear"":2025,""refMonth"":52,""period"":""2025"",""reporterCode"":360,""reporterISO"":""IDN"",""reporterDesc"":""Indonesia"",""flowCode"":""X"",""flowDesc"":""Export"",""partnerCode"":842,""partnerISO"":""USA"",""partnerDesc"":""USA"",""partner2Code"":0,""partner2ISO"":""W00"",""partner2Desc"":""World"",""classificationCode"":""H6"",""classificationSearchCode"":""HS"",""isOriginalClassification"":true,""cmdCode"":""090111"",""cmdDesc"":""Coffee; not roasted or decaffeinated"",""aggrLevel"":6,""isLeaf"":true,""customsCode"":""C00"",""customsDesc"":""TOTAL CPC"",""mosCode"":""0"",""motCode"":0,""motDesc"":""TOTAL MOT"",""qtyUnitCode"":8,""qtyUnitAbbr"":""kg"",""qty"":57159904.77,""isQtyEstimated"":false,""altQtyUnitCode"":8,""altQtyUnitAbbr"":""kg"",""altQty"":57159904.77,""isAltQtyEstimated"":false,""netWgt"":57159904.77,""isNetWgtEstimated"":false,""grossWgt"":0,""isGrossWgtEstimated"":false,""cifvalue"":null,""fobvalue"":342011544.252,""primaryValue"":342011544.252,""legacyEstimationFlag"":0,""isReported"":false,""isAggregate"":true}"