sync_run_id,source_name,source_url,fetched_at,query_params,type_code,freq_code,ref_period_id,period,reporter_code,reporter_iso,reporter_desc,partner_code,partner_iso,partner_desc,partner2_code,partner2_iso,partner2_desc,flow_code,flow_desc,classification_code,cmd_code,cmd_desc,customs_code,customs_desc,mot_code,mot_desc,qty_unit_code,qty_unit_abbr,qty,net_wgt_kg,gross_wgt_kg,trade_value_usd,is_original_classification,is_reported,is_aggregate,raw_payload
,UN Comtrade,https://comtradeapi.un.org/public/v1/preview/C/A/HS?reporterCode=704&flowCode=X&cmdCode=090111&period=2020&includeDesc=true,2026-05-30T19:13:38.772Z,"{""reporters"":[{""endpoint"":""https://comtradeapi.un.org/public/v1/preview/C/A/HS"",""reporterCode"":704,""reporterISO"":""VNM"",""flowCode"":""X"",""cmdCode"":""090111"",""period"":""2020,2021,2022,2023,2024,2025"",""includeDesc"":true},{""endpoint"":""https://comtradeapi.un.org/public/v1/preview/C/A/HS"",""reporterCode"":76,""reporterISO"":""BRA"",""flowCode"":""X"",""cmdCode"":""090111"",""period"":""2020,2021,2022,2023,2024,2025"",""includeDesc"":true},{""endpoint"":""https://comtradeapi.un.org/public/v1/preview/C/A/HS"",""reporterCode"":360,""reporterISO"":""IDN"",""flowCode"":""X"",""cmdCode"":""090111"",""period"":""2020,2021,2022,2023,2024,2025"",""includeDesc"":true}]}",C,A,20200101,2020,704,VNM,Viet Nam,0,W00,World,0,W00,World,X,Export,H5,090111,Coffee; not roasted or decaffeinated,C00,TOTAL CPC,0,TOTAL MOT,8,kg,1208070971.77,1208070971.77,0,1886972064.043,true,false,true,"{""typeCode"":""C"",""freqCode"":""A"",""refPeriodId"":20200101,""refYear"":2020,""refMonth"":52,""period"":""2020"",""reporterCode"":704,""reporterISO"":""VNM"",""reporterDesc"":""Viet Nam"",""flowCode"":""X"",""flowDesc"":""Export"",""partnerCode"":0,""partnerISO"":""W00"",""partnerDesc"":""World"",""partner2Code"":0,""partner2ISO"":""W00"",""partner2Desc"":""World"",""classificationCode"":""H5"",""classificationSearchCode"":""HS"",""isOriginalClassification"":true,""cmdCode"":""090111"",""cmdDesc"":""Coffee; not roasted or decaffeinated"",""aggrLevel"":6,""isLeaf"":true,""customsCode"":""C00"",""customsDesc"":""TOTAL CPC"",""mosCode"":""0"",""motCode"":0,""motDesc"":""TOTAL MOT"",""qtyUnitCode"":8,""qtyUnitAbbr"":""kg"",""qty"":1208070971.77,""isQtyEstimated"":true,""altQtyUnitCode"":-1,""altQtyUnitAbbr"":""N/A"",""altQty"":0,""isAltQtyEstimated"":false,""netWgt"":1208070971.77,""isNetWgtEstimated"":true,""grossWgt"":0,""isGrossWgtEstimated"":false,""cifvalue"":0,""fobvalue"":1886972064.043,""primaryValue"":1886972064.043,""legacyEstimationFlag"":6,""isReported"":false,""isAggregate"":true}"
,UN Comtrade,https://comtradeapi.un.org/public/v1/preview/C/A/HS?reporterCode=704&flowCode=X&cmdCode=090111&period=2020&includeDesc=true,2026-05-30T19:13:38.772Z,"{""reporters"":[{""endpoint"":""https://comtradeapi.un.org/public/v1/preview/C/A/HS"",""reporterCode"":704,""reporterISO"":""VNM"",""flowCode"":""X"",""cmdCode"":""090111"",""period"":""2020,2021,2022,2023,2024,2025"",""includeDesc"":true},{""endpoint"":""https://comtradeapi.un.org/public/v1/preview/C/A/HS"",""reporterCode"":76,""reporterISO"":""BRA"",""flowCode"":""X"",""cmdCode"":""090111"",""period"":""2020,2021,2022,2023,2024,2025"",""includeDesc"":true},{""endpoint"":""https://comtradeapi.un.org/public/v1/preview/C/A/HS"",""reporterCode"":360,""reporterISO"":""IDN"",""flowCode"":""X"",""cmdCode"":""090111"",""period"":""2020,2021,2022,2023,2024,2025"",""includeDesc"":true}]}",C,A,20200101,2020,704,VNM,Viet Nam,12,DZA,Algeria,0,W00,World,X,Export,H5,090111,Coffee; not roasted or decaffeinated,C00,TOTAL CPC,0,TOTAL MOT,8,kg,60141636.503,60141636.503,0,93745129.556,true,true,false,"{""typeCode"":""C"",""freqCode"":""A"",""refPeriodId"":20200101,""refYear"":2020,""refMonth"":52,""period"":""2020"",""reporterCode"":704,""reporterISO"":""VNM"",""reporterDesc"":""Viet Nam"",""flowCode"":""X"",""flowDesc"":""Export"",""partnerCode"":12,""partnerISO"":""DZA"",""partnerDesc"":""Algeria"",""partner2Code"":0,""partner2ISO"":""W00"",""partner2Desc"":""World"",""classificationCode"":""H5"",""classificationSearchCode"":""HS"",""isOriginalClassification"":true,""cmdCode"":""090111"",""cmdDesc"":""Coffee; not roasted or decaffeinated"",""aggrLevel"":6,""isLeaf"":true,""customsCode"":""C00"",""customsDesc"":""TOTAL CPC"",""mosCode"":""0"",""motCode"":0,""motDesc"":""TOTAL MOT"",""qtyUnitCode"":8,""qtyUnitAbbr"":""kg"",""qty"":60141636.503,""isQtyEstimated"":true,""altQtyUnitCode"":-1,""altQtyUnitAbbr"":""N/A"",""altQty"":0,""isAltQtyEstimated"":false,""netWgt"":60141636.503,""isNetWgtEstimated"":true,""grossWgt"":0,""isGrossWgtEstimated"":false,""cifvalue"":0,""fobvalue"":93745129.556,""primaryValue"":93745129.556,""legacyEstimationFlag"":6,""isReported"":true,""isAggregate"":false}"
,UN Comtrade,https://comtradeapi.un.org/public/v1/preview/C/A/HS?reporterCode=704&flowCode=X&cmdCode=090111&period=2020&includeDesc=true,2026-05-30T19:13:38.772Z,"{""reporters"":[{""endpoint"":""https://comtradeapi.un.org/public/v1/preview/C/A/HS"",""reporterCode"":704,""reporterISO"":""VNM"",""flowCode"":""X"",""cmdCode"":""090111"",""period"":""2020,2021,2022,2023,2024,2025"",""includeDesc"":true},{""endpoint"":""https://comtradeapi.un.org/public/v1/preview/C/A/HS"",""reporterCode"":76,""reporterISO"":""BRA"",""flowCode"":""X"",""cmdCode"":""090111"",""period"":""2020,2021,2022,2023,2024,2025"",""includeDesc"":true},{""endpoint"":""https://comtradeapi.un.org/public/v1/preview/C/A/HS"",""reporterCode"":360,""reporterISO"":""IDN"",""flowCode"":""X"",""cmdCode"":""090111"",""period"":""2020,2021,2022,2023,2024,2025"",""includeDesc"":true}]}",C,A,20200101,2020,704,VNM,Viet Nam,32,ARG,Argentina,0,W00,World,X,Export,H5,090111,Coffee; not roasted or decaffeinated,C00,TOTAL CPC,0,TOTAL MOT,8,kg,335933.141,335933.141,0,519309.094,true,true,false,"{""typeCode"":""C"",""freqCode"":""A"",""refPeriodId"":20200101,""refYear"":2020,""refMonth"":52,""period"":""2020"",""reporterCode"":704,""reporterISO"":""VNM"",""reporterDesc"":""Viet Nam"",""flowCode"":""X"",""flowDesc"":""Export"",""partnerCode"":32,""partnerISO"":""ARG"",""partnerDesc"":""Argentina"",""partner2Code"":0,""partner2ISO"":""W00"",""partner2Desc"":""World"",""classificationCode"":""H5"",""classificationSearchCode"":""HS"",""isOriginalClassification"":true,""cmdCode"":""090111"",""cmdDesc"":""Coffee; not roasted or decaffeinated"",""aggrLevel"":6,""isLeaf"":true,""customsCode"":""C00"",""customsDesc"":""TOTAL CPC"",""mosCode"":""0"",""motCode"":0,""motDesc"":""TOTAL MOT"",""qtyUnitCode"":8,""qtyUnitAbbr"":""kg"",""qty"":335933.141,""isQtyEstimated"":true,""altQtyUnitCode"":-1,""altQtyUnitAbbr"":""N/A"",""altQty"":0,""isAltQtyEstimated"":false,""netWgt"":335933.141,""isNetWgtEstimated"":true,""grossWgt"":0,""isGrossWgtEstimated"":false,""cifvalue"":0,""fobvalue"":519309.094,""primaryValue"":519309.094,""legacyEstimationFlag"":6,""isReported"":true,""isAggregate"":false}"
,UN Comtrade,https://comtradeapi.un.org/public/v1/preview/C/A/HS?reporterCode=704&flowCode=X&cmdCode=090111&period=2020&includeDesc=true,2026-05-30T19:13:38.772Z,"{""reporters"":[{""endpoint"":""https://comtradeapi.un.org/public/v1/preview/C/A/HS"",""reporterCode"":704,""reporterISO"":""VNM"",""flowCode"":""X"",""cmdCode"":""090111"",""period"":""2020,2021,2022,2023,2024,2025"",""includeDesc"":true},{""endpoint"":""https://comtradeapi.un.org/public/v1/preview/C/A/HS"",""reporterCode"":76,""reporterISO"":""BRA"",""flowCode"":""X"",""cmdCode"":""090111"",""period"":""2020,2021,2022,2023,2024,2025"",""includeDesc"":true},{""endpoint"":""https://comtradeapi.un.org/public/v1/preview/C/A/HS"",""reporterCode"":360,""reporterISO"":""IDN"",""flowCode"":""X"",""cmdCode"":""090111"",""period"":""2020,2021,2022,2023,2024,2025"",""includeDesc"":true}]}",C,A,20200101,2020,704,VNM,Viet Nam,36,AUS,Australia,0,W00,World,X,Export,H5,090111,Coffee; not roasted or decaffeinated,C00,TOTAL CPC,0,TOTAL MOT,8,kg,14981931.002,14981931.002,0,23186038.823,true,true,false,"{""typeCode"":""C"",""freqCode"":""A"",""refPeriodId"":20200101,""refYear"":2020,""refMonth"":52,""period"":""2020"",""reporterCode"":704,""reporterISO"":""VNM"",""reporterDesc"":""Viet Nam"",""flowCode"":""X"",""flowDesc"":""Export"",""partnerCode"":36,""partnerISO"":""AUS"",""partnerDesc"":""Australia"",""partner2Code"":0,""partner2ISO"":""W00"",""partner2Desc"":""World"",""classificationCode"":""H5"",""classificationSearchCode"":""HS"",""isOriginalClassification"":true,""cmdCode"":""090111"",""cmdDesc"":""Coffee; not roasted or decaffeinated"",""aggrLevel"":6,""isLeaf"":true,""customsCode"":""C00"",""customsDesc"":""TOTAL CPC"",""mosCode"":""0"",""motCode"":0,""motDesc"":""TOTAL MOT"",""qtyUnitCode"":8,""qtyUnitAbbr"":""kg"",""qty"":14981931.002,""isQtyEstimated"":true,""altQtyUnitCode"":-1,""altQtyUnitAbbr"":""N/A"",""altQty"":0,""isAltQtyEstimated"":false,""netWgt"":14981931.002,""isNetWgtEstimated"":true,""grossWgt"":0,""isGrossWgtEstimated"":false,""cifvalue"":0,""fobvalue"":23186038.823,""primaryValue"":23186038.823,""legacyEstimationFlag"":6,""isReported"":true,""isAggregate"":false}"
,UN Comtrade,https://comtradeapi.un.org/public/v1/preview/C/A/HS?reporterCode=704&flowCode=X&cmdCode=090111&period=2020&includeDesc=true,2026-05-30T19:13:38.772Z,"{""reporters"":[{""endpoint"":""https://comtradeapi.un.org/public/v1/preview/C/A/HS"",""reporterCode"":704,""reporterISO"":""VNM"",""flowCode"":""X"",""cmdCode"":""090111"",""period"":""2020,2021,2022,2023,2024,2025"",""includeDesc"":true},{""endpoint"":""https://comtradeapi.un.org/public/v1/preview/C/A/HS"",""reporterCode"":76,""reporterISO"":""BRA"",""flowCode"":""X"",""cmdCode"":""090111"",""period"":""2020,2021,2022,2023,2024,2025"",""includeDesc"":true},{""endpoint"":""https://comtradeapi.un.org/public/v1/preview/C/A/HS"",""reporterCode"":360,""reporterISO"":""IDN"",""flowCode"":""X"",""cmdCode"":""090111"",""period"":""2020,2021,2022,2023,2024,2025"",""includeDesc"":true}]}",C,A,20200101,2020,704,VNM,Viet Nam,40,AUT,Austria,0,W00,World,X,Export,H5,090111,Coffee; not roasted or decaffeinated,C00,TOTAL CPC,0,TOTAL MOT,8,kg,420,420,0,8673,true,true,false,"{""typeCode"":""C"",""freqCode"":""A"",""refPeriodId"":20200101,""refYear"":2020,""refMonth"":52,""period"":""2020"",""reporterCode"":704,""reporterISO"":""VNM"",""reporterDesc"":""Viet Nam"",""flowCode"":""X"",""flowDesc"":""Export"",""partnerCode"":40,""partnerISO"":""AUT"",""partnerDesc"":""Austria"",""partner2Code"":0,""partner2ISO"":""W00"",""partner2Desc"":""World"",""classificationCode"":""H5"",""classificationSearchCode"":""HS"",""isOriginalClassification"":true,""cmdCode"":""090111"",""cmdDesc"":""Coffee; not roasted or decaffeinated"",""aggrLevel"":6,""isLeaf"":true,""customsCode"":""C00"",""customsDesc"":""TOTAL CPC"",""mosCode"":""0"",""motCode"":0,""motDesc"":""TOTAL MOT"",""qtyUnitCode"":8,""qtyUnitAbbr"":""kg"",""qty"":420,""isQtyEstimated"":false,""altQtyUnitCode"":21,""altQtyUnitAbbr"":""1000 KG"",""altQty"":0.42,""isAltQtyEstimated"":false,""netWgt"":420,""isNetWgtEstimated"":false,""grossWgt"":0,""isGrossWgtEstimated"":false,""cifvalue"":0,""fobvalue"":8673,""primaryValue"":8673,""legacyEstimationFlag"":0,""isReported"":true,""isAggregate"":false}"
,UN Comtrade,https://comtradeapi.un.org/public/v1/preview/C/A/HS?reporterCode=704&flowCode=X&cmdCode=090111&period=2020&includeDesc=true,2026-05-30T19:13:38.772Z,"{""reporters"":[{""endpoint"":""https://comtradeapi.un.org/public/v1/preview/C/A/HS"",""reporterCode"":704,""reporterISO"":""VNM"",""flowCode"":""X"",""cmdCode"":""090111"",""period"":""2020,2021,2022,2023,2024,2025"",""includeDesc"":true},{""endpoint"":""https://comtradeapi.un.org/public/v1/preview/C/A/HS"",""reporterCode"":76,""reporterISO"":""BRA"",""flowCode"":""X"",""cmdCode"":""090111"",""period"":""2020,2021,2022,2023,2024,2025"",""includeDesc"":true},{""endpoint"":""https://comtradeapi.un.org/public/v1/preview/C/A/HS"",""reporterCode"":360,""reporterISO"":""IDN"",""flowCode"":""X"",""cmdCode"":""090111"",""period"":""2020,2021,2022,2023,2024,2025"",""includeDesc"":true}]}",C,A,20200101,2020,704,VNM,Viet Nam,56,BEL,Belgium,0,W00,World,X,Export,H5,090111,Coffee; not roasted or decaffeinated,C00,TOTAL CPC,0,TOTAL MOT,8,kg,69208319.913,69208319.913,0,111863668.417,true,true,false,"{""typeCode"":""C"",""freqCode"":""A"",""refPeriodId"":20200101,""refYear"":2020,""refMonth"":52,""period"":""2020"",""reporterCode"":704,""reporterISO"":""VNM"",""reporterDesc"":""Viet Nam"",""flowCode"":""X"",""flowDesc"":""Export"",""partnerCode"":56,""partnerISO"":""BEL"",""partnerDesc"":""Belgium"",""partner2Code"":0,""partner2ISO"":""W00"",""partner2Desc"":""World"",""classificationCode"":""H5"",""classificationSearchCode"":""HS"",""isOriginalClassification"":true,""cmdCode"":""090111"",""cmdDesc"":""Coffee; not roasted or decaffeinated"",""aggrLevel"":6,""isLeaf"":true,""customsCode"":""C00"",""customsDesc"":""TOTAL CPC"",""mosCode"":""0"",""motCode"":0,""motDesc"":""TOTAL MOT"",""qtyUnitCode"":8,""qtyUnitAbbr"":""kg"",""qty"":69208319.913,""isQtyEstimated"":true,""altQtyUnitCode"":-1,""altQtyUnitAbbr"":""N/A"",""altQty"":0,""isAltQtyEstimated"":false,""netWgt"":69208319.913,""isNetWgtEstimated"":true,""grossWgt"":0,""isGrossWgtEstimated"":false,""cifvalue"":0,""fobvalue"":111863668.417,""primaryValue"":111863668.417,""legacyEstimationFlag"":6,""isReported"":true,""isAggregate"":false}"
,UN Comtrade,https://comtradeapi.un.org/public/v1/preview/C/A/HS?reporterCode=704&flowCode=X&cmdCode=090111&period=2020&includeDesc=true,2026-05-30T19:13:38.772Z,"{""reporters"":[{""endpoint"":""https://comtradeapi.un.org/public/v1/preview/C/A/HS"",""reporterCode"":704,""reporterISO"":""VNM"",""flowCode"":""X"",""cmdCode"":""090111"",""period"":""2020,2021,2022,2023,2024,2025"",""includeDesc"":true},{""endpoint"":""https://comtradeapi.un.org/public/v1/preview/C/A/HS"",""reporterCode"":76,""reporterISO"":""BRA"",""flowCode"":""X"",""cmdCode"":""090111"",""period"":""2020,2021,2022,2023,2024,2025"",""includeDesc"":true},{""endpoint"":""https://comtradeapi.un.org/public/v1/preview/C/A/HS"",""reporterCode"":360,""reporterISO"":""IDN"",""flowCode"":""X"",""cmdCode"":""090111"",""period"":""2020,2021,2022,2023,2024,2025"",""includeDesc"":true}]}",C,A,20200101,2020,704,VNM,Viet Nam,76,BRA,Brazil,0,W00,World,X,Export,H5,090111,Coffee; not roasted or decaffeinated,C00,TOTAL CPC,0,TOTAL MOT,8,kg,19078.457,19078.457,0,29800,true,true,false,"{""typeCode"":""C"",""freqCode"":""A"",""refPeriodId"":20200101,""refYear"":2020,""refMonth"":52,""period"":""2020"",""reporterCode"":704,""reporterISO"":""VNM"",""reporterDesc"":""Viet Nam"",""flowCode"":""X"",""flowDesc"":""Export"",""partnerCode"":76,""partnerISO"":""BRA"",""partnerDesc"":""Brazil"",""partner2Code"":0,""partner2ISO"":""W00"",""partner2Desc"":""World"",""classificationCode"":""H5"",""classificationSearchCode"":""HS"",""isOriginalClassification"":true,""cmdCode"":""090111"",""cmdDesc"":""Coffee; not roasted or decaffeinated"",""aggrLevel"":6,""isLeaf"":true,""customsCode"":""C00"",""customsDesc"":""TOTAL CPC"",""mosCode"":""0"",""motCode"":0,""motDesc"":""TOTAL MOT"",""qtyUnitCode"":8,""qtyUnitAbbr"":""kg"",""qty"":19078.457,""isQtyEstimated"":true,""altQtyUnitCode"":-1,""altQtyUnitAbbr"":""N/A"",""altQty"":0,""isAltQtyEstimated"":false,""netWgt"":19078.457,""isNetWgtEstimated"":true,""grossWgt"":0,""isGrossWgtEstimated"":false,""cifvalue"":0,""fobvalue"":29800,""primaryValue"":29800,""legacyEstimationFlag"":6,""isReported"":true,""isAggregate"":false}"
,UN Comtrade,https://comtradeapi.un.org/public/v1/preview/C/A/HS?reporterCode=704&flowCode=X&cmdCode=090111&period=2020&includeDesc=true,2026-05-30T19:13:38.772Z,"{""reporters"":[{""endpoint"":""https://comtradeapi.un.org/public/v1/preview/C/A/HS"",""reporterCode"":704,""reporterISO"":""VNM"",""flowCode"":""X"",""cmdCode"":""090111"",""period"":""2020,2021,2022,2023,2024,2025"",""includeDesc"":true},{""endpoint"":""https://comtradeapi.un.org/public/v1/preview/C/A/HS"",""reporterCode"":76,""reporterISO"":""BRA"",""flowCode"":""X"",""cmdCode"":""090111"",""period"":""2020,2021,2022,2023,2024,2025"",""includeDesc"":true},{""endpoint"":""https://comtradeapi.un.org/public/v1/preview/C/A/HS"",""reporterCode"":360,""reporterISO"":""IDN"",""flowCode"":""X"",""cmdCode"":""090111"",""period"":""2020,2021,2022,2023,2024,2025"",""includeDesc"":true}]}",C,A,20200101,2020,704,VNM,Viet Nam,96,BRN,Brunei Darussalam,0,W00,World,X,Export,H5,090111,Coffee; not roasted or decaffeinated,C00,TOTAL CPC,0,TOTAL MOT,8,kg,595.13,595.13,0,2820,true,true,false,"{""typeCode"":""C"",""freqCode"":""A"",""refPeriodId"":20200101,""refYear"":2020,""refMonth"":52,""period"":""2020"",""reporterCode"":704,""reporterISO"":""VNM"",""reporterDesc"":""Viet Nam"",""flowCode"":""X"",""flowDesc"":""Export"",""partnerCode"":96,""partnerISO"":""BRN"",""partnerDesc"":""Brunei Darussalam"",""partner2Code"":0,""partner2ISO"":""W00"",""partner2Desc"":""World"",""classificationCode"":""H5"",""classificationSearchCode"":""HS"",""isOriginalClassification"":true,""cmdCode"":""090111"",""cmdDesc"":""Coffee; not roasted or decaffeinated"",""aggrLevel"":6,""isLeaf"":true,""customsCode"":""C00"",""customsDesc"":""TOTAL CPC"",""mosCode"":""0"",""motCode"":0,""motDesc"":""TOTAL MOT"",""qtyUnitCode"":8,""qtyUnitAbbr"":""kg"",""qty"":595.13,""isQtyEstimated"":true,""altQtyUnitCode"":-1,""altQtyUnitAbbr"":""N/A"",""altQty"":0,""isAltQtyEstimated"":false,""netWgt"":595.13,""isNetWgtEstimated"":true,""grossWgt"":0,""isGrossWgtEstimated"":false,""cifvalue"":0,""fobvalue"":2820,""primaryValue"":2820,""legacyEstimationFlag"":6,""isReported"":true,""isAggregate"":false}"
,UN Comtrade,https://comtradeapi.un.org/public/v1/preview/C/A/HS?reporterCode=704&flowCode=X&cmdCode=090111&period=2020&includeDesc=true,2026-05-30T19:13:38.772Z,"{""reporters"":[{""endpoint"":""https://comtradeapi.un.org/public/v1/preview/C/A/HS"",""reporterCode"":704,""reporterISO"":""VNM"",""flowCode"":""X"",""cmdCode"":""090111"",""period"":""2020,2021,2022,2023,2024,2025"",""includeDesc"":true},{""endpoint"":""https://comtradeapi.un.org/public/v1/preview/C/A/HS"",""reporterCode"":76,""reporterISO"":""BRA"",""flowCode"":""X"",""cmdCode"":""090111"",""period"":""2020,2021,2022,2023,2024,2025"",""includeDesc"":true},{""endpoint"":""https://comtradeapi.un.org/public/v1/preview/C/A/HS"",""reporterCode"":360,""reporterISO"":""IDN"",""flowCode"":""X"",""cmdCode"":""090111"",""period"":""2020,2021,2022,2023,2024,2025"",""includeDesc"":true}]}",C,A,20200101,2020,704,VNM,Viet Nam,100,BGR,Bulgaria,0,W00,World,X,Export,H5,090111,Coffee; not roasted or decaffeinated,C00,TOTAL CPC,0,TOTAL MOT,8,kg,1167435.815,1167435.815,0,1815061.709,true,true,false,"{""typeCode"":""C"",""freqCode"":""A"",""refPeriodId"":20200101,""refYear"":2020,""refMonth"":52,""period"":""2020"",""reporterCode"":704,""reporterISO"":""VNM"",""reporterDesc"":""Viet Nam"",""flowCode"":""X"",""flowDesc"":""Export"",""partnerCode"":100,""partnerISO"":""BGR"",""partnerDesc"":""Bulgaria"",""partner2Code"":0,""partner2ISO"":""W00"",""partner2Desc"":""World"",""classificationCode"":""H5"",""classificationSearchCode"":""HS"",""isOriginalClassification"":true,""cmdCode"":""090111"",""cmdDesc"":""Coffee; not roasted or decaffeinated"",""aggrLevel"":6,""isLeaf"":true,""customsCode"":""C00"",""customsDesc"":""TOTAL CPC"",""mosCode"":""0"",""motCode"":0,""motDesc"":""TOTAL MOT"",""qtyUnitCode"":8,""qtyUnitAbbr"":""kg"",""qty"":1167435.815,""isQtyEstimated"":true,""altQtyUnitCode"":-1,""altQtyUnitAbbr"":""N/A"",""altQty"":0,""isAltQtyEstimated"":false,""netWgt"":1167435.815,""isNetWgtEstimated"":true,""grossWgt"":0,""isGrossWgtEstimated"":false,""cifvalue"":0,""fobvalue"":1815061.709,""primaryValue"":1815061.709,""legacyEstimationFlag"":6,""isReported"":true,""isAggregate"":false}"
,UN Comtrade,https://comtradeapi.un.org/public/v1/preview/C/A/HS?reporterCode=704&flowCode=X&cmdCode=090111&period=2020&includeDesc=true,2026-05-30T19:13:38.772Z,"{""reporters"":[{""endpoint"":""https://comtradeapi.un.org/public/v1/preview/C/A/HS"",""reporterCode"":704,""reporterISO"":""VNM"",""flowCode"":""X"",""cmdCode"":""090111"",""period"":""2020,2021,2022,2023,2024,2025"",""includeDesc"":true},{""endpoint"":""https://comtradeapi.un.org/public/v1/preview/C/A/HS"",""reporterCode"":76,""reporterISO"":""BRA"",""flowCode"":""X"",""cmdCode"":""090111"",""period"":""2020,2021,2022,2023,2024,2025"",""includeDesc"":true},{""endpoint"":""https://comtradeapi.un.org/public/v1/preview/C/A/HS"",""reporterCode"":360,""reporterISO"":""IDN"",""flowCode"":""X"",""cmdCode"":""090111"",""period"":""2020,2021,2022,2023,2024,2025"",""includeDesc"":true}]}",C,A,20200101,2020,704,VNM,Viet Nam,104,MMR,Myanmar,0,W00,World,X,Export,H5,090111,Coffee; not roasted or decaffeinated,C00,TOTAL CPC,0,TOTAL MOT,8,kg,154022.803,154022.803,0,294735.185,true,true,false,"{""typeCode"":""C"",""freqCode"":""A"",""refPeriodId"":20200101,""refYear"":2020,""refMonth"":52,""period"":""2020"",""reporterCode"":704,""reporterISO"":""VNM"",""reporterDesc"":""Viet Nam"",""flowCode"":""X"",""flowDesc"":""Export"",""partnerCode"":104,""partnerISO"":""MMR"",""partnerDesc"":""Myanmar"",""partner2Code"":0,""partner2ISO"":""W00"",""partner2Desc"":""World"",""classificationCode"":""H5"",""classificationSearchCode"":""HS"",""isOriginalClassification"":true,""cmdCode"":""090111"",""cmdDesc"":""Coffee; not roasted or decaffeinated"",""aggrLevel"":6,""isLeaf"":true,""customsCode"":""C00"",""customsDesc"":""TOTAL CPC"",""mosCode"":""0"",""motCode"":0,""motDesc"":""TOTAL MOT"",""qtyUnitCode"":8,""qtyUnitAbbr"":""kg"",""qty"":154022.803,""isQtyEstimated"":true,""altQtyUnitCode"":-1,""altQtyUnitAbbr"":""N/A"",""altQty"":0,""isAltQtyEstimated"":false,""netWgt"":154022.803,""isNetWgtEstimated"":true,""grossWgt"":0,""isGrossWgtEstimated"":false,""cifvalue"":0,""fobvalue"":294735.185,""primaryValue"":294735.185,""legacyEstimationFlag"":6,""isReported"":true,""isAggregate"":false}"
,UN Comtrade,https://comtradeapi.un.org/public/v1/preview/C/A/HS?reporterCode=704&flowCode=X&cmdCode=090111&period=2020&includeDesc=true,2026-05-30T19:13:38.772Z,"{""reporters"":[{""endpoint"":""https://comtradeapi.un.org/public/v1/preview/C/A/HS"",""reporterCode"":704,""reporterISO"":""VNM"",""flowCode"":""X"",""cmdCode"":""090111"",""period"":""2020,2021,2022,2023,2024,2025"",""includeDesc"":true},{""endpoint"":""https://comtradeapi.un.org/public/v1/preview/C/A/HS"",""reporterCode"":76,""reporterISO"":""BRA"",""flowCode"":""X"",""cmdCode"":""090111"",""period"":""2020,2021,2022,2023,2024,2025"",""includeDesc"":true},{""endpoint"":""https://comtradeapi.un.org/public/v1/preview/C/A/HS"",""reporterCode"":360,""reporterISO"":""IDN"",""flowCode"":""X"",""cmdCode"":""090111"",""period"":""2020,2021,2022,2023,2024,2025"",""includeDesc"":true}]}",C,A,20200101,2020,704,VNM,Viet Nam,116,KHM,Cambodia,0,W00,World,X,Export,H5,090111,Coffee; not roasted or decaffeinated,C00,TOTAL CPC,0,TOTAL MOT,8,kg,385434.612,385434.612,0,690445.473,true,true,false,"{""typeCode"":""C"",""freqCode"":""A"",""refPeriodId"":20200101,""refYear"":2020,""refMonth"":52,""period"":""2020"",""reporterCode"":704,""reporterISO"":""VNM"",""reporterDesc"":""Viet Nam"",""flowCode"":""X"",""flowDesc"":""Export"",""partnerCode"":116,""partnerISO"":""KHM"",""partnerDesc"":""Cambodia"",""partner2Code"":0,""partner2ISO"":""W00"",""partner2Desc"":""World"",""classificationCode"":""H5"",""classificationSearchCode"":""HS"",""isOriginalClassification"":true,""cmdCode"":""090111"",""cmdDesc"":""Coffee; not roasted or decaffeinated"",""aggrLevel"":6,""isLeaf"":true,""customsCode"":""C00"",""customsDesc"":""TOTAL CPC"",""mosCode"":""0"",""motCode"":0,""motDesc"":""TOTAL MOT"",""qtyUnitCode"":8,""qtyUnitAbbr"":""kg"",""qty"":385434.612,""isQtyEstimated"":true,""altQtyUnitCode"":-1,""altQtyUnitAbbr"":""N/A"",""altQty"":0,""isAltQtyEstimated"":false,""netWgt"":385434.612,""isNetWgtEstimated"":true,""grossWgt"":0,""isGrossWgtEstimated"":false,""cifvalue"":0,""fobvalue"":690445.473,""primaryValue"":690445.473,""legacyEstimationFlag"":6,""isReported"":true,""isAggregate"":false}"
,UN Comtrade,https://comtradeapi.un.org/public/v1/preview/C/A/HS?reporterCode=704&flowCode=X&cmdCode=090111&period=2020&includeDesc=true,2026-05-30T19:13:38.772Z,"{""reporters"":[{""endpoint"":""https://comtradeapi.un.org/public/v1/preview/C/A/HS"",""reporterCode"":704,""reporterISO"":""VNM"",""flowCode"":""X"",""cmdCode"":""090111"",""period"":""2020,2021,2022,2023,2024,2025"",""includeDesc"":true},{""endpoint"":""https://comtradeapi.un.org/public/v1/preview/C/A/HS"",""reporterCode"":76,""reporterISO"":""BRA"",""flowCode"":""X"",""cmdCode"":""090111"",""period"":""2020,2021,2022,2023,2024,2025"",""includeDesc"":true},{""endpoint"":""https://comtradeapi.un.org/public/v1/preview/C/A/HS"",""reporterCode"":360,""reporterISO"":""IDN"",""flowCode"":""X"",""cmdCode"":""090111"",""period"":""2020,2021,2022,2023,2024,2025"",""includeDesc"":true}]}",C,A,20200101,2020,704,VNM,Viet Nam,124,CAN,Canada,0,W00,World,X,Export,H5,090111,Coffee; not roasted or decaffeinated,C00,TOTAL CPC,0,TOTAL MOT,8,kg,5892120.91,5892120.91,0,9840552.51,true,true,false,"{""typeCode"":""C"",""freqCode"":""A"",""refPeriodId"":20200101,""refYear"":2020,""refMonth"":52,""period"":""2020"",""reporterCode"":704,""reporterISO"":""VNM"",""reporterDesc"":""Viet Nam"",""flowCode"":""X"",""flowDesc"":""Export"",""partnerCode"":124,""partnerISO"":""CAN"",""partnerDesc"":""Canada"",""partner2Code"":0,""partner2ISO"":""W00"",""partner2Desc"":""World"",""classificationCode"":""H5"",""classificationSearchCode"":""HS"",""isOriginalClassification"":true,""cmdCode"":""090111"",""cmdDesc"":""Coffee; not roasted or decaffeinated"",""aggrLevel"":6,""isLeaf"":true,""customsCode"":""C00"",""customsDesc"":""TOTAL CPC"",""mosCode"":""0"",""motCode"":0,""motDesc"":""TOTAL MOT"",""qtyUnitCode"":8,""qtyUnitAbbr"":""kg"",""qty"":5892120.91,""isQtyEstimated"":true,""altQtyUnitCode"":-1,""altQtyUnitAbbr"":""N/A"",""altQty"":0,""isAltQtyEstimated"":false,""netWgt"":5892120.91,""isNetWgtEstimated"":true,""grossWgt"":0,""isGrossWgtEstimated"":false,""cifvalue"":0,""fobvalue"":9840552.51,""primaryValue"":9840552.51,""legacyEstimationFlag"":6,""isReported"":true,""isAggregate"":false}"
,UN Comtrade,https://comtradeapi.un.org/public/v1/preview/C/A/HS?reporterCode=704&flowCode=X&cmdCode=090111&period=2020&includeDesc=true,2026-05-30T19:13:38.772Z,"{""reporters"":[{""endpoint"":""https://comtradeapi.un.org/public/v1/preview/C/A/HS"",""reporterCode"":704,""reporterISO"":""VNM"",""flowCode"":""X"",""cmdCode"":""090111"",""period"":""2020,2021,2022,2023,2024,2025"",""includeDesc"":true},{""endpoint"":""https://comtradeapi.un.org/public/v1/preview/C/A/HS"",""reporterCode"":76,""reporterISO"":""BRA"",""flowCode"":""X"",""cmdCode"":""090111"",""period"":""2020,2021,2022,2023,2024,2025"",""includeDesc"":true},{""endpoint"":""https://comtradeapi.un.org/public/v1/preview/C/A/HS"",""reporterCode"":360,""reporterISO"":""IDN"",""flowCode"":""X"",""cmdCode"":""090111"",""period"":""2020,2021,2022,2023,2024,2025"",""includeDesc"":true}]}",C,A,20200101,2020,704,VNM,Viet Nam,144,LKA,Sri Lanka,0,W00,World,X,Export,H5,090111,Coffee; not roasted or decaffeinated,C00,TOTAL CPC,0,TOTAL MOT,8,kg,55030,55030,0,95996,true,true,false,"{""typeCode"":""C"",""freqCode"":""A"",""refPeriodId"":20200101,""refYear"":2020,""refMonth"":52,""period"":""2020"",""reporterCode"":704,""reporterISO"":""VNM"",""reporterDesc"":""Viet Nam"",""flowCode"":""X"",""flowDesc"":""Export"",""partnerCode"":144,""partnerISO"":""LKA"",""partnerDesc"":""Sri Lanka"",""partner2Code"":0,""partner2ISO"":""W00"",""partner2Desc"":""World"",""classificationCode"":""H5"",""classificationSearchCode"":""HS"",""isOriginalClassification"":true,""cmdCode"":""090111"",""cmdDesc"":""Coffee; not roasted or decaffeinated"",""aggrLevel"":6,""isLeaf"":true,""customsCode"":""C00"",""customsDesc"":""TOTAL CPC"",""mosCode"":""0"",""motCode"":0,""motDesc"":""TOTAL MOT"",""qtyUnitCode"":8,""qtyUnitAbbr"":""kg"",""qty"":55030,""isQtyEstimated"":false,""altQtyUnitCode"":21,""altQtyUnitAbbr"":""1000 KG"",""altQty"":55.03,""isAltQtyEstimated"":false,""netWgt"":55030,""isNetWgtEstimated"":false,""grossWgt"":0,""isGrossWgtEstimated"":false,""cifvalue"":0,""fobvalue"":95996,""primaryValue"":95996,""legacyEstimationFlag"":0,""isReported"":true,""isAggregate"":false}"
,UN Comtrade,https://comtradeapi.un.org/public/v1/preview/C/A/HS?reporterCode=704&flowCode=X&cmdCode=090111&period=2020&includeDesc=true,2026-05-30T19:13:38.772Z,"{""reporters"":[{""endpoint"":""https://comtradeapi.un.org/public/v1/preview/C/A/HS"",""reporterCode"":704,""reporterISO"":""VNM"",""flowCode"":""X"",""cmdCode"":""090111"",""period"":""2020,2021,2022,2023,2024,2025"",""includeDesc"":true},{""endpoint"":""https://comtradeapi.un.org/public/v1/preview/C/A/HS"",""reporterCode"":76,""reporterISO"":""BRA"",""flowCode"":""X"",""cmdCode"":""090111"",""period"":""2020,2021,2022,2023,2024,2025"",""includeDesc"":true},{""endpoint"":""https://comtradeapi.un.org/public/v1/preview/C/A/HS"",""reporterCode"":360,""reporterISO"":""IDN"",""flowCode"":""X"",""cmdCode"":""090111"",""period"":""2020,2021,2022,2023,2024,2025"",""includeDesc"":true}]}",C,A,20200101,2020,704,VNM,Viet Nam,152,CHL,Chile,0,W00,World,X,Export,H5,090111,Coffee; not roasted or decaffeinated,C00,TOTAL CPC,0,TOTAL MOT,8,kg,361534.908,361534.908,0,590307.718,true,true,false,"{""typeCode"":""C"",""freqCode"":""A"",""refPeriodId"":20200101,""refYear"":2020,""refMonth"":52,""period"":""2020"",""reporterCode"":704,""reporterISO"":""VNM"",""reporterDesc"":""Viet Nam"",""flowCode"":""X"",""flowDesc"":""Export"",""partnerCode"":152,""partnerISO"":""CHL"",""partnerDesc"":""Chile"",""partner2Code"":0,""partner2ISO"":""W00"",""partner2Desc"":""World"",""classificationCode"":""H5"",""classificationSearchCode"":""HS"",""isOriginalClassification"":true,""cmdCode"":""090111"",""cmdDesc"":""Coffee; not roasted or decaffeinated"",""aggrLevel"":6,""isLeaf"":true,""customsCode"":""C00"",""customsDesc"":""TOTAL CPC"",""mosCode"":""0"",""motCode"":0,""motDesc"":""TOTAL MOT"",""qtyUnitCode"":8,""qtyUnitAbbr"":""kg"",""qty"":361534.908,""isQtyEstimated"":true,""altQtyUnitCode"":-1,""altQtyUnitAbbr"":""N/A"",""altQty"":0,""isAltQtyEstimated"":false,""netWgt"":361534.908,""isNetWgtEstimated"":true,""grossWgt"":0,""isGrossWgtEstimated"":false,""cifvalue"":0,""fobvalue"":590307.718,""primaryValue"":590307.718,""legacyEstimationFlag"":6,""isReported"":true,""isAggregate"":false}"
,UN Comtrade,https://comtradeapi.un.org/public/v1/preview/C/A/HS?reporterCode=704&flowCode=X&cmdCode=090111&period=2020&includeDesc=true,2026-05-30T19:13:38.772Z,"{""reporters"":[{""endpoint"":""https://comtradeapi.un.org/public/v1/preview/C/A/HS"",""reporterCode"":704,""reporterISO"":""VNM"",""flowCode"":""X"",""cmdCode"":""090111"",""period"":""2020,2021,2022,2023,2024,2025"",""includeDesc"":true},{""endpoint"":""https://comtradeapi.un.org/public/v1/preview/C/A/HS"",""reporterCode"":76,""reporterISO"":""BRA"",""flowCode"":""X"",""cmdCode"":""090111"",""period"":""2020,2021,2022,2023,2024,2025"",""includeDesc"":true},{""endpoint"":""https://comtradeapi.un.org/public/v1/preview/C/A/HS"",""reporterCode"":360,""reporterISO"":""IDN"",""flowCode"":""X"",""cmdCode"":""090111"",""period"":""2020,2021,2022,2023,2024,2025"",""includeDesc"":true}]}",C,A,20200101,2020,704,VNM,Viet Nam,156,CHN,China,0,W00,World,X,Export,H5,090111,Coffee; not roasted or decaffeinated,C00,TOTAL CPC,0,TOTAL MOT,8,kg,23558124.4,23558124.4,0,35576966.828,true,true,false,"{""typeCode"":""C"",""freqCode"":""A"",""refPeriodId"":20200101,""refYear"":2020,""refMonth"":52,""period"":""2020"",""reporterCode"":704,""reporterISO"":""VNM"",""reporterDesc"":""Viet Nam"",""flowCode"":""X"",""flowDesc"":""Export"",""partnerCode"":156,""partnerISO"":""CHN"",""partnerDesc"":""China"",""partner2Code"":0,""partner2ISO"":""W00"",""partner2Desc"":""World"",""classificationCode"":""H5"",""classificationSearchCode"":""HS"",""isOriginalClassification"":true,""cmdCode"":""090111"",""cmdDesc"":""Coffee; not roasted or decaffeinated"",""aggrLevel"":6,""isLeaf"":true,""customsCode"":""C00"",""customsDesc"":""TOTAL CPC"",""mosCode"":""0"",""motCode"":0,""motDesc"":""TOTAL MOT"",""qtyUnitCode"":8,""qtyUnitAbbr"":""kg"",""qty"":23558124.4,""isQtyEstimated"":true,""altQtyUnitCode"":-1,""altQtyUnitAbbr"":""N/A"",""altQty"":0,""isAltQtyEstimated"":false,""netWgt"":23558124.4,""isNetWgtEstimated"":true,""grossWgt"":0,""isGrossWgtEstimated"":false,""cifvalue"":0,""fobvalue"":35576966.828,""primaryValue"":35576966.828,""legacyEstimationFlag"":6,""isReported"":true,""isAggregate"":false}"
,UN Comtrade,https://comtradeapi.un.org/public/v1/preview/C/A/HS?reporterCode=704&flowCode=X&cmdCode=090111&period=2020&includeDesc=true,2026-05-30T19:13:38.772Z,"{""reporters"":[{""endpoint"":""https://comtradeapi.un.org/public/v1/preview/C/A/HS"",""reporterCode"":704,""reporterISO"":""VNM"",""flowCode"":""X"",""cmdCode"":""090111"",""period"":""2020,2021,2022,2023,2024,2025"",""includeDesc"":true},{""endpoint"":""https://comtradeapi.un.org/public/v1/preview/C/A/HS"",""reporterCode"":76,""reporterISO"":""BRA"",""flowCode"":""X"",""cmdCode"":""090111"",""period"":""2020,2021,2022,2023,2024,2025"",""includeDesc"":true},{""endpoint"":""https://comtradeapi.un.org/public/v1/preview/C/A/HS"",""reporterCode"":360,""reporterISO"":""IDN"",""flowCode"":""X"",""cmdCode"":""090111"",""period"":""2020,2021,2022,2023,2024,2025"",""includeDesc"":true}]}",C,A,20200101,2020,704,VNM,Viet Nam,191,HRV,Croatia,0,W00,World,X,Export,H5,090111,Coffee; not roasted or decaffeinated,C00,TOTAL CPC,0,TOTAL MOT,8,kg,1938359.436,1938359.436,0,2902790.92,true,true,false,"{""typeCode"":""C"",""freqCode"":""A"",""refPeriodId"":20200101,""refYear"":2020,""refMonth"":52,""period"":""2020"",""reporterCode"":704,""reporterISO"":""VNM"",""reporterDesc"":""Viet Nam"",""flowCode"":""X"",""flowDesc"":""Export"",""partnerCode"":191,""partnerISO"":""HRV"",""partnerDesc"":""Croatia"",""partner2Code"":0,""partner2ISO"":""W00"",""partner2Desc"":""World"",""classificationCode"":""H5"",""classificationSearchCode"":""HS"",""isOriginalClassification"":true,""cmdCode"":""090111"",""cmdDesc"":""Coffee; not roasted or decaffeinated"",""aggrLevel"":6,""isLeaf"":true,""customsCode"":""C00"",""customsDesc"":""TOTAL CPC"",""mosCode"":""0"",""motCode"":0,""motDesc"":""TOTAL MOT"",""qtyUnitCode"":8,""qtyUnitAbbr"":""kg"",""qty"":1938359.436,""isQtyEstimated"":true,""altQtyUnitCode"":-1,""altQtyUnitAbbr"":""N/A"",""altQty"":0,""isAltQtyEstimated"":false,""netWgt"":1938359.436,""isNetWgtEstimated"":true,""grossWgt"":0,""isGrossWgtEstimated"":false,""cifvalue"":0,""fobvalue"":2902790.92,""primaryValue"":2902790.92,""legacyEstimationFlag"":6,""isReported"":true,""isAggregate"":false}"
,UN Comtrade,https://comtradeapi.un.org/public/v1/preview/C/A/HS?reporterCode=704&flowCode=X&cmdCode=090111&period=2020&includeDesc=true,2026-05-30T19:13:38.772Z,"{""reporters"":[{""endpoint"":""https://comtradeapi.un.org/public/v1/preview/C/A/HS"",""reporterCode"":704,""reporterISO"":""VNM"",""flowCode"":""X"",""cmdCode"":""090111"",""period"":""2020,2021,2022,2023,2024,2025"",""includeDesc"":true},{""endpoint"":""https://comtradeapi.un.org/public/v1/preview/C/A/HS"",""reporterCode"":76,""reporterISO"":""BRA"",""flowCode"":""X"",""cmdCode"":""090111"",""period"":""2020,2021,2022,2023,2024,2025"",""includeDesc"":true},{""endpoint"":""https://comtradeapi.un.org/public/v1/preview/C/A/HS"",""reporterCode"":360,""reporterISO"":""IDN"",""flowCode"":""X"",""cmdCode"":""090111"",""period"":""2020,2021,2022,2023,2024,2025"",""includeDesc"":true}]}",C,A,20200101,2020,704,VNM,Viet Nam,203,CZE,Czechia,0,W00,World,X,Export,H5,090111,Coffee; not roasted or decaffeinated,C00,TOTAL CPC,0,TOTAL MOT,8,kg,1123861.782,1123861.782,0,1730425.4,true,true,false,"{""typeCode"":""C"",""freqCode"":""A"",""refPeriodId"":20200101,""refYear"":2020,""refMonth"":52,""period"":""2020"",""reporterCode"":704,""reporterISO"":""VNM"",""reporterDesc"":""Viet Nam"",""flowCode"":""X"",""flowDesc"":""Export"",""partnerCode"":203,""partnerISO"":""CZE"",""partnerDesc"":""Czechia"",""partner2Code"":0,""partner2ISO"":""W00"",""partner2Desc"":""World"",""classificationCode"":""H5"",""classificationSearchCode"":""HS"",""isOriginalClassification"":true,""cmdCode"":""090111"",""cmdDesc"":""Coffee; not roasted or decaffeinated"",""aggrLevel"":6,""isLeaf"":true,""customsCode"":""C00"",""customsDesc"":""TOTAL CPC"",""mosCode"":""0"",""motCode"":0,""motDesc"":""TOTAL MOT"",""qtyUnitCode"":8,""qtyUnitAbbr"":""kg"",""qty"":1123861.782,""isQtyEstimated"":true,""altQtyUnitCode"":-1,""altQtyUnitAbbr"":""N/A"",""altQty"":0,""isAltQtyEstimated"":false,""netWgt"":1123861.782,""isNetWgtEstimated"":true,""grossWgt"":0,""isGrossWgtEstimated"":false,""cifvalue"":0,""fobvalue"":1730425.4,""primaryValue"":1730425.4,""legacyEstimationFlag"":6,""isReported"":true,""isAggregate"":false}"
,UN Comtrade,https://comtradeapi.un.org/public/v1/preview/C/A/HS?reporterCode=704&flowCode=X&cmdCode=090111&period=2020&includeDesc=true,2026-05-30T19:13:38.772Z,"{""reporters"":[{""endpoint"":""https://comtradeapi.un.org/public/v1/preview/C/A/HS"",""reporterCode"":704,""reporterISO"":""VNM"",""flowCode"":""X"",""cmdCode"":""090111"",""period"":""2020,2021,2022,2023,2024,2025"",""includeDesc"":true},{""endpoint"":""https://comtradeapi.un.org/public/v1/preview/C/A/HS"",""reporterCode"":76,""reporterISO"":""BRA"",""flowCode"":""X"",""cmdCode"":""090111"",""period"":""2020,2021,2022,2023,2024,2025"",""includeDesc"":true},{""endpoint"":""https://comtradeapi.un.org/public/v1/preview/C/A/HS"",""reporterCode"":360,""reporterISO"":""IDN"",""flowCode"":""X"",""cmdCode"":""090111"",""period"":""2020,2021,2022,2023,2024,2025"",""includeDesc"":true}]}",C,A,20200101,2020,704,VNM,Viet Nam,208,DNK,Denmark,0,W00,World,X,Export,H5,090111,Coffee; not roasted or decaffeinated,C00,TOTAL CPC,0,TOTAL MOT,8,kg,1520715.29,1520715.29,0,2417619.45,true,true,false,"{""typeCode"":""C"",""freqCode"":""A"",""refPeriodId"":20200101,""refYear"":2020,""refMonth"":52,""period"":""2020"",""reporterCode"":704,""reporterISO"":""VNM"",""reporterDesc"":""Viet Nam"",""flowCode"":""X"",""flowDesc"":""Export"",""partnerCode"":208,""partnerISO"":""DNK"",""partnerDesc"":""Denmark"",""partner2Code"":0,""partner2ISO"":""W00"",""partner2Desc"":""World"",""classificationCode"":""H5"",""classificationSearchCode"":""HS"",""isOriginalClassification"":true,""cmdCode"":""090111"",""cmdDesc"":""Coffee; not roasted or decaffeinated"",""aggrLevel"":6,""isLeaf"":true,""customsCode"":""C00"",""customsDesc"":""TOTAL CPC"",""mosCode"":""0"",""motCode"":0,""motDesc"":""TOTAL MOT"",""qtyUnitCode"":8,""qtyUnitAbbr"":""kg"",""qty"":1520715.29,""isQtyEstimated"":true,""altQtyUnitCode"":-1,""altQtyUnitAbbr"":""N/A"",""altQty"":0,""isAltQtyEstimated"":false,""netWgt"":1520715.29,""isNetWgtEstimated"":true,""grossWgt"":0,""isGrossWgtEstimated"":false,""cifvalue"":0,""fobvalue"":2417619.45,""primaryValue"":2417619.45,""legacyEstimationFlag"":6,""isReported"":true,""isAggregate"":false}"
,UN Comtrade,https://comtradeapi.un.org/public/v1/preview/C/A/HS?reporterCode=704&flowCode=X&cmdCode=090111&period=2020&includeDesc=true,2026-05-30T19:13:38.772Z,"{""reporters"":[{""endpoint"":""https://comtradeapi.un.org/public/v1/preview/C/A/HS"",""reporterCode"":704,""reporterISO"":""VNM"",""flowCode"":""X"",""cmdCode"":""090111"",""period"":""2020,2021,2022,2023,2024,2025"",""includeDesc"":true},{""endpoint"":""https://comtradeapi.un.org/public/v1/preview/C/A/HS"",""reporterCode"":76,""reporterISO"":""BRA"",""flowCode"":""X"",""cmdCode"":""090111"",""period"":""2020,2021,2022,2023,2024,2025"",""includeDesc"":true},{""endpoint"":""https://comtradeapi.un.org/public/v1/preview/C/A/HS"",""reporterCode"":360,""reporterISO"":""IDN"",""flowCode"":""X"",""cmdCode"":""090111"",""period"":""2020,2021,2022,2023,2024,2025"",""includeDesc"":true}]}",C,A,20200101,2020,704,VNM,Viet Nam,214,DOM,Dominican Rep.,0,W00,World,X,Export,H5,090111,Coffee; not roasted or decaffeinated,C00,TOTAL CPC,0,TOTAL MOT,8,kg,4152649.259,4152649.259,0,6118560.038,true,true,false,"{""typeCode"":""C"",""freqCode"":""A"",""refPeriodId"":20200101,""refYear"":2020,""refMonth"":52,""period"":""2020"",""reporterCode"":704,""reporterISO"":""VNM"",""reporterDesc"":""Viet Nam"",""flowCode"":""X"",""flowDesc"":""Export"",""partnerCode"":214,""partnerISO"":""DOM"",""partnerDesc"":""Dominican Rep."",""partner2Code"":0,""partner2ISO"":""W00"",""partner2Desc"":""World"",""classificationCode"":""H5"",""classificationSearchCode"":""HS"",""isOriginalClassification"":true,""cmdCode"":""090111"",""cmdDesc"":""Coffee; not roasted or decaffeinated"",""aggrLevel"":6,""isLeaf"":true,""customsCode"":""C00"",""customsDesc"":""TOTAL CPC"",""mosCode"":""0"",""motCode"":0,""motDesc"":""TOTAL MOT"",""qtyUnitCode"":8,""qtyUnitAbbr"":""kg"",""qty"":4152649.259,""isQtyEstimated"":true,""altQtyUnitCode"":-1,""altQtyUnitAbbr"":""N/A"",""altQty"":0,""isAltQtyEstimated"":false,""netWgt"":4152649.259,""isNetWgtEstimated"":true,""grossWgt"":0,""isGrossWgtEstimated"":false,""cifvalue"":0,""fobvalue"":6118560.038,""primaryValue"":6118560.038,""legacyEstimationFlag"":6,""isReported"":true,""isAggregate"":false}"
,UN Comtrade,https://comtradeapi.un.org/public/v1/preview/C/A/HS?reporterCode=704&flowCode=X&cmdCode=090111&period=2020&includeDesc=true,2026-05-30T19:13:38.772Z,"{""reporters"":[{""endpoint"":""https://comtradeapi.un.org/public/v1/preview/C/A/HS"",""reporterCode"":704,""reporterISO"":""VNM"",""flowCode"":""X"",""cmdCode"":""090111"",""period"":""2020,2021,2022,2023,2024,2025"",""includeDesc"":true},{""endpoint"":""https://comtradeapi.un.org/public/v1/preview/C/A/HS"",""reporterCode"":76,""reporterISO"":""BRA"",""flowCode"":""X"",""cmdCode"":""090111"",""period"":""2020,2021,2022,2023,2024,2025"",""includeDesc"":true},{""endpoint"":""https://comtradeapi.un.org/public/v1/preview/C/A/HS"",""reporterCode"":360,""reporterISO"":""IDN"",""flowCode"":""X"",""cmdCode"":""090111"",""period"":""2020,2021,2022,2023,2024,2025"",""includeDesc"":true}]}",C,A,20200101,2020,704,VNM,Viet Nam,218,ECU,Ecuador,0,W00,World,X,Export,H5,090111,Coffee; not roasted or decaffeinated,C00,TOTAL CPC,0,TOTAL MOT,8,kg,8725439.34,8725439.34,0,13446042.4,true,true,false,"{""typeCode"":""C"",""freqCode"":""A"",""refPeriodId"":20200101,""refYear"":2020,""refMonth"":52,""period"":""2020"",""reporterCode"":704,""reporterISO"":""VNM"",""reporterDesc"":""Viet Nam"",""flowCode"":""X"",""flowDesc"":""Export"",""partnerCode"":218,""partnerISO"":""ECU"",""partnerDesc"":""Ecuador"",""partner2Code"":0,""partner2ISO"":""W00"",""partner2Desc"":""World"",""classificationCode"":""H5"",""classificationSearchCode"":""HS"",""isOriginalClassification"":true,""cmdCode"":""090111"",""cmdDesc"":""Coffee; not roasted or decaffeinated"",""aggrLevel"":6,""isLeaf"":true,""customsCode"":""C00"",""customsDesc"":""TOTAL CPC"",""mosCode"":""0"",""motCode"":0,""motDesc"":""TOTAL MOT"",""qtyUnitCode"":8,""qtyUnitAbbr"":""kg"",""qty"":8725439.34,""isQtyEstimated"":true,""altQtyUnitCode"":-1,""altQtyUnitAbbr"":""N/A"",""altQty"":0,""isAltQtyEstimated"":false,""netWgt"":8725439.34,""isNetWgtEstimated"":true,""grossWgt"":0,""isGrossWgtEstimated"":false,""cifvalue"":0,""fobvalue"":13446042.4,""primaryValue"":13446042.4,""legacyEstimationFlag"":6,""isReported"":true,""isAggregate"":false}"
,UN Comtrade,https://comtradeapi.un.org/public/v1/preview/C/A/HS?reporterCode=704&flowCode=X&cmdCode=090111&period=2020&includeDesc=true,2026-05-30T19:13:38.772Z,"{""reporters"":[{""endpoint"":""https://comtradeapi.un.org/public/v1/preview/C/A/HS"",""reporterCode"":704,""reporterISO"":""VNM"",""flowCode"":""X"",""cmdCode"":""090111"",""period"":""2020,2021,2022,2023,2024,2025"",""includeDesc"":true},{""endpoint"":""https://comtradeapi.un.org/public/v1/preview/C/A/HS"",""reporterCode"":76,""reporterISO"":""BRA"",""flowCode"":""X"",""cmdCode"":""090111"",""period"":""2020,2021,2022,2023,2024,2025"",""includeDesc"":true},{""endpoint"":""https://comtradeapi.un.org/public/v1/preview/C/A/HS"",""reporterCode"":360,""reporterISO"":""IDN"",""flowCode"":""X"",""cmdCode"":""090111"",""period"":""2020,2021,2022,2023,2024,2025"",""includeDesc"":true}]}",C,A,20200101,2020,704,VNM,Viet Nam,233,EST,Estonia,0,W00,World,X,Export,H5,090111,Coffee; not roasted or decaffeinated,C00,TOTAL CPC,0,TOTAL MOT,8,kg,73872,73872,0,135099.2,true,true,false,"{""typeCode"":""C"",""freqCode"":""A"",""refPeriodId"":20200101,""refYear"":2020,""refMonth"":52,""period"":""2020"",""reporterCode"":704,""reporterISO"":""VNM"",""reporterDesc"":""Viet Nam"",""flowCode"":""X"",""flowDesc"":""Export"",""partnerCode"":233,""partnerISO"":""EST"",""partnerDesc"":""Estonia"",""partner2Code"":0,""partner2ISO"":""W00"",""partner2Desc"":""World"",""classificationCode"":""H5"",""classificationSearchCode"":""HS"",""isOriginalClassification"":true,""cmdCode"":""090111"",""cmdDesc"":""Coffee; not roasted or decaffeinated"",""aggrLevel"":6,""isLeaf"":true,""customsCode"":""C00"",""customsDesc"":""TOTAL CPC"",""mosCode"":""0"",""motCode"":0,""motDesc"":""TOTAL MOT"",""qtyUnitCode"":8,""qtyUnitAbbr"":""kg"",""qty"":73872,""isQtyEstimated"":false,""altQtyUnitCode"":21,""altQtyUnitAbbr"":""1000 KG"",""altQty"":73.872,""isAltQtyEstimated"":false,""netWgt"":73872,""isNetWgtEstimated"":false,""grossWgt"":0,""isGrossWgtEstimated"":false,""cifvalue"":0,""fobvalue"":135099.2,""primaryValue"":135099.2,""legacyEstimationFlag"":0,""isReported"":true,""isAggregate"":false}"
,UN Comtrade,https://comtradeapi.un.org/public/v1/preview/C/A/HS?reporterCode=704&flowCode=X&cmdCode=090111&period=2020&includeDesc=true,2026-05-30T19:13:38.772Z,"{""reporters"":[{""endpoint"":""https://comtradeapi.un.org/public/v1/preview/C/A/HS"",""reporterCode"":704,""reporterISO"":""VNM"",""flowCode"":""X"",""cmdCode"":""090111"",""period"":""2020,2021,2022,2023,2024,2025"",""includeDesc"":true},{""endpoint"":""https://comtradeapi.un.org/public/v1/preview/C/A/HS"",""reporterCode"":76,""reporterISO"":""BRA"",""flowCode"":""X"",""cmdCode"":""090111"",""period"":""2020,2021,2022,2023,2024,2025"",""includeDesc"":true},{""endpoint"":""https://comtradeapi.un.org/public/v1/preview/C/A/HS"",""reporterCode"":360,""reporterISO"":""IDN"",""flowCode"":""X"",""cmdCode"":""090111"",""period"":""2020,2021,2022,2023,2024,2025"",""includeDesc"":true}]}",C,A,20200101,2020,704,VNM,Viet Nam,246,FIN,Finland,0,W00,World,X,Export,H5,090111,Coffee; not roasted or decaffeinated,C00,TOTAL CPC,0,TOTAL MOT,8,kg,1794827.117,1794827.117,0,2886754.78,true,true,false,"{""typeCode"":""C"",""freqCode"":""A"",""refPeriodId"":20200101,""refYear"":2020,""refMonth"":52,""period"":""2020"",""reporterCode"":704,""reporterISO"":""VNM"",""reporterDesc"":""Viet Nam"",""flowCode"":""X"",""flowDesc"":""Export"",""partnerCode"":246,""partnerISO"":""FIN"",""partnerDesc"":""Finland"",""partner2Code"":0,""partner2ISO"":""W00"",""partner2Desc"":""World"",""classificationCode"":""H5"",""classificationSearchCode"":""HS"",""isOriginalClassification"":true,""cmdCode"":""090111"",""cmdDesc"":""Coffee; not roasted or decaffeinated"",""aggrLevel"":6,""isLeaf"":true,""customsCode"":""C00"",""customsDesc"":""TOTAL CPC"",""mosCode"":""0"",""motCode"":0,""motDesc"":""TOTAL MOT"",""qtyUnitCode"":8,""qtyUnitAbbr"":""kg"",""qty"":1794827.117,""isQtyEstimated"":true,""altQtyUnitCode"":-1,""altQtyUnitAbbr"":""N/A"",""altQty"":0,""isAltQtyEstimated"":false,""netWgt"":1794827.117,""isNetWgtEstimated"":true,""grossWgt"":0,""isGrossWgtEstimated"":false,""cifvalue"":0,""fobvalue"":2886754.78,""primaryValue"":2886754.78,""legacyEstimationFlag"":6,""isReported"":true,""isAggregate"":false}"
,UN Comtrade,https://comtradeapi.un.org/public/v1/preview/C/A/HS?reporterCode=704&flowCode=X&cmdCode=090111&period=2020&includeDesc=true,2026-05-30T19:13:38.772Z,"{""reporters"":[{""endpoint"":""https://comtradeapi.un.org/public/v1/preview/C/A/HS"",""reporterCode"":704,""reporterISO"":""VNM"",""flowCode"":""X"",""cmdCode"":""090111"",""period"":""2020,2021,2022,2023,2024,2025"",""includeDesc"":true},{""endpoint"":""https://comtradeapi.un.org/public/v1/preview/C/A/HS"",""reporterCode"":76,""reporterISO"":""BRA"",""flowCode"":""X"",""cmdCode"":""090111"",""period"":""2020,2021,2022,2023,2024,2025"",""includeDesc"":true},{""endpoint"":""https://comtradeapi.un.org/public/v1/preview/C/A/HS"",""reporterCode"":360,""reporterISO"":""IDN"",""flowCode"":""X"",""cmdCode"":""090111"",""period"":""2020,2021,2022,2023,2024,2025"",""includeDesc"":true}]}",C,A,20200101,2020,704,VNM,Viet Nam,251,FRA,France,0,W00,World,X,Export,H5,090111,Coffee; not roasted or decaffeinated,C00,TOTAL CPC,0,TOTAL MOT,8,kg,18731728.61,18731728.61,0,28762956.679,true,true,false,"{""typeCode"":""C"",""freqCode"":""A"",""refPeriodId"":20200101,""refYear"":2020,""refMonth"":52,""period"":""2020"",""reporterCode"":704,""reporterISO"":""VNM"",""reporterDesc"":""Viet Nam"",""flowCode"":""X"",""flowDesc"":""Export"",""partnerCode"":251,""partnerISO"":""FRA"",""partnerDesc"":""France"",""partner2Code"":0,""partner2ISO"":""W00"",""partner2Desc"":""World"",""classificationCode"":""H5"",""classificationSearchCode"":""HS"",""isOriginalClassification"":true,""cmdCode"":""090111"",""cmdDesc"":""Coffee; not roasted or decaffeinated"",""aggrLevel"":6,""isLeaf"":true,""customsCode"":""C00"",""customsDesc"":""TOTAL CPC"",""mosCode"":""0"",""motCode"":0,""motDesc"":""TOTAL MOT"",""qtyUnitCode"":8,""qtyUnitAbbr"":""kg"",""qty"":18731728.61,""isQtyEstimated"":true,""altQtyUnitCode"":-1,""altQtyUnitAbbr"":""N/A"",""altQty"":0,""isAltQtyEstimated"":false,""netWgt"":18731728.61,""isNetWgtEstimated"":true,""grossWgt"":0,""isGrossWgtEstimated"":false,""cifvalue"":0,""fobvalue"":28762956.679,""primaryValue"":28762956.679,""legacyEstimationFlag"":6,""isReported"":true,""isAggregate"":false}"
,UN Comtrade,https://comtradeapi.un.org/public/v1/preview/C/A/HS?reporterCode=704&flowCode=X&cmdCode=090111&period=2020&includeDesc=true,2026-05-30T19:13:38.772Z,"{""reporters"":[{""endpoint"":""https://comtradeapi.un.org/public/v1/preview/C/A/HS"",""reporterCode"":704,""reporterISO"":""VNM"",""flowCode"":""X"",""cmdCode"":""090111"",""period"":""2020,2021,2022,2023,2024,2025"",""includeDesc"":true},{""endpoint"":""https://comtradeapi.un.org/public/v1/preview/C/A/HS"",""reporterCode"":76,""reporterISO"":""BRA"",""flowCode"":""X"",""cmdCode"":""090111"",""period"":""2020,2021,2022,2023,2024,2025"",""includeDesc"":true},{""endpoint"":""https://comtradeapi.un.org/public/v1/preview/C/A/HS"",""reporterCode"":360,""reporterISO"":""IDN"",""flowCode"":""X"",""cmdCode"":""090111"",""period"":""2020,2021,2022,2023,2024,2025"",""includeDesc"":true}]}",C,A,20200101,2020,704,VNM,Viet Nam,276,DEU,Germany,0,W00,World,X,Export,H5,090111,Coffee; not roasted or decaffeinated,C00,TOTAL CPC,0,TOTAL MOT,8,kg,212181556.967,212181556.967,0,324793743.384,true,true,false,"{""typeCode"":""C"",""freqCode"":""A"",""refPeriodId"":20200101,""refYear"":2020,""refMonth"":52,""period"":""2020"",""reporterCode"":704,""reporterISO"":""VNM"",""reporterDesc"":""Viet Nam"",""flowCode"":""X"",""flowDesc"":""Export"",""partnerCode"":276,""partnerISO"":""DEU"",""partnerDesc"":""Germany"",""partner2Code"":0,""partner2ISO"":""W00"",""partner2Desc"":""World"",""classificationCode"":""H5"",""classificationSearchCode"":""HS"",""isOriginalClassification"":true,""cmdCode"":""090111"",""cmdDesc"":""Coffee; not roasted or decaffeinated"",""aggrLevel"":6,""isLeaf"":true,""customsCode"":""C00"",""customsDesc"":""TOTAL CPC"",""mosCode"":""0"",""motCode"":0,""motDesc"":""TOTAL MOT"",""qtyUnitCode"":8,""qtyUnitAbbr"":""kg"",""qty"":212181556.967,""isQtyEstimated"":true,""altQtyUnitCode"":-1,""altQtyUnitAbbr"":""N/A"",""altQty"":0,""isAltQtyEstimated"":false,""netWgt"":212181556.967,""isNetWgtEstimated"":true,""grossWgt"":0,""isGrossWgtEstimated"":false,""cifvalue"":0,""fobvalue"":324793743.384,""primaryValue"":324793743.384,""legacyEstimationFlag"":6,""isReported"":true,""isAggregate"":false}"
,UN Comtrade,https://comtradeapi.un.org/public/v1/preview/C/A/HS?reporterCode=704&flowCode=X&cmdCode=090111&period=2020&includeDesc=true,2026-05-30T19:13:38.772Z,"{""reporters"":[{""endpoint"":""https://comtradeapi.un.org/public/v1/preview/C/A/HS"",""reporterCode"":704,""reporterISO"":""VNM"",""flowCode"":""X"",""cmdCode"":""090111"",""period"":""2020,2021,2022,2023,2024,2025"",""includeDesc"":true},{""endpoint"":""https://comtradeapi.un.org/public/v1/preview/C/A/HS"",""reporterCode"":76,""reporterISO"":""BRA"",""flowCode"":""X"",""cmdCode"":""090111"",""period"":""2020,2021,2022,2023,2024,2025"",""includeDesc"":true},{""endpoint"":""https://comtradeapi.un.org/public/v1/preview/C/A/HS"",""reporterCode"":360,""reporterISO"":""IDN"",""flowCode"":""X"",""cmdCode"":""090111"",""period"":""2020,2021,2022,2023,2024,2025"",""includeDesc"":true}]}",C,A,20200101,2020,704,VNM,Viet Nam,300,GRC,Greece,0,W00,World,X,Export,H5,090111,Coffee; not roasted or decaffeinated,C00,TOTAL CPC,0,TOTAL MOT,8,kg,10340623.092,10340623.092,0,16090834.993,true,true,false,"{""typeCode"":""C"",""freqCode"":""A"",""refPeriodId"":20200101,""refYear"":2020,""refMonth"":52,""period"":""2020"",""reporterCode"":704,""reporterISO"":""VNM"",""reporterDesc"":""Viet Nam"",""flowCode"":""X"",""flowDesc"":""Export"",""partnerCode"":300,""partnerISO"":""GRC"",""partnerDesc"":""Greece"",""partner2Code"":0,""partner2ISO"":""W00"",""partner2Desc"":""World"",""classificationCode"":""H5"",""classificationSearchCode"":""HS"",""isOriginalClassification"":true,""cmdCode"":""090111"",""cmdDesc"":""Coffee; not roasted or decaffeinated"",""aggrLevel"":6,""isLeaf"":true,""customsCode"":""C00"",""customsDesc"":""TOTAL CPC"",""mosCode"":""0"",""motCode"":0,""motDesc"":""TOTAL MOT"",""qtyUnitCode"":8,""qtyUnitAbbr"":""kg"",""qty"":10340623.092,""isQtyEstimated"":true,""altQtyUnitCode"":-1,""altQtyUnitAbbr"":""N/A"",""altQty"":0,""isAltQtyEstimated"":false,""netWgt"":10340623.092,""isNetWgtEstimated"":true,""grossWgt"":0,""isGrossWgtEstimated"":false,""cifvalue"":0,""fobvalue"":16090834.993,""primaryValue"":16090834.993,""legacyEstimationFlag"":6,""isReported"":true,""isAggregate"":false}"
,UN Comtrade,https://comtradeapi.un.org/public/v1/preview/C/A/HS?reporterCode=704&flowCode=X&cmdCode=090111&period=2020&includeDesc=true,2026-05-30T19:13:38.772Z,"{""reporters"":[{""endpoint"":""https://comtradeapi.un.org/public/v1/preview/C/A/HS"",""reporterCode"":704,""reporterISO"":""VNM"",""flowCode"":""X"",""cmdCode"":""090111"",""period"":""2020,2021,2022,2023,2024,2025"",""includeDesc"":true},{""endpoint"":""https://comtradeapi.un.org/public/v1/preview/C/A/HS"",""reporterCode"":76,""reporterISO"":""BRA"",""flowCode"":""X"",""cmdCode"":""090111"",""period"":""2020,2021,2022,2023,2024,2025"",""includeDesc"":true},{""endpoint"":""https://comtradeapi.un.org/public/v1/preview/C/A/HS"",""reporterCode"":360,""reporterISO"":""IDN"",""flowCode"":""X"",""cmdCode"":""090111"",""period"":""2020,2021,2022,2023,2024,2025"",""includeDesc"":true}]}",C,A,20200101,2020,704,VNM,Viet Nam,344,HKG,"China, Hong Kong SAR",0,W00,World,X,Export,H5,090111,Coffee; not roasted or decaffeinated,C00,TOTAL CPC,0,TOTAL MOT,8,kg,635862.781,635862.781,0,1069398.603,true,true,false,"{""typeCode"":""C"",""freqCode"":""A"",""refPeriodId"":20200101,""refYear"":2020,""refMonth"":52,""period"":""2020"",""reporterCode"":704,""reporterISO"":""VNM"",""reporterDesc"":""Viet Nam"",""flowCode"":""X"",""flowDesc"":""Export"",""partnerCode"":344,""partnerISO"":""HKG"",""partnerDesc"":""China, Hong Kong SAR"",""partner2Code"":0,""partner2ISO"":""W00"",""partner2Desc"":""World"",""classificationCode"":""H5"",""classificationSearchCode"":""HS"",""isOriginalClassification"":true,""cmdCode"":""090111"",""cmdDesc"":""Coffee; not roasted or decaffeinated"",""aggrLevel"":6,""isLeaf"":true,""customsCode"":""C00"",""customsDesc"":""TOTAL CPC"",""mosCode"":""0"",""motCode"":0,""motDesc"":""TOTAL MOT"",""qtyUnitCode"":8,""qtyUnitAbbr"":""kg"",""qty"":635862.781,""isQtyEstimated"":true,""altQtyUnitCode"":-1,""altQtyUnitAbbr"":""N/A"",""altQty"":0,""isAltQtyEstimated"":false,""netWgt"":635862.781,""isNetWgtEstimated"":true,""grossWgt"":0,""isGrossWgtEstimated"":false,""cifvalue"":0,""fobvalue"":1069398.603,""primaryValue"":1069398.603,""legacyEstimationFlag"":6,""isReported"":true,""isAggregate"":false}"
,UN Comtrade,https://comtradeapi.un.org/public/v1/preview/C/A/HS?reporterCode=704&flowCode=X&cmdCode=090111&period=2020&includeDesc=true,2026-05-30T19:13:38.772Z,"{""reporters"":[{""endpoint"":""https://comtradeapi.un.org/public/v1/preview/C/A/HS"",""reporterCode"":704,""reporterISO"":""VNM"",""flowCode"":""X"",""cmdCode"":""090111"",""period"":""2020,2021,2022,2023,2024,2025"",""includeDesc"":true},{""endpoint"":""https://comtradeapi.un.org/public/v1/preview/C/A/HS"",""reporterCode"":76,""reporterISO"":""BRA"",""flowCode"":""X"",""cmdCode"":""090111"",""period"":""2020,2021,2022,2023,2024,2025"",""includeDesc"":true},{""endpoint"":""https://comtradeapi.un.org/public/v1/preview/C/A/HS"",""reporterCode"":360,""reporterISO"":""IDN"",""flowCode"":""X"",""cmdCode"":""090111"",""period"":""2020,2021,2022,2023,2024,2025"",""includeDesc"":true}]}",C,A,20200101,2020,704,VNM,Viet Nam,360,IDN,Indonesia,0,W00,World,X,Export,H5,090111,Coffee; not roasted or decaffeinated,C00,TOTAL CPC,0,TOTAL MOT,8,kg,8403416.574,8403416.574,0,13120117.35,true,true,false,"{""typeCode"":""C"",""freqCode"":""A"",""refPeriodId"":20200101,""refYear"":2020,""refMonth"":52,""period"":""2020"",""reporterCode"":704,""reporterISO"":""VNM"",""reporterDesc"":""Viet Nam"",""flowCode"":""X"",""flowDesc"":""Export"",""partnerCode"":360,""partnerISO"":""IDN"",""partnerDesc"":""Indonesia"",""partner2Code"":0,""partner2ISO"":""W00"",""partner2Desc"":""World"",""classificationCode"":""H5"",""classificationSearchCode"":""HS"",""isOriginalClassification"":true,""cmdCode"":""090111"",""cmdDesc"":""Coffee; not roasted or decaffeinated"",""aggrLevel"":6,""isLeaf"":true,""customsCode"":""C00"",""customsDesc"":""TOTAL CPC"",""mosCode"":""0"",""motCode"":0,""motDesc"":""TOTAL MOT"",""qtyUnitCode"":8,""qtyUnitAbbr"":""kg"",""qty"":8403416.574,""isQtyEstimated"":true,""altQtyUnitCode"":-1,""altQtyUnitAbbr"":""N/A"",""altQty"":0,""isAltQtyEstimated"":false,""netWgt"":8403416.574,""isNetWgtEstimated"":true,""grossWgt"":0,""isGrossWgtEstimated"":false,""cifvalue"":0,""fobvalue"":13120117.35,""primaryValue"":13120117.35,""legacyEstimationFlag"":6,""isReported"":true,""isAggregate"":false}"
,UN Comtrade,https://comtradeapi.un.org/public/v1/preview/C/A/HS?reporterCode=704&flowCode=X&cmdCode=090111&period=2020&includeDesc=true,2026-05-30T19:13:38.772Z,"{""reporters"":[{""endpoint"":""https://comtradeapi.un.org/public/v1/preview/C/A/HS"",""reporterCode"":704,""reporterISO"":""VNM"",""flowCode"":""X"",""cmdCode"":""090111"",""period"":""2020,2021,2022,2023,2024,2025"",""includeDesc"":true},{""endpoint"":""https://comtradeapi.un.org/public/v1/preview/C/A/HS"",""reporterCode"":76,""reporterISO"":""BRA"",""flowCode"":""X"",""cmdCode"":""090111"",""period"":""2020,2021,2022,2023,2024,2025"",""includeDesc"":true},{""endpoint"":""https://comtradeapi.un.org/public/v1/preview/C/A/HS"",""reporterCode"":360,""reporterISO"":""IDN"",""flowCode"":""X"",""cmdCode"":""090111"",""period"":""2020,2021,2022,2023,2024,2025"",""includeDesc"":true}]}",C,A,20200101,2020,704,VNM,Viet Nam,372,IRL,Ireland,0,W00,World,X,Export,H5,090111,Coffee; not roasted or decaffeinated,C00,TOTAL CPC,0,TOTAL MOT,8,kg,3381533.678,3381533.678,0,6972393.6,true,true,false,"{""typeCode"":""C"",""freqCode"":""A"",""refPeriodId"":20200101,""refYear"":2020,""refMonth"":52,""period"":""2020"",""reporterCode"":704,""reporterISO"":""VNM"",""reporterDesc"":""Viet Nam"",""flowCode"":""X"",""flowDesc"":""Export"",""partnerCode"":372,""partnerISO"":""IRL"",""partnerDesc"":""Ireland"",""partner2Code"":0,""partner2ISO"":""W00"",""partner2Desc"":""World"",""classificationCode"":""H5"",""classificationSearchCode"":""HS"",""isOriginalClassification"":true,""cmdCode"":""090111"",""cmdDesc"":""Coffee; not roasted or decaffeinated"",""aggrLevel"":6,""isLeaf"":true,""customsCode"":""C00"",""customsDesc"":""TOTAL CPC"",""mosCode"":""0"",""motCode"":0,""motDesc"":""TOTAL MOT"",""qtyUnitCode"":8,""qtyUnitAbbr"":""kg"",""qty"":3381533.678,""isQtyEstimated"":true,""altQtyUnitCode"":-1,""altQtyUnitAbbr"":""N/A"",""altQty"":0,""isAltQtyEstimated"":false,""netWgt"":3381533.678,""isNetWgtEstimated"":true,""grossWgt"":0,""isGrossWgtEstimated"":false,""cifvalue"":0,""fobvalue"":6972393.6,""primaryValue"":6972393.6,""legacyEstimationFlag"":6,""isReported"":true,""isAggregate"":false}"
,UN Comtrade,https://comtradeapi.un.org/public/v1/preview/C/A/HS?reporterCode=704&flowCode=X&cmdCode=090111&period=2020&includeDesc=true,2026-05-30T19:13:38.772Z,"{""reporters"":[{""endpoint"":""https://comtradeapi.un.org/public/v1/preview/C/A/HS"",""reporterCode"":704,""reporterISO"":""VNM"",""flowCode"":""X"",""cmdCode"":""090111"",""period"":""2020,2021,2022,2023,2024,2025"",""includeDesc"":true},{""endpoint"":""https://comtradeapi.un.org/public/v1/preview/C/A/HS"",""reporterCode"":76,""reporterISO"":""BRA"",""flowCode"":""X"",""cmdCode"":""090111"",""period"":""2020,2021,2022,2023,2024,2025"",""includeDesc"":true},{""endpoint"":""https://comtradeapi.un.org/public/v1/preview/C/A/HS"",""reporterCode"":360,""reporterISO"":""IDN"",""flowCode"":""X"",""cmdCode"":""090111"",""period"":""2020,2021,2022,2023,2024,2025"",""includeDesc"":true}]}",C,A,20200101,2020,704,VNM,Viet Nam,376,ISR,Israel,0,W00,World,X,Export,H5,090111,Coffee; not roasted or decaffeinated,C00,TOTAL CPC,0,TOTAL MOT,8,kg,6496669.983,6496669.983,0,10234437.164,true,true,false,"{""typeCode"":""C"",""freqCode"":""A"",""refPeriodId"":20200101,""refYear"":2020,""refMonth"":52,""period"":""2020"",""reporterCode"":704,""reporterISO"":""VNM"",""reporterDesc"":""Viet Nam"",""flowCode"":""X"",""flowDesc"":""Export"",""partnerCode"":376,""partnerISO"":""ISR"",""partnerDesc"":""Israel"",""partner2Code"":0,""partner2ISO"":""W00"",""partner2Desc"":""World"",""classificationCode"":""H5"",""classificationSearchCode"":""HS"",""isOriginalClassification"":true,""cmdCode"":""090111"",""cmdDesc"":""Coffee; not roasted or decaffeinated"",""aggrLevel"":6,""isLeaf"":true,""customsCode"":""C00"",""customsDesc"":""TOTAL CPC"",""mosCode"":""0"",""motCode"":0,""motDesc"":""TOTAL MOT"",""qtyUnitCode"":8,""qtyUnitAbbr"":""kg"",""qty"":6496669.983,""isQtyEstimated"":true,""altQtyUnitCode"":-1,""altQtyUnitAbbr"":""N/A"",""altQty"":0,""isAltQtyEstimated"":false,""netWgt"":6496669.983,""isNetWgtEstimated"":true,""grossWgt"":0,""isGrossWgtEstimated"":false,""cifvalue"":0,""fobvalue"":10234437.164,""primaryValue"":10234437.164,""legacyEstimationFlag"":6,""isReported"":true,""isAggregate"":false}"
,UN Comtrade,https://comtradeapi.un.org/public/v1/preview/C/A/HS?reporterCode=704&flowCode=X&cmdCode=090111&period=2020&includeDesc=true,2026-05-30T19:13:38.772Z,"{""reporters"":[{""endpoint"":""https://comtradeapi.un.org/public/v1/preview/C/A/HS"",""reporterCode"":704,""reporterISO"":""VNM"",""flowCode"":""X"",""cmdCode"":""090111"",""period"":""2020,2021,2022,2023,2024,2025"",""includeDesc"":true},{""endpoint"":""https://comtradeapi.un.org/public/v1/preview/C/A/HS"",""reporterCode"":76,""reporterISO"":""BRA"",""flowCode"":""X"",""cmdCode"":""090111"",""period"":""2020,2021,2022,2023,2024,2025"",""includeDesc"":true},{""endpoint"":""https://comtradeapi.un.org/public/v1/preview/C/A/HS"",""reporterCode"":360,""reporterISO"":""IDN"",""flowCode"":""X"",""cmdCode"":""090111"",""period"":""2020,2021,2022,2023,2024,2025"",""includeDesc"":true}]}",C,A,20200101,2020,704,VNM,Viet Nam,380,ITA,Italy,0,W00,World,X,Export,H5,090111,Coffee; not roasted or decaffeinated,C00,TOTAL CPC,0,TOTAL MOT,8,kg,138964510.326,138964510.326,0,219128387.988,true,true,false,"{""typeCode"":""C"",""freqCode"":""A"",""refPeriodId"":20200101,""refYear"":2020,""refMonth"":52,""period"":""2020"",""reporterCode"":704,""reporterISO"":""VNM"",""reporterDesc"":""Viet Nam"",""flowCode"":""X"",""flowDesc"":""Export"",""partnerCode"":380,""partnerISO"":""ITA"",""partnerDesc"":""Italy"",""partner2Code"":0,""partner2ISO"":""W00"",""partner2Desc"":""World"",""classificationCode"":""H5"",""classificationSearchCode"":""HS"",""isOriginalClassification"":true,""cmdCode"":""090111"",""cmdDesc"":""Coffee; not roasted or decaffeinated"",""aggrLevel"":6,""isLeaf"":true,""customsCode"":""C00"",""customsDesc"":""TOTAL CPC"",""mosCode"":""0"",""motCode"":0,""motDesc"":""TOTAL MOT"",""qtyUnitCode"":8,""qtyUnitAbbr"":""kg"",""qty"":138964510.326,""isQtyEstimated"":true,""altQtyUnitCode"":-1,""altQtyUnitAbbr"":""N/A"",""altQty"":0,""isAltQtyEstimated"":false,""netWgt"":138964510.326,""isNetWgtEstimated"":true,""grossWgt"":0,""isGrossWgtEstimated"":false,""cifvalue"":0,""fobvalue"":219128387.988,""primaryValue"":219128387.988,""legacyEstimationFlag"":6,""isReported"":true,""isAggregate"":false}"
,UN Comtrade,https://comtradeapi.un.org/public/v1/preview/C/A/HS?reporterCode=704&flowCode=X&cmdCode=090111&period=2020&includeDesc=true,2026-05-30T19:13:38.772Z,"{""reporters"":[{""endpoint"":""https://comtradeapi.un.org/public/v1/preview/C/A/HS"",""reporterCode"":704,""reporterISO"":""VNM"",""flowCode"":""X"",""cmdCode"":""090111"",""period"":""2020,2021,2022,2023,2024,2025"",""includeDesc"":true},{""endpoint"":""https://comtradeapi.un.org/public/v1/preview/C/A/HS"",""reporterCode"":76,""reporterISO"":""BRA"",""flowCode"":""X"",""cmdCode"":""090111"",""period"":""2020,2021,2022,2023,2024,2025"",""includeDesc"":true},{""endpoint"":""https://comtradeapi.un.org/public/v1/preview/C/A/HS"",""reporterCode"":360,""reporterISO"":""IDN"",""flowCode"":""X"",""cmdCode"":""090111"",""period"":""2020,2021,2022,2023,2024,2025"",""includeDesc"":true}]}",C,A,20200101,2020,704,VNM,Viet Nam,392,JPN,Japan,0,W00,World,X,Export,H5,090111,Coffee; not roasted or decaffeinated,C00,TOTAL CPC,0,TOTAL MOT,8,kg,93866752.201,93866752.201,0,148550704.418,true,true,false,"{""typeCode"":""C"",""freqCode"":""A"",""refPeriodId"":20200101,""refYear"":2020,""refMonth"":52,""period"":""2020"",""reporterCode"":704,""reporterISO"":""VNM"",""reporterDesc"":""Viet Nam"",""flowCode"":""X"",""flowDesc"":""Export"",""partnerCode"":392,""partnerISO"":""JPN"",""partnerDesc"":""Japan"",""partner2Code"":0,""partner2ISO"":""W00"",""partner2Desc"":""World"",""classificationCode"":""H5"",""classificationSearchCode"":""HS"",""isOriginalClassification"":true,""cmdCode"":""090111"",""cmdDesc"":""Coffee; not roasted or decaffeinated"",""aggrLevel"":6,""isLeaf"":true,""customsCode"":""C00"",""customsDesc"":""TOTAL CPC"",""mosCode"":""0"",""motCode"":0,""motDesc"":""TOTAL MOT"",""qtyUnitCode"":8,""qtyUnitAbbr"":""kg"",""qty"":93866752.201,""isQtyEstimated"":true,""altQtyUnitCode"":-1,""altQtyUnitAbbr"":""N/A"",""altQty"":0,""isAltQtyEstimated"":false,""netWgt"":93866752.201,""isNetWgtEstimated"":true,""grossWgt"":0,""isGrossWgtEstimated"":false,""cifvalue"":0,""fobvalue"":148550704.418,""primaryValue"":148550704.418,""legacyEstimationFlag"":6,""isReported"":true,""isAggregate"":false}"
,UN Comtrade,https://comtradeapi.un.org/public/v1/preview/C/A/HS?reporterCode=704&flowCode=X&cmdCode=090111&period=2020&includeDesc=true,2026-05-30T19:13:38.772Z,"{""reporters"":[{""endpoint"":""https://comtradeapi.un.org/public/v1/preview/C/A/HS"",""reporterCode"":704,""reporterISO"":""VNM"",""flowCode"":""X"",""cmdCode"":""090111"",""period"":""2020,2021,2022,2023,2024,2025"",""includeDesc"":true},{""endpoint"":""https://comtradeapi.un.org/public/v1/preview/C/A/HS"",""reporterCode"":76,""reporterISO"":""BRA"",""flowCode"":""X"",""cmdCode"":""090111"",""period"":""2020,2021,2022,2023,2024,2025"",""includeDesc"":true},{""endpoint"":""https://comtradeapi.un.org/public/v1/preview/C/A/HS"",""reporterCode"":360,""reporterISO"":""IDN"",""flowCode"":""X"",""cmdCode"":""090111"",""period"":""2020,2021,2022,2023,2024,2025"",""includeDesc"":true}]}",C,A,20200101,2020,704,VNM,Viet Nam,398,KAZ,Kazakhstan,0,W00,World,X,Export,H5,090111,Coffee; not roasted or decaffeinated,C00,TOTAL CPC,0,TOTAL MOT,8,kg,9000,9000,0,17145,true,true,false,"{""typeCode"":""C"",""freqCode"":""A"",""refPeriodId"":20200101,""refYear"":2020,""refMonth"":52,""period"":""2020"",""reporterCode"":704,""reporterISO"":""VNM"",""reporterDesc"":""Viet Nam"",""flowCode"":""X"",""flowDesc"":""Export"",""partnerCode"":398,""partnerISO"":""KAZ"",""partnerDesc"":""Kazakhstan"",""partner2Code"":0,""partner2ISO"":""W00"",""partner2Desc"":""World"",""classificationCode"":""H5"",""classificationSearchCode"":""HS"",""isOriginalClassification"":true,""cmdCode"":""090111"",""cmdDesc"":""Coffee; not roasted or decaffeinated"",""aggrLevel"":6,""isLeaf"":true,""customsCode"":""C00"",""customsDesc"":""TOTAL CPC"",""mosCode"":""0"",""motCode"":0,""motDesc"":""TOTAL MOT"",""qtyUnitCode"":8,""qtyUnitAbbr"":""kg"",""qty"":9000,""isQtyEstimated"":false,""altQtyUnitCode"":21,""altQtyUnitAbbr"":""1000 KG"",""altQty"":9,""isAltQtyEstimated"":false,""netWgt"":9000,""isNetWgtEstimated"":false,""grossWgt"":0,""isGrossWgtEstimated"":false,""cifvalue"":0,""fobvalue"":17145,""primaryValue"":17145,""legacyEstimationFlag"":0,""isReported"":true,""isAggregate"":false}"
,UN Comtrade,https://comtradeapi.un.org/public/v1/preview/C/A/HS?reporterCode=704&flowCode=X&cmdCode=090111&period=2020&includeDesc=true,2026-05-30T19:13:38.772Z,"{""reporters"":[{""endpoint"":""https://comtradeapi.un.org/public/v1/preview/C/A/HS"",""reporterCode"":704,""reporterISO"":""VNM"",""flowCode"":""X"",""cmdCode"":""090111"",""period"":""2020,2021,2022,2023,2024,2025"",""includeDesc"":true},{""endpoint"":""https://comtradeapi.un.org/public/v1/preview/C/A/HS"",""reporterCode"":76,""reporterISO"":""BRA"",""flowCode"":""X"",""cmdCode"":""090111"",""period"":""2020,2021,2022,2023,2024,2025"",""includeDesc"":true},{""endpoint"":""https://comtradeapi.un.org/public/v1/preview/C/A/HS"",""reporterCode"":360,""reporterISO"":""IDN"",""flowCode"":""X"",""cmdCode"":""090111"",""period"":""2020,2021,2022,2023,2024,2025"",""includeDesc"":true}]}",C,A,20200101,2020,704,VNM,Viet Nam,410,KOR,Rep. of Korea,0,W00,World,X,Export,H5,090111,Coffee; not roasted or decaffeinated,C00,TOTAL CPC,0,TOTAL MOT,8,kg,29878348.575,29878348.575,0,46897953.791,true,true,false,"{""typeCode"":""C"",""freqCode"":""A"",""refPeriodId"":20200101,""refYear"":2020,""refMonth"":52,""period"":""2020"",""reporterCode"":704,""reporterISO"":""VNM"",""reporterDesc"":""Viet Nam"",""flowCode"":""X"",""flowDesc"":""Export"",""partnerCode"":410,""partnerISO"":""KOR"",""partnerDesc"":""Rep. of Korea"",""partner2Code"":0,""partner2ISO"":""W00"",""partner2Desc"":""World"",""classificationCode"":""H5"",""classificationSearchCode"":""HS"",""isOriginalClassification"":true,""cmdCode"":""090111"",""cmdDesc"":""Coffee; not roasted or decaffeinated"",""aggrLevel"":6,""isLeaf"":true,""customsCode"":""C00"",""customsDesc"":""TOTAL CPC"",""mosCode"":""0"",""motCode"":0,""motDesc"":""TOTAL MOT"",""qtyUnitCode"":8,""qtyUnitAbbr"":""kg"",""qty"":29878348.575,""isQtyEstimated"":true,""altQtyUnitCode"":-1,""altQtyUnitAbbr"":""N/A"",""altQty"":0,""isAltQtyEstimated"":false,""netWgt"":29878348.575,""isNetWgtEstimated"":true,""grossWgt"":0,""isGrossWgtEstimated"":false,""cifvalue"":0,""fobvalue"":46897953.791,""primaryValue"":46897953.791,""legacyEstimationFlag"":6,""isReported"":true,""isAggregate"":false}"
,UN Comtrade,https://comtradeapi.un.org/public/v1/preview/C/A/HS?reporterCode=704&flowCode=X&cmdCode=090111&period=2020&includeDesc=true,2026-05-30T19:13:38.772Z,"{""reporters"":[{""endpoint"":""https://comtradeapi.un.org/public/v1/preview/C/A/HS"",""reporterCode"":704,""reporterISO"":""VNM"",""flowCode"":""X"",""cmdCode"":""090111"",""period"":""2020,2021,2022,2023,2024,2025"",""includeDesc"":true},{""endpoint"":""https://comtradeapi.un.org/public/v1/preview/C/A/HS"",""reporterCode"":76,""reporterISO"":""BRA"",""flowCode"":""X"",""cmdCode"":""090111"",""period"":""2020,2021,2022,2023,2024,2025"",""includeDesc"":true},{""endpoint"":""https://comtradeapi.un.org/public/v1/preview/C/A/HS"",""reporterCode"":360,""reporterISO"":""IDN"",""flowCode"":""X"",""cmdCode"":""090111"",""period"":""2020,2021,2022,2023,2024,2025"",""includeDesc"":true}]}",C,A,20200101,2020,704,VNM,Viet Nam,414,KWT,Kuwait,0,W00,World,X,Export,H5,090111,Coffee; not roasted or decaffeinated,C00,TOTAL CPC,0,TOTAL MOT,8,kg,906318.755,906318.755,0,1562847.893,true,true,false,"{""typeCode"":""C"",""freqCode"":""A"",""refPeriodId"":20200101,""refYear"":2020,""refMonth"":52,""period"":""2020"",""reporterCode"":704,""reporterISO"":""VNM"",""reporterDesc"":""Viet Nam"",""flowCode"":""X"",""flowDesc"":""Export"",""partnerCode"":414,""partnerISO"":""KWT"",""partnerDesc"":""Kuwait"",""partner2Code"":0,""partner2ISO"":""W00"",""partner2Desc"":""World"",""classificationCode"":""H5"",""classificationSearchCode"":""HS"",""isOriginalClassification"":true,""cmdCode"":""090111"",""cmdDesc"":""Coffee; not roasted or decaffeinated"",""aggrLevel"":6,""isLeaf"":true,""customsCode"":""C00"",""customsDesc"":""TOTAL CPC"",""mosCode"":""0"",""motCode"":0,""motDesc"":""TOTAL MOT"",""qtyUnitCode"":8,""qtyUnitAbbr"":""kg"",""qty"":906318.755,""isQtyEstimated"":true,""altQtyUnitCode"":-1,""altQtyUnitAbbr"":""N/A"",""altQty"":0,""isAltQtyEstimated"":false,""netWgt"":906318.755,""isNetWgtEstimated"":true,""grossWgt"":0,""isGrossWgtEstimated"":false,""cifvalue"":0,""fobvalue"":1562847.893,""primaryValue"":1562847.893,""legacyEstimationFlag"":6,""isReported"":true,""isAggregate"":false}"
,UN Comtrade,https://comtradeapi.un.org/public/v1/preview/C/A/HS?reporterCode=704&flowCode=X&cmdCode=090111&period=2020&includeDesc=true,2026-05-30T19:13:38.772Z,"{""reporters"":[{""endpoint"":""https://comtradeapi.un.org/public/v1/preview/C/A/HS"",""reporterCode"":704,""reporterISO"":""VNM"",""flowCode"":""X"",""cmdCode"":""090111"",""period"":""2020,2021,2022,2023,2024,2025"",""includeDesc"":true},{""endpoint"":""https://comtradeapi.un.org/public/v1/preview/C/A/HS"",""reporterCode"":76,""reporterISO"":""BRA"",""flowCode"":""X"",""cmdCode"":""090111"",""period"":""2020,2021,2022,2023,2024,2025"",""includeDesc"":true},{""endpoint"":""https://comtradeapi.un.org/public/v1/preview/C/A/HS"",""reporterCode"":360,""reporterISO"":""IDN"",""flowCode"":""X"",""cmdCode"":""090111"",""period"":""2020,2021,2022,2023,2024,2025"",""includeDesc"":true}]}",C,A,20200101,2020,704,VNM,Viet Nam,428,LVA,Latvia,0,W00,World,X,Export,H5,090111,Coffee; not roasted or decaffeinated,C00,TOTAL CPC,0,TOTAL MOT,8,kg,281527.789,281527.789,0,453829.4,true,true,false,"{""typeCode"":""C"",""freqCode"":""A"",""refPeriodId"":20200101,""refYear"":2020,""refMonth"":52,""period"":""2020"",""reporterCode"":704,""reporterISO"":""VNM"",""reporterDesc"":""Viet Nam"",""flowCode"":""X"",""flowDesc"":""Export"",""partnerCode"":428,""partnerISO"":""LVA"",""partnerDesc"":""Latvia"",""partner2Code"":0,""partner2ISO"":""W00"",""partner2Desc"":""World"",""classificationCode"":""H5"",""classificationSearchCode"":""HS"",""isOriginalClassification"":true,""cmdCode"":""090111"",""cmdDesc"":""Coffee; not roasted or decaffeinated"",""aggrLevel"":6,""isLeaf"":true,""customsCode"":""C00"",""customsDesc"":""TOTAL CPC"",""mosCode"":""0"",""motCode"":0,""motDesc"":""TOTAL MOT"",""qtyUnitCode"":8,""qtyUnitAbbr"":""kg"",""qty"":281527.789,""isQtyEstimated"":true,""altQtyUnitCode"":-1,""altQtyUnitAbbr"":""N/A"",""altQty"":0,""isAltQtyEstimated"":false,""netWgt"":281527.789,""isNetWgtEstimated"":true,""grossWgt"":0,""isGrossWgtEstimated"":false,""cifvalue"":0,""fobvalue"":453829.4,""primaryValue"":453829.4,""legacyEstimationFlag"":6,""isReported"":true,""isAggregate"":false}"
,UN Comtrade,https://comtradeapi.un.org/public/v1/preview/C/A/HS?reporterCode=704&flowCode=X&cmdCode=090111&period=2020&includeDesc=true,2026-05-30T19:13:38.772Z,"{""reporters"":[{""endpoint"":""https://comtradeapi.un.org/public/v1/preview/C/A/HS"",""reporterCode"":704,""reporterISO"":""VNM"",""flowCode"":""X"",""cmdCode"":""090111"",""period"":""2020,2021,2022,2023,2024,2025"",""includeDesc"":true},{""endpoint"":""https://comtradeapi.un.org/public/v1/preview/C/A/HS"",""reporterCode"":76,""reporterISO"":""BRA"",""flowCode"":""X"",""cmdCode"":""090111"",""period"":""2020,2021,2022,2023,2024,2025"",""includeDesc"":true},{""endpoint"":""https://comtradeapi.un.org/public/v1/preview/C/A/HS"",""reporterCode"":360,""reporterISO"":""IDN"",""flowCode"":""X"",""cmdCode"":""090111"",""period"":""2020,2021,2022,2023,2024,2025"",""includeDesc"":true}]}",C,A,20200101,2020,704,VNM,Viet Nam,440,LTU,Lithuania,0,W00,World,X,Export,H5,090111,Coffee; not roasted or decaffeinated,C00,TOTAL CPC,0,TOTAL MOT,8,kg,994248.038,994248.038,0,1639520.7,true,true,false,"{""typeCode"":""C"",""freqCode"":""A"",""refPeriodId"":20200101,""refYear"":2020,""refMonth"":52,""period"":""2020"",""reporterCode"":704,""reporterISO"":""VNM"",""reporterDesc"":""Viet Nam"",""flowCode"":""X"",""flowDesc"":""Export"",""partnerCode"":440,""partnerISO"":""LTU"",""partnerDesc"":""Lithuania"",""partner2Code"":0,""partner2ISO"":""W00"",""partner2Desc"":""World"",""classificationCode"":""H5"",""classificationSearchCode"":""HS"",""isOriginalClassification"":true,""cmdCode"":""090111"",""cmdDesc"":""Coffee; not roasted or decaffeinated"",""aggrLevel"":6,""isLeaf"":true,""customsCode"":""C00"",""customsDesc"":""TOTAL CPC"",""mosCode"":""0"",""motCode"":0,""motDesc"":""TOTAL MOT"",""qtyUnitCode"":8,""qtyUnitAbbr"":""kg"",""qty"":994248.038,""isQtyEstimated"":true,""altQtyUnitCode"":-1,""altQtyUnitAbbr"":""N/A"",""altQty"":0,""isAltQtyEstimated"":false,""netWgt"":994248.038,""isNetWgtEstimated"":true,""grossWgt"":0,""isGrossWgtEstimated"":false,""cifvalue"":0,""fobvalue"":1639520.7,""primaryValue"":1639520.7,""legacyEstimationFlag"":6,""isReported"":true,""isAggregate"":false}"
,UN Comtrade,https://comtradeapi.un.org/public/v1/preview/C/A/HS?reporterCode=704&flowCode=X&cmdCode=090111&period=2020&includeDesc=true,2026-05-30T19:13:38.772Z,"{""reporters"":[{""endpoint"":""https://comtradeapi.un.org/public/v1/preview/C/A/HS"",""reporterCode"":704,""reporterISO"":""VNM"",""flowCode"":""X"",""cmdCode"":""090111"",""period"":""2020,2021,2022,2023,2024,2025"",""includeDesc"":true},{""endpoint"":""https://comtradeapi.un.org/public/v1/preview/C/A/HS"",""reporterCode"":76,""reporterISO"":""BRA"",""flowCode"":""X"",""cmdCode"":""090111"",""period"":""2020,2021,2022,2023,2024,2025"",""includeDesc"":true},{""endpoint"":""https://comtradeapi.un.org/public/v1/preview/C/A/HS"",""reporterCode"":360,""reporterISO"":""IDN"",""flowCode"":""X"",""cmdCode"":""090111"",""period"":""2020,2021,2022,2023,2024,2025"",""includeDesc"":true}]}",C,A,20200101,2020,704,VNM,Viet Nam,458,MYS,Malaysia,0,W00,World,X,Export,H5,090111,Coffee; not roasted or decaffeinated,C00,TOTAL CPC,0,TOTAL MOT,8,kg,34029743.388,34029743.388,0,51603176.258,true,true,false,"{""typeCode"":""C"",""freqCode"":""A"",""refPeriodId"":20200101,""refYear"":2020,""refMonth"":52,""period"":""2020"",""reporterCode"":704,""reporterISO"":""VNM"",""reporterDesc"":""Viet Nam"",""flowCode"":""X"",""flowDesc"":""Export"",""partnerCode"":458,""partnerISO"":""MYS"",""partnerDesc"":""Malaysia"",""partner2Code"":0,""partner2ISO"":""W00"",""partner2Desc"":""World"",""classificationCode"":""H5"",""classificationSearchCode"":""HS"",""isOriginalClassification"":true,""cmdCode"":""090111"",""cmdDesc"":""Coffee; not roasted or decaffeinated"",""aggrLevel"":6,""isLeaf"":true,""customsCode"":""C00"",""customsDesc"":""TOTAL CPC"",""mosCode"":""0"",""motCode"":0,""motDesc"":""TOTAL MOT"",""qtyUnitCode"":8,""qtyUnitAbbr"":""kg"",""qty"":34029743.388,""isQtyEstimated"":true,""altQtyUnitCode"":-1,""altQtyUnitAbbr"":""N/A"",""altQty"":0,""isAltQtyEstimated"":false,""netWgt"":34029743.388,""isNetWgtEstimated"":true,""grossWgt"":0,""isGrossWgtEstimated"":false,""cifvalue"":0,""fobvalue"":51603176.258,""primaryValue"":51603176.258,""legacyEstimationFlag"":6,""isReported"":true,""isAggregate"":false}"
,UN Comtrade,https://comtradeapi.un.org/public/v1/preview/C/A/HS?reporterCode=704&flowCode=X&cmdCode=090111&period=2020&includeDesc=true,2026-05-30T19:13:38.772Z,"{""reporters"":[{""endpoint"":""https://comtradeapi.un.org/public/v1/preview/C/A/HS"",""reporterCode"":704,""reporterISO"":""VNM"",""flowCode"":""X"",""cmdCode"":""090111"",""period"":""2020,2021,2022,2023,2024,2025"",""includeDesc"":true},{""endpoint"":""https://comtradeapi.un.org/public/v1/preview/C/A/HS"",""reporterCode"":76,""reporterISO"":""BRA"",""flowCode"":""X"",""cmdCode"":""090111"",""period"":""2020,2021,2022,2023,2024,2025"",""includeDesc"":true},{""endpoint"":""https://comtradeapi.un.org/public/v1/preview/C/A/HS"",""reporterCode"":360,""reporterISO"":""IDN"",""flowCode"":""X"",""cmdCode"":""090111"",""period"":""2020,2021,2022,2023,2024,2025"",""includeDesc"":true}]}",C,A,20200101,2020,704,VNM,Viet Nam,470,MLT,Malta,0,W00,World,X,Export,H5,090111,Coffee; not roasted or decaffeinated,C00,TOTAL CPC,0,TOTAL MOT,8,kg,117769.77,117769.77,0,184780.8,true,true,false,"{""typeCode"":""C"",""freqCode"":""A"",""refPeriodId"":20200101,""refYear"":2020,""refMonth"":52,""period"":""2020"",""reporterCode"":704,""reporterISO"":""VNM"",""reporterDesc"":""Viet Nam"",""flowCode"":""X"",""flowDesc"":""Export"",""partnerCode"":470,""partnerISO"":""MLT"",""partnerDesc"":""Malta"",""partner2Code"":0,""partner2ISO"":""W00"",""partner2Desc"":""World"",""classificationCode"":""H5"",""classificationSearchCode"":""HS"",""isOriginalClassification"":true,""cmdCode"":""090111"",""cmdDesc"":""Coffee; not roasted or decaffeinated"",""aggrLevel"":6,""isLeaf"":true,""customsCode"":""C00"",""customsDesc"":""TOTAL CPC"",""mosCode"":""0"",""motCode"":0,""motDesc"":""TOTAL MOT"",""qtyUnitCode"":8,""qtyUnitAbbr"":""kg"",""qty"":117769.77,""isQtyEstimated"":true,""altQtyUnitCode"":-1,""altQtyUnitAbbr"":""N/A"",""altQty"":0,""isAltQtyEstimated"":false,""netWgt"":117769.77,""isNetWgtEstimated"":true,""grossWgt"":0,""isGrossWgtEstimated"":false,""cifvalue"":0,""fobvalue"":184780.8,""primaryValue"":184780.8,""legacyEstimationFlag"":6,""isReported"":true,""isAggregate"":false}"
,UN Comtrade,https://comtradeapi.un.org/public/v1/preview/C/A/HS?reporterCode=704&flowCode=X&cmdCode=090111&period=2020&includeDesc=true,2026-05-30T19:13:38.772Z,"{""reporters"":[{""endpoint"":""https://comtradeapi.un.org/public/v1/preview/C/A/HS"",""reporterCode"":704,""reporterISO"":""VNM"",""flowCode"":""X"",""cmdCode"":""090111"",""period"":""2020,2021,2022,2023,2024,2025"",""includeDesc"":true},{""endpoint"":""https://comtradeapi.un.org/public/v1/preview/C/A/HS"",""reporterCode"":76,""reporterISO"":""BRA"",""flowCode"":""X"",""cmdCode"":""090111"",""period"":""2020,2021,2022,2023,2024,2025"",""includeDesc"":true},{""endpoint"":""https://comtradeapi.un.org/public/v1/preview/C/A/HS"",""reporterCode"":360,""reporterISO"":""IDN"",""flowCode"":""X"",""cmdCode"":""090111"",""period"":""2020,2021,2022,2023,2024,2025"",""includeDesc"":true}]}",C,A,20200101,2020,704,VNM,Viet Nam,484,MEX,Mexico,0,W00,World,X,Export,H5,090111,Coffee; not roasted or decaffeinated,C00,TOTAL CPC,0,TOTAL MOT,8,kg,1684935.561,1684935.561,0,2606125.718,true,true,false,"{""typeCode"":""C"",""freqCode"":""A"",""refPeriodId"":20200101,""refYear"":2020,""refMonth"":52,""period"":""2020"",""reporterCode"":704,""reporterISO"":""VNM"",""reporterDesc"":""Viet Nam"",""flowCode"":""X"",""flowDesc"":""Export"",""partnerCode"":484,""partnerISO"":""MEX"",""partnerDesc"":""Mexico"",""partner2Code"":0,""partner2ISO"":""W00"",""partner2Desc"":""World"",""classificationCode"":""H5"",""classificationSearchCode"":""HS"",""isOriginalClassification"":true,""cmdCode"":""090111"",""cmdDesc"":""Coffee; not roasted or decaffeinated"",""aggrLevel"":6,""isLeaf"":true,""customsCode"":""C00"",""customsDesc"":""TOTAL CPC"",""mosCode"":""0"",""motCode"":0,""motDesc"":""TOTAL MOT"",""qtyUnitCode"":8,""qtyUnitAbbr"":""kg"",""qty"":1684935.561,""isQtyEstimated"":true,""altQtyUnitCode"":-1,""altQtyUnitAbbr"":""N/A"",""altQty"":0,""isAltQtyEstimated"":false,""netWgt"":1684935.561,""isNetWgtEstimated"":true,""grossWgt"":0,""isGrossWgtEstimated"":false,""cifvalue"":0,""fobvalue"":2606125.718,""primaryValue"":2606125.718,""legacyEstimationFlag"":6,""isReported"":true,""isAggregate"":false}"
,UN Comtrade,https://comtradeapi.un.org/public/v1/preview/C/A/HS?reporterCode=704&flowCode=X&cmdCode=090111&period=2020&includeDesc=true,2026-05-30T19:13:38.772Z,"{""reporters"":[{""endpoint"":""https://comtradeapi.un.org/public/v1/preview/C/A/HS"",""reporterCode"":704,""reporterISO"":""VNM"",""flowCode"":""X"",""cmdCode"":""090111"",""period"":""2020,2021,2022,2023,2024,2025"",""includeDesc"":true},{""endpoint"":""https://comtradeapi.un.org/public/v1/preview/C/A/HS"",""reporterCode"":76,""reporterISO"":""BRA"",""flowCode"":""X"",""cmdCode"":""090111"",""period"":""2020,2021,2022,2023,2024,2025"",""includeDesc"":true},{""endpoint"":""https://comtradeapi.un.org/public/v1/preview/C/A/HS"",""reporterCode"":360,""reporterISO"":""IDN"",""flowCode"":""X"",""cmdCode"":""090111"",""period"":""2020,2021,2022,2023,2024,2025"",""includeDesc"":true}]}",C,A,20200101,2020,704,VNM,Viet Nam,490,S19,"Other Asia, nes",0,W00,World,X,Export,H5,090111,Coffee; not roasted or decaffeinated,C00,TOTAL CPC,0,TOTAL MOT,8,kg,1081342.858,1081342.858,0,1988845.008,true,true,false,"{""typeCode"":""C"",""freqCode"":""A"",""refPeriodId"":20200101,""refYear"":2020,""refMonth"":52,""period"":""2020"",""reporterCode"":704,""reporterISO"":""VNM"",""reporterDesc"":""Viet Nam"",""flowCode"":""X"",""flowDesc"":""Export"",""partnerCode"":490,""partnerISO"":""S19"",""partnerDesc"":""Other Asia, nes"",""partner2Code"":0,""partner2ISO"":""W00"",""partner2Desc"":""World"",""classificationCode"":""H5"",""classificationSearchCode"":""HS"",""isOriginalClassification"":true,""cmdCode"":""090111"",""cmdDesc"":""Coffee; not roasted or decaffeinated"",""aggrLevel"":6,""isLeaf"":true,""customsCode"":""C00"",""customsDesc"":""TOTAL CPC"",""mosCode"":""0"",""motCode"":0,""motDesc"":""TOTAL MOT"",""qtyUnitCode"":8,""qtyUnitAbbr"":""kg"",""qty"":1081342.858,""isQtyEstimated"":true,""altQtyUnitCode"":-1,""altQtyUnitAbbr"":""N/A"",""altQty"":0,""isAltQtyEstimated"":false,""netWgt"":1081342.858,""isNetWgtEstimated"":true,""grossWgt"":0,""isGrossWgtEstimated"":false,""cifvalue"":0,""fobvalue"":1988845.008,""primaryValue"":1988845.008,""legacyEstimationFlag"":6,""isReported"":true,""isAggregate"":false}"
,UN Comtrade,https://comtradeapi.un.org/public/v1/preview/C/A/HS?reporterCode=704&flowCode=X&cmdCode=090111&period=2020&includeDesc=true,2026-05-30T19:13:38.772Z,"{""reporters"":[{""endpoint"":""https://comtradeapi.un.org/public/v1/preview/C/A/HS"",""reporterCode"":704,""reporterISO"":""VNM"",""flowCode"":""X"",""cmdCode"":""090111"",""period"":""2020,2021,2022,2023,2024,2025"",""includeDesc"":true},{""endpoint"":""https://comtradeapi.un.org/public/v1/preview/C/A/HS"",""reporterCode"":76,""reporterISO"":""BRA"",""flowCode"":""X"",""cmdCode"":""090111"",""period"":""2020,2021,2022,2023,2024,2025"",""includeDesc"":true},{""endpoint"":""https://comtradeapi.un.org/public/v1/preview/C/A/HS"",""reporterCode"":360,""reporterISO"":""IDN"",""flowCode"":""X"",""cmdCode"":""090111"",""period"":""2020,2021,2022,2023,2024,2025"",""includeDesc"":true}]}",C,A,20200101,2020,704,VNM,Viet Nam,504,MAR,Morocco,0,W00,World,X,Export,H5,090111,Coffee; not roasted or decaffeinated,C00,TOTAL CPC,0,TOTAL MOT,8,kg,3853698.252,3853698.252,0,5918282.961,true,true,false,"{""typeCode"":""C"",""freqCode"":""A"",""refPeriodId"":20200101,""refYear"":2020,""refMonth"":52,""period"":""2020"",""reporterCode"":704,""reporterISO"":""VNM"",""reporterDesc"":""Viet Nam"",""flowCode"":""X"",""flowDesc"":""Export"",""partnerCode"":504,""partnerISO"":""MAR"",""partnerDesc"":""Morocco"",""partner2Code"":0,""partner2ISO"":""W00"",""partner2Desc"":""World"",""classificationCode"":""H5"",""classificationSearchCode"":""HS"",""isOriginalClassification"":true,""cmdCode"":""090111"",""cmdDesc"":""Coffee; not roasted or decaffeinated"",""aggrLevel"":6,""isLeaf"":true,""customsCode"":""C00"",""customsDesc"":""TOTAL CPC"",""mosCode"":""0"",""motCode"":0,""motDesc"":""TOTAL MOT"",""qtyUnitCode"":8,""qtyUnitAbbr"":""kg"",""qty"":3853698.252,""isQtyEstimated"":true,""altQtyUnitCode"":-1,""altQtyUnitAbbr"":""N/A"",""altQty"":0,""isAltQtyEstimated"":false,""netWgt"":3853698.252,""isNetWgtEstimated"":true,""grossWgt"":0,""isGrossWgtEstimated"":false,""cifvalue"":0,""fobvalue"":5918282.961,""primaryValue"":5918282.961,""legacyEstimationFlag"":6,""isReported"":true,""isAggregate"":false}"
,UN Comtrade,https://comtradeapi.un.org/public/v1/preview/C/A/HS?reporterCode=704&flowCode=X&cmdCode=090111&period=2020&includeDesc=true,2026-05-30T19:13:38.772Z,"{""reporters"":[{""endpoint"":""https://comtradeapi.un.org/public/v1/preview/C/A/HS"",""reporterCode"":704,""reporterISO"":""VNM"",""flowCode"":""X"",""cmdCode"":""090111"",""period"":""2020,2021,2022,2023,2024,2025"",""includeDesc"":true},{""endpoint"":""https://comtradeapi.un.org/public/v1/preview/C/A/HS"",""reporterCode"":76,""reporterISO"":""BRA"",""flowCode"":""X"",""cmdCode"":""090111"",""period"":""2020,2021,2022,2023,2024,2025"",""includeDesc"":true},{""endpoint"":""https://comtradeapi.un.org/public/v1/preview/C/A/HS"",""reporterCode"":360,""reporterISO"":""IDN"",""flowCode"":""X"",""cmdCode"":""090111"",""period"":""2020,2021,2022,2023,2024,2025"",""includeDesc"":true}]}",C,A,20200101,2020,704,VNM,Viet Nam,528,NLD,Netherlands,0,W00,World,X,Export,H5,090111,Coffee; not roasted or decaffeinated,C00,TOTAL CPC,0,TOTAL MOT,8,kg,10736808.399,10736808.399,0,18222344.832,true,true,false,"{""typeCode"":""C"",""freqCode"":""A"",""refPeriodId"":20200101,""refYear"":2020,""refMonth"":52,""period"":""2020"",""reporterCode"":704,""reporterISO"":""VNM"",""reporterDesc"":""Viet Nam"",""flowCode"":""X"",""flowDesc"":""Export"",""partnerCode"":528,""partnerISO"":""NLD"",""partnerDesc"":""Netherlands"",""partner2Code"":0,""partner2ISO"":""W00"",""partner2Desc"":""World"",""classificationCode"":""H5"",""classificationSearchCode"":""HS"",""isOriginalClassification"":true,""cmdCode"":""090111"",""cmdDesc"":""Coffee; not roasted or decaffeinated"",""aggrLevel"":6,""isLeaf"":true,""customsCode"":""C00"",""customsDesc"":""TOTAL CPC"",""mosCode"":""0"",""motCode"":0,""motDesc"":""TOTAL MOT"",""qtyUnitCode"":8,""qtyUnitAbbr"":""kg"",""qty"":10736808.399,""isQtyEstimated"":true,""altQtyUnitCode"":-1,""altQtyUnitAbbr"":""N/A"",""altQty"":0,""isAltQtyEstimated"":false,""netWgt"":10736808.399,""isNetWgtEstimated"":true,""grossWgt"":0,""isGrossWgtEstimated"":false,""cifvalue"":0,""fobvalue"":18222344.832,""primaryValue"":18222344.832,""legacyEstimationFlag"":6,""isReported"":true,""isAggregate"":false}"
,UN Comtrade,https://comtradeapi.un.org/public/v1/preview/C/A/HS?reporterCode=704&flowCode=X&cmdCode=090111&period=2020&includeDesc=true,2026-05-30T19:13:38.772Z,"{""reporters"":[{""endpoint"":""https://comtradeapi.un.org/public/v1/preview/C/A/HS"",""reporterCode"":704,""reporterISO"":""VNM"",""flowCode"":""X"",""cmdCode"":""090111"",""period"":""2020,2021,2022,2023,2024,2025"",""includeDesc"":true},{""endpoint"":""https://comtradeapi.un.org/public/v1/preview/C/A/HS"",""reporterCode"":76,""reporterISO"":""BRA"",""flowCode"":""X"",""cmdCode"":""090111"",""period"":""2020,2021,2022,2023,2024,2025"",""includeDesc"":true},{""endpoint"":""https://comtradeapi.un.org/public/v1/preview/C/A/HS"",""reporterCode"":360,""reporterISO"":""IDN"",""flowCode"":""X"",""cmdCode"":""090111"",""period"":""2020,2021,2022,2023,2024,2025"",""includeDesc"":true}]}",C,A,20200101,2020,704,VNM,Viet Nam,554,NZL,New Zealand,0,W00,World,X,Export,H5,090111,Coffee; not roasted or decaffeinated,C00,TOTAL CPC,0,TOTAL MOT,8,kg,673042.538,673042.538,0,1089638.4,true,true,false,"{""typeCode"":""C"",""freqCode"":""A"",""refPeriodId"":20200101,""refYear"":2020,""refMonth"":52,""period"":""2020"",""reporterCode"":704,""reporterISO"":""VNM"",""reporterDesc"":""Viet Nam"",""flowCode"":""X"",""flowDesc"":""Export"",""partnerCode"":554,""partnerISO"":""NZL"",""partnerDesc"":""New Zealand"",""partner2Code"":0,""partner2ISO"":""W00"",""partner2Desc"":""World"",""classificationCode"":""H5"",""classificationSearchCode"":""HS"",""isOriginalClassification"":true,""cmdCode"":""090111"",""cmdDesc"":""Coffee; not roasted or decaffeinated"",""aggrLevel"":6,""isLeaf"":true,""customsCode"":""C00"",""customsDesc"":""TOTAL CPC"",""mosCode"":""0"",""motCode"":0,""motDesc"":""TOTAL MOT"",""qtyUnitCode"":8,""qtyUnitAbbr"":""kg"",""qty"":673042.538,""isQtyEstimated"":true,""altQtyUnitCode"":-1,""altQtyUnitAbbr"":""N/A"",""altQty"":0,""isAltQtyEstimated"":false,""netWgt"":673042.538,""isNetWgtEstimated"":true,""grossWgt"":0,""isGrossWgtEstimated"":false,""cifvalue"":0,""fobvalue"":1089638.4,""primaryValue"":1089638.4,""legacyEstimationFlag"":6,""isReported"":true,""isAggregate"":false}"
,UN Comtrade,https://comtradeapi.un.org/public/v1/preview/C/A/HS?reporterCode=704&flowCode=X&cmdCode=090111&period=2020&includeDesc=true,2026-05-30T19:13:38.772Z,"{""reporters"":[{""endpoint"":""https://comtradeapi.un.org/public/v1/preview/C/A/HS"",""reporterCode"":704,""reporterISO"":""VNM"",""flowCode"":""X"",""cmdCode"":""090111"",""period"":""2020,2021,2022,2023,2024,2025"",""includeDesc"":true},{""endpoint"":""https://comtradeapi.un.org/public/v1/preview/C/A/HS"",""reporterCode"":76,""reporterISO"":""BRA"",""flowCode"":""X"",""cmdCode"":""090111"",""period"":""2020,2021,2022,2023,2024,2025"",""includeDesc"":true},{""endpoint"":""https://comtradeapi.un.org/public/v1/preview/C/A/HS"",""reporterCode"":360,""reporterISO"":""IDN"",""flowCode"":""X"",""cmdCode"":""090111"",""period"":""2020,2021,2022,2023,2024,2025"",""includeDesc"":true}]}",C,A,20200101,2020,704,VNM,Viet Nam,579,NOR,Norway,0,W00,World,X,Export,H5,090111,Coffee; not roasted or decaffeinated,C00,TOTAL CPC,0,TOTAL MOT,8,kg,342137.201,342137.201,0,560933.53,true,true,false,"{""typeCode"":""C"",""freqCode"":""A"",""refPeriodId"":20200101,""refYear"":2020,""refMonth"":52,""period"":""2020"",""reporterCode"":704,""reporterISO"":""VNM"",""reporterDesc"":""Viet Nam"",""flowCode"":""X"",""flowDesc"":""Export"",""partnerCode"":579,""partnerISO"":""NOR"",""partnerDesc"":""Norway"",""partner2Code"":0,""partner2ISO"":""W00"",""partner2Desc"":""World"",""classificationCode"":""H5"",""classificationSearchCode"":""HS"",""isOriginalClassification"":true,""cmdCode"":""090111"",""cmdDesc"":""Coffee; not roasted or decaffeinated"",""aggrLevel"":6,""isLeaf"":true,""customsCode"":""C00"",""customsDesc"":""TOTAL CPC"",""mosCode"":""0"",""motCode"":0,""motDesc"":""TOTAL MOT"",""qtyUnitCode"":8,""qtyUnitAbbr"":""kg"",""qty"":342137.201,""isQtyEstimated"":true,""altQtyUnitCode"":-1,""altQtyUnitAbbr"":""N/A"",""altQty"":0,""isAltQtyEstimated"":false,""netWgt"":342137.201,""isNetWgtEstimated"":true,""grossWgt"":0,""isGrossWgtEstimated"":false,""cifvalue"":0,""fobvalue"":560933.53,""primaryValue"":560933.53,""legacyEstimationFlag"":6,""isReported"":true,""isAggregate"":false}"
,UN Comtrade,https://comtradeapi.un.org/public/v1/preview/C/A/HS?reporterCode=704&flowCode=X&cmdCode=090111&period=2020&includeDesc=true,2026-05-30T19:13:38.772Z,"{""reporters"":[{""endpoint"":""https://comtradeapi.un.org/public/v1/preview/C/A/HS"",""reporterCode"":704,""reporterISO"":""VNM"",""flowCode"":""X"",""cmdCode"":""090111"",""period"":""2020,2021,2022,2023,2024,2025"",""includeDesc"":true},{""endpoint"":""https://comtradeapi.un.org/public/v1/preview/C/A/HS"",""reporterCode"":76,""reporterISO"":""BRA"",""flowCode"":""X"",""cmdCode"":""090111"",""period"":""2020,2021,2022,2023,2024,2025"",""includeDesc"":true},{""endpoint"":""https://comtradeapi.un.org/public/v1/preview/C/A/HS"",""reporterCode"":360,""reporterISO"":""IDN"",""flowCode"":""X"",""cmdCode"":""090111"",""period"":""2020,2021,2022,2023,2024,2025"",""includeDesc"":true}]}",C,A,20200101,2020,704,VNM,Viet Nam,608,PHL,Philippines,0,W00,World,X,Export,H5,090111,Coffee; not roasted or decaffeinated,C00,TOTAL CPC,0,TOTAL MOT,8,kg,31068330.524,31068330.524,0,47334828.103,true,true,false,"{""typeCode"":""C"",""freqCode"":""A"",""refPeriodId"":20200101,""refYear"":2020,""refMonth"":52,""period"":""2020"",""reporterCode"":704,""reporterISO"":""VNM"",""reporterDesc"":""Viet Nam"",""flowCode"":""X"",""flowDesc"":""Export"",""partnerCode"":608,""partnerISO"":""PHL"",""partnerDesc"":""Philippines"",""partner2Code"":0,""partner2ISO"":""W00"",""partner2Desc"":""World"",""classificationCode"":""H5"",""classificationSearchCode"":""HS"",""isOriginalClassification"":true,""cmdCode"":""090111"",""cmdDesc"":""Coffee; not roasted or decaffeinated"",""aggrLevel"":6,""isLeaf"":true,""customsCode"":""C00"",""customsDesc"":""TOTAL CPC"",""mosCode"":""0"",""motCode"":0,""motDesc"":""TOTAL MOT"",""qtyUnitCode"":8,""qtyUnitAbbr"":""kg"",""qty"":31068330.524,""isQtyEstimated"":true,""altQtyUnitCode"":-1,""altQtyUnitAbbr"":""N/A"",""altQty"":0,""isAltQtyEstimated"":false,""netWgt"":31068330.524,""isNetWgtEstimated"":true,""grossWgt"":0,""isGrossWgtEstimated"":false,""cifvalue"":0,""fobvalue"":47334828.103,""primaryValue"":47334828.103,""legacyEstimationFlag"":6,""isReported"":true,""isAggregate"":false}"
,UN Comtrade,https://comtradeapi.un.org/public/v1/preview/C/A/HS?reporterCode=704&flowCode=X&cmdCode=090111&period=2020&includeDesc=true,2026-05-30T19:13:38.772Z,"{""reporters"":[{""endpoint"":""https://comtradeapi.un.org/public/v1/preview/C/A/HS"",""reporterCode"":704,""reporterISO"":""VNM"",""flowCode"":""X"",""cmdCode"":""090111"",""period"":""2020,2021,2022,2023,2024,2025"",""includeDesc"":true},{""endpoint"":""https://comtradeapi.un.org/public/v1/preview/C/A/HS"",""reporterCode"":76,""reporterISO"":""BRA"",""flowCode"":""X"",""cmdCode"":""090111"",""period"":""2020,2021,2022,2023,2024,2025"",""includeDesc"":true},{""endpoint"":""https://comtradeapi.un.org/public/v1/preview/C/A/HS"",""reporterCode"":360,""reporterISO"":""IDN"",""flowCode"":""X"",""cmdCode"":""090111"",""period"":""2020,2021,2022,2023,2024,2025"",""includeDesc"":true}]}",C,A,20200101,2020,704,VNM,Viet Nam,616,POL,Poland,0,W00,World,X,Export,H5,090111,Coffee; not roasted or decaffeinated,C00,TOTAL CPC,0,TOTAL MOT,8,kg,13150902.997,13150902.997,0,19843392.251,true,true,false,"{""typeCode"":""C"",""freqCode"":""A"",""refPeriodId"":20200101,""refYear"":2020,""refMonth"":52,""period"":""2020"",""reporterCode"":704,""reporterISO"":""VNM"",""reporterDesc"":""Viet Nam"",""flowCode"":""X"",""flowDesc"":""Export"",""partnerCode"":616,""partnerISO"":""POL"",""partnerDesc"":""Poland"",""partner2Code"":0,""partner2ISO"":""W00"",""partner2Desc"":""World"",""classificationCode"":""H5"",""classificationSearchCode"":""HS"",""isOriginalClassification"":true,""cmdCode"":""090111"",""cmdDesc"":""Coffee; not roasted or decaffeinated"",""aggrLevel"":6,""isLeaf"":true,""customsCode"":""C00"",""customsDesc"":""TOTAL CPC"",""mosCode"":""0"",""motCode"":0,""motDesc"":""TOTAL MOT"",""qtyUnitCode"":8,""qtyUnitAbbr"":""kg"",""qty"":13150902.997,""isQtyEstimated"":true,""altQtyUnitCode"":-1,""altQtyUnitAbbr"":""N/A"",""altQty"":0,""isAltQtyEstimated"":false,""netWgt"":13150902.997,""isNetWgtEstimated"":true,""grossWgt"":0,""isGrossWgtEstimated"":false,""cifvalue"":0,""fobvalue"":19843392.251,""primaryValue"":19843392.251,""legacyEstimationFlag"":6,""isReported"":true,""isAggregate"":false}"
,UN Comtrade,https://comtradeapi.un.org/public/v1/preview/C/A/HS?reporterCode=704&flowCode=X&cmdCode=090111&period=2020&includeDesc=true,2026-05-30T19:13:38.772Z,"{""reporters"":[{""endpoint"":""https://comtradeapi.un.org/public/v1/preview/C/A/HS"",""reporterCode"":704,""reporterISO"":""VNM"",""flowCode"":""X"",""cmdCode"":""090111"",""period"":""2020,2021,2022,2023,2024,2025"",""includeDesc"":true},{""endpoint"":""https://comtradeapi.un.org/public/v1/preview/C/A/HS"",""reporterCode"":76,""reporterISO"":""BRA"",""flowCode"":""X"",""cmdCode"":""090111"",""period"":""2020,2021,2022,2023,2024,2025"",""includeDesc"":true},{""endpoint"":""https://comtradeapi.un.org/public/v1/preview/C/A/HS"",""reporterCode"":360,""reporterISO"":""IDN"",""flowCode"":""X"",""cmdCode"":""090111"",""period"":""2020,2021,2022,2023,2024,2025"",""includeDesc"":true}]}",C,A,20200101,2020,704,VNM,Viet Nam,620,PRT,Portugal,0,W00,World,X,Export,H5,090111,Coffee; not roasted or decaffeinated,C00,TOTAL CPC,0,TOTAL MOT,8,kg,10099465.966,10099465.966,0,16154463.482,true,true,false,"{""typeCode"":""C"",""freqCode"":""A"",""refPeriodId"":20200101,""refYear"":2020,""refMonth"":52,""period"":""2020"",""reporterCode"":704,""reporterISO"":""VNM"",""reporterDesc"":""Viet Nam"",""flowCode"":""X"",""flowDesc"":""Export"",""partnerCode"":620,""partnerISO"":""PRT"",""partnerDesc"":""Portugal"",""partner2Code"":0,""partner2ISO"":""W00"",""partner2Desc"":""World"",""classificationCode"":""H5"",""classificationSearchCode"":""HS"",""isOriginalClassification"":true,""cmdCode"":""090111"",""cmdDesc"":""Coffee; not roasted or decaffeinated"",""aggrLevel"":6,""isLeaf"":true,""customsCode"":""C00"",""customsDesc"":""TOTAL CPC"",""mosCode"":""0"",""motCode"":0,""motDesc"":""TOTAL MOT"",""qtyUnitCode"":8,""qtyUnitAbbr"":""kg"",""qty"":10099465.966,""isQtyEstimated"":true,""altQtyUnitCode"":-1,""altQtyUnitAbbr"":""N/A"",""altQty"":0,""isAltQtyEstimated"":false,""netWgt"":10099465.966,""isNetWgtEstimated"":true,""grossWgt"":0,""isGrossWgtEstimated"":false,""cifvalue"":0,""fobvalue"":16154463.482,""primaryValue"":16154463.482,""legacyEstimationFlag"":6,""isReported"":true,""isAggregate"":false}"
,UN Comtrade,https://comtradeapi.un.org/public/v1/preview/C/A/HS?reporterCode=704&flowCode=X&cmdCode=090111&period=2020&includeDesc=true,2026-05-30T19:13:38.772Z,"{""reporters"":[{""endpoint"":""https://comtradeapi.un.org/public/v1/preview/C/A/HS"",""reporterCode"":704,""reporterISO"":""VNM"",""flowCode"":""X"",""cmdCode"":""090111"",""period"":""2020,2021,2022,2023,2024,2025"",""includeDesc"":true},{""endpoint"":""https://comtradeapi.un.org/public/v1/preview/C/A/HS"",""reporterCode"":76,""reporterISO"":""BRA"",""flowCode"":""X"",""cmdCode"":""090111"",""period"":""2020,2021,2022,2023,2024,2025"",""includeDesc"":true},{""endpoint"":""https://comtradeapi.un.org/public/v1/preview/C/A/HS"",""reporterCode"":360,""reporterISO"":""IDN"",""flowCode"":""X"",""cmdCode"":""090111"",""period"":""2020,2021,2022,2023,2024,2025"",""includeDesc"":true}]}",C,A,20200101,2020,704,VNM,Viet Nam,642,ROU,Romania,0,W00,World,X,Export,H5,090111,Coffee; not roasted or decaffeinated,C00,TOTAL CPC,0,TOTAL MOT,8,kg,2281757.086,2281757.086,0,3564597.18,true,true,false,"{""typeCode"":""C"",""freqCode"":""A"",""refPeriodId"":20200101,""refYear"":2020,""refMonth"":52,""period"":""2020"",""reporterCode"":704,""reporterISO"":""VNM"",""reporterDesc"":""Viet Nam"",""flowCode"":""X"",""flowDesc"":""Export"",""partnerCode"":642,""partnerISO"":""ROU"",""partnerDesc"":""Romania"",""partner2Code"":0,""partner2ISO"":""W00"",""partner2Desc"":""World"",""classificationCode"":""H5"",""classificationSearchCode"":""HS"",""isOriginalClassification"":true,""cmdCode"":""090111"",""cmdDesc"":""Coffee; not roasted or decaffeinated"",""aggrLevel"":6,""isLeaf"":true,""customsCode"":""C00"",""customsDesc"":""TOTAL CPC"",""mosCode"":""0"",""motCode"":0,""motDesc"":""TOTAL MOT"",""qtyUnitCode"":8,""qtyUnitAbbr"":""kg"",""qty"":2281757.086,""isQtyEstimated"":true,""altQtyUnitCode"":-1,""altQtyUnitAbbr"":""N/A"",""altQty"":0,""isAltQtyEstimated"":false,""netWgt"":2281757.086,""isNetWgtEstimated"":true,""grossWgt"":0,""isGrossWgtEstimated"":false,""cifvalue"":0,""fobvalue"":3564597.18,""primaryValue"":3564597.18,""legacyEstimationFlag"":6,""isReported"":true,""isAggregate"":false}"
,UN Comtrade,https://comtradeapi.un.org/public/v1/preview/C/A/HS?reporterCode=704&flowCode=X&cmdCode=090111&period=2020&includeDesc=true,2026-05-30T19:13:38.772Z,"{""reporters"":[{""endpoint"":""https://comtradeapi.un.org/public/v1/preview/C/A/HS"",""reporterCode"":704,""reporterISO"":""VNM"",""flowCode"":""X"",""cmdCode"":""090111"",""period"":""2020,2021,2022,2023,2024,2025"",""includeDesc"":true},{""endpoint"":""https://comtradeapi.un.org/public/v1/preview/C/A/HS"",""reporterCode"":76,""reporterISO"":""BRA"",""flowCode"":""X"",""cmdCode"":""090111"",""period"":""2020,2021,2022,2023,2024,2025"",""includeDesc"":true},{""endpoint"":""https://comtradeapi.un.org/public/v1/preview/C/A/HS"",""reporterCode"":360,""reporterISO"":""IDN"",""flowCode"":""X"",""cmdCode"":""090111"",""period"":""2020,2021,2022,2023,2024,2025"",""includeDesc"":true}]}",C,A,20200101,2020,704,VNM,Viet Nam,643,RUS,Russian Federation,0,W00,World,X,Export,H5,090111,Coffee; not roasted or decaffeinated,C00,TOTAL CPC,0,TOTAL MOT,8,kg,59377071.911,59377071.911,0,91408712.591,true,true,false,"{""typeCode"":""C"",""freqCode"":""A"",""refPeriodId"":20200101,""refYear"":2020,""refMonth"":52,""period"":""2020"",""reporterCode"":704,""reporterISO"":""VNM"",""reporterDesc"":""Viet Nam"",""flowCode"":""X"",""flowDesc"":""Export"",""partnerCode"":643,""partnerISO"":""RUS"",""partnerDesc"":""Russian Federation"",""partner2Code"":0,""partner2ISO"":""W00"",""partner2Desc"":""World"",""classificationCode"":""H5"",""classificationSearchCode"":""HS"",""isOriginalClassification"":true,""cmdCode"":""090111"",""cmdDesc"":""Coffee; not roasted or decaffeinated"",""aggrLevel"":6,""isLeaf"":true,""customsCode"":""C00"",""customsDesc"":""TOTAL CPC"",""mosCode"":""0"",""motCode"":0,""motDesc"":""TOTAL MOT"",""qtyUnitCode"":8,""qtyUnitAbbr"":""kg"",""qty"":59377071.911,""isQtyEstimated"":true,""altQtyUnitCode"":-1,""altQtyUnitAbbr"":""N/A"",""altQty"":0,""isAltQtyEstimated"":false,""netWgt"":59377071.911,""isNetWgtEstimated"":true,""grossWgt"":0,""isGrossWgtEstimated"":false,""cifvalue"":0,""fobvalue"":91408712.591,""primaryValue"":91408712.591,""legacyEstimationFlag"":6,""isReported"":true,""isAggregate"":false}"
,UN Comtrade,https://comtradeapi.un.org/public/v1/preview/C/A/HS?reporterCode=704&flowCode=X&cmdCode=090111&period=2020&includeDesc=true,2026-05-30T19:13:38.772Z,"{""reporters"":[{""endpoint"":""https://comtradeapi.un.org/public/v1/preview/C/A/HS"",""reporterCode"":704,""reporterISO"":""VNM"",""flowCode"":""X"",""cmdCode"":""090111"",""period"":""2020,2021,2022,2023,2024,2025"",""includeDesc"":true},{""endpoint"":""https://comtradeapi.un.org/public/v1/preview/C/A/HS"",""reporterCode"":76,""reporterISO"":""BRA"",""flowCode"":""X"",""cmdCode"":""090111"",""period"":""2020,2021,2022,2023,2024,2025"",""includeDesc"":true},{""endpoint"":""https://comtradeapi.un.org/public/v1/preview/C/A/HS"",""reporterCode"":360,""reporterISO"":""IDN"",""flowCode"":""X"",""cmdCode"":""090111"",""period"":""2020,2021,2022,2023,2024,2025"",""includeDesc"":true}]}",C,A,20200101,2020,704,VNM,Viet Nam,682,SAU,Saudi Arabia,0,W00,World,X,Export,H5,090111,Coffee; not roasted or decaffeinated,C00,TOTAL CPC,0,TOTAL MOT,8,kg,93113.631,93113.631,0,175896,true,true,false,"{""typeCode"":""C"",""freqCode"":""A"",""refPeriodId"":20200101,""refYear"":2020,""refMonth"":52,""period"":""2020"",""reporterCode"":704,""reporterISO"":""VNM"",""reporterDesc"":""Viet Nam"",""flowCode"":""X"",""flowDesc"":""Export"",""partnerCode"":682,""partnerISO"":""SAU"",""partnerDesc"":""Saudi Arabia"",""partner2Code"":0,""partner2ISO"":""W00"",""partner2Desc"":""World"",""classificationCode"":""H5"",""classificationSearchCode"":""HS"",""isOriginalClassification"":true,""cmdCode"":""090111"",""cmdDesc"":""Coffee; not roasted or decaffeinated"",""aggrLevel"":6,""isLeaf"":true,""customsCode"":""C00"",""customsDesc"":""TOTAL CPC"",""mosCode"":""0"",""motCode"":0,""motDesc"":""TOTAL MOT"",""qtyUnitCode"":8,""qtyUnitAbbr"":""kg"",""qty"":93113.631,""isQtyEstimated"":true,""altQtyUnitCode"":-1,""altQtyUnitAbbr"":""N/A"",""altQty"":0,""isAltQtyEstimated"":false,""netWgt"":93113.631,""isNetWgtEstimated"":true,""grossWgt"":0,""isGrossWgtEstimated"":false,""cifvalue"":0,""fobvalue"":175896,""primaryValue"":175896,""legacyEstimationFlag"":6,""isReported"":true,""isAggregate"":false}"
,UN Comtrade,https://comtradeapi.un.org/public/v1/preview/C/A/HS?reporterCode=704&flowCode=X&cmdCode=090111&period=2020&includeDesc=true,2026-05-30T19:13:38.772Z,"{""reporters"":[{""endpoint"":""https://comtradeapi.un.org/public/v1/preview/C/A/HS"",""reporterCode"":704,""reporterISO"":""VNM"",""flowCode"":""X"",""cmdCode"":""090111"",""period"":""2020,2021,2022,2023,2024,2025"",""includeDesc"":true},{""endpoint"":""https://comtradeapi.un.org/public/v1/preview/C/A/HS"",""reporterCode"":76,""reporterISO"":""BRA"",""flowCode"":""X"",""cmdCode"":""090111"",""period"":""2020,2021,2022,2023,2024,2025"",""includeDesc"":true},{""endpoint"":""https://comtradeapi.un.org/public/v1/preview/C/A/HS"",""reporterCode"":360,""reporterISO"":""IDN"",""flowCode"":""X"",""cmdCode"":""090111"",""period"":""2020,2021,2022,2023,2024,2025"",""includeDesc"":true}]}",C,A,20200101,2020,704,VNM,Viet Nam,686,SEN,Senegal,0,W00,World,X,Export,H5,090111,Coffee; not roasted or decaffeinated,C00,TOTAL CPC,0,TOTAL MOT,8,kg,38400,38400,0,69312,true,true,false,"{""typeCode"":""C"",""freqCode"":""A"",""refPeriodId"":20200101,""refYear"":2020,""refMonth"":52,""period"":""2020"",""reporterCode"":704,""reporterISO"":""VNM"",""reporterDesc"":""Viet Nam"",""flowCode"":""X"",""flowDesc"":""Export"",""partnerCode"":686,""partnerISO"":""SEN"",""partnerDesc"":""Senegal"",""partner2Code"":0,""partner2ISO"":""W00"",""partner2Desc"":""World"",""classificationCode"":""H5"",""classificationSearchCode"":""HS"",""isOriginalClassification"":true,""cmdCode"":""090111"",""cmdDesc"":""Coffee; not roasted or decaffeinated"",""aggrLevel"":6,""isLeaf"":true,""customsCode"":""C00"",""customsDesc"":""TOTAL CPC"",""mosCode"":""0"",""motCode"":0,""motDesc"":""TOTAL MOT"",""qtyUnitCode"":8,""qtyUnitAbbr"":""kg"",""qty"":38400,""isQtyEstimated"":false,""altQtyUnitCode"":21,""altQtyUnitAbbr"":""1000 KG"",""altQty"":38.4,""isAltQtyEstimated"":false,""netWgt"":38400,""isNetWgtEstimated"":false,""grossWgt"":0,""isGrossWgtEstimated"":false,""cifvalue"":0,""fobvalue"":69312,""primaryValue"":69312,""legacyEstimationFlag"":0,""isReported"":true,""isAggregate"":false}"
,UN Comtrade,https://comtradeapi.un.org/public/v1/preview/C/A/HS?reporterCode=704&flowCode=X&cmdCode=090111&period=2020&includeDesc=true,2026-05-30T19:13:38.772Z,"{""reporters"":[{""endpoint"":""https://comtradeapi.un.org/public/v1/preview/C/A/HS"",""reporterCode"":704,""reporterISO"":""VNM"",""flowCode"":""X"",""cmdCode"":""090111"",""period"":""2020,2021,2022,2023,2024,2025"",""includeDesc"":true},{""endpoint"":""https://comtradeapi.un.org/public/v1/preview/C/A/HS"",""reporterCode"":76,""reporterISO"":""BRA"",""flowCode"":""X"",""cmdCode"":""090111"",""period"":""2020,2021,2022,2023,2024,2025"",""includeDesc"":true},{""endpoint"":""https://comtradeapi.un.org/public/v1/preview/C/A/HS"",""reporterCode"":360,""reporterISO"":""IDN"",""flowCode"":""X"",""cmdCode"":""090111"",""period"":""2020,2021,2022,2023,2024,2025"",""includeDesc"":true}]}",C,A,20200101,2020,704,VNM,Viet Nam,699,IND,India,0,W00,World,X,Export,H5,090111,Coffee; not roasted or decaffeinated,C00,TOTAL CPC,0,TOTAL MOT,8,kg,19865187.916,19865187.916,0,28725594.449,true,true,false,"{""typeCode"":""C"",""freqCode"":""A"",""refPeriodId"":20200101,""refYear"":2020,""refMonth"":52,""period"":""2020"",""reporterCode"":704,""reporterISO"":""VNM"",""reporterDesc"":""Viet Nam"",""flowCode"":""X"",""flowDesc"":""Export"",""partnerCode"":699,""partnerISO"":""IND"",""partnerDesc"":""India"",""partner2Code"":0,""partner2ISO"":""W00"",""partner2Desc"":""World"",""classificationCode"":""H5"",""classificationSearchCode"":""HS"",""isOriginalClassification"":true,""cmdCode"":""090111"",""cmdDesc"":""Coffee; not roasted or decaffeinated"",""aggrLevel"":6,""isLeaf"":true,""customsCode"":""C00"",""customsDesc"":""TOTAL CPC"",""mosCode"":""0"",""motCode"":0,""motDesc"":""TOTAL MOT"",""qtyUnitCode"":8,""qtyUnitAbbr"":""kg"",""qty"":19865187.916,""isQtyEstimated"":true,""altQtyUnitCode"":-1,""altQtyUnitAbbr"":""N/A"",""altQty"":0,""isAltQtyEstimated"":false,""netWgt"":19865187.916,""isNetWgtEstimated"":true,""grossWgt"":0,""isGrossWgtEstimated"":false,""cifvalue"":0,""fobvalue"":28725594.449,""primaryValue"":28725594.449,""legacyEstimationFlag"":6,""isReported"":true,""isAggregate"":false}"
,UN Comtrade,https://comtradeapi.un.org/public/v1/preview/C/A/HS?reporterCode=704&flowCode=X&cmdCode=090111&period=2020&includeDesc=true,2026-05-30T19:13:38.772Z,"{""reporters"":[{""endpoint"":""https://comtradeapi.un.org/public/v1/preview/C/A/HS"",""reporterCode"":704,""reporterISO"":""VNM"",""flowCode"":""X"",""cmdCode"":""090111"",""period"":""2020,2021,2022,2023,2024,2025"",""includeDesc"":true},{""endpoint"":""https://comtradeapi.un.org/public/v1/preview/C/A/HS"",""reporterCode"":76,""reporterISO"":""BRA"",""flowCode"":""X"",""cmdCode"":""090111"",""period"":""2020,2021,2022,2023,2024,2025"",""includeDesc"":true},{""endpoint"":""https://comtradeapi.un.org/public/v1/preview/C/A/HS"",""reporterCode"":360,""reporterISO"":""IDN"",""flowCode"":""X"",""cmdCode"":""090111"",""period"":""2020,2021,2022,2023,2024,2025"",""includeDesc"":true}]}",C,A,20200101,2020,704,VNM,Viet Nam,702,SGP,Singapore,0,W00,World,X,Export,H5,090111,Coffee; not roasted or decaffeinated,C00,TOTAL CPC,0,TOTAL MOT,8,kg,140747.303,140747.303,0,245496.75,true,true,false,"{""typeCode"":""C"",""freqCode"":""A"",""refPeriodId"":20200101,""refYear"":2020,""refMonth"":52,""period"":""2020"",""reporterCode"":704,""reporterISO"":""VNM"",""reporterDesc"":""Viet Nam"",""flowCode"":""X"",""flowDesc"":""Export"",""partnerCode"":702,""partnerISO"":""SGP"",""partnerDesc"":""Singapore"",""partner2Code"":0,""partner2ISO"":""W00"",""partner2Desc"":""World"",""classificationCode"":""H5"",""classificationSearchCode"":""HS"",""isOriginalClassification"":true,""cmdCode"":""090111"",""cmdDesc"":""Coffee; not roasted or decaffeinated"",""aggrLevel"":6,""isLeaf"":true,""customsCode"":""C00"",""customsDesc"":""TOTAL CPC"",""mosCode"":""0"",""motCode"":0,""motDesc"":""TOTAL MOT"",""qtyUnitCode"":8,""qtyUnitAbbr"":""kg"",""qty"":140747.303,""isQtyEstimated"":true,""altQtyUnitCode"":-1,""altQtyUnitAbbr"":""N/A"",""altQty"":0,""isAltQtyEstimated"":false,""netWgt"":140747.303,""isNetWgtEstimated"":true,""grossWgt"":0,""isGrossWgtEstimated"":false,""cifvalue"":0,""fobvalue"":245496.75,""primaryValue"":245496.75,""legacyEstimationFlag"":6,""isReported"":true,""isAggregate"":false}"
,UN Comtrade,https://comtradeapi.un.org/public/v1/preview/C/A/HS?reporterCode=704&flowCode=X&cmdCode=090111&period=2020&includeDesc=true,2026-05-30T19:13:38.772Z,"{""reporters"":[{""endpoint"":""https://comtradeapi.un.org/public/v1/preview/C/A/HS"",""reporterCode"":704,""reporterISO"":""VNM"",""flowCode"":""X"",""cmdCode"":""090111"",""period"":""2020,2021,2022,2023,2024,2025"",""includeDesc"":true},{""endpoint"":""https://comtradeapi.un.org/public/v1/preview/C/A/HS"",""reporterCode"":76,""reporterISO"":""BRA"",""flowCode"":""X"",""cmdCode"":""090111"",""period"":""2020,2021,2022,2023,2024,2025"",""includeDesc"":true},{""endpoint"":""https://comtradeapi.un.org/public/v1/preview/C/A/HS"",""reporterCode"":360,""reporterISO"":""IDN"",""flowCode"":""X"",""cmdCode"":""090111"",""period"":""2020,2021,2022,2023,2024,2025"",""includeDesc"":true}]}",C,A,20200101,2020,704,VNM,Viet Nam,705,SVN,Slovenia,0,W00,World,X,Export,H5,090111,Coffee; not roasted or decaffeinated,C00,TOTAL CPC,0,TOTAL MOT,8,kg,4234596.39,4234596.39,0,6667620.839,true,true,false,"{""typeCode"":""C"",""freqCode"":""A"",""refPeriodId"":20200101,""refYear"":2020,""refMonth"":52,""period"":""2020"",""reporterCode"":704,""reporterISO"":""VNM"",""reporterDesc"":""Viet Nam"",""flowCode"":""X"",""flowDesc"":""Export"",""partnerCode"":705,""partnerISO"":""SVN"",""partnerDesc"":""Slovenia"",""partner2Code"":0,""partner2ISO"":""W00"",""partner2Desc"":""World"",""classificationCode"":""H5"",""classificationSearchCode"":""HS"",""isOriginalClassification"":true,""cmdCode"":""090111"",""cmdDesc"":""Coffee; not roasted or decaffeinated"",""aggrLevel"":6,""isLeaf"":true,""customsCode"":""C00"",""customsDesc"":""TOTAL CPC"",""mosCode"":""0"",""motCode"":0,""motDesc"":""TOTAL MOT"",""qtyUnitCode"":8,""qtyUnitAbbr"":""kg"",""qty"":4234596.39,""isQtyEstimated"":true,""altQtyUnitCode"":-1,""altQtyUnitAbbr"":""N/A"",""altQty"":0,""isAltQtyEstimated"":false,""netWgt"":4234596.39,""isNetWgtEstimated"":true,""grossWgt"":0,""isGrossWgtEstimated"":false,""cifvalue"":0,""fobvalue"":6667620.839,""primaryValue"":6667620.839,""legacyEstimationFlag"":6,""isReported"":true,""isAggregate"":false}"
,UN Comtrade,https://comtradeapi.un.org/public/v1/preview/C/A/HS?reporterCode=704&flowCode=X&cmdCode=090111&period=2020&includeDesc=true,2026-05-30T19:13:38.772Z,"{""reporters"":[{""endpoint"":""https://comtradeapi.un.org/public/v1/preview/C/A/HS"",""reporterCode"":704,""reporterISO"":""VNM"",""flowCode"":""X"",""cmdCode"":""090111"",""period"":""2020,2021,2022,2023,2024,2025"",""includeDesc"":true},{""endpoint"":""https://comtradeapi.un.org/public/v1/preview/C/A/HS"",""reporterCode"":76,""reporterISO"":""BRA"",""flowCode"":""X"",""cmdCode"":""090111"",""period"":""2020,2021,2022,2023,2024,2025"",""includeDesc"":true},{""endpoint"":""https://comtradeapi.un.org/public/v1/preview/C/A/HS"",""reporterCode"":360,""reporterISO"":""IDN"",""flowCode"":""X"",""cmdCode"":""090111"",""period"":""2020,2021,2022,2023,2024,2025"",""includeDesc"":true}]}",C,A,20200101,2020,704,VNM,Viet Nam,710,ZAF,South Africa,0,W00,World,X,Export,H5,090111,Coffee; not roasted or decaffeinated,C00,TOTAL CPC,0,TOTAL MOT,8,kg,1015648.738,1015648.738,0,1590566.875,true,true,false,"{""typeCode"":""C"",""freqCode"":""A"",""refPeriodId"":20200101,""refYear"":2020,""refMonth"":52,""period"":""2020"",""reporterCode"":704,""reporterISO"":""VNM"",""reporterDesc"":""Viet Nam"",""flowCode"":""X"",""flowDesc"":""Export"",""partnerCode"":710,""partnerISO"":""ZAF"",""partnerDesc"":""South Africa"",""partner2Code"":0,""partner2ISO"":""W00"",""partner2Desc"":""World"",""classificationCode"":""H5"",""classificationSearchCode"":""HS"",""isOriginalClassification"":true,""cmdCode"":""090111"",""cmdDesc"":""Coffee; not roasted or decaffeinated"",""aggrLevel"":6,""isLeaf"":true,""customsCode"":""C00"",""customsDesc"":""TOTAL CPC"",""mosCode"":""0"",""motCode"":0,""motDesc"":""TOTAL MOT"",""qtyUnitCode"":8,""qtyUnitAbbr"":""kg"",""qty"":1015648.738,""isQtyEstimated"":true,""altQtyUnitCode"":-1,""altQtyUnitAbbr"":""N/A"",""altQty"":0,""isAltQtyEstimated"":false,""netWgt"":1015648.738,""isNetWgtEstimated"":true,""grossWgt"":0,""isGrossWgtEstimated"":false,""cifvalue"":0,""fobvalue"":1590566.875,""primaryValue"":1590566.875,""legacyEstimationFlag"":6,""isReported"":true,""isAggregate"":false}"
,UN Comtrade,https://comtradeapi.un.org/public/v1/preview/C/A/HS?reporterCode=704&flowCode=X&cmdCode=090111&period=2020&includeDesc=true,2026-05-30T19:13:38.772Z,"{""reporters"":[{""endpoint"":""https://comtradeapi.un.org/public/v1/preview/C/A/HS"",""reporterCode"":704,""reporterISO"":""VNM"",""flowCode"":""X"",""cmdCode"":""090111"",""period"":""2020,2021,2022,2023,2024,2025"",""includeDesc"":true},{""endpoint"":""https://comtradeapi.un.org/public/v1/preview/C/A/HS"",""reporterCode"":76,""reporterISO"":""BRA"",""flowCode"":""X"",""cmdCode"":""090111"",""period"":""2020,2021,2022,2023,2024,2025"",""includeDesc"":true},{""endpoint"":""https://comtradeapi.un.org/public/v1/preview/C/A/HS"",""reporterCode"":360,""reporterISO"":""IDN"",""flowCode"":""X"",""cmdCode"":""090111"",""period"":""2020,2021,2022,2023,2024,2025"",""includeDesc"":true}]}",C,A,20200101,2020,704,VNM,Viet Nam,724,ESP,Spain,0,W00,World,X,Export,H5,090111,Coffee; not roasted or decaffeinated,C00,TOTAL CPC,0,TOTAL MOT,8,kg,81596538.783,81596538.783,0,124828746.595,true,true,false,"{""typeCode"":""C"",""freqCode"":""A"",""refPeriodId"":20200101,""refYear"":2020,""refMonth"":52,""period"":""2020"",""reporterCode"":704,""reporterISO"":""VNM"",""reporterDesc"":""Viet Nam"",""flowCode"":""X"",""flowDesc"":""Export"",""partnerCode"":724,""partnerISO"":""ESP"",""partnerDesc"":""Spain"",""partner2Code"":0,""partner2ISO"":""W00"",""partner2Desc"":""World"",""classificationCode"":""H5"",""classificationSearchCode"":""HS"",""isOriginalClassification"":true,""cmdCode"":""090111"",""cmdDesc"":""Coffee; not roasted or decaffeinated"",""aggrLevel"":6,""isLeaf"":true,""customsCode"":""C00"",""customsDesc"":""TOTAL CPC"",""mosCode"":""0"",""motCode"":0,""motDesc"":""TOTAL MOT"",""qtyUnitCode"":8,""qtyUnitAbbr"":""kg"",""qty"":81596538.783,""isQtyEstimated"":true,""altQtyUnitCode"":-1,""altQtyUnitAbbr"":""N/A"",""altQty"":0,""isAltQtyEstimated"":false,""netWgt"":81596538.783,""isNetWgtEstimated"":true,""grossWgt"":0,""isGrossWgtEstimated"":false,""cifvalue"":0,""fobvalue"":124828746.595,""primaryValue"":124828746.595,""legacyEstimationFlag"":6,""isReported"":true,""isAggregate"":false}"
,UN Comtrade,https://comtradeapi.un.org/public/v1/preview/C/A/HS?reporterCode=704&flowCode=X&cmdCode=090111&period=2020&includeDesc=true,2026-05-30T19:13:38.772Z,"{""reporters"":[{""endpoint"":""https://comtradeapi.un.org/public/v1/preview/C/A/HS"",""reporterCode"":704,""reporterISO"":""VNM"",""flowCode"":""X"",""cmdCode"":""090111"",""period"":""2020,2021,2022,2023,2024,2025"",""includeDesc"":true},{""endpoint"":""https://comtradeapi.un.org/public/v1/preview/C/A/HS"",""reporterCode"":76,""reporterISO"":""BRA"",""flowCode"":""X"",""cmdCode"":""090111"",""period"":""2020,2021,2022,2023,2024,2025"",""includeDesc"":true},{""endpoint"":""https://comtradeapi.un.org/public/v1/preview/C/A/HS"",""reporterCode"":360,""reporterISO"":""IDN"",""flowCode"":""X"",""cmdCode"":""090111"",""period"":""2020,2021,2022,2023,2024,2025"",""includeDesc"":true}]}",C,A,20200101,2020,704,VNM,Viet Nam,752,SWE,Sweden,0,W00,World,X,Export,H5,090111,Coffee; not roasted or decaffeinated,C00,TOTAL CPC,0,TOTAL MOT,8,kg,2451139.637,2451139.637,0,3845276.058,true,true,false,"{""typeCode"":""C"",""freqCode"":""A"",""refPeriodId"":20200101,""refYear"":2020,""refMonth"":52,""period"":""2020"",""reporterCode"":704,""reporterISO"":""VNM"",""reporterDesc"":""Viet Nam"",""flowCode"":""X"",""flowDesc"":""Export"",""partnerCode"":752,""partnerISO"":""SWE"",""partnerDesc"":""Sweden"",""partner2Code"":0,""partner2ISO"":""W00"",""partner2Desc"":""World"",""classificationCode"":""H5"",""classificationSearchCode"":""HS"",""isOriginalClassification"":true,""cmdCode"":""090111"",""cmdDesc"":""Coffee; not roasted or decaffeinated"",""aggrLevel"":6,""isLeaf"":true,""customsCode"":""C00"",""customsDesc"":""TOTAL CPC"",""mosCode"":""0"",""motCode"":0,""motDesc"":""TOTAL MOT"",""qtyUnitCode"":8,""qtyUnitAbbr"":""kg"",""qty"":2451139.637,""isQtyEstimated"":true,""altQtyUnitCode"":-1,""altQtyUnitAbbr"":""N/A"",""altQty"":0,""isAltQtyEstimated"":false,""netWgt"":2451139.637,""isNetWgtEstimated"":true,""grossWgt"":0,""isGrossWgtEstimated"":false,""cifvalue"":0,""fobvalue"":3845276.058,""primaryValue"":3845276.058,""legacyEstimationFlag"":6,""isReported"":true,""isAggregate"":false}"
,UN Comtrade,https://comtradeapi.un.org/public/v1/preview/C/A/HS?reporterCode=704&flowCode=X&cmdCode=090111&period=2020&includeDesc=true,2026-05-30T19:13:38.772Z,"{""reporters"":[{""endpoint"":""https://comtradeapi.un.org/public/v1/preview/C/A/HS"",""reporterCode"":704,""reporterISO"":""VNM"",""flowCode"":""X"",""cmdCode"":""090111"",""period"":""2020,2021,2022,2023,2024,2025"",""includeDesc"":true},{""endpoint"":""https://comtradeapi.un.org/public/v1/preview/C/A/HS"",""reporterCode"":76,""reporterISO"":""BRA"",""flowCode"":""X"",""cmdCode"":""090111"",""period"":""2020,2021,2022,2023,2024,2025"",""includeDesc"":true},{""endpoint"":""https://comtradeapi.un.org/public/v1/preview/C/A/HS"",""reporterCode"":360,""reporterISO"":""IDN"",""flowCode"":""X"",""cmdCode"":""090111"",""period"":""2020,2021,2022,2023,2024,2025"",""includeDesc"":true}]}",C,A,20200101,2020,704,VNM,Viet Nam,764,THA,Thailand,0,W00,World,X,Export,H5,090111,Coffee; not roasted or decaffeinated,C00,TOTAL CPC,0,TOTAL MOT,8,kg,31396324.184,31396324.184,0,48297405.063,true,true,false,"{""typeCode"":""C"",""freqCode"":""A"",""refPeriodId"":20200101,""refYear"":2020,""refMonth"":52,""period"":""2020"",""reporterCode"":704,""reporterISO"":""VNM"",""reporterDesc"":""Viet Nam"",""flowCode"":""X"",""flowDesc"":""Export"",""partnerCode"":764,""partnerISO"":""THA"",""partnerDesc"":""Thailand"",""partner2Code"":0,""partner2ISO"":""W00"",""partner2Desc"":""World"",""classificationCode"":""H5"",""classificationSearchCode"":""HS"",""isOriginalClassification"":true,""cmdCode"":""090111"",""cmdDesc"":""Coffee; not roasted or decaffeinated"",""aggrLevel"":6,""isLeaf"":true,""customsCode"":""C00"",""customsDesc"":""TOTAL CPC"",""mosCode"":""0"",""motCode"":0,""motDesc"":""TOTAL MOT"",""qtyUnitCode"":8,""qtyUnitAbbr"":""kg"",""qty"":31396324.184,""isQtyEstimated"":true,""altQtyUnitCode"":-1,""altQtyUnitAbbr"":""N/A"",""altQty"":0,""isAltQtyEstimated"":false,""netWgt"":31396324.184,""isNetWgtEstimated"":true,""grossWgt"":0,""isGrossWgtEstimated"":false,""cifvalue"":0,""fobvalue"":48297405.063,""primaryValue"":48297405.063,""legacyEstimationFlag"":6,""isReported"":true,""isAggregate"":false}"
,UN Comtrade,https://comtradeapi.un.org/public/v1/preview/C/A/HS?reporterCode=704&flowCode=X&cmdCode=090111&period=2020&includeDesc=true,2026-05-30T19:13:38.772Z,"{""reporters"":[{""endpoint"":""https://comtradeapi.un.org/public/v1/preview/C/A/HS"",""reporterCode"":704,""reporterISO"":""VNM"",""flowCode"":""X"",""cmdCode"":""090111"",""period"":""2020,2021,2022,2023,2024,2025"",""includeDesc"":true},{""endpoint"":""https://comtradeapi.un.org/public/v1/preview/C/A/HS"",""reporterCode"":76,""reporterISO"":""BRA"",""flowCode"":""X"",""cmdCode"":""090111"",""period"":""2020,2021,2022,2023,2024,2025"",""includeDesc"":true},{""endpoint"":""https://comtradeapi.un.org/public/v1/preview/C/A/HS"",""reporterCode"":360,""reporterISO"":""IDN"",""flowCode"":""X"",""cmdCode"":""090111"",""period"":""2020,2021,2022,2023,2024,2025"",""includeDesc"":true}]}",C,A,20200101,2020,704,VNM,Viet Nam,784,ARE,United Arab Emirates,0,W00,World,X,Export,H5,090111,Coffee; not roasted or decaffeinated,C00,TOTAL CPC,0,TOTAL MOT,8,kg,1046586.265,1046586.265,0,1748367.154,true,true,false,"{""typeCode"":""C"",""freqCode"":""A"",""refPeriodId"":20200101,""refYear"":2020,""refMonth"":52,""period"":""2020"",""reporterCode"":704,""reporterISO"":""VNM"",""reporterDesc"":""Viet Nam"",""flowCode"":""X"",""flowDesc"":""Export"",""partnerCode"":784,""partnerISO"":""ARE"",""partnerDesc"":""United Arab Emirates"",""partner2Code"":0,""partner2ISO"":""W00"",""partner2Desc"":""World"",""classificationCode"":""H5"",""classificationSearchCode"":""HS"",""isOriginalClassification"":true,""cmdCode"":""090111"",""cmdDesc"":""Coffee; not roasted or decaffeinated"",""aggrLevel"":6,""isLeaf"":true,""customsCode"":""C00"",""customsDesc"":""TOTAL CPC"",""mosCode"":""0"",""motCode"":0,""motDesc"":""TOTAL MOT"",""qtyUnitCode"":8,""qtyUnitAbbr"":""kg"",""qty"":1046586.265,""isQtyEstimated"":true,""altQtyUnitCode"":-1,""altQtyUnitAbbr"":""N/A"",""altQty"":0,""isAltQtyEstimated"":false,""netWgt"":1046586.265,""isNetWgtEstimated"":true,""grossWgt"":0,""isGrossWgtEstimated"":false,""cifvalue"":0,""fobvalue"":1748367.154,""primaryValue"":1748367.154,""legacyEstimationFlag"":6,""isReported"":true,""isAggregate"":false}"
,UN Comtrade,https://comtradeapi.un.org/public/v1/preview/C/A/HS?reporterCode=704&flowCode=X&cmdCode=090111&period=2020&includeDesc=true,2026-05-30T19:13:38.772Z,"{""reporters"":[{""endpoint"":""https://comtradeapi.un.org/public/v1/preview/C/A/HS"",""reporterCode"":704,""reporterISO"":""VNM"",""flowCode"":""X"",""cmdCode"":""090111"",""period"":""2020,2021,2022,2023,2024,2025"",""includeDesc"":true},{""endpoint"":""https://comtradeapi.un.org/public/v1/preview/C/A/HS"",""reporterCode"":76,""reporterISO"":""BRA"",""flowCode"":""X"",""cmdCode"":""090111"",""period"":""2020,2021,2022,2023,2024,2025"",""includeDesc"":true},{""endpoint"":""https://comtradeapi.un.org/public/v1/preview/C/A/HS"",""reporterCode"":360,""reporterISO"":""IDN"",""flowCode"":""X"",""cmdCode"":""090111"",""period"":""2020,2021,2022,2023,2024,2025"",""includeDesc"":true}]}",C,A,20200101,2020,704,VNM,Viet Nam,788,TUN,Tunisia,0,W00,World,X,Export,H5,090111,Coffee; not roasted or decaffeinated,C00,TOTAL CPC,0,TOTAL MOT,8,kg,7773804.705,7773804.705,0,12160654.945,true,true,false,"{""typeCode"":""C"",""freqCode"":""A"",""refPeriodId"":20200101,""refYear"":2020,""refMonth"":52,""period"":""2020"",""reporterCode"":704,""reporterISO"":""VNM"",""reporterDesc"":""Viet Nam"",""flowCode"":""X"",""flowDesc"":""Export"",""partnerCode"":788,""partnerISO"":""TUN"",""partnerDesc"":""Tunisia"",""partner2Code"":0,""partner2ISO"":""W00"",""partner2Desc"":""World"",""classificationCode"":""H5"",""classificationSearchCode"":""HS"",""isOriginalClassification"":true,""cmdCode"":""090111"",""cmdDesc"":""Coffee; not roasted or decaffeinated"",""aggrLevel"":6,""isLeaf"":true,""customsCode"":""C00"",""customsDesc"":""TOTAL CPC"",""mosCode"":""0"",""motCode"":0,""motDesc"":""TOTAL MOT"",""qtyUnitCode"":8,""qtyUnitAbbr"":""kg"",""qty"":7773804.705,""isQtyEstimated"":true,""altQtyUnitCode"":-1,""altQtyUnitAbbr"":""N/A"",""altQty"":0,""isAltQtyEstimated"":false,""netWgt"":7773804.705,""isNetWgtEstimated"":true,""grossWgt"":0,""isGrossWgtEstimated"":false,""cifvalue"":0,""fobvalue"":12160654.945,""primaryValue"":12160654.945,""legacyEstimationFlag"":6,""isReported"":true,""isAggregate"":false}"
,UN Comtrade,https://comtradeapi.un.org/public/v1/preview/C/A/HS?reporterCode=704&flowCode=X&cmdCode=090111&period=2020&includeDesc=true,2026-05-30T19:13:38.772Z,"{""reporters"":[{""endpoint"":""https://comtradeapi.un.org/public/v1/preview/C/A/HS"",""reporterCode"":704,""reporterISO"":""VNM"",""flowCode"":""X"",""cmdCode"":""090111"",""period"":""2020,2021,2022,2023,2024,2025"",""includeDesc"":true},{""endpoint"":""https://comtradeapi.un.org/public/v1/preview/C/A/HS"",""reporterCode"":76,""reporterISO"":""BRA"",""flowCode"":""X"",""cmdCode"":""090111"",""period"":""2020,2021,2022,2023,2024,2025"",""includeDesc"":true},{""endpoint"":""https://comtradeapi.un.org/public/v1/preview/C/A/HS"",""reporterCode"":360,""reporterISO"":""IDN"",""flowCode"":""X"",""cmdCode"":""090111"",""period"":""2020,2021,2022,2023,2024,2025"",""includeDesc"":true}]}",C,A,20200101,2020,704,VNM,Viet Nam,792,TUR,Türkiye,0,W00,World,X,Export,H5,090111,Coffee; not roasted or decaffeinated,C00,TOTAL CPC,0,TOTAL MOT,8,kg,556525.746,556525.746,0,922724.05,true,true,false,"{""typeCode"":""C"",""freqCode"":""A"",""refPeriodId"":20200101,""refYear"":2020,""refMonth"":52,""period"":""2020"",""reporterCode"":704,""reporterISO"":""VNM"",""reporterDesc"":""Viet Nam"",""flowCode"":""X"",""flowDesc"":""Export"",""partnerCode"":792,""partnerISO"":""TUR"",""partnerDesc"":""Türkiye"",""partner2Code"":0,""partner2ISO"":""W00"",""partner2Desc"":""World"",""classificationCode"":""H5"",""classificationSearchCode"":""HS"",""isOriginalClassification"":true,""cmdCode"":""090111"",""cmdDesc"":""Coffee; not roasted or decaffeinated"",""aggrLevel"":6,""isLeaf"":true,""customsCode"":""C00"",""customsDesc"":""TOTAL CPC"",""mosCode"":""0"",""motCode"":0,""motDesc"":""TOTAL MOT"",""qtyUnitCode"":8,""qtyUnitAbbr"":""kg"",""qty"":556525.746,""isQtyEstimated"":true,""altQtyUnitCode"":-1,""altQtyUnitAbbr"":""N/A"",""altQty"":0,""isAltQtyEstimated"":false,""netWgt"":556525.746,""isNetWgtEstimated"":true,""grossWgt"":0,""isGrossWgtEstimated"":false,""cifvalue"":0,""fobvalue"":922724.05,""primaryValue"":922724.05,""legacyEstimationFlag"":6,""isReported"":true,""isAggregate"":false}"
,UN Comtrade,https://comtradeapi.un.org/public/v1/preview/C/A/HS?reporterCode=704&flowCode=X&cmdCode=090111&period=2020&includeDesc=true,2026-05-30T19:13:38.772Z,"{""reporters"":[{""endpoint"":""https://comtradeapi.un.org/public/v1/preview/C/A/HS"",""reporterCode"":704,""reporterISO"":""VNM"",""flowCode"":""X"",""cmdCode"":""090111"",""period"":""2020,2021,2022,2023,2024,2025"",""includeDesc"":true},{""endpoint"":""https://comtradeapi.un.org/public/v1/preview/C/A/HS"",""reporterCode"":76,""reporterISO"":""BRA"",""flowCode"":""X"",""cmdCode"":""090111"",""period"":""2020,2021,2022,2023,2024,2025"",""includeDesc"":true},{""endpoint"":""https://comtradeapi.un.org/public/v1/preview/C/A/HS"",""reporterCode"":360,""reporterISO"":""IDN"",""flowCode"":""X"",""cmdCode"":""090111"",""period"":""2020,2021,2022,2023,2024,2025"",""includeDesc"":true}]}",C,A,20200101,2020,704,VNM,Viet Nam,804,UKR,Ukraine,0,W00,World,X,Export,H5,090111,Coffee; not roasted or decaffeinated,C00,TOTAL CPC,0,TOTAL MOT,8,kg,5368376.271,5368376.271,0,8876263.127,true,true,false,"{""typeCode"":""C"",""freqCode"":""A"",""refPeriodId"":20200101,""refYear"":2020,""refMonth"":52,""period"":""2020"",""reporterCode"":704,""reporterISO"":""VNM"",""reporterDesc"":""Viet Nam"",""flowCode"":""X"",""flowDesc"":""Export"",""partnerCode"":804,""partnerISO"":""UKR"",""partnerDesc"":""Ukraine"",""partner2Code"":0,""partner2ISO"":""W00"",""partner2Desc"":""World"",""classificationCode"":""H5"",""classificationSearchCode"":""HS"",""isOriginalClassification"":true,""cmdCode"":""090111"",""cmdDesc"":""Coffee; not roasted or decaffeinated"",""aggrLevel"":6,""isLeaf"":true,""customsCode"":""C00"",""customsDesc"":""TOTAL CPC"",""mosCode"":""0"",""motCode"":0,""motDesc"":""TOTAL MOT"",""qtyUnitCode"":8,""qtyUnitAbbr"":""kg"",""qty"":5368376.271,""isQtyEstimated"":true,""altQtyUnitCode"":-1,""altQtyUnitAbbr"":""N/A"",""altQty"":0,""isAltQtyEstimated"":false,""netWgt"":5368376.271,""isNetWgtEstimated"":true,""grossWgt"":0,""isGrossWgtEstimated"":false,""cifvalue"":0,""fobvalue"":8876263.127,""primaryValue"":8876263.127,""legacyEstimationFlag"":6,""isReported"":true,""isAggregate"":false}"
,UN Comtrade,https://comtradeapi.un.org/public/v1/preview/C/A/HS?reporterCode=704&flowCode=X&cmdCode=090111&period=2020&includeDesc=true,2026-05-30T19:13:38.772Z,"{""reporters"":[{""endpoint"":""https://comtradeapi.un.org/public/v1/preview/C/A/HS"",""reporterCode"":704,""reporterISO"":""VNM"",""flowCode"":""X"",""cmdCode"":""090111"",""period"":""2020,2021,2022,2023,2024,2025"",""includeDesc"":true},{""endpoint"":""https://comtradeapi.un.org/public/v1/preview/C/A/HS"",""reporterCode"":76,""reporterISO"":""BRA"",""flowCode"":""X"",""cmdCode"":""090111"",""period"":""2020,2021,2022,2023,2024,2025"",""includeDesc"":true},{""endpoint"":""https://comtradeapi.un.org/public/v1/preview/C/A/HS"",""reporterCode"":360,""reporterISO"":""IDN"",""flowCode"":""X"",""cmdCode"":""090111"",""period"":""2020,2021,2022,2023,2024,2025"",""includeDesc"":true}]}",C,A,20200101,2020,704,VNM,Viet Nam,818,EGY,Egypt,0,W00,World,X,Export,H5,090111,Coffee; not roasted or decaffeinated,C00,TOTAL CPC,0,TOTAL MOT,8,kg,10928126.079,10928126.079,0,17623578.206,true,true,false,"{""typeCode"":""C"",""freqCode"":""A"",""refPeriodId"":20200101,""refYear"":2020,""refMonth"":52,""period"":""2020"",""reporterCode"":704,""reporterISO"":""VNM"",""reporterDesc"":""Viet Nam"",""flowCode"":""X"",""flowDesc"":""Export"",""partnerCode"":818,""partnerISO"":""EGY"",""partnerDesc"":""Egypt"",""partner2Code"":0,""partner2ISO"":""W00"",""partner2Desc"":""World"",""classificationCode"":""H5"",""classificationSearchCode"":""HS"",""isOriginalClassification"":true,""cmdCode"":""090111"",""cmdDesc"":""Coffee; not roasted or decaffeinated"",""aggrLevel"":6,""isLeaf"":true,""customsCode"":""C00"",""customsDesc"":""TOTAL CPC"",""mosCode"":""0"",""motCode"":0,""motDesc"":""TOTAL MOT"",""qtyUnitCode"":8,""qtyUnitAbbr"":""kg"",""qty"":10928126.079,""isQtyEstimated"":true,""altQtyUnitCode"":-1,""altQtyUnitAbbr"":""N/A"",""altQty"":0,""isAltQtyEstimated"":false,""netWgt"":10928126.079,""isNetWgtEstimated"":true,""grossWgt"":0,""isGrossWgtEstimated"":false,""cifvalue"":0,""fobvalue"":17623578.206,""primaryValue"":17623578.206,""legacyEstimationFlag"":6,""isReported"":true,""isAggregate"":false}"
,UN Comtrade,https://comtradeapi.un.org/public/v1/preview/C/A/HS?reporterCode=704&flowCode=X&cmdCode=090111&period=2020&includeDesc=true,2026-05-30T19:13:38.772Z,"{""reporters"":[{""endpoint"":""https://comtradeapi.un.org/public/v1/preview/C/A/HS"",""reporterCode"":704,""reporterISO"":""VNM"",""flowCode"":""X"",""cmdCode"":""090111"",""period"":""2020,2021,2022,2023,2024,2025"",""includeDesc"":true},{""endpoint"":""https://comtradeapi.un.org/public/v1/preview/C/A/HS"",""reporterCode"":76,""reporterISO"":""BRA"",""flowCode"":""X"",""cmdCode"":""090111"",""period"":""2020,2021,2022,2023,2024,2025"",""includeDesc"":true},{""endpoint"":""https://comtradeapi.un.org/public/v1/preview/C/A/HS"",""reporterCode"":360,""reporterISO"":""IDN"",""flowCode"":""X"",""cmdCode"":""090111"",""period"":""2020,2021,2022,2023,2024,2025"",""includeDesc"":true}]}",C,A,20200101,2020,704,VNM,Viet Nam,826,GBR,United Kingdom,0,W00,World,X,Export,H5,090111,Coffee; not roasted or decaffeinated,C00,TOTAL CPC,0,TOTAL MOT,8,kg,24489002.412,24489002.412,0,38641888.452,true,true,false,"{""typeCode"":""C"",""freqCode"":""A"",""refPeriodId"":20200101,""refYear"":2020,""refMonth"":52,""period"":""2020"",""reporterCode"":704,""reporterISO"":""VNM"",""reporterDesc"":""Viet Nam"",""flowCode"":""X"",""flowDesc"":""Export"",""partnerCode"":826,""partnerISO"":""GBR"",""partnerDesc"":""United Kingdom"",""partner2Code"":0,""partner2ISO"":""W00"",""partner2Desc"":""World"",""classificationCode"":""H5"",""classificationSearchCode"":""HS"",""isOriginalClassification"":true,""cmdCode"":""090111"",""cmdDesc"":""Coffee; not roasted or decaffeinated"",""aggrLevel"":6,""isLeaf"":true,""customsCode"":""C00"",""customsDesc"":""TOTAL CPC"",""mosCode"":""0"",""motCode"":0,""motDesc"":""TOTAL MOT"",""qtyUnitCode"":8,""qtyUnitAbbr"":""kg"",""qty"":24489002.412,""isQtyEstimated"":true,""altQtyUnitCode"":-1,""altQtyUnitAbbr"":""N/A"",""altQty"":0,""isAltQtyEstimated"":false,""netWgt"":24489002.412,""isNetWgtEstimated"":true,""grossWgt"":0,""isGrossWgtEstimated"":false,""cifvalue"":0,""fobvalue"":38641888.452,""primaryValue"":38641888.452,""legacyEstimationFlag"":6,""isReported"":true,""isAggregate"":false}"
,UN Comtrade,https://comtradeapi.un.org/public/v1/preview/C/A/HS?reporterCode=704&flowCode=X&cmdCode=090111&period=2020&includeDesc=true,2026-05-30T19:13:38.772Z,"{""reporters"":[{""endpoint"":""https://comtradeapi.un.org/public/v1/preview/C/A/HS"",""reporterCode"":704,""reporterISO"":""VNM"",""flowCode"":""X"",""cmdCode"":""090111"",""period"":""2020,2021,2022,2023,2024,2025"",""includeDesc"":true},{""endpoint"":""https://comtradeapi.un.org/public/v1/preview/C/A/HS"",""reporterCode"":76,""reporterISO"":""BRA"",""flowCode"":""X"",""cmdCode"":""090111"",""period"":""2020,2021,2022,2023,2024,2025"",""includeDesc"":true},{""endpoint"":""https://comtradeapi.un.org/public/v1/preview/C/A/HS"",""reporterCode"":360,""reporterISO"":""IDN"",""flowCode"":""X"",""cmdCode"":""090111"",""period"":""2020,2021,2022,2023,2024,2025"",""includeDesc"":true}]}",C,A,20200101,2020,704,VNM,Viet Nam,842,USA,USA,0,W00,World,X,Export,H5,090111,Coffee; not roasted or decaffeinated,C00,TOTAL CPC,0,TOTAL MOT,8,kg,127457702.248,127457702.248,0,204017375.824,true,true,false,"{""typeCode"":""C"",""freqCode"":""A"",""refPeriodId"":20200101,""refYear"":2020,""refMonth"":52,""period"":""2020"",""reporterCode"":704,""reporterISO"":""VNM"",""reporterDesc"":""Viet Nam"",""flowCode"":""X"",""flowDesc"":""Export"",""partnerCode"":842,""partnerISO"":""USA"",""partnerDesc"":""USA"",""partner2Code"":0,""partner2ISO"":""W00"",""partner2Desc"":""World"",""classificationCode"":""H5"",""classificationSearchCode"":""HS"",""isOriginalClassification"":true,""cmdCode"":""090111"",""cmdDesc"":""Coffee; not roasted or decaffeinated"",""aggrLevel"":6,""isLeaf"":true,""customsCode"":""C00"",""customsDesc"":""TOTAL CPC"",""mosCode"":""0"",""motCode"":0,""motDesc"":""TOTAL MOT"",""qtyUnitCode"":8,""qtyUnitAbbr"":""kg"",""qty"":127457702.248,""isQtyEstimated"":true,""altQtyUnitCode"":-1,""altQtyUnitAbbr"":""N/A"",""altQty"":0,""isAltQtyEstimated"":false,""netWgt"":127457702.248,""isNetWgtEstimated"":true,""grossWgt"":0,""isGrossWgtEstimated"":false,""cifvalue"":0,""fobvalue"":204017375.824,""primaryValue"":204017375.824,""legacyEstimationFlag"":6,""isReported"":true,""isAggregate"":false}"
,UN Comtrade,https://comtradeapi.un.org/public/v1/preview/C/A/HS?reporterCode=704&flowCode=X&cmdCode=090111&period=2020&includeDesc=true,2026-05-30T19:13:38.772Z,"{""reporters"":[{""endpoint"":""https://comtradeapi.un.org/public/v1/preview/C/A/HS"",""reporterCode"":704,""reporterISO"":""VNM"",""flowCode"":""X"",""cmdCode"":""090111"",""period"":""2020,2021,2022,2023,2024,2025"",""includeDesc"":true},{""endpoint"":""https://comtradeapi.un.org/public/v1/preview/C/A/HS"",""reporterCode"":76,""reporterISO"":""BRA"",""flowCode"":""X"",""cmdCode"":""090111"",""period"":""2020,2021,2022,2023,2024,2025"",""includeDesc"":true},{""endpoint"":""https://comtradeapi.un.org/public/v1/preview/C/A/HS"",""reporterCode"":360,""reporterISO"":""IDN"",""flowCode"":""X"",""cmdCode"":""090111"",""period"":""2020,2021,2022,2023,2024,2025"",""includeDesc"":true}]}",C,A,20200101,2020,704,VNM,Viet Nam,862,VEN,Venezuela,0,W00,World,X,Export,H5,090111,Coffee; not roasted or decaffeinated,C00,TOTAL CPC,0,TOTAL MOT,8,kg,458705.824,458705.824,0,864109.08,true,true,false,"{""typeCode"":""C"",""freqCode"":""A"",""refPeriodId"":20200101,""refYear"":2020,""refMonth"":52,""period"":""2020"",""reporterCode"":704,""reporterISO"":""VNM"",""reporterDesc"":""Viet Nam"",""flowCode"":""X"",""flowDesc"":""Export"",""partnerCode"":862,""partnerISO"":""VEN"",""partnerDesc"":""Venezuela"",""partner2Code"":0,""partner2ISO"":""W00"",""partner2Desc"":""World"",""classificationCode"":""H5"",""classificationSearchCode"":""HS"",""isOriginalClassification"":true,""cmdCode"":""090111"",""cmdDesc"":""Coffee; not roasted or decaffeinated"",""aggrLevel"":6,""isLeaf"":true,""customsCode"":""C00"",""customsDesc"":""TOTAL CPC"",""mosCode"":""0"",""motCode"":0,""motDesc"":""TOTAL MOT"",""qtyUnitCode"":8,""qtyUnitAbbr"":""kg"",""qty"":458705.824,""isQtyEstimated"":true,""altQtyUnitCode"":-1,""altQtyUnitAbbr"":""N/A"",""altQty"":0,""isAltQtyEstimated"":false,""netWgt"":458705.824,""isNetWgtEstimated"":true,""grossWgt"":0,""isGrossWgtEstimated"":false,""cifvalue"":0,""fobvalue"":864109.08,""primaryValue"":864109.08,""legacyEstimationFlag"":6,""isReported"":true,""isAggregate"":false}"
,UN Comtrade,https://comtradeapi.un.org/public/v1/preview/C/A/HS?reporterCode=704&flowCode=X&cmdCode=090111&period=2021&includeDesc=true,2026-05-30T19:13:38.772Z,"{""reporters"":[{""endpoint"":""https://comtradeapi.un.org/public/v1/preview/C/A/HS"",""reporterCode"":704,""reporterISO"":""VNM"",""flowCode"":""X"",""cmdCode"":""090111"",""period"":""2020,2021,2022,2023,2024,2025"",""includeDesc"":true},{""endpoint"":""https://comtradeapi.un.org/public/v1/preview/C/A/HS"",""reporterCode"":76,""reporterISO"":""BRA"",""flowCode"":""X"",""cmdCode"":""090111"",""period"":""2020,2021,2022,2023,2024,2025"",""includeDesc"":true},{""endpoint"":""https://comtradeapi.un.org/public/v1/preview/C/A/HS"",""reporterCode"":360,""reporterISO"":""IDN"",""flowCode"":""X"",""cmdCode"":""090111"",""period"":""2020,2021,2022,2023,2024,2025"",""includeDesc"":true}]}",C,A,20210101,2021,704,VNM,Viet Nam,0,W00,World,0,W00,World,X,Export,H5,090111,Coffee; not roasted or decaffeinated,C00,TOTAL CPC,0,TOTAL MOT,8,kg,1163808052,1163808052,0,2060092036.737,true,false,true,"{""typeCode"":""C"",""freqCode"":""A"",""refPeriodId"":20210101,""refYear"":2021,""refMonth"":52,""period"":""2021"",""reporterCode"":704,""reporterISO"":""VNM"",""reporterDesc"":""Viet Nam"",""flowCode"":""X"",""flowDesc"":""Export"",""partnerCode"":0,""partnerISO"":""W00"",""partnerDesc"":""World"",""partner2Code"":0,""partner2ISO"":""W00"",""partner2Desc"":""World"",""classificationCode"":""H5"",""classificationSearchCode"":""HS"",""isOriginalClassification"":true,""cmdCode"":""090111"",""cmdDesc"":""Coffee; not roasted or decaffeinated"",""aggrLevel"":6,""isLeaf"":true,""customsCode"":""C00"",""customsDesc"":""TOTAL CPC"",""mosCode"":""0"",""motCode"":0,""motDesc"":""TOTAL MOT"",""qtyUnitCode"":8,""qtyUnitAbbr"":""kg"",""qty"":1163808052,""isQtyEstimated"":false,""altQtyUnitCode"":21,""altQtyUnitAbbr"":""1000 KG"",""altQty"":1163808.052,""isAltQtyEstimated"":false,""netWgt"":1163808052,""isNetWgtEstimated"":false,""grossWgt"":0,""isGrossWgtEstimated"":false,""cifvalue"":0,""fobvalue"":2060092036.737,""primaryValue"":2060092036.737,""legacyEstimationFlag"":0,""isReported"":false,""isAggregate"":true}"
,UN Comtrade,https://comtradeapi.un.org/public/v1/preview/C/A/HS?reporterCode=704&flowCode=X&cmdCode=090111&period=2021&includeDesc=true,2026-05-30T19:13:38.772Z,"{""reporters"":[{""endpoint"":""https://comtradeapi.un.org/public/v1/preview/C/A/HS"",""reporterCode"":704,""reporterISO"":""VNM"",""flowCode"":""X"",""cmdCode"":""090111"",""period"":""2020,2021,2022,2023,2024,2025"",""includeDesc"":true},{""endpoint"":""https://comtradeapi.un.org/public/v1/preview/C/A/HS"",""reporterCode"":76,""reporterISO"":""BRA"",""flowCode"":""X"",""cmdCode"":""090111"",""period"":""2020,2021,2022,2023,2024,2025"",""includeDesc"":true},{""endpoint"":""https://comtradeapi.un.org/public/v1/preview/C/A/HS"",""reporterCode"":360,""reporterISO"":""IDN"",""flowCode"":""X"",""cmdCode"":""090111"",""period"":""2020,2021,2022,2023,2024,2025"",""includeDesc"":true}]}",C,A,20210101,2021,704,VNM,Viet Nam,12,DZA,Algeria,0,W00,World,X,Export,H5,090111,Coffee; not roasted or decaffeinated,C00,TOTAL CPC,0,TOTAL MOT,8,kg,56525300,56525300,0,99643739.153,true,true,false,"{""typeCode"":""C"",""freqCode"":""A"",""refPeriodId"":20210101,""refYear"":2021,""refMonth"":52,""period"":""2021"",""reporterCode"":704,""reporterISO"":""VNM"",""reporterDesc"":""Viet Nam"",""flowCode"":""X"",""flowDesc"":""Export"",""partnerCode"":12,""partnerISO"":""DZA"",""partnerDesc"":""Algeria"",""partner2Code"":0,""partner2ISO"":""W00"",""partner2Desc"":""World"",""classificationCode"":""H5"",""classificationSearchCode"":""HS"",""isOriginalClassification"":true,""cmdCode"":""090111"",""cmdDesc"":""Coffee; not roasted or decaffeinated"",""aggrLevel"":6,""isLeaf"":true,""customsCode"":""C00"",""customsDesc"":""TOTAL CPC"",""mosCode"":""0"",""motCode"":0,""motDesc"":""TOTAL MOT"",""qtyUnitCode"":8,""qtyUnitAbbr"":""kg"",""qty"":56525300,""isQtyEstimated"":false,""altQtyUnitCode"":21,""altQtyUnitAbbr"":""1000 KG"",""altQty"":56525.3,""isAltQtyEstimated"":false,""netWgt"":56525300,""isNetWgtEstimated"":false,""grossWgt"":0,""isGrossWgtEstimated"":false,""cifvalue"":0,""fobvalue"":99643739.153,""primaryValue"":99643739.153,""legacyEstimationFlag"":0,""isReported"":true,""isAggregate"":false}"
,UN Comtrade,https://comtradeapi.un.org/public/v1/preview/C/A/HS?reporterCode=704&flowCode=X&cmdCode=090111&period=2021&includeDesc=true,2026-05-30T19:13:38.772Z,"{""reporters"":[{""endpoint"":""https://comtradeapi.un.org/public/v1/preview/C/A/HS"",""reporterCode"":704,""reporterISO"":""VNM"",""flowCode"":""X"",""cmdCode"":""090111"",""period"":""2020,2021,2022,2023,2024,2025"",""includeDesc"":true},{""endpoint"":""https://comtradeapi.un.org/public/v1/preview/C/A/HS"",""reporterCode"":76,""reporterISO"":""BRA"",""flowCode"":""X"",""cmdCode"":""090111"",""period"":""2020,2021,2022,2023,2024,2025"",""includeDesc"":true},{""endpoint"":""https://comtradeapi.un.org/public/v1/preview/C/A/HS"",""reporterCode"":360,""reporterISO"":""IDN"",""flowCode"":""X"",""cmdCode"":""090111"",""period"":""2020,2021,2022,2023,2024,2025"",""includeDesc"":true}]}",C,A,20210101,2021,704,VNM,Viet Nam,32,ARG,Argentina,0,W00,World,X,Export,H5,090111,Coffee; not roasted or decaffeinated,C00,TOTAL CPC,0,TOTAL MOT,8,kg,268626,268626,0,452376.068,true,true,false,"{""typeCode"":""C"",""freqCode"":""A"",""refPeriodId"":20210101,""refYear"":2021,""refMonth"":52,""period"":""2021"",""reporterCode"":704,""reporterISO"":""VNM"",""reporterDesc"":""Viet Nam"",""flowCode"":""X"",""flowDesc"":""Export"",""partnerCode"":32,""partnerISO"":""ARG"",""partnerDesc"":""Argentina"",""partner2Code"":0,""partner2ISO"":""W00"",""partner2Desc"":""World"",""classificationCode"":""H5"",""classificationSearchCode"":""HS"",""isOriginalClassification"":true,""cmdCode"":""090111"",""cmdDesc"":""Coffee; not roasted or decaffeinated"",""aggrLevel"":6,""isLeaf"":true,""customsCode"":""C00"",""customsDesc"":""TOTAL CPC"",""mosCode"":""0"",""motCode"":0,""motDesc"":""TOTAL MOT"",""qtyUnitCode"":8,""qtyUnitAbbr"":""kg"",""qty"":268626,""isQtyEstimated"":false,""altQtyUnitCode"":21,""altQtyUnitAbbr"":""1000 KG"",""altQty"":268.626,""isAltQtyEstimated"":false,""netWgt"":268626,""isNetWgtEstimated"":false,""grossWgt"":0,""isGrossWgtEstimated"":false,""cifvalue"":0,""fobvalue"":452376.068,""primaryValue"":452376.068,""legacyEstimationFlag"":0,""isReported"":true,""isAggregate"":false}"
,UN Comtrade,https://comtradeapi.un.org/public/v1/preview/C/A/HS?reporterCode=704&flowCode=X&cmdCode=090111&period=2021&includeDesc=true,2026-05-30T19:13:38.772Z,"{""reporters"":[{""endpoint"":""https://comtradeapi.un.org/public/v1/preview/C/A/HS"",""reporterCode"":704,""reporterISO"":""VNM"",""flowCode"":""X"",""cmdCode"":""090111"",""period"":""2020,2021,2022,2023,2024,2025"",""includeDesc"":true},{""endpoint"":""https://comtradeapi.un.org/public/v1/preview/C/A/HS"",""reporterCode"":76,""reporterISO"":""BRA"",""flowCode"":""X"",""cmdCode"":""090111"",""period"":""2020,2021,2022,2023,2024,2025"",""includeDesc"":true},{""endpoint"":""https://comtradeapi.un.org/public/v1/preview/C/A/HS"",""reporterCode"":360,""reporterISO"":""IDN"",""flowCode"":""X"",""cmdCode"":""090111"",""period"":""2020,2021,2022,2023,2024,2025"",""includeDesc"":true}]}",C,A,20210101,2021,704,VNM,Viet Nam,36,AUS,Australia,0,W00,World,X,Export,H5,090111,Coffee; not roasted or decaffeinated,C00,TOTAL CPC,0,TOTAL MOT,8,kg,12902762,12902762,0,21500474.326,true,true,false,"{""typeCode"":""C"",""freqCode"":""A"",""refPeriodId"":20210101,""refYear"":2021,""refMonth"":52,""period"":""2021"",""reporterCode"":704,""reporterISO"":""VNM"",""reporterDesc"":""Viet Nam"",""flowCode"":""X"",""flowDesc"":""Export"",""partnerCode"":36,""partnerISO"":""AUS"",""partnerDesc"":""Australia"",""partner2Code"":0,""partner2ISO"":""W00"",""partner2Desc"":""World"",""classificationCode"":""H5"",""classificationSearchCode"":""HS"",""isOriginalClassification"":true,""cmdCode"":""090111"",""cmdDesc"":""Coffee; not roasted or decaffeinated"",""aggrLevel"":6,""isLeaf"":true,""customsCode"":""C00"",""customsDesc"":""TOTAL CPC"",""mosCode"":""0"",""motCode"":0,""motDesc"":""TOTAL MOT"",""qtyUnitCode"":8,""qtyUnitAbbr"":""kg"",""qty"":12902762,""isQtyEstimated"":false,""altQtyUnitCode"":21,""altQtyUnitAbbr"":""1000 KG"",""altQty"":12902.762,""isAltQtyEstimated"":false,""netWgt"":12902762,""isNetWgtEstimated"":false,""grossWgt"":0,""isGrossWgtEstimated"":false,""cifvalue"":0,""fobvalue"":21500474.326,""primaryValue"":21500474.326,""legacyEstimationFlag"":0,""isReported"":true,""isAggregate"":false}"
,UN Comtrade,https://comtradeapi.un.org/public/v1/preview/C/A/HS?reporterCode=704&flowCode=X&cmdCode=090111&period=2021&includeDesc=true,2026-05-30T19:13:38.772Z,"{""reporters"":[{""endpoint"":""https://comtradeapi.un.org/public/v1/preview/C/A/HS"",""reporterCode"":704,""reporterISO"":""VNM"",""flowCode"":""X"",""cmdCode"":""090111"",""period"":""2020,2021,2022,2023,2024,2025"",""includeDesc"":true},{""endpoint"":""https://comtradeapi.un.org/public/v1/preview/C/A/HS"",""reporterCode"":76,""reporterISO"":""BRA"",""flowCode"":""X"",""cmdCode"":""090111"",""period"":""2020,2021,2022,2023,2024,2025"",""includeDesc"":true},{""endpoint"":""https://comtradeapi.un.org/public/v1/preview/C/A/HS"",""reporterCode"":360,""reporterISO"":""IDN"",""flowCode"":""X"",""cmdCode"":""090111"",""period"":""2020,2021,2022,2023,2024,2025"",""includeDesc"":true}]}",C,A,20210101,2021,704,VNM,Viet Nam,40,AUT,Austria,0,W00,World,X,Export,H5,090111,Coffee; not roasted or decaffeinated,C00,TOTAL CPC,0,TOTAL MOT,8,kg,300,300,0,6450,true,true,false,"{""typeCode"":""C"",""freqCode"":""A"",""refPeriodId"":20210101,""refYear"":2021,""refMonth"":52,""period"":""2021"",""reporterCode"":704,""reporterISO"":""VNM"",""reporterDesc"":""Viet Nam"",""flowCode"":""X"",""flowDesc"":""Export"",""partnerCode"":40,""partnerISO"":""AUT"",""partnerDesc"":""Austria"",""partner2Code"":0,""partner2ISO"":""W00"",""partner2Desc"":""World"",""classificationCode"":""H5"",""classificationSearchCode"":""HS"",""isOriginalClassification"":true,""cmdCode"":""090111"",""cmdDesc"":""Coffee; not roasted or decaffeinated"",""aggrLevel"":6,""isLeaf"":true,""customsCode"":""C00"",""customsDesc"":""TOTAL CPC"",""mosCode"":""0"",""motCode"":0,""motDesc"":""TOTAL MOT"",""qtyUnitCode"":8,""qtyUnitAbbr"":""kg"",""qty"":300,""isQtyEstimated"":false,""altQtyUnitCode"":21,""altQtyUnitAbbr"":""1000 KG"",""altQty"":0.3,""isAltQtyEstimated"":false,""netWgt"":300,""isNetWgtEstimated"":false,""grossWgt"":0,""isGrossWgtEstimated"":false,""cifvalue"":0,""fobvalue"":6450,""primaryValue"":6450,""legacyEstimationFlag"":0,""isReported"":true,""isAggregate"":false}"
,UN Comtrade,https://comtradeapi.un.org/public/v1/preview/C/A/HS?reporterCode=704&flowCode=X&cmdCode=090111&period=2021&includeDesc=true,2026-05-30T19:13:38.772Z,"{""reporters"":[{""endpoint"":""https://comtradeapi.un.org/public/v1/preview/C/A/HS"",""reporterCode"":704,""reporterISO"":""VNM"",""flowCode"":""X"",""cmdCode"":""090111"",""period"":""2020,2021,2022,2023,2024,2025"",""includeDesc"":true},{""endpoint"":""https://comtradeapi.un.org/public/v1/preview/C/A/HS"",""reporterCode"":76,""reporterISO"":""BRA"",""flowCode"":""X"",""cmdCode"":""090111"",""period"":""2020,2021,2022,2023,2024,2025"",""includeDesc"":true},{""endpoint"":""https://comtradeapi.un.org/public/v1/preview/C/A/HS"",""reporterCode"":360,""reporterISO"":""IDN"",""flowCode"":""X"",""cmdCode"":""090111"",""period"":""2020,2021,2022,2023,2024,2025"",""includeDesc"":true}]}",C,A,20210101,2021,704,VNM,Viet Nam,50,BGD,Bangladesh,0,W00,World,X,Export,H5,090111,Coffee; not roasted or decaffeinated,C00,TOTAL CPC,0,TOTAL MOT,8,kg,3180,3180,0,11568,true,true,false,"{""typeCode"":""C"",""freqCode"":""A"",""refPeriodId"":20210101,""refYear"":2021,""refMonth"":52,""period"":""2021"",""reporterCode"":704,""reporterISO"":""VNM"",""reporterDesc"":""Viet Nam"",""flowCode"":""X"",""flowDesc"":""Export"",""partnerCode"":50,""partnerISO"":""BGD"",""partnerDesc"":""Bangladesh"",""partner2Code"":0,""partner2ISO"":""W00"",""partner2Desc"":""World"",""classificationCode"":""H5"",""classificationSearchCode"":""HS"",""isOriginalClassification"":true,""cmdCode"":""090111"",""cmdDesc"":""Coffee; not roasted or decaffeinated"",""aggrLevel"":6,""isLeaf"":true,""customsCode"":""C00"",""customsDesc"":""TOTAL CPC"",""mosCode"":""0"",""motCode"":0,""motDesc"":""TOTAL MOT"",""qtyUnitCode"":8,""qtyUnitAbbr"":""kg"",""qty"":3180,""isQtyEstimated"":false,""altQtyUnitCode"":21,""altQtyUnitAbbr"":""1000 KG"",""altQty"":3.18,""isAltQtyEstimated"":false,""netWgt"":3180,""isNetWgtEstimated"":false,""grossWgt"":0,""isGrossWgtEstimated"":false,""cifvalue"":0,""fobvalue"":11568,""primaryValue"":11568,""legacyEstimationFlag"":0,""isReported"":true,""isAggregate"":false}"
,UN Comtrade,https://comtradeapi.un.org/public/v1/preview/C/A/HS?reporterCode=704&flowCode=X&cmdCode=090111&period=2021&includeDesc=true,2026-05-30T19:13:38.772Z,"{""reporters"":[{""endpoint"":""https://comtradeapi.un.org/public/v1/preview/C/A/HS"",""reporterCode"":704,""reporterISO"":""VNM"",""flowCode"":""X"",""cmdCode"":""090111"",""period"":""2020,2021,2022,2023,2024,2025"",""includeDesc"":true},{""endpoint"":""https://comtradeapi.un.org/public/v1/preview/C/A/HS"",""reporterCode"":76,""reporterISO"":""BRA"",""flowCode"":""X"",""cmdCode"":""090111"",""period"":""2020,2021,2022,2023,2024,2025"",""includeDesc"":true},{""endpoint"":""https://comtradeapi.un.org/public/v1/preview/C/A/HS"",""reporterCode"":360,""reporterISO"":""IDN"",""flowCode"":""X"",""cmdCode"":""090111"",""period"":""2020,2021,2022,2023,2024,2025"",""includeDesc"":true}]}",C,A,20210101,2021,704,VNM,Viet Nam,56,BEL,Belgium,0,W00,World,X,Export,H5,090111,Coffee; not roasted or decaffeinated,C00,TOTAL CPC,0,TOTAL MOT,8,kg,60433200,60433200,0,111574394.123,true,true,false,"{""typeCode"":""C"",""freqCode"":""A"",""refPeriodId"":20210101,""refYear"":2021,""refMonth"":52,""period"":""2021"",""reporterCode"":704,""reporterISO"":""VNM"",""reporterDesc"":""Viet Nam"",""flowCode"":""X"",""flowDesc"":""Export"",""partnerCode"":56,""partnerISO"":""BEL"",""partnerDesc"":""Belgium"",""partner2Code"":0,""partner2ISO"":""W00"",""partner2Desc"":""World"",""classificationCode"":""H5"",""classificationSearchCode"":""HS"",""isOriginalClassification"":true,""cmdCode"":""090111"",""cmdDesc"":""Coffee; not roasted or decaffeinated"",""aggrLevel"":6,""isLeaf"":true,""customsCode"":""C00"",""customsDesc"":""TOTAL CPC"",""mosCode"":""0"",""motCode"":0,""motDesc"":""TOTAL MOT"",""qtyUnitCode"":8,""qtyUnitAbbr"":""kg"",""qty"":60433200,""isQtyEstimated"":false,""altQtyUnitCode"":21,""altQtyUnitAbbr"":""1000 KG"",""altQty"":60433.2,""isAltQtyEstimated"":false,""netWgt"":60433200,""isNetWgtEstimated"":false,""grossWgt"":0,""isGrossWgtEstimated"":false,""cifvalue"":0,""fobvalue"":111574394.123,""primaryValue"":111574394.123,""legacyEstimationFlag"":0,""isReported"":true,""isAggregate"":false}"
,UN Comtrade,https://comtradeapi.un.org/public/v1/preview/C/A/HS?reporterCode=704&flowCode=X&cmdCode=090111&period=2021&includeDesc=true,2026-05-30T19:13:38.772Z,"{""reporters"":[{""endpoint"":""https://comtradeapi.un.org/public/v1/preview/C/A/HS"",""reporterCode"":704,""reporterISO"":""VNM"",""flowCode"":""X"",""cmdCode"":""090111"",""period"":""2020,2021,2022,2023,2024,2025"",""includeDesc"":true},{""endpoint"":""https://comtradeapi.un.org/public/v1/preview/C/A/HS"",""reporterCode"":76,""reporterISO"":""BRA"",""flowCode"":""X"",""cmdCode"":""090111"",""period"":""2020,2021,2022,2023,2024,2025"",""includeDesc"":true},{""endpoint"":""https://comtradeapi.un.org/public/v1/preview/C/A/HS"",""reporterCode"":360,""reporterISO"":""IDN"",""flowCode"":""X"",""cmdCode"":""090111"",""period"":""2020,2021,2022,2023,2024,2025"",""includeDesc"":true}]}",C,A,20210101,2021,704,VNM,Viet Nam,100,BGR,Bulgaria,0,W00,World,X,Export,H5,090111,Coffee; not roasted or decaffeinated,C00,TOTAL CPC,0,TOTAL MOT,8,kg,835760,835760,0,1361525.24,true,true,false,"{""typeCode"":""C"",""freqCode"":""A"",""refPeriodId"":20210101,""refYear"":2021,""refMonth"":52,""period"":""2021"",""reporterCode"":704,""reporterISO"":""VNM"",""reporterDesc"":""Viet Nam"",""flowCode"":""X"",""flowDesc"":""Export"",""partnerCode"":100,""partnerISO"":""BGR"",""partnerDesc"":""Bulgaria"",""partner2Code"":0,""partner2ISO"":""W00"",""partner2Desc"":""World"",""classificationCode"":""H5"",""classificationSearchCode"":""HS"",""isOriginalClassification"":true,""cmdCode"":""090111"",""cmdDesc"":""Coffee; not roasted or decaffeinated"",""aggrLevel"":6,""isLeaf"":true,""customsCode"":""C00"",""customsDesc"":""TOTAL CPC"",""mosCode"":""0"",""motCode"":0,""motDesc"":""TOTAL MOT"",""qtyUnitCode"":8,""qtyUnitAbbr"":""kg"",""qty"":835760,""isQtyEstimated"":false,""altQtyUnitCode"":21,""altQtyUnitAbbr"":""1000 KG"",""altQty"":835.76,""isAltQtyEstimated"":false,""netWgt"":835760,""isNetWgtEstimated"":false,""grossWgt"":0,""isGrossWgtEstimated"":false,""cifvalue"":0,""fobvalue"":1361525.24,""primaryValue"":1361525.24,""legacyEstimationFlag"":0,""isReported"":true,""isAggregate"":false}"
,UN Comtrade,https://comtradeapi.un.org/public/v1/preview/C/A/HS?reporterCode=704&flowCode=X&cmdCode=090111&period=2021&includeDesc=true,2026-05-30T19:13:38.772Z,"{""reporters"":[{""endpoint"":""https://comtradeapi.un.org/public/v1/preview/C/A/HS"",""reporterCode"":704,""reporterISO"":""VNM"",""flowCode"":""X"",""cmdCode"":""090111"",""period"":""2020,2021,2022,2023,2024,2025"",""includeDesc"":true},{""endpoint"":""https://comtradeapi.un.org/public/v1/preview/C/A/HS"",""reporterCode"":76,""reporterISO"":""BRA"",""flowCode"":""X"",""cmdCode"":""090111"",""period"":""2020,2021,2022,2023,2024,2025"",""includeDesc"":true},{""endpoint"":""https://comtradeapi.un.org/public/v1/preview/C/A/HS"",""reporterCode"":360,""reporterISO"":""IDN"",""flowCode"":""X"",""cmdCode"":""090111"",""period"":""2020,2021,2022,2023,2024,2025"",""includeDesc"":true}]}",C,A,20210101,2021,704,VNM,Viet Nam,104,MMR,Myanmar,0,W00,World,X,Export,H5,090111,Coffee; not roasted or decaffeinated,C00,TOTAL CPC,0,TOTAL MOT,8,kg,58048,58048,0,123360,true,true,false,"{""typeCode"":""C"",""freqCode"":""A"",""refPeriodId"":20210101,""refYear"":2021,""refMonth"":52,""period"":""2021"",""reporterCode"":704,""reporterISO"":""VNM"",""reporterDesc"":""Viet Nam"",""flowCode"":""X"",""flowDesc"":""Export"",""partnerCode"":104,""partnerISO"":""MMR"",""partnerDesc"":""Myanmar"",""partner2Code"":0,""partner2ISO"":""W00"",""partner2Desc"":""World"",""classificationCode"":""H5"",""classificationSearchCode"":""HS"",""isOriginalClassification"":true,""cmdCode"":""090111"",""cmdDesc"":""Coffee; not roasted or decaffeinated"",""aggrLevel"":6,""isLeaf"":true,""customsCode"":""C00"",""customsDesc"":""TOTAL CPC"",""mosCode"":""0"",""motCode"":0,""motDesc"":""TOTAL MOT"",""qtyUnitCode"":8,""qtyUnitAbbr"":""kg"",""qty"":58048,""isQtyEstimated"":false,""altQtyUnitCode"":21,""altQtyUnitAbbr"":""1000 KG"",""altQty"":58.048,""isAltQtyEstimated"":false,""netWgt"":58048,""isNetWgtEstimated"":false,""grossWgt"":0,""isGrossWgtEstimated"":false,""cifvalue"":0,""fobvalue"":123360,""primaryValue"":123360,""legacyEstimationFlag"":0,""isReported"":true,""isAggregate"":false}"
,UN Comtrade,https://comtradeapi.un.org/public/v1/preview/C/A/HS?reporterCode=704&flowCode=X&cmdCode=090111&period=2021&includeDesc=true,2026-05-30T19:13:38.772Z,"{""reporters"":[{""endpoint"":""https://comtradeapi.un.org/public/v1/preview/C/A/HS"",""reporterCode"":704,""reporterISO"":""VNM"",""flowCode"":""X"",""cmdCode"":""090111"",""period"":""2020,2021,2022,2023,2024,2025"",""includeDesc"":true},{""endpoint"":""https://comtradeapi.un.org/public/v1/preview/C/A/HS"",""reporterCode"":76,""reporterISO"":""BRA"",""flowCode"":""X"",""cmdCode"":""090111"",""period"":""2020,2021,2022,2023,2024,2025"",""includeDesc"":true},{""endpoint"":""https://comtradeapi.un.org/public/v1/preview/C/A/HS"",""reporterCode"":360,""reporterISO"":""IDN"",""flowCode"":""X"",""cmdCode"":""090111"",""period"":""2020,2021,2022,2023,2024,2025"",""includeDesc"":true}]}",C,A,20210101,2021,704,VNM,Viet Nam,116,KHM,Cambodia,0,W00,World,X,Export,H5,090111,Coffee; not roasted or decaffeinated,C00,TOTAL CPC,0,TOTAL MOT,8,kg,192160,192160,0,449933.708,true,true,false,"{""typeCode"":""C"",""freqCode"":""A"",""refPeriodId"":20210101,""refYear"":2021,""refMonth"":52,""period"":""2021"",""reporterCode"":704,""reporterISO"":""VNM"",""reporterDesc"":""Viet Nam"",""flowCode"":""X"",""flowDesc"":""Export"",""partnerCode"":116,""partnerISO"":""KHM"",""partnerDesc"":""Cambodia"",""partner2Code"":0,""partner2ISO"":""W00"",""partner2Desc"":""World"",""classificationCode"":""H5"",""classificationSearchCode"":""HS"",""isOriginalClassification"":true,""cmdCode"":""090111"",""cmdDesc"":""Coffee; not roasted or decaffeinated"",""aggrLevel"":6,""isLeaf"":true,""customsCode"":""C00"",""customsDesc"":""TOTAL CPC"",""mosCode"":""0"",""motCode"":0,""motDesc"":""TOTAL MOT"",""qtyUnitCode"":8,""qtyUnitAbbr"":""kg"",""qty"":192160,""isQtyEstimated"":false,""altQtyUnitCode"":21,""altQtyUnitAbbr"":""1000 KG"",""altQty"":192.16,""isAltQtyEstimated"":false,""netWgt"":192160,""isNetWgtEstimated"":false,""grossWgt"":0,""isGrossWgtEstimated"":false,""cifvalue"":0,""fobvalue"":449933.708,""primaryValue"":449933.708,""legacyEstimationFlag"":0,""isReported"":true,""isAggregate"":false}"
,UN Comtrade,https://comtradeapi.un.org/public/v1/preview/C/A/HS?reporterCode=704&flowCode=X&cmdCode=090111&period=2021&includeDesc=true,2026-05-30T19:13:38.772Z,"{""reporters"":[{""endpoint"":""https://comtradeapi.un.org/public/v1/preview/C/A/HS"",""reporterCode"":704,""reporterISO"":""VNM"",""flowCode"":""X"",""cmdCode"":""090111"",""period"":""2020,2021,2022,2023,2024,2025"",""includeDesc"":true},{""endpoint"":""https://comtradeapi.un.org/public/v1/preview/C/A/HS"",""reporterCode"":76,""reporterISO"":""BRA"",""flowCode"":""X"",""cmdCode"":""090111"",""period"":""2020,2021,2022,2023,2024,2025"",""includeDesc"":true},{""endpoint"":""https://comtradeapi.un.org/public/v1/preview/C/A/HS"",""reporterCode"":360,""reporterISO"":""IDN"",""flowCode"":""X"",""cmdCode"":""090111"",""period"":""2020,2021,2022,2023,2024,2025"",""includeDesc"":true}]}",C,A,20210101,2021,704,VNM,Viet Nam,124,CAN,Canada,0,W00,World,X,Export,H5,090111,Coffee; not roasted or decaffeinated,C00,TOTAL CPC,0,TOTAL MOT,8,kg,6512374,6512374,0,12944213.029,true,true,false,"{""typeCode"":""C"",""freqCode"":""A"",""refPeriodId"":20210101,""refYear"":2021,""refMonth"":52,""period"":""2021"",""reporterCode"":704,""reporterISO"":""VNM"",""reporterDesc"":""Viet Nam"",""flowCode"":""X"",""flowDesc"":""Export"",""partnerCode"":124,""partnerISO"":""CAN"",""partnerDesc"":""Canada"",""partner2Code"":0,""partner2ISO"":""W00"",""partner2Desc"":""World"",""classificationCode"":""H5"",""classificationSearchCode"":""HS"",""isOriginalClassification"":true,""cmdCode"":""090111"",""cmdDesc"":""Coffee; not roasted or decaffeinated"",""aggrLevel"":6,""isLeaf"":true,""customsCode"":""C00"",""customsDesc"":""TOTAL CPC"",""mosCode"":""0"",""motCode"":0,""motDesc"":""TOTAL MOT"",""qtyUnitCode"":8,""qtyUnitAbbr"":""kg"",""qty"":6512374,""isQtyEstimated"":false,""altQtyUnitCode"":21,""altQtyUnitAbbr"":""1000 KG"",""altQty"":6512.374,""isAltQtyEstimated"":false,""netWgt"":6512374,""isNetWgtEstimated"":false,""grossWgt"":0,""isGrossWgtEstimated"":false,""cifvalue"":0,""fobvalue"":12944213.029,""primaryValue"":12944213.029,""legacyEstimationFlag"":0,""isReported"":true,""isAggregate"":false}"
,UN Comtrade,https://comtradeapi.un.org/public/v1/preview/C/A/HS?reporterCode=704&flowCode=X&cmdCode=090111&period=2021&includeDesc=true,2026-05-30T19:13:38.772Z,"{""reporters"":[{""endpoint"":""https://comtradeapi.un.org/public/v1/preview/C/A/HS"",""reporterCode"":704,""reporterISO"":""VNM"",""flowCode"":""X"",""cmdCode"":""090111"",""period"":""2020,2021,2022,2023,2024,2025"",""includeDesc"":true},{""endpoint"":""https://comtradeapi.un.org/public/v1/preview/C/A/HS"",""reporterCode"":76,""reporterISO"":""BRA"",""flowCode"":""X"",""cmdCode"":""090111"",""period"":""2020,2021,2022,2023,2024,2025"",""includeDesc"":true},{""endpoint"":""https://comtradeapi.un.org/public/v1/preview/C/A/HS"",""reporterCode"":360,""reporterISO"":""IDN"",""flowCode"":""X"",""cmdCode"":""090111"",""period"":""2020,2021,2022,2023,2024,2025"",""includeDesc"":true}]}",C,A,20210101,2021,704,VNM,Viet Nam,144,LKA,Sri Lanka,0,W00,World,X,Export,H5,090111,Coffee; not roasted or decaffeinated,C00,TOTAL CPC,0,TOTAL MOT,8,kg,805,805,0,1500,true,true,false,"{""typeCode"":""C"",""freqCode"":""A"",""refPeriodId"":20210101,""refYear"":2021,""refMonth"":52,""period"":""2021"",""reporterCode"":704,""reporterISO"":""VNM"",""reporterDesc"":""Viet Nam"",""flowCode"":""X"",""flowDesc"":""Export"",""partnerCode"":144,""partnerISO"":""LKA"",""partnerDesc"":""Sri Lanka"",""partner2Code"":0,""partner2ISO"":""W00"",""partner2Desc"":""World"",""classificationCode"":""H5"",""classificationSearchCode"":""HS"",""isOriginalClassification"":true,""cmdCode"":""090111"",""cmdDesc"":""Coffee; not roasted or decaffeinated"",""aggrLevel"":6,""isLeaf"":true,""customsCode"":""C00"",""customsDesc"":""TOTAL CPC"",""mosCode"":""0"",""motCode"":0,""motDesc"":""TOTAL MOT"",""qtyUnitCode"":8,""qtyUnitAbbr"":""kg"",""qty"":805,""isQtyEstimated"":false,""altQtyUnitCode"":21,""altQtyUnitAbbr"":""1000 KG"",""altQty"":0.805,""isAltQtyEstimated"":false,""netWgt"":805,""isNetWgtEstimated"":false,""grossWgt"":0,""isGrossWgtEstimated"":false,""cifvalue"":0,""fobvalue"":1500,""primaryValue"":1500,""legacyEstimationFlag"":0,""isReported"":true,""isAggregate"":false}"
,UN Comtrade,https://comtradeapi.un.org/public/v1/preview/C/A/HS?reporterCode=704&flowCode=X&cmdCode=090111&period=2021&includeDesc=true,2026-05-30T19:13:38.772Z,"{""reporters"":[{""endpoint"":""https://comtradeapi.un.org/public/v1/preview/C/A/HS"",""reporterCode"":704,""reporterISO"":""VNM"",""flowCode"":""X"",""cmdCode"":""090111"",""period"":""2020,2021,2022,2023,2024,2025"",""includeDesc"":true},{""endpoint"":""https://comtradeapi.un.org/public/v1/preview/C/A/HS"",""reporterCode"":76,""reporterISO"":""BRA"",""flowCode"":""X"",""cmdCode"":""090111"",""period"":""2020,2021,2022,2023,2024,2025"",""includeDesc"":true},{""endpoint"":""https://comtradeapi.un.org/public/v1/preview/C/A/HS"",""reporterCode"":360,""reporterISO"":""IDN"",""flowCode"":""X"",""cmdCode"":""090111"",""period"":""2020,2021,2022,2023,2024,2025"",""includeDesc"":true}]}",C,A,20210101,2021,704,VNM,Viet Nam,152,CHL,Chile,0,W00,World,X,Export,H5,090111,Coffee; not roasted or decaffeinated,C00,TOTAL CPC,0,TOTAL MOT,8,kg,228640,228640,0,422153.24,true,true,false,"{""typeCode"":""C"",""freqCode"":""A"",""refPeriodId"":20210101,""refYear"":2021,""refMonth"":52,""period"":""2021"",""reporterCode"":704,""reporterISO"":""VNM"",""reporterDesc"":""Viet Nam"",""flowCode"":""X"",""flowDesc"":""Export"",""partnerCode"":152,""partnerISO"":""CHL"",""partnerDesc"":""Chile"",""partner2Code"":0,""partner2ISO"":""W00"",""partner2Desc"":""World"",""classificationCode"":""H5"",""classificationSearchCode"":""HS"",""isOriginalClassification"":true,""cmdCode"":""090111"",""cmdDesc"":""Coffee; not roasted or decaffeinated"",""aggrLevel"":6,""isLeaf"":true,""customsCode"":""C00"",""customsDesc"":""TOTAL CPC"",""mosCode"":""0"",""motCode"":0,""motDesc"":""TOTAL MOT"",""qtyUnitCode"":8,""qtyUnitAbbr"":""kg"",""qty"":228640,""isQtyEstimated"":false,""altQtyUnitCode"":21,""altQtyUnitAbbr"":""1000 KG"",""altQty"":228.64,""isAltQtyEstimated"":false,""netWgt"":228640,""isNetWgtEstimated"":false,""grossWgt"":0,""isGrossWgtEstimated"":false,""cifvalue"":0,""fobvalue"":422153.24,""primaryValue"":422153.24,""legacyEstimationFlag"":0,""isReported"":true,""isAggregate"":false}"
,UN Comtrade,https://comtradeapi.un.org/public/v1/preview/C/A/HS?reporterCode=704&flowCode=X&cmdCode=090111&period=2021&includeDesc=true,2026-05-30T19:13:38.772Z,"{""reporters"":[{""endpoint"":""https://comtradeapi.un.org/public/v1/preview/C/A/HS"",""reporterCode"":704,""reporterISO"":""VNM"",""flowCode"":""X"",""cmdCode"":""090111"",""period"":""2020,2021,2022,2023,2024,2025"",""includeDesc"":true},{""endpoint"":""https://comtradeapi.un.org/public/v1/preview/C/A/HS"",""reporterCode"":76,""reporterISO"":""BRA"",""flowCode"":""X"",""cmdCode"":""090111"",""period"":""2020,2021,2022,2023,2024,2025"",""includeDesc"":true},{""endpoint"":""https://comtradeapi.un.org/public/v1/preview/C/A/HS"",""reporterCode"":360,""reporterISO"":""IDN"",""flowCode"":""X"",""cmdCode"":""090111"",""period"":""2020,2021,2022,2023,2024,2025"",""includeDesc"":true}]}",C,A,20210101,2021,704,VNM,Viet Nam,156,CHN,China,0,W00,World,X,Export,H5,090111,Coffee; not roasted or decaffeinated,C00,TOTAL CPC,0,TOTAL MOT,8,kg,35177480,35177480,0,54661343.05,true,true,false,"{""typeCode"":""C"",""freqCode"":""A"",""refPeriodId"":20210101,""refYear"":2021,""refMonth"":52,""period"":""2021"",""reporterCode"":704,""reporterISO"":""VNM"",""reporterDesc"":""Viet Nam"",""flowCode"":""X"",""flowDesc"":""Export"",""partnerCode"":156,""partnerISO"":""CHN"",""partnerDesc"":""China"",""partner2Code"":0,""partner2ISO"":""W00"",""partner2Desc"":""World"",""classificationCode"":""H5"",""classificationSearchCode"":""HS"",""isOriginalClassification"":true,""cmdCode"":""090111"",""cmdDesc"":""Coffee; not roasted or decaffeinated"",""aggrLevel"":6,""isLeaf"":true,""customsCode"":""C00"",""customsDesc"":""TOTAL CPC"",""mosCode"":""0"",""motCode"":0,""motDesc"":""TOTAL MOT"",""qtyUnitCode"":8,""qtyUnitAbbr"":""kg"",""qty"":35177480,""isQtyEstimated"":false,""altQtyUnitCode"":21,""altQtyUnitAbbr"":""1000 KG"",""altQty"":35177.48,""isAltQtyEstimated"":false,""netWgt"":35177480,""isNetWgtEstimated"":false,""grossWgt"":0,""isGrossWgtEstimated"":false,""cifvalue"":0,""fobvalue"":54661343.05,""primaryValue"":54661343.05,""legacyEstimationFlag"":0,""isReported"":true,""isAggregate"":false}"
,UN Comtrade,https://comtradeapi.un.org/public/v1/preview/C/A/HS?reporterCode=704&flowCode=X&cmdCode=090111&period=2021&includeDesc=true,2026-05-30T19:13:38.772Z,"{""reporters"":[{""endpoint"":""https://comtradeapi.un.org/public/v1/preview/C/A/HS"",""reporterCode"":704,""reporterISO"":""VNM"",""flowCode"":""X"",""cmdCode"":""090111"",""period"":""2020,2021,2022,2023,2024,2025"",""includeDesc"":true},{""endpoint"":""https://comtradeapi.un.org/public/v1/preview/C/A/HS"",""reporterCode"":76,""reporterISO"":""BRA"",""flowCode"":""X"",""cmdCode"":""090111"",""period"":""2020,2021,2022,2023,2024,2025"",""includeDesc"":true},{""endpoint"":""https://comtradeapi.un.org/public/v1/preview/C/A/HS"",""reporterCode"":360,""reporterISO"":""IDN"",""flowCode"":""X"",""cmdCode"":""090111"",""period"":""2020,2021,2022,2023,2024,2025"",""includeDesc"":true}]}",C,A,20210101,2021,704,VNM,Viet Nam,191,HRV,Croatia,0,W00,World,X,Export,H5,090111,Coffee; not roasted or decaffeinated,C00,TOTAL CPC,0,TOTAL MOT,8,kg,991480,991480,0,1687287.56,true,true,false,"{""typeCode"":""C"",""freqCode"":""A"",""refPeriodId"":20210101,""refYear"":2021,""refMonth"":52,""period"":""2021"",""reporterCode"":704,""reporterISO"":""VNM"",""reporterDesc"":""Viet Nam"",""flowCode"":""X"",""flowDesc"":""Export"",""partnerCode"":191,""partnerISO"":""HRV"",""partnerDesc"":""Croatia"",""partner2Code"":0,""partner2ISO"":""W00"",""partner2Desc"":""World"",""classificationCode"":""H5"",""classificationSearchCode"":""HS"",""isOriginalClassification"":true,""cmdCode"":""090111"",""cmdDesc"":""Coffee; not roasted or decaffeinated"",""aggrLevel"":6,""isLeaf"":true,""customsCode"":""C00"",""customsDesc"":""TOTAL CPC"",""mosCode"":""0"",""motCode"":0,""motDesc"":""TOTAL MOT"",""qtyUnitCode"":8,""qtyUnitAbbr"":""kg"",""qty"":991480,""isQtyEstimated"":false,""altQtyUnitCode"":21,""altQtyUnitAbbr"":""1000 KG"",""altQty"":991.48,""isAltQtyEstimated"":false,""netWgt"":991480,""isNetWgtEstimated"":false,""grossWgt"":0,""isGrossWgtEstimated"":false,""cifvalue"":0,""fobvalue"":1687287.56,""primaryValue"":1687287.56,""legacyEstimationFlag"":0,""isReported"":true,""isAggregate"":false}"
,UN Comtrade,https://comtradeapi.un.org/public/v1/preview/C/A/HS?reporterCode=704&flowCode=X&cmdCode=090111&period=2021&includeDesc=true,2026-05-30T19:13:38.772Z,"{""reporters"":[{""endpoint"":""https://comtradeapi.un.org/public/v1/preview/C/A/HS"",""reporterCode"":704,""reporterISO"":""VNM"",""flowCode"":""X"",""cmdCode"":""090111"",""period"":""2020,2021,2022,2023,2024,2025"",""includeDesc"":true},{""endpoint"":""https://comtradeapi.un.org/public/v1/preview/C/A/HS"",""reporterCode"":76,""reporterISO"":""BRA"",""flowCode"":""X"",""cmdCode"":""090111"",""period"":""2020,2021,2022,2023,2024,2025"",""includeDesc"":true},{""endpoint"":""https://comtradeapi.un.org/public/v1/preview/C/A/HS"",""reporterCode"":360,""reporterISO"":""IDN"",""flowCode"":""X"",""cmdCode"":""090111"",""period"":""2020,2021,2022,2023,2024,2025"",""includeDesc"":true}]}",C,A,20210101,2021,704,VNM,Viet Nam,203,CZE,Czechia,0,W00,World,X,Export,H5,090111,Coffee; not roasted or decaffeinated,C00,TOTAL CPC,0,TOTAL MOT,8,kg,1278038,1278038,0,2384063.462,true,true,false,"{""typeCode"":""C"",""freqCode"":""A"",""refPeriodId"":20210101,""refYear"":2021,""refMonth"":52,""period"":""2021"",""reporterCode"":704,""reporterISO"":""VNM"",""reporterDesc"":""Viet Nam"",""flowCode"":""X"",""flowDesc"":""Export"",""partnerCode"":203,""partnerISO"":""CZE"",""partnerDesc"":""Czechia"",""partner2Code"":0,""partner2ISO"":""W00"",""partner2Desc"":""World"",""classificationCode"":""H5"",""classificationSearchCode"":""HS"",""isOriginalClassification"":true,""cmdCode"":""090111"",""cmdDesc"":""Coffee; not roasted or decaffeinated"",""aggrLevel"":6,""isLeaf"":true,""customsCode"":""C00"",""customsDesc"":""TOTAL CPC"",""mosCode"":""0"",""motCode"":0,""motDesc"":""TOTAL MOT"",""qtyUnitCode"":8,""qtyUnitAbbr"":""kg"",""qty"":1278038,""isQtyEstimated"":false,""altQtyUnitCode"":21,""altQtyUnitAbbr"":""1000 KG"",""altQty"":1278.038,""isAltQtyEstimated"":false,""netWgt"":1278038,""isNetWgtEstimated"":false,""grossWgt"":0,""isGrossWgtEstimated"":false,""cifvalue"":0,""fobvalue"":2384063.462,""primaryValue"":2384063.462,""legacyEstimationFlag"":0,""isReported"":true,""isAggregate"":false}"
,UN Comtrade,https://comtradeapi.un.org/public/v1/preview/C/A/HS?reporterCode=704&flowCode=X&cmdCode=090111&period=2021&includeDesc=true,2026-05-30T19:13:38.772Z,"{""reporters"":[{""endpoint"":""https://comtradeapi.un.org/public/v1/preview/C/A/HS"",""reporterCode"":704,""reporterISO"":""VNM"",""flowCode"":""X"",""cmdCode"":""090111"",""period"":""2020,2021,2022,2023,2024,2025"",""includeDesc"":true},{""endpoint"":""https://comtradeapi.un.org/public/v1/preview/C/A/HS"",""reporterCode"":76,""reporterISO"":""BRA"",""flowCode"":""X"",""cmdCode"":""090111"",""period"":""2020,2021,2022,2023,2024,2025"",""includeDesc"":true},{""endpoint"":""https://comtradeapi.un.org/public/v1/preview/C/A/HS"",""reporterCode"":360,""reporterISO"":""IDN"",""flowCode"":""X"",""cmdCode"":""090111"",""period"":""2020,2021,2022,2023,2024,2025"",""includeDesc"":true}]}",C,A,20210101,2021,704,VNM,Viet Nam,208,DNK,Denmark,0,W00,World,X,Export,H5,090111,Coffee; not roasted or decaffeinated,C00,TOTAL CPC,0,TOTAL MOT,8,kg,843600,843600,0,1437905.4,true,true,false,"{""typeCode"":""C"",""freqCode"":""A"",""refPeriodId"":20210101,""refYear"":2021,""refMonth"":52,""period"":""2021"",""reporterCode"":704,""reporterISO"":""VNM"",""reporterDesc"":""Viet Nam"",""flowCode"":""X"",""flowDesc"":""Export"",""partnerCode"":208,""partnerISO"":""DNK"",""partnerDesc"":""Denmark"",""partner2Code"":0,""partner2ISO"":""W00"",""partner2Desc"":""World"",""classificationCode"":""H5"",""classificationSearchCode"":""HS"",""isOriginalClassification"":true,""cmdCode"":""090111"",""cmdDesc"":""Coffee; not roasted or decaffeinated"",""aggrLevel"":6,""isLeaf"":true,""customsCode"":""C00"",""customsDesc"":""TOTAL CPC"",""mosCode"":""0"",""motCode"":0,""motDesc"":""TOTAL MOT"",""qtyUnitCode"":8,""qtyUnitAbbr"":""kg"",""qty"":843600,""isQtyEstimated"":false,""altQtyUnitCode"":21,""altQtyUnitAbbr"":""1000 KG"",""altQty"":843.6,""isAltQtyEstimated"":false,""netWgt"":843600,""isNetWgtEstimated"":false,""grossWgt"":0,""isGrossWgtEstimated"":false,""cifvalue"":0,""fobvalue"":1437905.4,""primaryValue"":1437905.4,""legacyEstimationFlag"":0,""isReported"":true,""isAggregate"":false}"
,UN Comtrade,https://comtradeapi.un.org/public/v1/preview/C/A/HS?reporterCode=704&flowCode=X&cmdCode=090111&period=2021&includeDesc=true,2026-05-30T19:13:38.772Z,"{""reporters"":[{""endpoint"":""https://comtradeapi.un.org/public/v1/preview/C/A/HS"",""reporterCode"":704,""reporterISO"":""VNM"",""flowCode"":""X"",""cmdCode"":""090111"",""period"":""2020,2021,2022,2023,2024,2025"",""includeDesc"":true},{""endpoint"":""https://comtradeapi.un.org/public/v1/preview/C/A/HS"",""reporterCode"":76,""reporterISO"":""BRA"",""flowCode"":""X"",""cmdCode"":""090111"",""period"":""2020,2021,2022,2023,2024,2025"",""includeDesc"":true},{""endpoint"":""https://comtradeapi.un.org/public/v1/preview/C/A/HS"",""reporterCode"":360,""reporterISO"":""IDN"",""flowCode"":""X"",""cmdCode"":""090111"",""period"":""2020,2021,2022,2023,2024,2025"",""includeDesc"":true}]}",C,A,20210101,2021,704,VNM,Viet Nam,214,DOM,Dominican Rep.,0,W00,World,X,Export,H5,090111,Coffee; not roasted or decaffeinated,C00,TOTAL CPC,0,TOTAL MOT,8,kg,4796294,4796294,0,8400581.2,true,true,false,"{""typeCode"":""C"",""freqCode"":""A"",""refPeriodId"":20210101,""refYear"":2021,""refMonth"":52,""period"":""2021"",""reporterCode"":704,""reporterISO"":""VNM"",""reporterDesc"":""Viet Nam"",""flowCode"":""X"",""flowDesc"":""Export"",""partnerCode"":214,""partnerISO"":""DOM"",""partnerDesc"":""Dominican Rep."",""partner2Code"":0,""partner2ISO"":""W00"",""partner2Desc"":""World"",""classificationCode"":""H5"",""classificationSearchCode"":""HS"",""isOriginalClassification"":true,""cmdCode"":""090111"",""cmdDesc"":""Coffee; not roasted or decaffeinated"",""aggrLevel"":6,""isLeaf"":true,""customsCode"":""C00"",""customsDesc"":""TOTAL CPC"",""mosCode"":""0"",""motCode"":0,""motDesc"":""TOTAL MOT"",""qtyUnitCode"":8,""qtyUnitAbbr"":""kg"",""qty"":4796294,""isQtyEstimated"":false,""altQtyUnitCode"":21,""altQtyUnitAbbr"":""1000 KG"",""altQty"":4796.294,""isAltQtyEstimated"":false,""netWgt"":4796294,""isNetWgtEstimated"":false,""grossWgt"":0,""isGrossWgtEstimated"":false,""cifvalue"":0,""fobvalue"":8400581.2,""primaryValue"":8400581.2,""legacyEstimationFlag"":0,""isReported"":true,""isAggregate"":false}"
,UN Comtrade,https://comtradeapi.un.org/public/v1/preview/C/A/HS?reporterCode=704&flowCode=X&cmdCode=090111&period=2021&includeDesc=true,2026-05-30T19:13:38.772Z,"{""reporters"":[{""endpoint"":""https://comtradeapi.un.org/public/v1/preview/C/A/HS"",""reporterCode"":704,""reporterISO"":""VNM"",""flowCode"":""X"",""cmdCode"":""090111"",""period"":""2020,2021,2022,2023,2024,2025"",""includeDesc"":true},{""endpoint"":""https://comtradeapi.un.org/public/v1/preview/C/A/HS"",""reporterCode"":76,""reporterISO"":""BRA"",""flowCode"":""X"",""cmdCode"":""090111"",""period"":""2020,2021,2022,2023,2024,2025"",""includeDesc"":true},{""endpoint"":""https://comtradeapi.un.org/public/v1/preview/C/A/HS"",""reporterCode"":360,""reporterISO"":""IDN"",""flowCode"":""X"",""cmdCode"":""090111"",""period"":""2020,2021,2022,2023,2024,2025"",""includeDesc"":true}]}",C,A,20210101,2021,704,VNM,Viet Nam,218,ECU,Ecuador,0,W00,World,X,Export,H5,090111,Coffee; not roasted or decaffeinated,C00,TOTAL CPC,0,TOTAL MOT,8,kg,4435680,4435680,0,7414754.2,true,true,false,"{""typeCode"":""C"",""freqCode"":""A"",""refPeriodId"":20210101,""refYear"":2021,""refMonth"":52,""period"":""2021"",""reporterCode"":704,""reporterISO"":""VNM"",""reporterDesc"":""Viet Nam"",""flowCode"":""X"",""flowDesc"":""Export"",""partnerCode"":218,""partnerISO"":""ECU"",""partnerDesc"":""Ecuador"",""partner2Code"":0,""partner2ISO"":""W00"",""partner2Desc"":""World"",""classificationCode"":""H5"",""classificationSearchCode"":""HS"",""isOriginalClassification"":true,""cmdCode"":""090111"",""cmdDesc"":""Coffee; not roasted or decaffeinated"",""aggrLevel"":6,""isLeaf"":true,""customsCode"":""C00"",""customsDesc"":""TOTAL CPC"",""mosCode"":""0"",""motCode"":0,""motDesc"":""TOTAL MOT"",""qtyUnitCode"":8,""qtyUnitAbbr"":""kg"",""qty"":4435680,""isQtyEstimated"":false,""altQtyUnitCode"":21,""altQtyUnitAbbr"":""1000 KG"",""altQty"":4435.68,""isAltQtyEstimated"":false,""netWgt"":4435680,""isNetWgtEstimated"":false,""grossWgt"":0,""isGrossWgtEstimated"":false,""cifvalue"":0,""fobvalue"":7414754.2,""primaryValue"":7414754.2,""legacyEstimationFlag"":0,""isReported"":true,""isAggregate"":false}"
,UN Comtrade,https://comtradeapi.un.org/public/v1/preview/C/A/HS?reporterCode=704&flowCode=X&cmdCode=090111&period=2021&includeDesc=true,2026-05-30T19:13:38.772Z,"{""reporters"":[{""endpoint"":""https://comtradeapi.un.org/public/v1/preview/C/A/HS"",""reporterCode"":704,""reporterISO"":""VNM"",""flowCode"":""X"",""cmdCode"":""090111"",""period"":""2020,2021,2022,2023,2024,2025"",""includeDesc"":true},{""endpoint"":""https://comtradeapi.un.org/public/v1/preview/C/A/HS"",""reporterCode"":76,""reporterISO"":""BRA"",""flowCode"":""X"",""cmdCode"":""090111"",""period"":""2020,2021,2022,2023,2024,2025"",""includeDesc"":true},{""endpoint"":""https://comtradeapi.un.org/public/v1/preview/C/A/HS"",""reporterCode"":360,""reporterISO"":""IDN"",""flowCode"":""X"",""cmdCode"":""090111"",""period"":""2020,2021,2022,2023,2024,2025"",""includeDesc"":true}]}",C,A,20210101,2021,704,VNM,Viet Nam,233,EST,Estonia,0,W00,World,X,Export,H5,090111,Coffee; not roasted or decaffeinated,C00,TOTAL CPC,0,TOTAL MOT,8,kg,348092,348092,0,730158.276,true,true,false,"{""typeCode"":""C"",""freqCode"":""A"",""refPeriodId"":20210101,""refYear"":2021,""refMonth"":52,""period"":""2021"",""reporterCode"":704,""reporterISO"":""VNM"",""reporterDesc"":""Viet Nam"",""flowCode"":""X"",""flowDesc"":""Export"",""partnerCode"":233,""partnerISO"":""EST"",""partnerDesc"":""Estonia"",""partner2Code"":0,""partner2ISO"":""W00"",""partner2Desc"":""World"",""classificationCode"":""H5"",""classificationSearchCode"":""HS"",""isOriginalClassification"":true,""cmdCode"":""090111"",""cmdDesc"":""Coffee; not roasted or decaffeinated"",""aggrLevel"":6,""isLeaf"":true,""customsCode"":""C00"",""customsDesc"":""TOTAL CPC"",""mosCode"":""0"",""motCode"":0,""motDesc"":""TOTAL MOT"",""qtyUnitCode"":8,""qtyUnitAbbr"":""kg"",""qty"":348092,""isQtyEstimated"":false,""altQtyUnitCode"":21,""altQtyUnitAbbr"":""1000 KG"",""altQty"":348.092,""isAltQtyEstimated"":false,""netWgt"":348092,""isNetWgtEstimated"":false,""grossWgt"":0,""isGrossWgtEstimated"":false,""cifvalue"":0,""fobvalue"":730158.276,""primaryValue"":730158.276,""legacyEstimationFlag"":0,""isReported"":true,""isAggregate"":false}"
,UN Comtrade,https://comtradeapi.un.org/public/v1/preview/C/A/HS?reporterCode=704&flowCode=X&cmdCode=090111&period=2021&includeDesc=true,2026-05-30T19:13:38.772Z,"{""reporters"":[{""endpoint"":""https://comtradeapi.un.org/public/v1/preview/C/A/HS"",""reporterCode"":704,""reporterISO"":""VNM"",""flowCode"":""X"",""cmdCode"":""090111"",""period"":""2020,2021,2022,2023,2024,2025"",""includeDesc"":true},{""endpoint"":""https://comtradeapi.un.org/public/v1/preview/C/A/HS"",""reporterCode"":76,""reporterISO"":""BRA"",""flowCode"":""X"",""cmdCode"":""090111"",""period"":""2020,2021,2022,2023,2024,2025"",""includeDesc"":true},{""endpoint"":""https://comtradeapi.un.org/public/v1/preview/C/A/HS"",""reporterCode"":360,""reporterISO"":""IDN"",""flowCode"":""X"",""cmdCode"":""090111"",""period"":""2020,2021,2022,2023,2024,2025"",""includeDesc"":true}]}",C,A,20210101,2021,704,VNM,Viet Nam,246,FIN,Finland,0,W00,World,X,Export,H5,090111,Coffee; not roasted or decaffeinated,C00,TOTAL CPC,0,TOTAL MOT,8,kg,1559770,1559770,0,2939519.14,true,true,false,"{""typeCode"":""C"",""freqCode"":""A"",""refPeriodId"":20210101,""refYear"":2021,""refMonth"":52,""period"":""2021"",""reporterCode"":704,""reporterISO"":""VNM"",""reporterDesc"":""Viet Nam"",""flowCode"":""X"",""flowDesc"":""Export"",""partnerCode"":246,""partnerISO"":""FIN"",""partnerDesc"":""Finland"",""partner2Code"":0,""partner2ISO"":""W00"",""partner2Desc"":""World"",""classificationCode"":""H5"",""classificationSearchCode"":""HS"",""isOriginalClassification"":true,""cmdCode"":""090111"",""cmdDesc"":""Coffee; not roasted or decaffeinated"",""aggrLevel"":6,""isLeaf"":true,""customsCode"":""C00"",""customsDesc"":""TOTAL CPC"",""mosCode"":""0"",""motCode"":0,""motDesc"":""TOTAL MOT"",""qtyUnitCode"":8,""qtyUnitAbbr"":""kg"",""qty"":1559770,""isQtyEstimated"":false,""altQtyUnitCode"":21,""altQtyUnitAbbr"":""1000 KG"",""altQty"":1559.77,""isAltQtyEstimated"":false,""netWgt"":1559770,""isNetWgtEstimated"":false,""grossWgt"":0,""isGrossWgtEstimated"":false,""cifvalue"":0,""fobvalue"":2939519.14,""primaryValue"":2939519.14,""legacyEstimationFlag"":0,""isReported"":true,""isAggregate"":false}"
,UN Comtrade,https://comtradeapi.un.org/public/v1/preview/C/A/HS?reporterCode=704&flowCode=X&cmdCode=090111&period=2021&includeDesc=true,2026-05-30T19:13:38.772Z,"{""reporters"":[{""endpoint"":""https://comtradeapi.un.org/public/v1/preview/C/A/HS"",""reporterCode"":704,""reporterISO"":""VNM"",""flowCode"":""X"",""cmdCode"":""090111"",""period"":""2020,2021,2022,2023,2024,2025"",""includeDesc"":true},{""endpoint"":""https://comtradeapi.un.org/public/v1/preview/C/A/HS"",""reporterCode"":76,""reporterISO"":""BRA"",""flowCode"":""X"",""cmdCode"":""090111"",""period"":""2020,2021,2022,2023,2024,2025"",""includeDesc"":true},{""endpoint"":""https://comtradeapi.un.org/public/v1/preview/C/A/HS"",""reporterCode"":360,""reporterISO"":""IDN"",""flowCode"":""X"",""cmdCode"":""090111"",""period"":""2020,2021,2022,2023,2024,2025"",""includeDesc"":true}]}",C,A,20210101,2021,704,VNM,Viet Nam,251,FRA,France,0,W00,World,X,Export,H5,090111,Coffee; not roasted or decaffeinated,C00,TOTAL CPC,0,TOTAL MOT,8,kg,14532536,14532536,0,25154433.307,true,true,false,"{""typeCode"":""C"",""freqCode"":""A"",""refPeriodId"":20210101,""refYear"":2021,""refMonth"":52,""period"":""2021"",""reporterCode"":704,""reporterISO"":""VNM"",""reporterDesc"":""Viet Nam"",""flowCode"":""X"",""flowDesc"":""Export"",""partnerCode"":251,""partnerISO"":""FRA"",""partnerDesc"":""France"",""partner2Code"":0,""partner2ISO"":""W00"",""partner2Desc"":""World"",""classificationCode"":""H5"",""classificationSearchCode"":""HS"",""isOriginalClassification"":true,""cmdCode"":""090111"",""cmdDesc"":""Coffee; not roasted or decaffeinated"",""aggrLevel"":6,""isLeaf"":true,""customsCode"":""C00"",""customsDesc"":""TOTAL CPC"",""mosCode"":""0"",""motCode"":0,""motDesc"":""TOTAL MOT"",""qtyUnitCode"":8,""qtyUnitAbbr"":""kg"",""qty"":14532536,""isQtyEstimated"":false,""altQtyUnitCode"":21,""altQtyUnitAbbr"":""1000 KG"",""altQty"":14532.536,""isAltQtyEstimated"":false,""netWgt"":14532536,""isNetWgtEstimated"":false,""grossWgt"":0,""isGrossWgtEstimated"":false,""cifvalue"":0,""fobvalue"":25154433.307,""primaryValue"":25154433.307,""legacyEstimationFlag"":0,""isReported"":true,""isAggregate"":false}"
,UN Comtrade,https://comtradeapi.un.org/public/v1/preview/C/A/HS?reporterCode=704&flowCode=X&cmdCode=090111&period=2021&includeDesc=true,2026-05-30T19:13:38.772Z,"{""reporters"":[{""endpoint"":""https://comtradeapi.un.org/public/v1/preview/C/A/HS"",""reporterCode"":704,""reporterISO"":""VNM"",""flowCode"":""X"",""cmdCode"":""090111"",""period"":""2020,2021,2022,2023,2024,2025"",""includeDesc"":true},{""endpoint"":""https://comtradeapi.un.org/public/v1/preview/C/A/HS"",""reporterCode"":76,""reporterISO"":""BRA"",""flowCode"":""X"",""cmdCode"":""090111"",""period"":""2020,2021,2022,2023,2024,2025"",""includeDesc"":true},{""endpoint"":""https://comtradeapi.un.org/public/v1/preview/C/A/HS"",""reporterCode"":360,""reporterISO"":""IDN"",""flowCode"":""X"",""cmdCode"":""090111"",""period"":""2020,2021,2022,2023,2024,2025"",""includeDesc"":true}]}",C,A,20210101,2021,704,VNM,Viet Nam,276,DEU,Germany,0,W00,World,X,Export,H5,090111,Coffee; not roasted or decaffeinated,C00,TOTAL CPC,0,TOTAL MOT,8,kg,220846100,220846100,0,394019748.936,true,true,false,"{""typeCode"":""C"",""freqCode"":""A"",""refPeriodId"":20210101,""refYear"":2021,""refMonth"":52,""period"":""2021"",""reporterCode"":704,""reporterISO"":""VNM"",""reporterDesc"":""Viet Nam"",""flowCode"":""X"",""flowDesc"":""Export"",""partnerCode"":276,""partnerISO"":""DEU"",""partnerDesc"":""Germany"",""partner2Code"":0,""partner2ISO"":""W00"",""partner2Desc"":""World"",""classificationCode"":""H5"",""classificationSearchCode"":""HS"",""isOriginalClassification"":true,""cmdCode"":""090111"",""cmdDesc"":""Coffee; not roasted or decaffeinated"",""aggrLevel"":6,""isLeaf"":true,""customsCode"":""C00"",""customsDesc"":""TOTAL CPC"",""mosCode"":""0"",""motCode"":0,""motDesc"":""TOTAL MOT"",""qtyUnitCode"":8,""qtyUnitAbbr"":""kg"",""qty"":220846100,""isQtyEstimated"":false,""altQtyUnitCode"":21,""altQtyUnitAbbr"":""1000 KG"",""altQty"":220846.1,""isAltQtyEstimated"":false,""netWgt"":220846100,""isNetWgtEstimated"":false,""grossWgt"":0,""isGrossWgtEstimated"":false,""cifvalue"":0,""fobvalue"":394019748.936,""primaryValue"":394019748.936,""legacyEstimationFlag"":0,""isReported"":true,""isAggregate"":false}"
,UN Comtrade,https://comtradeapi.un.org/public/v1/preview/C/A/HS?reporterCode=704&flowCode=X&cmdCode=090111&period=2021&includeDesc=true,2026-05-30T19:13:38.772Z,"{""reporters"":[{""endpoint"":""https://comtradeapi.un.org/public/v1/preview/C/A/HS"",""reporterCode"":704,""reporterISO"":""VNM"",""flowCode"":""X"",""cmdCode"":""090111"",""period"":""2020,2021,2022,2023,2024,2025"",""includeDesc"":true},{""endpoint"":""https://comtradeapi.un.org/public/v1/preview/C/A/HS"",""reporterCode"":76,""reporterISO"":""BRA"",""flowCode"":""X"",""cmdCode"":""090111"",""period"":""2020,2021,2022,2023,2024,2025"",""includeDesc"":true},{""endpoint"":""https://comtradeapi.un.org/public/v1/preview/C/A/HS"",""reporterCode"":360,""reporterISO"":""IDN"",""flowCode"":""X"",""cmdCode"":""090111"",""period"":""2020,2021,2022,2023,2024,2025"",""includeDesc"":true}]}",C,A,20210101,2021,704,VNM,Viet Nam,300,GRC,Greece,0,W00,World,X,Export,H5,090111,Coffee; not roasted or decaffeinated,C00,TOTAL CPC,0,TOTAL MOT,8,kg,10027526,10027526,0,17801684.997,true,true,false,"{""typeCode"":""C"",""freqCode"":""A"",""refPeriodId"":20210101,""refYear"":2021,""refMonth"":52,""period"":""2021"",""reporterCode"":704,""reporterISO"":""VNM"",""reporterDesc"":""Viet Nam"",""flowCode"":""X"",""flowDesc"":""Export"",""partnerCode"":300,""partnerISO"":""GRC"",""partnerDesc"":""Greece"",""partner2Code"":0,""partner2ISO"":""W00"",""partner2Desc"":""World"",""classificationCode"":""H5"",""classificationSearchCode"":""HS"",""isOriginalClassification"":true,""cmdCode"":""090111"",""cmdDesc"":""Coffee; not roasted or decaffeinated"",""aggrLevel"":6,""isLeaf"":true,""customsCode"":""C00"",""customsDesc"":""TOTAL CPC"",""mosCode"":""0"",""motCode"":0,""motDesc"":""TOTAL MOT"",""qtyUnitCode"":8,""qtyUnitAbbr"":""kg"",""qty"":10027526,""isQtyEstimated"":false,""altQtyUnitCode"":21,""altQtyUnitAbbr"":""1000 KG"",""altQty"":10027.526,""isAltQtyEstimated"":false,""netWgt"":10027526,""isNetWgtEstimated"":false,""grossWgt"":0,""isGrossWgtEstimated"":false,""cifvalue"":0,""fobvalue"":17801684.997,""primaryValue"":17801684.997,""legacyEstimationFlag"":0,""isReported"":true,""isAggregate"":false}"
,UN Comtrade,https://comtradeapi.un.org/public/v1/preview/C/A/HS?reporterCode=704&flowCode=X&cmdCode=090111&period=2021&includeDesc=true,2026-05-30T19:13:38.772Z,"{""reporters"":[{""endpoint"":""https://comtradeapi.un.org/public/v1/preview/C/A/HS"",""reporterCode"":704,""reporterISO"":""VNM"",""flowCode"":""X"",""cmdCode"":""090111"",""period"":""2020,2021,2022,2023,2024,2025"",""includeDesc"":true},{""endpoint"":""https://comtradeapi.un.org/public/v1/preview/C/A/HS"",""reporterCode"":76,""reporterISO"":""BRA"",""flowCode"":""X"",""cmdCode"":""090111"",""period"":""2020,2021,2022,2023,2024,2025"",""includeDesc"":true},{""endpoint"":""https://comtradeapi.un.org/public/v1/preview/C/A/HS"",""reporterCode"":360,""reporterISO"":""IDN"",""flowCode"":""X"",""cmdCode"":""090111"",""period"":""2020,2021,2022,2023,2024,2025"",""includeDesc"":true}]}",C,A,20210101,2021,704,VNM,Viet Nam,344,HKG,"China, Hong Kong SAR",0,W00,World,X,Export,H5,090111,Coffee; not roasted or decaffeinated,C00,TOTAL CPC,0,TOTAL MOT,8,kg,883472,883472,0,1537015.044,true,true,false,"{""typeCode"":""C"",""freqCode"":""A"",""refPeriodId"":20210101,""refYear"":2021,""refMonth"":52,""period"":""2021"",""reporterCode"":704,""reporterISO"":""VNM"",""reporterDesc"":""Viet Nam"",""flowCode"":""X"",""flowDesc"":""Export"",""partnerCode"":344,""partnerISO"":""HKG"",""partnerDesc"":""China, Hong Kong SAR"",""partner2Code"":0,""partner2ISO"":""W00"",""partner2Desc"":""World"",""classificationCode"":""H5"",""classificationSearchCode"":""HS"",""isOriginalClassification"":true,""cmdCode"":""090111"",""cmdDesc"":""Coffee; not roasted or decaffeinated"",""aggrLevel"":6,""isLeaf"":true,""customsCode"":""C00"",""customsDesc"":""TOTAL CPC"",""mosCode"":""0"",""motCode"":0,""motDesc"":""TOTAL MOT"",""qtyUnitCode"":8,""qtyUnitAbbr"":""kg"",""qty"":883472,""isQtyEstimated"":false,""altQtyUnitCode"":21,""altQtyUnitAbbr"":""1000 KG"",""altQty"":883.472,""isAltQtyEstimated"":false,""netWgt"":883472,""isNetWgtEstimated"":false,""grossWgt"":0,""isGrossWgtEstimated"":false,""cifvalue"":0,""fobvalue"":1537015.044,""primaryValue"":1537015.044,""legacyEstimationFlag"":0,""isReported"":true,""isAggregate"":false}"
,UN Comtrade,https://comtradeapi.un.org/public/v1/preview/C/A/HS?reporterCode=704&flowCode=X&cmdCode=090111&period=2021&includeDesc=true,2026-05-30T19:13:38.772Z,"{""reporters"":[{""endpoint"":""https://comtradeapi.un.org/public/v1/preview/C/A/HS"",""reporterCode"":704,""reporterISO"":""VNM"",""flowCode"":""X"",""cmdCode"":""090111"",""period"":""2020,2021,2022,2023,2024,2025"",""includeDesc"":true},{""endpoint"":""https://comtradeapi.un.org/public/v1/preview/C/A/HS"",""reporterCode"":76,""reporterISO"":""BRA"",""flowCode"":""X"",""cmdCode"":""090111"",""period"":""2020,2021,2022,2023,2024,2025"",""includeDesc"":true},{""endpoint"":""https://comtradeapi.un.org/public/v1/preview/C/A/HS"",""reporterCode"":360,""reporterISO"":""IDN"",""flowCode"":""X"",""cmdCode"":""090111"",""period"":""2020,2021,2022,2023,2024,2025"",""includeDesc"":true}]}",C,A,20210101,2021,704,VNM,Viet Nam,360,IDN,Indonesia,0,W00,World,X,Export,H5,090111,Coffee; not roasted or decaffeinated,C00,TOTAL CPC,0,TOTAL MOT,8,kg,7423428,7423428,0,11670357.995,true,true,false,"{""typeCode"":""C"",""freqCode"":""A"",""refPeriodId"":20210101,""refYear"":2021,""refMonth"":52,""period"":""2021"",""reporterCode"":704,""reporterISO"":""VNM"",""reporterDesc"":""Viet Nam"",""flowCode"":""X"",""flowDesc"":""Export"",""partnerCode"":360,""partnerISO"":""IDN"",""partnerDesc"":""Indonesia"",""partner2Code"":0,""partner2ISO"":""W00"",""partner2Desc"":""World"",""classificationCode"":""H5"",""classificationSearchCode"":""HS"",""isOriginalClassification"":true,""cmdCode"":""090111"",""cmdDesc"":""Coffee; not roasted or decaffeinated"",""aggrLevel"":6,""isLeaf"":true,""customsCode"":""C00"",""customsDesc"":""TOTAL CPC"",""mosCode"":""0"",""motCode"":0,""motDesc"":""TOTAL MOT"",""qtyUnitCode"":8,""qtyUnitAbbr"":""kg"",""qty"":7423428,""isQtyEstimated"":false,""altQtyUnitCode"":21,""altQtyUnitAbbr"":""1000 KG"",""altQty"":7423.428,""isAltQtyEstimated"":false,""netWgt"":7423428,""isNetWgtEstimated"":false,""grossWgt"":0,""isGrossWgtEstimated"":false,""cifvalue"":0,""fobvalue"":11670357.995,""primaryValue"":11670357.995,""legacyEstimationFlag"":0,""isReported"":true,""isAggregate"":false}"
,UN Comtrade,https://comtradeapi.un.org/public/v1/preview/C/A/HS?reporterCode=704&flowCode=X&cmdCode=090111&period=2021&includeDesc=true,2026-05-30T19:13:38.772Z,"{""reporters"":[{""endpoint"":""https://comtradeapi.un.org/public/v1/preview/C/A/HS"",""reporterCode"":704,""reporterISO"":""VNM"",""flowCode"":""X"",""cmdCode"":""090111"",""period"":""2020,2021,2022,2023,2024,2025"",""includeDesc"":true},{""endpoint"":""https://comtradeapi.un.org/public/v1/preview/C/A/HS"",""reporterCode"":76,""reporterISO"":""BRA"",""flowCode"":""X"",""cmdCode"":""090111"",""period"":""2020,2021,2022,2023,2024,2025"",""includeDesc"":true},{""endpoint"":""https://comtradeapi.un.org/public/v1/preview/C/A/HS"",""reporterCode"":360,""reporterISO"":""IDN"",""flowCode"":""X"",""cmdCode"":""090111"",""period"":""2020,2021,2022,2023,2024,2025"",""includeDesc"":true}]}",C,A,20210101,2021,704,VNM,Viet Nam,372,IRL,Ireland,0,W00,World,X,Export,H5,090111,Coffee; not roasted or decaffeinated,C00,TOTAL CPC,0,TOTAL MOT,8,kg,616312,616312,0,1811187.614,true,true,false,"{""typeCode"":""C"",""freqCode"":""A"",""refPeriodId"":20210101,""refYear"":2021,""refMonth"":52,""period"":""2021"",""reporterCode"":704,""reporterISO"":""VNM"",""reporterDesc"":""Viet Nam"",""flowCode"":""X"",""flowDesc"":""Export"",""partnerCode"":372,""partnerISO"":""IRL"",""partnerDesc"":""Ireland"",""partner2Code"":0,""partner2ISO"":""W00"",""partner2Desc"":""World"",""classificationCode"":""H5"",""classificationSearchCode"":""HS"",""isOriginalClassification"":true,""cmdCode"":""090111"",""cmdDesc"":""Coffee; not roasted or decaffeinated"",""aggrLevel"":6,""isLeaf"":true,""customsCode"":""C00"",""customsDesc"":""TOTAL CPC"",""mosCode"":""0"",""motCode"":0,""motDesc"":""TOTAL MOT"",""qtyUnitCode"":8,""qtyUnitAbbr"":""kg"",""qty"":616312,""isQtyEstimated"":false,""altQtyUnitCode"":21,""altQtyUnitAbbr"":""1000 KG"",""altQty"":616.312,""isAltQtyEstimated"":false,""netWgt"":616312,""isNetWgtEstimated"":false,""grossWgt"":0,""isGrossWgtEstimated"":false,""cifvalue"":0,""fobvalue"":1811187.614,""primaryValue"":1811187.614,""legacyEstimationFlag"":0,""isReported"":true,""isAggregate"":false}"
,UN Comtrade,https://comtradeapi.un.org/public/v1/preview/C/A/HS?reporterCode=704&flowCode=X&cmdCode=090111&period=2021&includeDesc=true,2026-05-30T19:13:38.772Z,"{""reporters"":[{""endpoint"":""https://comtradeapi.un.org/public/v1/preview/C/A/HS"",""reporterCode"":704,""reporterISO"":""VNM"",""flowCode"":""X"",""cmdCode"":""090111"",""period"":""2020,2021,2022,2023,2024,2025"",""includeDesc"":true},{""endpoint"":""https://comtradeapi.un.org/public/v1/preview/C/A/HS"",""reporterCode"":76,""reporterISO"":""BRA"",""flowCode"":""X"",""cmdCode"":""090111"",""period"":""2020,2021,2022,2023,2024,2025"",""includeDesc"":true},{""endpoint"":""https://comtradeapi.un.org/public/v1/preview/C/A/HS"",""reporterCode"":360,""reporterISO"":""IDN"",""flowCode"":""X"",""cmdCode"":""090111"",""period"":""2020,2021,2022,2023,2024,2025"",""includeDesc"":true}]}",C,A,20210101,2021,704,VNM,Viet Nam,376,ISR,Israel,0,W00,World,X,Export,H5,090111,Coffee; not roasted or decaffeinated,C00,TOTAL CPC,0,TOTAL MOT,8,kg,5218880,5218880,0,9705342.985,true,true,false,"{""typeCode"":""C"",""freqCode"":""A"",""refPeriodId"":20210101,""refYear"":2021,""refMonth"":52,""period"":""2021"",""reporterCode"":704,""reporterISO"":""VNM"",""reporterDesc"":""Viet Nam"",""flowCode"":""X"",""flowDesc"":""Export"",""partnerCode"":376,""partnerISO"":""ISR"",""partnerDesc"":""Israel"",""partner2Code"":0,""partner2ISO"":""W00"",""partner2Desc"":""World"",""classificationCode"":""H5"",""classificationSearchCode"":""HS"",""isOriginalClassification"":true,""cmdCode"":""090111"",""cmdDesc"":""Coffee; not roasted or decaffeinated"",""aggrLevel"":6,""isLeaf"":true,""customsCode"":""C00"",""customsDesc"":""TOTAL CPC"",""mosCode"":""0"",""motCode"":0,""motDesc"":""TOTAL MOT"",""qtyUnitCode"":8,""qtyUnitAbbr"":""kg"",""qty"":5218880,""isQtyEstimated"":false,""altQtyUnitCode"":21,""altQtyUnitAbbr"":""1000 KG"",""altQty"":5218.88,""isAltQtyEstimated"":false,""netWgt"":5218880,""isNetWgtEstimated"":false,""grossWgt"":0,""isGrossWgtEstimated"":false,""cifvalue"":0,""fobvalue"":9705342.985,""primaryValue"":9705342.985,""legacyEstimationFlag"":0,""isReported"":true,""isAggregate"":false}"
,UN Comtrade,https://comtradeapi.un.org/public/v1/preview/C/A/HS?reporterCode=704&flowCode=X&cmdCode=090111&period=2021&includeDesc=true,2026-05-30T19:13:38.772Z,"{""reporters"":[{""endpoint"":""https://comtradeapi.un.org/public/v1/preview/C/A/HS"",""reporterCode"":704,""reporterISO"":""VNM"",""flowCode"":""X"",""cmdCode"":""090111"",""period"":""2020,2021,2022,2023,2024,2025"",""includeDesc"":true},{""endpoint"":""https://comtradeapi.un.org/public/v1/preview/C/A/HS"",""reporterCode"":76,""reporterISO"":""BRA"",""flowCode"":""X"",""cmdCode"":""090111"",""period"":""2020,2021,2022,2023,2024,2025"",""includeDesc"":true},{""endpoint"":""https://comtradeapi.un.org/public/v1/preview/C/A/HS"",""reporterCode"":360,""reporterISO"":""IDN"",""flowCode"":""X"",""cmdCode"":""090111"",""period"":""2020,2021,2022,2023,2024,2025"",""includeDesc"":true}]}",C,A,20210101,2021,704,VNM,Viet Nam,380,ITA,Italy,0,W00,World,X,Export,H5,090111,Coffee; not roasted or decaffeinated,C00,TOTAL CPC,0,TOTAL MOT,8,kg,127260100,127260100,0,220369535.031,true,true,false,"{""typeCode"":""C"",""freqCode"":""A"",""refPeriodId"":20210101,""refYear"":2021,""refMonth"":52,""period"":""2021"",""reporterCode"":704,""reporterISO"":""VNM"",""reporterDesc"":""Viet Nam"",""flowCode"":""X"",""flowDesc"":""Export"",""partnerCode"":380,""partnerISO"":""ITA"",""partnerDesc"":""Italy"",""partner2Code"":0,""partner2ISO"":""W00"",""partner2Desc"":""World"",""classificationCode"":""H5"",""classificationSearchCode"":""HS"",""isOriginalClassification"":true,""cmdCode"":""090111"",""cmdDesc"":""Coffee; not roasted or decaffeinated"",""aggrLevel"":6,""isLeaf"":true,""customsCode"":""C00"",""customsDesc"":""TOTAL CPC"",""mosCode"":""0"",""motCode"":0,""motDesc"":""TOTAL MOT"",""qtyUnitCode"":8,""qtyUnitAbbr"":""kg"",""qty"":127260100,""isQtyEstimated"":false,""altQtyUnitCode"":21,""altQtyUnitAbbr"":""1000 KG"",""altQty"":127260.1,""isAltQtyEstimated"":false,""netWgt"":127260100,""isNetWgtEstimated"":false,""grossWgt"":0,""isGrossWgtEstimated"":false,""cifvalue"":0,""fobvalue"":220369535.031,""primaryValue"":220369535.031,""legacyEstimationFlag"":0,""isReported"":true,""isAggregate"":false}"
,UN Comtrade,https://comtradeapi.un.org/public/v1/preview/C/A/HS?reporterCode=704&flowCode=X&cmdCode=090111&period=2021&includeDesc=true,2026-05-30T19:13:38.772Z,"{""reporters"":[{""endpoint"":""https://comtradeapi.un.org/public/v1/preview/C/A/HS"",""reporterCode"":704,""reporterISO"":""VNM"",""flowCode"":""X"",""cmdCode"":""090111"",""period"":""2020,2021,2022,2023,2024,2025"",""includeDesc"":true},{""endpoint"":""https://comtradeapi.un.org/public/v1/preview/C/A/HS"",""reporterCode"":76,""reporterISO"":""BRA"",""flowCode"":""X"",""cmdCode"":""090111"",""period"":""2020,2021,2022,2023,2024,2025"",""includeDesc"":true},{""endpoint"":""https://comtradeapi.un.org/public/v1/preview/C/A/HS"",""reporterCode"":360,""reporterISO"":""IDN"",""flowCode"":""X"",""cmdCode"":""090111"",""period"":""2020,2021,2022,2023,2024,2025"",""includeDesc"":true}]}",C,A,20210101,2021,704,VNM,Viet Nam,392,JPN,Japan,0,W00,World,X,Export,H5,090111,Coffee; not roasted or decaffeinated,C00,TOTAL CPC,0,TOTAL MOT,8,kg,103053380,103053380,0,185051441.51,true,true,false,"{""typeCode"":""C"",""freqCode"":""A"",""refPeriodId"":20210101,""refYear"":2021,""refMonth"":52,""period"":""2021"",""reporterCode"":704,""reporterISO"":""VNM"",""reporterDesc"":""Viet Nam"",""flowCode"":""X"",""flowDesc"":""Export"",""partnerCode"":392,""partnerISO"":""JPN"",""partnerDesc"":""Japan"",""partner2Code"":0,""partner2ISO"":""W00"",""partner2Desc"":""World"",""classificationCode"":""H5"",""classificationSearchCode"":""HS"",""isOriginalClassification"":true,""cmdCode"":""090111"",""cmdDesc"":""Coffee; not roasted or decaffeinated"",""aggrLevel"":6,""isLeaf"":true,""customsCode"":""C00"",""customsDesc"":""TOTAL CPC"",""mosCode"":""0"",""motCode"":0,""motDesc"":""TOTAL MOT"",""qtyUnitCode"":8,""qtyUnitAbbr"":""kg"",""qty"":103053380,""isQtyEstimated"":false,""altQtyUnitCode"":21,""altQtyUnitAbbr"":""1000 KG"",""altQty"":103053.38,""isAltQtyEstimated"":false,""netWgt"":103053380,""isNetWgtEstimated"":false,""grossWgt"":0,""isGrossWgtEstimated"":false,""cifvalue"":0,""fobvalue"":185051441.51,""primaryValue"":185051441.51,""legacyEstimationFlag"":0,""isReported"":true,""isAggregate"":false}"
,UN Comtrade,https://comtradeapi.un.org/public/v1/preview/C/A/HS?reporterCode=704&flowCode=X&cmdCode=090111&period=2021&includeDesc=true,2026-05-30T19:13:38.772Z,"{""reporters"":[{""endpoint"":""https://comtradeapi.un.org/public/v1/preview/C/A/HS"",""reporterCode"":704,""reporterISO"":""VNM"",""flowCode"":""X"",""cmdCode"":""090111"",""period"":""2020,2021,2022,2023,2024,2025"",""includeDesc"":true},{""endpoint"":""https://comtradeapi.un.org/public/v1/preview/C/A/HS"",""reporterCode"":76,""reporterISO"":""BRA"",""flowCode"":""X"",""cmdCode"":""090111"",""period"":""2020,2021,2022,2023,2024,2025"",""includeDesc"":true},{""endpoint"":""https://comtradeapi.un.org/public/v1/preview/C/A/HS"",""reporterCode"":360,""reporterISO"":""IDN"",""flowCode"":""X"",""cmdCode"":""090111"",""period"":""2020,2021,2022,2023,2024,2025"",""includeDesc"":true}]}",C,A,20210101,2021,704,VNM,Viet Nam,410,KOR,Rep. of Korea,0,W00,World,X,Export,H5,090111,Coffee; not roasted or decaffeinated,C00,TOTAL CPC,0,TOTAL MOT,8,kg,30188030,30188030,0,56521105.67,true,true,false,"{""typeCode"":""C"",""freqCode"":""A"",""refPeriodId"":20210101,""refYear"":2021,""refMonth"":52,""period"":""2021"",""reporterCode"":704,""reporterISO"":""VNM"",""reporterDesc"":""Viet Nam"",""flowCode"":""X"",""flowDesc"":""Export"",""partnerCode"":410,""partnerISO"":""KOR"",""partnerDesc"":""Rep. of Korea"",""partner2Code"":0,""partner2ISO"":""W00"",""partner2Desc"":""World"",""classificationCode"":""H5"",""classificationSearchCode"":""HS"",""isOriginalClassification"":true,""cmdCode"":""090111"",""cmdDesc"":""Coffee; not roasted or decaffeinated"",""aggrLevel"":6,""isLeaf"":true,""customsCode"":""C00"",""customsDesc"":""TOTAL CPC"",""mosCode"":""0"",""motCode"":0,""motDesc"":""TOTAL MOT"",""qtyUnitCode"":8,""qtyUnitAbbr"":""kg"",""qty"":30188030,""isQtyEstimated"":false,""altQtyUnitCode"":21,""altQtyUnitAbbr"":""1000 KG"",""altQty"":30188.03,""isAltQtyEstimated"":false,""netWgt"":30188030,""isNetWgtEstimated"":false,""grossWgt"":0,""isGrossWgtEstimated"":false,""cifvalue"":0,""fobvalue"":56521105.67,""primaryValue"":56521105.67,""legacyEstimationFlag"":0,""isReported"":true,""isAggregate"":false}"
,UN Comtrade,https://comtradeapi.un.org/public/v1/preview/C/A/HS?reporterCode=704&flowCode=X&cmdCode=090111&period=2021&includeDesc=true,2026-05-30T19:13:38.772Z,"{""reporters"":[{""endpoint"":""https://comtradeapi.un.org/public/v1/preview/C/A/HS"",""reporterCode"":704,""reporterISO"":""VNM"",""flowCode"":""X"",""cmdCode"":""090111"",""period"":""2020,2021,2022,2023,2024,2025"",""includeDesc"":true},{""endpoint"":""https://comtradeapi.un.org/public/v1/preview/C/A/HS"",""reporterCode"":76,""reporterISO"":""BRA"",""flowCode"":""X"",""cmdCode"":""090111"",""period"":""2020,2021,2022,2023,2024,2025"",""includeDesc"":true},{""endpoint"":""https://comtradeapi.un.org/public/v1/preview/C/A/HS"",""reporterCode"":360,""reporterISO"":""IDN"",""flowCode"":""X"",""cmdCode"":""090111"",""period"":""2020,2021,2022,2023,2024,2025"",""includeDesc"":true}]}",C,A,20210101,2021,704,VNM,Viet Nam,414,KWT,Kuwait,0,W00,World,X,Export,H5,090111,Coffee; not roasted or decaffeinated,C00,TOTAL CPC,0,TOTAL MOT,8,kg,368680,368680,0,717430,true,true,false,"{""typeCode"":""C"",""freqCode"":""A"",""refPeriodId"":20210101,""refYear"":2021,""refMonth"":52,""period"":""2021"",""reporterCode"":704,""reporterISO"":""VNM"",""reporterDesc"":""Viet Nam"",""flowCode"":""X"",""flowDesc"":""Export"",""partnerCode"":414,""partnerISO"":""KWT"",""partnerDesc"":""Kuwait"",""partner2Code"":0,""partner2ISO"":""W00"",""partner2Desc"":""World"",""classificationCode"":""H5"",""classificationSearchCode"":""HS"",""isOriginalClassification"":true,""cmdCode"":""090111"",""cmdDesc"":""Coffee; not roasted or decaffeinated"",""aggrLevel"":6,""isLeaf"":true,""customsCode"":""C00"",""customsDesc"":""TOTAL CPC"",""mosCode"":""0"",""motCode"":0,""motDesc"":""TOTAL MOT"",""qtyUnitCode"":8,""qtyUnitAbbr"":""kg"",""qty"":368680,""isQtyEstimated"":false,""altQtyUnitCode"":21,""altQtyUnitAbbr"":""1000 KG"",""altQty"":368.68,""isAltQtyEstimated"":false,""netWgt"":368680,""isNetWgtEstimated"":false,""grossWgt"":0,""isGrossWgtEstimated"":false,""cifvalue"":0,""fobvalue"":717430,""primaryValue"":717430,""legacyEstimationFlag"":0,""isReported"":true,""isAggregate"":false}"
,UN Comtrade,https://comtradeapi.un.org/public/v1/preview/C/A/HS?reporterCode=704&flowCode=X&cmdCode=090111&period=2021&includeDesc=true,2026-05-30T19:13:38.772Z,"{""reporters"":[{""endpoint"":""https://comtradeapi.un.org/public/v1/preview/C/A/HS"",""reporterCode"":704,""reporterISO"":""VNM"",""flowCode"":""X"",""cmdCode"":""090111"",""period"":""2020,2021,2022,2023,2024,2025"",""includeDesc"":true},{""endpoint"":""https://comtradeapi.un.org/public/v1/preview/C/A/HS"",""reporterCode"":76,""reporterISO"":""BRA"",""flowCode"":""X"",""cmdCode"":""090111"",""period"":""2020,2021,2022,2023,2024,2025"",""includeDesc"":true},{""endpoint"":""https://comtradeapi.un.org/public/v1/preview/C/A/HS"",""reporterCode"":360,""reporterISO"":""IDN"",""flowCode"":""X"",""cmdCode"":""090111"",""period"":""2020,2021,2022,2023,2024,2025"",""includeDesc"":true}]}",C,A,20210101,2021,704,VNM,Viet Nam,428,LVA,Latvia,0,W00,World,X,Export,H5,090111,Coffee; not roasted or decaffeinated,C00,TOTAL CPC,0,TOTAL MOT,8,kg,117600,117600,0,201525.6,true,true,false,"{""typeCode"":""C"",""freqCode"":""A"",""refPeriodId"":20210101,""refYear"":2021,""refMonth"":52,""period"":""2021"",""reporterCode"":704,""reporterISO"":""VNM"",""reporterDesc"":""Viet Nam"",""flowCode"":""X"",""flowDesc"":""Export"",""partnerCode"":428,""partnerISO"":""LVA"",""partnerDesc"":""Latvia"",""partner2Code"":0,""partner2ISO"":""W00"",""partner2Desc"":""World"",""classificationCode"":""H5"",""classificationSearchCode"":""HS"",""isOriginalClassification"":true,""cmdCode"":""090111"",""cmdDesc"":""Coffee; not roasted or decaffeinated"",""aggrLevel"":6,""isLeaf"":true,""customsCode"":""C00"",""customsDesc"":""TOTAL CPC"",""mosCode"":""0"",""motCode"":0,""motDesc"":""TOTAL MOT"",""qtyUnitCode"":8,""qtyUnitAbbr"":""kg"",""qty"":117600,""isQtyEstimated"":false,""altQtyUnitCode"":21,""altQtyUnitAbbr"":""1000 KG"",""altQty"":117.6,""isAltQtyEstimated"":false,""netWgt"":117600,""isNetWgtEstimated"":false,""grossWgt"":0,""isGrossWgtEstimated"":false,""cifvalue"":0,""fobvalue"":201525.6,""primaryValue"":201525.6,""legacyEstimationFlag"":0,""isReported"":true,""isAggregate"":false}"
,UN Comtrade,https://comtradeapi.un.org/public/v1/preview/C/A/HS?reporterCode=704&flowCode=X&cmdCode=090111&period=2021&includeDesc=true,2026-05-30T19:13:38.772Z,"{""reporters"":[{""endpoint"":""https://comtradeapi.un.org/public/v1/preview/C/A/HS"",""reporterCode"":704,""reporterISO"":""VNM"",""flowCode"":""X"",""cmdCode"":""090111"",""period"":""2020,2021,2022,2023,2024,2025"",""includeDesc"":true},{""endpoint"":""https://comtradeapi.un.org/public/v1/preview/C/A/HS"",""reporterCode"":76,""reporterISO"":""BRA"",""flowCode"":""X"",""cmdCode"":""090111"",""period"":""2020,2021,2022,2023,2024,2025"",""includeDesc"":true},{""endpoint"":""https://comtradeapi.un.org/public/v1/preview/C/A/HS"",""reporterCode"":360,""reporterISO"":""IDN"",""flowCode"":""X"",""cmdCode"":""090111"",""period"":""2020,2021,2022,2023,2024,2025"",""includeDesc"":true}]}",C,A,20210101,2021,704,VNM,Viet Nam,440,LTU,Lithuania,0,W00,World,X,Export,H5,090111,Coffee; not roasted or decaffeinated,C00,TOTAL CPC,0,TOTAL MOT,8,kg,447746,447746,0,821187.78,true,true,false,"{""typeCode"":""C"",""freqCode"":""A"",""refPeriodId"":20210101,""refYear"":2021,""refMonth"":52,""period"":""2021"",""reporterCode"":704,""reporterISO"":""VNM"",""reporterDesc"":""Viet Nam"",""flowCode"":""X"",""flowDesc"":""Export"",""partnerCode"":440,""partnerISO"":""LTU"",""partnerDesc"":""Lithuania"",""partner2Code"":0,""partner2ISO"":""W00"",""partner2Desc"":""World"",""classificationCode"":""H5"",""classificationSearchCode"":""HS"",""isOriginalClassification"":true,""cmdCode"":""090111"",""cmdDesc"":""Coffee; not roasted or decaffeinated"",""aggrLevel"":6,""isLeaf"":true,""customsCode"":""C00"",""customsDesc"":""TOTAL CPC"",""mosCode"":""0"",""motCode"":0,""motDesc"":""TOTAL MOT"",""qtyUnitCode"":8,""qtyUnitAbbr"":""kg"",""qty"":447746,""isQtyEstimated"":false,""altQtyUnitCode"":21,""altQtyUnitAbbr"":""1000 KG"",""altQty"":447.746,""isAltQtyEstimated"":false,""netWgt"":447746,""isNetWgtEstimated"":false,""grossWgt"":0,""isGrossWgtEstimated"":false,""cifvalue"":0,""fobvalue"":821187.78,""primaryValue"":821187.78,""legacyEstimationFlag"":0,""isReported"":true,""isAggregate"":false}"
,UN Comtrade,https://comtradeapi.un.org/public/v1/preview/C/A/HS?reporterCode=704&flowCode=X&cmdCode=090111&period=2021&includeDesc=true,2026-05-30T19:13:38.772Z,"{""reporters"":[{""endpoint"":""https://comtradeapi.un.org/public/v1/preview/C/A/HS"",""reporterCode"":704,""reporterISO"":""VNM"",""flowCode"":""X"",""cmdCode"":""090111"",""period"":""2020,2021,2022,2023,2024,2025"",""includeDesc"":true},{""endpoint"":""https://comtradeapi.un.org/public/v1/preview/C/A/HS"",""reporterCode"":76,""reporterISO"":""BRA"",""flowCode"":""X"",""cmdCode"":""090111"",""period"":""2020,2021,2022,2023,2024,2025"",""includeDesc"":true},{""endpoint"":""https://comtradeapi.un.org/public/v1/preview/C/A/HS"",""reporterCode"":360,""reporterISO"":""IDN"",""flowCode"":""X"",""cmdCode"":""090111"",""period"":""2020,2021,2022,2023,2024,2025"",""includeDesc"":true}]}",C,A,20210101,2021,704,VNM,Viet Nam,458,MYS,Malaysia,0,W00,World,X,Export,H5,090111,Coffee; not roasted or decaffeinated,C00,TOTAL CPC,0,TOTAL MOT,8,kg,32928270,32928270,0,56407223.267,true,true,false,"{""typeCode"":""C"",""freqCode"":""A"",""refPeriodId"":20210101,""refYear"":2021,""refMonth"":52,""period"":""2021"",""reporterCode"":704,""reporterISO"":""VNM"",""reporterDesc"":""Viet Nam"",""flowCode"":""X"",""flowDesc"":""Export"",""partnerCode"":458,""partnerISO"":""MYS"",""partnerDesc"":""Malaysia"",""partner2Code"":0,""partner2ISO"":""W00"",""partner2Desc"":""World"",""classificationCode"":""H5"",""classificationSearchCode"":""HS"",""isOriginalClassification"":true,""cmdCode"":""090111"",""cmdDesc"":""Coffee; not roasted or decaffeinated"",""aggrLevel"":6,""isLeaf"":true,""customsCode"":""C00"",""customsDesc"":""TOTAL CPC"",""mosCode"":""0"",""motCode"":0,""motDesc"":""TOTAL MOT"",""qtyUnitCode"":8,""qtyUnitAbbr"":""kg"",""qty"":32928270,""isQtyEstimated"":false,""altQtyUnitCode"":21,""altQtyUnitAbbr"":""1000 KG"",""altQty"":32928.27,""isAltQtyEstimated"":false,""netWgt"":32928270,""isNetWgtEstimated"":false,""grossWgt"":0,""isGrossWgtEstimated"":false,""cifvalue"":0,""fobvalue"":56407223.267,""primaryValue"":56407223.267,""legacyEstimationFlag"":0,""isReported"":true,""isAggregate"":false}"
,UN Comtrade,https://comtradeapi.un.org/public/v1/preview/C/A/HS?reporterCode=704&flowCode=X&cmdCode=090111&period=2021&includeDesc=true,2026-05-30T19:13:38.772Z,"{""reporters"":[{""endpoint"":""https://comtradeapi.un.org/public/v1/preview/C/A/HS"",""reporterCode"":704,""reporterISO"":""VNM"",""flowCode"":""X"",""cmdCode"":""090111"",""period"":""2020,2021,2022,2023,2024,2025"",""includeDesc"":true},{""endpoint"":""https://comtradeapi.un.org/public/v1/preview/C/A/HS"",""reporterCode"":76,""reporterISO"":""BRA"",""flowCode"":""X"",""cmdCode"":""090111"",""period"":""2020,2021,2022,2023,2024,2025"",""includeDesc"":true},{""endpoint"":""https://comtradeapi.un.org/public/v1/preview/C/A/HS"",""reporterCode"":360,""reporterISO"":""IDN"",""flowCode"":""X"",""cmdCode"":""090111"",""period"":""2020,2021,2022,2023,2024,2025"",""includeDesc"":true}]}",C,A,20210101,2021,704,VNM,Viet Nam,470,MLT,Malta,0,W00,World,X,Export,H5,090111,Coffee; not roasted or decaffeinated,C00,TOTAL CPC,0,TOTAL MOT,8,kg,19200,19200,0,32198.4,true,true,false,"{""typeCode"":""C"",""freqCode"":""A"",""refPeriodId"":20210101,""refYear"":2021,""refMonth"":52,""period"":""2021"",""reporterCode"":704,""reporterISO"":""VNM"",""reporterDesc"":""Viet Nam"",""flowCode"":""X"",""flowDesc"":""Export"",""partnerCode"":470,""partnerISO"":""MLT"",""partnerDesc"":""Malta"",""partner2Code"":0,""partner2ISO"":""W00"",""partner2Desc"":""World"",""classificationCode"":""H5"",""classificationSearchCode"":""HS"",""isOriginalClassification"":true,""cmdCode"":""090111"",""cmdDesc"":""Coffee; not roasted or decaffeinated"",""aggrLevel"":6,""isLeaf"":true,""customsCode"":""C00"",""customsDesc"":""TOTAL CPC"",""mosCode"":""0"",""motCode"":0,""motDesc"":""TOTAL MOT"",""qtyUnitCode"":8,""qtyUnitAbbr"":""kg"",""qty"":19200,""isQtyEstimated"":false,""altQtyUnitCode"":21,""altQtyUnitAbbr"":""1000 KG"",""altQty"":19.2,""isAltQtyEstimated"":false,""netWgt"":19200,""isNetWgtEstimated"":false,""grossWgt"":0,""isGrossWgtEstimated"":false,""cifvalue"":0,""fobvalue"":32198.4,""primaryValue"":32198.4,""legacyEstimationFlag"":0,""isReported"":true,""isAggregate"":false}"
,UN Comtrade,https://comtradeapi.un.org/public/v1/preview/C/A/HS?reporterCode=704&flowCode=X&cmdCode=090111&period=2021&includeDesc=true,2026-05-30T19:13:38.772Z,"{""reporters"":[{""endpoint"":""https://comtradeapi.un.org/public/v1/preview/C/A/HS"",""reporterCode"":704,""reporterISO"":""VNM"",""flowCode"":""X"",""cmdCode"":""090111"",""period"":""2020,2021,2022,2023,2024,2025"",""includeDesc"":true},{""endpoint"":""https://comtradeapi.un.org/public/v1/preview/C/A/HS"",""reporterCode"":76,""reporterISO"":""BRA"",""flowCode"":""X"",""cmdCode"":""090111"",""period"":""2020,2021,2022,2023,2024,2025"",""includeDesc"":true},{""endpoint"":""https://comtradeapi.un.org/public/v1/preview/C/A/HS"",""reporterCode"":360,""reporterISO"":""IDN"",""flowCode"":""X"",""cmdCode"":""090111"",""period"":""2020,2021,2022,2023,2024,2025"",""includeDesc"":true}]}",C,A,20210101,2021,704,VNM,Viet Nam,484,MEX,Mexico,0,W00,World,X,Export,H5,090111,Coffee; not roasted or decaffeinated,C00,TOTAL CPC,0,TOTAL MOT,8,kg,1658296,1658296,0,3232653.27,true,true,false,"{""typeCode"":""C"",""freqCode"":""A"",""refPeriodId"":20210101,""refYear"":2021,""refMonth"":52,""period"":""2021"",""reporterCode"":704,""reporterISO"":""VNM"",""reporterDesc"":""Viet Nam"",""flowCode"":""X"",""flowDesc"":""Export"",""partnerCode"":484,""partnerISO"":""MEX"",""partnerDesc"":""Mexico"",""partner2Code"":0,""partner2ISO"":""W00"",""partner2Desc"":""World"",""classificationCode"":""H5"",""classificationSearchCode"":""HS"",""isOriginalClassification"":true,""cmdCode"":""090111"",""cmdDesc"":""Coffee; not roasted or decaffeinated"",""aggrLevel"":6,""isLeaf"":true,""customsCode"":""C00"",""customsDesc"":""TOTAL CPC"",""mosCode"":""0"",""motCode"":0,""motDesc"":""TOTAL MOT"",""qtyUnitCode"":8,""qtyUnitAbbr"":""kg"",""qty"":1658296,""isQtyEstimated"":false,""altQtyUnitCode"":21,""altQtyUnitAbbr"":""1000 KG"",""altQty"":1658.296,""isAltQtyEstimated"":false,""netWgt"":1658296,""isNetWgtEstimated"":false,""grossWgt"":0,""isGrossWgtEstimated"":false,""cifvalue"":0,""fobvalue"":3232653.27,""primaryValue"":3232653.27,""legacyEstimationFlag"":0,""isReported"":true,""isAggregate"":false}"
,UN Comtrade,https://comtradeapi.un.org/public/v1/preview/C/A/HS?reporterCode=704&flowCode=X&cmdCode=090111&period=2021&includeDesc=true,2026-05-30T19:13:38.772Z,"{""reporters"":[{""endpoint"":""https://comtradeapi.un.org/public/v1/preview/C/A/HS"",""reporterCode"":704,""reporterISO"":""VNM"",""flowCode"":""X"",""cmdCode"":""090111"",""period"":""2020,2021,2022,2023,2024,2025"",""includeDesc"":true},{""endpoint"":""https://comtradeapi.un.org/public/v1/preview/C/A/HS"",""reporterCode"":76,""reporterISO"":""BRA"",""flowCode"":""X"",""cmdCode"":""090111"",""period"":""2020,2021,2022,2023,2024,2025"",""includeDesc"":true},{""endpoint"":""https://comtradeapi.un.org/public/v1/preview/C/A/HS"",""reporterCode"":360,""reporterISO"":""IDN"",""flowCode"":""X"",""cmdCode"":""090111"",""period"":""2020,2021,2022,2023,2024,2025"",""includeDesc"":true}]}",C,A,20210101,2021,704,VNM,Viet Nam,490,S19,"Other Asia, nes",0,W00,World,X,Export,H5,090111,Coffee; not roasted or decaffeinated,C00,TOTAL CPC,0,TOTAL MOT,8,kg,1049580,1049580,0,2436149.816,true,true,false,"{""typeCode"":""C"",""freqCode"":""A"",""refPeriodId"":20210101,""refYear"":2021,""refMonth"":52,""period"":""2021"",""reporterCode"":704,""reporterISO"":""VNM"",""reporterDesc"":""Viet Nam"",""flowCode"":""X"",""flowDesc"":""Export"",""partnerCode"":490,""partnerISO"":""S19"",""partnerDesc"":""Other Asia, nes"",""partner2Code"":0,""partner2ISO"":""W00"",""partner2Desc"":""World"",""classificationCode"":""H5"",""classificationSearchCode"":""HS"",""isOriginalClassification"":true,""cmdCode"":""090111"",""cmdDesc"":""Coffee; not roasted or decaffeinated"",""aggrLevel"":6,""isLeaf"":true,""customsCode"":""C00"",""customsDesc"":""TOTAL CPC"",""mosCode"":""0"",""motCode"":0,""motDesc"":""TOTAL MOT"",""qtyUnitCode"":8,""qtyUnitAbbr"":""kg"",""qty"":1049580,""isQtyEstimated"":false,""altQtyUnitCode"":21,""altQtyUnitAbbr"":""1000 KG"",""altQty"":1049.58,""isAltQtyEstimated"":false,""netWgt"":1049580,""isNetWgtEstimated"":false,""grossWgt"":0,""isGrossWgtEstimated"":false,""cifvalue"":0,""fobvalue"":2436149.816,""primaryValue"":2436149.816,""legacyEstimationFlag"":0,""isReported"":true,""isAggregate"":false}"
,UN Comtrade,https://comtradeapi.un.org/public/v1/preview/C/A/HS?reporterCode=704&flowCode=X&cmdCode=090111&period=2021&includeDesc=true,2026-05-30T19:13:38.772Z,"{""reporters"":[{""endpoint"":""https://comtradeapi.un.org/public/v1/preview/C/A/HS"",""reporterCode"":704,""reporterISO"":""VNM"",""flowCode"":""X"",""cmdCode"":""090111"",""period"":""2020,2021,2022,2023,2024,2025"",""includeDesc"":true},{""endpoint"":""https://comtradeapi.un.org/public/v1/preview/C/A/HS"",""reporterCode"":76,""reporterISO"":""BRA"",""flowCode"":""X"",""cmdCode"":""090111"",""period"":""2020,2021,2022,2023,2024,2025"",""includeDesc"":true},{""endpoint"":""https://comtradeapi.un.org/public/v1/preview/C/A/HS"",""reporterCode"":360,""reporterISO"":""IDN"",""flowCode"":""X"",""cmdCode"":""090111"",""period"":""2020,2021,2022,2023,2024,2025"",""includeDesc"":true}]}",C,A,20210101,2021,704,VNM,Viet Nam,504,MAR,Morocco,0,W00,World,X,Export,H5,090111,Coffee; not roasted or decaffeinated,C00,TOTAL CPC,0,TOTAL MOT,8,kg,4195134,4195134,0,7029853.841,true,true,false,"{""typeCode"":""C"",""freqCode"":""A"",""refPeriodId"":20210101,""refYear"":2021,""refMonth"":52,""period"":""2021"",""reporterCode"":704,""reporterISO"":""VNM"",""reporterDesc"":""Viet Nam"",""flowCode"":""X"",""flowDesc"":""Export"",""partnerCode"":504,""partnerISO"":""MAR"",""partnerDesc"":""Morocco"",""partner2Code"":0,""partner2ISO"":""W00"",""partner2Desc"":""World"",""classificationCode"":""H5"",""classificationSearchCode"":""HS"",""isOriginalClassification"":true,""cmdCode"":""090111"",""cmdDesc"":""Coffee; not roasted or decaffeinated"",""aggrLevel"":6,""isLeaf"":true,""customsCode"":""C00"",""customsDesc"":""TOTAL CPC"",""mosCode"":""0"",""motCode"":0,""motDesc"":""TOTAL MOT"",""qtyUnitCode"":8,""qtyUnitAbbr"":""kg"",""qty"":4195134,""isQtyEstimated"":false,""altQtyUnitCode"":21,""altQtyUnitAbbr"":""1000 KG"",""altQty"":4195.134,""isAltQtyEstimated"":false,""netWgt"":4195134,""isNetWgtEstimated"":false,""grossWgt"":0,""isGrossWgtEstimated"":false,""cifvalue"":0,""fobvalue"":7029853.841,""primaryValue"":7029853.841,""legacyEstimationFlag"":0,""isReported"":true,""isAggregate"":false}"
,UN Comtrade,https://comtradeapi.un.org/public/v1/preview/C/A/HS?reporterCode=704&flowCode=X&cmdCode=090111&period=2021&includeDesc=true,2026-05-30T19:13:38.772Z,"{""reporters"":[{""endpoint"":""https://comtradeapi.un.org/public/v1/preview/C/A/HS"",""reporterCode"":704,""reporterISO"":""VNM"",""flowCode"":""X"",""cmdCode"":""090111"",""period"":""2020,2021,2022,2023,2024,2025"",""includeDesc"":true},{""endpoint"":""https://comtradeapi.un.org/public/v1/preview/C/A/HS"",""reporterCode"":76,""reporterISO"":""BRA"",""flowCode"":""X"",""cmdCode"":""090111"",""period"":""2020,2021,2022,2023,2024,2025"",""includeDesc"":true},{""endpoint"":""https://comtradeapi.un.org/public/v1/preview/C/A/HS"",""reporterCode"":360,""reporterISO"":""IDN"",""flowCode"":""X"",""cmdCode"":""090111"",""period"":""2020,2021,2022,2023,2024,2025"",""includeDesc"":true}]}",C,A,20210101,2021,704,VNM,Viet Nam,528,NLD,Netherlands,0,W00,World,X,Export,H5,090111,Coffee; not roasted or decaffeinated,C00,TOTAL CPC,0,TOTAL MOT,8,kg,10687284,10687284,0,20800661.365,true,true,false,"{""typeCode"":""C"",""freqCode"":""A"",""refPeriodId"":20210101,""refYear"":2021,""refMonth"":52,""period"":""2021"",""reporterCode"":704,""reporterISO"":""VNM"",""reporterDesc"":""Viet Nam"",""flowCode"":""X"",""flowDesc"":""Export"",""partnerCode"":528,""partnerISO"":""NLD"",""partnerDesc"":""Netherlands"",""partner2Code"":0,""partner2ISO"":""W00"",""partner2Desc"":""World"",""classificationCode"":""H5"",""classificationSearchCode"":""HS"",""isOriginalClassification"":true,""cmdCode"":""090111"",""cmdDesc"":""Coffee; not roasted or decaffeinated"",""aggrLevel"":6,""isLeaf"":true,""customsCode"":""C00"",""customsDesc"":""TOTAL CPC"",""mosCode"":""0"",""motCode"":0,""motDesc"":""TOTAL MOT"",""qtyUnitCode"":8,""qtyUnitAbbr"":""kg"",""qty"":10687284,""isQtyEstimated"":false,""altQtyUnitCode"":21,""altQtyUnitAbbr"":""1000 KG"",""altQty"":10687.284,""isAltQtyEstimated"":false,""netWgt"":10687284,""isNetWgtEstimated"":false,""grossWgt"":0,""isGrossWgtEstimated"":false,""cifvalue"":0,""fobvalue"":20800661.365,""primaryValue"":20800661.365,""legacyEstimationFlag"":0,""isReported"":true,""isAggregate"":false}"
,UN Comtrade,https://comtradeapi.un.org/public/v1/preview/C/A/HS?reporterCode=704&flowCode=X&cmdCode=090111&period=2021&includeDesc=true,2026-05-30T19:13:38.772Z,"{""reporters"":[{""endpoint"":""https://comtradeapi.un.org/public/v1/preview/C/A/HS"",""reporterCode"":704,""reporterISO"":""VNM"",""flowCode"":""X"",""cmdCode"":""090111"",""period"":""2020,2021,2022,2023,2024,2025"",""includeDesc"":true},{""endpoint"":""https://comtradeapi.un.org/public/v1/preview/C/A/HS"",""reporterCode"":76,""reporterISO"":""BRA"",""flowCode"":""X"",""cmdCode"":""090111"",""period"":""2020,2021,2022,2023,2024,2025"",""includeDesc"":true},{""endpoint"":""https://comtradeapi.un.org/public/v1/preview/C/A/HS"",""reporterCode"":360,""reporterISO"":""IDN"",""flowCode"":""X"",""cmdCode"":""090111"",""period"":""2020,2021,2022,2023,2024,2025"",""includeDesc"":true}]}",C,A,20210101,2021,704,VNM,Viet Nam,554,NZL,New Zealand,0,W00,World,X,Export,H5,090111,Coffee; not roasted or decaffeinated,C00,TOTAL CPC,0,TOTAL MOT,8,kg,786230,786230,0,1306914.5,true,true,false,"{""typeCode"":""C"",""freqCode"":""A"",""refPeriodId"":20210101,""refYear"":2021,""refMonth"":52,""period"":""2021"",""reporterCode"":704,""reporterISO"":""VNM"",""reporterDesc"":""Viet Nam"",""flowCode"":""X"",""flowDesc"":""Export"",""partnerCode"":554,""partnerISO"":""NZL"",""partnerDesc"":""New Zealand"",""partner2Code"":0,""partner2ISO"":""W00"",""partner2Desc"":""World"",""classificationCode"":""H5"",""classificationSearchCode"":""HS"",""isOriginalClassification"":true,""cmdCode"":""090111"",""cmdDesc"":""Coffee; not roasted or decaffeinated"",""aggrLevel"":6,""isLeaf"":true,""customsCode"":""C00"",""customsDesc"":""TOTAL CPC"",""mosCode"":""0"",""motCode"":0,""motDesc"":""TOTAL MOT"",""qtyUnitCode"":8,""qtyUnitAbbr"":""kg"",""qty"":786230,""isQtyEstimated"":false,""altQtyUnitCode"":21,""altQtyUnitAbbr"":""1000 KG"",""altQty"":786.23,""isAltQtyEstimated"":false,""netWgt"":786230,""isNetWgtEstimated"":false,""grossWgt"":0,""isGrossWgtEstimated"":false,""cifvalue"":0,""fobvalue"":1306914.5,""primaryValue"":1306914.5,""legacyEstimationFlag"":0,""isReported"":true,""isAggregate"":false}"
,UN Comtrade,https://comtradeapi.un.org/public/v1/preview/C/A/HS?reporterCode=704&flowCode=X&cmdCode=090111&period=2021&includeDesc=true,2026-05-30T19:13:38.772Z,"{""reporters"":[{""endpoint"":""https://comtradeapi.un.org/public/v1/preview/C/A/HS"",""reporterCode"":704,""reporterISO"":""VNM"",""flowCode"":""X"",""cmdCode"":""090111"",""period"":""2020,2021,2022,2023,2024,2025"",""includeDesc"":true},{""endpoint"":""https://comtradeapi.un.org/public/v1/preview/C/A/HS"",""reporterCode"":76,""reporterISO"":""BRA"",""flowCode"":""X"",""cmdCode"":""090111"",""period"":""2020,2021,2022,2023,2024,2025"",""includeDesc"":true},{""endpoint"":""https://comtradeapi.un.org/public/v1/preview/C/A/HS"",""reporterCode"":360,""reporterISO"":""IDN"",""flowCode"":""X"",""cmdCode"":""090111"",""period"":""2020,2021,2022,2023,2024,2025"",""includeDesc"":true}]}",C,A,20210101,2021,704,VNM,Viet Nam,566,NGA,Nigeria,0,W00,World,X,Export,H5,090111,Coffee; not roasted or decaffeinated,C00,TOTAL CPC,0,TOTAL MOT,8,kg,79790,79790,0,129288.524,true,true,false,"{""typeCode"":""C"",""freqCode"":""A"",""refPeriodId"":20210101,""refYear"":2021,""refMonth"":52,""period"":""2021"",""reporterCode"":704,""reporterISO"":""VNM"",""reporterDesc"":""Viet Nam"",""flowCode"":""X"",""flowDesc"":""Export"",""partnerCode"":566,""partnerISO"":""NGA"",""partnerDesc"":""Nigeria"",""partner2Code"":0,""partner2ISO"":""W00"",""partner2Desc"":""World"",""classificationCode"":""H5"",""classificationSearchCode"":""HS"",""isOriginalClassification"":true,""cmdCode"":""090111"",""cmdDesc"":""Coffee; not roasted or decaffeinated"",""aggrLevel"":6,""isLeaf"":true,""customsCode"":""C00"",""customsDesc"":""TOTAL CPC"",""mosCode"":""0"",""motCode"":0,""motDesc"":""TOTAL MOT"",""qtyUnitCode"":8,""qtyUnitAbbr"":""kg"",""qty"":79790,""isQtyEstimated"":false,""altQtyUnitCode"":21,""altQtyUnitAbbr"":""1000 KG"",""altQty"":79.79,""isAltQtyEstimated"":false,""netWgt"":79790,""isNetWgtEstimated"":false,""grossWgt"":0,""isGrossWgtEstimated"":false,""cifvalue"":0,""fobvalue"":129288.524,""primaryValue"":129288.524,""legacyEstimationFlag"":0,""isReported"":true,""isAggregate"":false}"
,UN Comtrade,https://comtradeapi.un.org/public/v1/preview/C/A/HS?reporterCode=704&flowCode=X&cmdCode=090111&period=2021&includeDesc=true,2026-05-30T19:13:38.772Z,"{""reporters"":[{""endpoint"":""https://comtradeapi.un.org/public/v1/preview/C/A/HS"",""reporterCode"":704,""reporterISO"":""VNM"",""flowCode"":""X"",""cmdCode"":""090111"",""period"":""2020,2021,2022,2023,2024,2025"",""includeDesc"":true},{""endpoint"":""https://comtradeapi.un.org/public/v1/preview/C/A/HS"",""reporterCode"":76,""reporterISO"":""BRA"",""flowCode"":""X"",""cmdCode"":""090111"",""period"":""2020,2021,2022,2023,2024,2025"",""includeDesc"":true},{""endpoint"":""https://comtradeapi.un.org/public/v1/preview/C/A/HS"",""reporterCode"":360,""reporterISO"":""IDN"",""flowCode"":""X"",""cmdCode"":""090111"",""period"":""2020,2021,2022,2023,2024,2025"",""includeDesc"":true}]}",C,A,20210101,2021,704,VNM,Viet Nam,579,NOR,Norway,0,W00,World,X,Export,H5,090111,Coffee; not roasted or decaffeinated,C00,TOTAL CPC,0,TOTAL MOT,8,kg,216000,216000,0,426053.088,true,true,false,"{""typeCode"":""C"",""freqCode"":""A"",""refPeriodId"":20210101,""refYear"":2021,""refMonth"":52,""period"":""2021"",""reporterCode"":704,""reporterISO"":""VNM"",""reporterDesc"":""Viet Nam"",""flowCode"":""X"",""flowDesc"":""Export"",""partnerCode"":579,""partnerISO"":""NOR"",""partnerDesc"":""Norway"",""partner2Code"":0,""partner2ISO"":""W00"",""partner2Desc"":""World"",""classificationCode"":""H5"",""classificationSearchCode"":""HS"",""isOriginalClassification"":true,""cmdCode"":""090111"",""cmdDesc"":""Coffee; not roasted or decaffeinated"",""aggrLevel"":6,""isLeaf"":true,""customsCode"":""C00"",""customsDesc"":""TOTAL CPC"",""mosCode"":""0"",""motCode"":0,""motDesc"":""TOTAL MOT"",""qtyUnitCode"":8,""qtyUnitAbbr"":""kg"",""qty"":216000,""isQtyEstimated"":false,""altQtyUnitCode"":21,""altQtyUnitAbbr"":""1000 KG"",""altQty"":216,""isAltQtyEstimated"":false,""netWgt"":216000,""isNetWgtEstimated"":false,""grossWgt"":0,""isGrossWgtEstimated"":false,""cifvalue"":0,""fobvalue"":426053.088,""primaryValue"":426053.088,""legacyEstimationFlag"":0,""isReported"":true,""isAggregate"":false}"
,UN Comtrade,https://comtradeapi.un.org/public/v1/preview/C/A/HS?reporterCode=704&flowCode=X&cmdCode=090111&period=2021&includeDesc=true,2026-05-30T19:13:38.772Z,"{""reporters"":[{""endpoint"":""https://comtradeapi.un.org/public/v1/preview/C/A/HS"",""reporterCode"":704,""reporterISO"":""VNM"",""flowCode"":""X"",""cmdCode"":""090111"",""period"":""2020,2021,2022,2023,2024,2025"",""includeDesc"":true},{""endpoint"":""https://comtradeapi.un.org/public/v1/preview/C/A/HS"",""reporterCode"":76,""reporterISO"":""BRA"",""flowCode"":""X"",""cmdCode"":""090111"",""period"":""2020,2021,2022,2023,2024,2025"",""includeDesc"":true},{""endpoint"":""https://comtradeapi.un.org/public/v1/preview/C/A/HS"",""reporterCode"":360,""reporterISO"":""IDN"",""flowCode"":""X"",""cmdCode"":""090111"",""period"":""2020,2021,2022,2023,2024,2025"",""includeDesc"":true}]}",C,A,20210101,2021,704,VNM,Viet Nam,591,PAN,Panama,0,W00,World,X,Export,H5,090111,Coffee; not roasted or decaffeinated,C00,TOTAL CPC,0,TOTAL MOT,8,kg,19200,19200,0,60000,true,true,false,"{""typeCode"":""C"",""freqCode"":""A"",""refPeriodId"":20210101,""refYear"":2021,""refMonth"":52,""period"":""2021"",""reporterCode"":704,""reporterISO"":""VNM"",""reporterDesc"":""Viet Nam"",""flowCode"":""X"",""flowDesc"":""Export"",""partnerCode"":591,""partnerISO"":""PAN"",""partnerDesc"":""Panama"",""partner2Code"":0,""partner2ISO"":""W00"",""partner2Desc"":""World"",""classificationCode"":""H5"",""classificationSearchCode"":""HS"",""isOriginalClassification"":true,""cmdCode"":""090111"",""cmdDesc"":""Coffee; not roasted or decaffeinated"",""aggrLevel"":6,""isLeaf"":true,""customsCode"":""C00"",""customsDesc"":""TOTAL CPC"",""mosCode"":""0"",""motCode"":0,""motDesc"":""TOTAL MOT"",""qtyUnitCode"":8,""qtyUnitAbbr"":""kg"",""qty"":19200,""isQtyEstimated"":false,""altQtyUnitCode"":21,""altQtyUnitAbbr"":""1000 KG"",""altQty"":19.2,""isAltQtyEstimated"":false,""netWgt"":19200,""isNetWgtEstimated"":false,""grossWgt"":0,""isGrossWgtEstimated"":false,""cifvalue"":0,""fobvalue"":60000,""primaryValue"":60000,""legacyEstimationFlag"":0,""isReported"":true,""isAggregate"":false}"
,UN Comtrade,https://comtradeapi.un.org/public/v1/preview/C/A/HS?reporterCode=704&flowCode=X&cmdCode=090111&period=2021&includeDesc=true,2026-05-30T19:13:38.772Z,"{""reporters"":[{""endpoint"":""https://comtradeapi.un.org/public/v1/preview/C/A/HS"",""reporterCode"":704,""reporterISO"":""VNM"",""flowCode"":""X"",""cmdCode"":""090111"",""period"":""2020,2021,2022,2023,2024,2025"",""includeDesc"":true},{""endpoint"":""https://comtradeapi.un.org/public/v1/preview/C/A/HS"",""reporterCode"":76,""reporterISO"":""BRA"",""flowCode"":""X"",""cmdCode"":""090111"",""period"":""2020,2021,2022,2023,2024,2025"",""includeDesc"":true},{""endpoint"":""https://comtradeapi.un.org/public/v1/preview/C/A/HS"",""reporterCode"":360,""reporterISO"":""IDN"",""flowCode"":""X"",""cmdCode"":""090111"",""period"":""2020,2021,2022,2023,2024,2025"",""includeDesc"":true}]}",C,A,20210101,2021,704,VNM,Viet Nam,608,PHL,Philippines,0,W00,World,X,Export,H5,090111,Coffee; not roasted or decaffeinated,C00,TOTAL CPC,0,TOTAL MOT,8,kg,24830070,24830070,0,41995366.844,true,true,false,"{""typeCode"":""C"",""freqCode"":""A"",""refPeriodId"":20210101,""refYear"":2021,""refMonth"":52,""period"":""2021"",""reporterCode"":704,""reporterISO"":""VNM"",""reporterDesc"":""Viet Nam"",""flowCode"":""X"",""flowDesc"":""Export"",""partnerCode"":608,""partnerISO"":""PHL"",""partnerDesc"":""Philippines"",""partner2Code"":0,""partner2ISO"":""W00"",""partner2Desc"":""World"",""classificationCode"":""H5"",""classificationSearchCode"":""HS"",""isOriginalClassification"":true,""cmdCode"":""090111"",""cmdDesc"":""Coffee; not roasted or decaffeinated"",""aggrLevel"":6,""isLeaf"":true,""customsCode"":""C00"",""customsDesc"":""TOTAL CPC"",""mosCode"":""0"",""motCode"":0,""motDesc"":""TOTAL MOT"",""qtyUnitCode"":8,""qtyUnitAbbr"":""kg"",""qty"":24830070,""isQtyEstimated"":false,""altQtyUnitCode"":21,""altQtyUnitAbbr"":""1000 KG"",""altQty"":24830.07,""isAltQtyEstimated"":false,""netWgt"":24830070,""isNetWgtEstimated"":false,""grossWgt"":0,""isGrossWgtEstimated"":false,""cifvalue"":0,""fobvalue"":41995366.844,""primaryValue"":41995366.844,""legacyEstimationFlag"":0,""isReported"":true,""isAggregate"":false}"
,UN Comtrade,https://comtradeapi.un.org/public/v1/preview/C/A/HS?reporterCode=704&flowCode=X&cmdCode=090111&period=2021&includeDesc=true,2026-05-30T19:13:38.772Z,"{""reporters"":[{""endpoint"":""https://comtradeapi.un.org/public/v1/preview/C/A/HS"",""reporterCode"":704,""reporterISO"":""VNM"",""flowCode"":""X"",""cmdCode"":""090111"",""period"":""2020,2021,2022,2023,2024,2025"",""includeDesc"":true},{""endpoint"":""https://comtradeapi.un.org/public/v1/preview/C/A/HS"",""reporterCode"":76,""reporterISO"":""BRA"",""flowCode"":""X"",""cmdCode"":""090111"",""period"":""2020,2021,2022,2023,2024,2025"",""includeDesc"":true},{""endpoint"":""https://comtradeapi.un.org/public/v1/preview/C/A/HS"",""reporterCode"":360,""reporterISO"":""IDN"",""flowCode"":""X"",""cmdCode"":""090111"",""period"":""2020,2021,2022,2023,2024,2025"",""includeDesc"":true}]}",C,A,20210101,2021,704,VNM,Viet Nam,616,POL,Poland,0,W00,World,X,Export,H5,090111,Coffee; not roasted or decaffeinated,C00,TOTAL CPC,0,TOTAL MOT,8,kg,11178590,11178590,0,19100659.104,true,true,false,"{""typeCode"":""C"",""freqCode"":""A"",""refPeriodId"":20210101,""refYear"":2021,""refMonth"":52,""period"":""2021"",""reporterCode"":704,""reporterISO"":""VNM"",""reporterDesc"":""Viet Nam"",""flowCode"":""X"",""flowDesc"":""Export"",""partnerCode"":616,""partnerISO"":""POL"",""partnerDesc"":""Poland"",""partner2Code"":0,""partner2ISO"":""W00"",""partner2Desc"":""World"",""classificationCode"":""H5"",""classificationSearchCode"":""HS"",""isOriginalClassification"":true,""cmdCode"":""090111"",""cmdDesc"":""Coffee; not roasted or decaffeinated"",""aggrLevel"":6,""isLeaf"":true,""customsCode"":""C00"",""customsDesc"":""TOTAL CPC"",""mosCode"":""0"",""motCode"":0,""motDesc"":""TOTAL MOT"",""qtyUnitCode"":8,""qtyUnitAbbr"":""kg"",""qty"":11178590,""isQtyEstimated"":false,""altQtyUnitCode"":21,""altQtyUnitAbbr"":""1000 KG"",""altQty"":11178.59,""isAltQtyEstimated"":false,""netWgt"":11178590,""isNetWgtEstimated"":false,""grossWgt"":0,""isGrossWgtEstimated"":false,""cifvalue"":0,""fobvalue"":19100659.104,""primaryValue"":19100659.104,""legacyEstimationFlag"":0,""isReported"":true,""isAggregate"":false}"
,UN Comtrade,https://comtradeapi.un.org/public/v1/preview/C/A/HS?reporterCode=704&flowCode=X&cmdCode=090111&period=2021&includeDesc=true,2026-05-30T19:13:38.772Z,"{""reporters"":[{""endpoint"":""https://comtradeapi.un.org/public/v1/preview/C/A/HS"",""reporterCode"":704,""reporterISO"":""VNM"",""flowCode"":""X"",""cmdCode"":""090111"",""period"":""2020,2021,2022,2023,2024,2025"",""includeDesc"":true},{""endpoint"":""https://comtradeapi.un.org/public/v1/preview/C/A/HS"",""reporterCode"":76,""reporterISO"":""BRA"",""flowCode"":""X"",""cmdCode"":""090111"",""period"":""2020,2021,2022,2023,2024,2025"",""includeDesc"":true},{""endpoint"":""https://comtradeapi.un.org/public/v1/preview/C/A/HS"",""reporterCode"":360,""reporterISO"":""IDN"",""flowCode"":""X"",""cmdCode"":""090111"",""period"":""2020,2021,2022,2023,2024,2025"",""includeDesc"":true}]}",C,A,20210101,2021,704,VNM,Viet Nam,620,PRT,Portugal,0,W00,World,X,Export,H5,090111,Coffee; not roasted or decaffeinated,C00,TOTAL CPC,0,TOTAL MOT,8,kg,8746942,8746942,0,15520892.577,true,true,false,"{""typeCode"":""C"",""freqCode"":""A"",""refPeriodId"":20210101,""refYear"":2021,""refMonth"":52,""period"":""2021"",""reporterCode"":704,""reporterISO"":""VNM"",""reporterDesc"":""Viet Nam"",""flowCode"":""X"",""flowDesc"":""Export"",""partnerCode"":620,""partnerISO"":""PRT"",""partnerDesc"":""Portugal"",""partner2Code"":0,""partner2ISO"":""W00"",""partner2Desc"":""World"",""classificationCode"":""H5"",""classificationSearchCode"":""HS"",""isOriginalClassification"":true,""cmdCode"":""090111"",""cmdDesc"":""Coffee; not roasted or decaffeinated"",""aggrLevel"":6,""isLeaf"":true,""customsCode"":""C00"",""customsDesc"":""TOTAL CPC"",""mosCode"":""0"",""motCode"":0,""motDesc"":""TOTAL MOT"",""qtyUnitCode"":8,""qtyUnitAbbr"":""kg"",""qty"":8746942,""isQtyEstimated"":false,""altQtyUnitCode"":21,""altQtyUnitAbbr"":""1000 KG"",""altQty"":8746.942,""isAltQtyEstimated"":false,""netWgt"":8746942,""isNetWgtEstimated"":false,""grossWgt"":0,""isGrossWgtEstimated"":false,""cifvalue"":0,""fobvalue"":15520892.577,""primaryValue"":15520892.577,""legacyEstimationFlag"":0,""isReported"":true,""isAggregate"":false}"
,UN Comtrade,https://comtradeapi.un.org/public/v1/preview/C/A/HS?reporterCode=704&flowCode=X&cmdCode=090111&period=2021&includeDesc=true,2026-05-30T19:13:38.772Z,"{""reporters"":[{""endpoint"":""https://comtradeapi.un.org/public/v1/preview/C/A/HS"",""reporterCode"":704,""reporterISO"":""VNM"",""flowCode"":""X"",""cmdCode"":""090111"",""period"":""2020,2021,2022,2023,2024,2025"",""includeDesc"":true},{""endpoint"":""https://comtradeapi.un.org/public/v1/preview/C/A/HS"",""reporterCode"":76,""reporterISO"":""BRA"",""flowCode"":""X"",""cmdCode"":""090111"",""period"":""2020,2021,2022,2023,2024,2025"",""includeDesc"":true},{""endpoint"":""https://comtradeapi.un.org/public/v1/preview/C/A/HS"",""reporterCode"":360,""reporterISO"":""IDN"",""flowCode"":""X"",""cmdCode"":""090111"",""period"":""2020,2021,2022,2023,2024,2025"",""includeDesc"":true}]}",C,A,20210101,2021,704,VNM,Viet Nam,642,ROU,Romania,0,W00,World,X,Export,H5,090111,Coffee; not roasted or decaffeinated,C00,TOTAL CPC,0,TOTAL MOT,8,kg,1855710,1855710,0,3161025.584,true,true,false,"{""typeCode"":""C"",""freqCode"":""A"",""refPeriodId"":20210101,""refYear"":2021,""refMonth"":52,""period"":""2021"",""reporterCode"":704,""reporterISO"":""VNM"",""reporterDesc"":""Viet Nam"",""flowCode"":""X"",""flowDesc"":""Export"",""partnerCode"":642,""partnerISO"":""ROU"",""partnerDesc"":""Romania"",""partner2Code"":0,""partner2ISO"":""W00"",""partner2Desc"":""World"",""classificationCode"":""H5"",""classificationSearchCode"":""HS"",""isOriginalClassification"":true,""cmdCode"":""090111"",""cmdDesc"":""Coffee; not roasted or decaffeinated"",""aggrLevel"":6,""isLeaf"":true,""customsCode"":""C00"",""customsDesc"":""TOTAL CPC"",""mosCode"":""0"",""motCode"":0,""motDesc"":""TOTAL MOT"",""qtyUnitCode"":8,""qtyUnitAbbr"":""kg"",""qty"":1855710,""isQtyEstimated"":false,""altQtyUnitCode"":21,""altQtyUnitAbbr"":""1000 KG"",""altQty"":1855.71,""isAltQtyEstimated"":false,""netWgt"":1855710,""isNetWgtEstimated"":false,""grossWgt"":0,""isGrossWgtEstimated"":false,""cifvalue"":0,""fobvalue"":3161025.584,""primaryValue"":3161025.584,""legacyEstimationFlag"":0,""isReported"":true,""isAggregate"":false}"
,UN Comtrade,https://comtradeapi.un.org/public/v1/preview/C/A/HS?reporterCode=704&flowCode=X&cmdCode=090111&period=2021&includeDesc=true,2026-05-30T19:13:38.772Z,"{""reporters"":[{""endpoint"":""https://comtradeapi.un.org/public/v1/preview/C/A/HS"",""reporterCode"":704,""reporterISO"":""VNM"",""flowCode"":""X"",""cmdCode"":""090111"",""period"":""2020,2021,2022,2023,2024,2025"",""includeDesc"":true},{""endpoint"":""https://comtradeapi.un.org/public/v1/preview/C/A/HS"",""reporterCode"":76,""reporterISO"":""BRA"",""flowCode"":""X"",""cmdCode"":""090111"",""period"":""2020,2021,2022,2023,2024,2025"",""includeDesc"":true},{""endpoint"":""https://comtradeapi.un.org/public/v1/preview/C/A/HS"",""reporterCode"":360,""reporterISO"":""IDN"",""flowCode"":""X"",""cmdCode"":""090111"",""period"":""2020,2021,2022,2023,2024,2025"",""includeDesc"":true}]}",C,A,20210101,2021,704,VNM,Viet Nam,643,RUS,Russian Federation,0,W00,World,X,Export,H5,090111,Coffee; not roasted or decaffeinated,C00,TOTAL CPC,0,TOTAL MOT,8,kg,73942210,73942210,0,129111841.558,true,true,false,"{""typeCode"":""C"",""freqCode"":""A"",""refPeriodId"":20210101,""refYear"":2021,""refMonth"":52,""period"":""2021"",""reporterCode"":704,""reporterISO"":""VNM"",""reporterDesc"":""Viet Nam"",""flowCode"":""X"",""flowDesc"":""Export"",""partnerCode"":643,""partnerISO"":""RUS"",""partnerDesc"":""Russian Federation"",""partner2Code"":0,""partner2ISO"":""W00"",""partner2Desc"":""World"",""classificationCode"":""H5"",""classificationSearchCode"":""HS"",""isOriginalClassification"":true,""cmdCode"":""090111"",""cmdDesc"":""Coffee; not roasted or decaffeinated"",""aggrLevel"":6,""isLeaf"":true,""customsCode"":""C00"",""customsDesc"":""TOTAL CPC"",""mosCode"":""0"",""motCode"":0,""motDesc"":""TOTAL MOT"",""qtyUnitCode"":8,""qtyUnitAbbr"":""kg"",""qty"":73942210,""isQtyEstimated"":false,""altQtyUnitCode"":21,""altQtyUnitAbbr"":""1000 KG"",""altQty"":73942.21,""isAltQtyEstimated"":false,""netWgt"":73942210,""isNetWgtEstimated"":false,""grossWgt"":0,""isGrossWgtEstimated"":false,""cifvalue"":0,""fobvalue"":129111841.558,""primaryValue"":129111841.558,""legacyEstimationFlag"":0,""isReported"":true,""isAggregate"":false}"
,UN Comtrade,https://comtradeapi.un.org/public/v1/preview/C/A/HS?reporterCode=704&flowCode=X&cmdCode=090111&period=2021&includeDesc=true,2026-05-30T19:13:38.772Z,"{""reporters"":[{""endpoint"":""https://comtradeapi.un.org/public/v1/preview/C/A/HS"",""reporterCode"":704,""reporterISO"":""VNM"",""flowCode"":""X"",""cmdCode"":""090111"",""period"":""2020,2021,2022,2023,2024,2025"",""includeDesc"":true},{""endpoint"":""https://comtradeapi.un.org/public/v1/preview/C/A/HS"",""reporterCode"":76,""reporterISO"":""BRA"",""flowCode"":""X"",""cmdCode"":""090111"",""period"":""2020,2021,2022,2023,2024,2025"",""includeDesc"":true},{""endpoint"":""https://comtradeapi.un.org/public/v1/preview/C/A/HS"",""reporterCode"":360,""reporterISO"":""IDN"",""flowCode"":""X"",""cmdCode"":""090111"",""period"":""2020,2021,2022,2023,2024,2025"",""includeDesc"":true}]}",C,A,20210101,2021,704,VNM,Viet Nam,682,SAU,Saudi Arabia,0,W00,World,X,Export,H5,090111,Coffee; not roasted or decaffeinated,C00,TOTAL CPC,0,TOTAL MOT,8,kg,52890,52890,0,119571.25,true,true,false,"{""typeCode"":""C"",""freqCode"":""A"",""refPeriodId"":20210101,""refYear"":2021,""refMonth"":52,""period"":""2021"",""reporterCode"":704,""reporterISO"":""VNM"",""reporterDesc"":""Viet Nam"",""flowCode"":""X"",""flowDesc"":""Export"",""partnerCode"":682,""partnerISO"":""SAU"",""partnerDesc"":""Saudi Arabia"",""partner2Code"":0,""partner2ISO"":""W00"",""partner2Desc"":""World"",""classificationCode"":""H5"",""classificationSearchCode"":""HS"",""isOriginalClassification"":true,""cmdCode"":""090111"",""cmdDesc"":""Coffee; not roasted or decaffeinated"",""aggrLevel"":6,""isLeaf"":true,""customsCode"":""C00"",""customsDesc"":""TOTAL CPC"",""mosCode"":""0"",""motCode"":0,""motDesc"":""TOTAL MOT"",""qtyUnitCode"":8,""qtyUnitAbbr"":""kg"",""qty"":52890,""isQtyEstimated"":false,""altQtyUnitCode"":21,""altQtyUnitAbbr"":""1000 KG"",""altQty"":52.89,""isAltQtyEstimated"":false,""netWgt"":52890,""isNetWgtEstimated"":false,""grossWgt"":0,""isGrossWgtEstimated"":false,""cifvalue"":0,""fobvalue"":119571.25,""primaryValue"":119571.25,""legacyEstimationFlag"":0,""isReported"":true,""isAggregate"":false}"
,UN Comtrade,https://comtradeapi.un.org/public/v1/preview/C/A/HS?reporterCode=704&flowCode=X&cmdCode=090111&period=2021&includeDesc=true,2026-05-30T19:13:38.772Z,"{""reporters"":[{""endpoint"":""https://comtradeapi.un.org/public/v1/preview/C/A/HS"",""reporterCode"":704,""reporterISO"":""VNM"",""flowCode"":""X"",""cmdCode"":""090111"",""period"":""2020,2021,2022,2023,2024,2025"",""includeDesc"":true},{""endpoint"":""https://comtradeapi.un.org/public/v1/preview/C/A/HS"",""reporterCode"":76,""reporterISO"":""BRA"",""flowCode"":""X"",""cmdCode"":""090111"",""period"":""2020,2021,2022,2023,2024,2025"",""includeDesc"":true},{""endpoint"":""https://comtradeapi.un.org/public/v1/preview/C/A/HS"",""reporterCode"":360,""reporterISO"":""IDN"",""flowCode"":""X"",""cmdCode"":""090111"",""period"":""2020,2021,2022,2023,2024,2025"",""includeDesc"":true}]}",C,A,20210101,2021,704,VNM,Viet Nam,686,SEN,Senegal,0,W00,World,X,Export,H5,090111,Coffee; not roasted or decaffeinated,C00,TOTAL CPC,0,TOTAL MOT,8,kg,115200,115200,0,202368,true,true,false,"{""typeCode"":""C"",""freqCode"":""A"",""refPeriodId"":20210101,""refYear"":2021,""refMonth"":52,""period"":""2021"",""reporterCode"":704,""reporterISO"":""VNM"",""reporterDesc"":""Viet Nam"",""flowCode"":""X"",""flowDesc"":""Export"",""partnerCode"":686,""partnerISO"":""SEN"",""partnerDesc"":""Senegal"",""partner2Code"":0,""partner2ISO"":""W00"",""partner2Desc"":""World"",""classificationCode"":""H5"",""classificationSearchCode"":""HS"",""isOriginalClassification"":true,""cmdCode"":""090111"",""cmdDesc"":""Coffee; not roasted or decaffeinated"",""aggrLevel"":6,""isLeaf"":true,""customsCode"":""C00"",""customsDesc"":""TOTAL CPC"",""mosCode"":""0"",""motCode"":0,""motDesc"":""TOTAL MOT"",""qtyUnitCode"":8,""qtyUnitAbbr"":""kg"",""qty"":115200,""isQtyEstimated"":false,""altQtyUnitCode"":21,""altQtyUnitAbbr"":""1000 KG"",""altQty"":115.2,""isAltQtyEstimated"":false,""netWgt"":115200,""isNetWgtEstimated"":false,""grossWgt"":0,""isGrossWgtEstimated"":false,""cifvalue"":0,""fobvalue"":202368,""primaryValue"":202368,""legacyEstimationFlag"":0,""isReported"":true,""isAggregate"":false}"
,UN Comtrade,https://comtradeapi.un.org/public/v1/preview/C/A/HS?reporterCode=704&flowCode=X&cmdCode=090111&period=2021&includeDesc=true,2026-05-30T19:13:38.772Z,"{""reporters"":[{""endpoint"":""https://comtradeapi.un.org/public/v1/preview/C/A/HS"",""reporterCode"":704,""reporterISO"":""VNM"",""flowCode"":""X"",""cmdCode"":""090111"",""period"":""2020,2021,2022,2023,2024,2025"",""includeDesc"":true},{""endpoint"":""https://comtradeapi.un.org/public/v1/preview/C/A/HS"",""reporterCode"":76,""reporterISO"":""BRA"",""flowCode"":""X"",""cmdCode"":""090111"",""period"":""2020,2021,2022,2023,2024,2025"",""includeDesc"":true},{""endpoint"":""https://comtradeapi.un.org/public/v1/preview/C/A/HS"",""reporterCode"":360,""reporterISO"":""IDN"",""flowCode"":""X"",""cmdCode"":""090111"",""period"":""2020,2021,2022,2023,2024,2025"",""includeDesc"":true}]}",C,A,20210101,2021,704,VNM,Viet Nam,699,IND,India,0,W00,World,X,Export,H5,090111,Coffee; not roasted or decaffeinated,C00,TOTAL CPC,0,TOTAL MOT,8,kg,12326757,12326757,0,19033273.447,true,true,false,"{""typeCode"":""C"",""freqCode"":""A"",""refPeriodId"":20210101,""refYear"":2021,""refMonth"":52,""period"":""2021"",""reporterCode"":704,""reporterISO"":""VNM"",""reporterDesc"":""Viet Nam"",""flowCode"":""X"",""flowDesc"":""Export"",""partnerCode"":699,""partnerISO"":""IND"",""partnerDesc"":""India"",""partner2Code"":0,""partner2ISO"":""W00"",""partner2Desc"":""World"",""classificationCode"":""H5"",""classificationSearchCode"":""HS"",""isOriginalClassification"":true,""cmdCode"":""090111"",""cmdDesc"":""Coffee; not roasted or decaffeinated"",""aggrLevel"":6,""isLeaf"":true,""customsCode"":""C00"",""customsDesc"":""TOTAL CPC"",""mosCode"":""0"",""motCode"":0,""motDesc"":""TOTAL MOT"",""qtyUnitCode"":8,""qtyUnitAbbr"":""kg"",""qty"":12326757,""isQtyEstimated"":false,""altQtyUnitCode"":21,""altQtyUnitAbbr"":""1000 KG"",""altQty"":12326.757,""isAltQtyEstimated"":false,""netWgt"":12326757,""isNetWgtEstimated"":false,""grossWgt"":0,""isGrossWgtEstimated"":false,""cifvalue"":0,""fobvalue"":19033273.447,""primaryValue"":19033273.447,""legacyEstimationFlag"":0,""isReported"":true,""isAggregate"":false}"
,UN Comtrade,https://comtradeapi.un.org/public/v1/preview/C/A/HS?reporterCode=704&flowCode=X&cmdCode=090111&period=2021&includeDesc=true,2026-05-30T19:13:38.772Z,"{""reporters"":[{""endpoint"":""https://comtradeapi.un.org/public/v1/preview/C/A/HS"",""reporterCode"":704,""reporterISO"":""VNM"",""flowCode"":""X"",""cmdCode"":""090111"",""period"":""2020,2021,2022,2023,2024,2025"",""includeDesc"":true},{""endpoint"":""https://comtradeapi.un.org/public/v1/preview/C/A/HS"",""reporterCode"":76,""reporterISO"":""BRA"",""flowCode"":""X"",""cmdCode"":""090111"",""period"":""2020,2021,2022,2023,2024,2025"",""includeDesc"":true},{""endpoint"":""https://comtradeapi.un.org/public/v1/preview/C/A/HS"",""reporterCode"":360,""reporterISO"":""IDN"",""flowCode"":""X"",""cmdCode"":""090111"",""period"":""2020,2021,2022,2023,2024,2025"",""includeDesc"":true}]}",C,A,20210101,2021,704,VNM,Viet Nam,702,SGP,Singapore,0,W00,World,X,Export,H5,090111,Coffee; not roasted or decaffeinated,C00,TOTAL CPC,0,TOTAL MOT,8,kg,143242,143242,0,303560.17,true,true,false,"{""typeCode"":""C"",""freqCode"":""A"",""refPeriodId"":20210101,""refYear"":2021,""refMonth"":52,""period"":""2021"",""reporterCode"":704,""reporterISO"":""VNM"",""reporterDesc"":""Viet Nam"",""flowCode"":""X"",""flowDesc"":""Export"",""partnerCode"":702,""partnerISO"":""SGP"",""partnerDesc"":""Singapore"",""partner2Code"":0,""partner2ISO"":""W00"",""partner2Desc"":""World"",""classificationCode"":""H5"",""classificationSearchCode"":""HS"",""isOriginalClassification"":true,""cmdCode"":""090111"",""cmdDesc"":""Coffee; not roasted or decaffeinated"",""aggrLevel"":6,""isLeaf"":true,""customsCode"":""C00"",""customsDesc"":""TOTAL CPC"",""mosCode"":""0"",""motCode"":0,""motDesc"":""TOTAL MOT"",""qtyUnitCode"":8,""qtyUnitAbbr"":""kg"",""qty"":143242,""isQtyEstimated"":false,""altQtyUnitCode"":21,""altQtyUnitAbbr"":""1000 KG"",""altQty"":143.242,""isAltQtyEstimated"":false,""netWgt"":143242,""isNetWgtEstimated"":false,""grossWgt"":0,""isGrossWgtEstimated"":false,""cifvalue"":0,""fobvalue"":303560.17,""primaryValue"":303560.17,""legacyEstimationFlag"":0,""isReported"":true,""isAggregate"":false}"
,UN Comtrade,https://comtradeapi.un.org/public/v1/preview/C/A/HS?reporterCode=704&flowCode=X&cmdCode=090111&period=2021&includeDesc=true,2026-05-30T19:13:38.772Z,"{""reporters"":[{""endpoint"":""https://comtradeapi.un.org/public/v1/preview/C/A/HS"",""reporterCode"":704,""reporterISO"":""VNM"",""flowCode"":""X"",""cmdCode"":""090111"",""period"":""2020,2021,2022,2023,2024,2025"",""includeDesc"":true},{""endpoint"":""https://comtradeapi.un.org/public/v1/preview/C/A/HS"",""reporterCode"":76,""reporterISO"":""BRA"",""flowCode"":""X"",""cmdCode"":""090111"",""period"":""2020,2021,2022,2023,2024,2025"",""includeDesc"":true},{""endpoint"":""https://comtradeapi.un.org/public/v1/preview/C/A/HS"",""reporterCode"":360,""reporterISO"":""IDN"",""flowCode"":""X"",""cmdCode"":""090111"",""period"":""2020,2021,2022,2023,2024,2025"",""includeDesc"":true}]}",C,A,20210101,2021,704,VNM,Viet Nam,705,SVN,Slovenia,0,W00,World,X,Export,H5,090111,Coffee; not roasted or decaffeinated,C00,TOTAL CPC,0,TOTAL MOT,8,kg,2846992,2846992,0,5007110.716,true,true,false,"{""typeCode"":""C"",""freqCode"":""A"",""refPeriodId"":20210101,""refYear"":2021,""refMonth"":52,""period"":""2021"",""reporterCode"":704,""reporterISO"":""VNM"",""reporterDesc"":""Viet Nam"",""flowCode"":""X"",""flowDesc"":""Export"",""partnerCode"":705,""partnerISO"":""SVN"",""partnerDesc"":""Slovenia"",""partner2Code"":0,""partner2ISO"":""W00"",""partner2Desc"":""World"",""classificationCode"":""H5"",""classificationSearchCode"":""HS"",""isOriginalClassification"":true,""cmdCode"":""090111"",""cmdDesc"":""Coffee; not roasted or decaffeinated"",""aggrLevel"":6,""isLeaf"":true,""customsCode"":""C00"",""customsDesc"":""TOTAL CPC"",""mosCode"":""0"",""motCode"":0,""motDesc"":""TOTAL MOT"",""qtyUnitCode"":8,""qtyUnitAbbr"":""kg"",""qty"":2846992,""isQtyEstimated"":false,""altQtyUnitCode"":21,""altQtyUnitAbbr"":""1000 KG"",""altQty"":2846.992,""isAltQtyEstimated"":false,""netWgt"":2846992,""isNetWgtEstimated"":false,""grossWgt"":0,""isGrossWgtEstimated"":false,""cifvalue"":0,""fobvalue"":5007110.716,""primaryValue"":5007110.716,""legacyEstimationFlag"":0,""isReported"":true,""isAggregate"":false}"
,UN Comtrade,https://comtradeapi.un.org/public/v1/preview/C/A/HS?reporterCode=704&flowCode=X&cmdCode=090111&period=2021&includeDesc=true,2026-05-30T19:13:38.772Z,"{""reporters"":[{""endpoint"":""https://comtradeapi.un.org/public/v1/preview/C/A/HS"",""reporterCode"":704,""reporterISO"":""VNM"",""flowCode"":""X"",""cmdCode"":""090111"",""period"":""2020,2021,2022,2023,2024,2025"",""includeDesc"":true},{""endpoint"":""https://comtradeapi.un.org/public/v1/preview/C/A/HS"",""reporterCode"":76,""reporterISO"":""BRA"",""flowCode"":""X"",""cmdCode"":""090111"",""period"":""2020,2021,2022,2023,2024,2025"",""includeDesc"":true},{""endpoint"":""https://comtradeapi.un.org/public/v1/preview/C/A/HS"",""reporterCode"":360,""reporterISO"":""IDN"",""flowCode"":""X"",""cmdCode"":""090111"",""period"":""2020,2021,2022,2023,2024,2025"",""includeDesc"":true}]}",C,A,20210101,2021,704,VNM,Viet Nam,710,ZAF,South Africa,0,W00,World,X,Export,H5,090111,Coffee; not roasted or decaffeinated,C00,TOTAL CPC,0,TOTAL MOT,8,kg,1986550,1986550,0,3361635.21,true,true,false,"{""typeCode"":""C"",""freqCode"":""A"",""refPeriodId"":20210101,""refYear"":2021,""refMonth"":52,""period"":""2021"",""reporterCode"":704,""reporterISO"":""VNM"",""reporterDesc"":""Viet Nam"",""flowCode"":""X"",""flowDesc"":""Export"",""partnerCode"":710,""partnerISO"":""ZAF"",""partnerDesc"":""South Africa"",""partner2Code"":0,""partner2ISO"":""W00"",""partner2Desc"":""World"",""classificationCode"":""H5"",""classificationSearchCode"":""HS"",""isOriginalClassification"":true,""cmdCode"":""090111"",""cmdDesc"":""Coffee; not roasted or decaffeinated"",""aggrLevel"":6,""isLeaf"":true,""customsCode"":""C00"",""customsDesc"":""TOTAL CPC"",""mosCode"":""0"",""motCode"":0,""motDesc"":""TOTAL MOT"",""qtyUnitCode"":8,""qtyUnitAbbr"":""kg"",""qty"":1986550,""isQtyEstimated"":false,""altQtyUnitCode"":21,""altQtyUnitAbbr"":""1000 KG"",""altQty"":1986.55,""isAltQtyEstimated"":false,""netWgt"":1986550,""isNetWgtEstimated"":false,""grossWgt"":0,""isGrossWgtEstimated"":false,""cifvalue"":0,""fobvalue"":3361635.21,""primaryValue"":3361635.21,""legacyEstimationFlag"":0,""isReported"":true,""isAggregate"":false}"
,UN Comtrade,https://comtradeapi.un.org/public/v1/preview/C/A/HS?reporterCode=704&flowCode=X&cmdCode=090111&period=2021&includeDesc=true,2026-05-30T19:13:38.772Z,"{""reporters"":[{""endpoint"":""https://comtradeapi.un.org/public/v1/preview/C/A/HS"",""reporterCode"":704,""reporterISO"":""VNM"",""flowCode"":""X"",""cmdCode"":""090111"",""period"":""2020,2021,2022,2023,2024,2025"",""includeDesc"":true},{""endpoint"":""https://comtradeapi.un.org/public/v1/preview/C/A/HS"",""reporterCode"":76,""reporterISO"":""BRA"",""flowCode"":""X"",""cmdCode"":""090111"",""period"":""2020,2021,2022,2023,2024,2025"",""includeDesc"":true},{""endpoint"":""https://comtradeapi.un.org/public/v1/preview/C/A/HS"",""reporterCode"":360,""reporterISO"":""IDN"",""flowCode"":""X"",""cmdCode"":""090111"",""period"":""2020,2021,2022,2023,2024,2025"",""includeDesc"":true}]}",C,A,20210101,2021,704,VNM,Viet Nam,724,ESP,Spain,0,W00,World,X,Export,H5,090111,Coffee; not roasted or decaffeinated,C00,TOTAL CPC,0,TOTAL MOT,8,kg,51593090,51593090,0,89091394.551,true,true,false,"{""typeCode"":""C"",""freqCode"":""A"",""refPeriodId"":20210101,""refYear"":2021,""refMonth"":52,""period"":""2021"",""reporterCode"":704,""reporterISO"":""VNM"",""reporterDesc"":""Viet Nam"",""flowCode"":""X"",""flowDesc"":""Export"",""partnerCode"":724,""partnerISO"":""ESP"",""partnerDesc"":""Spain"",""partner2Code"":0,""partner2ISO"":""W00"",""partner2Desc"":""World"",""classificationCode"":""H5"",""classificationSearchCode"":""HS"",""isOriginalClassification"":true,""cmdCode"":""090111"",""cmdDesc"":""Coffee; not roasted or decaffeinated"",""aggrLevel"":6,""isLeaf"":true,""customsCode"":""C00"",""customsDesc"":""TOTAL CPC"",""mosCode"":""0"",""motCode"":0,""motDesc"":""TOTAL MOT"",""qtyUnitCode"":8,""qtyUnitAbbr"":""kg"",""qty"":51593090,""isQtyEstimated"":false,""altQtyUnitCode"":21,""altQtyUnitAbbr"":""1000 KG"",""altQty"":51593.09,""isAltQtyEstimated"":false,""netWgt"":51593090,""isNetWgtEstimated"":false,""grossWgt"":0,""isGrossWgtEstimated"":false,""cifvalue"":0,""fobvalue"":89091394.551,""primaryValue"":89091394.551,""legacyEstimationFlag"":0,""isReported"":true,""isAggregate"":false}"
,UN Comtrade,https://comtradeapi.un.org/public/v1/preview/C/A/HS?reporterCode=704&flowCode=X&cmdCode=090111&period=2021&includeDesc=true,2026-05-30T19:13:38.772Z,"{""reporters"":[{""endpoint"":""https://comtradeapi.un.org/public/v1/preview/C/A/HS"",""reporterCode"":704,""reporterISO"":""VNM"",""flowCode"":""X"",""cmdCode"":""090111"",""period"":""2020,2021,2022,2023,2024,2025"",""includeDesc"":true},{""endpoint"":""https://comtradeapi.un.org/public/v1/preview/C/A/HS"",""reporterCode"":76,""reporterISO"":""BRA"",""flowCode"":""X"",""cmdCode"":""090111"",""period"":""2020,2021,2022,2023,2024,2025"",""includeDesc"":true},{""endpoint"":""https://comtradeapi.un.org/public/v1/preview/C/A/HS"",""reporterCode"":360,""reporterISO"":""IDN"",""flowCode"":""X"",""cmdCode"":""090111"",""period"":""2020,2021,2022,2023,2024,2025"",""includeDesc"":true}]}",C,A,20210101,2021,704,VNM,Viet Nam,752,SWE,Sweden,0,W00,World,X,Export,H5,090111,Coffee; not roasted or decaffeinated,C00,TOTAL CPC,0,TOTAL MOT,8,kg,2368020,2368020,0,4292482.55,true,true,false,"{""typeCode"":""C"",""freqCode"":""A"",""refPeriodId"":20210101,""refYear"":2021,""refMonth"":52,""period"":""2021"",""reporterCode"":704,""reporterISO"":""VNM"",""reporterDesc"":""Viet Nam"",""flowCode"":""X"",""flowDesc"":""Export"",""partnerCode"":752,""partnerISO"":""SWE"",""partnerDesc"":""Sweden"",""partner2Code"":0,""partner2ISO"":""W00"",""partner2Desc"":""World"",""classificationCode"":""H5"",""classificationSearchCode"":""HS"",""isOriginalClassification"":true,""cmdCode"":""090111"",""cmdDesc"":""Coffee; not roasted or decaffeinated"",""aggrLevel"":6,""isLeaf"":true,""customsCode"":""C00"",""customsDesc"":""TOTAL CPC"",""mosCode"":""0"",""motCode"":0,""motDesc"":""TOTAL MOT"",""qtyUnitCode"":8,""qtyUnitAbbr"":""kg"",""qty"":2368020,""isQtyEstimated"":false,""altQtyUnitCode"":21,""altQtyUnitAbbr"":""1000 KG"",""altQty"":2368.02,""isAltQtyEstimated"":false,""netWgt"":2368020,""isNetWgtEstimated"":false,""grossWgt"":0,""isGrossWgtEstimated"":false,""cifvalue"":0,""fobvalue"":4292482.55,""primaryValue"":4292482.55,""legacyEstimationFlag"":0,""isReported"":true,""isAggregate"":false}"
,UN Comtrade,https://comtradeapi.un.org/public/v1/preview/C/A/HS?reporterCode=704&flowCode=X&cmdCode=090111&period=2021&includeDesc=true,2026-05-30T19:13:38.772Z,"{""reporters"":[{""endpoint"":""https://comtradeapi.un.org/public/v1/preview/C/A/HS"",""reporterCode"":704,""reporterISO"":""VNM"",""flowCode"":""X"",""cmdCode"":""090111"",""period"":""2020,2021,2022,2023,2024,2025"",""includeDesc"":true},{""endpoint"":""https://comtradeapi.un.org/public/v1/preview/C/A/HS"",""reporterCode"":76,""reporterISO"":""BRA"",""flowCode"":""X"",""cmdCode"":""090111"",""period"":""2020,2021,2022,2023,2024,2025"",""includeDesc"":true},{""endpoint"":""https://comtradeapi.un.org/public/v1/preview/C/A/HS"",""reporterCode"":360,""reporterISO"":""IDN"",""flowCode"":""X"",""cmdCode"":""090111"",""period"":""2020,2021,2022,2023,2024,2025"",""includeDesc"":true}]}",C,A,20210101,2021,704,VNM,Viet Nam,764,THA,Thailand,0,W00,World,X,Export,H5,090111,Coffee; not roasted or decaffeinated,C00,TOTAL CPC,0,TOTAL MOT,8,kg,31534650,31534650,0,53658931.545,true,true,false,"{""typeCode"":""C"",""freqCode"":""A"",""refPeriodId"":20210101,""refYear"":2021,""refMonth"":52,""period"":""2021"",""reporterCode"":704,""reporterISO"":""VNM"",""reporterDesc"":""Viet Nam"",""flowCode"":""X"",""flowDesc"":""Export"",""partnerCode"":764,""partnerISO"":""THA"",""partnerDesc"":""Thailand"",""partner2Code"":0,""partner2ISO"":""W00"",""partner2Desc"":""World"",""classificationCode"":""H5"",""classificationSearchCode"":""HS"",""isOriginalClassification"":true,""cmdCode"":""090111"",""cmdDesc"":""Coffee; not roasted or decaffeinated"",""aggrLevel"":6,""isLeaf"":true,""customsCode"":""C00"",""customsDesc"":""TOTAL CPC"",""mosCode"":""0"",""motCode"":0,""motDesc"":""TOTAL MOT"",""qtyUnitCode"":8,""qtyUnitAbbr"":""kg"",""qty"":31534650,""isQtyEstimated"":false,""altQtyUnitCode"":21,""altQtyUnitAbbr"":""1000 KG"",""altQty"":31534.65,""isAltQtyEstimated"":false,""netWgt"":31534650,""isNetWgtEstimated"":false,""grossWgt"":0,""isGrossWgtEstimated"":false,""cifvalue"":0,""fobvalue"":53658931.545,""primaryValue"":53658931.545,""legacyEstimationFlag"":0,""isReported"":true,""isAggregate"":false}"
,UN Comtrade,https://comtradeapi.un.org/public/v1/preview/C/A/HS?reporterCode=704&flowCode=X&cmdCode=090111&period=2021&includeDesc=true,2026-05-30T19:13:38.772Z,"{""reporters"":[{""endpoint"":""https://comtradeapi.un.org/public/v1/preview/C/A/HS"",""reporterCode"":704,""reporterISO"":""VNM"",""flowCode"":""X"",""cmdCode"":""090111"",""period"":""2020,2021,2022,2023,2024,2025"",""includeDesc"":true},{""endpoint"":""https://comtradeapi.un.org/public/v1/preview/C/A/HS"",""reporterCode"":76,""reporterISO"":""BRA"",""flowCode"":""X"",""cmdCode"":""090111"",""period"":""2020,2021,2022,2023,2024,2025"",""includeDesc"":true},{""endpoint"":""https://comtradeapi.un.org/public/v1/preview/C/A/HS"",""reporterCode"":360,""reporterISO"":""IDN"",""flowCode"":""X"",""cmdCode"":""090111"",""period"":""2020,2021,2022,2023,2024,2025"",""includeDesc"":true}]}",C,A,20210101,2021,704,VNM,Viet Nam,784,ARE,United Arab Emirates,0,W00,World,X,Export,H5,090111,Coffee; not roasted or decaffeinated,C00,TOTAL CPC,0,TOTAL MOT,8,kg,3549742,3549742,0,7680092.275,true,true,false,"{""typeCode"":""C"",""freqCode"":""A"",""refPeriodId"":20210101,""refYear"":2021,""refMonth"":52,""period"":""2021"",""reporterCode"":704,""reporterISO"":""VNM"",""reporterDesc"":""Viet Nam"",""flowCode"":""X"",""flowDesc"":""Export"",""partnerCode"":784,""partnerISO"":""ARE"",""partnerDesc"":""United Arab Emirates"",""partner2Code"":0,""partner2ISO"":""W00"",""partner2Desc"":""World"",""classificationCode"":""H5"",""classificationSearchCode"":""HS"",""isOriginalClassification"":true,""cmdCode"":""090111"",""cmdDesc"":""Coffee; not roasted or decaffeinated"",""aggrLevel"":6,""isLeaf"":true,""customsCode"":""C00"",""customsDesc"":""TOTAL CPC"",""mosCode"":""0"",""motCode"":0,""motDesc"":""TOTAL MOT"",""qtyUnitCode"":8,""qtyUnitAbbr"":""kg"",""qty"":3549742,""isQtyEstimated"":false,""altQtyUnitCode"":21,""altQtyUnitAbbr"":""1000 KG"",""altQty"":3549.742,""isAltQtyEstimated"":false,""netWgt"":3549742,""isNetWgtEstimated"":false,""grossWgt"":0,""isGrossWgtEstimated"":false,""cifvalue"":0,""fobvalue"":7680092.275,""primaryValue"":7680092.275,""legacyEstimationFlag"":0,""isReported"":true,""isAggregate"":false}"
,UN Comtrade,https://comtradeapi.un.org/public/v1/preview/C/A/HS?reporterCode=704&flowCode=X&cmdCode=090111&period=2021&includeDesc=true,2026-05-30T19:13:38.772Z,"{""reporters"":[{""endpoint"":""https://comtradeapi.un.org/public/v1/preview/C/A/HS"",""reporterCode"":704,""reporterISO"":""VNM"",""flowCode"":""X"",""cmdCode"":""090111"",""period"":""2020,2021,2022,2023,2024,2025"",""includeDesc"":true},{""endpoint"":""https://comtradeapi.un.org/public/v1/preview/C/A/HS"",""reporterCode"":76,""reporterISO"":""BRA"",""flowCode"":""X"",""cmdCode"":""090111"",""period"":""2020,2021,2022,2023,2024,2025"",""includeDesc"":true},{""endpoint"":""https://comtradeapi.un.org/public/v1/preview/C/A/HS"",""reporterCode"":360,""reporterISO"":""IDN"",""flowCode"":""X"",""cmdCode"":""090111"",""period"":""2020,2021,2022,2023,2024,2025"",""includeDesc"":true}]}",C,A,20210101,2021,704,VNM,Viet Nam,788,TUN,Tunisia,0,W00,World,X,Export,H5,090111,Coffee; not roasted or decaffeinated,C00,TOTAL CPC,0,TOTAL MOT,8,kg,4921761,4921761,0,8051085.026,true,true,false,"{""typeCode"":""C"",""freqCode"":""A"",""refPeriodId"":20210101,""refYear"":2021,""refMonth"":52,""period"":""2021"",""reporterCode"":704,""reporterISO"":""VNM"",""reporterDesc"":""Viet Nam"",""flowCode"":""X"",""flowDesc"":""Export"",""partnerCode"":788,""partnerISO"":""TUN"",""partnerDesc"":""Tunisia"",""partner2Code"":0,""partner2ISO"":""W00"",""partner2Desc"":""World"",""classificationCode"":""H5"",""classificationSearchCode"":""HS"",""isOriginalClassification"":true,""cmdCode"":""090111"",""cmdDesc"":""Coffee; not roasted or decaffeinated"",""aggrLevel"":6,""isLeaf"":true,""customsCode"":""C00"",""customsDesc"":""TOTAL CPC"",""mosCode"":""0"",""motCode"":0,""motDesc"":""TOTAL MOT"",""qtyUnitCode"":8,""qtyUnitAbbr"":""kg"",""qty"":4921761,""isQtyEstimated"":false,""altQtyUnitCode"":21,""altQtyUnitAbbr"":""1000 KG"",""altQty"":4921.761,""isAltQtyEstimated"":false,""netWgt"":4921761,""isNetWgtEstimated"":false,""grossWgt"":0,""isGrossWgtEstimated"":false,""cifvalue"":0,""fobvalue"":8051085.026,""primaryValue"":8051085.026,""legacyEstimationFlag"":0,""isReported"":true,""isAggregate"":false}"
,UN Comtrade,https://comtradeapi.un.org/public/v1/preview/C/A/HS?reporterCode=704&flowCode=X&cmdCode=090111&period=2021&includeDesc=true,2026-05-30T19:13:38.772Z,"{""reporters"":[{""endpoint"":""https://comtradeapi.un.org/public/v1/preview/C/A/HS"",""reporterCode"":704,""reporterISO"":""VNM"",""flowCode"":""X"",""cmdCode"":""090111"",""period"":""2020,2021,2022,2023,2024,2025"",""includeDesc"":true},{""endpoint"":""https://comtradeapi.un.org/public/v1/preview/C/A/HS"",""reporterCode"":76,""reporterISO"":""BRA"",""flowCode"":""X"",""cmdCode"":""090111"",""period"":""2020,2021,2022,2023,2024,2025"",""includeDesc"":true},{""endpoint"":""https://comtradeapi.un.org/public/v1/preview/C/A/HS"",""reporterCode"":360,""reporterISO"":""IDN"",""flowCode"":""X"",""cmdCode"":""090111"",""period"":""2020,2021,2022,2023,2024,2025"",""includeDesc"":true}]}",C,A,20210101,2021,704,VNM,Viet Nam,792,TUR,Türkiye,0,W00,World,X,Export,H5,090111,Coffee; not roasted or decaffeinated,C00,TOTAL CPC,0,TOTAL MOT,8,kg,998020,998020,0,2106937.408,true,true,false,"{""typeCode"":""C"",""freqCode"":""A"",""refPeriodId"":20210101,""refYear"":2021,""refMonth"":52,""period"":""2021"",""reporterCode"":704,""reporterISO"":""VNM"",""reporterDesc"":""Viet Nam"",""flowCode"":""X"",""flowDesc"":""Export"",""partnerCode"":792,""partnerISO"":""TUR"",""partnerDesc"":""Türkiye"",""partner2Code"":0,""partner2ISO"":""W00"",""partner2Desc"":""World"",""classificationCode"":""H5"",""classificationSearchCode"":""HS"",""isOriginalClassification"":true,""cmdCode"":""090111"",""cmdDesc"":""Coffee; not roasted or decaffeinated"",""aggrLevel"":6,""isLeaf"":true,""customsCode"":""C00"",""customsDesc"":""TOTAL CPC"",""mosCode"":""0"",""motCode"":0,""motDesc"":""TOTAL MOT"",""qtyUnitCode"":8,""qtyUnitAbbr"":""kg"",""qty"":998020,""isQtyEstimated"":false,""altQtyUnitCode"":21,""altQtyUnitAbbr"":""1000 KG"",""altQty"":998.02,""isAltQtyEstimated"":false,""netWgt"":998020,""isNetWgtEstimated"":false,""grossWgt"":0,""isGrossWgtEstimated"":false,""cifvalue"":0,""fobvalue"":2106937.408,""primaryValue"":2106937.408,""legacyEstimationFlag"":0,""isReported"":true,""isAggregate"":false}"
,UN Comtrade,https://comtradeapi.un.org/public/v1/preview/C/A/HS?reporterCode=704&flowCode=X&cmdCode=090111&period=2021&includeDesc=true,2026-05-30T19:13:38.772Z,"{""reporters"":[{""endpoint"":""https://comtradeapi.un.org/public/v1/preview/C/A/HS"",""reporterCode"":704,""reporterISO"":""VNM"",""flowCode"":""X"",""cmdCode"":""090111"",""period"":""2020,2021,2022,2023,2024,2025"",""includeDesc"":true},{""endpoint"":""https://comtradeapi.un.org/public/v1/preview/C/A/HS"",""reporterCode"":76,""reporterISO"":""BRA"",""flowCode"":""X"",""cmdCode"":""090111"",""period"":""2020,2021,2022,2023,2024,2025"",""includeDesc"":true},{""endpoint"":""https://comtradeapi.un.org/public/v1/preview/C/A/HS"",""reporterCode"":360,""reporterISO"":""IDN"",""flowCode"":""X"",""cmdCode"":""090111"",""period"":""2020,2021,2022,2023,2024,2025"",""includeDesc"":true}]}",C,A,20210101,2021,704,VNM,Viet Nam,804,UKR,Ukraine,0,W00,World,X,Export,H5,090111,Coffee; not roasted or decaffeinated,C00,TOTAL CPC,0,TOTAL MOT,8,kg,6080547,6080547,0,10752699.273,true,true,false,"{""typeCode"":""C"",""freqCode"":""A"",""refPeriodId"":20210101,""refYear"":2021,""refMonth"":52,""period"":""2021"",""reporterCode"":704,""reporterISO"":""VNM"",""reporterDesc"":""Viet Nam"",""flowCode"":""X"",""flowDesc"":""Export"",""partnerCode"":804,""partnerISO"":""UKR"",""partnerDesc"":""Ukraine"",""partner2Code"":0,""partner2ISO"":""W00"",""partner2Desc"":""World"",""classificationCode"":""H5"",""classificationSearchCode"":""HS"",""isOriginalClassification"":true,""cmdCode"":""090111"",""cmdDesc"":""Coffee; not roasted or decaffeinated"",""aggrLevel"":6,""isLeaf"":true,""customsCode"":""C00"",""customsDesc"":""TOTAL CPC"",""mosCode"":""0"",""motCode"":0,""motDesc"":""TOTAL MOT"",""qtyUnitCode"":8,""qtyUnitAbbr"":""kg"",""qty"":6080547,""isQtyEstimated"":false,""altQtyUnitCode"":21,""altQtyUnitAbbr"":""1000 KG"",""altQty"":6080.547,""isAltQtyEstimated"":false,""netWgt"":6080547,""isNetWgtEstimated"":false,""grossWgt"":0,""isGrossWgtEstimated"":false,""cifvalue"":0,""fobvalue"":10752699.273,""primaryValue"":10752699.273,""legacyEstimationFlag"":0,""isReported"":true,""isAggregate"":false}"
,UN Comtrade,https://comtradeapi.un.org/public/v1/preview/C/A/HS?reporterCode=704&flowCode=X&cmdCode=090111&period=2021&includeDesc=true,2026-05-30T19:13:38.772Z,"{""reporters"":[{""endpoint"":""https://comtradeapi.un.org/public/v1/preview/C/A/HS"",""reporterCode"":704,""reporterISO"":""VNM"",""flowCode"":""X"",""cmdCode"":""090111"",""period"":""2020,2021,2022,2023,2024,2025"",""includeDesc"":true},{""endpoint"":""https://comtradeapi.un.org/public/v1/preview/C/A/HS"",""reporterCode"":76,""reporterISO"":""BRA"",""flowCode"":""X"",""cmdCode"":""090111"",""period"":""2020,2021,2022,2023,2024,2025"",""includeDesc"":true},{""endpoint"":""https://comtradeapi.un.org/public/v1/preview/C/A/HS"",""reporterCode"":360,""reporterISO"":""IDN"",""flowCode"":""X"",""cmdCode"":""090111"",""period"":""2020,2021,2022,2023,2024,2025"",""includeDesc"":true}]}",C,A,20210101,2021,704,VNM,Viet Nam,818,EGY,Egypt,0,W00,World,X,Export,H5,090111,Coffee; not roasted or decaffeinated,C00,TOTAL CPC,0,TOTAL MOT,8,kg,14349436,14349436,0,26398399.861,true,true,false,"{""typeCode"":""C"",""freqCode"":""A"",""refPeriodId"":20210101,""refYear"":2021,""refMonth"":52,""period"":""2021"",""reporterCode"":704,""reporterISO"":""VNM"",""reporterDesc"":""Viet Nam"",""flowCode"":""X"",""flowDesc"":""Export"",""partnerCode"":818,""partnerISO"":""EGY"",""partnerDesc"":""Egypt"",""partner2Code"":0,""partner2ISO"":""W00"",""partner2Desc"":""World"",""classificationCode"":""H5"",""classificationSearchCode"":""HS"",""isOriginalClassification"":true,""cmdCode"":""090111"",""cmdDesc"":""Coffee; not roasted or decaffeinated"",""aggrLevel"":6,""isLeaf"":true,""customsCode"":""C00"",""customsDesc"":""TOTAL CPC"",""mosCode"":""0"",""motCode"":0,""motDesc"":""TOTAL MOT"",""qtyUnitCode"":8,""qtyUnitAbbr"":""kg"",""qty"":14349436,""isQtyEstimated"":false,""altQtyUnitCode"":21,""altQtyUnitAbbr"":""1000 KG"",""altQty"":14349.436,""isAltQtyEstimated"":false,""netWgt"":14349436,""isNetWgtEstimated"":false,""grossWgt"":0,""isGrossWgtEstimated"":false,""cifvalue"":0,""fobvalue"":26398399.861,""primaryValue"":26398399.861,""legacyEstimationFlag"":0,""isReported"":true,""isAggregate"":false}"
,UN Comtrade,https://comtradeapi.un.org/public/v1/preview/C/A/HS?reporterCode=704&flowCode=X&cmdCode=090111&period=2021&includeDesc=true,2026-05-30T19:13:38.772Z,"{""reporters"":[{""endpoint"":""https://comtradeapi.un.org/public/v1/preview/C/A/HS"",""reporterCode"":704,""reporterISO"":""VNM"",""flowCode"":""X"",""cmdCode"":""090111"",""period"":""2020,2021,2022,2023,2024,2025"",""includeDesc"":true},{""endpoint"":""https://comtradeapi.un.org/public/v1/preview/C/A/HS"",""reporterCode"":76,""reporterISO"":""BRA"",""flowCode"":""X"",""cmdCode"":""090111"",""period"":""2020,2021,2022,2023,2024,2025"",""includeDesc"":true},{""endpoint"":""https://comtradeapi.un.org/public/v1/preview/C/A/HS"",""reporterCode"":360,""reporterISO"":""IDN"",""flowCode"":""X"",""cmdCode"":""090111"",""period"":""2020,2021,2022,2023,2024,2025"",""includeDesc"":true}]}",C,A,20210101,2021,704,VNM,Viet Nam,826,GBR,United Kingdom,0,W00,World,X,Export,H5,090111,Coffee; not roasted or decaffeinated,C00,TOTAL CPC,0,TOTAL MOT,8,kg,28131510,28131510,0,49509285.222,true,true,false,"{""typeCode"":""C"",""freqCode"":""A"",""refPeriodId"":20210101,""refYear"":2021,""refMonth"":52,""period"":""2021"",""reporterCode"":704,""reporterISO"":""VNM"",""reporterDesc"":""Viet Nam"",""flowCode"":""X"",""flowDesc"":""Export"",""partnerCode"":826,""partnerISO"":""GBR"",""partnerDesc"":""United Kingdom"",""partner2Code"":0,""partner2ISO"":""W00"",""partner2Desc"":""World"",""classificationCode"":""H5"",""classificationSearchCode"":""HS"",""isOriginalClassification"":true,""cmdCode"":""090111"",""cmdDesc"":""Coffee; not roasted or decaffeinated"",""aggrLevel"":6,""isLeaf"":true,""customsCode"":""C00"",""customsDesc"":""TOTAL CPC"",""mosCode"":""0"",""motCode"":0,""motDesc"":""TOTAL MOT"",""qtyUnitCode"":8,""qtyUnitAbbr"":""kg"",""qty"":28131510,""isQtyEstimated"":false,""altQtyUnitCode"":21,""altQtyUnitAbbr"":""1000 KG"",""altQty"":28131.51,""isAltQtyEstimated"":false,""netWgt"":28131510,""isNetWgtEstimated"":false,""grossWgt"":0,""isGrossWgtEstimated"":false,""cifvalue"":0,""fobvalue"":49509285.222,""primaryValue"":49509285.222,""legacyEstimationFlag"":0,""isReported"":true,""isAggregate"":false}"
,UN Comtrade,https://comtradeapi.un.org/public/v1/preview/C/A/HS?reporterCode=704&flowCode=X&cmdCode=090111&period=2021&includeDesc=true,2026-05-30T19:13:38.772Z,"{""reporters"":[{""endpoint"":""https://comtradeapi.un.org/public/v1/preview/C/A/HS"",""reporterCode"":704,""reporterISO"":""VNM"",""flowCode"":""X"",""cmdCode"":""090111"",""period"":""2020,2021,2022,2023,2024,2025"",""includeDesc"":true},{""endpoint"":""https://comtradeapi.un.org/public/v1/preview/C/A/HS"",""reporterCode"":76,""reporterISO"":""BRA"",""flowCode"":""X"",""cmdCode"":""090111"",""period"":""2020,2021,2022,2023,2024,2025"",""includeDesc"":true},{""endpoint"":""https://comtradeapi.un.org/public/v1/preview/C/A/HS"",""reporterCode"":360,""reporterISO"":""IDN"",""flowCode"":""X"",""cmdCode"":""090111"",""period"":""2020,2021,2022,2023,2024,2025"",""includeDesc"":true}]}",C,A,20210101,2021,704,VNM,Viet Nam,842,USA,USA,0,W00,World,X,Export,H5,090111,Coffee; not roasted or decaffeinated,C00,TOTAL CPC,0,TOTAL MOT,8,kg,122241060,122241060,0,226239632.851,true,true,false,"{""typeCode"":""C"",""freqCode"":""A"",""refPeriodId"":20210101,""refYear"":2021,""refMonth"":52,""period"":""2021"",""reporterCode"":704,""reporterISO"":""VNM"",""reporterDesc"":""Viet Nam"",""flowCode"":""X"",""flowDesc"":""Export"",""partnerCode"":842,""partnerISO"":""USA"",""partnerDesc"":""USA"",""partner2Code"":0,""partner2ISO"":""W00"",""partner2Desc"":""World"",""classificationCode"":""H5"",""classificationSearchCode"":""HS"",""isOriginalClassification"":true,""cmdCode"":""090111"",""cmdDesc"":""Coffee; not roasted or decaffeinated"",""aggrLevel"":6,""isLeaf"":true,""customsCode"":""C00"",""customsDesc"":""TOTAL CPC"",""mosCode"":""0"",""motCode"":0,""motDesc"":""TOTAL MOT"",""qtyUnitCode"":8,""qtyUnitAbbr"":""kg"",""qty"":122241060,""isQtyEstimated"":false,""altQtyUnitCode"":21,""altQtyUnitAbbr"":""1000 KG"",""altQty"":122241.06,""isAltQtyEstimated"":false,""netWgt"":122241060,""isNetWgtEstimated"":false,""grossWgt"":0,""isGrossWgtEstimated"":false,""cifvalue"":0,""fobvalue"":226239632.851,""primaryValue"":226239632.851,""legacyEstimationFlag"":0,""isReported"":true,""isAggregate"":false}"
,UN Comtrade,https://comtradeapi.un.org/public/v1/preview/C/A/HS?reporterCode=704&flowCode=X&cmdCode=090111&period=2021&includeDesc=true,2026-05-30T19:13:38.772Z,"{""reporters"":[{""endpoint"":""https://comtradeapi.un.org/public/v1/preview/C/A/HS"",""reporterCode"":704,""reporterISO"":""VNM"",""flowCode"":""X"",""cmdCode"":""090111"",""period"":""2020,2021,2022,2023,2024,2025"",""includeDesc"":true},{""endpoint"":""https://comtradeapi.un.org/public/v1/preview/C/A/HS"",""reporterCode"":76,""reporterISO"":""BRA"",""flowCode"":""X"",""cmdCode"":""090111"",""period"":""2020,2021,2022,2023,2024,2025"",""includeDesc"":true},{""endpoint"":""https://comtradeapi.un.org/public/v1/preview/C/A/HS"",""reporterCode"":360,""reporterISO"":""IDN"",""flowCode"":""X"",""cmdCode"":""090111"",""period"":""2020,2021,2022,2023,2024,2025"",""includeDesc"":true}]}",C,A,20210101,2021,704,VNM,Viet Nam,858,URY,Uruguay,0,W00,World,X,Export,H5,090111,Coffee; not roasted or decaffeinated,C00,TOTAL CPC,0,TOTAL MOT,8,kg,700,700,0,3500,true,true,false,"{""typeCode"":""C"",""freqCode"":""A"",""refPeriodId"":20210101,""refYear"":2021,""refMonth"":52,""period"":""2021"",""reporterCode"":704,""reporterISO"":""VNM"",""reporterDesc"":""Viet Nam"",""flowCode"":""X"",""flowDesc"":""Export"",""partnerCode"":858,""partnerISO"":""URY"",""partnerDesc"":""Uruguay"",""partner2Code"":0,""partner2ISO"":""W00"",""partner2Desc"":""World"",""classificationCode"":""H5"",""classificationSearchCode"":""HS"",""isOriginalClassification"":true,""cmdCode"":""090111"",""cmdDesc"":""Coffee; not roasted or decaffeinated"",""aggrLevel"":6,""isLeaf"":true,""customsCode"":""C00"",""customsDesc"":""TOTAL CPC"",""mosCode"":""0"",""motCode"":0,""motDesc"":""TOTAL MOT"",""qtyUnitCode"":8,""qtyUnitAbbr"":""kg"",""qty"":700,""isQtyEstimated"":false,""altQtyUnitCode"":21,""altQtyUnitAbbr"":""1000 KG"",""altQty"":0.7,""isAltQtyEstimated"":false,""netWgt"":700,""isNetWgtEstimated"":false,""grossWgt"":0,""isGrossWgtEstimated"":false,""cifvalue"":0,""fobvalue"":3500,""primaryValue"":3500,""legacyEstimationFlag"":0,""isReported"":true,""isAggregate"":false}"
,UN Comtrade,https://comtradeapi.un.org/public/v1/preview/C/A/HS?reporterCode=704&flowCode=X&cmdCode=090111&period=2022&includeDesc=true,2026-05-30T19:13:38.772Z,"{""reporters"":[{""endpoint"":""https://comtradeapi.un.org/public/v1/preview/C/A/HS"",""reporterCode"":704,""reporterISO"":""VNM"",""flowCode"":""X"",""cmdCode"":""090111"",""period"":""2020,2021,2022,2023,2024,2025"",""includeDesc"":true},{""endpoint"":""https://comtradeapi.un.org/public/v1/preview/C/A/HS"",""reporterCode"":76,""reporterISO"":""BRA"",""flowCode"":""X"",""cmdCode"":""090111"",""period"":""2020,2021,2022,2023,2024,2025"",""includeDesc"":true},{""endpoint"":""https://comtradeapi.un.org/public/v1/preview/C/A/HS"",""reporterCode"":360,""reporterISO"":""IDN"",""flowCode"":""X"",""cmdCode"":""090111"",""period"":""2020,2021,2022,2023,2024,2025"",""includeDesc"":true}]}",C,A,20220101,2022,704,VNM,Viet Nam,0,W00,World,0,W00,World,X,Export,H6,090111,Coffee; not roasted or decaffeinated,C00,TOTAL CPC,0,TOTAL MOT,8,kg,1352901350.961,1352901350.961,0,2822756074.485,true,false,true,"{""typeCode"":""C"",""freqCode"":""A"",""refPeriodId"":20220101,""refYear"":2022,""refMonth"":52,""period"":""2022"",""reporterCode"":704,""reporterISO"":""VNM"",""reporterDesc"":""Viet Nam"",""flowCode"":""X"",""flowDesc"":""Export"",""partnerCode"":0,""partnerISO"":""W00"",""partnerDesc"":""World"",""partner2Code"":0,""partner2ISO"":""W00"",""partner2Desc"":""World"",""classificationCode"":""H6"",""classificationSearchCode"":""HS"",""isOriginalClassification"":true,""cmdCode"":""090111"",""cmdDesc"":""Coffee; not roasted or decaffeinated"",""aggrLevel"":6,""isLeaf"":true,""customsCode"":""C00"",""customsDesc"":""TOTAL CPC"",""mosCode"":""0"",""motCode"":0,""motDesc"":""TOTAL MOT"",""qtyUnitCode"":8,""qtyUnitAbbr"":""kg"",""qty"":1352901350.961,""isQtyEstimated"":true,""altQtyUnitCode"":-1,""altQtyUnitAbbr"":""N/A"",""altQty"":0,""isAltQtyEstimated"":false,""netWgt"":1352901350.961,""isNetWgtEstimated"":true,""grossWgt"":0,""isGrossWgtEstimated"":false,""cifvalue"":null,""fobvalue"":2822756074.485,""primaryValue"":2822756074.485,""legacyEstimationFlag"":6,""isReported"":false,""isAggregate"":true}"
,UN Comtrade,https://comtradeapi.un.org/public/v1/preview/C/A/HS?reporterCode=704&flowCode=X&cmdCode=090111&period=2022&includeDesc=true,2026-05-30T19:13:38.772Z,"{""reporters"":[{""endpoint"":""https://comtradeapi.un.org/public/v1/preview/C/A/HS"",""reporterCode"":704,""reporterISO"":""VNM"",""flowCode"":""X"",""cmdCode"":""090111"",""period"":""2020,2021,2022,2023,2024,2025"",""includeDesc"":true},{""endpoint"":""https://comtradeapi.un.org/public/v1/preview/C/A/HS"",""reporterCode"":76,""reporterISO"":""BRA"",""flowCode"":""X"",""cmdCode"":""090111"",""period"":""2020,2021,2022,2023,2024,2025"",""includeDesc"":true},{""endpoint"":""https://comtradeapi.un.org/public/v1/preview/C/A/HS"",""reporterCode"":360,""reporterISO"":""IDN"",""flowCode"":""X"",""cmdCode"":""090111"",""period"":""2020,2021,2022,2023,2024,2025"",""includeDesc"":true}]}",C,A,20220101,2022,704,VNM,Viet Nam,12,DZA,Algeria,0,W00,World,X,Export,H6,090111,Coffee; not roasted or decaffeinated,C00,TOTAL CPC,0,TOTAL MOT,8,kg,42493930,42493930,0,84978580.273,true,false,true,"{""typeCode"":""C"",""freqCode"":""A"",""refPeriodId"":20220101,""refYear"":2022,""refMonth"":52,""period"":""2022"",""reporterCode"":704,""reporterISO"":""VNM"",""reporterDesc"":""Viet Nam"",""flowCode"":""X"",""flowDesc"":""Export"",""partnerCode"":12,""partnerISO"":""DZA"",""partnerDesc"":""Algeria"",""partner2Code"":0,""partner2ISO"":""W00"",""partner2Desc"":""World"",""classificationCode"":""H6"",""classificationSearchCode"":""HS"",""isOriginalClassification"":true,""cmdCode"":""090111"",""cmdDesc"":""Coffee; not roasted or decaffeinated"",""aggrLevel"":6,""isLeaf"":true,""customsCode"":""C00"",""customsDesc"":""TOTAL CPC"",""mosCode"":""0"",""motCode"":0,""motDesc"":""TOTAL MOT"",""qtyUnitCode"":8,""qtyUnitAbbr"":""kg"",""qty"":42493930,""isQtyEstimated"":false,""altQtyUnitCode"":21,""altQtyUnitAbbr"":""1000 KG"",""altQty"":42493.93,""isAltQtyEstimated"":false,""netWgt"":42493930,""isNetWgtEstimated"":false,""grossWgt"":0,""isGrossWgtEstimated"":false,""cifvalue"":null,""fobvalue"":84978580.273,""primaryValue"":84978580.273,""legacyEstimationFlag"":0,""isReported"":false,""isAggregate"":true}"
,UN Comtrade,https://comtradeapi.un.org/public/v1/preview/C/A/HS?reporterCode=704&flowCode=X&cmdCode=090111&period=2022&includeDesc=true,2026-05-30T19:13:38.772Z,"{""reporters"":[{""endpoint"":""https://comtradeapi.un.org/public/v1/preview/C/A/HS"",""reporterCode"":704,""reporterISO"":""VNM"",""flowCode"":""X"",""cmdCode"":""090111"",""period"":""2020,2021,2022,2023,2024,2025"",""includeDesc"":true},{""endpoint"":""https://comtradeapi.un.org/public/v1/preview/C/A/HS"",""reporterCode"":76,""reporterISO"":""BRA"",""flowCode"":""X"",""cmdCode"":""090111"",""period"":""2020,2021,2022,2023,2024,2025"",""includeDesc"":true},{""endpoint"":""https://comtradeapi.un.org/public/v1/preview/C/A/HS"",""reporterCode"":360,""reporterISO"":""IDN"",""flowCode"":""X"",""cmdCode"":""090111"",""period"":""2020,2021,2022,2023,2024,2025"",""includeDesc"":true}]}",C,A,20220101,2022,704,VNM,Viet Nam,32,ARG,Argentina,0,W00,World,X,Export,H6,090111,Coffee; not roasted or decaffeinated,C00,TOTAL CPC,0,TOTAL MOT,8,kg,248800,248800,0,513261.28,true,false,true,"{""typeCode"":""C"",""freqCode"":""A"",""refPeriodId"":20220101,""refYear"":2022,""refMonth"":52,""period"":""2022"",""reporterCode"":704,""reporterISO"":""VNM"",""reporterDesc"":""Viet Nam"",""flowCode"":""X"",""flowDesc"":""Export"",""partnerCode"":32,""partnerISO"":""ARG"",""partnerDesc"":""Argentina"",""partner2Code"":0,""partner2ISO"":""W00"",""partner2Desc"":""World"",""classificationCode"":""H6"",""classificationSearchCode"":""HS"",""isOriginalClassification"":true,""cmdCode"":""090111"",""cmdDesc"":""Coffee; not roasted or decaffeinated"",""aggrLevel"":6,""isLeaf"":true,""customsCode"":""C00"",""customsDesc"":""TOTAL CPC"",""mosCode"":""0"",""motCode"":0,""motDesc"":""TOTAL MOT"",""qtyUnitCode"":8,""qtyUnitAbbr"":""kg"",""qty"":248800,""isQtyEstimated"":false,""altQtyUnitCode"":21,""altQtyUnitAbbr"":""1000 KG"",""altQty"":248.8,""isAltQtyEstimated"":false,""netWgt"":248800,""isNetWgtEstimated"":false,""grossWgt"":0,""isGrossWgtEstimated"":false,""cifvalue"":null,""fobvalue"":513261.28,""primaryValue"":513261.28,""legacyEstimationFlag"":0,""isReported"":false,""isAggregate"":true}"
,UN Comtrade,https://comtradeapi.un.org/public/v1/preview/C/A/HS?reporterCode=704&flowCode=X&cmdCode=090111&period=2022&includeDesc=true,2026-05-30T19:13:38.772Z,"{""reporters"":[{""endpoint"":""https://comtradeapi.un.org/public/v1/preview/C/A/HS"",""reporterCode"":704,""reporterISO"":""VNM"",""flowCode"":""X"",""cmdCode"":""090111"",""period"":""2020,2021,2022,2023,2024,2025"",""includeDesc"":true},{""endpoint"":""https://comtradeapi.un.org/public/v1/preview/C/A/HS"",""reporterCode"":76,""reporterISO"":""BRA"",""flowCode"":""X"",""cmdCode"":""090111"",""period"":""2020,2021,2022,2023,2024,2025"",""includeDesc"":true},{""endpoint"":""https://comtradeapi.un.org/public/v1/preview/C/A/HS"",""reporterCode"":360,""reporterISO"":""IDN"",""flowCode"":""X"",""cmdCode"":""090111"",""period"":""2020,2021,2022,2023,2024,2025"",""includeDesc"":true}]}",C,A,20220101,2022,704,VNM,Viet Nam,36,AUS,Australia,0,W00,World,X,Export,H6,090111,Coffee; not roasted or decaffeinated,C00,TOTAL CPC,0,TOTAL MOT,8,kg,18653080,18653080,0,38665818.01,true,false,true,"{""typeCode"":""C"",""freqCode"":""A"",""refPeriodId"":20220101,""refYear"":2022,""refMonth"":52,""period"":""2022"",""reporterCode"":704,""reporterISO"":""VNM"",""reporterDesc"":""Viet Nam"",""flowCode"":""X"",""flowDesc"":""Export"",""partnerCode"":36,""partnerISO"":""AUS"",""partnerDesc"":""Australia"",""partner2Code"":0,""partner2ISO"":""W00"",""partner2Desc"":""World"",""classificationCode"":""H6"",""classificationSearchCode"":""HS"",""isOriginalClassification"":true,""cmdCode"":""090111"",""cmdDesc"":""Coffee; not roasted or decaffeinated"",""aggrLevel"":6,""isLeaf"":true,""customsCode"":""C00"",""customsDesc"":""TOTAL CPC"",""mosCode"":""0"",""motCode"":0,""motDesc"":""TOTAL MOT"",""qtyUnitCode"":8,""qtyUnitAbbr"":""kg"",""qty"":18653080,""isQtyEstimated"":false,""altQtyUnitCode"":21,""altQtyUnitAbbr"":""1000 KG"",""altQty"":18653.08,""isAltQtyEstimated"":false,""netWgt"":18653080,""isNetWgtEstimated"":false,""grossWgt"":0,""isGrossWgtEstimated"":false,""cifvalue"":null,""fobvalue"":38665818.01,""primaryValue"":38665818.01,""legacyEstimationFlag"":0,""isReported"":false,""isAggregate"":true}"
,UN Comtrade,https://comtradeapi.un.org/public/v1/preview/C/A/HS?reporterCode=704&flowCode=X&cmdCode=090111&period=2022&includeDesc=true,2026-05-30T19:13:38.772Z,"{""reporters"":[{""endpoint"":""https://comtradeapi.un.org/public/v1/preview/C/A/HS"",""reporterCode"":704,""reporterISO"":""VNM"",""flowCode"":""X"",""cmdCode"":""090111"",""period"":""2020,2021,2022,2023,2024,2025"",""includeDesc"":true},{""endpoint"":""https://comtradeapi.un.org/public/v1/preview/C/A/HS"",""reporterCode"":76,""reporterISO"":""BRA"",""flowCode"":""X"",""cmdCode"":""090111"",""period"":""2020,2021,2022,2023,2024,2025"",""includeDesc"":true},{""endpoint"":""https://comtradeapi.un.org/public/v1/preview/C/A/HS"",""reporterCode"":360,""reporterISO"":""IDN"",""flowCode"":""X"",""cmdCode"":""090111"",""period"":""2020,2021,2022,2023,2024,2025"",""includeDesc"":true}]}",C,A,20220101,2022,704,VNM,Viet Nam,50,BGD,Bangladesh,0,W00,World,X,Export,H6,090111,Coffee; not roasted or decaffeinated,C00,TOTAL CPC,0,TOTAL MOT,8,kg,4000,4000,0,16100,true,false,true,"{""typeCode"":""C"",""freqCode"":""A"",""refPeriodId"":20220101,""refYear"":2022,""refMonth"":52,""period"":""2022"",""reporterCode"":704,""reporterISO"":""VNM"",""reporterDesc"":""Viet Nam"",""flowCode"":""X"",""flowDesc"":""Export"",""partnerCode"":50,""partnerISO"":""BGD"",""partnerDesc"":""Bangladesh"",""partner2Code"":0,""partner2ISO"":""W00"",""partner2Desc"":""World"",""classificationCode"":""H6"",""classificationSearchCode"":""HS"",""isOriginalClassification"":true,""cmdCode"":""090111"",""cmdDesc"":""Coffee; not roasted or decaffeinated"",""aggrLevel"":6,""isLeaf"":true,""customsCode"":""C00"",""customsDesc"":""TOTAL CPC"",""mosCode"":""0"",""motCode"":0,""motDesc"":""TOTAL MOT"",""qtyUnitCode"":8,""qtyUnitAbbr"":""kg"",""qty"":4000,""isQtyEstimated"":false,""altQtyUnitCode"":21,""altQtyUnitAbbr"":""1000 KG"",""altQty"":4,""isAltQtyEstimated"":false,""netWgt"":4000,""isNetWgtEstimated"":false,""grossWgt"":0,""isGrossWgtEstimated"":false,""cifvalue"":null,""fobvalue"":16100,""primaryValue"":16100,""legacyEstimationFlag"":0,""isReported"":false,""isAggregate"":true}"
,UN Comtrade,https://comtradeapi.un.org/public/v1/preview/C/A/HS?reporterCode=704&flowCode=X&cmdCode=090111&period=2022&includeDesc=true,2026-05-30T19:13:38.772Z,"{""reporters"":[{""endpoint"":""https://comtradeapi.un.org/public/v1/preview/C/A/HS"",""reporterCode"":704,""reporterISO"":""VNM"",""flowCode"":""X"",""cmdCode"":""090111"",""period"":""2020,2021,2022,2023,2024,2025"",""includeDesc"":true},{""endpoint"":""https://comtradeapi.un.org/public/v1/preview/C/A/HS"",""reporterCode"":76,""reporterISO"":""BRA"",""flowCode"":""X"",""cmdCode"":""090111"",""period"":""2020,2021,2022,2023,2024,2025"",""includeDesc"":true},{""endpoint"":""https://comtradeapi.un.org/public/v1/preview/C/A/HS"",""reporterCode"":360,""reporterISO"":""IDN"",""flowCode"":""X"",""cmdCode"":""090111"",""period"":""2020,2021,2022,2023,2024,2025"",""includeDesc"":true}]}",C,A,20220101,2022,704,VNM,Viet Nam,56,BEL,Belgium,0,W00,World,X,Export,H6,090111,Coffee; not roasted or decaffeinated,C00,TOTAL CPC,0,TOTAL MOT,8,kg,120673600,120673600,0,253068843.617,true,false,true,"{""typeCode"":""C"",""freqCode"":""A"",""refPeriodId"":20220101,""refYear"":2022,""refMonth"":52,""period"":""2022"",""reporterCode"":704,""reporterISO"":""VNM"",""reporterDesc"":""Viet Nam"",""flowCode"":""X"",""flowDesc"":""Export"",""partnerCode"":56,""partnerISO"":""BEL"",""partnerDesc"":""Belgium"",""partner2Code"":0,""partner2ISO"":""W00"",""partner2Desc"":""World"",""classificationCode"":""H6"",""classificationSearchCode"":""HS"",""isOriginalClassification"":true,""cmdCode"":""090111"",""cmdDesc"":""Coffee; not roasted or decaffeinated"",""aggrLevel"":6,""isLeaf"":true,""customsCode"":""C00"",""customsDesc"":""TOTAL CPC"",""mosCode"":""0"",""motCode"":0,""motDesc"":""TOTAL MOT"",""qtyUnitCode"":8,""qtyUnitAbbr"":""kg"",""qty"":120673600,""isQtyEstimated"":false,""altQtyUnitCode"":21,""altQtyUnitAbbr"":""1000 KG"",""altQty"":120673.6,""isAltQtyEstimated"":false,""netWgt"":120673600,""isNetWgtEstimated"":false,""grossWgt"":0,""isGrossWgtEstimated"":false,""cifvalue"":null,""fobvalue"":253068843.617,""primaryValue"":253068843.617,""legacyEstimationFlag"":0,""isReported"":false,""isAggregate"":true}"
,UN Comtrade,https://comtradeapi.un.org/public/v1/preview/C/A/HS?reporterCode=704&flowCode=X&cmdCode=090111&period=2022&includeDesc=true,2026-05-30T19:13:38.772Z,"{""reporters"":[{""endpoint"":""https://comtradeapi.un.org/public/v1/preview/C/A/HS"",""reporterCode"":704,""reporterISO"":""VNM"",""flowCode"":""X"",""cmdCode"":""090111"",""period"":""2020,2021,2022,2023,2024,2025"",""includeDesc"":true},{""endpoint"":""https://comtradeapi.un.org/public/v1/preview/C/A/HS"",""reporterCode"":76,""reporterISO"":""BRA"",""flowCode"":""X"",""cmdCode"":""090111"",""period"":""2020,2021,2022,2023,2024,2025"",""includeDesc"":true},{""endpoint"":""https://comtradeapi.un.org/public/v1/preview/C/A/HS"",""reporterCode"":360,""reporterISO"":""IDN"",""flowCode"":""X"",""cmdCode"":""090111"",""period"":""2020,2021,2022,2023,2024,2025"",""includeDesc"":true}]}",C,A,20220101,2022,704,VNM,Viet Nam,76,BRA,Brazil,0,W00,World,X,Export,H6,090111,Coffee; not roasted or decaffeinated,C00,TOTAL CPC,0,TOTAL MOT,8,kg,300000,300000,0,574500,true,false,true,"{""typeCode"":""C"",""freqCode"":""A"",""refPeriodId"":20220101,""refYear"":2022,""refMonth"":52,""period"":""2022"",""reporterCode"":704,""reporterISO"":""VNM"",""reporterDesc"":""Viet Nam"",""flowCode"":""X"",""flowDesc"":""Export"",""partnerCode"":76,""partnerISO"":""BRA"",""partnerDesc"":""Brazil"",""partner2Code"":0,""partner2ISO"":""W00"",""partner2Desc"":""World"",""classificationCode"":""H6"",""classificationSearchCode"":""HS"",""isOriginalClassification"":true,""cmdCode"":""090111"",""cmdDesc"":""Coffee; not roasted or decaffeinated"",""aggrLevel"":6,""isLeaf"":true,""customsCode"":""C00"",""customsDesc"":""TOTAL CPC"",""mosCode"":""0"",""motCode"":0,""motDesc"":""TOTAL MOT"",""qtyUnitCode"":8,""qtyUnitAbbr"":""kg"",""qty"":300000,""isQtyEstimated"":false,""altQtyUnitCode"":21,""altQtyUnitAbbr"":""1000 KG"",""altQty"":300,""isAltQtyEstimated"":false,""netWgt"":300000,""isNetWgtEstimated"":false,""grossWgt"":0,""isGrossWgtEstimated"":false,""cifvalue"":null,""fobvalue"":574500,""primaryValue"":574500,""legacyEstimationFlag"":0,""isReported"":false,""isAggregate"":true}"
,UN Comtrade,https://comtradeapi.un.org/public/v1/preview/C/A/HS?reporterCode=704&flowCode=X&cmdCode=090111&period=2022&includeDesc=true,2026-05-30T19:13:38.772Z,"{""reporters"":[{""endpoint"":""https://comtradeapi.un.org/public/v1/preview/C/A/HS"",""reporterCode"":704,""reporterISO"":""VNM"",""flowCode"":""X"",""cmdCode"":""090111"",""period"":""2020,2021,2022,2023,2024,2025"",""includeDesc"":true},{""endpoint"":""https://comtradeapi.un.org/public/v1/preview/C/A/HS"",""reporterCode"":76,""reporterISO"":""BRA"",""flowCode"":""X"",""cmdCode"":""090111"",""period"":""2020,2021,2022,2023,2024,2025"",""includeDesc"":true},{""endpoint"":""https://comtradeapi.un.org/public/v1/preview/C/A/HS"",""reporterCode"":360,""reporterISO"":""IDN"",""flowCode"":""X"",""cmdCode"":""090111"",""period"":""2020,2021,2022,2023,2024,2025"",""includeDesc"":true}]}",C,A,20220101,2022,704,VNM,Viet Nam,100,BGR,Bulgaria,0,W00,World,X,Export,H6,090111,Coffee; not roasted or decaffeinated,C00,TOTAL CPC,0,TOTAL MOT,8,kg,1010220,1010220,0,3053038.619,true,false,true,"{""typeCode"":""C"",""freqCode"":""A"",""refPeriodId"":20220101,""refYear"":2022,""refMonth"":52,""period"":""2022"",""reporterCode"":704,""reporterISO"":""VNM"",""reporterDesc"":""Viet Nam"",""flowCode"":""X"",""flowDesc"":""Export"",""partnerCode"":100,""partnerISO"":""BGR"",""partnerDesc"":""Bulgaria"",""partner2Code"":0,""partner2ISO"":""W00"",""partner2Desc"":""World"",""classificationCode"":""H6"",""classificationSearchCode"":""HS"",""isOriginalClassification"":true,""cmdCode"":""090111"",""cmdDesc"":""Coffee; not roasted or decaffeinated"",""aggrLevel"":6,""isLeaf"":true,""customsCode"":""C00"",""customsDesc"":""TOTAL CPC"",""mosCode"":""0"",""motCode"":0,""motDesc"":""TOTAL MOT"",""qtyUnitCode"":8,""qtyUnitAbbr"":""kg"",""qty"":1010220,""isQtyEstimated"":false,""altQtyUnitCode"":21,""altQtyUnitAbbr"":""1000 KG"",""altQty"":1010.22,""isAltQtyEstimated"":false,""netWgt"":1010220,""isNetWgtEstimated"":false,""grossWgt"":0,""isGrossWgtEstimated"":false,""cifvalue"":null,""fobvalue"":3053038.619,""primaryValue"":3053038.619,""legacyEstimationFlag"":0,""isReported"":false,""isAggregate"":true}"
,UN Comtrade,https://comtradeapi.un.org/public/v1/preview/C/A/HS?reporterCode=704&flowCode=X&cmdCode=090111&period=2022&includeDesc=true,2026-05-30T19:13:38.772Z,"{""reporters"":[{""endpoint"":""https://comtradeapi.un.org/public/v1/preview/C/A/HS"",""reporterCode"":704,""reporterISO"":""VNM"",""flowCode"":""X"",""cmdCode"":""090111"",""period"":""2020,2021,2022,2023,2024,2025"",""includeDesc"":true},{""endpoint"":""https://comtradeapi.un.org/public/v1/preview/C/A/HS"",""reporterCode"":76,""reporterISO"":""BRA"",""flowCode"":""X"",""cmdCode"":""090111"",""period"":""2020,2021,2022,2023,2024,2025"",""includeDesc"":true},{""endpoint"":""https://comtradeapi.un.org/public/v1/preview/C/A/HS"",""reporterCode"":360,""reporterISO"":""IDN"",""flowCode"":""X"",""cmdCode"":""090111"",""period"":""2020,2021,2022,2023,2024,2025"",""includeDesc"":true}]}",C,A,20220101,2022,704,VNM,Viet Nam,104,MMR,Myanmar,0,W00,World,X,Export,H6,090111,Coffee; not roasted or decaffeinated,C00,TOTAL CPC,0,TOTAL MOT,8,kg,38348,38348,0,166140.299,true,false,true,"{""typeCode"":""C"",""freqCode"":""A"",""refPeriodId"":20220101,""refYear"":2022,""refMonth"":52,""period"":""2022"",""reporterCode"":704,""reporterISO"":""VNM"",""reporterDesc"":""Viet Nam"",""flowCode"":""X"",""flowDesc"":""Export"",""partnerCode"":104,""partnerISO"":""MMR"",""partnerDesc"":""Myanmar"",""partner2Code"":0,""partner2ISO"":""W00"",""partner2Desc"":""World"",""classificationCode"":""H6"",""classificationSearchCode"":""HS"",""isOriginalClassification"":true,""cmdCode"":""090111"",""cmdDesc"":""Coffee; not roasted or decaffeinated"",""aggrLevel"":6,""isLeaf"":true,""customsCode"":""C00"",""customsDesc"":""TOTAL CPC"",""mosCode"":""0"",""motCode"":0,""motDesc"":""TOTAL MOT"",""qtyUnitCode"":8,""qtyUnitAbbr"":""kg"",""qty"":38348,""isQtyEstimated"":false,""altQtyUnitCode"":21,""altQtyUnitAbbr"":""1000 KG"",""altQty"":38.348,""isAltQtyEstimated"":false,""netWgt"":38348,""isNetWgtEstimated"":false,""grossWgt"":0,""isGrossWgtEstimated"":false,""cifvalue"":null,""fobvalue"":166140.299,""primaryValue"":166140.299,""legacyEstimationFlag"":0,""isReported"":false,""isAggregate"":true}"
,UN Comtrade,https://comtradeapi.un.org/public/v1/preview/C/A/HS?reporterCode=704&flowCode=X&cmdCode=090111&period=2022&includeDesc=true,2026-05-30T19:13:38.772Z,"{""reporters"":[{""endpoint"":""https://comtradeapi.un.org/public/v1/preview/C/A/HS"",""reporterCode"":704,""reporterISO"":""VNM"",""flowCode"":""X"",""cmdCode"":""090111"",""period"":""2020,2021,2022,2023,2024,2025"",""includeDesc"":true},{""endpoint"":""https://comtradeapi.un.org/public/v1/preview/C/A/HS"",""reporterCode"":76,""reporterISO"":""BRA"",""flowCode"":""X"",""cmdCode"":""090111"",""period"":""2020,2021,2022,2023,2024,2025"",""includeDesc"":true},{""endpoint"":""https://comtradeapi.un.org/public/v1/preview/C/A/HS"",""reporterCode"":360,""reporterISO"":""IDN"",""flowCode"":""X"",""cmdCode"":""090111"",""period"":""2020,2021,2022,2023,2024,2025"",""includeDesc"":true}]}",C,A,20220101,2022,704,VNM,Viet Nam,116,KHM,Cambodia,0,W00,World,X,Export,H6,090111,Coffee; not roasted or decaffeinated,C00,TOTAL CPC,0,TOTAL MOT,8,kg,326621,326621,0,1107135.554,true,false,true,"{""typeCode"":""C"",""freqCode"":""A"",""refPeriodId"":20220101,""refYear"":2022,""refMonth"":52,""period"":""2022"",""reporterCode"":704,""reporterISO"":""VNM"",""reporterDesc"":""Viet Nam"",""flowCode"":""X"",""flowDesc"":""Export"",""partnerCode"":116,""partnerISO"":""KHM"",""partnerDesc"":""Cambodia"",""partner2Code"":0,""partner2ISO"":""W00"",""partner2Desc"":""World"",""classificationCode"":""H6"",""classificationSearchCode"":""HS"",""isOriginalClassification"":true,""cmdCode"":""090111"",""cmdDesc"":""Coffee; not roasted or decaffeinated"",""aggrLevel"":6,""isLeaf"":true,""customsCode"":""C00"",""customsDesc"":""TOTAL CPC"",""mosCode"":""0"",""motCode"":0,""motDesc"":""TOTAL MOT"",""qtyUnitCode"":8,""qtyUnitAbbr"":""kg"",""qty"":326621,""isQtyEstimated"":false,""altQtyUnitCode"":21,""altQtyUnitAbbr"":""1000 KG"",""altQty"":326.621,""isAltQtyEstimated"":false,""netWgt"":326621,""isNetWgtEstimated"":false,""grossWgt"":0,""isGrossWgtEstimated"":false,""cifvalue"":null,""fobvalue"":1107135.554,""primaryValue"":1107135.554,""legacyEstimationFlag"":0,""isReported"":false,""isAggregate"":true}"
,UN Comtrade,https://comtradeapi.un.org/public/v1/preview/C/A/HS?reporterCode=704&flowCode=X&cmdCode=090111&period=2022&includeDesc=true,2026-05-30T19:13:38.772Z,"{""reporters"":[{""endpoint"":""https://comtradeapi.un.org/public/v1/preview/C/A/HS"",""reporterCode"":704,""reporterISO"":""VNM"",""flowCode"":""X"",""cmdCode"":""090111"",""period"":""2020,2021,2022,2023,2024,2025"",""includeDesc"":true},{""endpoint"":""https://comtradeapi.un.org/public/v1/preview/C/A/HS"",""reporterCode"":76,""reporterISO"":""BRA"",""flowCode"":""X"",""cmdCode"":""090111"",""period"":""2020,2021,2022,2023,2024,2025"",""includeDesc"":true},{""endpoint"":""https://comtradeapi.un.org/public/v1/preview/C/A/HS"",""reporterCode"":360,""reporterISO"":""IDN"",""flowCode"":""X"",""cmdCode"":""090111"",""period"":""2020,2021,2022,2023,2024,2025"",""includeDesc"":true}]}",C,A,20220101,2022,704,VNM,Viet Nam,124,CAN,Canada,0,W00,World,X,Export,H6,090111,Coffee; not roasted or decaffeinated,C00,TOTAL CPC,0,TOTAL MOT,8,kg,6317216,6317216,0,16194601.21,true,false,true,"{""typeCode"":""C"",""freqCode"":""A"",""refPeriodId"":20220101,""refYear"":2022,""refMonth"":52,""period"":""2022"",""reporterCode"":704,""reporterISO"":""VNM"",""reporterDesc"":""Viet Nam"",""flowCode"":""X"",""flowDesc"":""Export"",""partnerCode"":124,""partnerISO"":""CAN"",""partnerDesc"":""Canada"",""partner2Code"":0,""partner2ISO"":""W00"",""partner2Desc"":""World"",""classificationCode"":""H6"",""classificationSearchCode"":""HS"",""isOriginalClassification"":true,""cmdCode"":""090111"",""cmdDesc"":""Coffee; not roasted or decaffeinated"",""aggrLevel"":6,""isLeaf"":true,""customsCode"":""C00"",""customsDesc"":""TOTAL CPC"",""mosCode"":""0"",""motCode"":0,""motDesc"":""TOTAL MOT"",""qtyUnitCode"":8,""qtyUnitAbbr"":""kg"",""qty"":6317216,""isQtyEstimated"":false,""altQtyUnitCode"":21,""altQtyUnitAbbr"":""1000 KG"",""altQty"":6317.216,""isAltQtyEstimated"":false,""netWgt"":6317216,""isNetWgtEstimated"":false,""grossWgt"":0,""isGrossWgtEstimated"":false,""cifvalue"":null,""fobvalue"":16194601.21,""primaryValue"":16194601.21,""legacyEstimationFlag"":0,""isReported"":false,""isAggregate"":true}"
,UN Comtrade,https://comtradeapi.un.org/public/v1/preview/C/A/HS?reporterCode=704&flowCode=X&cmdCode=090111&period=2022&includeDesc=true,2026-05-30T19:13:38.772Z,"{""reporters"":[{""endpoint"":""https://comtradeapi.un.org/public/v1/preview/C/A/HS"",""reporterCode"":704,""reporterISO"":""VNM"",""flowCode"":""X"",""cmdCode"":""090111"",""period"":""2020,2021,2022,2023,2024,2025"",""includeDesc"":true},{""endpoint"":""https://comtradeapi.un.org/public/v1/preview/C/A/HS"",""reporterCode"":76,""reporterISO"":""BRA"",""flowCode"":""X"",""cmdCode"":""090111"",""period"":""2020,2021,2022,2023,2024,2025"",""includeDesc"":true},{""endpoint"":""https://comtradeapi.un.org/public/v1/preview/C/A/HS"",""reporterCode"":360,""reporterISO"":""IDN"",""flowCode"":""X"",""cmdCode"":""090111"",""period"":""2020,2021,2022,2023,2024,2025"",""includeDesc"":true}]}",C,A,20220101,2022,704,VNM,Viet Nam,152,CHL,Chile,0,W00,World,X,Export,H6,090111,Coffee; not roasted or decaffeinated,C00,TOTAL CPC,0,TOTAL MOT,8,kg,632260,632260,0,1260434.855,true,false,true,"{""typeCode"":""C"",""freqCode"":""A"",""refPeriodId"":20220101,""refYear"":2022,""refMonth"":52,""period"":""2022"",""reporterCode"":704,""reporterISO"":""VNM"",""reporterDesc"":""Viet Nam"",""flowCode"":""X"",""flowDesc"":""Export"",""partnerCode"":152,""partnerISO"":""CHL"",""partnerDesc"":""Chile"",""partner2Code"":0,""partner2ISO"":""W00"",""partner2Desc"":""World"",""classificationCode"":""H6"",""classificationSearchCode"":""HS"",""isOriginalClassification"":true,""cmdCode"":""090111"",""cmdDesc"":""Coffee; not roasted or decaffeinated"",""aggrLevel"":6,""isLeaf"":true,""customsCode"":""C00"",""customsDesc"":""TOTAL CPC"",""mosCode"":""0"",""motCode"":0,""motDesc"":""TOTAL MOT"",""qtyUnitCode"":8,""qtyUnitAbbr"":""kg"",""qty"":632260,""isQtyEstimated"":false,""altQtyUnitCode"":21,""altQtyUnitAbbr"":""1000 KG"",""altQty"":632.26,""isAltQtyEstimated"":false,""netWgt"":632260,""isNetWgtEstimated"":false,""grossWgt"":0,""isGrossWgtEstimated"":false,""cifvalue"":null,""fobvalue"":1260434.855,""primaryValue"":1260434.855,""legacyEstimationFlag"":0,""isReported"":false,""isAggregate"":true}"
,UN Comtrade,https://comtradeapi.un.org/public/v1/preview/C/A/HS?reporterCode=704&flowCode=X&cmdCode=090111&period=2022&includeDesc=true,2026-05-30T19:13:38.772Z,"{""reporters"":[{""endpoint"":""https://comtradeapi.un.org/public/v1/preview/C/A/HS"",""reporterCode"":704,""reporterISO"":""VNM"",""flowCode"":""X"",""cmdCode"":""090111"",""period"":""2020,2021,2022,2023,2024,2025"",""includeDesc"":true},{""endpoint"":""https://comtradeapi.un.org/public/v1/preview/C/A/HS"",""reporterCode"":76,""reporterISO"":""BRA"",""flowCode"":""X"",""cmdCode"":""090111"",""period"":""2020,2021,2022,2023,2024,2025"",""includeDesc"":true},{""endpoint"":""https://comtradeapi.un.org/public/v1/preview/C/A/HS"",""reporterCode"":360,""reporterISO"":""IDN"",""flowCode"":""X"",""cmdCode"":""090111"",""period"":""2020,2021,2022,2023,2024,2025"",""includeDesc"":true}]}",C,A,20220101,2022,704,VNM,Viet Nam,156,CHN,China,0,W00,World,X,Export,H6,090111,Coffee; not roasted or decaffeinated,C00,TOTAL CPC,0,TOTAL MOT,8,kg,22212366,22212366,0,41651557.729,true,false,true,"{""typeCode"":""C"",""freqCode"":""A"",""refPeriodId"":20220101,""refYear"":2022,""refMonth"":52,""period"":""2022"",""reporterCode"":704,""reporterISO"":""VNM"",""reporterDesc"":""Viet Nam"",""flowCode"":""X"",""flowDesc"":""Export"",""partnerCode"":156,""partnerISO"":""CHN"",""partnerDesc"":""China"",""partner2Code"":0,""partner2ISO"":""W00"",""partner2Desc"":""World"",""classificationCode"":""H6"",""classificationSearchCode"":""HS"",""isOriginalClassification"":true,""cmdCode"":""090111"",""cmdDesc"":""Coffee; not roasted or decaffeinated"",""aggrLevel"":6,""isLeaf"":true,""customsCode"":""C00"",""customsDesc"":""TOTAL CPC"",""mosCode"":""0"",""motCode"":0,""motDesc"":""TOTAL MOT"",""qtyUnitCode"":8,""qtyUnitAbbr"":""kg"",""qty"":22212366,""isQtyEstimated"":false,""altQtyUnitCode"":21,""altQtyUnitAbbr"":""1000 KG"",""altQty"":22212.366,""isAltQtyEstimated"":false,""netWgt"":22212366,""isNetWgtEstimated"":false,""grossWgt"":0,""isGrossWgtEstimated"":false,""cifvalue"":null,""fobvalue"":41651557.729,""primaryValue"":41651557.729,""legacyEstimationFlag"":0,""isReported"":false,""isAggregate"":true}"
,UN Comtrade,https://comtradeapi.un.org/public/v1/preview/C/A/HS?reporterCode=704&flowCode=X&cmdCode=090111&period=2022&includeDesc=true,2026-05-30T19:13:38.772Z,"{""reporters"":[{""endpoint"":""https://comtradeapi.un.org/public/v1/preview/C/A/HS"",""reporterCode"":704,""reporterISO"":""VNM"",""flowCode"":""X"",""cmdCode"":""090111"",""period"":""2020,2021,2022,2023,2024,2025"",""includeDesc"":true},{""endpoint"":""https://comtradeapi.un.org/public/v1/preview/C/A/HS"",""reporterCode"":76,""reporterISO"":""BRA"",""flowCode"":""X"",""cmdCode"":""090111"",""period"":""2020,2021,2022,2023,2024,2025"",""includeDesc"":true},{""endpoint"":""https://comtradeapi.un.org/public/v1/preview/C/A/HS"",""reporterCode"":360,""reporterISO"":""IDN"",""flowCode"":""X"",""cmdCode"":""090111"",""period"":""2020,2021,2022,2023,2024,2025"",""includeDesc"":true}]}",C,A,20220101,2022,704,VNM,Viet Nam,170,COL,Colombia,0,W00,World,X,Export,H6,090111,Coffee; not roasted or decaffeinated,C00,TOTAL CPC,0,TOTAL MOT,8,kg,2234354,2234354,0,4712280.11,true,false,true,"{""typeCode"":""C"",""freqCode"":""A"",""refPeriodId"":20220101,""refYear"":2022,""refMonth"":52,""period"":""2022"",""reporterCode"":704,""reporterISO"":""VNM"",""reporterDesc"":""Viet Nam"",""flowCode"":""X"",""flowDesc"":""Export"",""partnerCode"":170,""partnerISO"":""COL"",""partnerDesc"":""Colombia"",""partner2Code"":0,""partner2ISO"":""W00"",""partner2Desc"":""World"",""classificationCode"":""H6"",""classificationSearchCode"":""HS"",""isOriginalClassification"":true,""cmdCode"":""090111"",""cmdDesc"":""Coffee; not roasted or decaffeinated"",""aggrLevel"":6,""isLeaf"":true,""customsCode"":""C00"",""customsDesc"":""TOTAL CPC"",""mosCode"":""0"",""motCode"":0,""motDesc"":""TOTAL MOT"",""qtyUnitCode"":8,""qtyUnitAbbr"":""kg"",""qty"":2234354,""isQtyEstimated"":false,""altQtyUnitCode"":21,""altQtyUnitAbbr"":""1000 KG"",""altQty"":2234.354,""isAltQtyEstimated"":false,""netWgt"":2234354,""isNetWgtEstimated"":false,""grossWgt"":0,""isGrossWgtEstimated"":false,""cifvalue"":null,""fobvalue"":4712280.11,""primaryValue"":4712280.11,""legacyEstimationFlag"":0,""isReported"":false,""isAggregate"":true}"
,UN Comtrade,https://comtradeapi.un.org/public/v1/preview/C/A/HS?reporterCode=704&flowCode=X&cmdCode=090111&period=2022&includeDesc=true,2026-05-30T19:13:38.772Z,"{""reporters"":[{""endpoint"":""https://comtradeapi.un.org/public/v1/preview/C/A/HS"",""reporterCode"":704,""reporterISO"":""VNM"",""flowCode"":""X"",""cmdCode"":""090111"",""period"":""2020,2021,2022,2023,2024,2025"",""includeDesc"":true},{""endpoint"":""https://comtradeapi.un.org/public/v1/preview/C/A/HS"",""reporterCode"":76,""reporterISO"":""BRA"",""flowCode"":""X"",""cmdCode"":""090111"",""period"":""2020,2021,2022,2023,2024,2025"",""includeDesc"":true},{""endpoint"":""https://comtradeapi.un.org/public/v1/preview/C/A/HS"",""reporterCode"":360,""reporterISO"":""IDN"",""flowCode"":""X"",""cmdCode"":""090111"",""period"":""2020,2021,2022,2023,2024,2025"",""includeDesc"":true}]}",C,A,20220101,2022,704,VNM,Viet Nam,188,CRI,Costa Rica,0,W00,World,X,Export,H6,090111,Coffee; not roasted or decaffeinated,C00,TOTAL CPC,0,TOTAL MOT,8,kg,76800,76800,0,186672.39,true,false,true,"{""typeCode"":""C"",""freqCode"":""A"",""refPeriodId"":20220101,""refYear"":2022,""refMonth"":52,""period"":""2022"",""reporterCode"":704,""reporterISO"":""VNM"",""reporterDesc"":""Viet Nam"",""flowCode"":""X"",""flowDesc"":""Export"",""partnerCode"":188,""partnerISO"":""CRI"",""partnerDesc"":""Costa Rica"",""partner2Code"":0,""partner2ISO"":""W00"",""partner2Desc"":""World"",""classificationCode"":""H6"",""classificationSearchCode"":""HS"",""isOriginalClassification"":true,""cmdCode"":""090111"",""cmdDesc"":""Coffee; not roasted or decaffeinated"",""aggrLevel"":6,""isLeaf"":true,""customsCode"":""C00"",""customsDesc"":""TOTAL CPC"",""mosCode"":""0"",""motCode"":0,""motDesc"":""TOTAL MOT"",""qtyUnitCode"":8,""qtyUnitAbbr"":""kg"",""qty"":76800,""isQtyEstimated"":false,""altQtyUnitCode"":21,""altQtyUnitAbbr"":""1000 KG"",""altQty"":76.8,""isAltQtyEstimated"":false,""netWgt"":76800,""isNetWgtEstimated"":false,""grossWgt"":0,""isGrossWgtEstimated"":false,""cifvalue"":null,""fobvalue"":186672.39,""primaryValue"":186672.39,""legacyEstimationFlag"":0,""isReported"":false,""isAggregate"":true}"
,UN Comtrade,https://comtradeapi.un.org/public/v1/preview/C/A/HS?reporterCode=704&flowCode=X&cmdCode=090111&period=2022&includeDesc=true,2026-05-30T19:13:38.772Z,"{""reporters"":[{""endpoint"":""https://comtradeapi.un.org/public/v1/preview/C/A/HS"",""reporterCode"":704,""reporterISO"":""VNM"",""flowCode"":""X"",""cmdCode"":""090111"",""period"":""2020,2021,2022,2023,2024,2025"",""includeDesc"":true},{""endpoint"":""https://comtradeapi.un.org/public/v1/preview/C/A/HS"",""reporterCode"":76,""reporterISO"":""BRA"",""flowCode"":""X"",""cmdCode"":""090111"",""period"":""2020,2021,2022,2023,2024,2025"",""includeDesc"":true},{""endpoint"":""https://comtradeapi.un.org/public/v1/preview/C/A/HS"",""reporterCode"":360,""reporterISO"":""IDN"",""flowCode"":""X"",""cmdCode"":""090111"",""period"":""2020,2021,2022,2023,2024,2025"",""includeDesc"":true}]}",C,A,20220101,2022,704,VNM,Viet Nam,191,HRV,Croatia,0,W00,World,X,Export,H6,090111,Coffee; not roasted or decaffeinated,C00,TOTAL CPC,0,TOTAL MOT,8,kg,1762110,1762110,0,3537779.778,true,false,true,"{""typeCode"":""C"",""freqCode"":""A"",""refPeriodId"":20220101,""refYear"":2022,""refMonth"":52,""period"":""2022"",""reporterCode"":704,""reporterISO"":""VNM"",""reporterDesc"":""Viet Nam"",""flowCode"":""X"",""flowDesc"":""Export"",""partnerCode"":191,""partnerISO"":""HRV"",""partnerDesc"":""Croatia"",""partner2Code"":0,""partner2ISO"":""W00"",""partner2Desc"":""World"",""classificationCode"":""H6"",""classificationSearchCode"":""HS"",""isOriginalClassification"":true,""cmdCode"":""090111"",""cmdDesc"":""Coffee; not roasted or decaffeinated"",""aggrLevel"":6,""isLeaf"":true,""customsCode"":""C00"",""customsDesc"":""TOTAL CPC"",""mosCode"":""0"",""motCode"":0,""motDesc"":""TOTAL MOT"",""qtyUnitCode"":8,""qtyUnitAbbr"":""kg"",""qty"":1762110,""isQtyEstimated"":false,""altQtyUnitCode"":21,""altQtyUnitAbbr"":""1000 KG"",""altQty"":1762.11,""isAltQtyEstimated"":false,""netWgt"":1762110,""isNetWgtEstimated"":false,""grossWgt"":0,""isGrossWgtEstimated"":false,""cifvalue"":null,""fobvalue"":3537779.778,""primaryValue"":3537779.778,""legacyEstimationFlag"":0,""isReported"":false,""isAggregate"":true}"
,UN Comtrade,https://comtradeapi.un.org/public/v1/preview/C/A/HS?reporterCode=704&flowCode=X&cmdCode=090111&period=2022&includeDesc=true,2026-05-30T19:13:38.772Z,"{""reporters"":[{""endpoint"":""https://comtradeapi.un.org/public/v1/preview/C/A/HS"",""reporterCode"":704,""reporterISO"":""VNM"",""flowCode"":""X"",""cmdCode"":""090111"",""period"":""2020,2021,2022,2023,2024,2025"",""includeDesc"":true},{""endpoint"":""https://comtradeapi.un.org/public/v1/preview/C/A/HS"",""reporterCode"":76,""reporterISO"":""BRA"",""flowCode"":""X"",""cmdCode"":""090111"",""period"":""2020,2021,2022,2023,2024,2025"",""includeDesc"":true},{""endpoint"":""https://comtradeapi.un.org/public/v1/preview/C/A/HS"",""reporterCode"":360,""reporterISO"":""IDN"",""flowCode"":""X"",""cmdCode"":""090111"",""period"":""2020,2021,2022,2023,2024,2025"",""includeDesc"":true}]}",C,A,20220101,2022,704,VNM,Viet Nam,203,CZE,Czechia,0,W00,World,X,Export,H6,090111,Coffee; not roasted or decaffeinated,C00,TOTAL CPC,0,TOTAL MOT,8,kg,1694100,1694100,0,3433538.406,true,false,true,"{""typeCode"":""C"",""freqCode"":""A"",""refPeriodId"":20220101,""refYear"":2022,""refMonth"":52,""period"":""2022"",""reporterCode"":704,""reporterISO"":""VNM"",""reporterDesc"":""Viet Nam"",""flowCode"":""X"",""flowDesc"":""Export"",""partnerCode"":203,""partnerISO"":""CZE"",""partnerDesc"":""Czechia"",""partner2Code"":0,""partner2ISO"":""W00"",""partner2Desc"":""World"",""classificationCode"":""H6"",""classificationSearchCode"":""HS"",""isOriginalClassification"":true,""cmdCode"":""090111"",""cmdDesc"":""Coffee; not roasted or decaffeinated"",""aggrLevel"":6,""isLeaf"":true,""customsCode"":""C00"",""customsDesc"":""TOTAL CPC"",""mosCode"":""0"",""motCode"":0,""motDesc"":""TOTAL MOT"",""qtyUnitCode"":8,""qtyUnitAbbr"":""kg"",""qty"":1694100,""isQtyEstimated"":false,""altQtyUnitCode"":21,""altQtyUnitAbbr"":""1000 KG"",""altQty"":1694.1,""isAltQtyEstimated"":false,""netWgt"":1694100,""isNetWgtEstimated"":false,""grossWgt"":0,""isGrossWgtEstimated"":false,""cifvalue"":null,""fobvalue"":3433538.406,""primaryValue"":3433538.406,""legacyEstimationFlag"":0,""isReported"":false,""isAggregate"":true}"
,UN Comtrade,https://comtradeapi.un.org/public/v1/preview/C/A/HS?reporterCode=704&flowCode=X&cmdCode=090111&period=2022&includeDesc=true,2026-05-30T19:13:38.772Z,"{""reporters"":[{""endpoint"":""https://comtradeapi.un.org/public/v1/preview/C/A/HS"",""reporterCode"":704,""reporterISO"":""VNM"",""flowCode"":""X"",""cmdCode"":""090111"",""period"":""2020,2021,2022,2023,2024,2025"",""includeDesc"":true},{""endpoint"":""https://comtradeapi.un.org/public/v1/preview/C/A/HS"",""reporterCode"":76,""reporterISO"":""BRA"",""flowCode"":""X"",""cmdCode"":""090111"",""period"":""2020,2021,2022,2023,2024,2025"",""includeDesc"":true},{""endpoint"":""https://comtradeapi.un.org/public/v1/preview/C/A/HS"",""reporterCode"":360,""reporterISO"":""IDN"",""flowCode"":""X"",""cmdCode"":""090111"",""period"":""2020,2021,2022,2023,2024,2025"",""includeDesc"":true}]}",C,A,20220101,2022,704,VNM,Viet Nam,208,DNK,Denmark,0,W00,World,X,Export,H6,090111,Coffee; not roasted or decaffeinated,C00,TOTAL CPC,0,TOTAL MOT,8,kg,1042800,1042800,0,2073111.114,true,false,true,"{""typeCode"":""C"",""freqCode"":""A"",""refPeriodId"":20220101,""refYear"":2022,""refMonth"":52,""period"":""2022"",""reporterCode"":704,""reporterISO"":""VNM"",""reporterDesc"":""Viet Nam"",""flowCode"":""X"",""flowDesc"":""Export"",""partnerCode"":208,""partnerISO"":""DNK"",""partnerDesc"":""Denmark"",""partner2Code"":0,""partner2ISO"":""W00"",""partner2Desc"":""World"",""classificationCode"":""H6"",""classificationSearchCode"":""HS"",""isOriginalClassification"":true,""cmdCode"":""090111"",""cmdDesc"":""Coffee; not roasted or decaffeinated"",""aggrLevel"":6,""isLeaf"":true,""customsCode"":""C00"",""customsDesc"":""TOTAL CPC"",""mosCode"":""0"",""motCode"":0,""motDesc"":""TOTAL MOT"",""qtyUnitCode"":8,""qtyUnitAbbr"":""kg"",""qty"":1042800,""isQtyEstimated"":false,""altQtyUnitCode"":21,""altQtyUnitAbbr"":""1000 KG"",""altQty"":1042.8,""isAltQtyEstimated"":false,""netWgt"":1042800,""isNetWgtEstimated"":false,""grossWgt"":0,""isGrossWgtEstimated"":false,""cifvalue"":null,""fobvalue"":2073111.114,""primaryValue"":2073111.114,""legacyEstimationFlag"":0,""isReported"":false,""isAggregate"":true}"
,UN Comtrade,https://comtradeapi.un.org/public/v1/preview/C/A/HS?reporterCode=704&flowCode=X&cmdCode=090111&period=2022&includeDesc=true,2026-05-30T19:13:38.772Z,"{""reporters"":[{""endpoint"":""https://comtradeapi.un.org/public/v1/preview/C/A/HS"",""reporterCode"":704,""reporterISO"":""VNM"",""flowCode"":""X"",""cmdCode"":""090111"",""period"":""2020,2021,2022,2023,2024,2025"",""includeDesc"":true},{""endpoint"":""https://comtradeapi.un.org/public/v1/preview/C/A/HS"",""reporterCode"":76,""reporterISO"":""BRA"",""flowCode"":""X"",""cmdCode"":""090111"",""period"":""2020,2021,2022,2023,2024,2025"",""includeDesc"":true},{""endpoint"":""https://comtradeapi.un.org/public/v1/preview/C/A/HS"",""reporterCode"":360,""reporterISO"":""IDN"",""flowCode"":""X"",""cmdCode"":""090111"",""period"":""2020,2021,2022,2023,2024,2025"",""includeDesc"":true}]}",C,A,20220101,2022,704,VNM,Viet Nam,214,DOM,Dominican Rep.,0,W00,World,X,Export,H6,090111,Coffee; not roasted or decaffeinated,C00,TOTAL CPC,0,TOTAL MOT,8,kg,4863892,4863892,0,9704085.442,true,false,true,"{""typeCode"":""C"",""freqCode"":""A"",""refPeriodId"":20220101,""refYear"":2022,""refMonth"":52,""period"":""2022"",""reporterCode"":704,""reporterISO"":""VNM"",""reporterDesc"":""Viet Nam"",""flowCode"":""X"",""flowDesc"":""Export"",""partnerCode"":214,""partnerISO"":""DOM"",""partnerDesc"":""Dominican Rep."",""partner2Code"":0,""partner2ISO"":""W00"",""partner2Desc"":""World"",""classificationCode"":""H6"",""classificationSearchCode"":""HS"",""isOriginalClassification"":true,""cmdCode"":""090111"",""cmdDesc"":""Coffee; not roasted or decaffeinated"",""aggrLevel"":6,""isLeaf"":true,""customsCode"":""C00"",""customsDesc"":""TOTAL CPC"",""mosCode"":""0"",""motCode"":0,""motDesc"":""TOTAL MOT"",""qtyUnitCode"":8,""qtyUnitAbbr"":""kg"",""qty"":4863892,""isQtyEstimated"":false,""altQtyUnitCode"":21,""altQtyUnitAbbr"":""1000 KG"",""altQty"":4863.892,""isAltQtyEstimated"":false,""netWgt"":4863892,""isNetWgtEstimated"":false,""grossWgt"":0,""isGrossWgtEstimated"":false,""cifvalue"":null,""fobvalue"":9704085.442,""primaryValue"":9704085.442,""legacyEstimationFlag"":0,""isReported"":false,""isAggregate"":true}"
,UN Comtrade,https://comtradeapi.un.org/public/v1/preview/C/A/HS?reporterCode=704&flowCode=X&cmdCode=090111&period=2022&includeDesc=true,2026-05-30T19:13:38.772Z,"{""reporters"":[{""endpoint"":""https://comtradeapi.un.org/public/v1/preview/C/A/HS"",""reporterCode"":704,""reporterISO"":""VNM"",""flowCode"":""X"",""cmdCode"":""090111"",""period"":""2020,2021,2022,2023,2024,2025"",""includeDesc"":true},{""endpoint"":""https://comtradeapi.un.org/public/v1/preview/C/A/HS"",""reporterCode"":76,""reporterISO"":""BRA"",""flowCode"":""X"",""cmdCode"":""090111"",""period"":""2020,2021,2022,2023,2024,2025"",""includeDesc"":true},{""endpoint"":""https://comtradeapi.un.org/public/v1/preview/C/A/HS"",""reporterCode"":360,""reporterISO"":""IDN"",""flowCode"":""X"",""cmdCode"":""090111"",""period"":""2020,2021,2022,2023,2024,2025"",""includeDesc"":true}]}",C,A,20220101,2022,704,VNM,Viet Nam,218,ECU,Ecuador,0,W00,World,X,Export,H6,090111,Coffee; not roasted or decaffeinated,C00,TOTAL CPC,0,TOTAL MOT,8,kg,18860770,18860770,0,36844611.986,true,false,true,"{""typeCode"":""C"",""freqCode"":""A"",""refPeriodId"":20220101,""refYear"":2022,""refMonth"":52,""period"":""2022"",""reporterCode"":704,""reporterISO"":""VNM"",""reporterDesc"":""Viet Nam"",""flowCode"":""X"",""flowDesc"":""Export"",""partnerCode"":218,""partnerISO"":""ECU"",""partnerDesc"":""Ecuador"",""partner2Code"":0,""partner2ISO"":""W00"",""partner2Desc"":""World"",""classificationCode"":""H6"",""classificationSearchCode"":""HS"",""isOriginalClassification"":true,""cmdCode"":""090111"",""cmdDesc"":""Coffee; not roasted or decaffeinated"",""aggrLevel"":6,""isLeaf"":true,""customsCode"":""C00"",""customsDesc"":""TOTAL CPC"",""mosCode"":""0"",""motCode"":0,""motDesc"":""TOTAL MOT"",""qtyUnitCode"":8,""qtyUnitAbbr"":""kg"",""qty"":18860770,""isQtyEstimated"":false,""altQtyUnitCode"":21,""altQtyUnitAbbr"":""1000 KG"",""altQty"":18860.77,""isAltQtyEstimated"":false,""netWgt"":18860770,""isNetWgtEstimated"":false,""grossWgt"":0,""isGrossWgtEstimated"":false,""cifvalue"":null,""fobvalue"":36844611.986,""primaryValue"":36844611.986,""legacyEstimationFlag"":0,""isReported"":false,""isAggregate"":true}"
,UN Comtrade,https://comtradeapi.un.org/public/v1/preview/C/A/HS?reporterCode=704&flowCode=X&cmdCode=090111&period=2022&includeDesc=true,2026-05-30T19:13:38.772Z,"{""reporters"":[{""endpoint"":""https://comtradeapi.un.org/public/v1/preview/C/A/HS"",""reporterCode"":704,""reporterISO"":""VNM"",""flowCode"":""X"",""cmdCode"":""090111"",""period"":""2020,2021,2022,2023,2024,2025"",""includeDesc"":true},{""endpoint"":""https://comtradeapi.un.org/public/v1/preview/C/A/HS"",""reporterCode"":76,""reporterISO"":""BRA"",""flowCode"":""X"",""cmdCode"":""090111"",""period"":""2020,2021,2022,2023,2024,2025"",""includeDesc"":true},{""endpoint"":""https://comtradeapi.un.org/public/v1/preview/C/A/HS"",""reporterCode"":360,""reporterISO"":""IDN"",""flowCode"":""X"",""cmdCode"":""090111"",""period"":""2020,2021,2022,2023,2024,2025"",""includeDesc"":true}]}",C,A,20220101,2022,704,VNM,Viet Nam,233,EST,Estonia,0,W00,World,X,Export,H6,090111,Coffee; not roasted or decaffeinated,C00,TOTAL CPC,0,TOTAL MOT,8,kg,1666452,1666452,0,3447315.836,true,false,true,"{""typeCode"":""C"",""freqCode"":""A"",""refPeriodId"":20220101,""refYear"":2022,""refMonth"":52,""period"":""2022"",""reporterCode"":704,""reporterISO"":""VNM"",""reporterDesc"":""Viet Nam"",""flowCode"":""X"",""flowDesc"":""Export"",""partnerCode"":233,""partnerISO"":""EST"",""partnerDesc"":""Estonia"",""partner2Code"":0,""partner2ISO"":""W00"",""partner2Desc"":""World"",""classificationCode"":""H6"",""classificationSearchCode"":""HS"",""isOriginalClassification"":true,""cmdCode"":""090111"",""cmdDesc"":""Coffee; not roasted or decaffeinated"",""aggrLevel"":6,""isLeaf"":true,""customsCode"":""C00"",""customsDesc"":""TOTAL CPC"",""mosCode"":""0"",""motCode"":0,""motDesc"":""TOTAL MOT"",""qtyUnitCode"":8,""qtyUnitAbbr"":""kg"",""qty"":1666452,""isQtyEstimated"":false,""altQtyUnitCode"":21,""altQtyUnitAbbr"":""1000 KG"",""altQty"":1666.452,""isAltQtyEstimated"":false,""netWgt"":1666452,""isNetWgtEstimated"":false,""grossWgt"":0,""isGrossWgtEstimated"":false,""cifvalue"":null,""fobvalue"":3447315.836,""primaryValue"":3447315.836,""legacyEstimationFlag"":0,""isReported"":false,""isAggregate"":true}"
,UN Comtrade,https://comtradeapi.un.org/public/v1/preview/C/A/HS?reporterCode=704&flowCode=X&cmdCode=090111&period=2022&includeDesc=true,2026-05-30T19:13:38.772Z,"{""reporters"":[{""endpoint"":""https://comtradeapi.un.org/public/v1/preview/C/A/HS"",""reporterCode"":704,""reporterISO"":""VNM"",""flowCode"":""X"",""cmdCode"":""090111"",""period"":""2020,2021,2022,2023,2024,2025"",""includeDesc"":true},{""endpoint"":""https://comtradeapi.un.org/public/v1/preview/C/A/HS"",""reporterCode"":76,""reporterISO"":""BRA"",""flowCode"":""X"",""cmdCode"":""090111"",""period"":""2020,2021,2022,2023,2024,2025"",""includeDesc"":true},{""endpoint"":""https://comtradeapi.un.org/public/v1/preview/C/A/HS"",""reporterCode"":360,""reporterISO"":""IDN"",""flowCode"":""X"",""cmdCode"":""090111"",""period"":""2020,2021,2022,2023,2024,2025"",""includeDesc"":true}]}",C,A,20220101,2022,704,VNM,Viet Nam,246,FIN,Finland,0,W00,World,X,Export,H6,090111,Coffee; not roasted or decaffeinated,C00,TOTAL CPC,0,TOTAL MOT,8,kg,604037,604037,0,1480524.799,true,false,true,"{""typeCode"":""C"",""freqCode"":""A"",""refPeriodId"":20220101,""refYear"":2022,""refMonth"":52,""period"":""2022"",""reporterCode"":704,""reporterISO"":""VNM"",""reporterDesc"":""Viet Nam"",""flowCode"":""X"",""flowDesc"":""Export"",""partnerCode"":246,""partnerISO"":""FIN"",""partnerDesc"":""Finland"",""partner2Code"":0,""partner2ISO"":""W00"",""partner2Desc"":""World"",""classificationCode"":""H6"",""classificationSearchCode"":""HS"",""isOriginalClassification"":true,""cmdCode"":""090111"",""cmdDesc"":""Coffee; not roasted or decaffeinated"",""aggrLevel"":6,""isLeaf"":true,""customsCode"":""C00"",""customsDesc"":""TOTAL CPC"",""mosCode"":""0"",""motCode"":0,""motDesc"":""TOTAL MOT"",""qtyUnitCode"":8,""qtyUnitAbbr"":""kg"",""qty"":604037,""isQtyEstimated"":false,""altQtyUnitCode"":21,""altQtyUnitAbbr"":""1000 KG"",""altQty"":604.037,""isAltQtyEstimated"":false,""netWgt"":604037,""isNetWgtEstimated"":false,""grossWgt"":0,""isGrossWgtEstimated"":false,""cifvalue"":null,""fobvalue"":1480524.799,""primaryValue"":1480524.799,""legacyEstimationFlag"":0,""isReported"":false,""isAggregate"":true}"
,UN Comtrade,https://comtradeapi.un.org/public/v1/preview/C/A/HS?reporterCode=704&flowCode=X&cmdCode=090111&period=2022&includeDesc=true,2026-05-30T19:13:38.772Z,"{""reporters"":[{""endpoint"":""https://comtradeapi.un.org/public/v1/preview/C/A/HS"",""reporterCode"":704,""reporterISO"":""VNM"",""flowCode"":""X"",""cmdCode"":""090111"",""period"":""2020,2021,2022,2023,2024,2025"",""includeDesc"":true},{""endpoint"":""https://comtradeapi.un.org/public/v1/preview/C/A/HS"",""reporterCode"":76,""reporterISO"":""BRA"",""flowCode"":""X"",""cmdCode"":""090111"",""period"":""2020,2021,2022,2023,2024,2025"",""includeDesc"":true},{""endpoint"":""https://comtradeapi.un.org/public/v1/preview/C/A/HS"",""reporterCode"":360,""reporterISO"":""IDN"",""flowCode"":""X"",""cmdCode"":""090111"",""period"":""2020,2021,2022,2023,2024,2025"",""includeDesc"":true}]}",C,A,20220101,2022,704,VNM,Viet Nam,251,FRA,France,0,W00,World,X,Export,H6,090111,Coffee; not roasted or decaffeinated,C00,TOTAL CPC,0,TOTAL MOT,8,kg,22106730,22106730,0,51808787.76,true,false,true,"{""typeCode"":""C"",""freqCode"":""A"",""refPeriodId"":20220101,""refYear"":2022,""refMonth"":52,""period"":""2022"",""reporterCode"":704,""reporterISO"":""VNM"",""reporterDesc"":""Viet Nam"",""flowCode"":""X"",""flowDesc"":""Export"",""partnerCode"":251,""partnerISO"":""FRA"",""partnerDesc"":""France"",""partner2Code"":0,""partner2ISO"":""W00"",""partner2Desc"":""World"",""classificationCode"":""H6"",""classificationSearchCode"":""HS"",""isOriginalClassification"":true,""cmdCode"":""090111"",""cmdDesc"":""Coffee; not roasted or decaffeinated"",""aggrLevel"":6,""isLeaf"":true,""customsCode"":""C00"",""customsDesc"":""TOTAL CPC"",""mosCode"":""0"",""motCode"":0,""motDesc"":""TOTAL MOT"",""qtyUnitCode"":8,""qtyUnitAbbr"":""kg"",""qty"":22106730,""isQtyEstimated"":false,""altQtyUnitCode"":21,""altQtyUnitAbbr"":""1000 KG"",""altQty"":22106.73,""isAltQtyEstimated"":false,""netWgt"":22106730,""isNetWgtEstimated"":false,""grossWgt"":0,""isGrossWgtEstimated"":false,""cifvalue"":null,""fobvalue"":51808787.76,""primaryValue"":51808787.76,""legacyEstimationFlag"":0,""isReported"":false,""isAggregate"":true}"
,UN Comtrade,https://comtradeapi.un.org/public/v1/preview/C/A/HS?reporterCode=704&flowCode=X&cmdCode=090111&period=2022&includeDesc=true,2026-05-30T19:13:38.772Z,"{""reporters"":[{""endpoint"":""https://comtradeapi.un.org/public/v1/preview/C/A/HS"",""reporterCode"":704,""reporterISO"":""VNM"",""flowCode"":""X"",""cmdCode"":""090111"",""period"":""2020,2021,2022,2023,2024,2025"",""includeDesc"":true},{""endpoint"":""https://comtradeapi.un.org/public/v1/preview/C/A/HS"",""reporterCode"":76,""reporterISO"":""BRA"",""flowCode"":""X"",""cmdCode"":""090111"",""period"":""2020,2021,2022,2023,2024,2025"",""includeDesc"":true},{""endpoint"":""https://comtradeapi.un.org/public/v1/preview/C/A/HS"",""reporterCode"":360,""reporterISO"":""IDN"",""flowCode"":""X"",""cmdCode"":""090111"",""period"":""2020,2021,2022,2023,2024,2025"",""includeDesc"":true}]}",C,A,20220101,2022,704,VNM,Viet Nam,276,DEU,Germany,0,W00,World,X,Export,H6,090111,Coffee; not roasted or decaffeinated,C00,TOTAL CPC,0,TOTAL MOT,8,kg,220082686.734,220082686.734,0,454090248.877,true,false,true,"{""typeCode"":""C"",""freqCode"":""A"",""refPeriodId"":20220101,""refYear"":2022,""refMonth"":52,""period"":""2022"",""reporterCode"":704,""reporterISO"":""VNM"",""reporterDesc"":""Viet Nam"",""flowCode"":""X"",""flowDesc"":""Export"",""partnerCode"":276,""partnerISO"":""DEU"",""partnerDesc"":""Germany"",""partner2Code"":0,""partner2ISO"":""W00"",""partner2Desc"":""World"",""classificationCode"":""H6"",""classificationSearchCode"":""HS"",""isOriginalClassification"":true,""cmdCode"":""090111"",""cmdDesc"":""Coffee; not roasted or decaffeinated"",""aggrLevel"":6,""isLeaf"":true,""customsCode"":""C00"",""customsDesc"":""TOTAL CPC"",""mosCode"":""0"",""motCode"":0,""motDesc"":""TOTAL MOT"",""qtyUnitCode"":8,""qtyUnitAbbr"":""kg"",""qty"":220082686.734,""isQtyEstimated"":true,""altQtyUnitCode"":-1,""altQtyUnitAbbr"":""N/A"",""altQty"":0,""isAltQtyEstimated"":false,""netWgt"":220082686.734,""isNetWgtEstimated"":true,""grossWgt"":0,""isGrossWgtEstimated"":false,""cifvalue"":null,""fobvalue"":454090248.877,""primaryValue"":454090248.877,""legacyEstimationFlag"":6,""isReported"":false,""isAggregate"":true}"
,UN Comtrade,https://comtradeapi.un.org/public/v1/preview/C/A/HS?reporterCode=704&flowCode=X&cmdCode=090111&period=2022&includeDesc=true,2026-05-30T19:13:38.772Z,"{""reporters"":[{""endpoint"":""https://comtradeapi.un.org/public/v1/preview/C/A/HS"",""reporterCode"":704,""reporterISO"":""VNM"",""flowCode"":""X"",""cmdCode"":""090111"",""period"":""2020,2021,2022,2023,2024,2025"",""includeDesc"":true},{""endpoint"":""https://comtradeapi.un.org/public/v1/preview/C/A/HS"",""reporterCode"":76,""reporterISO"":""BRA"",""flowCode"":""X"",""cmdCode"":""090111"",""period"":""2020,2021,2022,2023,2024,2025"",""includeDesc"":true},{""endpoint"":""https://comtradeapi.un.org/public/v1/preview/C/A/HS"",""reporterCode"":360,""reporterISO"":""IDN"",""flowCode"":""X"",""cmdCode"":""090111"",""period"":""2020,2021,2022,2023,2024,2025"",""includeDesc"":true}]}",C,A,20220101,2022,704,VNM,Viet Nam,300,GRC,Greece,0,W00,World,X,Export,H6,090111,Coffee; not roasted or decaffeinated,C00,TOTAL CPC,0,TOTAL MOT,8,kg,7947424,7947424,0,16582964.377,true,false,true,"{""typeCode"":""C"",""freqCode"":""A"",""refPeriodId"":20220101,""refYear"":2022,""refMonth"":52,""period"":""2022"",""reporterCode"":704,""reporterISO"":""VNM"",""reporterDesc"":""Viet Nam"",""flowCode"":""X"",""flowDesc"":""Export"",""partnerCode"":300,""partnerISO"":""GRC"",""partnerDesc"":""Greece"",""partner2Code"":0,""partner2ISO"":""W00"",""partner2Desc"":""World"",""classificationCode"":""H6"",""classificationSearchCode"":""HS"",""isOriginalClassification"":true,""cmdCode"":""090111"",""cmdDesc"":""Coffee; not roasted or decaffeinated"",""aggrLevel"":6,""isLeaf"":true,""customsCode"":""C00"",""customsDesc"":""TOTAL CPC"",""mosCode"":""0"",""motCode"":0,""motDesc"":""TOTAL MOT"",""qtyUnitCode"":8,""qtyUnitAbbr"":""kg"",""qty"":7947424,""isQtyEstimated"":false,""altQtyUnitCode"":21,""altQtyUnitAbbr"":""1000 KG"",""altQty"":7947.424,""isAltQtyEstimated"":false,""netWgt"":7947424,""isNetWgtEstimated"":false,""grossWgt"":0,""isGrossWgtEstimated"":false,""cifvalue"":null,""fobvalue"":16582964.377,""primaryValue"":16582964.377,""legacyEstimationFlag"":0,""isReported"":false,""isAggregate"":true}"
,UN Comtrade,https://comtradeapi.un.org/public/v1/preview/C/A/HS?reporterCode=704&flowCode=X&cmdCode=090111&period=2022&includeDesc=true,2026-05-30T19:13:38.772Z,"{""reporters"":[{""endpoint"":""https://comtradeapi.un.org/public/v1/preview/C/A/HS"",""reporterCode"":704,""reporterISO"":""VNM"",""flowCode"":""X"",""cmdCode"":""090111"",""period"":""2020,2021,2022,2023,2024,2025"",""includeDesc"":true},{""endpoint"":""https://comtradeapi.un.org/public/v1/preview/C/A/HS"",""reporterCode"":76,""reporterISO"":""BRA"",""flowCode"":""X"",""cmdCode"":""090111"",""period"":""2020,2021,2022,2023,2024,2025"",""includeDesc"":true},{""endpoint"":""https://comtradeapi.un.org/public/v1/preview/C/A/HS"",""reporterCode"":360,""reporterISO"":""IDN"",""flowCode"":""X"",""cmdCode"":""090111"",""period"":""2020,2021,2022,2023,2024,2025"",""includeDesc"":true}]}",C,A,20220101,2022,704,VNM,Viet Nam,344,HKG,"China, Hong Kong SAR",0,W00,World,X,Export,H6,090111,Coffee; not roasted or decaffeinated,C00,TOTAL CPC,0,TOTAL MOT,8,kg,871432,871432,0,1747195.71,true,false,true,"{""typeCode"":""C"",""freqCode"":""A"",""refPeriodId"":20220101,""refYear"":2022,""refMonth"":52,""period"":""2022"",""reporterCode"":704,""reporterISO"":""VNM"",""reporterDesc"":""Viet Nam"",""flowCode"":""X"",""flowDesc"":""Export"",""partnerCode"":344,""partnerISO"":""HKG"",""partnerDesc"":""China, Hong Kong SAR"",""partner2Code"":0,""partner2ISO"":""W00"",""partner2Desc"":""World"",""classificationCode"":""H6"",""classificationSearchCode"":""HS"",""isOriginalClassification"":true,""cmdCode"":""090111"",""cmdDesc"":""Coffee; not roasted or decaffeinated"",""aggrLevel"":6,""isLeaf"":true,""customsCode"":""C00"",""customsDesc"":""TOTAL CPC"",""mosCode"":""0"",""motCode"":0,""motDesc"":""TOTAL MOT"",""qtyUnitCode"":8,""qtyUnitAbbr"":""kg"",""qty"":871432,""isQtyEstimated"":false,""altQtyUnitCode"":21,""altQtyUnitAbbr"":""1000 KG"",""altQty"":871.432,""isAltQtyEstimated"":false,""netWgt"":871432,""isNetWgtEstimated"":false,""grossWgt"":0,""isGrossWgtEstimated"":false,""cifvalue"":null,""fobvalue"":1747195.71,""primaryValue"":1747195.71,""legacyEstimationFlag"":0,""isReported"":false,""isAggregate"":true}"
,UN Comtrade,https://comtradeapi.un.org/public/v1/preview/C/A/HS?reporterCode=704&flowCode=X&cmdCode=090111&period=2022&includeDesc=true,2026-05-30T19:13:38.772Z,"{""reporters"":[{""endpoint"":""https://comtradeapi.un.org/public/v1/preview/C/A/HS"",""reporterCode"":704,""reporterISO"":""VNM"",""flowCode"":""X"",""cmdCode"":""090111"",""period"":""2020,2021,2022,2023,2024,2025"",""includeDesc"":true},{""endpoint"":""https://comtradeapi.un.org/public/v1/preview/C/A/HS"",""reporterCode"":76,""reporterISO"":""BRA"",""flowCode"":""X"",""cmdCode"":""090111"",""period"":""2020,2021,2022,2023,2024,2025"",""includeDesc"":true},{""endpoint"":""https://comtradeapi.un.org/public/v1/preview/C/A/HS"",""reporterCode"":360,""reporterISO"":""IDN"",""flowCode"":""X"",""cmdCode"":""090111"",""period"":""2020,2021,2022,2023,2024,2025"",""includeDesc"":true}]}",C,A,20220101,2022,704,VNM,Viet Nam,360,IDN,Indonesia,0,W00,World,X,Export,H6,090111,Coffee; not roasted or decaffeinated,C00,TOTAL CPC,0,TOTAL MOT,8,kg,5944690,5944690,0,11779322.633,true,false,true,"{""typeCode"":""C"",""freqCode"":""A"",""refPeriodId"":20220101,""refYear"":2022,""refMonth"":52,""period"":""2022"",""reporterCode"":704,""reporterISO"":""VNM"",""reporterDesc"":""Viet Nam"",""flowCode"":""X"",""flowDesc"":""Export"",""partnerCode"":360,""partnerISO"":""IDN"",""partnerDesc"":""Indonesia"",""partner2Code"":0,""partner2ISO"":""W00"",""partner2Desc"":""World"",""classificationCode"":""H6"",""classificationSearchCode"":""HS"",""isOriginalClassification"":true,""cmdCode"":""090111"",""cmdDesc"":""Coffee; not roasted or decaffeinated"",""aggrLevel"":6,""isLeaf"":true,""customsCode"":""C00"",""customsDesc"":""TOTAL CPC"",""mosCode"":""0"",""motCode"":0,""motDesc"":""TOTAL MOT"",""qtyUnitCode"":8,""qtyUnitAbbr"":""kg"",""qty"":5944690,""isQtyEstimated"":false,""altQtyUnitCode"":21,""altQtyUnitAbbr"":""1000 KG"",""altQty"":5944.69,""isAltQtyEstimated"":false,""netWgt"":5944690,""isNetWgtEstimated"":false,""grossWgt"":0,""isGrossWgtEstimated"":false,""cifvalue"":null,""fobvalue"":11779322.633,""primaryValue"":11779322.633,""legacyEstimationFlag"":0,""isReported"":false,""isAggregate"":true}"
,UN Comtrade,https://comtradeapi.un.org/public/v1/preview/C/A/HS?reporterCode=704&flowCode=X&cmdCode=090111&period=2022&includeDesc=true,2026-05-30T19:13:38.772Z,"{""reporters"":[{""endpoint"":""https://comtradeapi.un.org/public/v1/preview/C/A/HS"",""reporterCode"":704,""reporterISO"":""VNM"",""flowCode"":""X"",""cmdCode"":""090111"",""period"":""2020,2021,2022,2023,2024,2025"",""includeDesc"":true},{""endpoint"":""https://comtradeapi.un.org/public/v1/preview/C/A/HS"",""reporterCode"":76,""reporterISO"":""BRA"",""flowCode"":""X"",""cmdCode"":""090111"",""period"":""2020,2021,2022,2023,2024,2025"",""includeDesc"":true},{""endpoint"":""https://comtradeapi.un.org/public/v1/preview/C/A/HS"",""reporterCode"":360,""reporterISO"":""IDN"",""flowCode"":""X"",""cmdCode"":""090111"",""period"":""2020,2021,2022,2023,2024,2025"",""includeDesc"":true}]}",C,A,20220101,2022,704,VNM,Viet Nam,368,IRQ,Iraq,0,W00,World,X,Export,H6,090111,Coffee; not roasted or decaffeinated,C00,TOTAL CPC,0,TOTAL MOT,8,kg,38400,38400,0,96000,true,false,true,"{""typeCode"":""C"",""freqCode"":""A"",""refPeriodId"":20220101,""refYear"":2022,""refMonth"":52,""period"":""2022"",""reporterCode"":704,""reporterISO"":""VNM"",""reporterDesc"":""Viet Nam"",""flowCode"":""X"",""flowDesc"":""Export"",""partnerCode"":368,""partnerISO"":""IRQ"",""partnerDesc"":""Iraq"",""partner2Code"":0,""partner2ISO"":""W00"",""partner2Desc"":""World"",""classificationCode"":""H6"",""classificationSearchCode"":""HS"",""isOriginalClassification"":true,""cmdCode"":""090111"",""cmdDesc"":""Coffee; not roasted or decaffeinated"",""aggrLevel"":6,""isLeaf"":true,""customsCode"":""C00"",""customsDesc"":""TOTAL CPC"",""mosCode"":""0"",""motCode"":0,""motDesc"":""TOTAL MOT"",""qtyUnitCode"":8,""qtyUnitAbbr"":""kg"",""qty"":38400,""isQtyEstimated"":false,""altQtyUnitCode"":21,""altQtyUnitAbbr"":""1000 KG"",""altQty"":38.4,""isAltQtyEstimated"":false,""netWgt"":38400,""isNetWgtEstimated"":false,""grossWgt"":0,""isGrossWgtEstimated"":false,""cifvalue"":null,""fobvalue"":96000,""primaryValue"":96000,""legacyEstimationFlag"":0,""isReported"":false,""isAggregate"":true}"
,UN Comtrade,https://comtradeapi.un.org/public/v1/preview/C/A/HS?reporterCode=704&flowCode=X&cmdCode=090111&period=2022&includeDesc=true,2026-05-30T19:13:38.772Z,"{""reporters"":[{""endpoint"":""https://comtradeapi.un.org/public/v1/preview/C/A/HS"",""reporterCode"":704,""reporterISO"":""VNM"",""flowCode"":""X"",""cmdCode"":""090111"",""period"":""2020,2021,2022,2023,2024,2025"",""includeDesc"":true},{""endpoint"":""https://comtradeapi.un.org/public/v1/preview/C/A/HS"",""reporterCode"":76,""reporterISO"":""BRA"",""flowCode"":""X"",""cmdCode"":""090111"",""period"":""2020,2021,2022,2023,2024,2025"",""includeDesc"":true},{""endpoint"":""https://comtradeapi.un.org/public/v1/preview/C/A/HS"",""reporterCode"":360,""reporterISO"":""IDN"",""flowCode"":""X"",""cmdCode"":""090111"",""period"":""2020,2021,2022,2023,2024,2025"",""includeDesc"":true}]}",C,A,20220101,2022,704,VNM,Viet Nam,372,IRL,Ireland,0,W00,World,X,Export,H6,090111,Coffee; not roasted or decaffeinated,C00,TOTAL CPC,0,TOTAL MOT,8,kg,711744,711744,0,2551910.784,true,false,true,"{""typeCode"":""C"",""freqCode"":""A"",""refPeriodId"":20220101,""refYear"":2022,""refMonth"":52,""period"":""2022"",""reporterCode"":704,""reporterISO"":""VNM"",""reporterDesc"":""Viet Nam"",""flowCode"":""X"",""flowDesc"":""Export"",""partnerCode"":372,""partnerISO"":""IRL"",""partnerDesc"":""Ireland"",""partner2Code"":0,""partner2ISO"":""W00"",""partner2Desc"":""World"",""classificationCode"":""H6"",""classificationSearchCode"":""HS"",""isOriginalClassification"":true,""cmdCode"":""090111"",""cmdDesc"":""Coffee; not roasted or decaffeinated"",""aggrLevel"":6,""isLeaf"":true,""customsCode"":""C00"",""customsDesc"":""TOTAL CPC"",""mosCode"":""0"",""motCode"":0,""motDesc"":""TOTAL MOT"",""qtyUnitCode"":8,""qtyUnitAbbr"":""kg"",""qty"":711744,""isQtyEstimated"":false,""altQtyUnitCode"":21,""altQtyUnitAbbr"":""1000 KG"",""altQty"":711.744,""isAltQtyEstimated"":false,""netWgt"":711744,""isNetWgtEstimated"":false,""grossWgt"":0,""isGrossWgtEstimated"":false,""cifvalue"":null,""fobvalue"":2551910.784,""primaryValue"":2551910.784,""legacyEstimationFlag"":0,""isReported"":false,""isAggregate"":true}"
,UN Comtrade,https://comtradeapi.un.org/public/v1/preview/C/A/HS?reporterCode=704&flowCode=X&cmdCode=090111&period=2022&includeDesc=true,2026-05-30T19:13:38.772Z,"{""reporters"":[{""endpoint"":""https://comtradeapi.un.org/public/v1/preview/C/A/HS"",""reporterCode"":704,""reporterISO"":""VNM"",""flowCode"":""X"",""cmdCode"":""090111"",""period"":""2020,2021,2022,2023,2024,2025"",""includeDesc"":true},{""endpoint"":""https://comtradeapi.un.org/public/v1/preview/C/A/HS"",""reporterCode"":76,""reporterISO"":""BRA"",""flowCode"":""X"",""cmdCode"":""090111"",""period"":""2020,2021,2022,2023,2024,2025"",""includeDesc"":true},{""endpoint"":""https://comtradeapi.un.org/public/v1/preview/C/A/HS"",""reporterCode"":360,""reporterISO"":""IDN"",""flowCode"":""X"",""cmdCode"":""090111"",""period"":""2020,2021,2022,2023,2024,2025"",""includeDesc"":true}]}",C,A,20220101,2022,704,VNM,Viet Nam,376,ISR,Israel,0,W00,World,X,Export,H6,090111,Coffee; not roasted or decaffeinated,C00,TOTAL CPC,0,TOTAL MOT,8,kg,5681518,5681518,0,11913645.619,true,false,true,"{""typeCode"":""C"",""freqCode"":""A"",""refPeriodId"":20220101,""refYear"":2022,""refMonth"":52,""period"":""2022"",""reporterCode"":704,""reporterISO"":""VNM"",""reporterDesc"":""Viet Nam"",""flowCode"":""X"",""flowDesc"":""Export"",""partnerCode"":376,""partnerISO"":""ISR"",""partnerDesc"":""Israel"",""partner2Code"":0,""partner2ISO"":""W00"",""partner2Desc"":""World"",""classificationCode"":""H6"",""classificationSearchCode"":""HS"",""isOriginalClassification"":true,""cmdCode"":""090111"",""cmdDesc"":""Coffee; not roasted or decaffeinated"",""aggrLevel"":6,""isLeaf"":true,""customsCode"":""C00"",""customsDesc"":""TOTAL CPC"",""mosCode"":""0"",""motCode"":0,""motDesc"":""TOTAL MOT"",""qtyUnitCode"":8,""qtyUnitAbbr"":""kg"",""qty"":5681518,""isQtyEstimated"":false,""altQtyUnitCode"":21,""altQtyUnitAbbr"":""1000 KG"",""altQty"":5681.518,""isAltQtyEstimated"":false,""netWgt"":5681518,""isNetWgtEstimated"":false,""grossWgt"":0,""isGrossWgtEstimated"":false,""cifvalue"":null,""fobvalue"":11913645.619,""primaryValue"":11913645.619,""legacyEstimationFlag"":0,""isReported"":false,""isAggregate"":true}"
,UN Comtrade,https://comtradeapi.un.org/public/v1/preview/C/A/HS?reporterCode=704&flowCode=X&cmdCode=090111&period=2022&includeDesc=true,2026-05-30T19:13:38.772Z,"{""reporters"":[{""endpoint"":""https://comtradeapi.un.org/public/v1/preview/C/A/HS"",""reporterCode"":704,""reporterISO"":""VNM"",""flowCode"":""X"",""cmdCode"":""090111"",""period"":""2020,2021,2022,2023,2024,2025"",""includeDesc"":true},{""endpoint"":""https://comtradeapi.un.org/public/v1/preview/C/A/HS"",""reporterCode"":76,""reporterISO"":""BRA"",""flowCode"":""X"",""cmdCode"":""090111"",""period"":""2020,2021,2022,2023,2024,2025"",""includeDesc"":true},{""endpoint"":""https://comtradeapi.un.org/public/v1/preview/C/A/HS"",""reporterCode"":360,""reporterISO"":""IDN"",""flowCode"":""X"",""cmdCode"":""090111"",""period"":""2020,2021,2022,2023,2024,2025"",""includeDesc"":true}]}",C,A,20220101,2022,704,VNM,Viet Nam,380,ITA,Italy,0,W00,World,X,Export,H6,090111,Coffee; not roasted or decaffeinated,C00,TOTAL CPC,0,TOTAL MOT,8,kg,138298930,138298930,0,290820187.608,true,false,true,"{""typeCode"":""C"",""freqCode"":""A"",""refPeriodId"":20220101,""refYear"":2022,""refMonth"":52,""period"":""2022"",""reporterCode"":704,""reporterISO"":""VNM"",""reporterDesc"":""Viet Nam"",""flowCode"":""X"",""flowDesc"":""Export"",""partnerCode"":380,""partnerISO"":""ITA"",""partnerDesc"":""Italy"",""partner2Code"":0,""partner2ISO"":""W00"",""partner2Desc"":""World"",""classificationCode"":""H6"",""classificationSearchCode"":""HS"",""isOriginalClassification"":true,""cmdCode"":""090111"",""cmdDesc"":""Coffee; not roasted or decaffeinated"",""aggrLevel"":6,""isLeaf"":true,""customsCode"":""C00"",""customsDesc"":""TOTAL CPC"",""mosCode"":""0"",""motCode"":0,""motDesc"":""TOTAL MOT"",""qtyUnitCode"":8,""qtyUnitAbbr"":""kg"",""qty"":138298930,""isQtyEstimated"":false,""altQtyUnitCode"":21,""altQtyUnitAbbr"":""1000 KG"",""altQty"":138298.93,""isAltQtyEstimated"":false,""netWgt"":138298930,""isNetWgtEstimated"":false,""grossWgt"":0,""isGrossWgtEstimated"":false,""cifvalue"":null,""fobvalue"":290820187.608,""primaryValue"":290820187.608,""legacyEstimationFlag"":0,""isReported"":false,""isAggregate"":true}"
,UN Comtrade,https://comtradeapi.un.org/public/v1/preview/C/A/HS?reporterCode=704&flowCode=X&cmdCode=090111&period=2022&includeDesc=true,2026-05-30T19:13:38.772Z,"{""reporters"":[{""endpoint"":""https://comtradeapi.un.org/public/v1/preview/C/A/HS"",""reporterCode"":704,""reporterISO"":""VNM"",""flowCode"":""X"",""cmdCode"":""090111"",""period"":""2020,2021,2022,2023,2024,2025"",""includeDesc"":true},{""endpoint"":""https://comtradeapi.un.org/public/v1/preview/C/A/HS"",""reporterCode"":76,""reporterISO"":""BRA"",""flowCode"":""X"",""cmdCode"":""090111"",""period"":""2020,2021,2022,2023,2024,2025"",""includeDesc"":true},{""endpoint"":""https://comtradeapi.un.org/public/v1/preview/C/A/HS"",""reporterCode"":360,""reporterISO"":""IDN"",""flowCode"":""X"",""cmdCode"":""090111"",""period"":""2020,2021,2022,2023,2024,2025"",""includeDesc"":true}]}",C,A,20220101,2022,704,VNM,Viet Nam,392,JPN,Japan,0,W00,World,X,Export,H6,090111,Coffee; not roasted or decaffeinated,C00,TOTAL CPC,0,TOTAL MOT,8,kg,95805005.376,95805005.376,0,206550035.42,true,false,true,"{""typeCode"":""C"",""freqCode"":""A"",""refPeriodId"":20220101,""refYear"":2022,""refMonth"":52,""period"":""2022"",""reporterCode"":704,""reporterISO"":""VNM"",""reporterDesc"":""Viet Nam"",""flowCode"":""X"",""flowDesc"":""Export"",""partnerCode"":392,""partnerISO"":""JPN"",""partnerDesc"":""Japan"",""partner2Code"":0,""partner2ISO"":""W00"",""partner2Desc"":""World"",""classificationCode"":""H6"",""classificationSearchCode"":""HS"",""isOriginalClassification"":true,""cmdCode"":""090111"",""cmdDesc"":""Coffee; not roasted or decaffeinated"",""aggrLevel"":6,""isLeaf"":true,""customsCode"":""C00"",""customsDesc"":""TOTAL CPC"",""mosCode"":""0"",""motCode"":0,""motDesc"":""TOTAL MOT"",""qtyUnitCode"":8,""qtyUnitAbbr"":""kg"",""qty"":95805005.376,""isQtyEstimated"":true,""altQtyUnitCode"":-1,""altQtyUnitAbbr"":""N/A"",""altQty"":0,""isAltQtyEstimated"":false,""netWgt"":95805005.376,""isNetWgtEstimated"":true,""grossWgt"":0,""isGrossWgtEstimated"":false,""cifvalue"":null,""fobvalue"":206550035.42,""primaryValue"":206550035.42,""legacyEstimationFlag"":6,""isReported"":false,""isAggregate"":true}"
,UN Comtrade,https://comtradeapi.un.org/public/v1/preview/C/A/HS?reporterCode=704&flowCode=X&cmdCode=090111&period=2022&includeDesc=true,2026-05-30T19:13:38.772Z,"{""reporters"":[{""endpoint"":""https://comtradeapi.un.org/public/v1/preview/C/A/HS"",""reporterCode"":704,""reporterISO"":""VNM"",""flowCode"":""X"",""cmdCode"":""090111"",""period"":""2020,2021,2022,2023,2024,2025"",""includeDesc"":true},{""endpoint"":""https://comtradeapi.un.org/public/v1/preview/C/A/HS"",""reporterCode"":76,""reporterISO"":""BRA"",""flowCode"":""X"",""cmdCode"":""090111"",""period"":""2020,2021,2022,2023,2024,2025"",""includeDesc"":true},{""endpoint"":""https://comtradeapi.un.org/public/v1/preview/C/A/HS"",""reporterCode"":360,""reporterISO"":""IDN"",""flowCode"":""X"",""cmdCode"":""090111"",""period"":""2020,2021,2022,2023,2024,2025"",""includeDesc"":true}]}",C,A,20220101,2022,704,VNM,Viet Nam,398,KAZ,Kazakhstan,0,W00,World,X,Export,H6,090111,Coffee; not roasted or decaffeinated,C00,TOTAL CPC,0,TOTAL MOT,8,kg,38400,38400,0,113940,true,false,true,"{""typeCode"":""C"",""freqCode"":""A"",""refPeriodId"":20220101,""refYear"":2022,""refMonth"":52,""period"":""2022"",""reporterCode"":704,""reporterISO"":""VNM"",""reporterDesc"":""Viet Nam"",""flowCode"":""X"",""flowDesc"":""Export"",""partnerCode"":398,""partnerISO"":""KAZ"",""partnerDesc"":""Kazakhstan"",""partner2Code"":0,""partner2ISO"":""W00"",""partner2Desc"":""World"",""classificationCode"":""H6"",""classificationSearchCode"":""HS"",""isOriginalClassification"":true,""cmdCode"":""090111"",""cmdDesc"":""Coffee; not roasted or decaffeinated"",""aggrLevel"":6,""isLeaf"":true,""customsCode"":""C00"",""customsDesc"":""TOTAL CPC"",""mosCode"":""0"",""motCode"":0,""motDesc"":""TOTAL MOT"",""qtyUnitCode"":8,""qtyUnitAbbr"":""kg"",""qty"":38400,""isQtyEstimated"":false,""altQtyUnitCode"":21,""altQtyUnitAbbr"":""1000 KG"",""altQty"":38.4,""isAltQtyEstimated"":false,""netWgt"":38400,""isNetWgtEstimated"":false,""grossWgt"":0,""isGrossWgtEstimated"":false,""cifvalue"":null,""fobvalue"":113940,""primaryValue"":113940,""legacyEstimationFlag"":0,""isReported"":false,""isAggregate"":true}"
,UN Comtrade,https://comtradeapi.un.org/public/v1/preview/C/A/HS?reporterCode=704&flowCode=X&cmdCode=090111&period=2022&includeDesc=true,2026-05-30T19:13:38.772Z,"{""reporters"":[{""endpoint"":""https://comtradeapi.un.org/public/v1/preview/C/A/HS"",""reporterCode"":704,""reporterISO"":""VNM"",""flowCode"":""X"",""cmdCode"":""090111"",""period"":""2020,2021,2022,2023,2024,2025"",""includeDesc"":true},{""endpoint"":""https://comtradeapi.un.org/public/v1/preview/C/A/HS"",""reporterCode"":76,""reporterISO"":""BRA"",""flowCode"":""X"",""cmdCode"":""090111"",""period"":""2020,2021,2022,2023,2024,2025"",""includeDesc"":true},{""endpoint"":""https://comtradeapi.un.org/public/v1/preview/C/A/HS"",""reporterCode"":360,""reporterISO"":""IDN"",""flowCode"":""X"",""cmdCode"":""090111"",""period"":""2020,2021,2022,2023,2024,2025"",""includeDesc"":true}]}",C,A,20220101,2022,704,VNM,Viet Nam,410,KOR,Rep. of Korea,0,W00,World,X,Export,H6,090111,Coffee; not roasted or decaffeinated,C00,TOTAL CPC,0,TOTAL MOT,8,kg,30977360,30977360,0,66282983.159,true,false,true,"{""typeCode"":""C"",""freqCode"":""A"",""refPeriodId"":20220101,""refYear"":2022,""refMonth"":52,""period"":""2022"",""reporterCode"":704,""reporterISO"":""VNM"",""reporterDesc"":""Viet Nam"",""flowCode"":""X"",""flowDesc"":""Export"",""partnerCode"":410,""partnerISO"":""KOR"",""partnerDesc"":""Rep. of Korea"",""partner2Code"":0,""partner2ISO"":""W00"",""partner2Desc"":""World"",""classificationCode"":""H6"",""classificationSearchCode"":""HS"",""isOriginalClassification"":true,""cmdCode"":""090111"",""cmdDesc"":""Coffee; not roasted or decaffeinated"",""aggrLevel"":6,""isLeaf"":true,""customsCode"":""C00"",""customsDesc"":""TOTAL CPC"",""mosCode"":""0"",""motCode"":0,""motDesc"":""TOTAL MOT"",""qtyUnitCode"":8,""qtyUnitAbbr"":""kg"",""qty"":30977360,""isQtyEstimated"":false,""altQtyUnitCode"":21,""altQtyUnitAbbr"":""1000 KG"",""altQty"":30977.36,""isAltQtyEstimated"":false,""netWgt"":30977360,""isNetWgtEstimated"":false,""grossWgt"":0,""isGrossWgtEstimated"":false,""cifvalue"":null,""fobvalue"":66282983.159,""primaryValue"":66282983.159,""legacyEstimationFlag"":0,""isReported"":false,""isAggregate"":true}"
,UN Comtrade,https://comtradeapi.un.org/public/v1/preview/C/A/HS?reporterCode=704&flowCode=X&cmdCode=090111&period=2022&includeDesc=true,2026-05-30T19:13:38.772Z,"{""reporters"":[{""endpoint"":""https://comtradeapi.un.org/public/v1/preview/C/A/HS"",""reporterCode"":704,""reporterISO"":""VNM"",""flowCode"":""X"",""cmdCode"":""090111"",""period"":""2020,2021,2022,2023,2024,2025"",""includeDesc"":true},{""endpoint"":""https://comtradeapi.un.org/public/v1/preview/C/A/HS"",""reporterCode"":76,""reporterISO"":""BRA"",""flowCode"":""X"",""cmdCode"":""090111"",""period"":""2020,2021,2022,2023,2024,2025"",""includeDesc"":true},{""endpoint"":""https://comtradeapi.un.org/public/v1/preview/C/A/HS"",""reporterCode"":360,""reporterISO"":""IDN"",""flowCode"":""X"",""cmdCode"":""090111"",""period"":""2020,2021,2022,2023,2024,2025"",""includeDesc"":true}]}",C,A,20220101,2022,704,VNM,Viet Nam,414,KWT,Kuwait,0,W00,World,X,Export,H6,090111,Coffee; not roasted or decaffeinated,C00,TOTAL CPC,0,TOTAL MOT,8,kg,516760,516760,0,1196319.5,true,false,true,"{""typeCode"":""C"",""freqCode"":""A"",""refPeriodId"":20220101,""refYear"":2022,""refMonth"":52,""period"":""2022"",""reporterCode"":704,""reporterISO"":""VNM"",""reporterDesc"":""Viet Nam"",""flowCode"":""X"",""flowDesc"":""Export"",""partnerCode"":414,""partnerISO"":""KWT"",""partnerDesc"":""Kuwait"",""partner2Code"":0,""partner2ISO"":""W00"",""partner2Desc"":""World"",""classificationCode"":""H6"",""classificationSearchCode"":""HS"",""isOriginalClassification"":true,""cmdCode"":""090111"",""cmdDesc"":""Coffee; not roasted or decaffeinated"",""aggrLevel"":6,""isLeaf"":true,""customsCode"":""C00"",""customsDesc"":""TOTAL CPC"",""mosCode"":""0"",""motCode"":0,""motDesc"":""TOTAL MOT"",""qtyUnitCode"":8,""qtyUnitAbbr"":""kg"",""qty"":516760,""isQtyEstimated"":false,""altQtyUnitCode"":21,""altQtyUnitAbbr"":""1000 KG"",""altQty"":516.76,""isAltQtyEstimated"":false,""netWgt"":516760,""isNetWgtEstimated"":false,""grossWgt"":0,""isGrossWgtEstimated"":false,""cifvalue"":null,""fobvalue"":1196319.5,""primaryValue"":1196319.5,""legacyEstimationFlag"":0,""isReported"":false,""isAggregate"":true}"
,UN Comtrade,https://comtradeapi.un.org/public/v1/preview/C/A/HS?reporterCode=704&flowCode=X&cmdCode=090111&period=2022&includeDesc=true,2026-05-30T19:13:38.772Z,"{""reporters"":[{""endpoint"":""https://comtradeapi.un.org/public/v1/preview/C/A/HS"",""reporterCode"":704,""reporterISO"":""VNM"",""flowCode"":""X"",""cmdCode"":""090111"",""period"":""2020,2021,2022,2023,2024,2025"",""includeDesc"":true},{""endpoint"":""https://comtradeapi.un.org/public/v1/preview/C/A/HS"",""reporterCode"":76,""reporterISO"":""BRA"",""flowCode"":""X"",""cmdCode"":""090111"",""period"":""2020,2021,2022,2023,2024,2025"",""includeDesc"":true},{""endpoint"":""https://comtradeapi.un.org/public/v1/preview/C/A/HS"",""reporterCode"":360,""reporterISO"":""IDN"",""flowCode"":""X"",""cmdCode"":""090111"",""period"":""2020,2021,2022,2023,2024,2025"",""includeDesc"":true}]}",C,A,20220101,2022,704,VNM,Viet Nam,428,LVA,Latvia,0,W00,World,X,Export,H6,090111,Coffee; not roasted or decaffeinated,C00,TOTAL CPC,0,TOTAL MOT,8,kg,326400,326400,0,638656.8,true,false,true,"{""typeCode"":""C"",""freqCode"":""A"",""refPeriodId"":20220101,""refYear"":2022,""refMonth"":52,""period"":""2022"",""reporterCode"":704,""reporterISO"":""VNM"",""reporterDesc"":""Viet Nam"",""flowCode"":""X"",""flowDesc"":""Export"",""partnerCode"":428,""partnerISO"":""LVA"",""partnerDesc"":""Latvia"",""partner2Code"":0,""partner2ISO"":""W00"",""partner2Desc"":""World"",""classificationCode"":""H6"",""classificationSearchCode"":""HS"",""isOriginalClassification"":true,""cmdCode"":""090111"",""cmdDesc"":""Coffee; not roasted or decaffeinated"",""aggrLevel"":6,""isLeaf"":true,""customsCode"":""C00"",""customsDesc"":""TOTAL CPC"",""mosCode"":""0"",""motCode"":0,""motDesc"":""TOTAL MOT"",""qtyUnitCode"":8,""qtyUnitAbbr"":""kg"",""qty"":326400,""isQtyEstimated"":false,""altQtyUnitCode"":21,""altQtyUnitAbbr"":""1000 KG"",""altQty"":326.4,""isAltQtyEstimated"":false,""netWgt"":326400,""isNetWgtEstimated"":false,""grossWgt"":0,""isGrossWgtEstimated"":false,""cifvalue"":null,""fobvalue"":638656.8,""primaryValue"":638656.8,""legacyEstimationFlag"":0,""isReported"":false,""isAggregate"":true}"
,UN Comtrade,https://comtradeapi.un.org/public/v1/preview/C/A/HS?reporterCode=704&flowCode=X&cmdCode=090111&period=2022&includeDesc=true,2026-05-30T19:13:38.772Z,"{""reporters"":[{""endpoint"":""https://comtradeapi.un.org/public/v1/preview/C/A/HS"",""reporterCode"":704,""reporterISO"":""VNM"",""flowCode"":""X"",""cmdCode"":""090111"",""period"":""2020,2021,2022,2023,2024,2025"",""includeDesc"":true},{""endpoint"":""https://comtradeapi.un.org/public/v1/preview/C/A/HS"",""reporterCode"":76,""reporterISO"":""BRA"",""flowCode"":""X"",""cmdCode"":""090111"",""period"":""2020,2021,2022,2023,2024,2025"",""includeDesc"":true},{""endpoint"":""https://comtradeapi.un.org/public/v1/preview/C/A/HS"",""reporterCode"":360,""reporterISO"":""IDN"",""flowCode"":""X"",""cmdCode"":""090111"",""period"":""2020,2021,2022,2023,2024,2025"",""includeDesc"":true}]}",C,A,20220101,2022,704,VNM,Viet Nam,440,LTU,Lithuania,0,W00,World,X,Export,H6,090111,Coffee; not roasted or decaffeinated,C00,TOTAL CPC,0,TOTAL MOT,8,kg,585820,585820,0,1331099,true,false,true,"{""typeCode"":""C"",""freqCode"":""A"",""refPeriodId"":20220101,""refYear"":2022,""refMonth"":52,""period"":""2022"",""reporterCode"":704,""reporterISO"":""VNM"",""reporterDesc"":""Viet Nam"",""flowCode"":""X"",""flowDesc"":""Export"",""partnerCode"":440,""partnerISO"":""LTU"",""partnerDesc"":""Lithuania"",""partner2Code"":0,""partner2ISO"":""W00"",""partner2Desc"":""World"",""classificationCode"":""H6"",""classificationSearchCode"":""HS"",""isOriginalClassification"":true,""cmdCode"":""090111"",""cmdDesc"":""Coffee; not roasted or decaffeinated"",""aggrLevel"":6,""isLeaf"":true,""customsCode"":""C00"",""customsDesc"":""TOTAL CPC"",""mosCode"":""0"",""motCode"":0,""motDesc"":""TOTAL MOT"",""qtyUnitCode"":8,""qtyUnitAbbr"":""kg"",""qty"":585820,""isQtyEstimated"":false,""altQtyUnitCode"":21,""altQtyUnitAbbr"":""1000 KG"",""altQty"":585.82,""isAltQtyEstimated"":false,""netWgt"":585820,""isNetWgtEstimated"":false,""grossWgt"":0,""isGrossWgtEstimated"":false,""cifvalue"":null,""fobvalue"":1331099,""primaryValue"":1331099,""legacyEstimationFlag"":0,""isReported"":false,""isAggregate"":true}"
,UN Comtrade,https://comtradeapi.un.org/public/v1/preview/C/A/HS?reporterCode=704&flowCode=X&cmdCode=090111&period=2022&includeDesc=true,2026-05-30T19:13:38.772Z,"{""reporters"":[{""endpoint"":""https://comtradeapi.un.org/public/v1/preview/C/A/HS"",""reporterCode"":704,""reporterISO"":""VNM"",""flowCode"":""X"",""cmdCode"":""090111"",""period"":""2020,2021,2022,2023,2024,2025"",""includeDesc"":true},{""endpoint"":""https://comtradeapi.un.org/public/v1/preview/C/A/HS"",""reporterCode"":76,""reporterISO"":""BRA"",""flowCode"":""X"",""cmdCode"":""090111"",""period"":""2020,2021,2022,2023,2024,2025"",""includeDesc"":true},{""endpoint"":""https://comtradeapi.un.org/public/v1/preview/C/A/HS"",""reporterCode"":360,""reporterISO"":""IDN"",""flowCode"":""X"",""cmdCode"":""090111"",""period"":""2020,2021,2022,2023,2024,2025"",""includeDesc"":true}]}",C,A,20220101,2022,704,VNM,Viet Nam,458,MYS,Malaysia,0,W00,World,X,Export,H6,090111,Coffee; not roasted or decaffeinated,C00,TOTAL CPC,0,TOTAL MOT,8,kg,20583280,20583280,0,41405199.739,true,false,true,"{""typeCode"":""C"",""freqCode"":""A"",""refPeriodId"":20220101,""refYear"":2022,""refMonth"":52,""period"":""2022"",""reporterCode"":704,""reporterISO"":""VNM"",""reporterDesc"":""Viet Nam"",""flowCode"":""X"",""flowDesc"":""Export"",""partnerCode"":458,""partnerISO"":""MYS"",""partnerDesc"":""Malaysia"",""partner2Code"":0,""partner2ISO"":""W00"",""partner2Desc"":""World"",""classificationCode"":""H6"",""classificationSearchCode"":""HS"",""isOriginalClassification"":true,""cmdCode"":""090111"",""cmdDesc"":""Coffee; not roasted or decaffeinated"",""aggrLevel"":6,""isLeaf"":true,""customsCode"":""C00"",""customsDesc"":""TOTAL CPC"",""mosCode"":""0"",""motCode"":0,""motDesc"":""TOTAL MOT"",""qtyUnitCode"":8,""qtyUnitAbbr"":""kg"",""qty"":20583280,""isQtyEstimated"":false,""altQtyUnitCode"":21,""altQtyUnitAbbr"":""1000 KG"",""altQty"":20583.28,""isAltQtyEstimated"":false,""netWgt"":20583280,""isNetWgtEstimated"":false,""grossWgt"":0,""isGrossWgtEstimated"":false,""cifvalue"":null,""fobvalue"":41405199.739,""primaryValue"":41405199.739,""legacyEstimationFlag"":0,""isReported"":false,""isAggregate"":true}"
,UN Comtrade,https://comtradeapi.un.org/public/v1/preview/C/A/HS?reporterCode=704&flowCode=X&cmdCode=090111&period=2022&includeDesc=true,2026-05-30T19:13:38.772Z,"{""reporters"":[{""endpoint"":""https://comtradeapi.un.org/public/v1/preview/C/A/HS"",""reporterCode"":704,""reporterISO"":""VNM"",""flowCode"":""X"",""cmdCode"":""090111"",""period"":""2020,2021,2022,2023,2024,2025"",""includeDesc"":true},{""endpoint"":""https://comtradeapi.un.org/public/v1/preview/C/A/HS"",""reporterCode"":76,""reporterISO"":""BRA"",""flowCode"":""X"",""cmdCode"":""090111"",""period"":""2020,2021,2022,2023,2024,2025"",""includeDesc"":true},{""endpoint"":""https://comtradeapi.un.org/public/v1/preview/C/A/HS"",""reporterCode"":360,""reporterISO"":""IDN"",""flowCode"":""X"",""cmdCode"":""090111"",""period"":""2020,2021,2022,2023,2024,2025"",""includeDesc"":true}]}",C,A,20220101,2022,704,VNM,Viet Nam,484,MEX,Mexico,0,W00,World,X,Export,H6,090111,Coffee; not roasted or decaffeinated,C00,TOTAL CPC,0,TOTAL MOT,8,kg,31011170,31011170,0,61716878.707,true,false,true,"{""typeCode"":""C"",""freqCode"":""A"",""refPeriodId"":20220101,""refYear"":2022,""refMonth"":52,""period"":""2022"",""reporterCode"":704,""reporterISO"":""VNM"",""reporterDesc"":""Viet Nam"",""flowCode"":""X"",""flowDesc"":""Export"",""partnerCode"":484,""partnerISO"":""MEX"",""partnerDesc"":""Mexico"",""partner2Code"":0,""partner2ISO"":""W00"",""partner2Desc"":""World"",""classificationCode"":""H6"",""classificationSearchCode"":""HS"",""isOriginalClassification"":true,""cmdCode"":""090111"",""cmdDesc"":""Coffee; not roasted or decaffeinated"",""aggrLevel"":6,""isLeaf"":true,""customsCode"":""C00"",""customsDesc"":""TOTAL CPC"",""mosCode"":""0"",""motCode"":0,""motDesc"":""TOTAL MOT"",""qtyUnitCode"":8,""qtyUnitAbbr"":""kg"",""qty"":31011170,""isQtyEstimated"":false,""altQtyUnitCode"":21,""altQtyUnitAbbr"":""1000 KG"",""altQty"":31011.17,""isAltQtyEstimated"":false,""netWgt"":31011170,""isNetWgtEstimated"":false,""grossWgt"":0,""isGrossWgtEstimated"":false,""cifvalue"":null,""fobvalue"":61716878.707,""primaryValue"":61716878.707,""legacyEstimationFlag"":0,""isReported"":false,""isAggregate"":true}"
,UN Comtrade,https://comtradeapi.un.org/public/v1/preview/C/A/HS?reporterCode=704&flowCode=X&cmdCode=090111&period=2022&includeDesc=true,2026-05-30T19:13:38.772Z,"{""reporters"":[{""endpoint"":""https://comtradeapi.un.org/public/v1/preview/C/A/HS"",""reporterCode"":704,""reporterISO"":""VNM"",""flowCode"":""X"",""cmdCode"":""090111"",""period"":""2020,2021,2022,2023,2024,2025"",""includeDesc"":true},{""endpoint"":""https://comtradeapi.un.org/public/v1/preview/C/A/HS"",""reporterCode"":76,""reporterISO"":""BRA"",""flowCode"":""X"",""cmdCode"":""090111"",""period"":""2020,2021,2022,2023,2024,2025"",""includeDesc"":true},{""endpoint"":""https://comtradeapi.un.org/public/v1/preview/C/A/HS"",""reporterCode"":360,""reporterISO"":""IDN"",""flowCode"":""X"",""cmdCode"":""090111"",""period"":""2020,2021,2022,2023,2024,2025"",""includeDesc"":true}]}",C,A,20220101,2022,704,VNM,Viet Nam,490,S19,"Other Asia, nes",0,W00,World,X,Export,H6,090111,Coffee; not roasted or decaffeinated,C00,TOTAL CPC,0,TOTAL MOT,8,kg,838472,838472,0,2302764.696,true,false,true,"{""typeCode"":""C"",""freqCode"":""A"",""refPeriodId"":20220101,""refYear"":2022,""refMonth"":52,""period"":""2022"",""reporterCode"":704,""reporterISO"":""VNM"",""reporterDesc"":""Viet Nam"",""flowCode"":""X"",""flowDesc"":""Export"",""partnerCode"":490,""partnerISO"":""S19"",""partnerDesc"":""Other Asia, nes"",""partner2Code"":0,""partner2ISO"":""W00"",""partner2Desc"":""World"",""classificationCode"":""H6"",""classificationSearchCode"":""HS"",""isOriginalClassification"":true,""cmdCode"":""090111"",""cmdDesc"":""Coffee; not roasted or decaffeinated"",""aggrLevel"":6,""isLeaf"":true,""customsCode"":""C00"",""customsDesc"":""TOTAL CPC"",""mosCode"":""0"",""motCode"":0,""motDesc"":""TOTAL MOT"",""qtyUnitCode"":8,""qtyUnitAbbr"":""kg"",""qty"":838472,""isQtyEstimated"":false,""altQtyUnitCode"":21,""altQtyUnitAbbr"":""1000 KG"",""altQty"":838.472,""isAltQtyEstimated"":false,""netWgt"":838472,""isNetWgtEstimated"":false,""grossWgt"":0,""isGrossWgtEstimated"":false,""cifvalue"":null,""fobvalue"":2302764.696,""primaryValue"":2302764.696,""legacyEstimationFlag"":0,""isReported"":false,""isAggregate"":true}"
,UN Comtrade,https://comtradeapi.un.org/public/v1/preview/C/A/HS?reporterCode=704&flowCode=X&cmdCode=090111&period=2022&includeDesc=true,2026-05-30T19:13:38.772Z,"{""reporters"":[{""endpoint"":""https://comtradeapi.un.org/public/v1/preview/C/A/HS"",""reporterCode"":704,""reporterISO"":""VNM"",""flowCode"":""X"",""cmdCode"":""090111"",""period"":""2020,2021,2022,2023,2024,2025"",""includeDesc"":true},{""endpoint"":""https://comtradeapi.un.org/public/v1/preview/C/A/HS"",""reporterCode"":76,""reporterISO"":""BRA"",""flowCode"":""X"",""cmdCode"":""090111"",""period"":""2020,2021,2022,2023,2024,2025"",""includeDesc"":true},{""endpoint"":""https://comtradeapi.un.org/public/v1/preview/C/A/HS"",""reporterCode"":360,""reporterISO"":""IDN"",""flowCode"":""X"",""cmdCode"":""090111"",""period"":""2020,2021,2022,2023,2024,2025"",""includeDesc"":true}]}",C,A,20220101,2022,704,VNM,Viet Nam,504,MAR,Morocco,0,W00,World,X,Export,H6,090111,Coffee; not roasted or decaffeinated,C00,TOTAL CPC,0,TOTAL MOT,8,kg,6358080,6358080,0,12477648.847,true,false,true,"{""typeCode"":""C"",""freqCode"":""A"",""refPeriodId"":20220101,""refYear"":2022,""refMonth"":52,""period"":""2022"",""reporterCode"":704,""reporterISO"":""VNM"",""reporterDesc"":""Viet Nam"",""flowCode"":""X"",""flowDesc"":""Export"",""partnerCode"":504,""partnerISO"":""MAR"",""partnerDesc"":""Morocco"",""partner2Code"":0,""partner2ISO"":""W00"",""partner2Desc"":""World"",""classificationCode"":""H6"",""classificationSearchCode"":""HS"",""isOriginalClassification"":true,""cmdCode"":""090111"",""cmdDesc"":""Coffee; not roasted or decaffeinated"",""aggrLevel"":6,""isLeaf"":true,""customsCode"":""C00"",""customsDesc"":""TOTAL CPC"",""mosCode"":""0"",""motCode"":0,""motDesc"":""TOTAL MOT"",""qtyUnitCode"":8,""qtyUnitAbbr"":""kg"",""qty"":6358080,""isQtyEstimated"":false,""altQtyUnitCode"":21,""altQtyUnitAbbr"":""1000 KG"",""altQty"":6358.08,""isAltQtyEstimated"":false,""netWgt"":6358080,""isNetWgtEstimated"":false,""grossWgt"":0,""isGrossWgtEstimated"":false,""cifvalue"":null,""fobvalue"":12477648.847,""primaryValue"":12477648.847,""legacyEstimationFlag"":0,""isReported"":false,""isAggregate"":true}"
,UN Comtrade,https://comtradeapi.un.org/public/v1/preview/C/A/HS?reporterCode=704&flowCode=X&cmdCode=090111&period=2022&includeDesc=true,2026-05-30T19:13:38.772Z,"{""reporters"":[{""endpoint"":""https://comtradeapi.un.org/public/v1/preview/C/A/HS"",""reporterCode"":704,""reporterISO"":""VNM"",""flowCode"":""X"",""cmdCode"":""090111"",""period"":""2020,2021,2022,2023,2024,2025"",""includeDesc"":true},{""endpoint"":""https://comtradeapi.un.org/public/v1/preview/C/A/HS"",""reporterCode"":76,""reporterISO"":""BRA"",""flowCode"":""X"",""cmdCode"":""090111"",""period"":""2020,2021,2022,2023,2024,2025"",""includeDesc"":true},{""endpoint"":""https://comtradeapi.un.org/public/v1/preview/C/A/HS"",""reporterCode"":360,""reporterISO"":""IDN"",""flowCode"":""X"",""cmdCode"":""090111"",""period"":""2020,2021,2022,2023,2024,2025"",""includeDesc"":true}]}",C,A,20220101,2022,704,VNM,Viet Nam,528,NLD,Netherlands,0,W00,World,X,Export,H6,090111,Coffee; not roasted or decaffeinated,C00,TOTAL CPC,0,TOTAL MOT,8,kg,29176960,29176960,0,63885489.528,true,false,true,"{""typeCode"":""C"",""freqCode"":""A"",""refPeriodId"":20220101,""refYear"":2022,""refMonth"":52,""period"":""2022"",""reporterCode"":704,""reporterISO"":""VNM"",""reporterDesc"":""Viet Nam"",""flowCode"":""X"",""flowDesc"":""Export"",""partnerCode"":528,""partnerISO"":""NLD"",""partnerDesc"":""Netherlands"",""partner2Code"":0,""partner2ISO"":""W00"",""partner2Desc"":""World"",""classificationCode"":""H6"",""classificationSearchCode"":""HS"",""isOriginalClassification"":true,""cmdCode"":""090111"",""cmdDesc"":""Coffee; not roasted or decaffeinated"",""aggrLevel"":6,""isLeaf"":true,""customsCode"":""C00"",""customsDesc"":""TOTAL CPC"",""mosCode"":""0"",""motCode"":0,""motDesc"":""TOTAL MOT"",""qtyUnitCode"":8,""qtyUnitAbbr"":""kg"",""qty"":29176960,""isQtyEstimated"":false,""altQtyUnitCode"":21,""altQtyUnitAbbr"":""1000 KG"",""altQty"":29176.96,""isAltQtyEstimated"":false,""netWgt"":29176960,""isNetWgtEstimated"":false,""grossWgt"":0,""isGrossWgtEstimated"":false,""cifvalue"":null,""fobvalue"":63885489.528,""primaryValue"":63885489.528,""legacyEstimationFlag"":0,""isReported"":false,""isAggregate"":true}"
,UN Comtrade,https://comtradeapi.un.org/public/v1/preview/C/A/HS?reporterCode=704&flowCode=X&cmdCode=090111&period=2022&includeDesc=true,2026-05-30T19:13:38.772Z,"{""reporters"":[{""endpoint"":""https://comtradeapi.un.org/public/v1/preview/C/A/HS"",""reporterCode"":704,""reporterISO"":""VNM"",""flowCode"":""X"",""cmdCode"":""090111"",""period"":""2020,2021,2022,2023,2024,2025"",""includeDesc"":true},{""endpoint"":""https://comtradeapi.un.org/public/v1/preview/C/A/HS"",""reporterCode"":76,""reporterISO"":""BRA"",""flowCode"":""X"",""cmdCode"":""090111"",""period"":""2020,2021,2022,2023,2024,2025"",""includeDesc"":true},{""endpoint"":""https://comtradeapi.un.org/public/v1/preview/C/A/HS"",""reporterCode"":360,""reporterISO"":""IDN"",""flowCode"":""X"",""cmdCode"":""090111"",""period"":""2020,2021,2022,2023,2024,2025"",""includeDesc"":true}]}",C,A,20220101,2022,704,VNM,Viet Nam,554,NZL,New Zealand,0,W00,World,X,Export,H6,090111,Coffee; not roasted or decaffeinated,C00,TOTAL CPC,0,TOTAL MOT,8,kg,1098511,1098511,0,2015954.82,true,false,true,"{""typeCode"":""C"",""freqCode"":""A"",""refPeriodId"":20220101,""refYear"":2022,""refMonth"":52,""period"":""2022"",""reporterCode"":704,""reporterISO"":""VNM"",""reporterDesc"":""Viet Nam"",""flowCode"":""X"",""flowDesc"":""Export"",""partnerCode"":554,""partnerISO"":""NZL"",""partnerDesc"":""New Zealand"",""partner2Code"":0,""partner2ISO"":""W00"",""partner2Desc"":""World"",""classificationCode"":""H6"",""classificationSearchCode"":""HS"",""isOriginalClassification"":true,""cmdCode"":""090111"",""cmdDesc"":""Coffee; not roasted or decaffeinated"",""aggrLevel"":6,""isLeaf"":true,""customsCode"":""C00"",""customsDesc"":""TOTAL CPC"",""mosCode"":""0"",""motCode"":0,""motDesc"":""TOTAL MOT"",""qtyUnitCode"":8,""qtyUnitAbbr"":""kg"",""qty"":1098511,""isQtyEstimated"":false,""altQtyUnitCode"":21,""altQtyUnitAbbr"":""1000 KG"",""altQty"":1098.511,""isAltQtyEstimated"":false,""netWgt"":1098511,""isNetWgtEstimated"":false,""grossWgt"":0,""isGrossWgtEstimated"":false,""cifvalue"":null,""fobvalue"":2015954.82,""primaryValue"":2015954.82,""legacyEstimationFlag"":0,""isReported"":false,""isAggregate"":true}"
,UN Comtrade,https://comtradeapi.un.org/public/v1/preview/C/A/HS?reporterCode=704&flowCode=X&cmdCode=090111&period=2022&includeDesc=true,2026-05-30T19:13:38.772Z,"{""reporters"":[{""endpoint"":""https://comtradeapi.un.org/public/v1/preview/C/A/HS"",""reporterCode"":704,""reporterISO"":""VNM"",""flowCode"":""X"",""cmdCode"":""090111"",""period"":""2020,2021,2022,2023,2024,2025"",""includeDesc"":true},{""endpoint"":""https://comtradeapi.un.org/public/v1/preview/C/A/HS"",""reporterCode"":76,""reporterISO"":""BRA"",""flowCode"":""X"",""cmdCode"":""090111"",""period"":""2020,2021,2022,2023,2024,2025"",""includeDesc"":true},{""endpoint"":""https://comtradeapi.un.org/public/v1/preview/C/A/HS"",""reporterCode"":360,""reporterISO"":""IDN"",""flowCode"":""X"",""cmdCode"":""090111"",""period"":""2020,2021,2022,2023,2024,2025"",""includeDesc"":true}]}",C,A,20220101,2022,704,VNM,Viet Nam,579,NOR,Norway,0,W00,World,X,Export,H6,090111,Coffee; not roasted or decaffeinated,C00,TOTAL CPC,0,TOTAL MOT,8,kg,194400,194400,0,398732.328,true,false,true,"{""typeCode"":""C"",""freqCode"":""A"",""refPeriodId"":20220101,""refYear"":2022,""refMonth"":52,""period"":""2022"",""reporterCode"":704,""reporterISO"":""VNM"",""reporterDesc"":""Viet Nam"",""flowCode"":""X"",""flowDesc"":""Export"",""partnerCode"":579,""partnerISO"":""NOR"",""partnerDesc"":""Norway"",""partner2Code"":0,""partner2ISO"":""W00"",""partner2Desc"":""World"",""classificationCode"":""H6"",""classificationSearchCode"":""HS"",""isOriginalClassification"":true,""cmdCode"":""090111"",""cmdDesc"":""Coffee; not roasted or decaffeinated"",""aggrLevel"":6,""isLeaf"":true,""customsCode"":""C00"",""customsDesc"":""TOTAL CPC"",""mosCode"":""0"",""motCode"":0,""motDesc"":""TOTAL MOT"",""qtyUnitCode"":8,""qtyUnitAbbr"":""kg"",""qty"":194400,""isQtyEstimated"":false,""altQtyUnitCode"":21,""altQtyUnitAbbr"":""1000 KG"",""altQty"":194.4,""isAltQtyEstimated"":false,""netWgt"":194400,""isNetWgtEstimated"":false,""grossWgt"":0,""isGrossWgtEstimated"":false,""cifvalue"":null,""fobvalue"":398732.328,""primaryValue"":398732.328,""legacyEstimationFlag"":0,""isReported"":false,""isAggregate"":true}"
,UN Comtrade,https://comtradeapi.un.org/public/v1/preview/C/A/HS?reporterCode=704&flowCode=X&cmdCode=090111&period=2022&includeDesc=true,2026-05-30T19:13:38.772Z,"{""reporters"":[{""endpoint"":""https://comtradeapi.un.org/public/v1/preview/C/A/HS"",""reporterCode"":704,""reporterISO"":""VNM"",""flowCode"":""X"",""cmdCode"":""090111"",""period"":""2020,2021,2022,2023,2024,2025"",""includeDesc"":true},{""endpoint"":""https://comtradeapi.un.org/public/v1/preview/C/A/HS"",""reporterCode"":76,""reporterISO"":""BRA"",""flowCode"":""X"",""cmdCode"":""090111"",""period"":""2020,2021,2022,2023,2024,2025"",""includeDesc"":true},{""endpoint"":""https://comtradeapi.un.org/public/v1/preview/C/A/HS"",""reporterCode"":360,""reporterISO"":""IDN"",""flowCode"":""X"",""cmdCode"":""090111"",""period"":""2020,2021,2022,2023,2024,2025"",""includeDesc"":true}]}",C,A,20220101,2022,704,VNM,Viet Nam,591,PAN,Panama,0,W00,World,X,Export,H6,090111,Coffee; not roasted or decaffeinated,C00,TOTAL CPC,0,TOTAL MOT,8,kg,19000,19000,0,44650,true,false,true,"{""typeCode"":""C"",""freqCode"":""A"",""refPeriodId"":20220101,""refYear"":2022,""refMonth"":52,""period"":""2022"",""reporterCode"":704,""reporterISO"":""VNM"",""reporterDesc"":""Viet Nam"",""flowCode"":""X"",""flowDesc"":""Export"",""partnerCode"":591,""partnerISO"":""PAN"",""partnerDesc"":""Panama"",""partner2Code"":0,""partner2ISO"":""W00"",""partner2Desc"":""World"",""classificationCode"":""H6"",""classificationSearchCode"":""HS"",""isOriginalClassification"":true,""cmdCode"":""090111"",""cmdDesc"":""Coffee; not roasted or decaffeinated"",""aggrLevel"":6,""isLeaf"":true,""customsCode"":""C00"",""customsDesc"":""TOTAL CPC"",""mosCode"":""0"",""motCode"":0,""motDesc"":""TOTAL MOT"",""qtyUnitCode"":8,""qtyUnitAbbr"":""kg"",""qty"":19000,""isQtyEstimated"":false,""altQtyUnitCode"":21,""altQtyUnitAbbr"":""1000 KG"",""altQty"":19,""isAltQtyEstimated"":false,""netWgt"":19000,""isNetWgtEstimated"":false,""grossWgt"":0,""isGrossWgtEstimated"":false,""cifvalue"":null,""fobvalue"":44650,""primaryValue"":44650,""legacyEstimationFlag"":0,""isReported"":false,""isAggregate"":true}"
,UN Comtrade,https://comtradeapi.un.org/public/v1/preview/C/A/HS?reporterCode=704&flowCode=X&cmdCode=090111&period=2022&includeDesc=true,2026-05-30T19:13:38.772Z,"{""reporters"":[{""endpoint"":""https://comtradeapi.un.org/public/v1/preview/C/A/HS"",""reporterCode"":704,""reporterISO"":""VNM"",""flowCode"":""X"",""cmdCode"":""090111"",""period"":""2020,2021,2022,2023,2024,2025"",""includeDesc"":true},{""endpoint"":""https://comtradeapi.un.org/public/v1/preview/C/A/HS"",""reporterCode"":76,""reporterISO"":""BRA"",""flowCode"":""X"",""cmdCode"":""090111"",""period"":""2020,2021,2022,2023,2024,2025"",""includeDesc"":true},{""endpoint"":""https://comtradeapi.un.org/public/v1/preview/C/A/HS"",""reporterCode"":360,""reporterISO"":""IDN"",""flowCode"":""X"",""cmdCode"":""090111"",""period"":""2020,2021,2022,2023,2024,2025"",""includeDesc"":true}]}",C,A,20220101,2022,704,VNM,Viet Nam,608,PHL,Philippines,0,W00,World,X,Export,H6,090111,Coffee; not roasted or decaffeinated,C00,TOTAL CPC,0,TOTAL MOT,8,kg,35333610,35333610,0,72521955.151,true,false,true,"{""typeCode"":""C"",""freqCode"":""A"",""refPeriodId"":20220101,""refYear"":2022,""refMonth"":52,""period"":""2022"",""reporterCode"":704,""reporterISO"":""VNM"",""reporterDesc"":""Viet Nam"",""flowCode"":""X"",""flowDesc"":""Export"",""partnerCode"":608,""partnerISO"":""PHL"",""partnerDesc"":""Philippines"",""partner2Code"":0,""partner2ISO"":""W00"",""partner2Desc"":""World"",""classificationCode"":""H6"",""classificationSearchCode"":""HS"",""isOriginalClassification"":true,""cmdCode"":""090111"",""cmdDesc"":""Coffee; not roasted or decaffeinated"",""aggrLevel"":6,""isLeaf"":true,""customsCode"":""C00"",""customsDesc"":""TOTAL CPC"",""mosCode"":""0"",""motCode"":0,""motDesc"":""TOTAL MOT"",""qtyUnitCode"":8,""qtyUnitAbbr"":""kg"",""qty"":35333610,""isQtyEstimated"":false,""altQtyUnitCode"":21,""altQtyUnitAbbr"":""1000 KG"",""altQty"":35333.61,""isAltQtyEstimated"":false,""netWgt"":35333610,""isNetWgtEstimated"":false,""grossWgt"":0,""isGrossWgtEstimated"":false,""cifvalue"":null,""fobvalue"":72521955.151,""primaryValue"":72521955.151,""legacyEstimationFlag"":0,""isReported"":false,""isAggregate"":true}"
,UN Comtrade,https://comtradeapi.un.org/public/v1/preview/C/A/HS?reporterCode=704&flowCode=X&cmdCode=090111&period=2022&includeDesc=true,2026-05-30T19:13:38.772Z,"{""reporters"":[{""endpoint"":""https://comtradeapi.un.org/public/v1/preview/C/A/HS"",""reporterCode"":704,""reporterISO"":""VNM"",""flowCode"":""X"",""cmdCode"":""090111"",""period"":""2020,2021,2022,2023,2024,2025"",""includeDesc"":true},{""endpoint"":""https://comtradeapi.un.org/public/v1/preview/C/A/HS"",""reporterCode"":76,""reporterISO"":""BRA"",""flowCode"":""X"",""cmdCode"":""090111"",""period"":""2020,2021,2022,2023,2024,2025"",""includeDesc"":true},{""endpoint"":""https://comtradeapi.un.org/public/v1/preview/C/A/HS"",""reporterCode"":360,""reporterISO"":""IDN"",""flowCode"":""X"",""cmdCode"":""090111"",""period"":""2020,2021,2022,2023,2024,2025"",""includeDesc"":true}]}",C,A,20220101,2022,704,VNM,Viet Nam,616,POL,Poland,0,W00,World,X,Export,H6,090111,Coffee; not roasted or decaffeinated,C00,TOTAL CPC,0,TOTAL MOT,8,kg,9877350,9877350,0,19463912.22,true,false,true,"{""typeCode"":""C"",""freqCode"":""A"",""refPeriodId"":20220101,""refYear"":2022,""refMonth"":52,""period"":""2022"",""reporterCode"":704,""reporterISO"":""VNM"",""reporterDesc"":""Viet Nam"",""flowCode"":""X"",""flowDesc"":""Export"",""partnerCode"":616,""partnerISO"":""POL"",""partnerDesc"":""Poland"",""partner2Code"":0,""partner2ISO"":""W00"",""partner2Desc"":""World"",""classificationCode"":""H6"",""classificationSearchCode"":""HS"",""isOriginalClassification"":true,""cmdCode"":""090111"",""cmdDesc"":""Coffee; not roasted or decaffeinated"",""aggrLevel"":6,""isLeaf"":true,""customsCode"":""C00"",""customsDesc"":""TOTAL CPC"",""mosCode"":""0"",""motCode"":0,""motDesc"":""TOTAL MOT"",""qtyUnitCode"":8,""qtyUnitAbbr"":""kg"",""qty"":9877350,""isQtyEstimated"":false,""altQtyUnitCode"":21,""altQtyUnitAbbr"":""1000 KG"",""altQty"":9877.35,""isAltQtyEstimated"":false,""netWgt"":9877350,""isNetWgtEstimated"":false,""grossWgt"":0,""isGrossWgtEstimated"":false,""cifvalue"":null,""fobvalue"":19463912.22,""primaryValue"":19463912.22,""legacyEstimationFlag"":0,""isReported"":false,""isAggregate"":true}"
,UN Comtrade,https://comtradeapi.un.org/public/v1/preview/C/A/HS?reporterCode=704&flowCode=X&cmdCode=090111&period=2022&includeDesc=true,2026-05-30T19:13:38.772Z,"{""reporters"":[{""endpoint"":""https://comtradeapi.un.org/public/v1/preview/C/A/HS"",""reporterCode"":704,""reporterISO"":""VNM"",""flowCode"":""X"",""cmdCode"":""090111"",""period"":""2020,2021,2022,2023,2024,2025"",""includeDesc"":true},{""endpoint"":""https://comtradeapi.un.org/public/v1/preview/C/A/HS"",""reporterCode"":76,""reporterISO"":""BRA"",""flowCode"":""X"",""cmdCode"":""090111"",""period"":""2020,2021,2022,2023,2024,2025"",""includeDesc"":true},{""endpoint"":""https://comtradeapi.un.org/public/v1/preview/C/A/HS"",""reporterCode"":360,""reporterISO"":""IDN"",""flowCode"":""X"",""cmdCode"":""090111"",""period"":""2020,2021,2022,2023,2024,2025"",""includeDesc"":true}]}",C,A,20220101,2022,704,VNM,Viet Nam,620,PRT,Portugal,0,W00,World,X,Export,H6,090111,Coffee; not roasted or decaffeinated,C00,TOTAL CPC,0,TOTAL MOT,8,kg,10913850,10913850,0,22838837.778,true,false,true,"{""typeCode"":""C"",""freqCode"":""A"",""refPeriodId"":20220101,""refYear"":2022,""refMonth"":52,""period"":""2022"",""reporterCode"":704,""reporterISO"":""VNM"",""reporterDesc"":""Viet Nam"",""flowCode"":""X"",""flowDesc"":""Export"",""partnerCode"":620,""partnerISO"":""PRT"",""partnerDesc"":""Portugal"",""partner2Code"":0,""partner2ISO"":""W00"",""partner2Desc"":""World"",""classificationCode"":""H6"",""classificationSearchCode"":""HS"",""isOriginalClassification"":true,""cmdCode"":""090111"",""cmdDesc"":""Coffee; not roasted or decaffeinated"",""aggrLevel"":6,""isLeaf"":true,""customsCode"":""C00"",""customsDesc"":""TOTAL CPC"",""mosCode"":""0"",""motCode"":0,""motDesc"":""TOTAL MOT"",""qtyUnitCode"":8,""qtyUnitAbbr"":""kg"",""qty"":10913850,""isQtyEstimated"":false,""altQtyUnitCode"":21,""altQtyUnitAbbr"":""1000 KG"",""altQty"":10913.85,""isAltQtyEstimated"":false,""netWgt"":10913850,""isNetWgtEstimated"":false,""grossWgt"":0,""isGrossWgtEstimated"":false,""cifvalue"":null,""fobvalue"":22838837.778,""primaryValue"":22838837.778,""legacyEstimationFlag"":0,""isReported"":false,""isAggregate"":true}"
,UN Comtrade,https://comtradeapi.un.org/public/v1/preview/C/A/HS?reporterCode=704&flowCode=X&cmdCode=090111&period=2022&includeDesc=true,2026-05-30T19:13:38.772Z,"{""reporters"":[{""endpoint"":""https://comtradeapi.un.org/public/v1/preview/C/A/HS"",""reporterCode"":704,""reporterISO"":""VNM"",""flowCode"":""X"",""cmdCode"":""090111"",""period"":""2020,2021,2022,2023,2024,2025"",""includeDesc"":true},{""endpoint"":""https://comtradeapi.un.org/public/v1/preview/C/A/HS"",""reporterCode"":76,""reporterISO"":""BRA"",""flowCode"":""X"",""cmdCode"":""090111"",""period"":""2020,2021,2022,2023,2024,2025"",""includeDesc"":true},{""endpoint"":""https://comtradeapi.un.org/public/v1/preview/C/A/HS"",""reporterCode"":360,""reporterISO"":""IDN"",""flowCode"":""X"",""cmdCode"":""090111"",""period"":""2020,2021,2022,2023,2024,2025"",""includeDesc"":true}]}",C,A,20220101,2022,704,VNM,Viet Nam,634,QAT,Qatar,0,W00,World,X,Export,H6,090111,Coffee; not roasted or decaffeinated,C00,TOTAL CPC,0,TOTAL MOT,8,kg,25200,25200,0,67400,true,false,true,"{""typeCode"":""C"",""freqCode"":""A"",""refPeriodId"":20220101,""refYear"":2022,""refMonth"":52,""period"":""2022"",""reporterCode"":704,""reporterISO"":""VNM"",""reporterDesc"":""Viet Nam"",""flowCode"":""X"",""flowDesc"":""Export"",""partnerCode"":634,""partnerISO"":""QAT"",""partnerDesc"":""Qatar"",""partner2Code"":0,""partner2ISO"":""W00"",""partner2Desc"":""World"",""classificationCode"":""H6"",""classificationSearchCode"":""HS"",""isOriginalClassification"":true,""cmdCode"":""090111"",""cmdDesc"":""Coffee; not roasted or decaffeinated"",""aggrLevel"":6,""isLeaf"":true,""customsCode"":""C00"",""customsDesc"":""TOTAL CPC"",""mosCode"":""0"",""motCode"":0,""motDesc"":""TOTAL MOT"",""qtyUnitCode"":8,""qtyUnitAbbr"":""kg"",""qty"":25200,""isQtyEstimated"":false,""altQtyUnitCode"":21,""altQtyUnitAbbr"":""1000 KG"",""altQty"":25.2,""isAltQtyEstimated"":false,""netWgt"":25200,""isNetWgtEstimated"":false,""grossWgt"":0,""isGrossWgtEstimated"":false,""cifvalue"":null,""fobvalue"":67400,""primaryValue"":67400,""legacyEstimationFlag"":0,""isReported"":false,""isAggregate"":true}"
,UN Comtrade,https://comtradeapi.un.org/public/v1/preview/C/A/HS?reporterCode=704&flowCode=X&cmdCode=090111&period=2022&includeDesc=true,2026-05-30T19:13:38.772Z,"{""reporters"":[{""endpoint"":""https://comtradeapi.un.org/public/v1/preview/C/A/HS"",""reporterCode"":704,""reporterISO"":""VNM"",""flowCode"":""X"",""cmdCode"":""090111"",""period"":""2020,2021,2022,2023,2024,2025"",""includeDesc"":true},{""endpoint"":""https://comtradeapi.un.org/public/v1/preview/C/A/HS"",""reporterCode"":76,""reporterISO"":""BRA"",""flowCode"":""X"",""cmdCode"":""090111"",""period"":""2020,2021,2022,2023,2024,2025"",""includeDesc"":true},{""endpoint"":""https://comtradeapi.un.org/public/v1/preview/C/A/HS"",""reporterCode"":360,""reporterISO"":""IDN"",""flowCode"":""X"",""cmdCode"":""090111"",""period"":""2020,2021,2022,2023,2024,2025"",""includeDesc"":true}]}",C,A,20220101,2022,704,VNM,Viet Nam,642,ROU,Romania,0,W00,World,X,Export,H6,090111,Coffee; not roasted or decaffeinated,C00,TOTAL CPC,0,TOTAL MOT,8,kg,1932412,1932412,0,3822122.468,true,false,true,"{""typeCode"":""C"",""freqCode"":""A"",""refPeriodId"":20220101,""refYear"":2022,""refMonth"":52,""period"":""2022"",""reporterCode"":704,""reporterISO"":""VNM"",""reporterDesc"":""Viet Nam"",""flowCode"":""X"",""flowDesc"":""Export"",""partnerCode"":642,""partnerISO"":""ROU"",""partnerDesc"":""Romania"",""partner2Code"":0,""partner2ISO"":""W00"",""partner2Desc"":""World"",""classificationCode"":""H6"",""classificationSearchCode"":""HS"",""isOriginalClassification"":true,""cmdCode"":""090111"",""cmdDesc"":""Coffee; not roasted or decaffeinated"",""aggrLevel"":6,""isLeaf"":true,""customsCode"":""C00"",""customsDesc"":""TOTAL CPC"",""mosCode"":""0"",""motCode"":0,""motDesc"":""TOTAL MOT"",""qtyUnitCode"":8,""qtyUnitAbbr"":""kg"",""qty"":1932412,""isQtyEstimated"":false,""altQtyUnitCode"":21,""altQtyUnitAbbr"":""1000 KG"",""altQty"":1932.412,""isAltQtyEstimated"":false,""netWgt"":1932412,""isNetWgtEstimated"":false,""grossWgt"":0,""isGrossWgtEstimated"":false,""cifvalue"":null,""fobvalue"":3822122.468,""primaryValue"":3822122.468,""legacyEstimationFlag"":0,""isReported"":false,""isAggregate"":true}"
,UN Comtrade,https://comtradeapi.un.org/public/v1/preview/C/A/HS?reporterCode=704&flowCode=X&cmdCode=090111&period=2022&includeDesc=true,2026-05-30T19:13:38.772Z,"{""reporters"":[{""endpoint"":""https://comtradeapi.un.org/public/v1/preview/C/A/HS"",""reporterCode"":704,""reporterISO"":""VNM"",""flowCode"":""X"",""cmdCode"":""090111"",""period"":""2020,2021,2022,2023,2024,2025"",""includeDesc"":true},{""endpoint"":""https://comtradeapi.un.org/public/v1/preview/C/A/HS"",""reporterCode"":76,""reporterISO"":""BRA"",""flowCode"":""X"",""cmdCode"":""090111"",""period"":""2020,2021,2022,2023,2024,2025"",""includeDesc"":true},{""endpoint"":""https://comtradeapi.un.org/public/v1/preview/C/A/HS"",""reporterCode"":360,""reporterISO"":""IDN"",""flowCode"":""X"",""cmdCode"":""090111"",""period"":""2020,2021,2022,2023,2024,2025"",""includeDesc"":true}]}",C,A,20220101,2022,704,VNM,Viet Nam,643,RUS,Russian Federation,0,W00,World,X,Export,H6,090111,Coffee; not roasted or decaffeinated,C00,TOTAL CPC,0,TOTAL MOT,8,kg,95405700,95405700,0,196297466.576,true,false,true,"{""typeCode"":""C"",""freqCode"":""A"",""refPeriodId"":20220101,""refYear"":2022,""refMonth"":52,""period"":""2022"",""reporterCode"":704,""reporterISO"":""VNM"",""reporterDesc"":""Viet Nam"",""flowCode"":""X"",""flowDesc"":""Export"",""partnerCode"":643,""partnerISO"":""RUS"",""partnerDesc"":""Russian Federation"",""partner2Code"":0,""partner2ISO"":""W00"",""partner2Desc"":""World"",""classificationCode"":""H6"",""classificationSearchCode"":""HS"",""isOriginalClassification"":true,""cmdCode"":""090111"",""cmdDesc"":""Coffee; not roasted or decaffeinated"",""aggrLevel"":6,""isLeaf"":true,""customsCode"":""C00"",""customsDesc"":""TOTAL CPC"",""mosCode"":""0"",""motCode"":0,""motDesc"":""TOTAL MOT"",""qtyUnitCode"":8,""qtyUnitAbbr"":""kg"",""qty"":95405700,""isQtyEstimated"":false,""altQtyUnitCode"":21,""altQtyUnitAbbr"":""1000 KG"",""altQty"":95405.7,""isAltQtyEstimated"":false,""netWgt"":95405700,""isNetWgtEstimated"":false,""grossWgt"":0,""isGrossWgtEstimated"":false,""cifvalue"":null,""fobvalue"":196297466.576,""primaryValue"":196297466.576,""legacyEstimationFlag"":0,""isReported"":false,""isAggregate"":true}"
,UN Comtrade,https://comtradeapi.un.org/public/v1/preview/C/A/HS?reporterCode=704&flowCode=X&cmdCode=090111&period=2022&includeDesc=true,2026-05-30T19:13:38.772Z,"{""reporters"":[{""endpoint"":""https://comtradeapi.un.org/public/v1/preview/C/A/HS"",""reporterCode"":704,""reporterISO"":""VNM"",""flowCode"":""X"",""cmdCode"":""090111"",""period"":""2020,2021,2022,2023,2024,2025"",""includeDesc"":true},{""endpoint"":""https://comtradeapi.un.org/public/v1/preview/C/A/HS"",""reporterCode"":76,""reporterISO"":""BRA"",""flowCode"":""X"",""cmdCode"":""090111"",""period"":""2020,2021,2022,2023,2024,2025"",""includeDesc"":true},{""endpoint"":""https://comtradeapi.un.org/public/v1/preview/C/A/HS"",""reporterCode"":360,""reporterISO"":""IDN"",""flowCode"":""X"",""cmdCode"":""090111"",""period"":""2020,2021,2022,2023,2024,2025"",""includeDesc"":true}]}",C,A,20220101,2022,704,VNM,Viet Nam,682,SAU,Saudi Arabia,0,W00,World,X,Export,H6,090111,Coffee; not roasted or decaffeinated,C00,TOTAL CPC,0,TOTAL MOT,8,kg,601400,601400,0,1537244,true,false,true,"{""typeCode"":""C"",""freqCode"":""A"",""refPeriodId"":20220101,""refYear"":2022,""refMonth"":52,""period"":""2022"",""reporterCode"":704,""reporterISO"":""VNM"",""reporterDesc"":""Viet Nam"",""flowCode"":""X"",""flowDesc"":""Export"",""partnerCode"":682,""partnerISO"":""SAU"",""partnerDesc"":""Saudi Arabia"",""partner2Code"":0,""partner2ISO"":""W00"",""partner2Desc"":""World"",""classificationCode"":""H6"",""classificationSearchCode"":""HS"",""isOriginalClassification"":true,""cmdCode"":""090111"",""cmdDesc"":""Coffee; not roasted or decaffeinated"",""aggrLevel"":6,""isLeaf"":true,""customsCode"":""C00"",""customsDesc"":""TOTAL CPC"",""mosCode"":""0"",""motCode"":0,""motDesc"":""TOTAL MOT"",""qtyUnitCode"":8,""qtyUnitAbbr"":""kg"",""qty"":601400,""isQtyEstimated"":false,""altQtyUnitCode"":21,""altQtyUnitAbbr"":""1000 KG"",""altQty"":601.4,""isAltQtyEstimated"":false,""netWgt"":601400,""isNetWgtEstimated"":false,""grossWgt"":0,""isGrossWgtEstimated"":false,""cifvalue"":null,""fobvalue"":1537244,""primaryValue"":1537244,""legacyEstimationFlag"":0,""isReported"":false,""isAggregate"":true}"
,UN Comtrade,https://comtradeapi.un.org/public/v1/preview/C/A/HS?reporterCode=704&flowCode=X&cmdCode=090111&period=2022&includeDesc=true,2026-05-30T19:13:38.772Z,"{""reporters"":[{""endpoint"":""https://comtradeapi.un.org/public/v1/preview/C/A/HS"",""reporterCode"":704,""reporterISO"":""VNM"",""flowCode"":""X"",""cmdCode"":""090111"",""period"":""2020,2021,2022,2023,2024,2025"",""includeDesc"":true},{""endpoint"":""https://comtradeapi.un.org/public/v1/preview/C/A/HS"",""reporterCode"":76,""reporterISO"":""BRA"",""flowCode"":""X"",""cmdCode"":""090111"",""period"":""2020,2021,2022,2023,2024,2025"",""includeDesc"":true},{""endpoint"":""https://comtradeapi.un.org/public/v1/preview/C/A/HS"",""reporterCode"":360,""reporterISO"":""IDN"",""flowCode"":""X"",""cmdCode"":""090111"",""period"":""2020,2021,2022,2023,2024,2025"",""includeDesc"":true}]}",C,A,20220101,2022,704,VNM,Viet Nam,686,SEN,Senegal,0,W00,World,X,Export,H6,090111,Coffee; not roasted or decaffeinated,C00,TOTAL CPC,0,TOTAL MOT,8,kg,19500,19500,0,43875,true,false,true,"{""typeCode"":""C"",""freqCode"":""A"",""refPeriodId"":20220101,""refYear"":2022,""refMonth"":52,""period"":""2022"",""reporterCode"":704,""reporterISO"":""VNM"",""reporterDesc"":""Viet Nam"",""flowCode"":""X"",""flowDesc"":""Export"",""partnerCode"":686,""partnerISO"":""SEN"",""partnerDesc"":""Senegal"",""partner2Code"":0,""partner2ISO"":""W00"",""partner2Desc"":""World"",""classificationCode"":""H6"",""classificationSearchCode"":""HS"",""isOriginalClassification"":true,""cmdCode"":""090111"",""cmdDesc"":""Coffee; not roasted or decaffeinated"",""aggrLevel"":6,""isLeaf"":true,""customsCode"":""C00"",""customsDesc"":""TOTAL CPC"",""mosCode"":""0"",""motCode"":0,""motDesc"":""TOTAL MOT"",""qtyUnitCode"":8,""qtyUnitAbbr"":""kg"",""qty"":19500,""isQtyEstimated"":false,""altQtyUnitCode"":21,""altQtyUnitAbbr"":""1000 KG"",""altQty"":19.5,""isAltQtyEstimated"":false,""netWgt"":19500,""isNetWgtEstimated"":false,""grossWgt"":0,""isGrossWgtEstimated"":false,""cifvalue"":null,""fobvalue"":43875,""primaryValue"":43875,""legacyEstimationFlag"":0,""isReported"":false,""isAggregate"":true}"
,UN Comtrade,https://comtradeapi.un.org/public/v1/preview/C/A/HS?reporterCode=704&flowCode=X&cmdCode=090111&period=2022&includeDesc=true,2026-05-30T19:13:38.772Z,"{""reporters"":[{""endpoint"":""https://comtradeapi.un.org/public/v1/preview/C/A/HS"",""reporterCode"":704,""reporterISO"":""VNM"",""flowCode"":""X"",""cmdCode"":""090111"",""period"":""2020,2021,2022,2023,2024,2025"",""includeDesc"":true},{""endpoint"":""https://comtradeapi.un.org/public/v1/preview/C/A/HS"",""reporterCode"":76,""reporterISO"":""BRA"",""flowCode"":""X"",""cmdCode"":""090111"",""period"":""2020,2021,2022,2023,2024,2025"",""includeDesc"":true},{""endpoint"":""https://comtradeapi.un.org/public/v1/preview/C/A/HS"",""reporterCode"":360,""reporterISO"":""IDN"",""flowCode"":""X"",""cmdCode"":""090111"",""period"":""2020,2021,2022,2023,2024,2025"",""includeDesc"":true}]}",C,A,20220101,2022,704,VNM,Viet Nam,699,IND,India,0,W00,World,X,Export,H6,090111,Coffee; not roasted or decaffeinated,C00,TOTAL CPC,0,TOTAL MOT,8,kg,29234880,29234880,0,55675962.169,true,false,true,"{""typeCode"":""C"",""freqCode"":""A"",""refPeriodId"":20220101,""refYear"":2022,""refMonth"":52,""period"":""2022"",""reporterCode"":704,""reporterISO"":""VNM"",""reporterDesc"":""Viet Nam"",""flowCode"":""X"",""flowDesc"":""Export"",""partnerCode"":699,""partnerISO"":""IND"",""partnerDesc"":""India"",""partner2Code"":0,""partner2ISO"":""W00"",""partner2Desc"":""World"",""classificationCode"":""H6"",""classificationSearchCode"":""HS"",""isOriginalClassification"":true,""cmdCode"":""090111"",""cmdDesc"":""Coffee; not roasted or decaffeinated"",""aggrLevel"":6,""isLeaf"":true,""customsCode"":""C00"",""customsDesc"":""TOTAL CPC"",""mosCode"":""0"",""motCode"":0,""motDesc"":""TOTAL MOT"",""qtyUnitCode"":8,""qtyUnitAbbr"":""kg"",""qty"":29234880,""isQtyEstimated"":false,""altQtyUnitCode"":21,""altQtyUnitAbbr"":""1000 KG"",""altQty"":29234.88,""isAltQtyEstimated"":false,""netWgt"":29234880,""isNetWgtEstimated"":false,""grossWgt"":0,""isGrossWgtEstimated"":false,""cifvalue"":null,""fobvalue"":55675962.169,""primaryValue"":55675962.169,""legacyEstimationFlag"":0,""isReported"":false,""isAggregate"":true}"
,UN Comtrade,https://comtradeapi.un.org/public/v1/preview/C/A/HS?reporterCode=704&flowCode=X&cmdCode=090111&period=2022&includeDesc=true,2026-05-30T19:13:38.772Z,"{""reporters"":[{""endpoint"":""https://comtradeapi.un.org/public/v1/preview/C/A/HS"",""reporterCode"":704,""reporterISO"":""VNM"",""flowCode"":""X"",""cmdCode"":""090111"",""period"":""2020,2021,2022,2023,2024,2025"",""includeDesc"":true},{""endpoint"":""https://comtradeapi.un.org/public/v1/preview/C/A/HS"",""reporterCode"":76,""reporterISO"":""BRA"",""flowCode"":""X"",""cmdCode"":""090111"",""period"":""2020,2021,2022,2023,2024,2025"",""includeDesc"":true},{""endpoint"":""https://comtradeapi.un.org/public/v1/preview/C/A/HS"",""reporterCode"":360,""reporterISO"":""IDN"",""flowCode"":""X"",""cmdCode"":""090111"",""period"":""2020,2021,2022,2023,2024,2025"",""includeDesc"":true}]}",C,A,20220101,2022,704,VNM,Viet Nam,702,SGP,Singapore,0,W00,World,X,Export,H6,090111,Coffee; not roasted or decaffeinated,C00,TOTAL CPC,0,TOTAL MOT,8,kg,112000,112000,0,277651.709,true,false,true,"{""typeCode"":""C"",""freqCode"":""A"",""refPeriodId"":20220101,""refYear"":2022,""refMonth"":52,""period"":""2022"",""reporterCode"":704,""reporterISO"":""VNM"",""reporterDesc"":""Viet Nam"",""flowCode"":""X"",""flowDesc"":""Export"",""partnerCode"":702,""partnerISO"":""SGP"",""partnerDesc"":""Singapore"",""partner2Code"":0,""partner2ISO"":""W00"",""partner2Desc"":""World"",""classificationCode"":""H6"",""classificationSearchCode"":""HS"",""isOriginalClassification"":true,""cmdCode"":""090111"",""cmdDesc"":""Coffee; not roasted or decaffeinated"",""aggrLevel"":6,""isLeaf"":true,""customsCode"":""C00"",""customsDesc"":""TOTAL CPC"",""mosCode"":""0"",""motCode"":0,""motDesc"":""TOTAL MOT"",""qtyUnitCode"":8,""qtyUnitAbbr"":""kg"",""qty"":112000,""isQtyEstimated"":false,""altQtyUnitCode"":21,""altQtyUnitAbbr"":""1000 KG"",""altQty"":112,""isAltQtyEstimated"":false,""netWgt"":112000,""isNetWgtEstimated"":false,""grossWgt"":0,""isGrossWgtEstimated"":false,""cifvalue"":null,""fobvalue"":277651.709,""primaryValue"":277651.709,""legacyEstimationFlag"":0,""isReported"":false,""isAggregate"":true}"
,UN Comtrade,https://comtradeapi.un.org/public/v1/preview/C/A/HS?reporterCode=704&flowCode=X&cmdCode=090111&period=2022&includeDesc=true,2026-05-30T19:13:38.772Z,"{""reporters"":[{""endpoint"":""https://comtradeapi.un.org/public/v1/preview/C/A/HS"",""reporterCode"":704,""reporterISO"":""VNM"",""flowCode"":""X"",""cmdCode"":""090111"",""period"":""2020,2021,2022,2023,2024,2025"",""includeDesc"":true},{""endpoint"":""https://comtradeapi.un.org/public/v1/preview/C/A/HS"",""reporterCode"":76,""reporterISO"":""BRA"",""flowCode"":""X"",""cmdCode"":""090111"",""period"":""2020,2021,2022,2023,2024,2025"",""includeDesc"":true},{""endpoint"":""https://comtradeapi.un.org/public/v1/preview/C/A/HS"",""reporterCode"":360,""reporterISO"":""IDN"",""flowCode"":""X"",""cmdCode"":""090111"",""period"":""2020,2021,2022,2023,2024,2025"",""includeDesc"":true}]}",C,A,20220101,2022,704,VNM,Viet Nam,705,SVN,Slovenia,0,W00,World,X,Export,H6,090111,Coffee; not roasted or decaffeinated,C00,TOTAL CPC,0,TOTAL MOT,8,kg,5045349,5045349,0,10736849.946,true,false,true,"{""typeCode"":""C"",""freqCode"":""A"",""refPeriodId"":20220101,""refYear"":2022,""refMonth"":52,""period"":""2022"",""reporterCode"":704,""reporterISO"":""VNM"",""reporterDesc"":""Viet Nam"",""flowCode"":""X"",""flowDesc"":""Export"",""partnerCode"":705,""partnerISO"":""SVN"",""partnerDesc"":""Slovenia"",""partner2Code"":0,""partner2ISO"":""W00"",""partner2Desc"":""World"",""classificationCode"":""H6"",""classificationSearchCode"":""HS"",""isOriginalClassification"":true,""cmdCode"":""090111"",""cmdDesc"":""Coffee; not roasted or decaffeinated"",""aggrLevel"":6,""isLeaf"":true,""customsCode"":""C00"",""customsDesc"":""TOTAL CPC"",""mosCode"":""0"",""motCode"":0,""motDesc"":""TOTAL MOT"",""qtyUnitCode"":8,""qtyUnitAbbr"":""kg"",""qty"":5045349,""isQtyEstimated"":false,""altQtyUnitCode"":21,""altQtyUnitAbbr"":""1000 KG"",""altQty"":5045.349,""isAltQtyEstimated"":false,""netWgt"":5045349,""isNetWgtEstimated"":false,""grossWgt"":0,""isGrossWgtEstimated"":false,""cifvalue"":null,""fobvalue"":10736849.946,""primaryValue"":10736849.946,""legacyEstimationFlag"":0,""isReported"":false,""isAggregate"":true}"
,UN Comtrade,https://comtradeapi.un.org/public/v1/preview/C/A/HS?reporterCode=704&flowCode=X&cmdCode=090111&period=2022&includeDesc=true,2026-05-30T19:13:38.772Z,"{""reporters"":[{""endpoint"":""https://comtradeapi.un.org/public/v1/preview/C/A/HS"",""reporterCode"":704,""reporterISO"":""VNM"",""flowCode"":""X"",""cmdCode"":""090111"",""period"":""2020,2021,2022,2023,2024,2025"",""includeDesc"":true},{""endpoint"":""https://comtradeapi.un.org/public/v1/preview/C/A/HS"",""reporterCode"":76,""reporterISO"":""BRA"",""flowCode"":""X"",""cmdCode"":""090111"",""period"":""2020,2021,2022,2023,2024,2025"",""includeDesc"":true},{""endpoint"":""https://comtradeapi.un.org/public/v1/preview/C/A/HS"",""reporterCode"":360,""reporterISO"":""IDN"",""flowCode"":""X"",""cmdCode"":""090111"",""period"":""2020,2021,2022,2023,2024,2025"",""includeDesc"":true}]}",C,A,20220101,2022,704,VNM,Viet Nam,710,ZAF,South Africa,0,W00,World,X,Export,H6,090111,Coffee; not roasted or decaffeinated,C00,TOTAL CPC,0,TOTAL MOT,8,kg,5029920,5029920,0,9779628.956,true,false,true,"{""typeCode"":""C"",""freqCode"":""A"",""refPeriodId"":20220101,""refYear"":2022,""refMonth"":52,""period"":""2022"",""reporterCode"":704,""reporterISO"":""VNM"",""reporterDesc"":""Viet Nam"",""flowCode"":""X"",""flowDesc"":""Export"",""partnerCode"":710,""partnerISO"":""ZAF"",""partnerDesc"":""South Africa"",""partner2Code"":0,""partner2ISO"":""W00"",""partner2Desc"":""World"",""classificationCode"":""H6"",""classificationSearchCode"":""HS"",""isOriginalClassification"":true,""cmdCode"":""090111"",""cmdDesc"":""Coffee; not roasted or decaffeinated"",""aggrLevel"":6,""isLeaf"":true,""customsCode"":""C00"",""customsDesc"":""TOTAL CPC"",""mosCode"":""0"",""motCode"":0,""motDesc"":""TOTAL MOT"",""qtyUnitCode"":8,""qtyUnitAbbr"":""kg"",""qty"":5029920,""isQtyEstimated"":false,""altQtyUnitCode"":21,""altQtyUnitAbbr"":""1000 KG"",""altQty"":5029.92,""isAltQtyEstimated"":false,""netWgt"":5029920,""isNetWgtEstimated"":false,""grossWgt"":0,""isGrossWgtEstimated"":false,""cifvalue"":null,""fobvalue"":9779628.956,""primaryValue"":9779628.956,""legacyEstimationFlag"":0,""isReported"":false,""isAggregate"":true}"
,UN Comtrade,https://comtradeapi.un.org/public/v1/preview/C/A/HS?reporterCode=704&flowCode=X&cmdCode=090111&period=2022&includeDesc=true,2026-05-30T19:13:38.772Z,"{""reporters"":[{""endpoint"":""https://comtradeapi.un.org/public/v1/preview/C/A/HS"",""reporterCode"":704,""reporterISO"":""VNM"",""flowCode"":""X"",""cmdCode"":""090111"",""period"":""2020,2021,2022,2023,2024,2025"",""includeDesc"":true},{""endpoint"":""https://comtradeapi.un.org/public/v1/preview/C/A/HS"",""reporterCode"":76,""reporterISO"":""BRA"",""flowCode"":""X"",""cmdCode"":""090111"",""period"":""2020,2021,2022,2023,2024,2025"",""includeDesc"":true},{""endpoint"":""https://comtradeapi.un.org/public/v1/preview/C/A/HS"",""reporterCode"":360,""reporterISO"":""IDN"",""flowCode"":""X"",""cmdCode"":""090111"",""period"":""2020,2021,2022,2023,2024,2025"",""includeDesc"":true}]}",C,A,20220101,2022,704,VNM,Viet Nam,724,ESP,Spain,0,W00,World,X,Export,H6,090111,Coffee; not roasted or decaffeinated,C00,TOTAL CPC,0,TOTAL MOT,8,kg,79622410,79622410,0,161034432.594,true,false,true,"{""typeCode"":""C"",""freqCode"":""A"",""refPeriodId"":20220101,""refYear"":2022,""refMonth"":52,""period"":""2022"",""reporterCode"":704,""reporterISO"":""VNM"",""reporterDesc"":""Viet Nam"",""flowCode"":""X"",""flowDesc"":""Export"",""partnerCode"":724,""partnerISO"":""ESP"",""partnerDesc"":""Spain"",""partner2Code"":0,""partner2ISO"":""W00"",""partner2Desc"":""World"",""classificationCode"":""H6"",""classificationSearchCode"":""HS"",""isOriginalClassification"":true,""cmdCode"":""090111"",""cmdDesc"":""Coffee; not roasted or decaffeinated"",""aggrLevel"":6,""isLeaf"":true,""customsCode"":""C00"",""customsDesc"":""TOTAL CPC"",""mosCode"":""0"",""motCode"":0,""motDesc"":""TOTAL MOT"",""qtyUnitCode"":8,""qtyUnitAbbr"":""kg"",""qty"":79622410,""isQtyEstimated"":false,""altQtyUnitCode"":21,""altQtyUnitAbbr"":""1000 KG"",""altQty"":79622.41,""isAltQtyEstimated"":false,""netWgt"":79622410,""isNetWgtEstimated"":false,""grossWgt"":0,""isGrossWgtEstimated"":false,""cifvalue"":null,""fobvalue"":161034432.594,""primaryValue"":161034432.594,""legacyEstimationFlag"":0,""isReported"":false,""isAggregate"":true}"
,UN Comtrade,https://comtradeapi.un.org/public/v1/preview/C/A/HS?reporterCode=704&flowCode=X&cmdCode=090111&period=2022&includeDesc=true,2026-05-30T19:13:38.772Z,"{""reporters"":[{""endpoint"":""https://comtradeapi.un.org/public/v1/preview/C/A/HS"",""reporterCode"":704,""reporterISO"":""VNM"",""flowCode"":""X"",""cmdCode"":""090111"",""period"":""2020,2021,2022,2023,2024,2025"",""includeDesc"":true},{""endpoint"":""https://comtradeapi.un.org/public/v1/preview/C/A/HS"",""reporterCode"":76,""reporterISO"":""BRA"",""flowCode"":""X"",""cmdCode"":""090111"",""period"":""2020,2021,2022,2023,2024,2025"",""includeDesc"":true},{""endpoint"":""https://comtradeapi.un.org/public/v1/preview/C/A/HS"",""reporterCode"":360,""reporterISO"":""IDN"",""flowCode"":""X"",""cmdCode"":""090111"",""period"":""2020,2021,2022,2023,2024,2025"",""includeDesc"":true}]}",C,A,20220101,2022,704,VNM,Viet Nam,752,SWE,Sweden,0,W00,World,X,Export,H6,090111,Coffee; not roasted or decaffeinated,C00,TOTAL CPC,0,TOTAL MOT,8,kg,1811530,1811530,0,4667944.978,true,false,true,"{""typeCode"":""C"",""freqCode"":""A"",""refPeriodId"":20220101,""refYear"":2022,""refMonth"":52,""period"":""2022"",""reporterCode"":704,""reporterISO"":""VNM"",""reporterDesc"":""Viet Nam"",""flowCode"":""X"",""flowDesc"":""Export"",""partnerCode"":752,""partnerISO"":""SWE"",""partnerDesc"":""Sweden"",""partner2Code"":0,""partner2ISO"":""W00"",""partner2Desc"":""World"",""classificationCode"":""H6"",""classificationSearchCode"":""HS"",""isOriginalClassification"":true,""cmdCode"":""090111"",""cmdDesc"":""Coffee; not roasted or decaffeinated"",""aggrLevel"":6,""isLeaf"":true,""customsCode"":""C00"",""customsDesc"":""TOTAL CPC"",""mosCode"":""0"",""motCode"":0,""motDesc"":""TOTAL MOT"",""qtyUnitCode"":8,""qtyUnitAbbr"":""kg"",""qty"":1811530,""isQtyEstimated"":false,""altQtyUnitCode"":21,""altQtyUnitAbbr"":""1000 KG"",""altQty"":1811.53,""isAltQtyEstimated"":false,""netWgt"":1811530,""isNetWgtEstimated"":false,""grossWgt"":0,""isGrossWgtEstimated"":false,""cifvalue"":null,""fobvalue"":4667944.978,""primaryValue"":4667944.978,""legacyEstimationFlag"":0,""isReported"":false,""isAggregate"":true}"
,UN Comtrade,https://comtradeapi.un.org/public/v1/preview/C/A/HS?reporterCode=704&flowCode=X&cmdCode=090111&period=2022&includeDesc=true,2026-05-30T19:13:38.772Z,"{""reporters"":[{""endpoint"":""https://comtradeapi.un.org/public/v1/preview/C/A/HS"",""reporterCode"":704,""reporterISO"":""VNM"",""flowCode"":""X"",""cmdCode"":""090111"",""period"":""2020,2021,2022,2023,2024,2025"",""includeDesc"":true},{""endpoint"":""https://comtradeapi.un.org/public/v1/preview/C/A/HS"",""reporterCode"":76,""reporterISO"":""BRA"",""flowCode"":""X"",""cmdCode"":""090111"",""period"":""2020,2021,2022,2023,2024,2025"",""includeDesc"":true},{""endpoint"":""https://comtradeapi.un.org/public/v1/preview/C/A/HS"",""reporterCode"":360,""reporterISO"":""IDN"",""flowCode"":""X"",""cmdCode"":""090111"",""period"":""2020,2021,2022,2023,2024,2025"",""includeDesc"":true}]}",C,A,20220101,2022,704,VNM,Viet Nam,757,CHE,Switzerland,0,W00,World,X,Export,H6,090111,Coffee; not roasted or decaffeinated,C00,TOTAL CPC,0,TOTAL MOT,8,kg,19792,19792,0,53386.5,true,false,true,"{""typeCode"":""C"",""freqCode"":""A"",""refPeriodId"":20220101,""refYear"":2022,""refMonth"":52,""period"":""2022"",""reporterCode"":704,""reporterISO"":""VNM"",""reporterDesc"":""Viet Nam"",""flowCode"":""X"",""flowDesc"":""Export"",""partnerCode"":757,""partnerISO"":""CHE"",""partnerDesc"":""Switzerland"",""partner2Code"":0,""partner2ISO"":""W00"",""partner2Desc"":""World"",""classificationCode"":""H6"",""classificationSearchCode"":""HS"",""isOriginalClassification"":true,""cmdCode"":""090111"",""cmdDesc"":""Coffee; not roasted or decaffeinated"",""aggrLevel"":6,""isLeaf"":true,""customsCode"":""C00"",""customsDesc"":""TOTAL CPC"",""mosCode"":""0"",""motCode"":0,""motDesc"":""TOTAL MOT"",""qtyUnitCode"":8,""qtyUnitAbbr"":""kg"",""qty"":19792,""isQtyEstimated"":false,""altQtyUnitCode"":21,""altQtyUnitAbbr"":""1000 KG"",""altQty"":19.792,""isAltQtyEstimated"":false,""netWgt"":19792,""isNetWgtEstimated"":false,""grossWgt"":0,""isGrossWgtEstimated"":false,""cifvalue"":null,""fobvalue"":53386.5,""primaryValue"":53386.5,""legacyEstimationFlag"":0,""isReported"":false,""isAggregate"":true}"
,UN Comtrade,https://comtradeapi.un.org/public/v1/preview/C/A/HS?reporterCode=704&flowCode=X&cmdCode=090111&period=2022&includeDesc=true,2026-05-30T19:13:38.772Z,"{""reporters"":[{""endpoint"":""https://comtradeapi.un.org/public/v1/preview/C/A/HS"",""reporterCode"":704,""reporterISO"":""VNM"",""flowCode"":""X"",""cmdCode"":""090111"",""period"":""2020,2021,2022,2023,2024,2025"",""includeDesc"":true},{""endpoint"":""https://comtradeapi.un.org/public/v1/preview/C/A/HS"",""reporterCode"":76,""reporterISO"":""BRA"",""flowCode"":""X"",""cmdCode"":""090111"",""period"":""2020,2021,2022,2023,2024,2025"",""includeDesc"":true},{""endpoint"":""https://comtradeapi.un.org/public/v1/preview/C/A/HS"",""reporterCode"":360,""reporterISO"":""IDN"",""flowCode"":""X"",""cmdCode"":""090111"",""period"":""2020,2021,2022,2023,2024,2025"",""includeDesc"":true}]}",C,A,20220101,2022,704,VNM,Viet Nam,764,THA,Thailand,0,W00,World,X,Export,H6,090111,Coffee; not roasted or decaffeinated,C00,TOTAL CPC,0,TOTAL MOT,8,kg,27921320,27921320,0,61628251.4,true,false,true,"{""typeCode"":""C"",""freqCode"":""A"",""refPeriodId"":20220101,""refYear"":2022,""refMonth"":52,""period"":""2022"",""reporterCode"":704,""reporterISO"":""VNM"",""reporterDesc"":""Viet Nam"",""flowCode"":""X"",""flowDesc"":""Export"",""partnerCode"":764,""partnerISO"":""THA"",""partnerDesc"":""Thailand"",""partner2Code"":0,""partner2ISO"":""W00"",""partner2Desc"":""World"",""classificationCode"":""H6"",""classificationSearchCode"":""HS"",""isOriginalClassification"":true,""cmdCode"":""090111"",""cmdDesc"":""Coffee; not roasted or decaffeinated"",""aggrLevel"":6,""isLeaf"":true,""customsCode"":""C00"",""customsDesc"":""TOTAL CPC"",""mosCode"":""0"",""motCode"":0,""motDesc"":""TOTAL MOT"",""qtyUnitCode"":8,""qtyUnitAbbr"":""kg"",""qty"":27921320,""isQtyEstimated"":false,""altQtyUnitCode"":21,""altQtyUnitAbbr"":""1000 KG"",""altQty"":27921.32,""isAltQtyEstimated"":false,""netWgt"":27921320,""isNetWgtEstimated"":false,""grossWgt"":0,""isGrossWgtEstimated"":false,""cifvalue"":null,""fobvalue"":61628251.4,""primaryValue"":61628251.4,""legacyEstimationFlag"":0,""isReported"":false,""isAggregate"":true}"
,UN Comtrade,https://comtradeapi.un.org/public/v1/preview/C/A/HS?reporterCode=704&flowCode=X&cmdCode=090111&period=2022&includeDesc=true,2026-05-30T19:13:38.772Z,"{""reporters"":[{""endpoint"":""https://comtradeapi.un.org/public/v1/preview/C/A/HS"",""reporterCode"":704,""reporterISO"":""VNM"",""flowCode"":""X"",""cmdCode"":""090111"",""period"":""2020,2021,2022,2023,2024,2025"",""includeDesc"":true},{""endpoint"":""https://comtradeapi.un.org/public/v1/preview/C/A/HS"",""reporterCode"":76,""reporterISO"":""BRA"",""flowCode"":""X"",""cmdCode"":""090111"",""period"":""2020,2021,2022,2023,2024,2025"",""includeDesc"":true},{""endpoint"":""https://comtradeapi.un.org/public/v1/preview/C/A/HS"",""reporterCode"":360,""reporterISO"":""IDN"",""flowCode"":""X"",""cmdCode"":""090111"",""period"":""2020,2021,2022,2023,2024,2025"",""includeDesc"":true}]}",C,A,20220101,2022,704,VNM,Viet Nam,784,ARE,United Arab Emirates,0,W00,World,X,Export,H6,090111,Coffee; not roasted or decaffeinated,C00,TOTAL CPC,0,TOTAL MOT,8,kg,4623062,4623062,0,10530841.52,true,false,true,"{""typeCode"":""C"",""freqCode"":""A"",""refPeriodId"":20220101,""refYear"":2022,""refMonth"":52,""period"":""2022"",""reporterCode"":704,""reporterISO"":""VNM"",""reporterDesc"":""Viet Nam"",""flowCode"":""X"",""flowDesc"":""Export"",""partnerCode"":784,""partnerISO"":""ARE"",""partnerDesc"":""United Arab Emirates"",""partner2Code"":0,""partner2ISO"":""W00"",""partner2Desc"":""World"",""classificationCode"":""H6"",""classificationSearchCode"":""HS"",""isOriginalClassification"":true,""cmdCode"":""090111"",""cmdDesc"":""Coffee; not roasted or decaffeinated"",""aggrLevel"":6,""isLeaf"":true,""customsCode"":""C00"",""customsDesc"":""TOTAL CPC"",""mosCode"":""0"",""motCode"":0,""motDesc"":""TOTAL MOT"",""qtyUnitCode"":8,""qtyUnitAbbr"":""kg"",""qty"":4623062,""isQtyEstimated"":false,""altQtyUnitCode"":21,""altQtyUnitAbbr"":""1000 KG"",""altQty"":4623.062,""isAltQtyEstimated"":false,""netWgt"":4623062,""isNetWgtEstimated"":false,""grossWgt"":0,""isGrossWgtEstimated"":false,""cifvalue"":null,""fobvalue"":10530841.52,""primaryValue"":10530841.52,""legacyEstimationFlag"":0,""isReported"":false,""isAggregate"":true}"
,UN Comtrade,https://comtradeapi.un.org/public/v1/preview/C/A/HS?reporterCode=704&flowCode=X&cmdCode=090111&period=2022&includeDesc=true,2026-05-30T19:13:38.772Z,"{""reporters"":[{""endpoint"":""https://comtradeapi.un.org/public/v1/preview/C/A/HS"",""reporterCode"":704,""reporterISO"":""VNM"",""flowCode"":""X"",""cmdCode"":""090111"",""period"":""2020,2021,2022,2023,2024,2025"",""includeDesc"":true},{""endpoint"":""https://comtradeapi.un.org/public/v1/preview/C/A/HS"",""reporterCode"":76,""reporterISO"":""BRA"",""flowCode"":""X"",""cmdCode"":""090111"",""period"":""2020,2021,2022,2023,2024,2025"",""includeDesc"":true},{""endpoint"":""https://comtradeapi.un.org/public/v1/preview/C/A/HS"",""reporterCode"":360,""reporterISO"":""IDN"",""flowCode"":""X"",""cmdCode"":""090111"",""period"":""2020,2021,2022,2023,2024,2025"",""includeDesc"":true}]}",C,A,20220101,2022,704,VNM,Viet Nam,788,TUN,Tunisia,0,W00,World,X,Export,H6,090111,Coffee; not roasted or decaffeinated,C00,TOTAL CPC,0,TOTAL MOT,8,kg,3659057,3659057,0,6965140.05,true,false,true,"{""typeCode"":""C"",""freqCode"":""A"",""refPeriodId"":20220101,""refYear"":2022,""refMonth"":52,""period"":""2022"",""reporterCode"":704,""reporterISO"":""VNM"",""reporterDesc"":""Viet Nam"",""flowCode"":""X"",""flowDesc"":""Export"",""partnerCode"":788,""partnerISO"":""TUN"",""partnerDesc"":""Tunisia"",""partner2Code"":0,""partner2ISO"":""W00"",""partner2Desc"":""World"",""classificationCode"":""H6"",""classificationSearchCode"":""HS"",""isOriginalClassification"":true,""cmdCode"":""090111"",""cmdDesc"":""Coffee; not roasted or decaffeinated"",""aggrLevel"":6,""isLeaf"":true,""customsCode"":""C00"",""customsDesc"":""TOTAL CPC"",""mosCode"":""0"",""motCode"":0,""motDesc"":""TOTAL MOT"",""qtyUnitCode"":8,""qtyUnitAbbr"":""kg"",""qty"":3659057,""isQtyEstimated"":false,""altQtyUnitCode"":21,""altQtyUnitAbbr"":""1000 KG"",""altQty"":3659.057,""isAltQtyEstimated"":false,""netWgt"":3659057,""isNetWgtEstimated"":false,""grossWgt"":0,""isGrossWgtEstimated"":false,""cifvalue"":null,""fobvalue"":6965140.05,""primaryValue"":6965140.05,""legacyEstimationFlag"":0,""isReported"":false,""isAggregate"":true}"
,UN Comtrade,https://comtradeapi.un.org/public/v1/preview/C/A/HS?reporterCode=704&flowCode=X&cmdCode=090111&period=2022&includeDesc=true,2026-05-30T19:13:38.772Z,"{""reporters"":[{""endpoint"":""https://comtradeapi.un.org/public/v1/preview/C/A/HS"",""reporterCode"":704,""reporterISO"":""VNM"",""flowCode"":""X"",""cmdCode"":""090111"",""period"":""2020,2021,2022,2023,2024,2025"",""includeDesc"":true},{""endpoint"":""https://comtradeapi.un.org/public/v1/preview/C/A/HS"",""reporterCode"":76,""reporterISO"":""BRA"",""flowCode"":""X"",""cmdCode"":""090111"",""period"":""2020,2021,2022,2023,2024,2025"",""includeDesc"":true},{""endpoint"":""https://comtradeapi.un.org/public/v1/preview/C/A/HS"",""reporterCode"":360,""reporterISO"":""IDN"",""flowCode"":""X"",""cmdCode"":""090111"",""period"":""2020,2021,2022,2023,2024,2025"",""includeDesc"":true}]}",C,A,20220101,2022,704,VNM,Viet Nam,792,TUR,Türkiye,0,W00,World,X,Export,H6,090111,Coffee; not roasted or decaffeinated,C00,TOTAL CPC,0,TOTAL MOT,8,kg,1638600,1638600,0,3910009.716,true,false,true,"{""typeCode"":""C"",""freqCode"":""A"",""refPeriodId"":20220101,""refYear"":2022,""refMonth"":52,""period"":""2022"",""reporterCode"":704,""reporterISO"":""VNM"",""reporterDesc"":""Viet Nam"",""flowCode"":""X"",""flowDesc"":""Export"",""partnerCode"":792,""partnerISO"":""TUR"",""partnerDesc"":""Türkiye"",""partner2Code"":0,""partner2ISO"":""W00"",""partner2Desc"":""World"",""classificationCode"":""H6"",""classificationSearchCode"":""HS"",""isOriginalClassification"":true,""cmdCode"":""090111"",""cmdDesc"":""Coffee; not roasted or decaffeinated"",""aggrLevel"":6,""isLeaf"":true,""customsCode"":""C00"",""customsDesc"":""TOTAL CPC"",""mosCode"":""0"",""motCode"":0,""motDesc"":""TOTAL MOT"",""qtyUnitCode"":8,""qtyUnitAbbr"":""kg"",""qty"":1638600,""isQtyEstimated"":false,""altQtyUnitCode"":21,""altQtyUnitAbbr"":""1000 KG"",""altQty"":1638.6,""isAltQtyEstimated"":false,""netWgt"":1638600,""isNetWgtEstimated"":false,""grossWgt"":0,""isGrossWgtEstimated"":false,""cifvalue"":null,""fobvalue"":3910009.716,""primaryValue"":3910009.716,""legacyEstimationFlag"":0,""isReported"":false,""isAggregate"":true}"
,UN Comtrade,https://comtradeapi.un.org/public/v1/preview/C/A/HS?reporterCode=704&flowCode=X&cmdCode=090111&period=2022&includeDesc=true,2026-05-30T19:13:38.772Z,"{""reporters"":[{""endpoint"":""https://comtradeapi.un.org/public/v1/preview/C/A/HS"",""reporterCode"":704,""reporterISO"":""VNM"",""flowCode"":""X"",""cmdCode"":""090111"",""period"":""2020,2021,2022,2023,2024,2025"",""includeDesc"":true},{""endpoint"":""https://comtradeapi.un.org/public/v1/preview/C/A/HS"",""reporterCode"":76,""reporterISO"":""BRA"",""flowCode"":""X"",""cmdCode"":""090111"",""period"":""2020,2021,2022,2023,2024,2025"",""includeDesc"":true},{""endpoint"":""https://comtradeapi.un.org/public/v1/preview/C/A/HS"",""reporterCode"":360,""reporterISO"":""IDN"",""flowCode"":""X"",""cmdCode"":""090111"",""period"":""2020,2021,2022,2023,2024,2025"",""includeDesc"":true}]}",C,A,20220101,2022,704,VNM,Viet Nam,804,UKR,Ukraine,0,W00,World,X,Export,H6,090111,Coffee; not roasted or decaffeinated,C00,TOTAL CPC,0,TOTAL MOT,8,kg,780757,780757,0,1673969.2,true,false,true,"{""typeCode"":""C"",""freqCode"":""A"",""refPeriodId"":20220101,""refYear"":2022,""refMonth"":52,""period"":""2022"",""reporterCode"":704,""reporterISO"":""VNM"",""reporterDesc"":""Viet Nam"",""flowCode"":""X"",""flowDesc"":""Export"",""partnerCode"":804,""partnerISO"":""UKR"",""partnerDesc"":""Ukraine"",""partner2Code"":0,""partner2ISO"":""W00"",""partner2Desc"":""World"",""classificationCode"":""H6"",""classificationSearchCode"":""HS"",""isOriginalClassification"":true,""cmdCode"":""090111"",""cmdDesc"":""Coffee; not roasted or decaffeinated"",""aggrLevel"":6,""isLeaf"":true,""customsCode"":""C00"",""customsDesc"":""TOTAL CPC"",""mosCode"":""0"",""motCode"":0,""motDesc"":""TOTAL MOT"",""qtyUnitCode"":8,""qtyUnitAbbr"":""kg"",""qty"":780757,""isQtyEstimated"":false,""altQtyUnitCode"":21,""altQtyUnitAbbr"":""1000 KG"",""altQty"":780.757,""isAltQtyEstimated"":false,""netWgt"":780757,""isNetWgtEstimated"":false,""grossWgt"":0,""isGrossWgtEstimated"":false,""cifvalue"":null,""fobvalue"":1673969.2,""primaryValue"":1673969.2,""legacyEstimationFlag"":0,""isReported"":false,""isAggregate"":true}"
,UN Comtrade,https://comtradeapi.un.org/public/v1/preview/C/A/HS?reporterCode=704&flowCode=X&cmdCode=090111&period=2022&includeDesc=true,2026-05-30T19:13:38.772Z,"{""reporters"":[{""endpoint"":""https://comtradeapi.un.org/public/v1/preview/C/A/HS"",""reporterCode"":704,""reporterISO"":""VNM"",""flowCode"":""X"",""cmdCode"":""090111"",""period"":""2020,2021,2022,2023,2024,2025"",""includeDesc"":true},{""endpoint"":""https://comtradeapi.un.org/public/v1/preview/C/A/HS"",""reporterCode"":76,""reporterISO"":""BRA"",""flowCode"":""X"",""cmdCode"":""090111"",""period"":""2020,2021,2022,2023,2024,2025"",""includeDesc"":true},{""endpoint"":""https://comtradeapi.un.org/public/v1/preview/C/A/HS"",""reporterCode"":360,""reporterISO"":""IDN"",""flowCode"":""X"",""cmdCode"":""090111"",""period"":""2020,2021,2022,2023,2024,2025"",""includeDesc"":true}]}",C,A,20220101,2022,704,VNM,Viet Nam,818,EGY,Egypt,0,W00,World,X,Export,H6,090111,Coffee; not roasted or decaffeinated,C00,TOTAL CPC,0,TOTAL MOT,8,kg,16257680,16257680,0,35642113.602,true,false,true,"{""typeCode"":""C"",""freqCode"":""A"",""refPeriodId"":20220101,""refYear"":2022,""refMonth"":52,""period"":""2022"",""reporterCode"":704,""reporterISO"":""VNM"",""reporterDesc"":""Viet Nam"",""flowCode"":""X"",""flowDesc"":""Export"",""partnerCode"":818,""partnerISO"":""EGY"",""partnerDesc"":""Egypt"",""partner2Code"":0,""partner2ISO"":""W00"",""partner2Desc"":""World"",""classificationCode"":""H6"",""classificationSearchCode"":""HS"",""isOriginalClassification"":true,""cmdCode"":""090111"",""cmdDesc"":""Coffee; not roasted or decaffeinated"",""aggrLevel"":6,""isLeaf"":true,""customsCode"":""C00"",""customsDesc"":""TOTAL CPC"",""mosCode"":""0"",""motCode"":0,""motDesc"":""TOTAL MOT"",""qtyUnitCode"":8,""qtyUnitAbbr"":""kg"",""qty"":16257680,""isQtyEstimated"":false,""altQtyUnitCode"":21,""altQtyUnitAbbr"":""1000 KG"",""altQty"":16257.68,""isAltQtyEstimated"":false,""netWgt"":16257680,""isNetWgtEstimated"":false,""grossWgt"":0,""isGrossWgtEstimated"":false,""cifvalue"":null,""fobvalue"":35642113.602,""primaryValue"":35642113.602,""legacyEstimationFlag"":0,""isReported"":false,""isAggregate"":true}"
,UN Comtrade,https://comtradeapi.un.org/public/v1/preview/C/A/HS?reporterCode=704&flowCode=X&cmdCode=090111&period=2022&includeDesc=true,2026-05-30T19:13:38.772Z,"{""reporters"":[{""endpoint"":""https://comtradeapi.un.org/public/v1/preview/C/A/HS"",""reporterCode"":704,""reporterISO"":""VNM"",""flowCode"":""X"",""cmdCode"":""090111"",""period"":""2020,2021,2022,2023,2024,2025"",""includeDesc"":true},{""endpoint"":""https://comtradeapi.un.org/public/v1/preview/C/A/HS"",""reporterCode"":76,""reporterISO"":""BRA"",""flowCode"":""X"",""cmdCode"":""090111"",""period"":""2020,2021,2022,2023,2024,2025"",""includeDesc"":true},{""endpoint"":""https://comtradeapi.un.org/public/v1/preview/C/A/HS"",""reporterCode"":360,""reporterISO"":""IDN"",""flowCode"":""X"",""cmdCode"":""090111"",""period"":""2020,2021,2022,2023,2024,2025"",""includeDesc"":true}]}",C,A,20220101,2022,704,VNM,Viet Nam,826,GBR,United Kingdom,0,W00,World,X,Export,H6,090111,Coffee; not roasted or decaffeinated,C00,TOTAL CPC,0,TOTAL MOT,8,kg,39960115,39960115,0,79878628.286,true,false,true,"{""typeCode"":""C"",""freqCode"":""A"",""refPeriodId"":20220101,""refYear"":2022,""refMonth"":52,""period"":""2022"",""reporterCode"":704,""reporterISO"":""VNM"",""reporterDesc"":""Viet Nam"",""flowCode"":""X"",""flowDesc"":""Export"",""partnerCode"":826,""partnerISO"":""GBR"",""partnerDesc"":""United Kingdom"",""partner2Code"":0,""partner2ISO"":""W00"",""partner2Desc"":""World"",""classificationCode"":""H6"",""classificationSearchCode"":""HS"",""isOriginalClassification"":true,""cmdCode"":""090111"",""cmdDesc"":""Coffee; not roasted or decaffeinated"",""aggrLevel"":6,""isLeaf"":true,""customsCode"":""C00"",""customsDesc"":""TOTAL CPC"",""mosCode"":""0"",""motCode"":0,""motDesc"":""TOTAL MOT"",""qtyUnitCode"":8,""qtyUnitAbbr"":""kg"",""qty"":39960115,""isQtyEstimated"":false,""altQtyUnitCode"":21,""altQtyUnitAbbr"":""1000 KG"",""altQty"":39960.115,""isAltQtyEstimated"":false,""netWgt"":39960115,""isNetWgtEstimated"":false,""grossWgt"":0,""isGrossWgtEstimated"":false,""cifvalue"":null,""fobvalue"":79878628.286,""primaryValue"":79878628.286,""legacyEstimationFlag"":0,""isReported"":false,""isAggregate"":true}"
,UN Comtrade,https://comtradeapi.un.org/public/v1/preview/C/A/HS?reporterCode=704&flowCode=X&cmdCode=090111&period=2022&includeDesc=true,2026-05-30T19:13:38.772Z,"{""reporters"":[{""endpoint"":""https://comtradeapi.un.org/public/v1/preview/C/A/HS"",""reporterCode"":704,""reporterISO"":""VNM"",""flowCode"":""X"",""cmdCode"":""090111"",""period"":""2020,2021,2022,2023,2024,2025"",""includeDesc"":true},{""endpoint"":""https://comtradeapi.un.org/public/v1/preview/C/A/HS"",""reporterCode"":76,""reporterISO"":""BRA"",""flowCode"":""X"",""cmdCode"":""090111"",""period"":""2020,2021,2022,2023,2024,2025"",""includeDesc"":true},{""endpoint"":""https://comtradeapi.un.org/public/v1/preview/C/A/HS"",""reporterCode"":360,""reporterISO"":""IDN"",""flowCode"":""X"",""cmdCode"":""090111"",""period"":""2020,2021,2022,2023,2024,2025"",""includeDesc"":true}]}",C,A,20220101,2022,704,VNM,Viet Nam,842,USA,USA,0,W00,World,X,Export,H6,090111,Coffee; not roasted or decaffeinated,C00,TOTAL CPC,0,TOTAL MOT,8,kg,117804527.851,117804527.851,0,254532081.849,true,false,true,"{""typeCode"":""C"",""freqCode"":""A"",""refPeriodId"":20220101,""refYear"":2022,""refMonth"":52,""period"":""2022"",""reporterCode"":704,""reporterISO"":""VNM"",""reporterDesc"":""Viet Nam"",""flowCode"":""X"",""flowDesc"":""Export"",""partnerCode"":842,""partnerISO"":""USA"",""partnerDesc"":""USA"",""partner2Code"":0,""partner2ISO"":""W00"",""partner2Desc"":""World"",""classificationCode"":""H6"",""classificationSearchCode"":""HS"",""isOriginalClassification"":true,""cmdCode"":""090111"",""cmdDesc"":""Coffee; not roasted or decaffeinated"",""aggrLevel"":6,""isLeaf"":true,""customsCode"":""C00"",""customsDesc"":""TOTAL CPC"",""mosCode"":""0"",""motCode"":0,""motDesc"":""TOTAL MOT"",""qtyUnitCode"":8,""qtyUnitAbbr"":""kg"",""qty"":117804527.851,""isQtyEstimated"":true,""altQtyUnitCode"":-1,""altQtyUnitAbbr"":""N/A"",""altQty"":0,""isAltQtyEstimated"":false,""netWgt"":117804527.851,""isNetWgtEstimated"":true,""grossWgt"":0,""isGrossWgtEstimated"":false,""cifvalue"":null,""fobvalue"":254532081.849,""primaryValue"":254532081.849,""legacyEstimationFlag"":6,""isReported"":false,""isAggregate"":true}"
,UN Comtrade,https://comtradeapi.un.org/public/v1/preview/C/A/HS?reporterCode=704&flowCode=X&cmdCode=090111&period=2022&includeDesc=true,2026-05-30T19:13:38.772Z,"{""reporters"":[{""endpoint"":""https://comtradeapi.un.org/public/v1/preview/C/A/HS"",""reporterCode"":704,""reporterISO"":""VNM"",""flowCode"":""X"",""cmdCode"":""090111"",""period"":""2020,2021,2022,2023,2024,2025"",""includeDesc"":true},{""endpoint"":""https://comtradeapi.un.org/public/v1/preview/C/A/HS"",""reporterCode"":76,""reporterISO"":""BRA"",""flowCode"":""X"",""cmdCode"":""090111"",""period"":""2020,2021,2022,2023,2024,2025"",""includeDesc"":true},{""endpoint"":""https://comtradeapi.un.org/public/v1/preview/C/A/HS"",""reporterCode"":360,""reporterISO"":""IDN"",""flowCode"":""X"",""cmdCode"":""090111"",""period"":""2020,2021,2022,2023,2024,2025"",""includeDesc"":true}]}",C,A,20220101,2022,704,VNM,Viet Nam,862,VEN,Venezuela,0,W00,World,X,Export,H6,090111,Coffee; not roasted or decaffeinated,C00,TOTAL CPC,0,TOTAL MOT,8,kg,342400,342400,0,755821.6,true,false,true,"{""typeCode"":""C"",""freqCode"":""A"",""refPeriodId"":20220101,""refYear"":2022,""refMonth"":52,""period"":""2022"",""reporterCode"":704,""reporterISO"":""VNM"",""reporterDesc"":""Viet Nam"",""flowCode"":""X"",""flowDesc"":""Export"",""partnerCode"":862,""partnerISO"":""VEN"",""partnerDesc"":""Venezuela"",""partner2Code"":0,""partner2ISO"":""W00"",""partner2Desc"":""World"",""classificationCode"":""H6"",""classificationSearchCode"":""HS"",""isOriginalClassification"":true,""cmdCode"":""090111"",""cmdDesc"":""Coffee; not roasted or decaffeinated"",""aggrLevel"":6,""isLeaf"":true,""customsCode"":""C00"",""customsDesc"":""TOTAL CPC"",""mosCode"":""0"",""motCode"":0,""motDesc"":""TOTAL MOT"",""qtyUnitCode"":8,""qtyUnitAbbr"":""kg"",""qty"":342400,""isQtyEstimated"":false,""altQtyUnitCode"":21,""altQtyUnitAbbr"":""1000 KG"",""altQty"":342.4,""isAltQtyEstimated"":false,""netWgt"":342400,""isNetWgtEstimated"":false,""grossWgt"":0,""isGrossWgtEstimated"":false,""cifvalue"":null,""fobvalue"":755821.6,""primaryValue"":755821.6,""legacyEstimationFlag"":0,""isReported"":false,""isAggregate"":true}"
,UN Comtrade,https://comtradeapi.un.org/public/v1/preview/C/A/HS?reporterCode=704&flowCode=X&cmdCode=090111&period=2023&includeDesc=true,2026-05-30T19:13:38.772Z,"{""reporters"":[{""endpoint"":""https://comtradeapi.un.org/public/v1/preview/C/A/HS"",""reporterCode"":704,""reporterISO"":""VNM"",""flowCode"":""X"",""cmdCode"":""090111"",""period"":""2020,2021,2022,2023,2024,2025"",""includeDesc"":true},{""endpoint"":""https://comtradeapi.un.org/public/v1/preview/C/A/HS"",""reporterCode"":76,""reporterISO"":""BRA"",""flowCode"":""X"",""cmdCode"":""090111"",""period"":""2020,2021,2022,2023,2024,2025"",""includeDesc"":true},{""endpoint"":""https://comtradeapi.un.org/public/v1/preview/C/A/HS"",""reporterCode"":360,""reporterISO"":""IDN"",""flowCode"":""X"",""cmdCode"":""090111"",""period"":""2020,2021,2022,2023,2024,2025"",""includeDesc"":true}]}",C,A,20230101,2023,704,VNM,Viet Nam,0,W00,World,0,W00,World,X,Export,H6,090111,Coffee; not roasted or decaffeinated,C00,TOTAL CPC,0,TOTAL MOT,8,kg,1035179758.826,1035179758.826,0,2977954667.295,true,false,true,"{""typeCode"":""C"",""freqCode"":""A"",""refPeriodId"":20230101,""refYear"":2023,""refMonth"":52,""period"":""2023"",""reporterCode"":704,""reporterISO"":""VNM"",""reporterDesc"":""Viet Nam"",""flowCode"":""X"",""flowDesc"":""Export"",""partnerCode"":0,""partnerISO"":""W00"",""partnerDesc"":""World"",""partner2Code"":0,""partner2ISO"":""W00"",""partner2Desc"":""World"",""classificationCode"":""H6"",""classificationSearchCode"":""HS"",""isOriginalClassification"":true,""cmdCode"":""090111"",""cmdDesc"":""Coffee; not roasted or decaffeinated"",""aggrLevel"":6,""isLeaf"":true,""customsCode"":""C00"",""customsDesc"":""TOTAL CPC"",""mosCode"":""0"",""motCode"":0,""motDesc"":""TOTAL MOT"",""qtyUnitCode"":8,""qtyUnitAbbr"":""kg"",""qty"":1035179758.826,""isQtyEstimated"":true,""altQtyUnitCode"":-1,""altQtyUnitAbbr"":""N/A"",""altQty"":0,""isAltQtyEstimated"":false,""netWgt"":1035179758.826,""isNetWgtEstimated"":true,""grossWgt"":0,""isGrossWgtEstimated"":false,""cifvalue"":null,""fobvalue"":2977954667.295,""primaryValue"":2977954667.295,""legacyEstimationFlag"":6,""isReported"":false,""isAggregate"":true}"
,UN Comtrade,https://comtradeapi.un.org/public/v1/preview/C/A/HS?reporterCode=704&flowCode=X&cmdCode=090111&period=2023&includeDesc=true,2026-05-30T19:13:38.772Z,"{""reporters"":[{""endpoint"":""https://comtradeapi.un.org/public/v1/preview/C/A/HS"",""reporterCode"":704,""reporterISO"":""VNM"",""flowCode"":""X"",""cmdCode"":""090111"",""period"":""2020,2021,2022,2023,2024,2025"",""includeDesc"":true},{""endpoint"":""https://comtradeapi.un.org/public/v1/preview/C/A/HS"",""reporterCode"":76,""reporterISO"":""BRA"",""flowCode"":""X"",""cmdCode"":""090111"",""period"":""2020,2021,2022,2023,2024,2025"",""includeDesc"":true},{""endpoint"":""https://comtradeapi.un.org/public/v1/preview/C/A/HS"",""reporterCode"":360,""reporterISO"":""IDN"",""flowCode"":""X"",""cmdCode"":""090111"",""period"":""2020,2021,2022,2023,2024,2025"",""includeDesc"":true}]}",C,A,20230101,2023,704,VNM,Viet Nam,12,DZA,Algeria,0,W00,World,X,Export,H6,090111,Coffee; not roasted or decaffeinated,C00,TOTAL CPC,0,TOTAL MOT,8,kg,53461904.998,53461904.998,0,160171544.473,true,false,true,"{""typeCode"":""C"",""freqCode"":""A"",""refPeriodId"":20230101,""refYear"":2023,""refMonth"":52,""period"":""2023"",""reporterCode"":704,""reporterISO"":""VNM"",""reporterDesc"":""Viet Nam"",""flowCode"":""X"",""flowDesc"":""Export"",""partnerCode"":12,""partnerISO"":""DZA"",""partnerDesc"":""Algeria"",""partner2Code"":0,""partner2ISO"":""W00"",""partner2Desc"":""World"",""classificationCode"":""H6"",""classificationSearchCode"":""HS"",""isOriginalClassification"":true,""cmdCode"":""090111"",""cmdDesc"":""Coffee; not roasted or decaffeinated"",""aggrLevel"":6,""isLeaf"":true,""customsCode"":""C00"",""customsDesc"":""TOTAL CPC"",""mosCode"":""0"",""motCode"":0,""motDesc"":""TOTAL MOT"",""qtyUnitCode"":8,""qtyUnitAbbr"":""kg"",""qty"":53461904.998,""isQtyEstimated"":true,""altQtyUnitCode"":-1,""altQtyUnitAbbr"":""N/A"",""altQty"":0,""isAltQtyEstimated"":false,""netWgt"":53461904.998,""isNetWgtEstimated"":true,""grossWgt"":0,""isGrossWgtEstimated"":false,""cifvalue"":null,""fobvalue"":160171544.473,""primaryValue"":160171544.473,""legacyEstimationFlag"":6,""isReported"":false,""isAggregate"":true}"
,UN Comtrade,https://comtradeapi.un.org/public/v1/preview/C/A/HS?reporterCode=704&flowCode=X&cmdCode=090111&period=2023&includeDesc=true,2026-05-30T19:13:38.772Z,"{""reporters"":[{""endpoint"":""https://comtradeapi.un.org/public/v1/preview/C/A/HS"",""reporterCode"":704,""reporterISO"":""VNM"",""flowCode"":""X"",""cmdCode"":""090111"",""period"":""2020,2021,2022,2023,2024,2025"",""includeDesc"":true},{""endpoint"":""https://comtradeapi.un.org/public/v1/preview/C/A/HS"",""reporterCode"":76,""reporterISO"":""BRA"",""flowCode"":""X"",""cmdCode"":""090111"",""period"":""2020,2021,2022,2023,2024,2025"",""includeDesc"":true},{""endpoint"":""https://comtradeapi.un.org/public/v1/preview/C/A/HS"",""reporterCode"":360,""reporterISO"":""IDN"",""flowCode"":""X"",""cmdCode"":""090111"",""period"":""2020,2021,2022,2023,2024,2025"",""includeDesc"":true}]}",C,A,20230101,2023,704,VNM,Viet Nam,32,ARG,Argentina,0,W00,World,X,Export,H6,090111,Coffee; not roasted or decaffeinated,C00,TOTAL CPC,0,TOTAL MOT,8,kg,399513.915,399513.915,0,1157801.74,true,false,true,"{""typeCode"":""C"",""freqCode"":""A"",""refPeriodId"":20230101,""refYear"":2023,""refMonth"":52,""period"":""2023"",""reporterCode"":704,""reporterISO"":""VNM"",""reporterDesc"":""Viet Nam"",""flowCode"":""X"",""flowDesc"":""Export"",""partnerCode"":32,""partnerISO"":""ARG"",""partnerDesc"":""Argentina"",""partner2Code"":0,""partner2ISO"":""W00"",""partner2Desc"":""World"",""classificationCode"":""H6"",""classificationSearchCode"":""HS"",""isOriginalClassification"":true,""cmdCode"":""090111"",""cmdDesc"":""Coffee; not roasted or decaffeinated"",""aggrLevel"":6,""isLeaf"":true,""customsCode"":""C00"",""customsDesc"":""TOTAL CPC"",""mosCode"":""0"",""motCode"":0,""motDesc"":""TOTAL MOT"",""qtyUnitCode"":8,""qtyUnitAbbr"":""kg"",""qty"":399513.915,""isQtyEstimated"":true,""altQtyUnitCode"":-1,""altQtyUnitAbbr"":""N/A"",""altQty"":0,""isAltQtyEstimated"":false,""netWgt"":399513.915,""isNetWgtEstimated"":true,""grossWgt"":0,""isGrossWgtEstimated"":false,""cifvalue"":null,""fobvalue"":1157801.74,""primaryValue"":1157801.74,""legacyEstimationFlag"":6,""isReported"":false,""isAggregate"":true}"
,UN Comtrade,https://comtradeapi.un.org/public/v1/preview/C/A/HS?reporterCode=704&flowCode=X&cmdCode=090111&period=2023&includeDesc=true,2026-05-30T19:13:38.772Z,"{""reporters"":[{""endpoint"":""https://comtradeapi.un.org/public/v1/preview/C/A/HS"",""reporterCode"":704,""reporterISO"":""VNM"",""flowCode"":""X"",""cmdCode"":""090111"",""period"":""2020,2021,2022,2023,2024,2025"",""includeDesc"":true},{""endpoint"":""https://comtradeapi.un.org/public/v1/preview/C/A/HS"",""reporterCode"":76,""reporterISO"":""BRA"",""flowCode"":""X"",""cmdCode"":""090111"",""period"":""2020,2021,2022,2023,2024,2025"",""includeDesc"":true},{""endpoint"":""https://comtradeapi.un.org/public/v1/preview/C/A/HS"",""reporterCode"":360,""reporterISO"":""IDN"",""flowCode"":""X"",""cmdCode"":""090111"",""period"":""2020,2021,2022,2023,2024,2025"",""includeDesc"":true}]}",C,A,20230101,2023,704,VNM,Viet Nam,36,AUS,Australia,0,W00,World,X,Export,H6,090111,Coffee; not roasted or decaffeinated,C00,TOTAL CPC,0,TOTAL MOT,8,kg,8715929.617,8715929.617,0,28012401.338,true,false,true,"{""typeCode"":""C"",""freqCode"":""A"",""refPeriodId"":20230101,""refYear"":2023,""refMonth"":52,""period"":""2023"",""reporterCode"":704,""reporterISO"":""VNM"",""reporterDesc"":""Viet Nam"",""flowCode"":""X"",""flowDesc"":""Export"",""partnerCode"":36,""partnerISO"":""AUS"",""partnerDesc"":""Australia"",""partner2Code"":0,""partner2ISO"":""W00"",""partner2Desc"":""World"",""classificationCode"":""H6"",""classificationSearchCode"":""HS"",""isOriginalClassification"":true,""cmdCode"":""090111"",""cmdDesc"":""Coffee; not roasted or decaffeinated"",""aggrLevel"":6,""isLeaf"":true,""customsCode"":""C00"",""customsDesc"":""TOTAL CPC"",""mosCode"":""0"",""motCode"":0,""motDesc"":""TOTAL MOT"",""qtyUnitCode"":8,""qtyUnitAbbr"":""kg"",""qty"":8715929.617,""isQtyEstimated"":true,""altQtyUnitCode"":-1,""altQtyUnitAbbr"":""N/A"",""altQty"":0,""isAltQtyEstimated"":false,""netWgt"":8715929.617,""isNetWgtEstimated"":true,""grossWgt"":0,""isGrossWgtEstimated"":false,""cifvalue"":null,""fobvalue"":28012401.338,""primaryValue"":28012401.338,""legacyEstimationFlag"":6,""isReported"":false,""isAggregate"":true}"
,UN Comtrade,https://comtradeapi.un.org/public/v1/preview/C/A/HS?reporterCode=704&flowCode=X&cmdCode=090111&period=2023&includeDesc=true,2026-05-30T19:13:38.772Z,"{""reporters"":[{""endpoint"":""https://comtradeapi.un.org/public/v1/preview/C/A/HS"",""reporterCode"":704,""reporterISO"":""VNM"",""flowCode"":""X"",""cmdCode"":""090111"",""period"":""2020,2021,2022,2023,2024,2025"",""includeDesc"":true},{""endpoint"":""https://comtradeapi.un.org/public/v1/preview/C/A/HS"",""reporterCode"":76,""reporterISO"":""BRA"",""flowCode"":""X"",""cmdCode"":""090111"",""period"":""2020,2021,2022,2023,2024,2025"",""includeDesc"":true},{""endpoint"":""https://comtradeapi.un.org/public/v1/preview/C/A/HS"",""reporterCode"":360,""reporterISO"":""IDN"",""flowCode"":""X"",""cmdCode"":""090111"",""period"":""2020,2021,2022,2023,2024,2025"",""includeDesc"":true}]}",C,A,20230101,2023,704,VNM,Viet Nam,50,BGD,Bangladesh,0,W00,World,X,Export,H6,090111,Coffee; not roasted or decaffeinated,C00,TOTAL CPC,0,TOTAL MOT,8,kg,15935.924,15935.924,0,56995,true,false,true,"{""typeCode"":""C"",""freqCode"":""A"",""refPeriodId"":20230101,""refYear"":2023,""refMonth"":52,""period"":""2023"",""reporterCode"":704,""reporterISO"":""VNM"",""reporterDesc"":""Viet Nam"",""flowCode"":""X"",""flowDesc"":""Export"",""partnerCode"":50,""partnerISO"":""BGD"",""partnerDesc"":""Bangladesh"",""partner2Code"":0,""partner2ISO"":""W00"",""partner2Desc"":""World"",""classificationCode"":""H6"",""classificationSearchCode"":""HS"",""isOriginalClassification"":true,""cmdCode"":""090111"",""cmdDesc"":""Coffee; not roasted or decaffeinated"",""aggrLevel"":6,""isLeaf"":true,""customsCode"":""C00"",""customsDesc"":""TOTAL CPC"",""mosCode"":""0"",""motCode"":0,""motDesc"":""TOTAL MOT"",""qtyUnitCode"":8,""qtyUnitAbbr"":""kg"",""qty"":15935.924,""isQtyEstimated"":true,""altQtyUnitCode"":-1,""altQtyUnitAbbr"":""N/A"",""altQty"":0,""isAltQtyEstimated"":false,""netWgt"":15935.924,""isNetWgtEstimated"":true,""grossWgt"":0,""isGrossWgtEstimated"":false,""cifvalue"":null,""fobvalue"":56995,""primaryValue"":56995,""legacyEstimationFlag"":6,""isReported"":false,""isAggregate"":true}"
,UN Comtrade,https://comtradeapi.un.org/public/v1/preview/C/A/HS?reporterCode=704&flowCode=X&cmdCode=090111&period=2023&includeDesc=true,2026-05-30T19:13:38.772Z,"{""reporters"":[{""endpoint"":""https://comtradeapi.un.org/public/v1/preview/C/A/HS"",""reporterCode"":704,""reporterISO"":""VNM"",""flowCode"":""X"",""cmdCode"":""090111"",""period"":""2020,2021,2022,2023,2024,2025"",""includeDesc"":true},{""endpoint"":""https://comtradeapi.un.org/public/v1/preview/C/A/HS"",""reporterCode"":76,""reporterISO"":""BRA"",""flowCode"":""X"",""cmdCode"":""090111"",""period"":""2020,2021,2022,2023,2024,2025"",""includeDesc"":true},{""endpoint"":""https://comtradeapi.un.org/public/v1/preview/C/A/HS"",""reporterCode"":360,""reporterISO"":""IDN"",""flowCode"":""X"",""cmdCode"":""090111"",""period"":""2020,2021,2022,2023,2024,2025"",""includeDesc"":true}]}",C,A,20230101,2023,704,VNM,Viet Nam,56,BEL,Belgium,0,W00,World,X,Export,H6,090111,Coffee; not roasted or decaffeinated,C00,TOTAL CPC,0,TOTAL MOT,8,kg,49351138.529,49351138.529,0,138717432.068,true,false,true,"{""typeCode"":""C"",""freqCode"":""A"",""refPeriodId"":20230101,""refYear"":2023,""refMonth"":52,""period"":""2023"",""reporterCode"":704,""reporterISO"":""VNM"",""reporterDesc"":""Viet Nam"",""flowCode"":""X"",""flowDesc"":""Export"",""partnerCode"":56,""partnerISO"":""BEL"",""partnerDesc"":""Belgium"",""partner2Code"":0,""partner2ISO"":""W00"",""partner2Desc"":""World"",""classificationCode"":""H6"",""classificationSearchCode"":""HS"",""isOriginalClassification"":true,""cmdCode"":""090111"",""cmdDesc"":""Coffee; not roasted or decaffeinated"",""aggrLevel"":6,""isLeaf"":true,""customsCode"":""C00"",""customsDesc"":""TOTAL CPC"",""mosCode"":""0"",""motCode"":0,""motDesc"":""TOTAL MOT"",""qtyUnitCode"":8,""qtyUnitAbbr"":""kg"",""qty"":49351138.529,""isQtyEstimated"":true,""altQtyUnitCode"":-1,""altQtyUnitAbbr"":""N/A"",""altQty"":0,""isAltQtyEstimated"":false,""netWgt"":49351138.529,""isNetWgtEstimated"":true,""grossWgt"":0,""isGrossWgtEstimated"":false,""cifvalue"":null,""fobvalue"":138717432.068,""primaryValue"":138717432.068,""legacyEstimationFlag"":6,""isReported"":false,""isAggregate"":true}"
,UN Comtrade,https://comtradeapi.un.org/public/v1/preview/C/A/HS?reporterCode=704&flowCode=X&cmdCode=090111&period=2023&includeDesc=true,2026-05-30T19:13:38.772Z,"{""reporters"":[{""endpoint"":""https://comtradeapi.un.org/public/v1/preview/C/A/HS"",""reporterCode"":704,""reporterISO"":""VNM"",""flowCode"":""X"",""cmdCode"":""090111"",""period"":""2020,2021,2022,2023,2024,2025"",""includeDesc"":true},{""endpoint"":""https://comtradeapi.un.org/public/v1/preview/C/A/HS"",""reporterCode"":76,""reporterISO"":""BRA"",""flowCode"":""X"",""cmdCode"":""090111"",""period"":""2020,2021,2022,2023,2024,2025"",""includeDesc"":true},{""endpoint"":""https://comtradeapi.un.org/public/v1/preview/C/A/HS"",""reporterCode"":360,""reporterISO"":""IDN"",""flowCode"":""X"",""cmdCode"":""090111"",""period"":""2020,2021,2022,2023,2024,2025"",""includeDesc"":true}]}",C,A,20230101,2023,704,VNM,Viet Nam,76,BRA,Brazil,0,W00,World,X,Export,H6,090111,Coffee; not roasted or decaffeinated,C00,TOTAL CPC,0,TOTAL MOT,8,kg,365133.567,365133.567,0,806053,true,false,true,"{""typeCode"":""C"",""freqCode"":""A"",""refPeriodId"":20230101,""refYear"":2023,""refMonth"":52,""period"":""2023"",""reporterCode"":704,""reporterISO"":""VNM"",""reporterDesc"":""Viet Nam"",""flowCode"":""X"",""flowDesc"":""Export"",""partnerCode"":76,""partnerISO"":""BRA"",""partnerDesc"":""Brazil"",""partner2Code"":0,""partner2ISO"":""W00"",""partner2Desc"":""World"",""classificationCode"":""H6"",""classificationSearchCode"":""HS"",""isOriginalClassification"":true,""cmdCode"":""090111"",""cmdDesc"":""Coffee; not roasted or decaffeinated"",""aggrLevel"":6,""isLeaf"":true,""customsCode"":""C00"",""customsDesc"":""TOTAL CPC"",""mosCode"":""0"",""motCode"":0,""motDesc"":""TOTAL MOT"",""qtyUnitCode"":8,""qtyUnitAbbr"":""kg"",""qty"":365133.567,""isQtyEstimated"":true,""altQtyUnitCode"":-1,""altQtyUnitAbbr"":""N/A"",""altQty"":0,""isAltQtyEstimated"":false,""netWgt"":365133.567,""isNetWgtEstimated"":true,""grossWgt"":0,""isGrossWgtEstimated"":false,""cifvalue"":null,""fobvalue"":806053,""primaryValue"":806053,""legacyEstimationFlag"":6,""isReported"":false,""isAggregate"":true}"
,UN Comtrade,https://comtradeapi.un.org/public/v1/preview/C/A/HS?reporterCode=704&flowCode=X&cmdCode=090111&period=2023&includeDesc=true,2026-05-30T19:13:38.772Z,"{""reporters"":[{""endpoint"":""https://comtradeapi.un.org/public/v1/preview/C/A/HS"",""reporterCode"":704,""reporterISO"":""VNM"",""flowCode"":""X"",""cmdCode"":""090111"",""period"":""2020,2021,2022,2023,2024,2025"",""includeDesc"":true},{""endpoint"":""https://comtradeapi.un.org/public/v1/preview/C/A/HS"",""reporterCode"":76,""reporterISO"":""BRA"",""flowCode"":""X"",""cmdCode"":""090111"",""period"":""2020,2021,2022,2023,2024,2025"",""includeDesc"":true},{""endpoint"":""https://comtradeapi.un.org/public/v1/preview/C/A/HS"",""reporterCode"":360,""reporterISO"":""IDN"",""flowCode"":""X"",""cmdCode"":""090111"",""period"":""2020,2021,2022,2023,2024,2025"",""includeDesc"":true}]}",C,A,20230101,2023,704,VNM,Viet Nam,100,BGR,Bulgaria,0,W00,World,X,Export,H6,090111,Coffee; not roasted or decaffeinated,C00,TOTAL CPC,0,TOTAL MOT,8,kg,493604.854,493604.854,0,1551827.33,true,false,true,"{""typeCode"":""C"",""freqCode"":""A"",""refPeriodId"":20230101,""refYear"":2023,""refMonth"":52,""period"":""2023"",""reporterCode"":704,""reporterISO"":""VNM"",""reporterDesc"":""Viet Nam"",""flowCode"":""X"",""flowDesc"":""Export"",""partnerCode"":100,""partnerISO"":""BGR"",""partnerDesc"":""Bulgaria"",""partner2Code"":0,""partner2ISO"":""W00"",""partner2Desc"":""World"",""classificationCode"":""H6"",""classificationSearchCode"":""HS"",""isOriginalClassification"":true,""cmdCode"":""090111"",""cmdDesc"":""Coffee; not roasted or decaffeinated"",""aggrLevel"":6,""isLeaf"":true,""customsCode"":""C00"",""customsDesc"":""TOTAL CPC"",""mosCode"":""0"",""motCode"":0,""motDesc"":""TOTAL MOT"",""qtyUnitCode"":8,""qtyUnitAbbr"":""kg"",""qty"":493604.854,""isQtyEstimated"":true,""altQtyUnitCode"":-1,""altQtyUnitAbbr"":""N/A"",""altQty"":0,""isAltQtyEstimated"":false,""netWgt"":493604.854,""isNetWgtEstimated"":true,""grossWgt"":0,""isGrossWgtEstimated"":false,""cifvalue"":null,""fobvalue"":1551827.33,""primaryValue"":1551827.33,""legacyEstimationFlag"":6,""isReported"":false,""isAggregate"":true}"
,UN Comtrade,https://comtradeapi.un.org/public/v1/preview/C/A/HS?reporterCode=704&flowCode=X&cmdCode=090111&period=2023&includeDesc=true,2026-05-30T19:13:38.772Z,"{""reporters"":[{""endpoint"":""https://comtradeapi.un.org/public/v1/preview/C/A/HS"",""reporterCode"":704,""reporterISO"":""VNM"",""flowCode"":""X"",""cmdCode"":""090111"",""period"":""2020,2021,2022,2023,2024,2025"",""includeDesc"":true},{""endpoint"":""https://comtradeapi.un.org/public/v1/preview/C/A/HS"",""reporterCode"":76,""reporterISO"":""BRA"",""flowCode"":""X"",""cmdCode"":""090111"",""period"":""2020,2021,2022,2023,2024,2025"",""includeDesc"":true},{""endpoint"":""https://comtradeapi.un.org/public/v1/preview/C/A/HS"",""reporterCode"":360,""reporterISO"":""IDN"",""flowCode"":""X"",""cmdCode"":""090111"",""period"":""2020,2021,2022,2023,2024,2025"",""includeDesc"":true}]}",C,A,20230101,2023,704,VNM,Viet Nam,104,MMR,Myanmar,0,W00,World,X,Export,H6,090111,Coffee; not roasted or decaffeinated,C00,TOTAL CPC,0,TOTAL MOT,8,kg,38400,38400,0,140530.176,true,false,true,"{""typeCode"":""C"",""freqCode"":""A"",""refPeriodId"":20230101,""refYear"":2023,""refMonth"":52,""period"":""2023"",""reporterCode"":704,""reporterISO"":""VNM"",""reporterDesc"":""Viet Nam"",""flowCode"":""X"",""flowDesc"":""Export"",""partnerCode"":104,""partnerISO"":""MMR"",""partnerDesc"":""Myanmar"",""partner2Code"":0,""partner2ISO"":""W00"",""partner2Desc"":""World"",""classificationCode"":""H6"",""classificationSearchCode"":""HS"",""isOriginalClassification"":true,""cmdCode"":""090111"",""cmdDesc"":""Coffee; not roasted or decaffeinated"",""aggrLevel"":6,""isLeaf"":true,""customsCode"":""C00"",""customsDesc"":""TOTAL CPC"",""mosCode"":""0"",""motCode"":0,""motDesc"":""TOTAL MOT"",""qtyUnitCode"":8,""qtyUnitAbbr"":""kg"",""qty"":38400,""isQtyEstimated"":false,""altQtyUnitCode"":21,""altQtyUnitAbbr"":""1000 KG"",""altQty"":38.4,""isAltQtyEstimated"":false,""netWgt"":38400,""isNetWgtEstimated"":false,""grossWgt"":0,""isGrossWgtEstimated"":false,""cifvalue"":null,""fobvalue"":140530.176,""primaryValue"":140530.176,""legacyEstimationFlag"":0,""isReported"":false,""isAggregate"":true}"
,UN Comtrade,https://comtradeapi.un.org/public/v1/preview/C/A/HS?reporterCode=704&flowCode=X&cmdCode=090111&period=2023&includeDesc=true,2026-05-30T19:13:38.772Z,"{""reporters"":[{""endpoint"":""https://comtradeapi.un.org/public/v1/preview/C/A/HS"",""reporterCode"":704,""reporterISO"":""VNM"",""flowCode"":""X"",""cmdCode"":""090111"",""period"":""2020,2021,2022,2023,2024,2025"",""includeDesc"":true},{""endpoint"":""https://comtradeapi.un.org/public/v1/preview/C/A/HS"",""reporterCode"":76,""reporterISO"":""BRA"",""flowCode"":""X"",""cmdCode"":""090111"",""period"":""2020,2021,2022,2023,2024,2025"",""includeDesc"":true},{""endpoint"":""https://comtradeapi.un.org/public/v1/preview/C/A/HS"",""reporterCode"":360,""reporterISO"":""IDN"",""flowCode"":""X"",""cmdCode"":""090111"",""period"":""2020,2021,2022,2023,2024,2025"",""includeDesc"":true}]}",C,A,20230101,2023,704,VNM,Viet Nam,116,KHM,Cambodia,0,W00,World,X,Export,H6,090111,Coffee; not roasted or decaffeinated,C00,TOTAL CPC,0,TOTAL MOT,8,kg,229565.173,229565.173,0,848988.084,true,false,true,"{""typeCode"":""C"",""freqCode"":""A"",""refPeriodId"":20230101,""refYear"":2023,""refMonth"":52,""period"":""2023"",""reporterCode"":704,""reporterISO"":""VNM"",""reporterDesc"":""Viet Nam"",""flowCode"":""X"",""flowDesc"":""Export"",""partnerCode"":116,""partnerISO"":""KHM"",""partnerDesc"":""Cambodia"",""partner2Code"":0,""partner2ISO"":""W00"",""partner2Desc"":""World"",""classificationCode"":""H6"",""classificationSearchCode"":""HS"",""isOriginalClassification"":true,""cmdCode"":""090111"",""cmdDesc"":""Coffee; not roasted or decaffeinated"",""aggrLevel"":6,""isLeaf"":true,""customsCode"":""C00"",""customsDesc"":""TOTAL CPC"",""mosCode"":""0"",""motCode"":0,""motDesc"":""TOTAL MOT"",""qtyUnitCode"":8,""qtyUnitAbbr"":""kg"",""qty"":229565.173,""isQtyEstimated"":true,""altQtyUnitCode"":-1,""altQtyUnitAbbr"":""N/A"",""altQty"":0,""isAltQtyEstimated"":false,""netWgt"":229565.173,""isNetWgtEstimated"":true,""grossWgt"":0,""isGrossWgtEstimated"":false,""cifvalue"":null,""fobvalue"":848988.084,""primaryValue"":848988.084,""legacyEstimationFlag"":6,""isReported"":false,""isAggregate"":true}"
,UN Comtrade,https://comtradeapi.un.org/public/v1/preview/C/A/HS?reporterCode=704&flowCode=X&cmdCode=090111&period=2023&includeDesc=true,2026-05-30T19:13:38.772Z,"{""reporters"":[{""endpoint"":""https://comtradeapi.un.org/public/v1/preview/C/A/HS"",""reporterCode"":704,""reporterISO"":""VNM"",""flowCode"":""X"",""cmdCode"":""090111"",""period"":""2020,2021,2022,2023,2024,2025"",""includeDesc"":true},{""endpoint"":""https://comtradeapi.un.org/public/v1/preview/C/A/HS"",""reporterCode"":76,""reporterISO"":""BRA"",""flowCode"":""X"",""cmdCode"":""090111"",""period"":""2020,2021,2022,2023,2024,2025"",""includeDesc"":true},{""endpoint"":""https://comtradeapi.un.org/public/v1/preview/C/A/HS"",""reporterCode"":360,""reporterISO"":""IDN"",""flowCode"":""X"",""cmdCode"":""090111"",""period"":""2020,2021,2022,2023,2024,2025"",""includeDesc"":true}]}",C,A,20230101,2023,704,VNM,Viet Nam,124,CAN,Canada,0,W00,World,X,Export,H6,090111,Coffee; not roasted or decaffeinated,C00,TOTAL CPC,0,TOTAL MOT,8,kg,6118391.607,6118391.607,0,17483475.965,true,false,true,"{""typeCode"":""C"",""freqCode"":""A"",""refPeriodId"":20230101,""refYear"":2023,""refMonth"":52,""period"":""2023"",""reporterCode"":704,""reporterISO"":""VNM"",""reporterDesc"":""Viet Nam"",""flowCode"":""X"",""flowDesc"":""Export"",""partnerCode"":124,""partnerISO"":""CAN"",""partnerDesc"":""Canada"",""partner2Code"":0,""partner2ISO"":""W00"",""partner2Desc"":""World"",""classificationCode"":""H6"",""classificationSearchCode"":""HS"",""isOriginalClassification"":true,""cmdCode"":""090111"",""cmdDesc"":""Coffee; not roasted or decaffeinated"",""aggrLevel"":6,""isLeaf"":true,""customsCode"":""C00"",""customsDesc"":""TOTAL CPC"",""mosCode"":""0"",""motCode"":0,""motDesc"":""TOTAL MOT"",""qtyUnitCode"":8,""qtyUnitAbbr"":""kg"",""qty"":6118391.607,""isQtyEstimated"":true,""altQtyUnitCode"":-1,""altQtyUnitAbbr"":""N/A"",""altQty"":0,""isAltQtyEstimated"":false,""netWgt"":6118391.607,""isNetWgtEstimated"":true,""grossWgt"":0,""isGrossWgtEstimated"":false,""cifvalue"":null,""fobvalue"":17483475.965,""primaryValue"":17483475.965,""legacyEstimationFlag"":6,""isReported"":false,""isAggregate"":true}"
,UN Comtrade,https://comtradeapi.un.org/public/v1/preview/C/A/HS?reporterCode=704&flowCode=X&cmdCode=090111&period=2023&includeDesc=true,2026-05-30T19:13:38.772Z,"{""reporters"":[{""endpoint"":""https://comtradeapi.un.org/public/v1/preview/C/A/HS"",""reporterCode"":704,""reporterISO"":""VNM"",""flowCode"":""X"",""cmdCode"":""090111"",""period"":""2020,2021,2022,2023,2024,2025"",""includeDesc"":true},{""endpoint"":""https://comtradeapi.un.org/public/v1/preview/C/A/HS"",""reporterCode"":76,""reporterISO"":""BRA"",""flowCode"":""X"",""cmdCode"":""090111"",""period"":""2020,2021,2022,2023,2024,2025"",""includeDesc"":true},{""endpoint"":""https://comtradeapi.un.org/public/v1/preview/C/A/HS"",""reporterCode"":360,""reporterISO"":""IDN"",""flowCode"":""X"",""cmdCode"":""090111"",""period"":""2020,2021,2022,2023,2024,2025"",""includeDesc"":true}]}",C,A,20230101,2023,704,VNM,Viet Nam,144,LKA,Sri Lanka,0,W00,World,X,Export,H6,090111,Coffee; not roasted or decaffeinated,C00,TOTAL CPC,0,TOTAL MOT,8,kg,23450.303,23450.303,0,60219.6,true,false,true,"{""typeCode"":""C"",""freqCode"":""A"",""refPeriodId"":20230101,""refYear"":2023,""refMonth"":52,""period"":""2023"",""reporterCode"":704,""reporterISO"":""VNM"",""reporterDesc"":""Viet Nam"",""flowCode"":""X"",""flowDesc"":""Export"",""partnerCode"":144,""partnerISO"":""LKA"",""partnerDesc"":""Sri Lanka"",""partner2Code"":0,""partner2ISO"":""W00"",""partner2Desc"":""World"",""classificationCode"":""H6"",""classificationSearchCode"":""HS"",""isOriginalClassification"":true,""cmdCode"":""090111"",""cmdDesc"":""Coffee; not roasted or decaffeinated"",""aggrLevel"":6,""isLeaf"":true,""customsCode"":""C00"",""customsDesc"":""TOTAL CPC"",""mosCode"":""0"",""motCode"":0,""motDesc"":""TOTAL MOT"",""qtyUnitCode"":8,""qtyUnitAbbr"":""kg"",""qty"":23450.303,""isQtyEstimated"":true,""altQtyUnitCode"":-1,""altQtyUnitAbbr"":""N/A"",""altQty"":0,""isAltQtyEstimated"":false,""netWgt"":23450.303,""isNetWgtEstimated"":true,""grossWgt"":0,""isGrossWgtEstimated"":false,""cifvalue"":null,""fobvalue"":60219.6,""primaryValue"":60219.6,""legacyEstimationFlag"":6,""isReported"":false,""isAggregate"":true}"
,UN Comtrade,https://comtradeapi.un.org/public/v1/preview/C/A/HS?reporterCode=704&flowCode=X&cmdCode=090111&period=2023&includeDesc=true,2026-05-30T19:13:38.772Z,"{""reporters"":[{""endpoint"":""https://comtradeapi.un.org/public/v1/preview/C/A/HS"",""reporterCode"":704,""reporterISO"":""VNM"",""flowCode"":""X"",""cmdCode"":""090111"",""period"":""2020,2021,2022,2023,2024,2025"",""includeDesc"":true},{""endpoint"":""https://comtradeapi.un.org/public/v1/preview/C/A/HS"",""reporterCode"":76,""reporterISO"":""BRA"",""flowCode"":""X"",""cmdCode"":""090111"",""period"":""2020,2021,2022,2023,2024,2025"",""includeDesc"":true},{""endpoint"":""https://comtradeapi.un.org/public/v1/preview/C/A/HS"",""reporterCode"":360,""reporterISO"":""IDN"",""flowCode"":""X"",""cmdCode"":""090111"",""period"":""2020,2021,2022,2023,2024,2025"",""includeDesc"":true}]}",C,A,20230101,2023,704,VNM,Viet Nam,152,CHL,Chile,0,W00,World,X,Export,H6,090111,Coffee; not roasted or decaffeinated,C00,TOTAL CPC,0,TOTAL MOT,8,kg,730899.292,730899.292,0,1617007.269,true,false,true,"{""typeCode"":""C"",""freqCode"":""A"",""refPeriodId"":20230101,""refYear"":2023,""refMonth"":52,""period"":""2023"",""reporterCode"":704,""reporterISO"":""VNM"",""reporterDesc"":""Viet Nam"",""flowCode"":""X"",""flowDesc"":""Export"",""partnerCode"":152,""partnerISO"":""CHL"",""partnerDesc"":""Chile"",""partner2Code"":0,""partner2ISO"":""W00"",""partner2Desc"":""World"",""classificationCode"":""H6"",""classificationSearchCode"":""HS"",""isOriginalClassification"":true,""cmdCode"":""090111"",""cmdDesc"":""Coffee; not roasted or decaffeinated"",""aggrLevel"":6,""isLeaf"":true,""customsCode"":""C00"",""customsDesc"":""TOTAL CPC"",""mosCode"":""0"",""motCode"":0,""motDesc"":""TOTAL MOT"",""qtyUnitCode"":8,""qtyUnitAbbr"":""kg"",""qty"":730899.292,""isQtyEstimated"":true,""altQtyUnitCode"":-1,""altQtyUnitAbbr"":""N/A"",""altQty"":0,""isAltQtyEstimated"":false,""netWgt"":730899.292,""isNetWgtEstimated"":true,""grossWgt"":0,""isGrossWgtEstimated"":false,""cifvalue"":null,""fobvalue"":1617007.269,""primaryValue"":1617007.269,""legacyEstimationFlag"":6,""isReported"":false,""isAggregate"":true}"
,UN Comtrade,https://comtradeapi.un.org/public/v1/preview/C/A/HS?reporterCode=704&flowCode=X&cmdCode=090111&period=2023&includeDesc=true,2026-05-30T19:13:38.772Z,"{""reporters"":[{""endpoint"":""https://comtradeapi.un.org/public/v1/preview/C/A/HS"",""reporterCode"":704,""reporterISO"":""VNM"",""flowCode"":""X"",""cmdCode"":""090111"",""period"":""2020,2021,2022,2023,2024,2025"",""includeDesc"":true},{""endpoint"":""https://comtradeapi.un.org/public/v1/preview/C/A/HS"",""reporterCode"":76,""reporterISO"":""BRA"",""flowCode"":""X"",""cmdCode"":""090111"",""period"":""2020,2021,2022,2023,2024,2025"",""includeDesc"":true},{""endpoint"":""https://comtradeapi.un.org/public/v1/preview/C/A/HS"",""reporterCode"":360,""reporterISO"":""IDN"",""flowCode"":""X"",""cmdCode"":""090111"",""period"":""2020,2021,2022,2023,2024,2025"",""includeDesc"":true}]}",C,A,20230101,2023,704,VNM,Viet Nam,156,CHN,China,0,W00,World,X,Export,H6,090111,Coffee; not roasted or decaffeinated,C00,TOTAL CPC,0,TOTAL MOT,8,kg,16479499.941,16479499.941,0,48804138.879,true,false,true,"{""typeCode"":""C"",""freqCode"":""A"",""refPeriodId"":20230101,""refYear"":2023,""refMonth"":52,""period"":""2023"",""reporterCode"":704,""reporterISO"":""VNM"",""reporterDesc"":""Viet Nam"",""flowCode"":""X"",""flowDesc"":""Export"",""partnerCode"":156,""partnerISO"":""CHN"",""partnerDesc"":""China"",""partner2Code"":0,""partner2ISO"":""W00"",""partner2Desc"":""World"",""classificationCode"":""H6"",""classificationSearchCode"":""HS"",""isOriginalClassification"":true,""cmdCode"":""090111"",""cmdDesc"":""Coffee; not roasted or decaffeinated"",""aggrLevel"":6,""isLeaf"":true,""customsCode"":""C00"",""customsDesc"":""TOTAL CPC"",""mosCode"":""0"",""motCode"":0,""motDesc"":""TOTAL MOT"",""qtyUnitCode"":8,""qtyUnitAbbr"":""kg"",""qty"":16479499.941,""isQtyEstimated"":true,""altQtyUnitCode"":-1,""altQtyUnitAbbr"":""N/A"",""altQty"":0,""isAltQtyEstimated"":false,""netWgt"":16479499.941,""isNetWgtEstimated"":true,""grossWgt"":0,""isGrossWgtEstimated"":false,""cifvalue"":null,""fobvalue"":48804138.879,""primaryValue"":48804138.879,""legacyEstimationFlag"":6,""isReported"":false,""isAggregate"":true}"
,UN Comtrade,https://comtradeapi.un.org/public/v1/preview/C/A/HS?reporterCode=704&flowCode=X&cmdCode=090111&period=2023&includeDesc=true,2026-05-30T19:13:38.772Z,"{""reporters"":[{""endpoint"":""https://comtradeapi.un.org/public/v1/preview/C/A/HS"",""reporterCode"":704,""reporterISO"":""VNM"",""flowCode"":""X"",""cmdCode"":""090111"",""period"":""2020,2021,2022,2023,2024,2025"",""includeDesc"":true},{""endpoint"":""https://comtradeapi.un.org/public/v1/preview/C/A/HS"",""reporterCode"":76,""reporterISO"":""BRA"",""flowCode"":""X"",""cmdCode"":""090111"",""period"":""2020,2021,2022,2023,2024,2025"",""includeDesc"":true},{""endpoint"":""https://comtradeapi.un.org/public/v1/preview/C/A/HS"",""reporterCode"":360,""reporterISO"":""IDN"",""flowCode"":""X"",""cmdCode"":""090111"",""period"":""2020,2021,2022,2023,2024,2025"",""includeDesc"":true}]}",C,A,20230101,2023,704,VNM,Viet Nam,170,COL,Colombia,0,W00,World,X,Export,H6,090111,Coffee; not roasted or decaffeinated,C00,TOTAL CPC,0,TOTAL MOT,8,kg,3786642.973,3786642.973,0,9752677.91,true,false,true,"{""typeCode"":""C"",""freqCode"":""A"",""refPeriodId"":20230101,""refYear"":2023,""refMonth"":52,""period"":""2023"",""reporterCode"":704,""reporterISO"":""VNM"",""reporterDesc"":""Viet Nam"",""flowCode"":""X"",""flowDesc"":""Export"",""partnerCode"":170,""partnerISO"":""COL"",""partnerDesc"":""Colombia"",""partner2Code"":0,""partner2ISO"":""W00"",""partner2Desc"":""World"",""classificationCode"":""H6"",""classificationSearchCode"":""HS"",""isOriginalClassification"":true,""cmdCode"":""090111"",""cmdDesc"":""Coffee; not roasted or decaffeinated"",""aggrLevel"":6,""isLeaf"":true,""customsCode"":""C00"",""customsDesc"":""TOTAL CPC"",""mosCode"":""0"",""motCode"":0,""motDesc"":""TOTAL MOT"",""qtyUnitCode"":8,""qtyUnitAbbr"":""kg"",""qty"":3786642.973,""isQtyEstimated"":true,""altQtyUnitCode"":-1,""altQtyUnitAbbr"":""N/A"",""altQty"":0,""isAltQtyEstimated"":false,""netWgt"":3786642.973,""isNetWgtEstimated"":true,""grossWgt"":0,""isGrossWgtEstimated"":false,""cifvalue"":null,""fobvalue"":9752677.91,""primaryValue"":9752677.91,""legacyEstimationFlag"":6,""isReported"":false,""isAggregate"":true}"
,UN Comtrade,https://comtradeapi.un.org/public/v1/preview/C/A/HS?reporterCode=704&flowCode=X&cmdCode=090111&period=2023&includeDesc=true,2026-05-30T19:13:38.772Z,"{""reporters"":[{""endpoint"":""https://comtradeapi.un.org/public/v1/preview/C/A/HS"",""reporterCode"":704,""reporterISO"":""VNM"",""flowCode"":""X"",""cmdCode"":""090111"",""period"":""2020,2021,2022,2023,2024,2025"",""includeDesc"":true},{""endpoint"":""https://comtradeapi.un.org/public/v1/preview/C/A/HS"",""reporterCode"":76,""reporterISO"":""BRA"",""flowCode"":""X"",""cmdCode"":""090111"",""period"":""2020,2021,2022,2023,2024,2025"",""includeDesc"":true},{""endpoint"":""https://comtradeapi.un.org/public/v1/preview/C/A/HS"",""reporterCode"":360,""reporterISO"":""IDN"",""flowCode"":""X"",""cmdCode"":""090111"",""period"":""2020,2021,2022,2023,2024,2025"",""includeDesc"":true}]}",C,A,20230101,2023,704,VNM,Viet Nam,188,CRI,Costa Rica,0,W00,World,X,Export,H6,090111,Coffee; not roasted or decaffeinated,C00,TOTAL CPC,0,TOTAL MOT,8,kg,40000,40000,0,98760,true,false,true,"{""typeCode"":""C"",""freqCode"":""A"",""refPeriodId"":20230101,""refYear"":2023,""refMonth"":52,""period"":""2023"",""reporterCode"":704,""reporterISO"":""VNM"",""reporterDesc"":""Viet Nam"",""flowCode"":""X"",""flowDesc"":""Export"",""partnerCode"":188,""partnerISO"":""CRI"",""partnerDesc"":""Costa Rica"",""partner2Code"":0,""partner2ISO"":""W00"",""partner2Desc"":""World"",""classificationCode"":""H6"",""classificationSearchCode"":""HS"",""isOriginalClassification"":true,""cmdCode"":""090111"",""cmdDesc"":""Coffee; not roasted or decaffeinated"",""aggrLevel"":6,""isLeaf"":true,""customsCode"":""C00"",""customsDesc"":""TOTAL CPC"",""mosCode"":""0"",""motCode"":0,""motDesc"":""TOTAL MOT"",""qtyUnitCode"":8,""qtyUnitAbbr"":""kg"",""qty"":40000,""isQtyEstimated"":false,""altQtyUnitCode"":21,""altQtyUnitAbbr"":""1000 KG"",""altQty"":40,""isAltQtyEstimated"":false,""netWgt"":40000,""isNetWgtEstimated"":false,""grossWgt"":0,""isGrossWgtEstimated"":false,""cifvalue"":null,""fobvalue"":98760,""primaryValue"":98760,""legacyEstimationFlag"":0,""isReported"":false,""isAggregate"":true}"
,UN Comtrade,https://comtradeapi.un.org/public/v1/preview/C/A/HS?reporterCode=704&flowCode=X&cmdCode=090111&period=2023&includeDesc=true,2026-05-30T19:13:38.772Z,"{""reporters"":[{""endpoint"":""https://comtradeapi.un.org/public/v1/preview/C/A/HS"",""reporterCode"":704,""reporterISO"":""VNM"",""flowCode"":""X"",""cmdCode"":""090111"",""period"":""2020,2021,2022,2023,2024,2025"",""includeDesc"":true},{""endpoint"":""https://comtradeapi.un.org/public/v1/preview/C/A/HS"",""reporterCode"":76,""reporterISO"":""BRA"",""flowCode"":""X"",""cmdCode"":""090111"",""period"":""2020,2021,2022,2023,2024,2025"",""includeDesc"":true},{""endpoint"":""https://comtradeapi.un.org/public/v1/preview/C/A/HS"",""reporterCode"":360,""reporterISO"":""IDN"",""flowCode"":""X"",""cmdCode"":""090111"",""period"":""2020,2021,2022,2023,2024,2025"",""includeDesc"":true}]}",C,A,20230101,2023,704,VNM,Viet Nam,191,HRV,Croatia,0,W00,World,X,Export,H6,090111,Coffee; not roasted or decaffeinated,C00,TOTAL CPC,0,TOTAL MOT,8,kg,1340590.84,1340590.84,0,3777523.036,true,false,true,"{""typeCode"":""C"",""freqCode"":""A"",""refPeriodId"":20230101,""refYear"":2023,""refMonth"":52,""period"":""2023"",""reporterCode"":704,""reporterISO"":""VNM"",""reporterDesc"":""Viet Nam"",""flowCode"":""X"",""flowDesc"":""Export"",""partnerCode"":191,""partnerISO"":""HRV"",""partnerDesc"":""Croatia"",""partner2Code"":0,""partner2ISO"":""W00"",""partner2Desc"":""World"",""classificationCode"":""H6"",""classificationSearchCode"":""HS"",""isOriginalClassification"":true,""cmdCode"":""090111"",""cmdDesc"":""Coffee; not roasted or decaffeinated"",""aggrLevel"":6,""isLeaf"":true,""customsCode"":""C00"",""customsDesc"":""TOTAL CPC"",""mosCode"":""0"",""motCode"":0,""motDesc"":""TOTAL MOT"",""qtyUnitCode"":8,""qtyUnitAbbr"":""kg"",""qty"":1340590.84,""isQtyEstimated"":true,""altQtyUnitCode"":-1,""altQtyUnitAbbr"":""N/A"",""altQty"":0,""isAltQtyEstimated"":false,""netWgt"":1340590.84,""isNetWgtEstimated"":true,""grossWgt"":0,""isGrossWgtEstimated"":false,""cifvalue"":null,""fobvalue"":3777523.036,""primaryValue"":3777523.036,""legacyEstimationFlag"":6,""isReported"":false,""isAggregate"":true}"
,UN Comtrade,https://comtradeapi.un.org/public/v1/preview/C/A/HS?reporterCode=704&flowCode=X&cmdCode=090111&period=2023&includeDesc=true,2026-05-30T19:13:38.772Z,"{""reporters"":[{""endpoint"":""https://comtradeapi.un.org/public/v1/preview/C/A/HS"",""reporterCode"":704,""reporterISO"":""VNM"",""flowCode"":""X"",""cmdCode"":""090111"",""period"":""2020,2021,2022,2023,2024,2025"",""includeDesc"":true},{""endpoint"":""https://comtradeapi.un.org/public/v1/preview/C/A/HS"",""reporterCode"":76,""reporterISO"":""BRA"",""flowCode"":""X"",""cmdCode"":""090111"",""period"":""2020,2021,2022,2023,2024,2025"",""includeDesc"":true},{""endpoint"":""https://comtradeapi.un.org/public/v1/preview/C/A/HS"",""reporterCode"":360,""reporterISO"":""IDN"",""flowCode"":""X"",""cmdCode"":""090111"",""period"":""2020,2021,2022,2023,2024,2025"",""includeDesc"":true}]}",C,A,20230101,2023,704,VNM,Viet Nam,196,CYP,Cyprus,0,W00,World,X,Export,H6,090111,Coffee; not roasted or decaffeinated,C00,TOTAL CPC,0,TOTAL MOT,8,kg,19146,19146,0,28987.044,true,false,true,"{""typeCode"":""C"",""freqCode"":""A"",""refPeriodId"":20230101,""refYear"":2023,""refMonth"":52,""period"":""2023"",""reporterCode"":704,""reporterISO"":""VNM"",""reporterDesc"":""Viet Nam"",""flowCode"":""X"",""flowDesc"":""Export"",""partnerCode"":196,""partnerISO"":""CYP"",""partnerDesc"":""Cyprus"",""partner2Code"":0,""partner2ISO"":""W00"",""partner2Desc"":""World"",""classificationCode"":""H6"",""classificationSearchCode"":""HS"",""isOriginalClassification"":true,""cmdCode"":""090111"",""cmdDesc"":""Coffee; not roasted or decaffeinated"",""aggrLevel"":6,""isLeaf"":true,""customsCode"":""C00"",""customsDesc"":""TOTAL CPC"",""mosCode"":""0"",""motCode"":0,""motDesc"":""TOTAL MOT"",""qtyUnitCode"":8,""qtyUnitAbbr"":""kg"",""qty"":19146,""isQtyEstimated"":false,""altQtyUnitCode"":21,""altQtyUnitAbbr"":""1000 KG"",""altQty"":19.146,""isAltQtyEstimated"":false,""netWgt"":19146,""isNetWgtEstimated"":false,""grossWgt"":0,""isGrossWgtEstimated"":false,""cifvalue"":null,""fobvalue"":28987.044,""primaryValue"":28987.044,""legacyEstimationFlag"":0,""isReported"":false,""isAggregate"":true}"
,UN Comtrade,https://comtradeapi.un.org/public/v1/preview/C/A/HS?reporterCode=704&flowCode=X&cmdCode=090111&period=2023&includeDesc=true,2026-05-30T19:13:38.772Z,"{""reporters"":[{""endpoint"":""https://comtradeapi.un.org/public/v1/preview/C/A/HS"",""reporterCode"":704,""reporterISO"":""VNM"",""flowCode"":""X"",""cmdCode"":""090111"",""period"":""2020,2021,2022,2023,2024,2025"",""includeDesc"":true},{""endpoint"":""https://comtradeapi.un.org/public/v1/preview/C/A/HS"",""reporterCode"":76,""reporterISO"":""BRA"",""flowCode"":""X"",""cmdCode"":""090111"",""period"":""2020,2021,2022,2023,2024,2025"",""includeDesc"":true},{""endpoint"":""https://comtradeapi.un.org/public/v1/preview/C/A/HS"",""reporterCode"":360,""reporterISO"":""IDN"",""flowCode"":""X"",""cmdCode"":""090111"",""period"":""2020,2021,2022,2023,2024,2025"",""includeDesc"":true}]}",C,A,20230101,2023,704,VNM,Viet Nam,203,CZE,Czechia,0,W00,World,X,Export,H6,090111,Coffee; not roasted or decaffeinated,C00,TOTAL CPC,0,TOTAL MOT,8,kg,744685.896,744685.896,0,2228245.76,true,false,true,"{""typeCode"":""C"",""freqCode"":""A"",""refPeriodId"":20230101,""refYear"":2023,""refMonth"":52,""period"":""2023"",""reporterCode"":704,""reporterISO"":""VNM"",""reporterDesc"":""Viet Nam"",""flowCode"":""X"",""flowDesc"":""Export"",""partnerCode"":203,""partnerISO"":""CZE"",""partnerDesc"":""Czechia"",""partner2Code"":0,""partner2ISO"":""W00"",""partner2Desc"":""World"",""classificationCode"":""H6"",""classificationSearchCode"":""HS"",""isOriginalClassification"":true,""cmdCode"":""090111"",""cmdDesc"":""Coffee; not roasted or decaffeinated"",""aggrLevel"":6,""isLeaf"":true,""customsCode"":""C00"",""customsDesc"":""TOTAL CPC"",""mosCode"":""0"",""motCode"":0,""motDesc"":""TOTAL MOT"",""qtyUnitCode"":8,""qtyUnitAbbr"":""kg"",""qty"":744685.896,""isQtyEstimated"":true,""altQtyUnitCode"":-1,""altQtyUnitAbbr"":""N/A"",""altQty"":0,""isAltQtyEstimated"":false,""netWgt"":744685.896,""isNetWgtEstimated"":true,""grossWgt"":0,""isGrossWgtEstimated"":false,""cifvalue"":null,""fobvalue"":2228245.76,""primaryValue"":2228245.76,""legacyEstimationFlag"":6,""isReported"":false,""isAggregate"":true}"
,UN Comtrade,https://comtradeapi.un.org/public/v1/preview/C/A/HS?reporterCode=704&flowCode=X&cmdCode=090111&period=2023&includeDesc=true,2026-05-30T19:13:38.772Z,"{""reporters"":[{""endpoint"":""https://comtradeapi.un.org/public/v1/preview/C/A/HS"",""reporterCode"":704,""reporterISO"":""VNM"",""flowCode"":""X"",""cmdCode"":""090111"",""period"":""2020,2021,2022,2023,2024,2025"",""includeDesc"":true},{""endpoint"":""https://comtradeapi.un.org/public/v1/preview/C/A/HS"",""reporterCode"":76,""reporterISO"":""BRA"",""flowCode"":""X"",""cmdCode"":""090111"",""period"":""2020,2021,2022,2023,2024,2025"",""includeDesc"":true},{""endpoint"":""https://comtradeapi.un.org/public/v1/preview/C/A/HS"",""reporterCode"":360,""reporterISO"":""IDN"",""flowCode"":""X"",""cmdCode"":""090111"",""period"":""2020,2021,2022,2023,2024,2025"",""includeDesc"":true}]}",C,A,20230101,2023,704,VNM,Viet Nam,208,DNK,Denmark,0,W00,World,X,Export,H6,090111,Coffee; not roasted or decaffeinated,C00,TOTAL CPC,0,TOTAL MOT,8,kg,1502389.82,1502389.82,0,4077338.148,true,false,true,"{""typeCode"":""C"",""freqCode"":""A"",""refPeriodId"":20230101,""refYear"":2023,""refMonth"":52,""period"":""2023"",""reporterCode"":704,""reporterISO"":""VNM"",""reporterDesc"":""Viet Nam"",""flowCode"":""X"",""flowDesc"":""Export"",""partnerCode"":208,""partnerISO"":""DNK"",""partnerDesc"":""Denmark"",""partner2Code"":0,""partner2ISO"":""W00"",""partner2Desc"":""World"",""classificationCode"":""H6"",""classificationSearchCode"":""HS"",""isOriginalClassification"":true,""cmdCode"":""090111"",""cmdDesc"":""Coffee; not roasted or decaffeinated"",""aggrLevel"":6,""isLeaf"":true,""customsCode"":""C00"",""customsDesc"":""TOTAL CPC"",""mosCode"":""0"",""motCode"":0,""motDesc"":""TOTAL MOT"",""qtyUnitCode"":8,""qtyUnitAbbr"":""kg"",""qty"":1502389.82,""isQtyEstimated"":true,""altQtyUnitCode"":-1,""altQtyUnitAbbr"":""N/A"",""altQty"":0,""isAltQtyEstimated"":false,""netWgt"":1502389.82,""isNetWgtEstimated"":true,""grossWgt"":0,""isGrossWgtEstimated"":false,""cifvalue"":null,""fobvalue"":4077338.148,""primaryValue"":4077338.148,""legacyEstimationFlag"":6,""isReported"":false,""isAggregate"":true}"
,UN Comtrade,https://comtradeapi.un.org/public/v1/preview/C/A/HS?reporterCode=704&flowCode=X&cmdCode=090111&period=2023&includeDesc=true,2026-05-30T19:13:38.772Z,"{""reporters"":[{""endpoint"":""https://comtradeapi.un.org/public/v1/preview/C/A/HS"",""reporterCode"":704,""reporterISO"":""VNM"",""flowCode"":""X"",""cmdCode"":""090111"",""period"":""2020,2021,2022,2023,2024,2025"",""includeDesc"":true},{""endpoint"":""https://comtradeapi.un.org/public/v1/preview/C/A/HS"",""reporterCode"":76,""reporterISO"":""BRA"",""flowCode"":""X"",""cmdCode"":""090111"",""period"":""2020,2021,2022,2023,2024,2025"",""includeDesc"":true},{""endpoint"":""https://comtradeapi.un.org/public/v1/preview/C/A/HS"",""reporterCode"":360,""reporterISO"":""IDN"",""flowCode"":""X"",""cmdCode"":""090111"",""period"":""2020,2021,2022,2023,2024,2025"",""includeDesc"":true}]}",C,A,20230101,2023,704,VNM,Viet Nam,214,DOM,Dominican Rep.,0,W00,World,X,Export,H6,090111,Coffee; not roasted or decaffeinated,C00,TOTAL CPC,0,TOTAL MOT,8,kg,3680491.599,3680491.599,0,8845874.23,true,false,true,"{""typeCode"":""C"",""freqCode"":""A"",""refPeriodId"":20230101,""refYear"":2023,""refMonth"":52,""period"":""2023"",""reporterCode"":704,""reporterISO"":""VNM"",""reporterDesc"":""Viet Nam"",""flowCode"":""X"",""flowDesc"":""Export"",""partnerCode"":214,""partnerISO"":""DOM"",""partnerDesc"":""Dominican Rep."",""partner2Code"":0,""partner2ISO"":""W00"",""partner2Desc"":""World"",""classificationCode"":""H6"",""classificationSearchCode"":""HS"",""isOriginalClassification"":true,""cmdCode"":""090111"",""cmdDesc"":""Coffee; not roasted or decaffeinated"",""aggrLevel"":6,""isLeaf"":true,""customsCode"":""C00"",""customsDesc"":""TOTAL CPC"",""mosCode"":""0"",""motCode"":0,""motDesc"":""TOTAL MOT"",""qtyUnitCode"":8,""qtyUnitAbbr"":""kg"",""qty"":3680491.599,""isQtyEstimated"":true,""altQtyUnitCode"":-1,""altQtyUnitAbbr"":""N/A"",""altQty"":0,""isAltQtyEstimated"":false,""netWgt"":3680491.599,""isNetWgtEstimated"":true,""grossWgt"":0,""isGrossWgtEstimated"":false,""cifvalue"":null,""fobvalue"":8845874.23,""primaryValue"":8845874.23,""legacyEstimationFlag"":6,""isReported"":false,""isAggregate"":true}"
,UN Comtrade,https://comtradeapi.un.org/public/v1/preview/C/A/HS?reporterCode=704&flowCode=X&cmdCode=090111&period=2023&includeDesc=true,2026-05-30T19:13:38.772Z,"{""reporters"":[{""endpoint"":""https://comtradeapi.un.org/public/v1/preview/C/A/HS"",""reporterCode"":704,""reporterISO"":""VNM"",""flowCode"":""X"",""cmdCode"":""090111"",""period"":""2020,2021,2022,2023,2024,2025"",""includeDesc"":true},{""endpoint"":""https://comtradeapi.un.org/public/v1/preview/C/A/HS"",""reporterCode"":76,""reporterISO"":""BRA"",""flowCode"":""X"",""cmdCode"":""090111"",""period"":""2020,2021,2022,2023,2024,2025"",""includeDesc"":true},{""endpoint"":""https://comtradeapi.un.org/public/v1/preview/C/A/HS"",""reporterCode"":360,""reporterISO"":""IDN"",""flowCode"":""X"",""cmdCode"":""090111"",""period"":""2020,2021,2022,2023,2024,2025"",""includeDesc"":true}]}",C,A,20230101,2023,704,VNM,Viet Nam,218,ECU,Ecuador,0,W00,World,X,Export,H6,090111,Coffee; not roasted or decaffeinated,C00,TOTAL CPC,0,TOTAL MOT,8,kg,11790767.957,11790767.957,0,26454549.153,true,false,true,"{""typeCode"":""C"",""freqCode"":""A"",""refPeriodId"":20230101,""refYear"":2023,""refMonth"":52,""period"":""2023"",""reporterCode"":704,""reporterISO"":""VNM"",""reporterDesc"":""Viet Nam"",""flowCode"":""X"",""flowDesc"":""Export"",""partnerCode"":218,""partnerISO"":""ECU"",""partnerDesc"":""Ecuador"",""partner2Code"":0,""partner2ISO"":""W00"",""partner2Desc"":""World"",""classificationCode"":""H6"",""classificationSearchCode"":""HS"",""isOriginalClassification"":true,""cmdCode"":""090111"",""cmdDesc"":""Coffee; not roasted or decaffeinated"",""aggrLevel"":6,""isLeaf"":true,""customsCode"":""C00"",""customsDesc"":""TOTAL CPC"",""mosCode"":""0"",""motCode"":0,""motDesc"":""TOTAL MOT"",""qtyUnitCode"":8,""qtyUnitAbbr"":""kg"",""qty"":11790767.957,""isQtyEstimated"":true,""altQtyUnitCode"":-1,""altQtyUnitAbbr"":""N/A"",""altQty"":0,""isAltQtyEstimated"":false,""netWgt"":11790767.957,""isNetWgtEstimated"":true,""grossWgt"":0,""isGrossWgtEstimated"":false,""cifvalue"":null,""fobvalue"":26454549.153,""primaryValue"":26454549.153,""legacyEstimationFlag"":6,""isReported"":false,""isAggregate"":true}"
,UN Comtrade,https://comtradeapi.un.org/public/v1/preview/C/A/HS?reporterCode=704&flowCode=X&cmdCode=090111&period=2023&includeDesc=true,2026-05-30T19:13:38.772Z,"{""reporters"":[{""endpoint"":""https://comtradeapi.un.org/public/v1/preview/C/A/HS"",""reporterCode"":704,""reporterISO"":""VNM"",""flowCode"":""X"",""cmdCode"":""090111"",""period"":""2020,2021,2022,2023,2024,2025"",""includeDesc"":true},{""endpoint"":""https://comtradeapi.un.org/public/v1/preview/C/A/HS"",""reporterCode"":76,""reporterISO"":""BRA"",""flowCode"":""X"",""cmdCode"":""090111"",""period"":""2020,2021,2022,2023,2024,2025"",""includeDesc"":true},{""endpoint"":""https://comtradeapi.un.org/public/v1/preview/C/A/HS"",""reporterCode"":360,""reporterISO"":""IDN"",""flowCode"":""X"",""cmdCode"":""090111"",""period"":""2020,2021,2022,2023,2024,2025"",""includeDesc"":true}]}",C,A,20230101,2023,704,VNM,Viet Nam,233,EST,Estonia,0,W00,World,X,Export,H6,090111,Coffee; not roasted or decaffeinated,C00,TOTAL CPC,0,TOTAL MOT,8,kg,329612.806,329612.806,0,1011149.37,true,false,true,"{""typeCode"":""C"",""freqCode"":""A"",""refPeriodId"":20230101,""refYear"":2023,""refMonth"":52,""period"":""2023"",""reporterCode"":704,""reporterISO"":""VNM"",""reporterDesc"":""Viet Nam"",""flowCode"":""X"",""flowDesc"":""Export"",""partnerCode"":233,""partnerISO"":""EST"",""partnerDesc"":""Estonia"",""partner2Code"":0,""partner2ISO"":""W00"",""partner2Desc"":""World"",""classificationCode"":""H6"",""classificationSearchCode"":""HS"",""isOriginalClassification"":true,""cmdCode"":""090111"",""cmdDesc"":""Coffee; not roasted or decaffeinated"",""aggrLevel"":6,""isLeaf"":true,""customsCode"":""C00"",""customsDesc"":""TOTAL CPC"",""mosCode"":""0"",""motCode"":0,""motDesc"":""TOTAL MOT"",""qtyUnitCode"":8,""qtyUnitAbbr"":""kg"",""qty"":329612.806,""isQtyEstimated"":true,""altQtyUnitCode"":-1,""altQtyUnitAbbr"":""N/A"",""altQty"":0,""isAltQtyEstimated"":false,""netWgt"":329612.806,""isNetWgtEstimated"":true,""grossWgt"":0,""isGrossWgtEstimated"":false,""cifvalue"":null,""fobvalue"":1011149.37,""primaryValue"":1011149.37,""legacyEstimationFlag"":6,""isReported"":false,""isAggregate"":true}"
,UN Comtrade,https://comtradeapi.un.org/public/v1/preview/C/A/HS?reporterCode=704&flowCode=X&cmdCode=090111&period=2023&includeDesc=true,2026-05-30T19:13:38.772Z,"{""reporters"":[{""endpoint"":""https://comtradeapi.un.org/public/v1/preview/C/A/HS"",""reporterCode"":704,""reporterISO"":""VNM"",""flowCode"":""X"",""cmdCode"":""090111"",""period"":""2020,2021,2022,2023,2024,2025"",""includeDesc"":true},{""endpoint"":""https://comtradeapi.un.org/public/v1/preview/C/A/HS"",""reporterCode"":76,""reporterISO"":""BRA"",""flowCode"":""X"",""cmdCode"":""090111"",""period"":""2020,2021,2022,2023,2024,2025"",""includeDesc"":true},{""endpoint"":""https://comtradeapi.un.org/public/v1/preview/C/A/HS"",""reporterCode"":360,""reporterISO"":""IDN"",""flowCode"":""X"",""cmdCode"":""090111"",""period"":""2020,2021,2022,2023,2024,2025"",""includeDesc"":true}]}",C,A,20230101,2023,704,VNM,Viet Nam,246,FIN,Finland,0,W00,World,X,Export,H6,090111,Coffee; not roasted or decaffeinated,C00,TOTAL CPC,0,TOTAL MOT,8,kg,299703.318,299703.318,0,815888.244,true,false,true,"{""typeCode"":""C"",""freqCode"":""A"",""refPeriodId"":20230101,""refYear"":2023,""refMonth"":52,""period"":""2023"",""reporterCode"":704,""reporterISO"":""VNM"",""reporterDesc"":""Viet Nam"",""flowCode"":""X"",""flowDesc"":""Export"",""partnerCode"":246,""partnerISO"":""FIN"",""partnerDesc"":""Finland"",""partner2Code"":0,""partner2ISO"":""W00"",""partner2Desc"":""World"",""classificationCode"":""H6"",""classificationSearchCode"":""HS"",""isOriginalClassification"":true,""cmdCode"":""090111"",""cmdDesc"":""Coffee; not roasted or decaffeinated"",""aggrLevel"":6,""isLeaf"":true,""customsCode"":""C00"",""customsDesc"":""TOTAL CPC"",""mosCode"":""0"",""motCode"":0,""motDesc"":""TOTAL MOT"",""qtyUnitCode"":8,""qtyUnitAbbr"":""kg"",""qty"":299703.318,""isQtyEstimated"":true,""altQtyUnitCode"":-1,""altQtyUnitAbbr"":""N/A"",""altQty"":0,""isAltQtyEstimated"":false,""netWgt"":299703.318,""isNetWgtEstimated"":true,""grossWgt"":0,""isGrossWgtEstimated"":false,""cifvalue"":null,""fobvalue"":815888.244,""primaryValue"":815888.244,""legacyEstimationFlag"":6,""isReported"":false,""isAggregate"":true}"
,UN Comtrade,https://comtradeapi.un.org/public/v1/preview/C/A/HS?reporterCode=704&flowCode=X&cmdCode=090111&period=2023&includeDesc=true,2026-05-30T19:13:38.772Z,"{""reporters"":[{""endpoint"":""https://comtradeapi.un.org/public/v1/preview/C/A/HS"",""reporterCode"":704,""reporterISO"":""VNM"",""flowCode"":""X"",""cmdCode"":""090111"",""period"":""2020,2021,2022,2023,2024,2025"",""includeDesc"":true},{""endpoint"":""https://comtradeapi.un.org/public/v1/preview/C/A/HS"",""reporterCode"":76,""reporterISO"":""BRA"",""flowCode"":""X"",""cmdCode"":""090111"",""period"":""2020,2021,2022,2023,2024,2025"",""includeDesc"":true},{""endpoint"":""https://comtradeapi.un.org/public/v1/preview/C/A/HS"",""reporterCode"":360,""reporterISO"":""IDN"",""flowCode"":""X"",""cmdCode"":""090111"",""period"":""2020,2021,2022,2023,2024,2025"",""includeDesc"":true}]}",C,A,20230101,2023,704,VNM,Viet Nam,251,FRA,France,0,W00,World,X,Export,H6,090111,Coffee; not roasted or decaffeinated,C00,TOTAL CPC,0,TOTAL MOT,8,kg,16475435.33,16475435.33,0,47149558.302,true,false,true,"{""typeCode"":""C"",""freqCode"":""A"",""refPeriodId"":20230101,""refYear"":2023,""refMonth"":52,""period"":""2023"",""reporterCode"":704,""reporterISO"":""VNM"",""reporterDesc"":""Viet Nam"",""flowCode"":""X"",""flowDesc"":""Export"",""partnerCode"":251,""partnerISO"":""FRA"",""partnerDesc"":""France"",""partner2Code"":0,""partner2ISO"":""W00"",""partner2Desc"":""World"",""classificationCode"":""H6"",""classificationSearchCode"":""HS"",""isOriginalClassification"":true,""cmdCode"":""090111"",""cmdDesc"":""Coffee; not roasted or decaffeinated"",""aggrLevel"":6,""isLeaf"":true,""customsCode"":""C00"",""customsDesc"":""TOTAL CPC"",""mosCode"":""0"",""motCode"":0,""motDesc"":""TOTAL MOT"",""qtyUnitCode"":8,""qtyUnitAbbr"":""kg"",""qty"":16475435.33,""isQtyEstimated"":true,""altQtyUnitCode"":-1,""altQtyUnitAbbr"":""N/A"",""altQty"":0,""isAltQtyEstimated"":false,""netWgt"":16475435.33,""isNetWgtEstimated"":true,""grossWgt"":0,""isGrossWgtEstimated"":false,""cifvalue"":null,""fobvalue"":47149558.302,""primaryValue"":47149558.302,""legacyEstimationFlag"":6,""isReported"":false,""isAggregate"":true}"
,UN Comtrade,https://comtradeapi.un.org/public/v1/preview/C/A/HS?reporterCode=704&flowCode=X&cmdCode=090111&period=2023&includeDesc=true,2026-05-30T19:13:38.772Z,"{""reporters"":[{""endpoint"":""https://comtradeapi.un.org/public/v1/preview/C/A/HS"",""reporterCode"":704,""reporterISO"":""VNM"",""flowCode"":""X"",""cmdCode"":""090111"",""period"":""2020,2021,2022,2023,2024,2025"",""includeDesc"":true},{""endpoint"":""https://comtradeapi.un.org/public/v1/preview/C/A/HS"",""reporterCode"":76,""reporterISO"":""BRA"",""flowCode"":""X"",""cmdCode"":""090111"",""period"":""2020,2021,2022,2023,2024,2025"",""includeDesc"":true},{""endpoint"":""https://comtradeapi.un.org/public/v1/preview/C/A/HS"",""reporterCode"":360,""reporterISO"":""IDN"",""flowCode"":""X"",""cmdCode"":""090111"",""period"":""2020,2021,2022,2023,2024,2025"",""includeDesc"":true}]}",C,A,20230101,2023,704,VNM,Viet Nam,276,DEU,Germany,0,W00,World,X,Export,H6,090111,Coffee; not roasted or decaffeinated,C00,TOTAL CPC,0,TOTAL MOT,8,kg,155843388.342,155843388.342,0,440611665.078,true,false,true,"{""typeCode"":""C"",""freqCode"":""A"",""refPeriodId"":20230101,""refYear"":2023,""refMonth"":52,""period"":""2023"",""reporterCode"":704,""reporterISO"":""VNM"",""reporterDesc"":""Viet Nam"",""flowCode"":""X"",""flowDesc"":""Export"",""partnerCode"":276,""partnerISO"":""DEU"",""partnerDesc"":""Germany"",""partner2Code"":0,""partner2ISO"":""W00"",""partner2Desc"":""World"",""classificationCode"":""H6"",""classificationSearchCode"":""HS"",""isOriginalClassification"":true,""cmdCode"":""090111"",""cmdDesc"":""Coffee; not roasted or decaffeinated"",""aggrLevel"":6,""isLeaf"":true,""customsCode"":""C00"",""customsDesc"":""TOTAL CPC"",""mosCode"":""0"",""motCode"":0,""motDesc"":""TOTAL MOT"",""qtyUnitCode"":8,""qtyUnitAbbr"":""kg"",""qty"":155843388.342,""isQtyEstimated"":true,""altQtyUnitCode"":-1,""altQtyUnitAbbr"":""N/A"",""altQty"":0,""isAltQtyEstimated"":false,""netWgt"":155843388.342,""isNetWgtEstimated"":true,""grossWgt"":0,""isGrossWgtEstimated"":false,""cifvalue"":null,""fobvalue"":440611665.078,""primaryValue"":440611665.078,""legacyEstimationFlag"":6,""isReported"":false,""isAggregate"":true}"
,UN Comtrade,https://comtradeapi.un.org/public/v1/preview/C/A/HS?reporterCode=704&flowCode=X&cmdCode=090111&period=2023&includeDesc=true,2026-05-30T19:13:38.772Z,"{""reporters"":[{""endpoint"":""https://comtradeapi.un.org/public/v1/preview/C/A/HS"",""reporterCode"":704,""reporterISO"":""VNM"",""flowCode"":""X"",""cmdCode"":""090111"",""period"":""2020,2021,2022,2023,2024,2025"",""includeDesc"":true},{""endpoint"":""https://comtradeapi.un.org/public/v1/preview/C/A/HS"",""reporterCode"":76,""reporterISO"":""BRA"",""flowCode"":""X"",""cmdCode"":""090111"",""period"":""2020,2021,2022,2023,2024,2025"",""includeDesc"":true},{""endpoint"":""https://comtradeapi.un.org/public/v1/preview/C/A/HS"",""reporterCode"":360,""reporterISO"":""IDN"",""flowCode"":""X"",""cmdCode"":""090111"",""period"":""2020,2021,2022,2023,2024,2025"",""includeDesc"":true}]}",C,A,20230101,2023,704,VNM,Viet Nam,300,GRC,Greece,0,W00,World,X,Export,H6,090111,Coffee; not roasted or decaffeinated,C00,TOTAL CPC,0,TOTAL MOT,8,kg,6501528.738,6501528.738,0,19562353.034,true,false,true,"{""typeCode"":""C"",""freqCode"":""A"",""refPeriodId"":20230101,""refYear"":2023,""refMonth"":52,""period"":""2023"",""reporterCode"":704,""reporterISO"":""VNM"",""reporterDesc"":""Viet Nam"",""flowCode"":""X"",""flowDesc"":""Export"",""partnerCode"":300,""partnerISO"":""GRC"",""partnerDesc"":""Greece"",""partner2Code"":0,""partner2ISO"":""W00"",""partner2Desc"":""World"",""classificationCode"":""H6"",""classificationSearchCode"":""HS"",""isOriginalClassification"":true,""cmdCode"":""090111"",""cmdDesc"":""Coffee; not roasted or decaffeinated"",""aggrLevel"":6,""isLeaf"":true,""customsCode"":""C00"",""customsDesc"":""TOTAL CPC"",""mosCode"":""0"",""motCode"":0,""motDesc"":""TOTAL MOT"",""qtyUnitCode"":8,""qtyUnitAbbr"":""kg"",""qty"":6501528.738,""isQtyEstimated"":true,""altQtyUnitCode"":-1,""altQtyUnitAbbr"":""N/A"",""altQty"":0,""isAltQtyEstimated"":false,""netWgt"":6501528.738,""isNetWgtEstimated"":true,""grossWgt"":0,""isGrossWgtEstimated"":false,""cifvalue"":null,""fobvalue"":19562353.034,""primaryValue"":19562353.034,""legacyEstimationFlag"":6,""isReported"":false,""isAggregate"":true}"
,UN Comtrade,https://comtradeapi.un.org/public/v1/preview/C/A/HS?reporterCode=704&flowCode=X&cmdCode=090111&period=2023&includeDesc=true,2026-05-30T19:13:38.772Z,"{""reporters"":[{""endpoint"":""https://comtradeapi.un.org/public/v1/preview/C/A/HS"",""reporterCode"":704,""reporterISO"":""VNM"",""flowCode"":""X"",""cmdCode"":""090111"",""period"":""2020,2021,2022,2023,2024,2025"",""includeDesc"":true},{""endpoint"":""https://comtradeapi.un.org/public/v1/preview/C/A/HS"",""reporterCode"":76,""reporterISO"":""BRA"",""flowCode"":""X"",""cmdCode"":""090111"",""period"":""2020,2021,2022,2023,2024,2025"",""includeDesc"":true},{""endpoint"":""https://comtradeapi.un.org/public/v1/preview/C/A/HS"",""reporterCode"":360,""reporterISO"":""IDN"",""flowCode"":""X"",""cmdCode"":""090111"",""period"":""2020,2021,2022,2023,2024,2025"",""includeDesc"":true}]}",C,A,20230101,2023,704,VNM,Viet Nam,344,HKG,"China, Hong Kong SAR",0,W00,World,X,Export,H6,090111,Coffee; not roasted or decaffeinated,C00,TOTAL CPC,0,TOTAL MOT,8,kg,450725.981,450725.981,0,1310811.468,true,false,true,"{""typeCode"":""C"",""freqCode"":""A"",""refPeriodId"":20230101,""refYear"":2023,""refMonth"":52,""period"":""2023"",""reporterCode"":704,""reporterISO"":""VNM"",""reporterDesc"":""Viet Nam"",""flowCode"":""X"",""flowDesc"":""Export"",""partnerCode"":344,""partnerISO"":""HKG"",""partnerDesc"":""China, Hong Kong SAR"",""partner2Code"":0,""partner2ISO"":""W00"",""partner2Desc"":""World"",""classificationCode"":""H6"",""classificationSearchCode"":""HS"",""isOriginalClassification"":true,""cmdCode"":""090111"",""cmdDesc"":""Coffee; not roasted or decaffeinated"",""aggrLevel"":6,""isLeaf"":true,""customsCode"":""C00"",""customsDesc"":""TOTAL CPC"",""mosCode"":""0"",""motCode"":0,""motDesc"":""TOTAL MOT"",""qtyUnitCode"":8,""qtyUnitAbbr"":""kg"",""qty"":450725.981,""isQtyEstimated"":true,""altQtyUnitCode"":-1,""altQtyUnitAbbr"":""N/A"",""altQty"":0,""isAltQtyEstimated"":false,""netWgt"":450725.981,""isNetWgtEstimated"":true,""grossWgt"":0,""isGrossWgtEstimated"":false,""cifvalue"":null,""fobvalue"":1310811.468,""primaryValue"":1310811.468,""legacyEstimationFlag"":6,""isReported"":false,""isAggregate"":true}"
,UN Comtrade,https://comtradeapi.un.org/public/v1/preview/C/A/HS?reporterCode=704&flowCode=X&cmdCode=090111&period=2023&includeDesc=true,2026-05-30T19:13:38.772Z,"{""reporters"":[{""endpoint"":""https://comtradeapi.un.org/public/v1/preview/C/A/HS"",""reporterCode"":704,""reporterISO"":""VNM"",""flowCode"":""X"",""cmdCode"":""090111"",""period"":""2020,2021,2022,2023,2024,2025"",""includeDesc"":true},{""endpoint"":""https://comtradeapi.un.org/public/v1/preview/C/A/HS"",""reporterCode"":76,""reporterISO"":""BRA"",""flowCode"":""X"",""cmdCode"":""090111"",""period"":""2020,2021,2022,2023,2024,2025"",""includeDesc"":true},{""endpoint"":""https://comtradeapi.un.org/public/v1/preview/C/A/HS"",""reporterCode"":360,""reporterISO"":""IDN"",""flowCode"":""X"",""cmdCode"":""090111"",""period"":""2020,2021,2022,2023,2024,2025"",""includeDesc"":true}]}",C,A,20230101,2023,704,VNM,Viet Nam,348,HUN,Hungary,0,W00,World,X,Export,H6,090111,Coffee; not roasted or decaffeinated,C00,TOTAL CPC,0,TOTAL MOT,8,kg,20000,20000,0,58900,true,false,true,"{""typeCode"":""C"",""freqCode"":""A"",""refPeriodId"":20230101,""refYear"":2023,""refMonth"":52,""period"":""2023"",""reporterCode"":704,""reporterISO"":""VNM"",""reporterDesc"":""Viet Nam"",""flowCode"":""X"",""flowDesc"":""Export"",""partnerCode"":348,""partnerISO"":""HUN"",""partnerDesc"":""Hungary"",""partner2Code"":0,""partner2ISO"":""W00"",""partner2Desc"":""World"",""classificationCode"":""H6"",""classificationSearchCode"":""HS"",""isOriginalClassification"":true,""cmdCode"":""090111"",""cmdDesc"":""Coffee; not roasted or decaffeinated"",""aggrLevel"":6,""isLeaf"":true,""customsCode"":""C00"",""customsDesc"":""TOTAL CPC"",""mosCode"":""0"",""motCode"":0,""motDesc"":""TOTAL MOT"",""qtyUnitCode"":8,""qtyUnitAbbr"":""kg"",""qty"":20000,""isQtyEstimated"":false,""altQtyUnitCode"":21,""altQtyUnitAbbr"":""1000 KG"",""altQty"":20,""isAltQtyEstimated"":false,""netWgt"":20000,""isNetWgtEstimated"":false,""grossWgt"":0,""isGrossWgtEstimated"":false,""cifvalue"":null,""fobvalue"":58900,""primaryValue"":58900,""legacyEstimationFlag"":0,""isReported"":false,""isAggregate"":true}"
,UN Comtrade,https://comtradeapi.un.org/public/v1/preview/C/A/HS?reporterCode=704&flowCode=X&cmdCode=090111&period=2023&includeDesc=true,2026-05-30T19:13:38.772Z,"{""reporters"":[{""endpoint"":""https://comtradeapi.un.org/public/v1/preview/C/A/HS"",""reporterCode"":704,""reporterISO"":""VNM"",""flowCode"":""X"",""cmdCode"":""090111"",""period"":""2020,2021,2022,2023,2024,2025"",""includeDesc"":true},{""endpoint"":""https://comtradeapi.un.org/public/v1/preview/C/A/HS"",""reporterCode"":76,""reporterISO"":""BRA"",""flowCode"":""X"",""cmdCode"":""090111"",""period"":""2020,2021,2022,2023,2024,2025"",""includeDesc"":true},{""endpoint"":""https://comtradeapi.un.org/public/v1/preview/C/A/HS"",""reporterCode"":360,""reporterISO"":""IDN"",""flowCode"":""X"",""cmdCode"":""090111"",""period"":""2020,2021,2022,2023,2024,2025"",""includeDesc"":true}]}",C,A,20230101,2023,704,VNM,Viet Nam,360,IDN,Indonesia,0,W00,World,X,Export,H6,090111,Coffee; not roasted or decaffeinated,C00,TOTAL CPC,0,TOTAL MOT,8,kg,20113312.686,20113312.686,0,59202443.293,true,false,true,"{""typeCode"":""C"",""freqCode"":""A"",""refPeriodId"":20230101,""refYear"":2023,""refMonth"":52,""period"":""2023"",""reporterCode"":704,""reporterISO"":""VNM"",""reporterDesc"":""Viet Nam"",""flowCode"":""X"",""flowDesc"":""Export"",""partnerCode"":360,""partnerISO"":""IDN"",""partnerDesc"":""Indonesia"",""partner2Code"":0,""partner2ISO"":""W00"",""partner2Desc"":""World"",""classificationCode"":""H6"",""classificationSearchCode"":""HS"",""isOriginalClassification"":true,""cmdCode"":""090111"",""cmdDesc"":""Coffee; not roasted or decaffeinated"",""aggrLevel"":6,""isLeaf"":true,""customsCode"":""C00"",""customsDesc"":""TOTAL CPC"",""mosCode"":""0"",""motCode"":0,""motDesc"":""TOTAL MOT"",""qtyUnitCode"":8,""qtyUnitAbbr"":""kg"",""qty"":20113312.686,""isQtyEstimated"":true,""altQtyUnitCode"":-1,""altQtyUnitAbbr"":""N/A"",""altQty"":0,""isAltQtyEstimated"":false,""netWgt"":20113312.686,""isNetWgtEstimated"":true,""grossWgt"":0,""isGrossWgtEstimated"":false,""cifvalue"":null,""fobvalue"":59202443.293,""primaryValue"":59202443.293,""legacyEstimationFlag"":6,""isReported"":false,""isAggregate"":true}"
,UN Comtrade,https://comtradeapi.un.org/public/v1/preview/C/A/HS?reporterCode=704&flowCode=X&cmdCode=090111&period=2023&includeDesc=true,2026-05-30T19:13:38.772Z,"{""reporters"":[{""endpoint"":""https://comtradeapi.un.org/public/v1/preview/C/A/HS"",""reporterCode"":704,""reporterISO"":""VNM"",""flowCode"":""X"",""cmdCode"":""090111"",""period"":""2020,2021,2022,2023,2024,2025"",""includeDesc"":true},{""endpoint"":""https://comtradeapi.un.org/public/v1/preview/C/A/HS"",""reporterCode"":76,""reporterISO"":""BRA"",""flowCode"":""X"",""cmdCode"":""090111"",""period"":""2020,2021,2022,2023,2024,2025"",""includeDesc"":true},{""endpoint"":""https://comtradeapi.un.org/public/v1/preview/C/A/HS"",""reporterCode"":360,""reporterISO"":""IDN"",""flowCode"":""X"",""cmdCode"":""090111"",""period"":""2020,2021,2022,2023,2024,2025"",""includeDesc"":true}]}",C,A,20230101,2023,704,VNM,Viet Nam,368,IRQ,Iraq,0,W00,World,X,Export,H6,090111,Coffee; not roasted or decaffeinated,C00,TOTAL CPC,0,TOTAL MOT,8,kg,48000,48000,0,109764.702,true,false,true,"{""typeCode"":""C"",""freqCode"":""A"",""refPeriodId"":20230101,""refYear"":2023,""refMonth"":52,""period"":""2023"",""reporterCode"":704,""reporterISO"":""VNM"",""reporterDesc"":""Viet Nam"",""flowCode"":""X"",""flowDesc"":""Export"",""partnerCode"":368,""partnerISO"":""IRQ"",""partnerDesc"":""Iraq"",""partner2Code"":0,""partner2ISO"":""W00"",""partner2Desc"":""World"",""classificationCode"":""H6"",""classificationSearchCode"":""HS"",""isOriginalClassification"":true,""cmdCode"":""090111"",""cmdDesc"":""Coffee; not roasted or decaffeinated"",""aggrLevel"":6,""isLeaf"":true,""customsCode"":""C00"",""customsDesc"":""TOTAL CPC"",""mosCode"":""0"",""motCode"":0,""motDesc"":""TOTAL MOT"",""qtyUnitCode"":8,""qtyUnitAbbr"":""kg"",""qty"":48000,""isQtyEstimated"":false,""altQtyUnitCode"":21,""altQtyUnitAbbr"":""1000 KG"",""altQty"":48,""isAltQtyEstimated"":false,""netWgt"":48000,""isNetWgtEstimated"":false,""grossWgt"":0,""isGrossWgtEstimated"":false,""cifvalue"":null,""fobvalue"":109764.702,""primaryValue"":109764.702,""legacyEstimationFlag"":0,""isReported"":false,""isAggregate"":true}"
,UN Comtrade,https://comtradeapi.un.org/public/v1/preview/C/A/HS?reporterCode=704&flowCode=X&cmdCode=090111&period=2023&includeDesc=true,2026-05-30T19:13:38.772Z,"{""reporters"":[{""endpoint"":""https://comtradeapi.un.org/public/v1/preview/C/A/HS"",""reporterCode"":704,""reporterISO"":""VNM"",""flowCode"":""X"",""cmdCode"":""090111"",""period"":""2020,2021,2022,2023,2024,2025"",""includeDesc"":true},{""endpoint"":""https://comtradeapi.un.org/public/v1/preview/C/A/HS"",""reporterCode"":76,""reporterISO"":""BRA"",""flowCode"":""X"",""cmdCode"":""090111"",""period"":""2020,2021,2022,2023,2024,2025"",""includeDesc"":true},{""endpoint"":""https://comtradeapi.un.org/public/v1/preview/C/A/HS"",""reporterCode"":360,""reporterISO"":""IDN"",""flowCode"":""X"",""cmdCode"":""090111"",""period"":""2020,2021,2022,2023,2024,2025"",""includeDesc"":true}]}",C,A,20230101,2023,704,VNM,Viet Nam,372,IRL,Ireland,0,W00,World,X,Export,H6,090111,Coffee; not roasted or decaffeinated,C00,TOTAL CPC,0,TOTAL MOT,8,kg,598997.538,598997.538,0,2099081.088,true,false,true,"{""typeCode"":""C"",""freqCode"":""A"",""refPeriodId"":20230101,""refYear"":2023,""refMonth"":52,""period"":""2023"",""reporterCode"":704,""reporterISO"":""VNM"",""reporterDesc"":""Viet Nam"",""flowCode"":""X"",""flowDesc"":""Export"",""partnerCode"":372,""partnerISO"":""IRL"",""partnerDesc"":""Ireland"",""partner2Code"":0,""partner2ISO"":""W00"",""partner2Desc"":""World"",""classificationCode"":""H6"",""classificationSearchCode"":""HS"",""isOriginalClassification"":true,""cmdCode"":""090111"",""cmdDesc"":""Coffee; not roasted or decaffeinated"",""aggrLevel"":6,""isLeaf"":true,""customsCode"":""C00"",""customsDesc"":""TOTAL CPC"",""mosCode"":""0"",""motCode"":0,""motDesc"":""TOTAL MOT"",""qtyUnitCode"":8,""qtyUnitAbbr"":""kg"",""qty"":598997.538,""isQtyEstimated"":true,""altQtyUnitCode"":-1,""altQtyUnitAbbr"":""N/A"",""altQty"":0,""isAltQtyEstimated"":false,""netWgt"":598997.538,""isNetWgtEstimated"":true,""grossWgt"":0,""isGrossWgtEstimated"":false,""cifvalue"":null,""fobvalue"":2099081.088,""primaryValue"":2099081.088,""legacyEstimationFlag"":6,""isReported"":false,""isAggregate"":true}"
,UN Comtrade,https://comtradeapi.un.org/public/v1/preview/C/A/HS?reporterCode=704&flowCode=X&cmdCode=090111&period=2023&includeDesc=true,2026-05-30T19:13:38.772Z,"{""reporters"":[{""endpoint"":""https://comtradeapi.un.org/public/v1/preview/C/A/HS"",""reporterCode"":704,""reporterISO"":""VNM"",""flowCode"":""X"",""cmdCode"":""090111"",""period"":""2020,2021,2022,2023,2024,2025"",""includeDesc"":true},{""endpoint"":""https://comtradeapi.un.org/public/v1/preview/C/A/HS"",""reporterCode"":76,""reporterISO"":""BRA"",""flowCode"":""X"",""cmdCode"":""090111"",""period"":""2020,2021,2022,2023,2024,2025"",""includeDesc"":true},{""endpoint"":""https://comtradeapi.un.org/public/v1/preview/C/A/HS"",""reporterCode"":360,""reporterISO"":""IDN"",""flowCode"":""X"",""cmdCode"":""090111"",""period"":""2020,2021,2022,2023,2024,2025"",""includeDesc"":true}]}",C,A,20230101,2023,704,VNM,Viet Nam,376,ISR,Israel,0,W00,World,X,Export,H6,090111,Coffee; not roasted or decaffeinated,C00,TOTAL CPC,0,TOTAL MOT,8,kg,4181229.24,4181229.24,0,13203916.556,true,false,true,"{""typeCode"":""C"",""freqCode"":""A"",""refPeriodId"":20230101,""refYear"":2023,""refMonth"":52,""period"":""2023"",""reporterCode"":704,""reporterISO"":""VNM"",""reporterDesc"":""Viet Nam"",""flowCode"":""X"",""flowDesc"":""Export"",""partnerCode"":376,""partnerISO"":""ISR"",""partnerDesc"":""Israel"",""partner2Code"":0,""partner2ISO"":""W00"",""partner2Desc"":""World"",""classificationCode"":""H6"",""classificationSearchCode"":""HS"",""isOriginalClassification"":true,""cmdCode"":""090111"",""cmdDesc"":""Coffee; not roasted or decaffeinated"",""aggrLevel"":6,""isLeaf"":true,""customsCode"":""C00"",""customsDesc"":""TOTAL CPC"",""mosCode"":""0"",""motCode"":0,""motDesc"":""TOTAL MOT"",""qtyUnitCode"":8,""qtyUnitAbbr"":""kg"",""qty"":4181229.24,""isQtyEstimated"":true,""altQtyUnitCode"":-1,""altQtyUnitAbbr"":""N/A"",""altQty"":0,""isAltQtyEstimated"":false,""netWgt"":4181229.24,""isNetWgtEstimated"":true,""grossWgt"":0,""isGrossWgtEstimated"":false,""cifvalue"":null,""fobvalue"":13203916.556,""primaryValue"":13203916.556,""legacyEstimationFlag"":6,""isReported"":false,""isAggregate"":true}"
,UN Comtrade,https://comtradeapi.un.org/public/v1/preview/C/A/HS?reporterCode=704&flowCode=X&cmdCode=090111&period=2023&includeDesc=true,2026-05-30T19:13:38.772Z,"{""reporters"":[{""endpoint"":""https://comtradeapi.un.org/public/v1/preview/C/A/HS"",""reporterCode"":704,""reporterISO"":""VNM"",""flowCode"":""X"",""cmdCode"":""090111"",""period"":""2020,2021,2022,2023,2024,2025"",""includeDesc"":true},{""endpoint"":""https://comtradeapi.un.org/public/v1/preview/C/A/HS"",""reporterCode"":76,""reporterISO"":""BRA"",""flowCode"":""X"",""cmdCode"":""090111"",""period"":""2020,2021,2022,2023,2024,2025"",""includeDesc"":true},{""endpoint"":""https://comtradeapi.un.org/public/v1/preview/C/A/HS"",""reporterCode"":360,""reporterISO"":""IDN"",""flowCode"":""X"",""cmdCode"":""090111"",""period"":""2020,2021,2022,2023,2024,2025"",""includeDesc"":true}]}",C,A,20230101,2023,704,VNM,Viet Nam,380,ITA,Italy,0,W00,World,X,Export,H6,090111,Coffee; not roasted or decaffeinated,C00,TOTAL CPC,0,TOTAL MOT,8,kg,115835034.321,115835034.321,0,318124614.973,true,false,true,"{""typeCode"":""C"",""freqCode"":""A"",""refPeriodId"":20230101,""refYear"":2023,""refMonth"":52,""period"":""2023"",""reporterCode"":704,""reporterISO"":""VNM"",""reporterDesc"":""Viet Nam"",""flowCode"":""X"",""flowDesc"":""Export"",""partnerCode"":380,""partnerISO"":""ITA"",""partnerDesc"":""Italy"",""partner2Code"":0,""partner2ISO"":""W00"",""partner2Desc"":""World"",""classificationCode"":""H6"",""classificationSearchCode"":""HS"",""isOriginalClassification"":true,""cmdCode"":""090111"",""cmdDesc"":""Coffee; not roasted or decaffeinated"",""aggrLevel"":6,""isLeaf"":true,""customsCode"":""C00"",""customsDesc"":""TOTAL CPC"",""mosCode"":""0"",""motCode"":0,""motDesc"":""TOTAL MOT"",""qtyUnitCode"":8,""qtyUnitAbbr"":""kg"",""qty"":115835034.321,""isQtyEstimated"":true,""altQtyUnitCode"":-1,""altQtyUnitAbbr"":""N/A"",""altQty"":0,""isAltQtyEstimated"":false,""netWgt"":115835034.321,""isNetWgtEstimated"":true,""grossWgt"":0,""isGrossWgtEstimated"":false,""cifvalue"":null,""fobvalue"":318124614.973,""primaryValue"":318124614.973,""legacyEstimationFlag"":6,""isReported"":false,""isAggregate"":true}"
,UN Comtrade,https://comtradeapi.un.org/public/v1/preview/C/A/HS?reporterCode=704&flowCode=X&cmdCode=090111&period=2023&includeDesc=true,2026-05-30T19:13:38.772Z,"{""reporters"":[{""endpoint"":""https://comtradeapi.un.org/public/v1/preview/C/A/HS"",""reporterCode"":704,""reporterISO"":""VNM"",""flowCode"":""X"",""cmdCode"":""090111"",""period"":""2020,2021,2022,2023,2024,2025"",""includeDesc"":true},{""endpoint"":""https://comtradeapi.un.org/public/v1/preview/C/A/HS"",""reporterCode"":76,""reporterISO"":""BRA"",""flowCode"":""X"",""cmdCode"":""090111"",""period"":""2020,2021,2022,2023,2024,2025"",""includeDesc"":true},{""endpoint"":""https://comtradeapi.un.org/public/v1/preview/C/A/HS"",""reporterCode"":360,""reporterISO"":""IDN"",""flowCode"":""X"",""cmdCode"":""090111"",""period"":""2020,2021,2022,2023,2024,2025"",""includeDesc"":true}]}",C,A,20230101,2023,704,VNM,Viet Nam,392,JPN,Japan,0,W00,World,X,Export,H6,090111,Coffee; not roasted or decaffeinated,C00,TOTAL CPC,0,TOTAL MOT,8,kg,76540680.167,76540680.167,0,233694701.733,true,false,true,"{""typeCode"":""C"",""freqCode"":""A"",""refPeriodId"":20230101,""refYear"":2023,""refMonth"":52,""period"":""2023"",""reporterCode"":704,""reporterISO"":""VNM"",""reporterDesc"":""Viet Nam"",""flowCode"":""X"",""flowDesc"":""Export"",""partnerCode"":392,""partnerISO"":""JPN"",""partnerDesc"":""Japan"",""partner2Code"":0,""partner2ISO"":""W00"",""partner2Desc"":""World"",""classificationCode"":""H6"",""classificationSearchCode"":""HS"",""isOriginalClassification"":true,""cmdCode"":""090111"",""cmdDesc"":""Coffee; not roasted or decaffeinated"",""aggrLevel"":6,""isLeaf"":true,""customsCode"":""C00"",""customsDesc"":""TOTAL CPC"",""mosCode"":""0"",""motCode"":0,""motDesc"":""TOTAL MOT"",""qtyUnitCode"":8,""qtyUnitAbbr"":""kg"",""qty"":76540680.167,""isQtyEstimated"":true,""altQtyUnitCode"":-1,""altQtyUnitAbbr"":""N/A"",""altQty"":0,""isAltQtyEstimated"":false,""netWgt"":76540680.167,""isNetWgtEstimated"":true,""grossWgt"":0,""isGrossWgtEstimated"":false,""cifvalue"":null,""fobvalue"":233694701.733,""primaryValue"":233694701.733,""legacyEstimationFlag"":6,""isReported"":false,""isAggregate"":true}"
,UN Comtrade,https://comtradeapi.un.org/public/v1/preview/C/A/HS?reporterCode=704&flowCode=X&cmdCode=090111&period=2023&includeDesc=true,2026-05-30T19:13:38.772Z,"{""reporters"":[{""endpoint"":""https://comtradeapi.un.org/public/v1/preview/C/A/HS"",""reporterCode"":704,""reporterISO"":""VNM"",""flowCode"":""X"",""cmdCode"":""090111"",""period"":""2020,2021,2022,2023,2024,2025"",""includeDesc"":true},{""endpoint"":""https://comtradeapi.un.org/public/v1/preview/C/A/HS"",""reporterCode"":76,""reporterISO"":""BRA"",""flowCode"":""X"",""cmdCode"":""090111"",""period"":""2020,2021,2022,2023,2024,2025"",""includeDesc"":true},{""endpoint"":""https://comtradeapi.un.org/public/v1/preview/C/A/HS"",""reporterCode"":360,""reporterISO"":""IDN"",""flowCode"":""X"",""cmdCode"":""090111"",""period"":""2020,2021,2022,2023,2024,2025"",""includeDesc"":true}]}",C,A,20230101,2023,704,VNM,Viet Nam,410,KOR,Rep. of Korea,0,W00,World,X,Export,H6,090111,Coffee; not roasted or decaffeinated,C00,TOTAL CPC,0,TOTAL MOT,8,kg,24951736.881,24951736.881,0,74619443.776,true,false,true,"{""typeCode"":""C"",""freqCode"":""A"",""refPeriodId"":20230101,""refYear"":2023,""refMonth"":52,""period"":""2023"",""reporterCode"":704,""reporterISO"":""VNM"",""reporterDesc"":""Viet Nam"",""flowCode"":""X"",""flowDesc"":""Export"",""partnerCode"":410,""partnerISO"":""KOR"",""partnerDesc"":""Rep. of Korea"",""partner2Code"":0,""partner2ISO"":""W00"",""partner2Desc"":""World"",""classificationCode"":""H6"",""classificationSearchCode"":""HS"",""isOriginalClassification"":true,""cmdCode"":""090111"",""cmdDesc"":""Coffee; not roasted or decaffeinated"",""aggrLevel"":6,""isLeaf"":true,""customsCode"":""C00"",""customsDesc"":""TOTAL CPC"",""mosCode"":""0"",""motCode"":0,""motDesc"":""TOTAL MOT"",""qtyUnitCode"":8,""qtyUnitAbbr"":""kg"",""qty"":24951736.881,""isQtyEstimated"":true,""altQtyUnitCode"":-1,""altQtyUnitAbbr"":""N/A"",""altQty"":0,""isAltQtyEstimated"":false,""netWgt"":24951736.881,""isNetWgtEstimated"":true,""grossWgt"":0,""isGrossWgtEstimated"":false,""cifvalue"":null,""fobvalue"":74619443.776,""primaryValue"":74619443.776,""legacyEstimationFlag"":6,""isReported"":false,""isAggregate"":true}"
,UN Comtrade,https://comtradeapi.un.org/public/v1/preview/C/A/HS?reporterCode=704&flowCode=X&cmdCode=090111&period=2023&includeDesc=true,2026-05-30T19:13:38.772Z,"{""reporters"":[{""endpoint"":""https://comtradeapi.un.org/public/v1/preview/C/A/HS"",""reporterCode"":704,""reporterISO"":""VNM"",""flowCode"":""X"",""cmdCode"":""090111"",""period"":""2020,2021,2022,2023,2024,2025"",""includeDesc"":true},{""endpoint"":""https://comtradeapi.un.org/public/v1/preview/C/A/HS"",""reporterCode"":76,""reporterISO"":""BRA"",""flowCode"":""X"",""cmdCode"":""090111"",""period"":""2020,2021,2022,2023,2024,2025"",""includeDesc"":true},{""endpoint"":""https://comtradeapi.un.org/public/v1/preview/C/A/HS"",""reporterCode"":360,""reporterISO"":""IDN"",""flowCode"":""X"",""cmdCode"":""090111"",""period"":""2020,2021,2022,2023,2024,2025"",""includeDesc"":true}]}",C,A,20230101,2023,704,VNM,Viet Nam,414,KWT,Kuwait,0,W00,World,X,Export,H6,090111,Coffee; not roasted or decaffeinated,C00,TOTAL CPC,0,TOTAL MOT,8,kg,522017.488,522017.488,0,1551813.7,true,false,true,"{""typeCode"":""C"",""freqCode"":""A"",""refPeriodId"":20230101,""refYear"":2023,""refMonth"":52,""period"":""2023"",""reporterCode"":704,""reporterISO"":""VNM"",""reporterDesc"":""Viet Nam"",""flowCode"":""X"",""flowDesc"":""Export"",""partnerCode"":414,""partnerISO"":""KWT"",""partnerDesc"":""Kuwait"",""partner2Code"":0,""partner2ISO"":""W00"",""partner2Desc"":""World"",""classificationCode"":""H6"",""classificationSearchCode"":""HS"",""isOriginalClassification"":true,""cmdCode"":""090111"",""cmdDesc"":""Coffee; not roasted or decaffeinated"",""aggrLevel"":6,""isLeaf"":true,""customsCode"":""C00"",""customsDesc"":""TOTAL CPC"",""mosCode"":""0"",""motCode"":0,""motDesc"":""TOTAL MOT"",""qtyUnitCode"":8,""qtyUnitAbbr"":""kg"",""qty"":522017.488,""isQtyEstimated"":true,""altQtyUnitCode"":-1,""altQtyUnitAbbr"":""N/A"",""altQty"":0,""isAltQtyEstimated"":false,""netWgt"":522017.488,""isNetWgtEstimated"":true,""grossWgt"":0,""isGrossWgtEstimated"":false,""cifvalue"":null,""fobvalue"":1551813.7,""primaryValue"":1551813.7,""legacyEstimationFlag"":6,""isReported"":false,""isAggregate"":true}"
,UN Comtrade,https://comtradeapi.un.org/public/v1/preview/C/A/HS?reporterCode=704&flowCode=X&cmdCode=090111&period=2023&includeDesc=true,2026-05-30T19:13:38.772Z,"{""reporters"":[{""endpoint"":""https://comtradeapi.un.org/public/v1/preview/C/A/HS"",""reporterCode"":704,""reporterISO"":""VNM"",""flowCode"":""X"",""cmdCode"":""090111"",""period"":""2020,2021,2022,2023,2024,2025"",""includeDesc"":true},{""endpoint"":""https://comtradeapi.un.org/public/v1/preview/C/A/HS"",""reporterCode"":76,""reporterISO"":""BRA"",""flowCode"":""X"",""cmdCode"":""090111"",""period"":""2020,2021,2022,2023,2024,2025"",""includeDesc"":true},{""endpoint"":""https://comtradeapi.un.org/public/v1/preview/C/A/HS"",""reporterCode"":360,""reporterISO"":""IDN"",""flowCode"":""X"",""cmdCode"":""090111"",""period"":""2020,2021,2022,2023,2024,2025"",""includeDesc"":true}]}",C,A,20230101,2023,704,VNM,Viet Nam,418,LAO,Lao People's Dem. Rep.,0,W00,World,X,Export,H6,090111,Coffee; not roasted or decaffeinated,C00,TOTAL CPC,0,TOTAL MOT,8,kg,20000,20000,0,41580.041,true,false,true,"{""typeCode"":""C"",""freqCode"":""A"",""refPeriodId"":20230101,""refYear"":2023,""refMonth"":52,""period"":""2023"",""reporterCode"":704,""reporterISO"":""VNM"",""reporterDesc"":""Viet Nam"",""flowCode"":""X"",""flowDesc"":""Export"",""partnerCode"":418,""partnerISO"":""LAO"",""partnerDesc"":""Lao People's Dem. Rep."",""partner2Code"":0,""partner2ISO"":""W00"",""partner2Desc"":""World"",""classificationCode"":""H6"",""classificationSearchCode"":""HS"",""isOriginalClassification"":true,""cmdCode"":""090111"",""cmdDesc"":""Coffee; not roasted or decaffeinated"",""aggrLevel"":6,""isLeaf"":true,""customsCode"":""C00"",""customsDesc"":""TOTAL CPC"",""mosCode"":""0"",""motCode"":0,""motDesc"":""TOTAL MOT"",""qtyUnitCode"":8,""qtyUnitAbbr"":""kg"",""qty"":20000,""isQtyEstimated"":false,""altQtyUnitCode"":21,""altQtyUnitAbbr"":""1000 KG"",""altQty"":20,""isAltQtyEstimated"":false,""netWgt"":20000,""isNetWgtEstimated"":false,""grossWgt"":0,""isGrossWgtEstimated"":false,""cifvalue"":null,""fobvalue"":41580.041,""primaryValue"":41580.041,""legacyEstimationFlag"":0,""isReported"":false,""isAggregate"":true}"
,UN Comtrade,https://comtradeapi.un.org/public/v1/preview/C/A/HS?reporterCode=704&flowCode=X&cmdCode=090111&period=2023&includeDesc=true,2026-05-30T19:13:38.772Z,"{""reporters"":[{""endpoint"":""https://comtradeapi.un.org/public/v1/preview/C/A/HS"",""reporterCode"":704,""reporterISO"":""VNM"",""flowCode"":""X"",""cmdCode"":""090111"",""period"":""2020,2021,2022,2023,2024,2025"",""includeDesc"":true},{""endpoint"":""https://comtradeapi.un.org/public/v1/preview/C/A/HS"",""reporterCode"":76,""reporterISO"":""BRA"",""flowCode"":""X"",""cmdCode"":""090111"",""period"":""2020,2021,2022,2023,2024,2025"",""includeDesc"":true},{""endpoint"":""https://comtradeapi.un.org/public/v1/preview/C/A/HS"",""reporterCode"":360,""reporterISO"":""IDN"",""flowCode"":""X"",""cmdCode"":""090111"",""period"":""2020,2021,2022,2023,2024,2025"",""includeDesc"":true}]}",C,A,20230101,2023,704,VNM,Viet Nam,428,LVA,Latvia,0,W00,World,X,Export,H6,090111,Coffee; not roasted or decaffeinated,C00,TOTAL CPC,0,TOTAL MOT,8,kg,1340000,1340000,0,2501180,true,false,true,"{""typeCode"":""C"",""freqCode"":""A"",""refPeriodId"":20230101,""refYear"":2023,""refMonth"":52,""period"":""2023"",""reporterCode"":704,""reporterISO"":""VNM"",""reporterDesc"":""Viet Nam"",""flowCode"":""X"",""flowDesc"":""Export"",""partnerCode"":428,""partnerISO"":""LVA"",""partnerDesc"":""Latvia"",""partner2Code"":0,""partner2ISO"":""W00"",""partner2Desc"":""World"",""classificationCode"":""H6"",""classificationSearchCode"":""HS"",""isOriginalClassification"":true,""cmdCode"":""090111"",""cmdDesc"":""Coffee; not roasted or decaffeinated"",""aggrLevel"":6,""isLeaf"":true,""customsCode"":""C00"",""customsDesc"":""TOTAL CPC"",""mosCode"":""0"",""motCode"":0,""motDesc"":""TOTAL MOT"",""qtyUnitCode"":8,""qtyUnitAbbr"":""kg"",""qty"":1340000,""isQtyEstimated"":false,""altQtyUnitCode"":21,""altQtyUnitAbbr"":""1000 KG"",""altQty"":1340,""isAltQtyEstimated"":false,""netWgt"":1340000,""isNetWgtEstimated"":false,""grossWgt"":0,""isGrossWgtEstimated"":false,""cifvalue"":null,""fobvalue"":2501180,""primaryValue"":2501180,""legacyEstimationFlag"":0,""isReported"":false,""isAggregate"":true}"
,UN Comtrade,https://comtradeapi.un.org/public/v1/preview/C/A/HS?reporterCode=704&flowCode=X&cmdCode=090111&period=2023&includeDesc=true,2026-05-30T19:13:38.772Z,"{""reporters"":[{""endpoint"":""https://comtradeapi.un.org/public/v1/preview/C/A/HS"",""reporterCode"":704,""reporterISO"":""VNM"",""flowCode"":""X"",""cmdCode"":""090111"",""period"":""2020,2021,2022,2023,2024,2025"",""includeDesc"":true},{""endpoint"":""https://comtradeapi.un.org/public/v1/preview/C/A/HS"",""reporterCode"":76,""reporterISO"":""BRA"",""flowCode"":""X"",""cmdCode"":""090111"",""period"":""2020,2021,2022,2023,2024,2025"",""includeDesc"":true},{""endpoint"":""https://comtradeapi.un.org/public/v1/preview/C/A/HS"",""reporterCode"":360,""reporterISO"":""IDN"",""flowCode"":""X"",""cmdCode"":""090111"",""period"":""2020,2021,2022,2023,2024,2025"",""includeDesc"":true}]}",C,A,20230101,2023,704,VNM,Viet Nam,440,LTU,Lithuania,0,W00,World,X,Export,H6,090111,Coffee; not roasted or decaffeinated,C00,TOTAL CPC,0,TOTAL MOT,8,kg,467991.243,467991.243,0,1486218.3,true,false,true,"{""typeCode"":""C"",""freqCode"":""A"",""refPeriodId"":20230101,""refYear"":2023,""refMonth"":52,""period"":""2023"",""reporterCode"":704,""reporterISO"":""VNM"",""reporterDesc"":""Viet Nam"",""flowCode"":""X"",""flowDesc"":""Export"",""partnerCode"":440,""partnerISO"":""LTU"",""partnerDesc"":""Lithuania"",""partner2Code"":0,""partner2ISO"":""W00"",""partner2Desc"":""World"",""classificationCode"":""H6"",""classificationSearchCode"":""HS"",""isOriginalClassification"":true,""cmdCode"":""090111"",""cmdDesc"":""Coffee; not roasted or decaffeinated"",""aggrLevel"":6,""isLeaf"":true,""customsCode"":""C00"",""customsDesc"":""TOTAL CPC"",""mosCode"":""0"",""motCode"":0,""motDesc"":""TOTAL MOT"",""qtyUnitCode"":8,""qtyUnitAbbr"":""kg"",""qty"":467991.243,""isQtyEstimated"":true,""altQtyUnitCode"":-1,""altQtyUnitAbbr"":""N/A"",""altQty"":0,""isAltQtyEstimated"":false,""netWgt"":467991.243,""isNetWgtEstimated"":true,""grossWgt"":0,""isGrossWgtEstimated"":false,""cifvalue"":null,""fobvalue"":1486218.3,""primaryValue"":1486218.3,""legacyEstimationFlag"":6,""isReported"":false,""isAggregate"":true}"
,UN Comtrade,https://comtradeapi.un.org/public/v1/preview/C/A/HS?reporterCode=704&flowCode=X&cmdCode=090111&period=2023&includeDesc=true,2026-05-30T19:13:38.772Z,"{""reporters"":[{""endpoint"":""https://comtradeapi.un.org/public/v1/preview/C/A/HS"",""reporterCode"":704,""reporterISO"":""VNM"",""flowCode"":""X"",""cmdCode"":""090111"",""period"":""2020,2021,2022,2023,2024,2025"",""includeDesc"":true},{""endpoint"":""https://comtradeapi.un.org/public/v1/preview/C/A/HS"",""reporterCode"":76,""reporterISO"":""BRA"",""flowCode"":""X"",""cmdCode"":""090111"",""period"":""2020,2021,2022,2023,2024,2025"",""includeDesc"":true},{""endpoint"":""https://comtradeapi.un.org/public/v1/preview/C/A/HS"",""reporterCode"":360,""reporterISO"":""IDN"",""flowCode"":""X"",""cmdCode"":""090111"",""period"":""2020,2021,2022,2023,2024,2025"",""includeDesc"":true}]}",C,A,20230101,2023,704,VNM,Viet Nam,458,MYS,Malaysia,0,W00,World,X,Export,H6,090111,Coffee; not roasted or decaffeinated,C00,TOTAL CPC,0,TOTAL MOT,8,kg,13427433.296,13427433.296,0,41295639.691,true,false,true,"{""typeCode"":""C"",""freqCode"":""A"",""refPeriodId"":20230101,""refYear"":2023,""refMonth"":52,""period"":""2023"",""reporterCode"":704,""reporterISO"":""VNM"",""reporterDesc"":""Viet Nam"",""flowCode"":""X"",""flowDesc"":""Export"",""partnerCode"":458,""partnerISO"":""MYS"",""partnerDesc"":""Malaysia"",""partner2Code"":0,""partner2ISO"":""W00"",""partner2Desc"":""World"",""classificationCode"":""H6"",""classificationSearchCode"":""HS"",""isOriginalClassification"":true,""cmdCode"":""090111"",""cmdDesc"":""Coffee; not roasted or decaffeinated"",""aggrLevel"":6,""isLeaf"":true,""customsCode"":""C00"",""customsDesc"":""TOTAL CPC"",""mosCode"":""0"",""motCode"":0,""motDesc"":""TOTAL MOT"",""qtyUnitCode"":8,""qtyUnitAbbr"":""kg"",""qty"":13427433.296,""isQtyEstimated"":true,""altQtyUnitCode"":-1,""altQtyUnitAbbr"":""N/A"",""altQty"":0,""isAltQtyEstimated"":false,""netWgt"":13427433.296,""isNetWgtEstimated"":true,""grossWgt"":0,""isGrossWgtEstimated"":false,""cifvalue"":null,""fobvalue"":41295639.691,""primaryValue"":41295639.691,""legacyEstimationFlag"":6,""isReported"":false,""isAggregate"":true}"
,UN Comtrade,https://comtradeapi.un.org/public/v1/preview/C/A/HS?reporterCode=704&flowCode=X&cmdCode=090111&period=2023&includeDesc=true,2026-05-30T19:13:38.772Z,"{""reporters"":[{""endpoint"":""https://comtradeapi.un.org/public/v1/preview/C/A/HS"",""reporterCode"":704,""reporterISO"":""VNM"",""flowCode"":""X"",""cmdCode"":""090111"",""period"":""2020,2021,2022,2023,2024,2025"",""includeDesc"":true},{""endpoint"":""https://comtradeapi.un.org/public/v1/preview/C/A/HS"",""reporterCode"":76,""reporterISO"":""BRA"",""flowCode"":""X"",""cmdCode"":""090111"",""period"":""2020,2021,2022,2023,2024,2025"",""includeDesc"":true},{""endpoint"":""https://comtradeapi.un.org/public/v1/preview/C/A/HS"",""reporterCode"":360,""reporterISO"":""IDN"",""flowCode"":""X"",""cmdCode"":""090111"",""period"":""2020,2021,2022,2023,2024,2025"",""includeDesc"":true}]}",C,A,20230101,2023,704,VNM,Viet Nam,484,MEX,Mexico,0,W00,World,X,Export,H6,090111,Coffee; not roasted or decaffeinated,C00,TOTAL CPC,0,TOTAL MOT,8,kg,25152606.625,25152606.625,0,65831366.102,true,false,true,"{""typeCode"":""C"",""freqCode"":""A"",""refPeriodId"":20230101,""refYear"":2023,""refMonth"":52,""period"":""2023"",""reporterCode"":704,""reporterISO"":""VNM"",""reporterDesc"":""Viet Nam"",""flowCode"":""X"",""flowDesc"":""Export"",""partnerCode"":484,""partnerISO"":""MEX"",""partnerDesc"":""Mexico"",""partner2Code"":0,""partner2ISO"":""W00"",""partner2Desc"":""World"",""classificationCode"":""H6"",""classificationSearchCode"":""HS"",""isOriginalClassification"":true,""cmdCode"":""090111"",""cmdDesc"":""Coffee; not roasted or decaffeinated"",""aggrLevel"":6,""isLeaf"":true,""customsCode"":""C00"",""customsDesc"":""TOTAL CPC"",""mosCode"":""0"",""motCode"":0,""motDesc"":""TOTAL MOT"",""qtyUnitCode"":8,""qtyUnitAbbr"":""kg"",""qty"":25152606.625,""isQtyEstimated"":true,""altQtyUnitCode"":-1,""altQtyUnitAbbr"":""N/A"",""altQty"":0,""isAltQtyEstimated"":false,""netWgt"":25152606.625,""isNetWgtEstimated"":true,""grossWgt"":0,""isGrossWgtEstimated"":false,""cifvalue"":null,""fobvalue"":65831366.102,""primaryValue"":65831366.102,""legacyEstimationFlag"":6,""isReported"":false,""isAggregate"":true}"
,UN Comtrade,https://comtradeapi.un.org/public/v1/preview/C/A/HS?reporterCode=704&flowCode=X&cmdCode=090111&period=2023&includeDesc=true,2026-05-30T19:13:38.772Z,"{""reporters"":[{""endpoint"":""https://comtradeapi.un.org/public/v1/preview/C/A/HS"",""reporterCode"":704,""reporterISO"":""VNM"",""flowCode"":""X"",""cmdCode"":""090111"",""period"":""2020,2021,2022,2023,2024,2025"",""includeDesc"":true},{""endpoint"":""https://comtradeapi.un.org/public/v1/preview/C/A/HS"",""reporterCode"":76,""reporterISO"":""BRA"",""flowCode"":""X"",""cmdCode"":""090111"",""period"":""2020,2021,2022,2023,2024,2025"",""includeDesc"":true},{""endpoint"":""https://comtradeapi.un.org/public/v1/preview/C/A/HS"",""reporterCode"":360,""reporterISO"":""IDN"",""flowCode"":""X"",""cmdCode"":""090111"",""period"":""2020,2021,2022,2023,2024,2025"",""includeDesc"":true}]}",C,A,20230101,2023,704,VNM,Viet Nam,490,S19,"Other Asia, nes",0,W00,World,X,Export,H6,090111,Coffee; not roasted or decaffeinated,C00,TOTAL CPC,0,TOTAL MOT,8,kg,962228.854,962228.854,0,3072372.714,true,false,true,"{""typeCode"":""C"",""freqCode"":""A"",""refPeriodId"":20230101,""refYear"":2023,""refMonth"":52,""period"":""2023"",""reporterCode"":704,""reporterISO"":""VNM"",""reporterDesc"":""Viet Nam"",""flowCode"":""X"",""flowDesc"":""Export"",""partnerCode"":490,""partnerISO"":""S19"",""partnerDesc"":""Other Asia, nes"",""partner2Code"":0,""partner2ISO"":""W00"",""partner2Desc"":""World"",""classificationCode"":""H6"",""classificationSearchCode"":""HS"",""isOriginalClassification"":true,""cmdCode"":""090111"",""cmdDesc"":""Coffee; not roasted or decaffeinated"",""aggrLevel"":6,""isLeaf"":true,""customsCode"":""C00"",""customsDesc"":""TOTAL CPC"",""mosCode"":""0"",""motCode"":0,""motDesc"":""TOTAL MOT"",""qtyUnitCode"":8,""qtyUnitAbbr"":""kg"",""qty"":962228.854,""isQtyEstimated"":true,""altQtyUnitCode"":-1,""altQtyUnitAbbr"":""N/A"",""altQty"":0,""isAltQtyEstimated"":false,""netWgt"":962228.854,""isNetWgtEstimated"":true,""grossWgt"":0,""isGrossWgtEstimated"":false,""cifvalue"":null,""fobvalue"":3072372.714,""primaryValue"":3072372.714,""legacyEstimationFlag"":6,""isReported"":false,""isAggregate"":true}"
,UN Comtrade,https://comtradeapi.un.org/public/v1/preview/C/A/HS?reporterCode=704&flowCode=X&cmdCode=090111&period=2023&includeDesc=true,2026-05-30T19:13:38.772Z,"{""reporters"":[{""endpoint"":""https://comtradeapi.un.org/public/v1/preview/C/A/HS"",""reporterCode"":704,""reporterISO"":""VNM"",""flowCode"":""X"",""cmdCode"":""090111"",""period"":""2020,2021,2022,2023,2024,2025"",""includeDesc"":true},{""endpoint"":""https://comtradeapi.un.org/public/v1/preview/C/A/HS"",""reporterCode"":76,""reporterISO"":""BRA"",""flowCode"":""X"",""cmdCode"":""090111"",""period"":""2020,2021,2022,2023,2024,2025"",""includeDesc"":true},{""endpoint"":""https://comtradeapi.un.org/public/v1/preview/C/A/HS"",""reporterCode"":360,""reporterISO"":""IDN"",""flowCode"":""X"",""cmdCode"":""090111"",""period"":""2020,2021,2022,2023,2024,2025"",""includeDesc"":true}]}",C,A,20230101,2023,704,VNM,Viet Nam,504,MAR,Morocco,0,W00,World,X,Export,H6,090111,Coffee; not roasted or decaffeinated,C00,TOTAL CPC,0,TOTAL MOT,8,kg,5970354.455,5970354.455,0,18122139.648,true,false,true,"{""typeCode"":""C"",""freqCode"":""A"",""refPeriodId"":20230101,""refYear"":2023,""refMonth"":52,""period"":""2023"",""reporterCode"":704,""reporterISO"":""VNM"",""reporterDesc"":""Viet Nam"",""flowCode"":""X"",""flowDesc"":""Export"",""partnerCode"":504,""partnerISO"":""MAR"",""partnerDesc"":""Morocco"",""partner2Code"":0,""partner2ISO"":""W00"",""partner2Desc"":""World"",""classificationCode"":""H6"",""classificationSearchCode"":""HS"",""isOriginalClassification"":true,""cmdCode"":""090111"",""cmdDesc"":""Coffee; not roasted or decaffeinated"",""aggrLevel"":6,""isLeaf"":true,""customsCode"":""C00"",""customsDesc"":""TOTAL CPC"",""mosCode"":""0"",""motCode"":0,""motDesc"":""TOTAL MOT"",""qtyUnitCode"":8,""qtyUnitAbbr"":""kg"",""qty"":5970354.455,""isQtyEstimated"":true,""altQtyUnitCode"":-1,""altQtyUnitAbbr"":""N/A"",""altQty"":0,""isAltQtyEstimated"":false,""netWgt"":5970354.455,""isNetWgtEstimated"":true,""grossWgt"":0,""isGrossWgtEstimated"":false,""cifvalue"":null,""fobvalue"":18122139.648,""primaryValue"":18122139.648,""legacyEstimationFlag"":6,""isReported"":false,""isAggregate"":true}"
,UN Comtrade,https://comtradeapi.un.org/public/v1/preview/C/A/HS?reporterCode=704&flowCode=X&cmdCode=090111&period=2023&includeDesc=true,2026-05-30T19:13:38.772Z,"{""reporters"":[{""endpoint"":""https://comtradeapi.un.org/public/v1/preview/C/A/HS"",""reporterCode"":704,""reporterISO"":""VNM"",""flowCode"":""X"",""cmdCode"":""090111"",""period"":""2020,2021,2022,2023,2024,2025"",""includeDesc"":true},{""endpoint"":""https://comtradeapi.un.org/public/v1/preview/C/A/HS"",""reporterCode"":76,""reporterISO"":""BRA"",""flowCode"":""X"",""cmdCode"":""090111"",""period"":""2020,2021,2022,2023,2024,2025"",""includeDesc"":true},{""endpoint"":""https://comtradeapi.un.org/public/v1/preview/C/A/HS"",""reporterCode"":360,""reporterISO"":""IDN"",""flowCode"":""X"",""cmdCode"":""090111"",""period"":""2020,2021,2022,2023,2024,2025"",""includeDesc"":true}]}",C,A,20230101,2023,704,VNM,Viet Nam,528,NLD,Netherlands,0,W00,World,X,Export,H6,090111,Coffee; not roasted or decaffeinated,C00,TOTAL CPC,0,TOTAL MOT,8,kg,38337065.693,38337065.693,0,107551088.779,true,false,true,"{""typeCode"":""C"",""freqCode"":""A"",""refPeriodId"":20230101,""refYear"":2023,""refMonth"":52,""period"":""2023"",""reporterCode"":704,""reporterISO"":""VNM"",""reporterDesc"":""Viet Nam"",""flowCode"":""X"",""flowDesc"":""Export"",""partnerCode"":528,""partnerISO"":""NLD"",""partnerDesc"":""Netherlands"",""partner2Code"":0,""partner2ISO"":""W00"",""partner2Desc"":""World"",""classificationCode"":""H6"",""classificationSearchCode"":""HS"",""isOriginalClassification"":true,""cmdCode"":""090111"",""cmdDesc"":""Coffee; not roasted or decaffeinated"",""aggrLevel"":6,""isLeaf"":true,""customsCode"":""C00"",""customsDesc"":""TOTAL CPC"",""mosCode"":""0"",""motCode"":0,""motDesc"":""TOTAL MOT"",""qtyUnitCode"":8,""qtyUnitAbbr"":""kg"",""qty"":38337065.693,""isQtyEstimated"":true,""altQtyUnitCode"":-1,""altQtyUnitAbbr"":""N/A"",""altQty"":0,""isAltQtyEstimated"":false,""netWgt"":38337065.693,""isNetWgtEstimated"":true,""grossWgt"":0,""isGrossWgtEstimated"":false,""cifvalue"":null,""fobvalue"":107551088.779,""primaryValue"":107551088.779,""legacyEstimationFlag"":6,""isReported"":false,""isAggregate"":true}"
,UN Comtrade,https://comtradeapi.un.org/public/v1/preview/C/A/HS?reporterCode=704&flowCode=X&cmdCode=090111&period=2023&includeDesc=true,2026-05-30T19:13:38.772Z,"{""reporters"":[{""endpoint"":""https://comtradeapi.un.org/public/v1/preview/C/A/HS"",""reporterCode"":704,""reporterISO"":""VNM"",""flowCode"":""X"",""cmdCode"":""090111"",""period"":""2020,2021,2022,2023,2024,2025"",""includeDesc"":true},{""endpoint"":""https://comtradeapi.un.org/public/v1/preview/C/A/HS"",""reporterCode"":76,""reporterISO"":""BRA"",""flowCode"":""X"",""cmdCode"":""090111"",""period"":""2020,2021,2022,2023,2024,2025"",""includeDesc"":true},{""endpoint"":""https://comtradeapi.un.org/public/v1/preview/C/A/HS"",""reporterCode"":360,""reporterISO"":""IDN"",""flowCode"":""X"",""cmdCode"":""090111"",""period"":""2020,2021,2022,2023,2024,2025"",""includeDesc"":true}]}",C,A,20230101,2023,704,VNM,Viet Nam,554,NZL,New Zealand,0,W00,World,X,Export,H6,090111,Coffee; not roasted or decaffeinated,C00,TOTAL CPC,0,TOTAL MOT,8,kg,1172590.078,1172590.078,0,3398963.902,true,false,true,"{""typeCode"":""C"",""freqCode"":""A"",""refPeriodId"":20230101,""refYear"":2023,""refMonth"":52,""period"":""2023"",""reporterCode"":704,""reporterISO"":""VNM"",""reporterDesc"":""Viet Nam"",""flowCode"":""X"",""flowDesc"":""Export"",""partnerCode"":554,""partnerISO"":""NZL"",""partnerDesc"":""New Zealand"",""partner2Code"":0,""partner2ISO"":""W00"",""partner2Desc"":""World"",""classificationCode"":""H6"",""classificationSearchCode"":""HS"",""isOriginalClassification"":true,""cmdCode"":""090111"",""cmdDesc"":""Coffee; not roasted or decaffeinated"",""aggrLevel"":6,""isLeaf"":true,""customsCode"":""C00"",""customsDesc"":""TOTAL CPC"",""mosCode"":""0"",""motCode"":0,""motDesc"":""TOTAL MOT"",""qtyUnitCode"":8,""qtyUnitAbbr"":""kg"",""qty"":1172590.078,""isQtyEstimated"":true,""altQtyUnitCode"":-1,""altQtyUnitAbbr"":""N/A"",""altQty"":0,""isAltQtyEstimated"":false,""netWgt"":1172590.078,""isNetWgtEstimated"":true,""grossWgt"":0,""isGrossWgtEstimated"":false,""cifvalue"":null,""fobvalue"":3398963.902,""primaryValue"":3398963.902,""legacyEstimationFlag"":6,""isReported"":false,""isAggregate"":true}"
,UN Comtrade,https://comtradeapi.un.org/public/v1/preview/C/A/HS?reporterCode=704&flowCode=X&cmdCode=090111&period=2023&includeDesc=true,2026-05-30T19:13:38.772Z,"{""reporters"":[{""endpoint"":""https://comtradeapi.un.org/public/v1/preview/C/A/HS"",""reporterCode"":704,""reporterISO"":""VNM"",""flowCode"":""X"",""cmdCode"":""090111"",""period"":""2020,2021,2022,2023,2024,2025"",""includeDesc"":true},{""endpoint"":""https://comtradeapi.un.org/public/v1/preview/C/A/HS"",""reporterCode"":76,""reporterISO"":""BRA"",""flowCode"":""X"",""cmdCode"":""090111"",""period"":""2020,2021,2022,2023,2024,2025"",""includeDesc"":true},{""endpoint"":""https://comtradeapi.un.org/public/v1/preview/C/A/HS"",""reporterCode"":360,""reporterISO"":""IDN"",""flowCode"":""X"",""cmdCode"":""090111"",""period"":""2020,2021,2022,2023,2024,2025"",""includeDesc"":true}]}",C,A,20230101,2023,704,VNM,Viet Nam,579,NOR,Norway,0,W00,World,X,Export,H6,090111,Coffee; not roasted or decaffeinated,C00,TOTAL CPC,0,TOTAL MOT,8,kg,199713.863,199713.863,0,493208.354,true,false,true,"{""typeCode"":""C"",""freqCode"":""A"",""refPeriodId"":20230101,""refYear"":2023,""refMonth"":52,""period"":""2023"",""reporterCode"":704,""reporterISO"":""VNM"",""reporterDesc"":""Viet Nam"",""flowCode"":""X"",""flowDesc"":""Export"",""partnerCode"":579,""partnerISO"":""NOR"",""partnerDesc"":""Norway"",""partner2Code"":0,""partner2ISO"":""W00"",""partner2Desc"":""World"",""classificationCode"":""H6"",""classificationSearchCode"":""HS"",""isOriginalClassification"":true,""cmdCode"":""090111"",""cmdDesc"":""Coffee; not roasted or decaffeinated"",""aggrLevel"":6,""isLeaf"":true,""customsCode"":""C00"",""customsDesc"":""TOTAL CPC"",""mosCode"":""0"",""motCode"":0,""motDesc"":""TOTAL MOT"",""qtyUnitCode"":8,""qtyUnitAbbr"":""kg"",""qty"":199713.863,""isQtyEstimated"":true,""altQtyUnitCode"":-1,""altQtyUnitAbbr"":""N/A"",""altQty"":0,""isAltQtyEstimated"":false,""netWgt"":199713.863,""isNetWgtEstimated"":true,""grossWgt"":0,""isGrossWgtEstimated"":false,""cifvalue"":null,""fobvalue"":493208.354,""primaryValue"":493208.354,""legacyEstimationFlag"":6,""isReported"":false,""isAggregate"":true}"
,UN Comtrade,https://comtradeapi.un.org/public/v1/preview/C/A/HS?reporterCode=704&flowCode=X&cmdCode=090111&period=2023&includeDesc=true,2026-05-30T19:13:38.772Z,"{""reporters"":[{""endpoint"":""https://comtradeapi.un.org/public/v1/preview/C/A/HS"",""reporterCode"":704,""reporterISO"":""VNM"",""flowCode"":""X"",""cmdCode"":""090111"",""period"":""2020,2021,2022,2023,2024,2025"",""includeDesc"":true},{""endpoint"":""https://comtradeapi.un.org/public/v1/preview/C/A/HS"",""reporterCode"":76,""reporterISO"":""BRA"",""flowCode"":""X"",""cmdCode"":""090111"",""period"":""2020,2021,2022,2023,2024,2025"",""includeDesc"":true},{""endpoint"":""https://comtradeapi.un.org/public/v1/preview/C/A/HS"",""reporterCode"":360,""reporterISO"":""IDN"",""flowCode"":""X"",""cmdCode"":""090111"",""period"":""2020,2021,2022,2023,2024,2025"",""includeDesc"":true}]}",C,A,20230101,2023,704,VNM,Viet Nam,608,PHL,Philippines,0,W00,World,X,Export,H6,090111,Coffee; not roasted or decaffeinated,C00,TOTAL CPC,0,TOTAL MOT,8,kg,23722354.773,23722354.773,0,79074884.812,true,false,true,"{""typeCode"":""C"",""freqCode"":""A"",""refPeriodId"":20230101,""refYear"":2023,""refMonth"":52,""period"":""2023"",""reporterCode"":704,""reporterISO"":""VNM"",""reporterDesc"":""Viet Nam"",""flowCode"":""X"",""flowDesc"":""Export"",""partnerCode"":608,""partnerISO"":""PHL"",""partnerDesc"":""Philippines"",""partner2Code"":0,""partner2ISO"":""W00"",""partner2Desc"":""World"",""classificationCode"":""H6"",""classificationSearchCode"":""HS"",""isOriginalClassification"":true,""cmdCode"":""090111"",""cmdDesc"":""Coffee; not roasted or decaffeinated"",""aggrLevel"":6,""isLeaf"":true,""customsCode"":""C00"",""customsDesc"":""TOTAL CPC"",""mosCode"":""0"",""motCode"":0,""motDesc"":""TOTAL MOT"",""qtyUnitCode"":8,""qtyUnitAbbr"":""kg"",""qty"":23722354.773,""isQtyEstimated"":true,""altQtyUnitCode"":-1,""altQtyUnitAbbr"":""N/A"",""altQty"":0,""isAltQtyEstimated"":false,""netWgt"":23722354.773,""isNetWgtEstimated"":true,""grossWgt"":0,""isGrossWgtEstimated"":false,""cifvalue"":null,""fobvalue"":79074884.812,""primaryValue"":79074884.812,""legacyEstimationFlag"":6,""isReported"":false,""isAggregate"":true}"
,UN Comtrade,https://comtradeapi.un.org/public/v1/preview/C/A/HS?reporterCode=704&flowCode=X&cmdCode=090111&period=2023&includeDesc=true,2026-05-30T19:13:38.772Z,"{""reporters"":[{""endpoint"":""https://comtradeapi.un.org/public/v1/preview/C/A/HS"",""reporterCode"":704,""reporterISO"":""VNM"",""flowCode"":""X"",""cmdCode"":""090111"",""period"":""2020,2021,2022,2023,2024,2025"",""includeDesc"":true},{""endpoint"":""https://comtradeapi.un.org/public/v1/preview/C/A/HS"",""reporterCode"":76,""reporterISO"":""BRA"",""flowCode"":""X"",""cmdCode"":""090111"",""period"":""2020,2021,2022,2023,2024,2025"",""includeDesc"":true},{""endpoint"":""https://comtradeapi.un.org/public/v1/preview/C/A/HS"",""reporterCode"":360,""reporterISO"":""IDN"",""flowCode"":""X"",""cmdCode"":""090111"",""period"":""2020,2021,2022,2023,2024,2025"",""includeDesc"":true}]}",C,A,20230101,2023,704,VNM,Viet Nam,616,POL,Poland,0,W00,World,X,Export,H6,090111,Coffee; not roasted or decaffeinated,C00,TOTAL CPC,0,TOTAL MOT,8,kg,9103540.001,9103540.001,0,26057711.978,true,false,true,"{""typeCode"":""C"",""freqCode"":""A"",""refPeriodId"":20230101,""refYear"":2023,""refMonth"":52,""period"":""2023"",""reporterCode"":704,""reporterISO"":""VNM"",""reporterDesc"":""Viet Nam"",""flowCode"":""X"",""flowDesc"":""Export"",""partnerCode"":616,""partnerISO"":""POL"",""partnerDesc"":""Poland"",""partner2Code"":0,""partner2ISO"":""W00"",""partner2Desc"":""World"",""classificationCode"":""H6"",""classificationSearchCode"":""HS"",""isOriginalClassification"":true,""cmdCode"":""090111"",""cmdDesc"":""Coffee; not roasted or decaffeinated"",""aggrLevel"":6,""isLeaf"":true,""customsCode"":""C00"",""customsDesc"":""TOTAL CPC"",""mosCode"":""0"",""motCode"":0,""motDesc"":""TOTAL MOT"",""qtyUnitCode"":8,""qtyUnitAbbr"":""kg"",""qty"":9103540.001,""isQtyEstimated"":true,""altQtyUnitCode"":-1,""altQtyUnitAbbr"":""N/A"",""altQty"":0,""isAltQtyEstimated"":false,""netWgt"":9103540.001,""isNetWgtEstimated"":true,""grossWgt"":0,""isGrossWgtEstimated"":false,""cifvalue"":null,""fobvalue"":26057711.978,""primaryValue"":26057711.978,""legacyEstimationFlag"":6,""isReported"":false,""isAggregate"":true}"
,UN Comtrade,https://comtradeapi.un.org/public/v1/preview/C/A/HS?reporterCode=704&flowCode=X&cmdCode=090111&period=2023&includeDesc=true,2026-05-30T19:13:38.772Z,"{""reporters"":[{""endpoint"":""https://comtradeapi.un.org/public/v1/preview/C/A/HS"",""reporterCode"":704,""reporterISO"":""VNM"",""flowCode"":""X"",""cmdCode"":""090111"",""period"":""2020,2021,2022,2023,2024,2025"",""includeDesc"":true},{""endpoint"":""https://comtradeapi.un.org/public/v1/preview/C/A/HS"",""reporterCode"":76,""reporterISO"":""BRA"",""flowCode"":""X"",""cmdCode"":""090111"",""period"":""2020,2021,2022,2023,2024,2025"",""includeDesc"":true},{""endpoint"":""https://comtradeapi.un.org/public/v1/preview/C/A/HS"",""reporterCode"":360,""reporterISO"":""IDN"",""flowCode"":""X"",""cmdCode"":""090111"",""period"":""2020,2021,2022,2023,2024,2025"",""includeDesc"":true}]}",C,A,20230101,2023,704,VNM,Viet Nam,620,PRT,Portugal,0,W00,World,X,Export,H6,090111,Coffee; not roasted or decaffeinated,C00,TOTAL CPC,0,TOTAL MOT,8,kg,11654095.557,11654095.557,0,34474635.686,true,false,true,"{""typeCode"":""C"",""freqCode"":""A"",""refPeriodId"":20230101,""refYear"":2023,""refMonth"":52,""period"":""2023"",""reporterCode"":704,""reporterISO"":""VNM"",""reporterDesc"":""Viet Nam"",""flowCode"":""X"",""flowDesc"":""Export"",""partnerCode"":620,""partnerISO"":""PRT"",""partnerDesc"":""Portugal"",""partner2Code"":0,""partner2ISO"":""W00"",""partner2Desc"":""World"",""classificationCode"":""H6"",""classificationSearchCode"":""HS"",""isOriginalClassification"":true,""cmdCode"":""090111"",""cmdDesc"":""Coffee; not roasted or decaffeinated"",""aggrLevel"":6,""isLeaf"":true,""customsCode"":""C00"",""customsDesc"":""TOTAL CPC"",""mosCode"":""0"",""motCode"":0,""motDesc"":""TOTAL MOT"",""qtyUnitCode"":8,""qtyUnitAbbr"":""kg"",""qty"":11654095.557,""isQtyEstimated"":true,""altQtyUnitCode"":-1,""altQtyUnitAbbr"":""N/A"",""altQty"":0,""isAltQtyEstimated"":false,""netWgt"":11654095.557,""isNetWgtEstimated"":true,""grossWgt"":0,""isGrossWgtEstimated"":false,""cifvalue"":null,""fobvalue"":34474635.686,""primaryValue"":34474635.686,""legacyEstimationFlag"":6,""isReported"":false,""isAggregate"":true}"
,UN Comtrade,https://comtradeapi.un.org/public/v1/preview/C/A/HS?reporterCode=704&flowCode=X&cmdCode=090111&period=2023&includeDesc=true,2026-05-30T19:13:38.772Z,"{""reporters"":[{""endpoint"":""https://comtradeapi.un.org/public/v1/preview/C/A/HS"",""reporterCode"":704,""reporterISO"":""VNM"",""flowCode"":""X"",""cmdCode"":""090111"",""period"":""2020,2021,2022,2023,2024,2025"",""includeDesc"":true},{""endpoint"":""https://comtradeapi.un.org/public/v1/preview/C/A/HS"",""reporterCode"":76,""reporterISO"":""BRA"",""flowCode"":""X"",""cmdCode"":""090111"",""period"":""2020,2021,2022,2023,2024,2025"",""includeDesc"":true},{""endpoint"":""https://comtradeapi.un.org/public/v1/preview/C/A/HS"",""reporterCode"":360,""reporterISO"":""IDN"",""flowCode"":""X"",""cmdCode"":""090111"",""period"":""2020,2021,2022,2023,2024,2025"",""includeDesc"":true}]}",C,A,20230101,2023,704,VNM,Viet Nam,634,QAT,Qatar,0,W00,World,X,Export,H6,090111,Coffee; not roasted or decaffeinated,C00,TOTAL CPC,0,TOTAL MOT,8,kg,423.469,423.469,0,1680,true,false,true,"{""typeCode"":""C"",""freqCode"":""A"",""refPeriodId"":20230101,""refYear"":2023,""refMonth"":52,""period"":""2023"",""reporterCode"":704,""reporterISO"":""VNM"",""reporterDesc"":""Viet Nam"",""flowCode"":""X"",""flowDesc"":""Export"",""partnerCode"":634,""partnerISO"":""QAT"",""partnerDesc"":""Qatar"",""partner2Code"":0,""partner2ISO"":""W00"",""partner2Desc"":""World"",""classificationCode"":""H6"",""classificationSearchCode"":""HS"",""isOriginalClassification"":true,""cmdCode"":""090111"",""cmdDesc"":""Coffee; not roasted or decaffeinated"",""aggrLevel"":6,""isLeaf"":true,""customsCode"":""C00"",""customsDesc"":""TOTAL CPC"",""mosCode"":""0"",""motCode"":0,""motDesc"":""TOTAL MOT"",""qtyUnitCode"":8,""qtyUnitAbbr"":""kg"",""qty"":423.469,""isQtyEstimated"":true,""altQtyUnitCode"":-1,""altQtyUnitAbbr"":""N/A"",""altQty"":0,""isAltQtyEstimated"":false,""netWgt"":423.469,""isNetWgtEstimated"":true,""grossWgt"":0,""isGrossWgtEstimated"":false,""cifvalue"":null,""fobvalue"":1680,""primaryValue"":1680,""legacyEstimationFlag"":6,""isReported"":false,""isAggregate"":true}"
,UN Comtrade,https://comtradeapi.un.org/public/v1/preview/C/A/HS?reporterCode=704&flowCode=X&cmdCode=090111&period=2023&includeDesc=true,2026-05-30T19:13:38.772Z,"{""reporters"":[{""endpoint"":""https://comtradeapi.un.org/public/v1/preview/C/A/HS"",""reporterCode"":704,""reporterISO"":""VNM"",""flowCode"":""X"",""cmdCode"":""090111"",""period"":""2020,2021,2022,2023,2024,2025"",""includeDesc"":true},{""endpoint"":""https://comtradeapi.un.org/public/v1/preview/C/A/HS"",""reporterCode"":76,""reporterISO"":""BRA"",""flowCode"":""X"",""cmdCode"":""090111"",""period"":""2020,2021,2022,2023,2024,2025"",""includeDesc"":true},{""endpoint"":""https://comtradeapi.un.org/public/v1/preview/C/A/HS"",""reporterCode"":360,""reporterISO"":""IDN"",""flowCode"":""X"",""cmdCode"":""090111"",""period"":""2020,2021,2022,2023,2024,2025"",""includeDesc"":true}]}",C,A,20230101,2023,704,VNM,Viet Nam,642,ROU,Romania,0,W00,World,X,Export,H6,090111,Coffee; not roasted or decaffeinated,C00,TOTAL CPC,0,TOTAL MOT,8,kg,2328697.421,2328697.421,0,6585149.37,true,false,true,"{""typeCode"":""C"",""freqCode"":""A"",""refPeriodId"":20230101,""refYear"":2023,""refMonth"":52,""period"":""2023"",""reporterCode"":704,""reporterISO"":""VNM"",""reporterDesc"":""Viet Nam"",""flowCode"":""X"",""flowDesc"":""Export"",""partnerCode"":642,""partnerISO"":""ROU"",""partnerDesc"":""Romania"",""partner2Code"":0,""partner2ISO"":""W00"",""partner2Desc"":""World"",""classificationCode"":""H6"",""classificationSearchCode"":""HS"",""isOriginalClassification"":true,""cmdCode"":""090111"",""cmdDesc"":""Coffee; not roasted or decaffeinated"",""aggrLevel"":6,""isLeaf"":true,""customsCode"":""C00"",""customsDesc"":""TOTAL CPC"",""mosCode"":""0"",""motCode"":0,""motDesc"":""TOTAL MOT"",""qtyUnitCode"":8,""qtyUnitAbbr"":""kg"",""qty"":2328697.421,""isQtyEstimated"":true,""altQtyUnitCode"":-1,""altQtyUnitAbbr"":""N/A"",""altQty"":0,""isAltQtyEstimated"":false,""netWgt"":2328697.421,""isNetWgtEstimated"":true,""grossWgt"":0,""isGrossWgtEstimated"":false,""cifvalue"":null,""fobvalue"":6585149.37,""primaryValue"":6585149.37,""legacyEstimationFlag"":6,""isReported"":false,""isAggregate"":true}"
,UN Comtrade,https://comtradeapi.un.org/public/v1/preview/C/A/HS?reporterCode=704&flowCode=X&cmdCode=090111&period=2023&includeDesc=true,2026-05-30T19:13:38.772Z,"{""reporters"":[{""endpoint"":""https://comtradeapi.un.org/public/v1/preview/C/A/HS"",""reporterCode"":704,""reporterISO"":""VNM"",""flowCode"":""X"",""cmdCode"":""090111"",""period"":""2020,2021,2022,2023,2024,2025"",""includeDesc"":true},{""endpoint"":""https://comtradeapi.un.org/public/v1/preview/C/A/HS"",""reporterCode"":76,""reporterISO"":""BRA"",""flowCode"":""X"",""cmdCode"":""090111"",""period"":""2020,2021,2022,2023,2024,2025"",""includeDesc"":true},{""endpoint"":""https://comtradeapi.un.org/public/v1/preview/C/A/HS"",""reporterCode"":360,""reporterISO"":""IDN"",""flowCode"":""X"",""cmdCode"":""090111"",""period"":""2020,2021,2022,2023,2024,2025"",""includeDesc"":true}]}",C,A,20230101,2023,704,VNM,Viet Nam,643,RUS,Russian Federation,0,W00,World,X,Export,H6,090111,Coffee; not roasted or decaffeinated,C00,TOTAL CPC,0,TOTAL MOT,8,kg,68949045.637,68949045.637,0,192279575.614,true,false,true,"{""typeCode"":""C"",""freqCode"":""A"",""refPeriodId"":20230101,""refYear"":2023,""refMonth"":52,""period"":""2023"",""reporterCode"":704,""reporterISO"":""VNM"",""reporterDesc"":""Viet Nam"",""flowCode"":""X"",""flowDesc"":""Export"",""partnerCode"":643,""partnerISO"":""RUS"",""partnerDesc"":""Russian Federation"",""partner2Code"":0,""partner2ISO"":""W00"",""partner2Desc"":""World"",""classificationCode"":""H6"",""classificationSearchCode"":""HS"",""isOriginalClassification"":true,""cmdCode"":""090111"",""cmdDesc"":""Coffee; not roasted or decaffeinated"",""aggrLevel"":6,""isLeaf"":true,""customsCode"":""C00"",""customsDesc"":""TOTAL CPC"",""mosCode"":""0"",""motCode"":0,""motDesc"":""TOTAL MOT"",""qtyUnitCode"":8,""qtyUnitAbbr"":""kg"",""qty"":68949045.637,""isQtyEstimated"":true,""altQtyUnitCode"":-1,""altQtyUnitAbbr"":""N/A"",""altQty"":0,""isAltQtyEstimated"":false,""netWgt"":68949045.637,""isNetWgtEstimated"":true,""grossWgt"":0,""isGrossWgtEstimated"":false,""cifvalue"":null,""fobvalue"":192279575.614,""primaryValue"":192279575.614,""legacyEstimationFlag"":6,""isReported"":false,""isAggregate"":true}"
,UN Comtrade,https://comtradeapi.un.org/public/v1/preview/C/A/HS?reporterCode=704&flowCode=X&cmdCode=090111&period=2023&includeDesc=true,2026-05-30T19:13:38.772Z,"{""reporters"":[{""endpoint"":""https://comtradeapi.un.org/public/v1/preview/C/A/HS"",""reporterCode"":704,""reporterISO"":""VNM"",""flowCode"":""X"",""cmdCode"":""090111"",""period"":""2020,2021,2022,2023,2024,2025"",""includeDesc"":true},{""endpoint"":""https://comtradeapi.un.org/public/v1/preview/C/A/HS"",""reporterCode"":76,""reporterISO"":""BRA"",""flowCode"":""X"",""cmdCode"":""090111"",""period"":""2020,2021,2022,2023,2024,2025"",""includeDesc"":true},{""endpoint"":""https://comtradeapi.un.org/public/v1/preview/C/A/HS"",""reporterCode"":360,""reporterISO"":""IDN"",""flowCode"":""X"",""cmdCode"":""090111"",""period"":""2020,2021,2022,2023,2024,2025"",""includeDesc"":true}]}",C,A,20230101,2023,704,VNM,Viet Nam,682,SAU,Saudi Arabia,0,W00,World,X,Export,H6,090111,Coffee; not roasted or decaffeinated,C00,TOTAL CPC,0,TOTAL MOT,8,kg,356058.32,356058.32,0,966122.2,true,false,true,"{""typeCode"":""C"",""freqCode"":""A"",""refPeriodId"":20230101,""refYear"":2023,""refMonth"":52,""period"":""2023"",""reporterCode"":704,""reporterISO"":""VNM"",""reporterDesc"":""Viet Nam"",""flowCode"":""X"",""flowDesc"":""Export"",""partnerCode"":682,""partnerISO"":""SAU"",""partnerDesc"":""Saudi Arabia"",""partner2Code"":0,""partner2ISO"":""W00"",""partner2Desc"":""World"",""classificationCode"":""H6"",""classificationSearchCode"":""HS"",""isOriginalClassification"":true,""cmdCode"":""090111"",""cmdDesc"":""Coffee; not roasted or decaffeinated"",""aggrLevel"":6,""isLeaf"":true,""customsCode"":""C00"",""customsDesc"":""TOTAL CPC"",""mosCode"":""0"",""motCode"":0,""motDesc"":""TOTAL MOT"",""qtyUnitCode"":8,""qtyUnitAbbr"":""kg"",""qty"":356058.32,""isQtyEstimated"":true,""altQtyUnitCode"":-1,""altQtyUnitAbbr"":""N/A"",""altQty"":0,""isAltQtyEstimated"":false,""netWgt"":356058.32,""isNetWgtEstimated"":true,""grossWgt"":0,""isGrossWgtEstimated"":false,""cifvalue"":null,""fobvalue"":966122.2,""primaryValue"":966122.2,""legacyEstimationFlag"":6,""isReported"":false,""isAggregate"":true}"
,UN Comtrade,https://comtradeapi.un.org/public/v1/preview/C/A/HS?reporterCode=704&flowCode=X&cmdCode=090111&period=2023&includeDesc=true,2026-05-30T19:13:38.772Z,"{""reporters"":[{""endpoint"":""https://comtradeapi.un.org/public/v1/preview/C/A/HS"",""reporterCode"":704,""reporterISO"":""VNM"",""flowCode"":""X"",""cmdCode"":""090111"",""period"":""2020,2021,2022,2023,2024,2025"",""includeDesc"":true},{""endpoint"":""https://comtradeapi.un.org/public/v1/preview/C/A/HS"",""reporterCode"":76,""reporterISO"":""BRA"",""flowCode"":""X"",""cmdCode"":""090111"",""period"":""2020,2021,2022,2023,2024,2025"",""includeDesc"":true},{""endpoint"":""https://comtradeapi.un.org/public/v1/preview/C/A/HS"",""reporterCode"":360,""reporterISO"":""IDN"",""flowCode"":""X"",""cmdCode"":""090111"",""period"":""2020,2021,2022,2023,2024,2025"",""includeDesc"":true}]}",C,A,20230101,2023,704,VNM,Viet Nam,686,SEN,Senegal,0,W00,World,X,Export,H6,090111,Coffee; not roasted or decaffeinated,C00,TOTAL CPC,0,TOTAL MOT,8,kg,11978.124,11978.124,0,47520,true,false,true,"{""typeCode"":""C"",""freqCode"":""A"",""refPeriodId"":20230101,""refYear"":2023,""refMonth"":52,""period"":""2023"",""reporterCode"":704,""reporterISO"":""VNM"",""reporterDesc"":""Viet Nam"",""flowCode"":""X"",""flowDesc"":""Export"",""partnerCode"":686,""partnerISO"":""SEN"",""partnerDesc"":""Senegal"",""partner2Code"":0,""partner2ISO"":""W00"",""partner2Desc"":""World"",""classificationCode"":""H6"",""classificationSearchCode"":""HS"",""isOriginalClassification"":true,""cmdCode"":""090111"",""cmdDesc"":""Coffee; not roasted or decaffeinated"",""aggrLevel"":6,""isLeaf"":true,""customsCode"":""C00"",""customsDesc"":""TOTAL CPC"",""mosCode"":""0"",""motCode"":0,""motDesc"":""TOTAL MOT"",""qtyUnitCode"":8,""qtyUnitAbbr"":""kg"",""qty"":11978.124,""isQtyEstimated"":true,""altQtyUnitCode"":-1,""altQtyUnitAbbr"":""N/A"",""altQty"":0,""isAltQtyEstimated"":false,""netWgt"":11978.124,""isNetWgtEstimated"":true,""grossWgt"":0,""isGrossWgtEstimated"":false,""cifvalue"":null,""fobvalue"":47520,""primaryValue"":47520,""legacyEstimationFlag"":6,""isReported"":false,""isAggregate"":true}"
,UN Comtrade,https://comtradeapi.un.org/public/v1/preview/C/A/HS?reporterCode=704&flowCode=X&cmdCode=090111&period=2023&includeDesc=true,2026-05-30T19:13:38.772Z,"{""reporters"":[{""endpoint"":""https://comtradeapi.un.org/public/v1/preview/C/A/HS"",""reporterCode"":704,""reporterISO"":""VNM"",""flowCode"":""X"",""cmdCode"":""090111"",""period"":""2020,2021,2022,2023,2024,2025"",""includeDesc"":true},{""endpoint"":""https://comtradeapi.un.org/public/v1/preview/C/A/HS"",""reporterCode"":76,""reporterISO"":""BRA"",""flowCode"":""X"",""cmdCode"":""090111"",""period"":""2020,2021,2022,2023,2024,2025"",""includeDesc"":true},{""endpoint"":""https://comtradeapi.un.org/public/v1/preview/C/A/HS"",""reporterCode"":360,""reporterISO"":""IDN"",""flowCode"":""X"",""cmdCode"":""090111"",""period"":""2020,2021,2022,2023,2024,2025"",""includeDesc"":true}]}",C,A,20230101,2023,704,VNM,Viet Nam,699,IND,India,0,W00,World,X,Export,H6,090111,Coffee; not roasted or decaffeinated,C00,TOTAL CPC,0,TOTAL MOT,8,kg,22632322.169,22632322.169,0,59960430.883,true,false,true,"{""typeCode"":""C"",""freqCode"":""A"",""refPeriodId"":20230101,""refYear"":2023,""refMonth"":52,""period"":""2023"",""reporterCode"":704,""reporterISO"":""VNM"",""reporterDesc"":""Viet Nam"",""flowCode"":""X"",""flowDesc"":""Export"",""partnerCode"":699,""partnerISO"":""IND"",""partnerDesc"":""India"",""partner2Code"":0,""partner2ISO"":""W00"",""partner2Desc"":""World"",""classificationCode"":""H6"",""classificationSearchCode"":""HS"",""isOriginalClassification"":true,""cmdCode"":""090111"",""cmdDesc"":""Coffee; not roasted or decaffeinated"",""aggrLevel"":6,""isLeaf"":true,""customsCode"":""C00"",""customsDesc"":""TOTAL CPC"",""mosCode"":""0"",""motCode"":0,""motDesc"":""TOTAL MOT"",""qtyUnitCode"":8,""qtyUnitAbbr"":""kg"",""qty"":22632322.169,""isQtyEstimated"":true,""altQtyUnitCode"":-1,""altQtyUnitAbbr"":""N/A"",""altQty"":0,""isAltQtyEstimated"":false,""netWgt"":22632322.169,""isNetWgtEstimated"":true,""grossWgt"":0,""isGrossWgtEstimated"":false,""cifvalue"":null,""fobvalue"":59960430.883,""primaryValue"":59960430.883,""legacyEstimationFlag"":6,""isReported"":false,""isAggregate"":true}"
,UN Comtrade,https://comtradeapi.un.org/public/v1/preview/C/A/HS?reporterCode=704&flowCode=X&cmdCode=090111&period=2023&includeDesc=true,2026-05-30T19:13:38.772Z,"{""reporters"":[{""endpoint"":""https://comtradeapi.un.org/public/v1/preview/C/A/HS"",""reporterCode"":704,""reporterISO"":""VNM"",""flowCode"":""X"",""cmdCode"":""090111"",""period"":""2020,2021,2022,2023,2024,2025"",""includeDesc"":true},{""endpoint"":""https://comtradeapi.un.org/public/v1/preview/C/A/HS"",""reporterCode"":76,""reporterISO"":""BRA"",""flowCode"":""X"",""cmdCode"":""090111"",""period"":""2020,2021,2022,2023,2024,2025"",""includeDesc"":true},{""endpoint"":""https://comtradeapi.un.org/public/v1/preview/C/A/HS"",""reporterCode"":360,""reporterISO"":""IDN"",""flowCode"":""X"",""cmdCode"":""090111"",""period"":""2020,2021,2022,2023,2024,2025"",""includeDesc"":true}]}",C,A,20230101,2023,704,VNM,Viet Nam,702,SGP,Singapore,0,W00,World,X,Export,H6,090111,Coffee; not roasted or decaffeinated,C00,TOTAL CPC,0,TOTAL MOT,8,kg,237808.122,237808.122,0,840221.18,true,false,true,"{""typeCode"":""C"",""freqCode"":""A"",""refPeriodId"":20230101,""refYear"":2023,""refMonth"":52,""period"":""2023"",""reporterCode"":704,""reporterISO"":""VNM"",""reporterDesc"":""Viet Nam"",""flowCode"":""X"",""flowDesc"":""Export"",""partnerCode"":702,""partnerISO"":""SGP"",""partnerDesc"":""Singapore"",""partner2Code"":0,""partner2ISO"":""W00"",""partner2Desc"":""World"",""classificationCode"":""H6"",""classificationSearchCode"":""HS"",""isOriginalClassification"":true,""cmdCode"":""090111"",""cmdDesc"":""Coffee; not roasted or decaffeinated"",""aggrLevel"":6,""isLeaf"":true,""customsCode"":""C00"",""customsDesc"":""TOTAL CPC"",""mosCode"":""0"",""motCode"":0,""motDesc"":""TOTAL MOT"",""qtyUnitCode"":8,""qtyUnitAbbr"":""kg"",""qty"":237808.122,""isQtyEstimated"":true,""altQtyUnitCode"":-1,""altQtyUnitAbbr"":""N/A"",""altQty"":0,""isAltQtyEstimated"":false,""netWgt"":237808.122,""isNetWgtEstimated"":true,""grossWgt"":0,""isGrossWgtEstimated"":false,""cifvalue"":null,""fobvalue"":840221.18,""primaryValue"":840221.18,""legacyEstimationFlag"":6,""isReported"":false,""isAggregate"":true}"
,UN Comtrade,https://comtradeapi.un.org/public/v1/preview/C/A/HS?reporterCode=704&flowCode=X&cmdCode=090111&period=2023&includeDesc=true,2026-05-30T19:13:38.772Z,"{""reporters"":[{""endpoint"":""https://comtradeapi.un.org/public/v1/preview/C/A/HS"",""reporterCode"":704,""reporterISO"":""VNM"",""flowCode"":""X"",""cmdCode"":""090111"",""period"":""2020,2021,2022,2023,2024,2025"",""includeDesc"":true},{""endpoint"":""https://comtradeapi.un.org/public/v1/preview/C/A/HS"",""reporterCode"":76,""reporterISO"":""BRA"",""flowCode"":""X"",""cmdCode"":""090111"",""period"":""2020,2021,2022,2023,2024,2025"",""includeDesc"":true},{""endpoint"":""https://comtradeapi.un.org/public/v1/preview/C/A/HS"",""reporterCode"":360,""reporterISO"":""IDN"",""flowCode"":""X"",""cmdCode"":""090111"",""period"":""2020,2021,2022,2023,2024,2025"",""includeDesc"":true}]}",C,A,20230101,2023,704,VNM,Viet Nam,705,SVN,Slovenia,0,W00,World,X,Export,H6,090111,Coffee; not roasted or decaffeinated,C00,TOTAL CPC,0,TOTAL MOT,8,kg,3957210.15,3957210.15,0,10001974.099,true,false,true,"{""typeCode"":""C"",""freqCode"":""A"",""refPeriodId"":20230101,""refYear"":2023,""refMonth"":52,""period"":""2023"",""reporterCode"":704,""reporterISO"":""VNM"",""reporterDesc"":""Viet Nam"",""flowCode"":""X"",""flowDesc"":""Export"",""partnerCode"":705,""partnerISO"":""SVN"",""partnerDesc"":""Slovenia"",""partner2Code"":0,""partner2ISO"":""W00"",""partner2Desc"":""World"",""classificationCode"":""H6"",""classificationSearchCode"":""HS"",""isOriginalClassification"":true,""cmdCode"":""090111"",""cmdDesc"":""Coffee; not roasted or decaffeinated"",""aggrLevel"":6,""isLeaf"":true,""customsCode"":""C00"",""customsDesc"":""TOTAL CPC"",""mosCode"":""0"",""motCode"":0,""motDesc"":""TOTAL MOT"",""qtyUnitCode"":8,""qtyUnitAbbr"":""kg"",""qty"":3957210.15,""isQtyEstimated"":true,""altQtyUnitCode"":-1,""altQtyUnitAbbr"":""N/A"",""altQty"":0,""isAltQtyEstimated"":false,""netWgt"":3957210.15,""isNetWgtEstimated"":true,""grossWgt"":0,""isGrossWgtEstimated"":false,""cifvalue"":null,""fobvalue"":10001974.099,""primaryValue"":10001974.099,""legacyEstimationFlag"":6,""isReported"":false,""isAggregate"":true}"
,UN Comtrade,https://comtradeapi.un.org/public/v1/preview/C/A/HS?reporterCode=704&flowCode=X&cmdCode=090111&period=2023&includeDesc=true,2026-05-30T19:13:38.772Z,"{""reporters"":[{""endpoint"":""https://comtradeapi.un.org/public/v1/preview/C/A/HS"",""reporterCode"":704,""reporterISO"":""VNM"",""flowCode"":""X"",""cmdCode"":""090111"",""period"":""2020,2021,2022,2023,2024,2025"",""includeDesc"":true},{""endpoint"":""https://comtradeapi.un.org/public/v1/preview/C/A/HS"",""reporterCode"":76,""reporterISO"":""BRA"",""flowCode"":""X"",""cmdCode"":""090111"",""period"":""2020,2021,2022,2023,2024,2025"",""includeDesc"":true},{""endpoint"":""https://comtradeapi.un.org/public/v1/preview/C/A/HS"",""reporterCode"":360,""reporterISO"":""IDN"",""flowCode"":""X"",""cmdCode"":""090111"",""period"":""2020,2021,2022,2023,2024,2025"",""includeDesc"":true}]}",C,A,20230101,2023,704,VNM,Viet Nam,710,ZAF,South Africa,0,W00,World,X,Export,H6,090111,Coffee; not roasted or decaffeinated,C00,TOTAL CPC,0,TOTAL MOT,8,kg,5256289.453,5256289.453,0,13501008.72,true,false,true,"{""typeCode"":""C"",""freqCode"":""A"",""refPeriodId"":20230101,""refYear"":2023,""refMonth"":52,""period"":""2023"",""reporterCode"":704,""reporterISO"":""VNM"",""reporterDesc"":""Viet Nam"",""flowCode"":""X"",""flowDesc"":""Export"",""partnerCode"":710,""partnerISO"":""ZAF"",""partnerDesc"":""South Africa"",""partner2Code"":0,""partner2ISO"":""W00"",""partner2Desc"":""World"",""classificationCode"":""H6"",""classificationSearchCode"":""HS"",""isOriginalClassification"":true,""cmdCode"":""090111"",""cmdDesc"":""Coffee; not roasted or decaffeinated"",""aggrLevel"":6,""isLeaf"":true,""customsCode"":""C00"",""customsDesc"":""TOTAL CPC"",""mosCode"":""0"",""motCode"":0,""motDesc"":""TOTAL MOT"",""qtyUnitCode"":8,""qtyUnitAbbr"":""kg"",""qty"":5256289.453,""isQtyEstimated"":true,""altQtyUnitCode"":-1,""altQtyUnitAbbr"":""N/A"",""altQty"":0,""isAltQtyEstimated"":false,""netWgt"":5256289.453,""isNetWgtEstimated"":true,""grossWgt"":0,""isGrossWgtEstimated"":false,""cifvalue"":null,""fobvalue"":13501008.72,""primaryValue"":13501008.72,""legacyEstimationFlag"":6,""isReported"":false,""isAggregate"":true}"
,UN Comtrade,https://comtradeapi.un.org/public/v1/preview/C/A/HS?reporterCode=704&flowCode=X&cmdCode=090111&period=2023&includeDesc=true,2026-05-30T19:13:38.772Z,"{""reporters"":[{""endpoint"":""https://comtradeapi.un.org/public/v1/preview/C/A/HS"",""reporterCode"":704,""reporterISO"":""VNM"",""flowCode"":""X"",""cmdCode"":""090111"",""period"":""2020,2021,2022,2023,2024,2025"",""includeDesc"":true},{""endpoint"":""https://comtradeapi.un.org/public/v1/preview/C/A/HS"",""reporterCode"":76,""reporterISO"":""BRA"",""flowCode"":""X"",""cmdCode"":""090111"",""period"":""2020,2021,2022,2023,2024,2025"",""includeDesc"":true},{""endpoint"":""https://comtradeapi.un.org/public/v1/preview/C/A/HS"",""reporterCode"":360,""reporterISO"":""IDN"",""flowCode"":""X"",""cmdCode"":""090111"",""period"":""2020,2021,2022,2023,2024,2025"",""includeDesc"":true}]}",C,A,20230101,2023,704,VNM,Viet Nam,724,ESP,Spain,0,W00,World,X,Export,H6,090111,Coffee; not roasted or decaffeinated,C00,TOTAL CPC,0,TOTAL MOT,8,kg,55762888.606,55762888.606,0,160427747.482,true,false,true,"{""typeCode"":""C"",""freqCode"":""A"",""refPeriodId"":20230101,""refYear"":2023,""refMonth"":52,""period"":""2023"",""reporterCode"":704,""reporterISO"":""VNM"",""reporterDesc"":""Viet Nam"",""flowCode"":""X"",""flowDesc"":""Export"",""partnerCode"":724,""partnerISO"":""ESP"",""partnerDesc"":""Spain"",""partner2Code"":0,""partner2ISO"":""W00"",""partner2Desc"":""World"",""classificationCode"":""H6"",""classificationSearchCode"":""HS"",""isOriginalClassification"":true,""cmdCode"":""090111"",""cmdDesc"":""Coffee; not roasted or decaffeinated"",""aggrLevel"":6,""isLeaf"":true,""customsCode"":""C00"",""customsDesc"":""TOTAL CPC"",""mosCode"":""0"",""motCode"":0,""motDesc"":""TOTAL MOT"",""qtyUnitCode"":8,""qtyUnitAbbr"":""kg"",""qty"":55762888.606,""isQtyEstimated"":true,""altQtyUnitCode"":-1,""altQtyUnitAbbr"":""N/A"",""altQty"":0,""isAltQtyEstimated"":false,""netWgt"":55762888.606,""isNetWgtEstimated"":true,""grossWgt"":0,""isGrossWgtEstimated"":false,""cifvalue"":null,""fobvalue"":160427747.482,""primaryValue"":160427747.482,""legacyEstimationFlag"":6,""isReported"":false,""isAggregate"":true}"
,UN Comtrade,https://comtradeapi.un.org/public/v1/preview/C/A/HS?reporterCode=704&flowCode=X&cmdCode=090111&period=2023&includeDesc=true,2026-05-30T19:13:38.772Z,"{""reporters"":[{""endpoint"":""https://comtradeapi.un.org/public/v1/preview/C/A/HS"",""reporterCode"":704,""reporterISO"":""VNM"",""flowCode"":""X"",""cmdCode"":""090111"",""period"":""2020,2021,2022,2023,2024,2025"",""includeDesc"":true},{""endpoint"":""https://comtradeapi.un.org/public/v1/preview/C/A/HS"",""reporterCode"":76,""reporterISO"":""BRA"",""flowCode"":""X"",""cmdCode"":""090111"",""period"":""2020,2021,2022,2023,2024,2025"",""includeDesc"":true},{""endpoint"":""https://comtradeapi.un.org/public/v1/preview/C/A/HS"",""reporterCode"":360,""reporterISO"":""IDN"",""flowCode"":""X"",""cmdCode"":""090111"",""period"":""2020,2021,2022,2023,2024,2025"",""includeDesc"":true}]}",C,A,20230101,2023,704,VNM,Viet Nam,752,SWE,Sweden,0,W00,World,X,Export,H6,090111,Coffee; not roasted or decaffeinated,C00,TOTAL CPC,0,TOTAL MOT,8,kg,1436877.525,1436877.525,0,3821627.67,true,false,true,"{""typeCode"":""C"",""freqCode"":""A"",""refPeriodId"":20230101,""refYear"":2023,""refMonth"":52,""period"":""2023"",""reporterCode"":704,""reporterISO"":""VNM"",""reporterDesc"":""Viet Nam"",""flowCode"":""X"",""flowDesc"":""Export"",""partnerCode"":752,""partnerISO"":""SWE"",""partnerDesc"":""Sweden"",""partner2Code"":0,""partner2ISO"":""W00"",""partner2Desc"":""World"",""classificationCode"":""H6"",""classificationSearchCode"":""HS"",""isOriginalClassification"":true,""cmdCode"":""090111"",""cmdDesc"":""Coffee; not roasted or decaffeinated"",""aggrLevel"":6,""isLeaf"":true,""customsCode"":""C00"",""customsDesc"":""TOTAL CPC"",""mosCode"":""0"",""motCode"":0,""motDesc"":""TOTAL MOT"",""qtyUnitCode"":8,""qtyUnitAbbr"":""kg"",""qty"":1436877.525,""isQtyEstimated"":true,""altQtyUnitCode"":-1,""altQtyUnitAbbr"":""N/A"",""altQty"":0,""isAltQtyEstimated"":false,""netWgt"":1436877.525,""isNetWgtEstimated"":true,""grossWgt"":0,""isGrossWgtEstimated"":false,""cifvalue"":null,""fobvalue"":3821627.67,""primaryValue"":3821627.67,""legacyEstimationFlag"":6,""isReported"":false,""isAggregate"":true}"
,UN Comtrade,https://comtradeapi.un.org/public/v1/preview/C/A/HS?reporterCode=704&flowCode=X&cmdCode=090111&period=2023&includeDesc=true,2026-05-30T19:13:38.772Z,"{""reporters"":[{""endpoint"":""https://comtradeapi.un.org/public/v1/preview/C/A/HS"",""reporterCode"":704,""reporterISO"":""VNM"",""flowCode"":""X"",""cmdCode"":""090111"",""period"":""2020,2021,2022,2023,2024,2025"",""includeDesc"":true},{""endpoint"":""https://comtradeapi.un.org/public/v1/preview/C/A/HS"",""reporterCode"":76,""reporterISO"":""BRA"",""flowCode"":""X"",""cmdCode"":""090111"",""period"":""2020,2021,2022,2023,2024,2025"",""includeDesc"":true},{""endpoint"":""https://comtradeapi.un.org/public/v1/preview/C/A/HS"",""reporterCode"":360,""reporterISO"":""IDN"",""flowCode"":""X"",""cmdCode"":""090111"",""period"":""2020,2021,2022,2023,2024,2025"",""includeDesc"":true}]}",C,A,20230101,2023,704,VNM,Viet Nam,757,CHE,Switzerland,0,W00,World,X,Export,H6,090111,Coffee; not roasted or decaffeinated,C00,TOTAL CPC,0,TOTAL MOT,8,kg,183379.244,183379.244,0,576892.8,true,false,true,"{""typeCode"":""C"",""freqCode"":""A"",""refPeriodId"":20230101,""refYear"":2023,""refMonth"":52,""period"":""2023"",""reporterCode"":704,""reporterISO"":""VNM"",""reporterDesc"":""Viet Nam"",""flowCode"":""X"",""flowDesc"":""Export"",""partnerCode"":757,""partnerISO"":""CHE"",""partnerDesc"":""Switzerland"",""partner2Code"":0,""partner2ISO"":""W00"",""partner2Desc"":""World"",""classificationCode"":""H6"",""classificationSearchCode"":""HS"",""isOriginalClassification"":true,""cmdCode"":""090111"",""cmdDesc"":""Coffee; not roasted or decaffeinated"",""aggrLevel"":6,""isLeaf"":true,""customsCode"":""C00"",""customsDesc"":""TOTAL CPC"",""mosCode"":""0"",""motCode"":0,""motDesc"":""TOTAL MOT"",""qtyUnitCode"":8,""qtyUnitAbbr"":""kg"",""qty"":183379.244,""isQtyEstimated"":true,""altQtyUnitCode"":-1,""altQtyUnitAbbr"":""N/A"",""altQty"":0,""isAltQtyEstimated"":false,""netWgt"":183379.244,""isNetWgtEstimated"":true,""grossWgt"":0,""isGrossWgtEstimated"":false,""cifvalue"":null,""fobvalue"":576892.8,""primaryValue"":576892.8,""legacyEstimationFlag"":6,""isReported"":false,""isAggregate"":true}"
,UN Comtrade,https://comtradeapi.un.org/public/v1/preview/C/A/HS?reporterCode=704&flowCode=X&cmdCode=090111&period=2023&includeDesc=true,2026-05-30T19:13:38.772Z,"{""reporters"":[{""endpoint"":""https://comtradeapi.un.org/public/v1/preview/C/A/HS"",""reporterCode"":704,""reporterISO"":""VNM"",""flowCode"":""X"",""cmdCode"":""090111"",""period"":""2020,2021,2022,2023,2024,2025"",""includeDesc"":true},{""endpoint"":""https://comtradeapi.un.org/public/v1/preview/C/A/HS"",""reporterCode"":76,""reporterISO"":""BRA"",""flowCode"":""X"",""cmdCode"":""090111"",""period"":""2020,2021,2022,2023,2024,2025"",""includeDesc"":true},{""endpoint"":""https://comtradeapi.un.org/public/v1/preview/C/A/HS"",""reporterCode"":360,""reporterISO"":""IDN"",""flowCode"":""X"",""cmdCode"":""090111"",""period"":""2020,2021,2022,2023,2024,2025"",""includeDesc"":true}]}",C,A,20230101,2023,704,VNM,Viet Nam,764,THA,Thailand,0,W00,World,X,Export,H6,090111,Coffee; not roasted or decaffeinated,C00,TOTAL CPC,0,TOTAL MOT,8,kg,22298074.634,22298074.634,0,72064798.244,true,false,true,"{""typeCode"":""C"",""freqCode"":""A"",""refPeriodId"":20230101,""refYear"":2023,""refMonth"":52,""period"":""2023"",""reporterCode"":704,""reporterISO"":""VNM"",""reporterDesc"":""Viet Nam"",""flowCode"":""X"",""flowDesc"":""Export"",""partnerCode"":764,""partnerISO"":""THA"",""partnerDesc"":""Thailand"",""partner2Code"":0,""partner2ISO"":""W00"",""partner2Desc"":""World"",""classificationCode"":""H6"",""classificationSearchCode"":""HS"",""isOriginalClassification"":true,""cmdCode"":""090111"",""cmdDesc"":""Coffee; not roasted or decaffeinated"",""aggrLevel"":6,""isLeaf"":true,""customsCode"":""C00"",""customsDesc"":""TOTAL CPC"",""mosCode"":""0"",""motCode"":0,""motDesc"":""TOTAL MOT"",""qtyUnitCode"":8,""qtyUnitAbbr"":""kg"",""qty"":22298074.634,""isQtyEstimated"":true,""altQtyUnitCode"":-1,""altQtyUnitAbbr"":""N/A"",""altQty"":0,""isAltQtyEstimated"":false,""netWgt"":22298074.634,""isNetWgtEstimated"":true,""grossWgt"":0,""isGrossWgtEstimated"":false,""cifvalue"":null,""fobvalue"":72064798.244,""primaryValue"":72064798.244,""legacyEstimationFlag"":6,""isReported"":false,""isAggregate"":true}"
,UN Comtrade,https://comtradeapi.un.org/public/v1/preview/C/A/HS?reporterCode=704&flowCode=X&cmdCode=090111&period=2023&includeDesc=true,2026-05-30T19:13:38.772Z,"{""reporters"":[{""endpoint"":""https://comtradeapi.un.org/public/v1/preview/C/A/HS"",""reporterCode"":704,""reporterISO"":""VNM"",""flowCode"":""X"",""cmdCode"":""090111"",""period"":""2020,2021,2022,2023,2024,2025"",""includeDesc"":true},{""endpoint"":""https://comtradeapi.un.org/public/v1/preview/C/A/HS"",""reporterCode"":76,""reporterISO"":""BRA"",""flowCode"":""X"",""cmdCode"":""090111"",""period"":""2020,2021,2022,2023,2024,2025"",""includeDesc"":true},{""endpoint"":""https://comtradeapi.un.org/public/v1/preview/C/A/HS"",""reporterCode"":360,""reporterISO"":""IDN"",""flowCode"":""X"",""cmdCode"":""090111"",""period"":""2020,2021,2022,2023,2024,2025"",""includeDesc"":true}]}",C,A,20230101,2023,704,VNM,Viet Nam,784,ARE,United Arab Emirates,0,W00,World,X,Export,H6,090111,Coffee; not roasted or decaffeinated,C00,TOTAL CPC,0,TOTAL MOT,8,kg,7383391.852,7383391.852,0,25213111.324,true,false,true,"{""typeCode"":""C"",""freqCode"":""A"",""refPeriodId"":20230101,""refYear"":2023,""refMonth"":52,""period"":""2023"",""reporterCode"":704,""reporterISO"":""VNM"",""reporterDesc"":""Viet Nam"",""flowCode"":""X"",""flowDesc"":""Export"",""partnerCode"":784,""partnerISO"":""ARE"",""partnerDesc"":""United Arab Emirates"",""partner2Code"":0,""partner2ISO"":""W00"",""partner2Desc"":""World"",""classificationCode"":""H6"",""classificationSearchCode"":""HS"",""isOriginalClassification"":true,""cmdCode"":""090111"",""cmdDesc"":""Coffee; not roasted or decaffeinated"",""aggrLevel"":6,""isLeaf"":true,""customsCode"":""C00"",""customsDesc"":""TOTAL CPC"",""mosCode"":""0"",""motCode"":0,""motDesc"":""TOTAL MOT"",""qtyUnitCode"":8,""qtyUnitAbbr"":""kg"",""qty"":7383391.852,""isQtyEstimated"":true,""altQtyUnitCode"":-1,""altQtyUnitAbbr"":""N/A"",""altQty"":0,""isAltQtyEstimated"":false,""netWgt"":7383391.852,""isNetWgtEstimated"":true,""grossWgt"":0,""isGrossWgtEstimated"":false,""cifvalue"":null,""fobvalue"":25213111.324,""primaryValue"":25213111.324,""legacyEstimationFlag"":6,""isReported"":false,""isAggregate"":true}"
,UN Comtrade,https://comtradeapi.un.org/public/v1/preview/C/A/HS?reporterCode=704&flowCode=X&cmdCode=090111&period=2023&includeDesc=true,2026-05-30T19:13:38.772Z,"{""reporters"":[{""endpoint"":""https://comtradeapi.un.org/public/v1/preview/C/A/HS"",""reporterCode"":704,""reporterISO"":""VNM"",""flowCode"":""X"",""cmdCode"":""090111"",""period"":""2020,2021,2022,2023,2024,2025"",""includeDesc"":true},{""endpoint"":""https://comtradeapi.un.org/public/v1/preview/C/A/HS"",""reporterCode"":76,""reporterISO"":""BRA"",""flowCode"":""X"",""cmdCode"":""090111"",""period"":""2020,2021,2022,2023,2024,2025"",""includeDesc"":true},{""endpoint"":""https://comtradeapi.un.org/public/v1/preview/C/A/HS"",""reporterCode"":360,""reporterISO"":""IDN"",""flowCode"":""X"",""cmdCode"":""090111"",""period"":""2020,2021,2022,2023,2024,2025"",""includeDesc"":true}]}",C,A,20230101,2023,704,VNM,Viet Nam,788,TUN,Tunisia,0,W00,World,X,Export,H6,090111,Coffee; not roasted or decaffeinated,C00,TOTAL CPC,0,TOTAL MOT,8,kg,3028276.424,3028276.424,0,9427953.563,true,false,true,"{""typeCode"":""C"",""freqCode"":""A"",""refPeriodId"":20230101,""refYear"":2023,""refMonth"":52,""period"":""2023"",""reporterCode"":704,""reporterISO"":""VNM"",""reporterDesc"":""Viet Nam"",""flowCode"":""X"",""flowDesc"":""Export"",""partnerCode"":788,""partnerISO"":""TUN"",""partnerDesc"":""Tunisia"",""partner2Code"":0,""partner2ISO"":""W00"",""partner2Desc"":""World"",""classificationCode"":""H6"",""classificationSearchCode"":""HS"",""isOriginalClassification"":true,""cmdCode"":""090111"",""cmdDesc"":""Coffee; not roasted or decaffeinated"",""aggrLevel"":6,""isLeaf"":true,""customsCode"":""C00"",""customsDesc"":""TOTAL CPC"",""mosCode"":""0"",""motCode"":0,""motDesc"":""TOTAL MOT"",""qtyUnitCode"":8,""qtyUnitAbbr"":""kg"",""qty"":3028276.424,""isQtyEstimated"":true,""altQtyUnitCode"":-1,""altQtyUnitAbbr"":""N/A"",""altQty"":0,""isAltQtyEstimated"":false,""netWgt"":3028276.424,""isNetWgtEstimated"":true,""grossWgt"":0,""isGrossWgtEstimated"":false,""cifvalue"":null,""fobvalue"":9427953.563,""primaryValue"":9427953.563,""legacyEstimationFlag"":6,""isReported"":false,""isAggregate"":true}"
,UN Comtrade,https://comtradeapi.un.org/public/v1/preview/C/A/HS?reporterCode=704&flowCode=X&cmdCode=090111&period=2023&includeDesc=true,2026-05-30T19:13:38.772Z,"{""reporters"":[{""endpoint"":""https://comtradeapi.un.org/public/v1/preview/C/A/HS"",""reporterCode"":704,""reporterISO"":""VNM"",""flowCode"":""X"",""cmdCode"":""090111"",""period"":""2020,2021,2022,2023,2024,2025"",""includeDesc"":true},{""endpoint"":""https://comtradeapi.un.org/public/v1/preview/C/A/HS"",""reporterCode"":76,""reporterISO"":""BRA"",""flowCode"":""X"",""cmdCode"":""090111"",""period"":""2020,2021,2022,2023,2024,2025"",""includeDesc"":true},{""endpoint"":""https://comtradeapi.un.org/public/v1/preview/C/A/HS"",""reporterCode"":360,""reporterISO"":""IDN"",""flowCode"":""X"",""cmdCode"":""090111"",""period"":""2020,2021,2022,2023,2024,2025"",""includeDesc"":true}]}",C,A,20230101,2023,704,VNM,Viet Nam,792,TUR,Türkiye,0,W00,World,X,Export,H6,090111,Coffee; not roasted or decaffeinated,C00,TOTAL CPC,0,TOTAL MOT,8,kg,1799667.365,1799667.365,0,5868492.01,true,false,true,"{""typeCode"":""C"",""freqCode"":""A"",""refPeriodId"":20230101,""refYear"":2023,""refMonth"":52,""period"":""2023"",""reporterCode"":704,""reporterISO"":""VNM"",""reporterDesc"":""Viet Nam"",""flowCode"":""X"",""flowDesc"":""Export"",""partnerCode"":792,""partnerISO"":""TUR"",""partnerDesc"":""Türkiye"",""partner2Code"":0,""partner2ISO"":""W00"",""partner2Desc"":""World"",""classificationCode"":""H6"",""classificationSearchCode"":""HS"",""isOriginalClassification"":true,""cmdCode"":""090111"",""cmdDesc"":""Coffee; not roasted or decaffeinated"",""aggrLevel"":6,""isLeaf"":true,""customsCode"":""C00"",""customsDesc"":""TOTAL CPC"",""mosCode"":""0"",""motCode"":0,""motDesc"":""TOTAL MOT"",""qtyUnitCode"":8,""qtyUnitAbbr"":""kg"",""qty"":1799667.365,""isQtyEstimated"":true,""altQtyUnitCode"":-1,""altQtyUnitAbbr"":""N/A"",""altQty"":0,""isAltQtyEstimated"":false,""netWgt"":1799667.365,""isNetWgtEstimated"":true,""grossWgt"":0,""isGrossWgtEstimated"":false,""cifvalue"":null,""fobvalue"":5868492.01,""primaryValue"":5868492.01,""legacyEstimationFlag"":6,""isReported"":false,""isAggregate"":true}"
,UN Comtrade,https://comtradeapi.un.org/public/v1/preview/C/A/HS?reporterCode=704&flowCode=X&cmdCode=090111&period=2023&includeDesc=true,2026-05-30T19:13:38.772Z,"{""reporters"":[{""endpoint"":""https://comtradeapi.un.org/public/v1/preview/C/A/HS"",""reporterCode"":704,""reporterISO"":""VNM"",""flowCode"":""X"",""cmdCode"":""090111"",""period"":""2020,2021,2022,2023,2024,2025"",""includeDesc"":true},{""endpoint"":""https://comtradeapi.un.org/public/v1/preview/C/A/HS"",""reporterCode"":76,""reporterISO"":""BRA"",""flowCode"":""X"",""cmdCode"":""090111"",""period"":""2020,2021,2022,2023,2024,2025"",""includeDesc"":true},{""endpoint"":""https://comtradeapi.un.org/public/v1/preview/C/A/HS"",""reporterCode"":360,""reporterISO"":""IDN"",""flowCode"":""X"",""cmdCode"":""090111"",""period"":""2020,2021,2022,2023,2024,2025"",""includeDesc"":true}]}",C,A,20230101,2023,704,VNM,Viet Nam,804,UKR,Ukraine,0,W00,World,X,Export,H6,090111,Coffee; not roasted or decaffeinated,C00,TOTAL CPC,0,TOTAL MOT,8,kg,25454.874,25454.874,0,100985.4,true,false,true,"{""typeCode"":""C"",""freqCode"":""A"",""refPeriodId"":20230101,""refYear"":2023,""refMonth"":52,""period"":""2023"",""reporterCode"":704,""reporterISO"":""VNM"",""reporterDesc"":""Viet Nam"",""flowCode"":""X"",""flowDesc"":""Export"",""partnerCode"":804,""partnerISO"":""UKR"",""partnerDesc"":""Ukraine"",""partner2Code"":0,""partner2ISO"":""W00"",""partner2Desc"":""World"",""classificationCode"":""H6"",""classificationSearchCode"":""HS"",""isOriginalClassification"":true,""cmdCode"":""090111"",""cmdDesc"":""Coffee; not roasted or decaffeinated"",""aggrLevel"":6,""isLeaf"":true,""customsCode"":""C00"",""customsDesc"":""TOTAL CPC"",""mosCode"":""0"",""motCode"":0,""motDesc"":""TOTAL MOT"",""qtyUnitCode"":8,""qtyUnitAbbr"":""kg"",""qty"":25454.874,""isQtyEstimated"":true,""altQtyUnitCode"":-1,""altQtyUnitAbbr"":""N/A"",""altQty"":0,""isAltQtyEstimated"":false,""netWgt"":25454.874,""isNetWgtEstimated"":true,""grossWgt"":0,""isGrossWgtEstimated"":false,""cifvalue"":null,""fobvalue"":100985.4,""primaryValue"":100985.4,""legacyEstimationFlag"":6,""isReported"":false,""isAggregate"":true}"
,UN Comtrade,https://comtradeapi.un.org/public/v1/preview/C/A/HS?reporterCode=704&flowCode=X&cmdCode=090111&period=2023&includeDesc=true,2026-05-30T19:13:38.772Z,"{""reporters"":[{""endpoint"":""https://comtradeapi.un.org/public/v1/preview/C/A/HS"",""reporterCode"":704,""reporterISO"":""VNM"",""flowCode"":""X"",""cmdCode"":""090111"",""period"":""2020,2021,2022,2023,2024,2025"",""includeDesc"":true},{""endpoint"":""https://comtradeapi.un.org/public/v1/preview/C/A/HS"",""reporterCode"":76,""reporterISO"":""BRA"",""flowCode"":""X"",""cmdCode"":""090111"",""period"":""2020,2021,2022,2023,2024,2025"",""includeDesc"":true},{""endpoint"":""https://comtradeapi.un.org/public/v1/preview/C/A/HS"",""reporterCode"":360,""reporterISO"":""IDN"",""flowCode"":""X"",""cmdCode"":""090111"",""period"":""2020,2021,2022,2023,2024,2025"",""includeDesc"":true}]}",C,A,20230101,2023,704,VNM,Viet Nam,818,EGY,Egypt,0,W00,World,X,Export,H6,090111,Coffee; not roasted or decaffeinated,C00,TOTAL CPC,0,TOTAL MOT,8,kg,16004989.251,16004989.251,0,45789791.192,true,false,true,"{""typeCode"":""C"",""freqCode"":""A"",""refPeriodId"":20230101,""refYear"":2023,""refMonth"":52,""period"":""2023"",""reporterCode"":704,""reporterISO"":""VNM"",""reporterDesc"":""Viet Nam"",""flowCode"":""X"",""flowDesc"":""Export"",""partnerCode"":818,""partnerISO"":""EGY"",""partnerDesc"":""Egypt"",""partner2Code"":0,""partner2ISO"":""W00"",""partner2Desc"":""World"",""classificationCode"":""H6"",""classificationSearchCode"":""HS"",""isOriginalClassification"":true,""cmdCode"":""090111"",""cmdDesc"":""Coffee; not roasted or decaffeinated"",""aggrLevel"":6,""isLeaf"":true,""customsCode"":""C00"",""customsDesc"":""TOTAL CPC"",""mosCode"":""0"",""motCode"":0,""motDesc"":""TOTAL MOT"",""qtyUnitCode"":8,""qtyUnitAbbr"":""kg"",""qty"":16004989.251,""isQtyEstimated"":true,""altQtyUnitCode"":-1,""altQtyUnitAbbr"":""N/A"",""altQty"":0,""isAltQtyEstimated"":false,""netWgt"":16004989.251,""isNetWgtEstimated"":true,""grossWgt"":0,""isGrossWgtEstimated"":false,""cifvalue"":null,""fobvalue"":45789791.192,""primaryValue"":45789791.192,""legacyEstimationFlag"":6,""isReported"":false,""isAggregate"":true}"
,UN Comtrade,https://comtradeapi.un.org/public/v1/preview/C/A/HS?reporterCode=704&flowCode=X&cmdCode=090111&period=2023&includeDesc=true,2026-05-30T19:13:38.772Z,"{""reporters"":[{""endpoint"":""https://comtradeapi.un.org/public/v1/preview/C/A/HS"",""reporterCode"":704,""reporterISO"":""VNM"",""flowCode"":""X"",""cmdCode"":""090111"",""period"":""2020,2021,2022,2023,2024,2025"",""includeDesc"":true},{""endpoint"":""https://comtradeapi.un.org/public/v1/preview/C/A/HS"",""reporterCode"":76,""reporterISO"":""BRA"",""flowCode"":""X"",""cmdCode"":""090111"",""period"":""2020,2021,2022,2023,2024,2025"",""includeDesc"":true},{""endpoint"":""https://comtradeapi.un.org/public/v1/preview/C/A/HS"",""reporterCode"":360,""reporterISO"":""IDN"",""flowCode"":""X"",""cmdCode"":""090111"",""period"":""2020,2021,2022,2023,2024,2025"",""includeDesc"":true}]}",C,A,20230101,2023,704,VNM,Viet Nam,826,GBR,United Kingdom,0,W00,World,X,Export,H6,090111,Coffee; not roasted or decaffeinated,C00,TOTAL CPC,0,TOTAL MOT,8,kg,24866981.816,24866981.816,0,71042752.429,true,false,true,"{""typeCode"":""C"",""freqCode"":""A"",""refPeriodId"":20230101,""refYear"":2023,""refMonth"":52,""period"":""2023"",""reporterCode"":704,""reporterISO"":""VNM"",""reporterDesc"":""Viet Nam"",""flowCode"":""X"",""flowDesc"":""Export"",""partnerCode"":826,""partnerISO"":""GBR"",""partnerDesc"":""United Kingdom"",""partner2Code"":0,""partner2ISO"":""W00"",""partner2Desc"":""World"",""classificationCode"":""H6"",""classificationSearchCode"":""HS"",""isOriginalClassification"":true,""cmdCode"":""090111"",""cmdDesc"":""Coffee; not roasted or decaffeinated"",""aggrLevel"":6,""isLeaf"":true,""customsCode"":""C00"",""customsDesc"":""TOTAL CPC"",""mosCode"":""0"",""motCode"":0,""motDesc"":""TOTAL MOT"",""qtyUnitCode"":8,""qtyUnitAbbr"":""kg"",""qty"":24866981.816,""isQtyEstimated"":true,""altQtyUnitCode"":-1,""altQtyUnitAbbr"":""N/A"",""altQty"":0,""isAltQtyEstimated"":false,""netWgt"":24866981.816,""isNetWgtEstimated"":true,""grossWgt"":0,""isGrossWgtEstimated"":false,""cifvalue"":null,""fobvalue"":71042752.429,""primaryValue"":71042752.429,""legacyEstimationFlag"":6,""isReported"":false,""isAggregate"":true}"
,UN Comtrade,https://comtradeapi.un.org/public/v1/preview/C/A/HS?reporterCode=704&flowCode=X&cmdCode=090111&period=2023&includeDesc=true,2026-05-30T19:13:38.772Z,"{""reporters"":[{""endpoint"":""https://comtradeapi.un.org/public/v1/preview/C/A/HS"",""reporterCode"":704,""reporterISO"":""VNM"",""flowCode"":""X"",""cmdCode"":""090111"",""period"":""2020,2021,2022,2023,2024,2025"",""includeDesc"":true},{""endpoint"":""https://comtradeapi.un.org/public/v1/preview/C/A/HS"",""reporterCode"":76,""reporterISO"":""BRA"",""flowCode"":""X"",""cmdCode"":""090111"",""period"":""2020,2021,2022,2023,2024,2025"",""includeDesc"":true},{""endpoint"":""https://comtradeapi.un.org/public/v1/preview/C/A/HS"",""reporterCode"":360,""reporterISO"":""IDN"",""flowCode"":""X"",""cmdCode"":""090111"",""period"":""2020,2021,2022,2023,2024,2025"",""includeDesc"":true}]}",C,A,20230101,2023,704,VNM,Viet Nam,842,USA,USA,0,W00,World,X,Export,H6,090111,Coffee; not roasted or decaffeinated,C00,TOTAL CPC,0,TOTAL MOT,8,kg,84899023.293,84899023.293,0,247811857.319,true,false,true,"{""typeCode"":""C"",""freqCode"":""A"",""refPeriodId"":20230101,""refYear"":2023,""refMonth"":52,""period"":""2023"",""reporterCode"":704,""reporterISO"":""VNM"",""reporterDesc"":""Viet Nam"",""flowCode"":""X"",""flowDesc"":""Export"",""partnerCode"":842,""partnerISO"":""USA"",""partnerDesc"":""USA"",""partner2Code"":0,""partner2ISO"":""W00"",""partner2Desc"":""World"",""classificationCode"":""H6"",""classificationSearchCode"":""HS"",""isOriginalClassification"":true,""cmdCode"":""090111"",""cmdDesc"":""Coffee; not roasted or decaffeinated"",""aggrLevel"":6,""isLeaf"":true,""customsCode"":""C00"",""customsDesc"":""TOTAL CPC"",""mosCode"":""0"",""motCode"":0,""motDesc"":""TOTAL MOT"",""qtyUnitCode"":8,""qtyUnitAbbr"":""kg"",""qty"":84899023.293,""isQtyEstimated"":true,""altQtyUnitCode"":-1,""altQtyUnitAbbr"":""N/A"",""altQty"":0,""isAltQtyEstimated"":false,""netWgt"":84899023.293,""isNetWgtEstimated"":true,""grossWgt"":0,""isGrossWgtEstimated"":false,""cifvalue"":null,""fobvalue"":247811857.319,""primaryValue"":247811857.319,""legacyEstimationFlag"":6,""isReported"":false,""isAggregate"":true}"
,UN Comtrade,https://comtradeapi.un.org/public/v1/preview/C/A/HS?reporterCode=704&flowCode=X&cmdCode=090111&period=2023&includeDesc=true,2026-05-30T19:13:38.772Z,"{""reporters"":[{""endpoint"":""https://comtradeapi.un.org/public/v1/preview/C/A/HS"",""reporterCode"":704,""reporterISO"":""VNM"",""flowCode"":""X"",""cmdCode"":""090111"",""period"":""2020,2021,2022,2023,2024,2025"",""includeDesc"":true},{""endpoint"":""https://comtradeapi.un.org/public/v1/preview/C/A/HS"",""reporterCode"":76,""reporterISO"":""BRA"",""flowCode"":""X"",""cmdCode"":""090111"",""period"":""2020,2021,2022,2023,2024,2025"",""includeDesc"":true},{""endpoint"":""https://comtradeapi.un.org/public/v1/preview/C/A/HS"",""reporterCode"":360,""reporterISO"":""IDN"",""flowCode"":""X"",""cmdCode"":""090111"",""period"":""2020,2021,2022,2023,2024,2025"",""includeDesc"":true}]}",C,A,20230101,2023,704,VNM,Viet Nam,862,VEN,Venezuela,0,W00,World,X,Export,H6,090111,Coffee; not roasted or decaffeinated,C00,TOTAL CPC,0,TOTAL MOT,8,kg,191461,191461,0,405510.27,true,false,true,"{""typeCode"":""C"",""freqCode"":""A"",""refPeriodId"":20230101,""refYear"":2023,""refMonth"":52,""period"":""2023"",""reporterCode"":704,""reporterISO"":""VNM"",""reporterDesc"":""Viet Nam"",""flowCode"":""X"",""flowDesc"":""Export"",""partnerCode"":862,""partnerISO"":""VEN"",""partnerDesc"":""Venezuela"",""partner2Code"":0,""partner2ISO"":""W00"",""partner2Desc"":""World"",""classificationCode"":""H6"",""classificationSearchCode"":""HS"",""isOriginalClassification"":true,""cmdCode"":""090111"",""cmdDesc"":""Coffee; not roasted or decaffeinated"",""aggrLevel"":6,""isLeaf"":true,""customsCode"":""C00"",""customsDesc"":""TOTAL CPC"",""mosCode"":""0"",""motCode"":0,""motDesc"":""TOTAL MOT"",""qtyUnitCode"":8,""qtyUnitAbbr"":""kg"",""qty"":191461,""isQtyEstimated"":false,""altQtyUnitCode"":21,""altQtyUnitAbbr"":""1000 KG"",""altQty"":191.461,""isAltQtyEstimated"":false,""netWgt"":191461,""isNetWgtEstimated"":false,""grossWgt"":0,""isGrossWgtEstimated"":false,""cifvalue"":null,""fobvalue"":405510.27,""primaryValue"":405510.27,""legacyEstimationFlag"":0,""isReported"":false,""isAggregate"":true}"